timeframe,atr_period,atr_mult,bias_tf,zlsma_len,direction,min_atr,n_trades,trades_per_year,sharpe_px,max_dd_px,profit_factor_px,win_rate,expectancy_px,sharpe_acct,max_dd_acct,profit_factor_acct,total_return_acct,cagr_acct,equity_final
H4,5,4.0,none,0,both,0.0,377,17.463443246670895,-0.014937642222847823,0.4088552754952266,0.9896500204757798,0.34748010610079577,-0.00010108436372620811,0.04272747079215906,0.13910640882345893,1.0315898325833717,0.02032889824955908,0.0009326686828985409,10203.288982495602
H4,5,4.0,none,0,both,1.0,377,17.463443246670895,-0.014937642222847823,0.4088552754952266,0.9896500204757798,0.34748010610079577,-0.00010108436372620811,0.04272747079215906,0.13910640882345893,1.0315898325833717,0.02032889824955908,0.0009326686828985409,10203.288982495602
H4,5,4.0,none,0,long,0.0,353,16.370397409852718,0.5685298997868499,0.21816280807884136,1.5627318373661627,0.3909348441926346,0.004775696487592192,0.5604048589126965,0.08724289419975206,1.5757256868985812,0.9338914859180385,0.03105849996745902,19338.914859180426
H4,5,4.0,none,0,long,1.0,353,16.370397409852718,0.5685298997868499,0.21816280807884136,1.5627318373661627,0.3909348441926346,0.004775696487592192,0.5604048589126965,0.08724289419975206,1.5757256868985812,0.9338914859180385,0.03105849996745902,19338.914859180426
H4,5,4.0,none,0,short,0.0,354,16.398034242232086,-0.3141684959489683,0.5733755234790594,0.8104733050319942,0.3502824858757062,-0.001912619547021041,-0.4298321320121047,0.2976924833410549,0.75389077407436,-0.27283904072079623,-0.014650200749517395,7271.609592792044
H4,5,4.0,none,0,short,1.0,354,16.398034242232086,-0.3141684959489683,0.5733755234790594,0.8104733050319942,0.3502824858757062,-0.001912619547021041,-0.4298321320121047,0.2976924833410549,0.75389077407436,-0.27283904072079623,-0.014650200749517395,7271.609592792044
H4,5,4.0,D1,20,both,0.0,164,7.709266409266409,0.20625606353664616,0.20811504508585155,1.2424725777209082,0.3719512195121951,0.00208717833574298,0.23074183078229277,0.06388416300758137,1.2993888968263583,0.16140526062528182,0.007058593775612243,11614.052606252828
H4,5,4.0,D1,20,both,1.0,164,7.709266409266409,0.20625606353664616,0.20811504508585155,1.2424725777209082,0.3719512195121951,0.00208717833574298,0.23074183078229277,0.06388416300758137,1.2993888968263583,0.16140526062528182,0.007058593775612243,11614.052606252828
H4,5,4.0,D1,20,long,0.0,108,5.076833976833976,0.2773050632092799,0.1724353764787646,1.455703234928,0.4074074074074074,0.003402773499205658,0.3366304571320218,0.049151076629118995,1.6617957461913968,0.20754695667575507,0.008904645545456225,12075.469566757565
H4,5,4.0,D1,20,long,1.0,108,5.076833976833976,0.2773050632092799,0.1724353764787646,1.455703234928,0.4074074074074074,0.003402773499205658,0.3366304571320218,0.049151076629118995,1.6617957461913968,0.20754695667575507,0.008904645545456225,12075.469566757565
H4,5,4.0,D1,20,short,0.0,90,4.378913014519782,-0.10361353958790126,0.17822380532758997,0.8744088078898982,0.3,-0.0013317238738579035,-0.18896656250980376,0.10412226306346084,0.7876394316258415,-0.07550892673737764,-0.0038126766700250503,9244.910732626218
H4,5,4.0,D1,20,short,1.0,90,4.378913014519782,-0.10361353958790126,0.17822380532758997,0.8744088078898982,0.3,-0.0013317238738579035,-0.18896656250980376,0.10412226306346084,0.7876394316258415,-0.07550892673737764,-0.0038126766700250503,9244.910732626218
H4,5,4.0,D1,32,both,0.0,170,8.009868421052632,-0.13307203749418262,0.3645977180995137,0.8817011541713463,0.3352941176470588,-0.0011433958200714447,-0.16084132064133758,0.13817554206683236,0.8617738099617747,-0.08544466626849867,-0.004199509459112294,9145.553337315001
H4,5,4.0,D1,32,both,1.0,170,8.009868421052632,-0.13307203749418262,0.3645977180995137,0.8817011541713463,0.3352941176470588,-0.0011433958200714447,-0.16084132064133758,0.13817554206683236,0.8617738099617747,-0.08544466626849867,-0.004199509459112294,9145.553337315001
H4,5,4.0,D1,32,long,0.0,106,4.994388544891641,0.10390571914523557,0.23756799188718314,1.1318844271102972,0.36792452830188677,0.0011609131505778297,0.11268468273914786,0.0979823292991826,1.14405954074509,0.04762132831932142,0.002194384391476678,10476.213283193214
H4,5,4.0,D1,32,long,1.0,106,4.994388544891641,0.10390571914523557,0.23756799188718314,1.1318844271102972,0.36792452830188677,0.0011609131505778297,0.11268468273914786,0.0979823292991826,1.14405954074509,0.04762132831932142,0.002194384391476678,10476.213283193214
H4,5,4.0,D1,32,short,0.0,100,4.894144445933271,-0.15216054854646546,0.23559584334274797,0.8295577290725163,0.33,-0.0016860709272228304,-0.1355445986273449,0.0899490691705801,0.8438952255647814,-0.05699905709386055,-0.002868154282398949,9430.009429061387
H4,5,4.0,D1,32,short,1.0,100,4.894144445933271,-0.15216054854646546,0.23559584334274797,0.8295577290725163,0.33,-0.0016860709272228304,-0.1355445986273449,0.0899490691705801,0.8438952255647814,-0.05699905709386055,-0.002868154282398949,9430.009429061387
H4,5,4.0,D1,50,both,0.0,177,8.654518072289155,-0.5194815529264619,0.5082485807743808,0.6331680697377366,0.3389830508474576,-0.0036296246375461614,-0.46406674571566237,0.20415214421000816,0.6593395117357183,-0.19759849561242326,-0.010706448635426469,8024.015043875792
H4,5,4.0,D1,50,both,1.0,177,8.654518072289155,-0.5194815529264619,0.5082485807743808,0.6331680697377366,0.3389830508474576,-0.0036296246375461614,-0.46406674571566237,0.20415214421000816,0.6593395117357183,-0.19759849561242326,-0.010706448635426469,8024.015043875792
H4,5,4.0,D1,50,long,0.0,104,5.0994764397905765,-0.21256300262474184,0.3731860540046771,0.7761472918075761,0.3173076923076923,-0.002033439464154962,-0.33878269917532483,0.16130531249732294,0.685740009826728,-0.11471961958903099,-0.005956952364011725,8852.803804109702
H4,5,4.0,D1,50,long,1.0,104,5.0994764397905765,-0.21256300262474184,0.3731860540046771,0.7761472918075761,0.3173076923076923,-0.002033439464154962,-0.33878269917532483,0.16130531249732294,0.685740009826728,-0.11471961958903099,-0.005956952364011725,8852.803804109702
H4,5,4.0,D1,50,short,0.0,89,4.397030975246855,-0.6147950796331741,0.39410793233854524,0.484801141822442,0.34831460674157305,-0.005492359607943386,-0.45045042709044614,0.13302328001628005,0.5636344464049908,-0.13216438060461178,-0.006978816855113479,8678.356193953889
H4,5,4.0,D1,50,short,1.0,89,4.397030975246855,-0.6147950796331741,0.39410793233854524,0.484801141822442,0.34831460674157305,-0.005492359607943386,-0.45045042709044614,0.13302328001628005,0.5636344464049908,-0.13216438060461178,-0.006978816855113479,8678.356193953889
H4,5,4.0,D1,80,both,0.0,216,10.286049543676661,-0.09164267520795047,0.3087397359442927,0.9222798586097974,0.3611111111111111,-0.0007258577501608949,0.046913548217259564,0.11764056509695608,1.0431744361356259,0.020962803946311448,0.0009884302577083393,10209.628039463132
H4,5,4.0,D1,80,both,1.0,216,10.286049543676661,-0.09164267520795047,0.3087397359442927,0.9222798586097974,0.3611111111111111,-0.0007258577501608949,0.046913548217259564,0.11764056509695608,1.0431744361356259,0.020962803946311448,0.0009884302577083393,10209.628039463132
H4,5,4.0,D1,80,long,0.0,119,5.717541436464089,0.22299987951254047,0.1303404944980584,1.3150011944273274,0.3865546218487395,0.0027679374862625635,0.2600595713790197,0.05401711334053194,1.3660261838715804,0.13711114512165068,0.006192645254307516,11371.111451216502
H4,5,4.0,D1,80,long,1.0,119,5.717541436464089,0.22299987951254047,0.1303404944980584,1.3150011944273274,0.3865546218487395,0.0027679374862625635,0.2600595713790197,0.05401711334053194,1.3660261838715804,0.13711114512165068,0.006192645254307516,11371.111451216502
H4,5,4.0,D1,80,short,0.0,103,4.988827741678823,-0.4169742471561088,0.3512827745452316,0.6216761259185286,0.33980582524271846,-0.0037517058080489512,-0.22245290672030915,0.1033990408893235,0.7570097891101751,-0.08666900545921707,-0.004381362077560791,9133.30994540782
H4,5,4.0,D1,80,short,1.0,103,4.988827741678823,-0.4169742471561088,0.3512827745452316,0.6216761259185286,0.33980582524271846,-0.0037517058080489512,-0.22245290672030915,0.1033990408893235,0.7570097891101751,-0.08666900545921707,-0.004381362077560791,9133.30994540782
H4,5,4.0,D1,120,both,0.0,244,11.777586890445354,0.15907157069768968,0.23471994615572622,1.1366640686988716,0.38114754098360654,0.0012217490927277233,0.2180963609013654,0.09883368013192806,1.203480044109929,0.16635625733699233,0.007455478497540913,11663.56257336994
H4,5,4.0,D1,120,both,1.0,244,11.777586890445354,0.15907157069768968,0.23471994615572622,1.1366640686988716,0.38114754098360654,0.0012217490927277233,0.2180963609013654,0.09883368013192806,1.203480044109929,0.16635625733699233,0.007455478497540913,11663.56257336994
H4,5,4.0,D1,120,long,0.0,133,6.419750231267345,0.32923255925780875,0.1851190282376023,1.4563239511583888,0.39097744360902253,0.0036653626748873996,0.3681539226394468,0.06663376687628253,1.59037947255003,0.26044399028714693,0.011235136140141044,12604.439902871474
H4,5,4.0,D1,120,long,1.0,133,6.419750231267345,0.32923255925780875,0.1851190282376023,1.4563239511583888,0.39097744360902253,0.0036653626748873996,0.3681539226394468,0.06663376687628253,1.59037947255003,0.26044399028714693,0.011235136140141044,12604.439902871474
H4,5,4.0,D1,120,short,0.0,114,5.669730392156863,-0.14337985988542257,0.24334109697393624,0.8555822314004798,0.37719298245614036,-0.0014200220206187942,-0.11694990649365501,0.07234068435739893,0.8809924475037936,-0.04894555077952867,-0.002492761076685057,9510.5444922047
H4,5,4.0,D1,120,short,1.0,114,5.669730392156863,-0.14337985988542257,0.24334109697393624,0.8555822314004798,0.37719298245614036,-0.0014200220206187942,-0.11694990649365501,0.07234068435739893,0.8809924475037936,-0.04894555077952867,-0.002492761076685057,9510.5444922047
H4,5,4.0,W1,20,both,0.0,289,13.892767833640432,0.3447603959223352,0.15499959150163756,1.3197352493429362,0.38408304498269896,0.0028628143758243586,0.40410614633479486,0.07267221918860378,1.4087988271122827,0.4387905419275002,0.017642502867346366,14387.905419275015
H4,5,4.0,W1,20,both,1.0,289,13.892767833640432,0.3447603959223352,0.15499959150163756,1.3197352493429362,0.38408304498269896,0.0028628143758243586,0.40410614633479486,0.07267221918860378,1.4087988271122827,0.4387905419275002,0.017642502867346366,14387.905419275015
H4,5,4.0,W1,20,long,0.0,167,8.028000789681496,0.48414543190344156,0.1877868271265467,1.7179983845389146,0.38922155688622756,0.0060614343926335655,0.4966362846300595,0.07784038719057118,1.7937556718552614,0.49020693902613166,0.01936163794773571,14902.06939026132
H4,5,4.0,W1,20,long,1.0,167,8.028000789681496,0.48414543190344156,0.1877868271265467,1.7179983845389146,0.38922155688622756,0.0060614343926335655,0.4966362846300595,0.07784038719057118,1.7937556718552614,0.49020693902613166,0.01936163794773571,14902.06939026132
H4,5,4.0,W1,20,short,0.0,149,7.38730147957106,-0.1859267395584816,0.2699430137602914,0.8375139806117785,0.3959731543624161,-0.0015631033408360262,-0.18654866813274473,0.09331975294351724,0.8388240944559383,-0.07920430301675785,-0.004082774639198594,9207.956969832418
H4,5,4.0,W1,20,short,1.0,149,7.38730147957106,-0.1859267395584816,0.2699430137602914,0.8375139806117785,0.3959731543624161,-0.0015631033408360262,-0.18654866813274473,0.09331975294351724,0.8388240944559383,-0.07920430301675785,-0.004082774639198594,9207.956969832418
H4,5,4.0,W1,32,both,0.0,291,14.30906704361874,0.43646508253344873,0.18535287829728453,1.428591450387514,0.3951890034364261,0.003741438613575014,0.49140432018671854,0.0758565616483039,1.5187905229569003,0.5892573614696688,0.023041221572323245,15892.573614696681
H4,5,4.0,W1,32,both,1.0,291,14.30906704361874,0.43646508253344873,0.18535287829728453,1.428591450387514,0.3951890034364261,0.003741438613575014,0.49140432018671854,0.0758565616483039,1.5187905229569003,0.5892573614696688,0.023041221572323245,15892.573614696681
H4,5,4.0,W1,32,long,0.0,175,8.605109046849758,0.5651241357646253,0.13504034206620374,1.8662328407767594,0.4114285714285714,0.00711613811421229,0.5656567002687534,0.05415213413896092,1.9004384670501533,0.5953079008250086,0.02323239454449233,15953.07900825007
H4,5,4.0,W1,32,long,1.0,175,8.605109046849758,0.5651241357646253,0.13504034206620374,1.8662328407767594,0.4114285714285714,0.00711613811421229,0.5656567002687534,0.05415213413896092,1.9004384670501533,0.5953079008250086,0.02323239454449233,15953.07900825007
H4,5,4.0,W1,32,short,0.0,143,7.347130398086932,-0.14171657488225461,0.29924880284404864,0.8705756814044907,0.3916083916083916,-0.001187880660776408,-0.07312898325227772,0.07691850849918569,0.9279371865229987,-0.0365854819310929,-0.001913123466498079,9634.14518068909
H4,5,4.0,W1,32,short,1.0,143,7.347130398086932,-0.14171657488225461,0.29924880284404864,0.8705756814044907,0.3916083916083916,-0.001187880660776408,-0.07312898325227772,0.07691850849918569,0.9279371865229987,-0.0365854819310929,-0.001913123466498079,9634.14518068909
H4,5,4.0,W1,50,both,0.0,288,14.74103139013453,0.44669377840998137,0.182120999437002,1.4610221811791844,0.3819444444444444,0.003923440108354172,0.46310978930159435,0.060880349054752925,1.5002776129797744,0.5329421555215246,0.02210609071997416,15329.421555215267
H4,5,4.0,W1,50,both,1.0,288,14.74103139013453,0.44669377840998137,0.182120999437002,1.4610221811791844,0.3819444444444444,0.003923440108354172,0.46310978930159435,0.060880349054752925,1.5002776129797744,0.5329421555215246,0.02210609071997416,15329.421555215267
H4,5,4.0,W1,50,long,0.0,186,9.533609317990457,0.51742246112315,0.15412783887898263,1.7924753620041638,0.3924731182795699,0.006054048739329466,0.5456206334461168,0.054277691940544104,1.8540142045504255,0.5880887013984168,0.0239907399129089,15880.887013984197
H4,5,4.0,W1,50,long,1.0,186,9.533609317990457,0.51742246112315,0.15412783887898263,1.7924753620041638,0.3924731182795699,0.006054048739329466,0.5456206334461168,0.054277691940544104,1.8540142045504255,0.5880887013984168,0.0239907399129089,15880.887013984197
H4,5,4.0,W1,50,short,0.0,128,6.70183486238532,0.018166540860011435,0.2297631547043465,1.0197966531216898,0.375,0.00018940256285997496,-0.03374900544477226,0.0745974008802952,0.9657672679015823,-0.0177480693157267,-0.0009371606375258024,9822.519306842732
H4,5,4.0,W1,50,short,1.0,128,6.70183486238532,0.018166540860011435,0.2297631547043465,1.0197966531216898,0.375,0.00018940256285997496,-0.03374900544477226,0.0745974008802952,0.9657672679015823,-0.0177480693157267,-0.0009371606375258024,9822.519306842732
H4,5,4.0,W1,80,both,0.0,282,15.250296120817294,0.36807013242437964,0.24203782658980877,1.3550154629203308,0.375886524822695,0.00308510496263105,0.412846033691264,0.12224141169526237,1.4102984653470103,0.4278789044254756,0.01944914257658925,14278.78904425479
H4,5,4.0,W1,80,both,1.0,282,15.250296120817294,0.36807013242437964,0.24203782658980877,1.3550154629203308,0.375886524822695,0.00308510496263105,0.412846033691264,0.12224141169526237,1.4102984653470103,0.4278789044254756,0.01944914257658925,14278.78904425479
H4,5,4.0,W1,80,long,0.0,191,10.329101273319514,0.42558801156357623,0.24593262204171074,1.56996092449729,0.3612565445026178,0.00477118515659646,0.4593208980344527,0.10419583695516232,1.6106044661078571,0.4345119331881473,0.019704684923892435,14345.11933188149
H4,5,4.0,W1,80,long,1.0,191,10.329101273319514,0.42558801156357623,0.24593262204171074,1.56996092449729,0.3612565445026178,0.00477118515659646,0.4593208980344527,0.10419583695516232,1.6106044661078571,0.4345119331881473,0.019704684923892435,14345.11933188149
H4,5,4.0,W1,80,short,0.0,105,6.66167274622199,-0.13746140578000687,0.19092364492607727,0.8693189300126513,0.38095238095238093,-0.0012591627622120436,-0.13252114474654547,0.07917652567353461,0.8703953588058949,-0.04883059957204938,-0.003171189813386155,9511.694004279518
H4,5,4.0,W1,80,short,1.0,105,6.66167274622199,-0.13746140578000687,0.19092364492607727,0.8693189300126513,0.38095238095238093,-0.0012591627622120436,-0.13252114474654547,0.07917652567353461,0.8703953588058949,-0.04883059957204938,-0.003171189813386155,9511.694004279518
H4,5,4.0,W1,120,both,0.0,261,15.440597667638484,0.39291607770822956,0.28290822671129867,1.3859962461504165,0.37547892720306514,0.00317019648085724,0.39888389426472487,0.12619069487624845,1.3926076695400167,0.35948642185465784,0.018334305845984167,13594.864218546618
H4,5,4.0,W1,120,both,1.0,261,15.440597667638484,0.39291607770822956,0.28290822671129867,1.3859962461504165,0.37547892720306514,0.00317019648085724,0.39888389426472487,0.12619069487624845,1.3926076695400167,0.35948642185465784,0.018334305845984167,13594.864218546618
H4,5,4.0,W1,120,long,0.0,183,10.826166180758017,0.33625903657587175,0.3385099248056834,1.4149458316638455,0.36065573770491804,0.0035364221373870813,0.414300016182248,0.11343502724458188,1.5449077230645873,0.3450968262661389,0.017693451089241696,13450.96826266141
H4,5,4.0,W1,120,long,1.0,183,10.826166180758017,0.33625903657587175,0.3385099248056834,1.4149458316638455,0.36065573770491804,0.0035364221373870813,0.414300016182248,0.11343502724458188,1.5449077230645873,0.3450968262661389,0.017693451089241696,13450.96826266141
H4,5,4.0,W1,120,short,0.0,91,6.394334359368988,0.11458271358913184,0.14327875821199776,1.132596893820564,0.4065934065934066,0.0010236080262356823,0.00996538231233586,0.07515656211031863,1.0102764930441566,-3.717492129851063e-05,-2.612230599940979e-06,9999.62825078701
H4,5,4.0,W1,120,short,1.0,91,6.394334359368988,0.11458271358913184,0.14327875821199776,1.132596893820564,0.4065934065934066,0.0010236080262356823,0.00996538231233586,0.07515656211031863,1.0102764930441566,-3.717492129851063e-05,-2.612230599940979e-06,9999.62825078701
H4,5,5.0,none,0,both,0.0,266,12.321686746987952,0.0041733846477323994,0.4233702802389777,1.003201931225213,0.37218045112781956,3.567533749390276e-05,0.06804824318166874,0.13843030567543113,1.0569349352932655,0.03785189066081229,0.0017224919528371352,10378.5189066081
H4,5,5.0,none,0,both,1.0,266,12.321686746987952,0.0041733846477323994,0.4233702802389777,1.003201931225213,0.37218045112781956,3.567533749390276e-05,0.06804824318166874,0.13843030567543113,1.0569349352932655,0.03785189066081229,0.0017224919528371352,10378.5189066081
H4,5,5.0,none,0,long,0.0,255,11.825641188420517,0.5530076398348405,0.2569706170625369,1.621080998217049,0.38823529411764707,0.006243262383625756,0.5672143601125956,0.06741256323111366,1.6733111664966662,0.6747120424525408,0.024201101002298886,16747.120424525416
H4,5,5.0,none,0,long,1.0,255,11.825641188420517,0.5530076398348405,0.2569706170625369,1.621080998217049,0.38823529411764707,0.006243262383625756,0.5672143601125956,0.06741256323111366,1.6733111664966662,0.6747120424525408,0.024201101002298886,16747.120424525416
H4,5,5.0,none,0,short,0.0,256,11.85846544071021,-0.41648692683166316,0.6261881530628381,0.7244039637911571,0.35546875,-0.0033305828016288812,-0.4733208721815378,0.24627800424655277,0.6932535738953922,-0.23107092626508963,-0.012097670622208345,7689.290737349087
H4,5,5.0,none,0,short,1.0,256,11.85846544071021,-0.41648692683166316,0.6261881530628381,0.7244039637911571,0.35546875,-0.0033305828016288812,-0.4733208721815378,0.24627800424655277,0.6932535738953922,-0.23107092626508963,-0.012097670622208345,7689.290737349087
H4,5,5.0,D1,20,both,0.0,161,7.494933724190671,0.1805889197632026,0.2908165553295986,1.2041408994682972,0.391304347826087,0.00203071667409579,0.20613062808910815,0.0962301989534674,1.249570879889424,0.11579716526468498,0.005113733287427147,11157.971652646831
H4,5,5.0,D1,20,both,1.0,161,7.494933724190671,0.1805889197632026,0.2908165553295986,1.2041408994682972,0.391304347826087,0.00203071667409579,0.20613062808910815,0.0962301989534674,1.249570879889424,0.11579716526468498,0.005113733287427147,11157.971652646831
H4,5,5.0,D1,20,long,0.0,119,5.539733622227887,0.2245183401895759,0.16582473131694464,1.3251634447593033,0.3865546218487395,0.003003004005349312,0.2359882998220089,0.04774844901432218,1.3588761625589885,0.12571585239648897,0.00552791636408223,11257.158523964883
H4,5,5.0,D1,20,long,1.0,119,5.539733622227887,0.2245183401895759,0.16582473131694464,1.3251634447593033,0.3865546218487395,0.003003004005349312,0.2359882998220089,0.04774844901432218,1.3588761625589885,0.12571585239648897,0.00552791636408223,11257.158523964883
H4,5,5.0,D1,20,short,0.0,101,4.878372123776779,-0.18565849431053597,0.29246449858782575,0.8003156555298387,0.3564356435643564,-0.0024987406943387416,-0.23998818741793257,0.11298241850612989,0.7525333565874093,-0.08402072507276293,-0.0042299734150081925,9159.792749272372
H4,5,5.0,D1,20,short,1.0,101,4.878372123776779,-0.18565849431053597,0.29246449858782575,0.8003156555298387,0.3564356435643564,-0.0024987406943387416,-0.23998818741793257,0.11298241850612989,0.7525333565874093,-0.08402072507276293,-0.0042299734150081925,9159.792749272372
H4,5,5.0,D1,32,both,0.0,143,6.736843802399072,-0.09002658289257884,0.42158265038721365,0.9114537845594376,0.3356643356643357,-0.000952371606548849,0.013535234189193213,0.10164468980946173,1.0151487153160783,0.0011967225696056794,5.634643217833357e-05,10011.967225696048
H4,5,5.0,D1,32,both,1.0,143,6.736843802399072,-0.09002658289257884,0.42158265038721365,0.9114537845594376,0.3356643356643357,-0.000952371606548849,0.013535234189193213,0.10164468980946173,1.0151487153160783,0.0011967225696056794,5.634643217833357e-05,10011.967225696048
H4,5,5.0,D1,32,long,0.0,100,4.711079582097253,0.23435267384486677,0.23536306812176766,1.3625331957688738,0.38,0.0035497818698605153,0.2825708930879964,0.06248637727975748,1.4888888663466682,0.14906677633486987,0.006567522669753023,11490.667763348687
H4,5,5.0,D1,32,long,1.0,100,4.711079582097253,0.23435267384486677,0.23536306812176766,1.3625331957688738,0.38,0.0035497818698605153,0.2825708930879964,0.06248637727975748,1.4888888663466682,0.14906677633486987,0.006567522669753023,11490.667763348687
H4,5,5.0,D1,32,short,0.0,86,4.1538614123247815,-0.3633918475406185,0.3512410032625406,0.622804319589134,0.29069767441860467,-0.004449930884694957,-0.3539936412416182,0.10426798594366138,0.6380512234944048,-0.09634799528322535,-0.00488143777196004,9036.520047167754
H4,5,5.0,D1,32,short,1.0,86,4.1538614123247815,-0.3633918475406185,0.3512410032625406,0.622804319589134,0.29069767441860467,-0.004449930884694957,-0.3539936412416182,0.10426798594366138,0.6380512234944048,-0.09634799528322535,-0.00488143777196004,9036.520047167754
H4,5,5.0,D1,50,both,0.0,126,5.922210783682924,-0.09589154054618684,0.45802757477167444,0.8964713313335505,0.3412698412698413,-0.0012002300764890027,-0.09289617463674604,0.17453081072254162,0.8925932826001746,-0.050200639691682536,-0.002417870661006183,9497.993603083169
H4,5,5.0,D1,50,both,1.0,126,5.922210783682924,-0.09589154054618684,0.45802757477167444,0.8964713313335505,0.3412698412698413,-0.0012002300764890027,-0.09289617463674604,0.17453081072254162,0.8925932826001746,-0.050200639691682536,-0.002417870661006183,9497.993603083169
H4,5,5.0,D1,50,long,0.0,87,4.0891455411144,0.08703727313498436,0.3277817762493963,1.1311705801243122,0.3563218390804598,0.0014511616356521423,0.029040376289259522,0.14065943870449604,1.0446514434984728,0.008466993635500408,0.00039636607294313286,10084.669936354996
H4,5,5.0,D1,50,long,1.0,87,4.0891455411144,0.08703727313498436,0.3277817762493963,1.1311705801243122,0.3563218390804598,0.0014511616356521423,0.029040376289259522,0.14065943870449604,1.0446514434984728,0.008466993635500408,0.00039636607294313286,10084.669936354996
H4,5,5.0,D1,50,short,0.0,63,3.2164872798434443,-0.6568070629744773,0.38479961931225337,0.42160824008975356,0.31746031746031744,-0.007179012501829953,-0.5613879570181636,0.11769021011906056,0.46417097576039273,-0.10896262218147978,-0.005872886871385097,8910.373778185194
H4,5,5.0,D1,50,short,1.0,63,3.2164872798434443,-0.6568070629744773,0.38479961931225337,0.42160824008975356,0.31746031746031744,-0.007179012501829953,-0.5613879570181636,0.11769021011906056,0.46417097576039273,-0.10896262218147978,-0.005872886871385097,8910.373778185194
H4,5,5.0,D1,80,both,0.0,140,6.640046747175691,0.018355071660923455,0.25969437006073515,1.019469945562277,0.3357142857142857,0.00020880281869737436,0.06049928390185424,0.09749234082372593,1.0702469198793285,0.024895232573074466,0.0011669759152710402,10248.952325730745
H4,5,5.0,D1,80,both,1.0,140,6.640046747175691,0.018355071660923455,0.25969437006073515,1.019469945562277,0.3357142857142857,0.00020880281869737436,0.06049928390185424,0.09749234082372593,1.0702469198793285,0.024895232573074466,0.0011669759152710402,10248.952325730745
H4,5,5.0,D1,80,long,0.0,84,4.0200471698113205,0.33156717485513065,0.17792959734894775,1.576462430026837,0.39285714285714285,0.006313422139859879,0.33893982208314377,0.0570670597858598,1.6369437899988915,0.1717365456561084,0.00761365563441152,11717.365456561076
H4,5,5.0,D1,80,long,1.0,84,4.0200471698113205,0.33156717485513065,0.17792959734894775,1.576462430026837,0.39285714285714285,0.006313422139859879,0.33893982208314377,0.0570670597858598,1.6369437899988915,0.1717365456561084,0.00761365563441152,11717.365456561076
H4,5,5.0,D1,80,short,0.0,73,3.535771117888874,-0.1709302055499934,0.21995511921659283,0.7888733121351735,0.3287671232876712,-0.002094245007605122,-0.09952188775148753,0.08289099420900203,0.8589131965268526,-0.03229350391132124,-0.0015886927622367208,9677.064960886777
H4,5,5.0,D1,80,short,1.0,73,3.535771117888874,-0.1709302055499934,0.21995511921659283,0.7888733121351735,0.3287671232876712,-0.002094245007605122,-0.09952188775148753,0.08289099420900203,0.8589131965268526,-0.03229350391132124,-0.0015886927622367208,9677.064960886777
H4,5,5.0,D1,120,both,0.0,167,8.036462450592886,0.24418794715603503,0.2815133956802851,1.2659528450553346,0.41317365269461076,0.0025968511563266403,0.2036076613786627,0.11489077767872691,1.225492337798587,0.10603544601927273,0.004861662160809743,11060.354460192731
H4,5,5.0,D1,120,both,1.0,167,8.036462450592886,0.24418794715603503,0.2815133956802851,1.2659528450553346,0.41317365269461076,0.0025968511563266403,0.2036076613786627,0.11489077767872691,1.225492337798587,0.10603544601927273,0.004861662160809743,11060.354460192731
H4,5,5.0,D1,120,long,0.0,89,4.282905138339921,0.3063258605475931,0.1763188879937444,1.5235511634101488,0.42696629213483145,0.004986791272894361,0.287624270221612,0.05999110633504301,1.5236477756749336,0.12491187755303845,0.00568032017229636,11249.118775530382
H4,5,5.0,D1,120,long,1.0,89,4.282905138339921,0.3063258605475931,0.1763188879937444,1.5235511634101488,0.42696629213483145,0.004986791272894361,0.287624270221612,0.05999110633504301,1.5236477756749336,0.12491187755303845,0.00568032017229636,11249.118775530382
H4,5,5.0,D1,120,short,0.0,81,4.2580958549222805,0.04791453247744963,0.20076996371542277,1.0610011482704826,0.4074074074074074,0.0006019847389678068,0.057461341781247004,0.07374070210713035,1.0761124267936937,0.014991793071772008,0.0007825617153529585,10149.917930717704
H4,5,5.0,D1,120,short,1.0,81,4.2580958549222805,0.04791453247744963,0.20076996371542277,1.0610011482704826,0.4074074074074074,0.0006019847389678068,0.057461341781247004,0.07374070210713035,1.0761124267936937,0.014991793071772008,0.0007825617153529585,10149.917930717704
H4,5,5.0,W1,20,both,0.0,189,9.132457997089562,0.2122577153064883,0.20461770864503925,1.2156711928795267,0.3968253968253968,0.002235519837309098,0.17617307082606046,0.08559505692989033,1.1724211384339467,0.09263947963306474,0.004290139797929582,10926.394796330653
H4,5,5.0,W1,20,both,1.0,189,9.132457997089562,0.2122577153064883,0.20461770864503925,1.2156711928795267,0.3968253968253968,0.002235519837309098,0.17617307082606046,0.08559505692989033,1.1724211384339467,0.09263947963306474,0.004290139797929582,10926.394796330653
H4,5,5.0,W1,20,long,0.0,108,5.218547426908321,0.3119177596225072,0.17689456240237078,1.4698741184725193,0.39814814814814814,0.0049988833654967466,0.30716076713951834,0.05393681583635512,1.4558293178185147,0.15010916135734642,0.006780753140595452,11501.091613573468
H4,5,5.0,W1,20,long,1.0,108,5.218547426908321,0.3119177596225072,0.17689456240237078,1.4698741184725193,0.39814814814814814,0.0049988833654967466,0.30716076713951834,0.05393681583635512,1.4558293178185147,0.15010916135734642,0.006780753140595452,11501.091613573468
H4,5,5.0,W1,20,short,0.0,103,5.21351856984479,-0.2918874965280868,0.33940939515376856,0.7105481991960081,0.3592233009708738,-0.0032834208253355673,-0.361196711916693,0.10748642980879941,0.6686973545129861,-0.10110786254172277,-0.005380816725193083,8988.921374582766
H4,5,5.0,W1,20,short,1.0,103,5.21351856984479,-0.2918874965280868,0.33940939515376856,0.7105481991960081,0.3592233009708738,-0.0032834208253355673,-0.361196711916693,0.10748642980879941,0.6686973545129861,-0.10110786254172277,-0.005380816725193083,8988.921374582766
H4,5,5.0,W1,32,both,0.0,198,9.771584920956627,0.3198028705266805,0.19389459480353777,1.3418227785768242,0.398989898989899,0.003648877226873032,0.3470657144895198,0.06346613646745469,1.397162422013083,0.2526604456846062,0.011179408929055779,12526.604456846031
H4,5,5.0,W1,32,both,1.0,198,9.771584920956627,0.3198028705266805,0.19389459480353777,1.3418227785768242,0.398989898989899,0.003648877226873032,0.3470657144895198,0.06346613646745469,1.397162422013083,0.2526604456846062,0.011179408929055779,12526.604456846031
H4,5,5.0,W1,32,long,0.0,121,5.9715241183623835,0.485738499490189,0.1821312260926533,1.8010739588432376,0.4132231404958678,0.00827608336929601,0.4890365778661334,0.046553384939206244,1.841162471402248,0.33619491793950096,0.014406110296529828,13361.949179395002
H4,5,5.0,W1,32,long,1.0,121,5.9715241183623835,0.485738499490189,0.1821312260926533,1.8010739588432376,0.4132231404958678,0.00827608336929601,0.4890365778661334,0.046553384939206244,1.841162471402248,0.33619491793950096,0.014406110296529828,13361.949179395002
H4,5,5.0,W1,32,short,0.0,101,5.189231959487973,-0.25369069262096383,0.35352696728926325,0.7495170456021715,0.3465346534653465,-0.002777067194721039,-0.19888946721281067,0.09272910263762624,0.7869842429265116,-0.06728254162783909,-0.0035722709547937326,9327.17458372161
H4,5,5.0,W1,32,short,1.0,101,5.189231959487973,-0.25369069262096383,0.35352696728926325,0.7495170456021715,0.3465346534653465,-0.002777067194721039,-0.19888946721281067,0.09272910263762624,0.7869842429265116,-0.06728254162783909,-0.0035722709547937326,9327.17458372161
H4,5,5.0,W1,50,both,0.0,204,10.441563901345292,0.2790889271965014,0.19550883148465348,1.2995525948809503,0.37254901960784315,0.0033069501793834477,0.30446312837689476,0.08728810780981555,1.3495735941138147,0.22853055205022965,0.010590341555574367,12285.30552050228
H4,5,5.0,W1,50,both,1.0,204,10.441563901345292,0.2790889271965014,0.19550883148465348,1.2995525948809503,0.37254901960784315,0.0033069501793834477,0.30446312837689476,0.08728810780981555,1.3495735941138147,0.22853055205022965,0.010590341555574367,12285.30552050228
H4,5,5.0,W1,50,long,0.0,131,6.714531293853494,0.28982039532959475,0.17122599027378993,1.4218975322176324,0.3435114503816794,0.004589108958698864,0.30897203594373235,0.06467211835021824,1.4842924282432877,0.2140088090631287,0.00998952951133325,12140.08809063128
H4,5,5.0,W1,50,long,1.0,131,6.714531293853494,0.28982039532959475,0.17122599027378993,1.4218975322176324,0.3435114503816794,0.004589108958698864,0.30897203594373235,0.06467211835021824,1.4842924282432877,0.2140088090631287,0.00998952951133325,12140.08809063128
H4,5,5.0,W1,50,short,0.0,89,4.820888328637105,-0.046709131619325196,0.2117411284557693,0.9427226579819179,0.38202247191011235,-0.0006564638431325956,-0.09618697769967771,0.05361212642233237,0.8923150931474901,-0.030607097102069325,-0.0016823882266626677,9693.929028979292
H4,5,5.0,W1,50,short,1.0,89,4.820888328637105,-0.046709131619325196,0.2117411284557693,0.9427226579819179,0.38202247191011235,-0.0006564638431325956,-0.09618697769967771,0.05361212642233237,0.8923150931474901,-0.030607097102069325,-0.0016823882266626677,9693.929028979292
H4,5,5.0,W1,80,both,0.0,199,10.761733787385253,0.193749012684418,0.28714816189645087,1.1950416301836502,0.35678391959798994,0.002153791193186899,0.29071306454013646,0.077400791271792,1.320376121248928,0.19974528286983806,0.009896952998244002,11997.45282869837
H4,5,5.0,W1,80,both,1.0,199,10.761733787385253,0.193749012684418,0.28714816189645087,1.1950416301836502,0.35678391959798994,0.002153791193186899,0.29071306454013646,0.077400791271792,1.320376121248928,0.19974528286983806,0.009896952998244002,11997.45282869837
H4,5,5.0,W1,80,long,0.0,133,7.192515546342908,0.265341853353552,0.27545093241551566,1.364931989764825,0.3383458646616541,0.0038569206849711655,0.3103020336304134,0.10523858463190916,1.4558530051334988,0.1971317042478864,0.009777856055808165,11971.317042478877
H4,5,5.0,W1,80,long,1.0,133,7.192515546342908,0.265341853353552,0.27545093241551566,1.364931989764825,0.3383458646616541,0.0038569206849711655,0.3103020336304134,0.10523858463190916,1.4558530051334988,0.1971317042478864,0.009777856055808165,11971.317042478877
H4,5,5.0,W1,80,short,0.0,73,4.641122715404699,-0.08803770427594844,0.26410709527835796,0.8965134400309355,0.3835616438356164,-0.0012345005846674762,-0.06423935993595613,0.052056924336043364,0.9267183364317695,-0.017154683241384694,-0.0010995020090555085,9828.453167586145
H4,5,5.0,W1,80,short,1.0,73,4.641122715404699,-0.08803770427594844,0.26410709527835796,0.8965134400309355,0.3835616438356164,-0.0012345005846674762,-0.06423935993595613,0.052056924336043364,0.9267183364317695,-0.017154683241384694,-0.0010995020090555085,9828.453167586145
H4,5,5.0,W1,120,both,0.0,180,10.671157279662394,0.3599741011525679,0.22996543092101263,1.4110467328015321,0.3888888888888889,0.004083754648333458,0.395360949607096,0.06817687862012933,1.4712677762882629,0.2648126774953732,0.014024721308344645,12648.126774953695
H4,5,5.0,W1,120,both,1.0,180,10.671157279662394,0.3599741011525679,0.22996543092101263,1.4110467328015321,0.3888888888888889,0.004083754648333458,0.395360949607096,0.06817687862012933,1.4712677762882629,0.2648126774953732,0.014024721308344645,12648.126774953695
H4,5,5.0,W1,120,long,0.0,121,7.173389060217498,0.4058644295134144,0.21810699046610205,1.631209123604596,0.38016528925619836,0.0063491483926208184,0.4226736874315613,0.06608093680491733,1.6998966453501854,0.26285444904352917,0.013931580249450404,12628.544490435293
H4,5,5.0,W1,120,long,1.0,121,7.173389060217498,0.4058644295134144,0.21810699046610205,1.631209123604596,0.38016528925619836,0.0063491483926208184,0.4226736874315613,0.06608093680491733,1.6998966453501854,0.26285444904352917,0.013931580249450404,12628.544490435293
H4,5,5.0,W1,120,short,0.0,66,4.8818347509113,-0.1018923792880898,0.12698341515965117,0.889371219089091,0.3787878787878788,-0.0011004961901913389,-0.04262525524211806,0.047293621657215734,0.9524383499535857,-0.011027200363796119,-0.0008198453132651773,9889.72799636204
H4,5,5.0,W1,120,short,1.0,66,4.8818347509113,-0.1018923792880898,0.12698341515965117,0.889371219089091,0.3787878787878788,-0.0011004961901913389,-0.04262525524211806,0.047293621657215734,0.9524383499535857,-0.011027200363796119,-0.0008198453132651773,9889.72799636204
H4,5,3.0,none,0,both,0.0,572,26.499619482496197,0.11900811812559783,0.46544184832737046,1.075969686187346,0.3513986013986014,0.000574841256545612,0.19609677797633482,0.2793953281229349,1.164059225598913,0.331201723343566,0.01334183103670239,13312.017233435638
H4,5,3.0,none,0,both,1.0,572,26.499619482496197,0.11900811812559783,0.46544184832737046,1.075969686187346,0.3513986013986014,0.000574841256545612,0.19609677797633482,0.2793953281229349,1.164059225598913,0.331201723343566,0.01334183103670239,13312.017233435638
H4,5,3.0,none,0,long,0.0,523,24.254158202133063,0.6656964924890905,0.23805194101628557,1.571308975379391,0.4168260038240918,0.003883854697692634,0.6018891737066613,0.16706045777813228,1.655962466736257,2.210615997774483,0.055584653382499294,32106.159977744865
H4,5,3.0,none,0,long,1.0,523,24.254158202133063,0.6656964924890905,0.23805194101628557,1.571308975379391,0.4168260038240918,0.003883854697692634,0.6018891737066613,0.16706045777813228,1.655962466736257,2.210615997774483,0.055584653382499294,32106.159977744865
H4,5,3.0,none,0,short,0.0,524,24.272796448953713,-0.19146011007763655,0.46229840798996114,0.8981600888506241,0.3301526717557252,-0.0008168166469022925,-0.23191419897354357,0.30146605409339744,0.8759258602958054,-0.23506688695399147,-0.012336075958533144,7649.331130460107
H4,5,3.0,none,0,short,1.0,524,24.272796448953713,-0.19146011007763655,0.46229840798996114,0.8981600888506241,0.3301526717557252,-0.0008168166469022925,-0.23191419897354357,0.30146605409339744,0.8759258602958054,-0.23506688695399147,-0.012336075958533144,7649.331130460107
H4,5,3.0,D1,20,both,0.0,246,11.575818088121617,0.08781857401009872,0.3100144243237204,1.0785564720309224,0.3617886178861789,0.0005758764600652036,0.11951522178851295,0.1324678743019646,1.125437682841319,0.09636752042137564,0.004338668439815674,10963.675204213752
H4,5,3.0,D1,20,both,1.0,246,11.575818088121617,0.08781857401009872,0.3100144243237204,1.0785564720309224,0.3617886178861789,0.0005758764600652036,0.11951522178851295,0.1324678743019646,1.125437682841319,0.09636752042137564,0.004338668439815674,10963.675204213752
H4,5,3.0,D1,20,long,0.0,161,7.576043545477969,0.26503167490582696,0.1403923108121925,1.3236329392606285,0.453416149068323,0.0020609580325988168,0.3389679274208236,0.05992971535639502,1.5370660928449793,0.29662268955241156,0.012298461639969727,12966.226895524109
H4,5,3.0,D1,20,long,1.0,161,7.576043545477969,0.26503167490582696,0.1403923108121925,1.3236329392606285,0.453416149068323,0.0020609580325988168,0.3389679274208236,0.05992971535639502,1.5370660928449793,0.29662268955241156,0.012298461639969727,12966.226895524109
H4,5,3.0,D1,20,short,0.0,132,6.363072456117196,-0.023381514230604715,0.19132362935227087,0.973540678603919,0.2803030303030303,-0.00021514205666852616,-0.05118414048987942,0.11173995701629347,0.9427059233508454,-0.03857045631225231,-0.0018943024390505325,9614.295436877483
H4,5,3.0,D1,20,short,1.0,132,6.363072456117196,-0.023381514230604715,0.19132362935227087,0.973540678603919,0.2803030303030303,-0.00021514205666852616,-0.05118414048987942,0.11173995701629347,0.9427059233508454,-0.03857045631225231,-0.0018943024390505325,9614.295436877483
H4,5,3.0,D1,32,both,0.0,290,13.602478489790677,0.25587663652238374,0.22167512206789963,1.2227028590171058,0.3724137931034483,0.0016392398983078144,0.3102958508825534,0.10165616065757788,1.3232900293665468,0.370019333841362,0.014876459810194254,13700.193338413615
H4,5,3.0,D1,32,both,1.0,290,13.602478489790677,0.25587663652238374,0.22167512206789963,1.2227028590171058,0.3724137931034483,0.0016392398983078144,0.3102958508825534,0.10165616065757788,1.3232900293665468,0.370019333841362,0.014876459810194254,13700.193338413615
H4,5,3.0,D1,32,long,0.0,179,8.430657640232107,0.36453594530583544,0.1648972873576462,1.4503019681238922,0.4301675977653631,0.0031108922973198455,0.3751203284553467,0.10002011188800408,1.5730058325664555,0.3926374693836614,0.01572134391941682,13926.3746938366
H4,5,3.0,D1,32,long,1.0,179,8.430657640232107,0.36453594530583544,0.1648972873576462,1.4503019681238922,0.4301675977653631,0.0031108922973198455,0.3751203284553467,0.10002011188800408,1.5730058325664555,0.3926374693836614,0.01572134391941682,13926.3746938366
H4,5,3.0,D1,32,short,0.0,133,6.3725895316804415,-0.02233357755195077,0.21179749960675187,0.9752493938179204,0.3082706766917293,-0.00019628355787249517,0.06725554158588724,0.1252202712325844,1.0887858204748535,0.03493510022892132,0.0016466667912837796,10349.35100228921
H4,5,3.0,D1,32,short,1.0,133,6.3725895316804415,-0.02233357755195077,0.21179749960675187,0.9752493938179204,0.3082706766917293,-0.00019628355787249517,0.06725554158588724,0.1252202712325844,1.0887858204748535,0.03493510022892132,0.0016466667912837796,10349.35100228921
H4,5,3.0,D1,50,both,0.0,320,15.42766631467793,-0.1217571473930096,0.47952180571490477,0.9157149611423531,0.34375,-0.0006468716534291277,0.004176152235569837,0.2347942892970174,1.0034449266687266,-0.01914241608119227,-0.0009313972352178457,9808.57583918808
H4,5,3.0,D1,50,both,1.0,320,15.42766631467793,-0.1217571473930096,0.47952180571490477,0.9157149611423531,0.34375,-0.0006468716534291277,0.004176152235569837,0.2347942892970174,1.0034449266687266,-0.01914241608119227,-0.0009313972352178457,9808.57583918808
H4,5,3.0,D1,50,long,0.0,187,9.050185504173843,0.12759036730186119,0.3034650188740351,1.1325481127490733,0.3850267379679144,0.0009211869847509726,0.11565675831849921,0.16766368598582648,1.1445235117149066,0.08801884101293234,0.004091017977619682,10880.18841012932
H4,5,3.0,D1,50,long,1.0,187,9.050185504173843,0.12759036730186119,0.3034650188740351,1.1325481127490733,0.3850267379679144,0.0009211869847509726,0.11565675831849921,0.16766368598582648,1.1445235117149066,0.08801884101293234,0.004091017977619682,10880.18841012932
H4,5,3.0,D1,50,short,0.0,147,7.141759776536313,-0.43370522604288897,0.37012571193498744,0.6456769310252248,0.2789115646258503,-0.0030758969615040884,-0.3143409974848738,0.15823420409762112,0.7168496070044605,-0.15112534995893645,-0.007928488719610827,8488.746500410636
H4,5,3.0,D1,50,short,1.0,147,7.141759776536313,-0.43370522604288897,0.37012571193498744,0.6456769310252248,0.2789115646258503,-0.0030758969615040884,-0.3143409974848738,0.15823420409762112,0.7168496070044605,-0.15112534995893645,-0.007928488719610827,8488.746500410636
H4,5,3.0,D1,80,both,0.0,351,16.813475409836066,0.1474612588968753,0.2278197966473865,1.1052316795197055,0.38461538461538464,0.0007498210455144356,0.3192141134040481,0.12092231182552982,1.2601503844817235,0.350451166175185,0.014495564196828292,13504.511661751838
H4,5,3.0,D1,80,both,1.0,351,16.813475409836066,0.1474612588968753,0.2278197966473865,1.1052316795197055,0.38461538461538464,0.0007498210455144356,0.3192141134040481,0.12092231182552982,1.2601503844817235,0.350451166175185,0.014495564196828292,13504.511661751838
H4,5,3.0,D1,80,long,0.0,194,9.37281746031746,0.35057033145923905,0.108324770520982,1.3708445340827002,0.44329896907216493,0.002465521004665497,0.4301019234277357,0.06903942482364622,1.4927470757056227,0.3585671749449557,0.014914865066405936,13585.671749449572
H4,5,3.0,D1,80,long,1.0,194,9.37281746031746,0.35057033145923905,0.108324770520982,1.3708445340827002,0.44329896907216493,0.002465521004665497,0.4301019234277357,0.06903942482364622,1.4927470757056227,0.3585671749449557,0.014914865066405936,13585.671749449572
H4,5,3.0,D1,80,short,0.0,163,7.941276510604242,-0.094787008592931,0.2836962252785602,0.9079244109809618,0.3128834355828221,-0.0006983172586557286,0.054412754109952506,0.12690730974111786,1.0633308205866308,0.026770043683903788,0.001287899823785077,10267.700436839035
H4,5,3.0,D1,80,short,1.0,163,7.941276510604242,-0.094787008592931,0.2836962252785602,0.9079244109809618,0.3128834355828221,-0.0006983172586557286,0.054412754109952506,0.12690730974111786,1.0633308205866308,0.026770043683903788,0.001287899823785077,10267.700436839035
H4,5,3.0,D1,120,both,0.0,386,18.616994586029314,0.33355381431508574,0.1670118789277908,1.2471543956734816,0.39896373056994816,0.0018037185004624475,0.44223310372987795,0.0877529510308207,1.382732359291396,0.6710115420517913,0.025072122635886762,16710.115420517905
H4,5,3.0,D1,120,both,1.0,386,18.616994586029314,0.33355381431508574,0.1670118789277908,1.2471543956734816,0.39896373056994816,0.0018037185004624475,0.44223310372987795,0.0877529510308207,1.382732359291396,0.6710115420517913,0.025072122635886762,16710.115420517905
H4,5,3.0,D1,120,long,0.0,218,10.517038700303791,0.5570874273759553,0.11865273681561028,1.6409912336297205,0.463302752293578,0.0041695783141118175,0.566002295420625,0.07014352088113718,1.7819813545511518,0.7368275652622145,0.026991038074488882,17368.27565262213
H4,5,3.0,D1,120,long,1.0,218,10.517038700303791,0.5570874273759553,0.11865273681561028,1.6409912336297205,0.463302752293578,0.0041695783141118175,0.566002295420625,0.07014352088113718,1.7819813545511518,0.7368275652622145,0.026991038074488882,17368.27565262213
H4,5,3.0,D1,120,short,0.0,174,8.56170012124478,-0.1594466957182797,0.35091230772459503,0.8579976922641258,0.3218390804597701,-0.0011808026440664969,-0.00943476526071803,0.17144686786343444,0.9905005866182888,-0.01735228271173106,-0.0008609459556175869,9826.47717288268
H4,5,3.0,D1,120,short,1.0,174,8.56170012124478,-0.1594466957182797,0.35091230772459503,0.8579976922641258,0.3218390804597701,-0.0011808026440664969,-0.00943476526071803,0.17144686786343444,0.9905005866182888,-0.01735228271173106,-0.0008609459556175869,9826.47717288268
H4,5,3.0,W1,20,both,0.0,448,21.505059797608094,0.3190363890496298,0.25524497269692625,1.2289064230377027,0.39285714285714285,0.0016664250207139093,0.3802473983684957,0.14068039214234918,1.2921747764439087,0.552641673342394,0.021343599085015708,15526.416733423914
H4,5,3.0,W1,20,both,1.0,448,21.505059797608094,0.3190363890496298,0.25524497269692625,1.2289064230377027,0.39285714285714285,0.0016664250207139093,0.3802473983684957,0.14068039214234918,1.2921747764439087,0.552641673342394,0.021343599085015708,15526.416733423914
H4,5,3.0,W1,20,long,0.0,265,12.720626889210145,0.5440038167218607,0.16323427415843084,1.6775152822578583,0.4377358490566038,0.004660235625485226,0.48702812682189056,0.09889499040077454,1.8541557682169851,1.0946488834678938,0.03612964328999113,20946.48883467898
H4,5,3.0,W1,20,long,1.0,265,12.720626889210145,0.5440038167218607,0.16323427415843084,1.6775152822578583,0.4377358490566038,0.004660235625485226,0.48702812682189056,0.09889499040077454,1.8541557682169851,1.0946488834678938,0.03612964328999113,20946.48883467898
H4,5,3.0,W1,20,short,0.0,224,10.992341797662233,-0.15642326168678056,0.30948555401942734,0.8749149996047633,0.34375,-0.0010159223654293348,-0.047079969425115394,0.1690613035129711,0.9598710949335644,-0.04450503077942558,-0.002231590838116193,9554.949692205728
H4,5,3.0,W1,20,short,1.0,224,10.992341797662233,-0.15642326168678056,0.30948555401942734,0.8749149996047633,0.34375,-0.0010159223654293348,-0.047079969425115394,0.1690613035129711,0.9598710949335644,-0.04450503077942558,-0.002231590838116193,9554.949692205728
H4,5,3.0,W1,32,both,0.0,444,21.791319537758664,0.35722953192269613,0.3138545735186832,1.2763085632319375,0.3918918918918919,0.002032249005187075,0.42331267614682616,0.12226108049989504,1.3539028170962946,0.72939665894257,0.02724907845157687,17293.966589425716
H4,5,3.0,W1,32,both,1.0,444,21.791319537758664,0.35722953192269613,0.3138545735186832,1.2763085632319375,0.3918918918918919,0.002032249005187075,0.42331267614682616,0.12226108049989504,1.3539028170962946,0.72939665894257,0.02724907845157687,17293.966589425716
H4,5,3.0,W1,32,long,0.0,270,13.251478097285675,0.6091406919684937,0.16744239221669,1.7535875623909847,0.44074074074074077,0.004973218665160806,0.5650776322396811,0.09612674765603602,1.7485220077498485,0.9536520359170562,0.03341473570535314,19536.520359170576
H4,5,3.0,W1,32,long,1.0,270,13.251478097285675,0.6091406919684937,0.16744239221669,1.7535875623909847,0.44074074074074077,0.004973218665160806,0.5650776322396811,0.09612674765603602,1.7485220077498485,0.9536520359170562,0.03341473570535314,19536.520359170576
H4,5,3.0,W1,32,short,0.0,215,11.049493457154917,-0.1333950810236002,0.28754092153262245,0.8929315106521742,0.34418604651162793,-0.0008542411992593725,0.045592971183613065,0.11428987689342252,1.042625907351667,0.020386525704048086,0.0010377258672669143,10203.8652570405
H4,5,3.0,W1,32,short,1.0,215,11.049493457154917,-0.1333950810236002,0.28754092153262245,0.8929315106521742,0.34418604651162793,-0.0008542411992593725,0.045592971183613065,0.11428987689342252,1.042625907351667,0.020386525704048086,0.0010377258672669143,10203.8652570405
H4,5,3.0,W1,50,both,0.0,436,22.145598664997916,0.4710013656587307,0.3346892406245562,1.4048059873143839,0.3922018348623853,0.002878991549623025,0.47269224842229496,0.16946010922532884,1.5244723271055745,1.1590081392613332,0.039866681482061184,21590.081392613316
H4,5,3.0,W1,50,both,1.0,436,22.145598664997916,0.4710013656587307,0.3346892406245562,1.4048059873143839,0.3922018348623853,0.002878991549623025,0.47269224842229496,0.16946010922532884,1.5244723271055745,1.1590081392613332,0.039866681482061184,21590.081392613316
H4,5,3.0,W1,50,long,0.0,287,14.577492699207344,0.5662968587404074,0.17314692918466212,1.7178169065180795,0.42857142857142855,0.004568868780964602,0.5269404414229556,0.10049600982993001,1.8661023211952283,1.2259117349496709,0.04147980169789367,22259.117349496737
H4,5,3.0,W1,50,long,1.0,287,14.577492699207344,0.5662968587404074,0.17314692918466212,1.7178169065180795,0.42857142857142855,0.004568868780964602,0.5269404414229556,0.10049600982993001,1.8661023211952283,1.2259117349496709,0.04147980169789367,22259.117349496737
H4,5,3.0,W1,50,short,0.0,189,9.898515916260395,0.14515305403045986,0.19567248031119988,1.1439158156080746,0.35978835978835977,0.001110815959287438,0.1940982337156724,0.10914076365341296,1.200697791587619,0.13389907758529418,0.006603023683515286,11338.990775852959
H4,5,3.0,W1,50,short,1.0,189,9.898515916260395,0.14515305403045986,0.19567248031119988,1.1439158156080746,0.35978835978835977,0.001110815959287438,0.1940982337156724,0.10914076365341296,1.200697791587619,0.13389907758529418,0.006603023683515286,11338.990775852959
H4,5,3.0,W1,80,both,0.0,422,22.821365116967723,0.35385742407021126,0.28069753975283873,1.2945918594257955,0.36729857819905215,0.0020980344437349524,0.35195105001677607,0.16784443104124225,1.3730159843750311,0.6964440387444353,0.02899504487836646,16964.440387444443
H4,5,3.0,W1,80,both,1.0,422,22.821365116967723,0.35385742407021126,0.28069753975283873,1.2945918594257955,0.36729857819905215,0.0020980344437349524,0.35195105001677607,0.16784443104124225,1.3730159843750311,0.6964440387444353,0.02899504487836646,16964.440387444443
H4,5,3.0,W1,80,long,0.0,280,15.142137992300858,0.540872704866439,0.27027684952199893,1.676110816249877,0.40714285714285714,0.004337060395296123,0.46686226411012727,0.17741903585074825,1.6936545356268224,0.9157552081351594,0.03578277346205416,19157.552081351583
H4,5,3.0,W1,80,long,1.0,280,15.142137992300858,0.540872704866439,0.27027684952199893,1.676110816249877,0.40714285714285714,0.004337060395296123,0.46686226411012727,0.17741903585074825,1.6936545356268224,0.9157552081351594,0.03578277346205416,19157.552081351583
H4,5,3.0,W1,80,short,0.0,163,10.282512953367876,-0.07647032794249896,0.24937691167404774,0.9318834386170202,0.3006134969325153,-0.0005654426486136998,-0.07258403250973267,0.10529386623374992,0.9369388177671015,-0.048723815326631614,-0.0031460848195370428,9512.761846733678
H4,5,3.0,W1,80,short,1.0,163,10.282512953367876,-0.07647032794249896,0.24937691167404774,0.9318834386170202,0.3006134969325153,-0.0005654426486136998,-0.07258403250973267,0.10529386623374992,0.9369388177671015,-0.048723815326631614,-0.0031460848195370428,9512.761846733678
H4,5,3.0,W1,120,both,0.0,387,22.765622483491704,0.44906992379459765,0.2874086290048873,1.3853900865969246,0.38242894056847543,0.00267033847992543,0.47798036066553845,0.16780041021493908,1.5363758905337241,1.0588099415719974,0.043395016006883,20588.099415719993
H4,5,3.0,W1,120,both,1.0,387,22.765622483491704,0.44906992379459765,0.2874086290048873,1.3853900865969246,0.38242894056847543,0.00267033847992543,0.47798036066553845,0.16780041021493908,1.5363758905337241,1.0588099415719974,0.043395016006883,20588.099415719993
H4,5,3.0,W1,120,long,0.0,258,15.206470873003065,0.5730959492668242,0.2534907190356944,1.7091260396256363,0.437984496124031,0.004638161193229556,0.5371158501863442,0.1416768601898809,1.897435436385295,1.132770581506228,0.045653763914441425,21327.705815062276
H4,5,3.0,W1,120,long,1.0,258,15.206470873003065,0.5730959492668242,0.2534907190356944,1.7091260396256363,0.437984496124031,0.004638161193229556,0.5371158501863442,0.1416768601898809,1.897435436385295,1.132770581506228,0.045653763914441425,21327.705815062276
H4,5,3.0,W1,120,short,0.0,147,10.184322837632777,-0.1353557157112344,0.25739022224987407,0.8866625412891849,0.29931972789115646,-0.0008413222554498482,-0.03866217204095356,0.14187856801756893,0.9670869384752984,-0.026769147732482845,-0.0018781054188519164,9732.308522675175
H4,5,3.0,W1,120,short,1.0,147,10.184322837632777,-0.1353557157112344,0.25739022224987407,0.8866625412891849,0.29931972789115646,-0.0008413222554498482,-0.03866217204095356,0.14187856801756893,0.9670869384752984,-0.026769147732482845,-0.0018781054188519164,9732.308522675175
H4,5,2.5,none,0,both,0.0,748,34.653348554033485,0.49311137372409847,0.2975181666293175,1.3165005232585183,0.39037433155080214,0.001996777868586705,0.47277116026590105,0.1960373032451288,1.315462089109793,1.2585901334134149,0.03846671833257087,22585.90133413417
H4,5,2.5,none,0,both,1.0,748,34.653348554033485,0.49311137372409847,0.2975181666293175,1.3165005232585183,0.39037433155080214,0.001996777868586705,0.47277116026590105,0.1960373032451288,1.315462089109793,1.2585901334134149,0.03846671833257087,22585.90133413417
H4,5,2.5,none,0,long,0.0,666,30.866197183098592,0.7006763896503438,0.2229530055021356,1.5108275973629801,0.40540540540540543,0.0031038102421234834,0.6955087021562438,0.16415321088633528,1.5194071156718016,2.336040434925609,0.05742479682530788,33360.40434925624
H4,5,2.5,none,0,long,1.0,666,30.866197183098592,0.7006763896503438,0.2229530055021356,1.5108275973629801,0.40540540540540543,0.0031038102421234834,0.6955087021562438,0.16415321088633528,1.5194071156718016,2.336040434925609,0.05742479682530788,33360.40434925624
H4,5,2.5,none,0,short,0.0,667,30.89686112872543,-0.1616254980439064,0.42692998628181267,0.9201317676518229,0.34782608695652173,-0.0005515672052765796,-0.16312405386099457,0.3033085892001106,0.9167978239014615,-0.23143619940814453,-0.012119414269303186,7685.6380059185385
H4,5,2.5,none,0,short,1.0,667,30.89686112872543,-0.1616254980439064,0.42692998628181267,0.9201317676518229,0.34782608695652173,-0.0005515672052765796,-0.16312405386099457,0.3033085892001106,0.9167978239014615,-0.23143619940814453,-0.012119414269303186,7685.6380059185385
H4,5,2.5,D1,20,both,0.0,356,16.769280371421203,0.4515503434419109,0.15932891479765732,1.3984441536429468,0.39325842696629215,0.0024368556520291914,0.4258175138717138,0.11791611438864902,1.4225022056107743,0.6850103754458561,0.024882437522168566,16850.103754458567
H4,5,2.5,D1,20,both,1.0,356,16.769280371421203,0.4515503434419109,0.15932891479765732,1.3984441536429468,0.39325842696629215,0.0024368556520291914,0.4258175138717138,0.11791611438864902,1.4225022056107743,0.6850103754458561,0.024882437522168566,16850.103754458567
H4,5,2.5,D1,20,long,0.0,223,10.5260726285862,0.4918020989418762,0.13640219240959184,1.5613931674206871,0.4349775784753363,0.0032104141477934745,0.5221433848829129,0.09327259965423529,1.7350349202221933,0.713235468087555,0.02573850952097101,17132.35468087559
H4,5,2.5,D1,20,long,1.0,223,10.5260726285862,0.4918020989418762,0.13640219240959184,1.5613931674206871,0.4349775784753363,0.0032104141477934745,0.5221433848829129,0.09327259965423529,1.7350349202221933,0.713235468087555,0.02573850952097101,17132.35468087559
H4,5,2.5,D1,20,short,0.0,191,9.01327519379845,0.09934941264358468,0.1794832057583663,1.1079218623537372,0.3298429319371728,0.000696417936791476,0.04817297189182182,0.13940626245975618,1.0530461258006876,0.024699220902906882,0.0011520559956788023,10246.992209029086
H4,5,2.5,D1,20,short,1.0,191,9.01327519379845,0.09934941264358468,0.1794832057583663,1.1079218623537372,0.3298429319371728,0.000696417936791476,0.04817297189182182,0.13940626245975618,1.0530461258006876,0.024699220902906882,0.0011520559956788023,10246.992209029086
H4,5,2.5,D1,32,both,0.0,413,19.43419866013914,0.3377580330326871,0.1868369235665296,1.2575946649116139,0.38498789346246975,0.0015995309683978385,0.27501887770367733,0.13752093018774336,1.1956131159488548,0.3198722086294701,0.013145381426771685,13198.722086294722
H4,5,2.5,D1,32,both,1.0,413,19.43419866013914,0.3377580330326871,0.1868369235665296,1.2575946649116139,0.38498789346246975,0.0015995309683978385,0.27501887770367733,0.13752093018774336,1.1956131159488548,0.3198722086294701,0.013145381426771685,13198.722086294722
H4,5,2.5,D1,32,long,0.0,244,11.529236739974127,0.4606133369895546,0.1487823397881024,1.5032099035125455,0.4262295081967213,0.0029984561628550828,0.44665421706963965,0.09720877210172074,1.4503566286055152,0.4479401294474661,0.017643404084639824,14479.401294474668
H4,5,2.5,D1,32,long,1.0,244,11.529236739974127,0.4606133369895546,0.1487823397881024,1.5032099035125455,0.4262295081967213,0.0029984561628550828,0.44665421706963965,0.09720877210172074,1.4503566286055152,0.4479401294474661,0.017643404084639824,14479.401294474668
H4,5,2.5,D1,32,short,0.0,195,9.209173778122576,-0.06428215739649196,0.14672171723535044,0.9394226981436656,0.3282051282051282,-0.00039769709053215233,-0.09274049832366525,0.10787384241384812,0.9102884344576267,-0.07927520581840486,-0.0038930353050037336,9207.247941815966
H4,5,2.5,D1,32,short,1.0,195,9.209173778122576,-0.06428215739649196,0.14672171723535044,0.9394226981436656,0.3282051282051282,-0.00039769709053215233,-0.09274049832366525,0.10787384241384812,0.9102884344576267,-0.07927520581840486,-0.0038930353050037336,9207.247941815966
H4,5,2.5,D1,50,both,0.0,455,21.468641002454465,0.22309027189370617,0.33856027269445643,1.1529680723357982,0.3824175824175824,0.0009993417182972654,0.22280936004956672,0.20230004370080257,1.169076116463701,0.30624218888263477,0.012685152058556248,13062.421888826359
H4,5,2.5,D1,50,both,1.0,455,21.468641002454465,0.22309027189370617,0.33856027269445643,1.1529680723357982,0.3824175824175824,0.0009993417182972654,0.22280936004956672,0.20230004370080257,1.169076116463701,0.30624218888263477,0.012685152058556248,13062.421888826359
H4,5,2.5,D1,50,long,0.0,265,12.503713990440511,0.4533217741201829,0.2372062981523153,1.466628457555237,0.4075471698113208,0.0028042844020803653,0.4378104184696996,0.1411325787446862,1.5352558288822848,0.650480678223061,0.023923931114165686,16504.806782230607
H4,5,2.5,D1,50,long,1.0,265,12.503713990440511,0.4533217741201829,0.2372062981523153,1.466628457555237,0.4075471698113208,0.0028042844020803653,0.4378104184696996,0.1411325787446862,1.5352558288822848,0.650480678223061,0.023923931114165686,16504.806782230607
H4,5,2.5,D1,50,short,0.0,213,10.197699567440031,-0.24191234643196785,0.27377628278793953,0.8038263773985974,0.3380281690140845,-0.0014124513211080895,-0.17581747518444255,0.180537843201111,0.8427099526426576,-0.141948021778464,-0.00730265090032689,8580.519782215362
H4,5,2.5,D1,50,short,1.0,213,10.197699567440031,-0.24191234643196785,0.27377628278793953,0.8038263773985974,0.3380281690140845,-0.0014124513211080895,-0.17581747518444255,0.180537843201111,0.8427099526426576,-0.141948021778464,-0.00730265090032689,8580.519782215362
H4,5,2.5,D1,80,both,0.0,493,23.55064739733194,0.20125203854833978,0.19721973932787618,1.1263039883135835,0.38336713995943206,0.0008274100669846305,0.3664357195247472,0.14712178684416077,1.2709262351094401,0.6060889112578114,0.022891638696095562,16060.889112578077
H4,5,2.5,D1,80,both,1.0,493,23.55064739733194,0.20125203854833978,0.19721973932787618,1.1263039883135835,0.38336713995943206,0.0008274100669846305,0.3664357195247472,0.14712178684416077,1.2709262351094401,0.6060889112578114,0.022891638696095562,16060.889112578077
H4,5,2.5,D1,80,long,0.0,277,13.382837301587301,0.3604598183333576,0.12043935419172558,1.3244895179029055,0.4151624548736462,0.0020847886571797765,0.4738727482078934,0.07056745039375945,1.5379223763149288,0.6913049978550316,0.0257137998534418,16913.04997855032
H4,5,2.5,D1,80,long,1.0,277,13.382837301587301,0.3604598183333576,0.12043935419172558,1.3244895179029055,0.4151624548736462,0.0020847886571797765,0.4738727482078934,0.07056745039375945,1.5379223763149288,0.6913049978550316,0.0257137998534418,16913.04997855032
H4,5,2.5,D1,80,short,0.0,225,10.748267067747843,-0.09870332386003103,0.21061574878484668,0.9161637265598015,0.3422222222222222,-0.0005562352204304996,-0.02224970840629823,0.1505485297171253,0.9789841644582497,-0.03461510842562221,-0.0016814483959451954,9653.848915743793
H4,5,2.5,D1,80,short,1.0,225,10.748267067747843,-0.09870332386003103,0.21061574878484668,0.9161637265598015,0.3422222222222222,-0.0005562352204304996,-0.02224970840629823,0.1505485297171253,0.9789841644582497,-0.03461510842562221,-0.0016814483959451954,9653.848915743793
H4,5,2.5,D1,120,both,0.0,523,25.221250330076575,0.36642229106433,0.12261668583557783,1.2356456288041269,0.390057361376673,0.0015090300682939724,0.4338701510897959,0.11864776420176892,1.306155113018773,0.7827022468767455,0.02827214624438734,17827.02246876741
H4,5,2.5,D1,120,both,1.0,523,25.221250330076575,0.36642229106433,0.12261668583557783,1.2356456288041269,0.390057361376673,0.0015090300682939724,0.4338701510897959,0.11864776420176892,1.306155113018773,0.7827022468767455,0.02827214624438734,17827.02246876741
H4,5,2.5,D1,120,long,0.0,296,14.28001584995377,0.5516885515927972,0.1165493751278256,1.5216812230065393,0.44932432432432434,0.0032088314508024016,0.6421445873866991,0.07153212618547422,1.7122501730997248,1.044663437733309,0.03510741861874678,20446.634377333077
H4,5,2.5,D1,120,long,1.0,296,14.28001584995377,0.5516885515927972,0.1165493751278256,1.5216812230065393,0.44932432432432434,0.0032088314508024016,0.6421445873866991,0.07153212618547422,1.7122501730997248,1.044663437733309,0.03510741861874678,20446.634377333077
H4,5,2.5,D1,120,short,0.0,235,11.529046339825387,-0.049741089568754955,0.183960317491475,0.9581580959493841,0.32340425531914896,-0.0002764954665415003,0.0008047278157022681,0.1420295394745863,1.000707921263127,-0.01638699851276504,-0.0008102739154316474,9836.130014872342
H4,5,2.5,D1,120,short,1.0,235,11.529046339825387,-0.049741089568754955,0.183960317491475,0.9581580959493841,0.32340425531914896,-0.0002764954665415003,0.0008047278157022681,0.1420295394745863,1.000707921263127,-0.01638699851276504,-0.0008102739154316474,9836.130014872342
H4,5,2.5,W1,20,both,0.0,587,28.17368593955322,0.3912055781679987,0.2428360875126141,1.256645334707598,0.39522998296422485,0.0016376578735272094,0.3912002485753266,0.19449943089896626,1.2500855726882982,0.6923283961840465,0.02557248828983205,16923.283961840476
H4,5,2.5,W1,20,both,1.0,587,28.17368593955322,0.3912055781679987,0.2428360875126141,1.256645334707598,0.39522998296422485,0.0016376578735272094,0.3912002485753266,0.19449943089896626,1.2500855726882982,0.6923283961840465,0.02557248828983205,16923.283961840476
H4,5,2.5,W1,20,long,0.0,350,16.79862023653088,0.5186517224581757,0.16665689385749716,1.4864090777161143,0.42857142857142855,0.00316143651586237,0.5829436392828042,0.11631588559330297,1.5619571268131338,1.0117599765248149,0.034118860839462695,20117.59976524811
H4,5,2.5,W1,20,long,1.0,350,16.79862023653088,0.5186517224581757,0.16665689385749716,1.4864090777161143,0.42857142857142855,0.00316143651586237,0.5829436392828042,0.11631588559330297,1.5619571268131338,1.0117599765248149,0.034118860839462695,20117.59976524811
H4,5,2.5,W1,20,short,0.0,282,13.834855607790464,-0.06678186977452921,0.21717962250019518,0.9483489645583774,0.3475177304964539,-0.0003343083088634028,-0.019292703590843407,0.14861617593009802,0.9849831419672784,-0.03387540467734351,-0.001689292564165168,9661.245953226568
H4,5,2.5,W1,20,short,1.0,282,13.834855607790464,-0.06678186977452921,0.21717962250019518,0.9483489645583774,0.3475177304964539,-0.0003343083088634028,-0.019292703590843407,0.14861617593009802,0.9849831419672784,-0.03387540467734351,-0.001689292564165168,9661.245953226568
H4,5,2.5,W1,32,both,0.0,573,28.12258129535071,0.3990086981621684,0.2436144726572682,1.261552814924936,0.38219895287958117,0.001712879727699558,0.47673028206859797,0.12265329303123695,1.327570526376972,1.007421860089614,0.03479272849593662,20074.218600896133
H4,5,2.5,W1,32,both,1.0,573,28.12258129535071,0.3990086981621684,0.2436144726572682,1.261552814924936,0.38219895287958117,0.001712879727699558,0.47673028206859797,0.12265329303123695,1.327570526376972,1.007421860089614,0.03479272849593662,20074.218600896133
H4,5,2.5,W1,32,long,0.0,359,17.6195579145391,0.5068834663363404,0.23991800008051722,1.4615503737674354,0.403899721448468,0.0029971503409307316,0.5512956312754091,0.15134439411249834,1.5176543517870695,0.9884550825407452,0.034310705830779886,19884.550825407438
H4,5,2.5,W1,32,long,1.0,359,17.6195579145391,0.5068834663363404,0.23991800008051722,1.4615503737674354,0.403899721448468,0.0029971503409307316,0.5512956312754091,0.15134439411249834,1.5176543517870695,0.9884550825407452,0.034310705830779886,19884.550825407438
H4,5,2.5,W1,32,short,0.0,264,13.565841305571187,0.0466550777653344,0.16266698963070925,1.0382596302094609,0.35984848484848486,0.00024684570977909844,0.13765019809899462,0.14198459823449905,1.1249449236773688,0.11479766663585256,0.0055998619792414495,11147.976666358532
H4,5,2.5,W1,32,short,1.0,264,13.565841305571187,0.0466550777653344,0.16266698963070925,1.0382596302094609,0.35984848484848486,0.00024684570977909844,0.13765019809899462,0.14198459823449905,1.1249449236773688,0.11479766663585256,0.0055998619792414495,11147.976666358532
H4,5,2.5,W1,50,both,0.0,563,28.596266166040888,0.49437665061383534,0.29027604694433606,1.3654257437848862,0.38543516873889877,0.0023106137153779192,0.5382559164822412,0.16246972446219365,1.4191517037931785,1.3546106056106222,0.04445746739012457,23546.10605610621
H4,5,2.5,W1,50,both,1.0,563,28.596266166040888,0.49437665061383534,0.29027604694433606,1.3654257437848862,0.38543516873889877,0.0023106137153779192,0.5382559164822412,0.16246972446219365,1.4191517037931785,1.3546106056106222,0.04445746739012457,23546.10605610621
H4,5,2.5,W1,50,long,0.0,377,19.148831873174803,0.46815109065904903,0.19903568417606265,1.453193563129314,0.3925729442970822,0.0027985718124753584,0.4938253450693245,0.12832772759689026,1.5010261996230865,0.9901159398561867,0.03557325832898428,19901.159398561864
H4,5,2.5,W1,50,long,1.0,377,19.148831873174803,0.46815109065904903,0.19903568417606265,1.453193563129314,0.3925729442970822,0.0027985718124753584,0.4938253450693245,0.12832772759689026,1.5010261996230865,0.9901159398561867,0.03557325832898428,19901.159398561864
H4,5,2.5,W1,50,short,0.0,232,12.108888253786796,0.3268534953098919,0.13364746423950213,1.3432908997636068,0.3922413793103448,0.0020979720340804724,0.3252289491942003,0.11082403690932963,1.350836627672834,0.3295780771043173,0.014978999646491964,13295.780771043172
H4,5,2.5,W1,50,short,1.0,232,12.108888253786796,0.3268534953098919,0.13364746423950213,1.3432908997636068,0.3922413793103448,0.0020979720340804724,0.3252289491942003,0.11082403690932963,1.350836627672834,0.3295780771043173,0.014978999646491964,13295.780771043172
H4,5,2.5,W1,80,both,0.0,543,29.351894331804054,0.4488198980018845,0.2832266042512618,1.3310141083743388,0.3701657458563536,0.0020479303924900967,0.49654393381588496,0.17365643484199844,1.368402822751696,1.0847981517169112,0.04051183055372287,20847.98151716912
H4,5,2.5,W1,80,both,1.0,543,29.351894331804054,0.4488198980018845,0.2832266042512618,1.3310141083743388,0.3701657458563536,0.0020479303924900967,0.49654393381588496,0.17365643484199844,1.368402822751696,1.0847981517169112,0.04051183055372287,20847.98151716912
H4,5,2.5,W1,80,long,0.0,357,19.29765428444576,0.536817869811237,0.22744388001704285,1.5534904554656999,0.38375350140056025,0.0032533680309557718,0.5709325565954689,0.17624139844872055,1.5805323134781157,1.1198724585956374,0.041450637651399,21198.724585956366
H4,5,2.5,W1,80,long,1.0,357,19.29765428444576,0.536817869811237,0.22744388001704285,1.5534904554656999,0.38375350140056025,0.0032533680309557718,0.5709325565954689,0.17624139844872055,1.5805323134781157,1.1198724585956374,0.041450637651399,21198.724585956366
H4,5,2.5,W1,80,short,0.0,203,12.794779982743744,-0.012055720253924176,0.24078204612657783,0.9894866381860288,0.3448275862068966,-7.099326350884871e-05,-0.031175620807460058,0.10243250617854638,0.9735911575790759,-0.03593618436001178,-0.002304044277357642,9640.638156399866
H4,5,2.5,W1,80,short,1.0,203,12.794779982743744,-0.012055720253924176,0.24078204612657783,0.9894866381860288,0.3448275862068966,-7.099326350884871e-05,-0.031175620807460058,0.10243250617854638,0.9735911575790759,-0.03593618436001178,-0.002304044277357642,9640.638156399866
H4,5,2.5,W1,120,both,0.0,506,29.76111111111111,0.4326180147499189,0.2856308419007194,1.3080574305162402,0.3675889328063241,0.0019136019389881266,0.5323364147324069,0.21267386688992684,1.3918554999095363,1.123798609732158,0.04529683833941589,21237.986097321627
H4,5,2.5,W1,120,both,1.0,506,29.76111111111111,0.4326180147499189,0.2856308419007194,1.3080574305162402,0.3675889328063241,0.0019136019389881266,0.5323364147324069,0.21267386688992684,1.3918554999095363,1.123798609732158,0.04529683833941589,21237.986097321627
H4,5,2.5,W1,120,long,0.0,342,20.157414878166854,0.5529534737923765,0.22199954784592524,1.546028720200145,0.40058479532163743,0.003234743792318399,0.5933827814956425,0.15330845366044354,1.60772771903692,1.1282186583117353,0.04552209479300884,21282.186583117385
H4,5,2.5,W1,120,long,1.0,342,20.157414878166854,0.5529534737923765,0.22199954784592524,1.546028720200145,0.40058479532163743,0.003234743792318399,0.5933827814956425,0.15330845366044354,1.60772771903692,1.1282186583117353,0.04552209479300884,21282.186583117385
H4,5,2.5,W1,120,short,0.0,180,12.470599393019727,-0.10576207982553526,0.2170214034291561,0.9166309183036556,0.3111111111111111,-0.0005469517272145128,0.09330546817710396,0.14052784537578533,1.0841875262379177,0.05043680093403147,0.0034148690550184213,10504.368009340307
H4,5,2.5,W1,120,short,1.0,180,12.470599393019727,-0.10576207982553526,0.2170214034291561,0.9166309183036556,0.3111111111111111,-0.0005469517272145128,0.09330546817710396,0.14052784537578533,1.0841875262379177,0.05043680093403147,0.0034148690550184213,10504.368009340307
H4,5,2.0,none,0,both,0.0,1042,48.194314296568315,0.565622349865948,0.18785144684702382,1.2904236894403602,0.3963531669865643,0.0015524172146279107,0.588426910112505,0.17491269292326939,1.301983351824825,1.9076547441537852,0.05060548373980023,29076.54744153785
H4,5,2.0,none,0,both,1.0,1042,48.194314296568315,0.565622349865948,0.18785144684702382,1.2904236894403602,0.3963531669865643,0.0015524172146279107,0.588426910112505,0.17491269292326939,1.301983351824825,1.9076547441537852,0.05060548373980023,29076.54744153785
H4,5,2.0,none,0,long,0.0,905,41.86312689969605,0.7337702017749781,0.27018749290929267,1.4159094163144819,0.41104972375690607,0.002175099713877099,0.7791779166490623,0.20233584451140885,1.4616058569570383,2.9733003961682973,0.06589716007724622,39733.00396168318
H4,5,2.0,none,0,long,1.0,905,41.86312689969605,0.7337702017749781,0.27018749290929267,1.4159094163144819,0.41104972375690607,0.002175099713877099,0.7791779166490623,0.20233584451140885,1.4616058569570383,2.9733003961682973,0.06589716007724622,39733.00396168318
H4,5,2.0,none,0,short,0.0,906,41.898771840972394,-0.17860041383602618,0.4576603671607862,0.9210296221176597,0.33885209713024284,-0.00045953186874947275,-0.13411522072220633,0.3317568385053298,0.9375487977995617,-0.2659553089875808,-0.014196812061850639,7340.446910124171
H4,5,2.0,none,0,short,1.0,905,41.85252595593821,-0.19930590541739118,0.4816307537064244,0.912258479092496,0.33812154696132596,-0.0005111356772735132,-0.1572474583412081,0.3430267227862601,0.9280435058315951,-0.29163059704401084,-0.015818648513062583,7083.694029559871
H4,5,2.0,D1,20,both,0.0,574,26.721068060158043,0.5455659453968672,0.1506967053507715,1.4083145656600766,0.3867595818815331,0.0021852213462527025,0.6050982122472303,0.14641694092366053,1.4719547391566141,1.5111965569079016,0.04379545143067909,25111.965569079053
H4,5,2.0,D1,20,both,1.0,574,26.721068060158043,0.5455659453968672,0.1506967053507715,1.4083145656600766,0.3867595818815331,0.0021852213462527025,0.6050982122472303,0.14641694092366053,1.4719547391566141,1.5111965569079016,0.04379545143067909,25111.965569079053
H4,5,2.0,D1,20,long,0.0,337,15.688153199082336,0.5905418088348797,0.16599023447841077,1.6374856227967893,0.41839762611275966,0.0032806517860248952,0.6525453135272122,0.11048402470623486,1.740764967941234,1.3900036833514275,0.04139468138117941,23900.036833514267
H4,5,2.0,D1,20,long,1.0,337,15.688153199082336,0.5905418088348797,0.16599023447841077,1.6374856227967893,0.41839762611275966,0.0032806517860248952,0.6525453135272122,0.11048402470623486,1.740764967941234,1.3900036833514275,0.04139468138117941,23900.036833514267
H4,5,2.0,D1,20,short,0.0,298,14.028160845469776,0.11406064312074247,0.17835376763381627,1.0981662599972317,0.3422818791946309,0.0005380632530330176,0.16233781629066238,0.1325776481671609,1.1599086455357699,0.16819670913656393,0.007345085111514882,11681.967091365634
H4,5,2.0,D1,20,short,1.0,298,14.028160845469776,0.11406064312074247,0.17835376763381627,1.0981662599972317,0.3422818791946309,0.0005380632530330176,0.16233781629066238,0.1325776481671609,1.1599086455357699,0.16819670913656393,0.007345085111514882,11681.967091365634
H4,5,2.0,D1,32,both,0.0,654,30.550390075457223,0.44218990776720984,0.2310581699046339,1.289853254415895,0.39143730886850153,0.001547608639916047,0.4777398046422002,0.15291892400632323,1.3277871924015123,1.1397883087703922,0.03617391773127876,21397.883087703907
H4,5,2.0,D1,32,both,1.0,654,30.550390075457223,0.44218990776720984,0.2310581699046339,1.289853254415895,0.39143730886850153,0.001547608639916047,0.4777398046422002,0.15291892400632323,1.3277871924015123,1.1397883087703922,0.03617391773127876,21397.883087703907
H4,5,2.0,D1,32,long,0.0,376,17.61143883046935,0.6407671969281092,0.15655342675279438,1.6497063775420013,0.42819148936170215,0.003290261660584799,0.6445596226303612,0.12257015540490801,1.6490924280247001,1.3643882845405981,0.041129110636226596,23643.882845406042
H4,5,2.0,D1,32,long,1.0,376,17.61143883046935,0.6407671969281092,0.15655342675279438,1.6497063775420013,0.42819148936170215,0.003290261660584799,0.6445596226303612,0.12257015540490801,1.6490924280247001,1.3643882845405981,0.041129110636226596,23643.882845406042
H4,5,2.0,D1,32,short,0.0,311,14.621283305444717,-0.03762703059444718,0.20859317549336964,0.9711721391006504,0.36012861736334406,-0.000156283495047566,-0.01223031671345227,0.1429973594185998,0.9906741734497441,-0.03144660529141741,-0.0015010406866049486,9685.533947085847
H4,5,2.0,D1,32,short,1.0,311,14.621283305444717,-0.03762703059444718,0.20859317549336964,0.9711721391006504,0.36012861736334406,-0.000156283495047566,-0.01223031671345227,0.1429973594185998,0.9906741734497441,-0.03144660529141741,-0.0015010406866049486,9685.533947085847
H4,5,2.0,D1,50,both,0.0,686,32.23899897066392,0.2932045990738729,0.2831419587282099,1.180683740603605,0.3688046647230321,0.0010050744422672364,0.35470216961131895,0.16844991426694578,1.2256819782201336,0.765106620264489,0.0270631674286268,17651.06620264489
H4,5,2.0,D1,50,both,1.0,686,32.23899897066392,0.2932045990738729,0.2831419587282099,1.180683740603605,0.3688046647230321,0.0010050744422672364,0.35470216961131895,0.16844991426694578,1.2256819782201336,0.765106620264489,0.0270631674286268,17651.06620264489
H4,5,2.0,D1,50,long,0.0,393,18.469280751415337,0.5251496150018089,0.21504225199514715,1.494063330890717,0.40966921119592875,0.002605110186857945,0.5491585888649071,0.1764427792366654,1.5355617524971967,1.2047821204652323,0.03785500677431686,22047.821204652308
H4,5,2.0,D1,50,long,1.0,393,18.469280751415337,0.5251496150018089,0.21504225199514715,1.494063330890717,0.40966921119592875,0.002605110186857945,0.5491585888649071,0.1764427792366654,1.5355617524971967,1.2047821204652323,0.03785500677431686,22047.821204652308
H4,5,2.0,D1,50,short,0.0,321,15.294188625097833,-0.1436775382261412,0.23044734766697839,0.8945968550735209,0.32398753894080995,-0.0006106173803786739,-0.015768262906763413,0.18533358626628205,0.9865889231678113,-0.045000071535116204,-0.0021913830269220114,9549.99928464887
H4,5,2.0,D1,50,short,1.0,321,15.294188625097833,-0.1436775382261412,0.23044734766697839,0.8945968550735209,0.32398753894080995,-0.0006106173803786739,-0.015768262906763413,0.18533358626628205,0.9865889231678113,-0.045000071535116204,-0.0021913830269220114,9549.99928464887
H4,5,2.0,D1,80,both,0.0,718,34.24516845129276,0.3143531508046425,0.22555579008458138,1.1736356688742413,0.38857938718662954,0.0009577482146280066,0.42688467999240093,0.19164757737072824,1.2541648340957936,0.9146121787526948,0.0314636008266298,19146.121787526907
H4,5,2.0,D1,80,both,1.0,717,34.2690722323999,0.2948522541878463,0.22555579008458115,1.1619595378803862,0.3877266387726639,0.0008945903811121362,0.41876931873168394,0.19405314000530338,1.2479164155562352,0.8924557015778929,0.03095679765746273,18924.557015778824
H4,5,2.0,D1,80,long,0.0,405,19.55661686938128,0.4217429109930277,0.18208821438075484,1.32715512335003,0.41728395061728396,0.0018106726021227203,0.5127128867760805,0.11999416159232701,1.4386621589182849,0.9756585699905873,0.03342584582544972,19756.585699905878
H4,5,2.0,D1,80,long,1.0,405,19.55661686938128,0.4217429109930277,0.18208821438075484,1.32715512335003,0.41728395061728396,0.0018106726021227203,0.5127128867760805,0.11999416159232701,1.4386621589182849,0.9756585699905873,0.03342584582544972,19756.585699905878
H4,5,2.0,D1,80,short,0.0,333,15.882508487855835,0.029155163899042255,0.22826596487794437,1.0222445175830202,0.35135135135135137,0.00012111220136719541,0.03529214398781785,0.17057731518240238,1.0263172377680145,0.012234605952440525,0.0005801596658705499,10122.346059524398
H4,5,2.0,D1,80,short,1.0,332,15.867966500915992,-0.004329016751620662,0.2282659648779436,0.9967394387806403,0.3493975903614458,-1.7805878886237804e-05,0.02234356074157379,0.17278190301981733,1.0166656296504322,-0.0007048861309407739,-3.370140040981351e-05,9992.95113869061
H4,5,2.0,D1,120,both,0.0,749,35.9821452058398,0.4710233595530364,0.22332770769884502,1.2783195707913242,0.39118825100133514,0.0014905261825555204,0.5753771260297914,0.19356070812294868,1.34203493219836,1.4566081674860492,0.04412340921882385,24566.08167486057
H4,5,2.0,D1,120,both,1.0,749,35.9821452058398,0.4710233595530364,0.22332770769884502,1.2783195707913242,0.39118825100133514,0.0014905261825555204,0.5753771260297914,0.19356070812294868,1.34203493219836,1.4566081674860492,0.04412340921882385,24566.08167486057
H4,5,2.0,D1,120,long,0.0,424,20.369064842825203,0.7005278052736027,0.126125279505649,1.6396218941331187,0.4363207547169811,0.0033567239912216896,0.7614355949887546,0.09606327024053851,1.7207432017779145,1.894438543285316,0.05238261403130906,28944.385432853163
H4,5,2.0,D1,120,long,1.0,424,20.369064842825203,0.7005278052736027,0.126125279505649,1.6396218941331187,0.4363207547169811,0.0033567239912216896,0.7614355949887546,0.09606327024053851,1.7207432017779145,1.894438543285316,0.05238261403130906,28944.385432853163
H4,5,2.0,D1,120,short,0.0,336,16.568651275820173,-0.09247747470028589,0.2002434117644626,0.9361357741841234,0.3482142857142857,-0.00034107805671015613,-0.012379206781146668,0.18370894821117356,0.9911342808788024,-0.03574359132398297,-0.0017932305931351866,9642.564086760185
H4,5,2.0,D1,120,short,1.0,336,16.568651275820173,-0.09247747470028589,0.2002434117644626,0.9361357741841234,0.3482142857142857,-0.00034107805671015613,-0.012379206781146668,0.18370894821117356,0.9911342808788024,-0.03574359132398297,-0.0017932305931351866,9642.564086760185
H4,5,2.0,W1,20,both,0.0,811,39.03251416523916,0.37885630734501763,0.24743828464324924,1.2008908922772714,0.38594327990135635,0.0010998579400290688,0.42554212138495284,0.22142743566054135,1.223299594388813,0.9258638845606058,0.032045175951144866,19258.638845606027
H4,5,2.0,W1,20,both,1.0,811,39.03251416523916,0.37885630734501763,0.24743828464324924,1.2008908922772714,0.38594327990135635,0.0010998579400290688,0.42554212138495284,0.22142743566054135,1.223299594388813,0.9258638845606058,0.032045175951144866,19258.638845606027
H4,5,2.0,W1,20,long,0.0,467,22.476182632757936,0.6048768467786424,0.16104647801617888,1.4668316886171855,0.41755888650963596,0.0025636113661621548,0.6439792631904319,0.13373197312056495,1.4895645600225738,1.3127479523351515,0.04117824261112113,23127.479523351532
H4,5,2.0,W1,20,long,1.0,467,22.476182632757936,0.6048768467786424,0.16104647801617888,1.4668316886171855,0.41755888650963596,0.0025636113661621548,0.6439792631904319,0.13373197312056495,1.4895645600225738,1.3127479523351515,0.04117824261112113,23127.479523351532
H4,5,2.0,W1,20,short,0.0,397,19.440172945435044,-0.29780842417623166,0.3571144666234909,0.8200403130146219,0.33753148614609574,-0.0010047512626784553,-0.22573731947336487,0.2176783755939442,0.8665356705029487,-0.21774797679306357,-0.011953386376587383,7822.5202320693525
H4,5,2.0,W1,20,short,1.0,397,19.440172945435044,-0.29780842417623166,0.3571144666234909,0.8200403130146219,0.33753148614609574,-0.0010047512626784553,-0.22573731947336487,0.2176783755939442,0.8665356705029487,-0.21774797679306357,-0.011953386376587383,7822.5202320693525
H4,5,2.0,W1,32,both,0.0,797,39.11640016124697,0.26014864861320214,0.3148667303738655,1.1344718603611192,0.37892095357590966,0.0007641274636028597,0.39048818945977515,0.2408702285451434,1.2143818101096917,0.8947877829914033,0.031864206313100496,18947.87782991405
H4,5,2.0,W1,32,both,1.0,797,39.11640016124697,0.26014864861320214,0.3148667303738655,1.1344718603611192,0.37892095357590966,0.0007641274636028597,0.39048818945977515,0.2408702285451434,1.2143818101096917,0.8947877829914033,0.031864206313100496,18947.87782991405
H4,5,2.0,W1,32,long,0.0,482,23.656342381080353,0.5072733368151833,0.24704592759401622,1.3750401669042138,0.4024896265560166,0.002078814135515603,0.5312120383179914,0.17430127600550127,1.3872716148327364,1.0529078303287105,0.035931291502655505,20529.078303287115
H4,5,2.0,W1,32,long,1.0,482,23.656342381080353,0.5072733368151833,0.24704592759401622,1.3750401669042138,0.4024896265560166,0.002078814135515603,0.5312120383179914,0.17430127600550127,1.3872716148327364,1.0529078303287105,0.035931291502655505,20529.078303287115
H4,5,2.0,W1,32,short,0.0,363,18.328137959635054,-0.23535422713661022,0.3124653315956404,0.8476982914075188,0.3443526170798898,-0.000881459363391303,-0.009976550317401378,0.18385305747615777,0.9920773456061708,-0.04709089847350578,-0.002432495868985751,9529.091015264945
H4,5,2.0,W1,32,short,1.0,363,18.328137959635054,-0.23535422713661022,0.3124653315956404,0.8476982914075188,0.3443526170798898,-0.000881459363391303,-0.009976550317401378,0.18385305747615777,0.9920773456061708,-0.04709089847350578,-0.002432495868985751,9529.091015264945
H4,5,2.0,W1,50,both,0.0,780,39.618272841051315,0.5019378342721638,0.2663839136596903,1.2943346221911407,0.38461538461538464,0.0015900422719741327,0.5836245945758867,0.19834699349786,1.3557781421817923,1.7705904225545037,0.05312379275787649,27705.904225545033
H4,5,2.0,W1,50,both,1.0,780,39.618272841051315,0.5019378342721638,0.2663839136596903,1.2943346221911407,0.38461538461538464,0.0015900422719741327,0.5836245945758867,0.19834699349786,1.3557781421817923,1.7705904225545037,0.05312379275787649,27705.904225545033
H4,5,2.0,W1,50,long,0.0,500,25.396328744263666,0.6236938824197626,0.1710622549207409,1.492099326235687,0.412,0.0025190316566591833,0.6630654294810584,0.12195802001227629,1.5302922728701276,1.6533001494430781,0.05081251500985973,26533.001494430817
H4,5,2.0,W1,50,long,1.0,500,25.396328744263666,0.6236938824197626,0.1710622549207409,1.492099326235687,0.412,0.0025190316566591833,0.6630654294810584,0.12195802001227629,1.5302922728701276,1.6533001494430781,0.05081251500985973,26533.001494430817
H4,5,2.0,W1,50,short,0.0,332,17.27885437446566,-0.016397073556776734,0.21885209692752905,0.9874549005911932,0.35240963855421686,-7.137367682065299e-05,0.06507661547212841,0.19085128867102796,1.0546307759973217,0.042941072973274874,0.0021906002264602265,10429.410729732737
H4,5,2.0,W1,50,short,1.0,332,17.27885437446566,-0.016397073556776734,0.21885209692752905,0.9874549005911932,0.35240963855421686,-7.137367682065299e-05,0.06507661547212841,0.19085128867102796,1.0546307759973217,0.042941072973274874,0.0021906002264602265,10429.410729732737
H4,5,2.0,W1,80,both,0.0,739,39.86408949933541,0.4508812388851133,0.31454466775988665,1.26154367474919,0.38836265223274696,0.0013752408851602164,0.5002971399672099,0.23114801877590507,1.2868405812416182,1.2320932031353062,0.04426492055203668,22320.932031353004
H4,5,2.0,W1,80,both,1.0,739,39.86408949933541,0.4508812388851133,0.31454466775988665,1.26154367474919,0.38836265223274696,0.0013752408851602164,0.5002971399672099,0.23114801877590507,1.2868405812416182,1.2320932031353062,0.04426492055203668,22320.932031353004
H4,5,2.0,W1,80,long,0.0,481,26.00048098268462,0.6333814358928915,0.22609401506585536,1.5077199715272138,0.41164241164241167,0.002498209054795333,0.6322861986402479,0.19496755880143413,1.47771133621907,1.3760469785963725,0.047892817420313705,23760.469785963684
H4,5,2.0,W1,80,long,1.0,481,26.00048098268462,0.6333814358928915,0.22609401506585536,1.5077199715272138,0.41164241164241167,0.002498209054795333,0.6322861986402479,0.19496755880143413,1.47771133621907,1.3760469785963725,0.047892817420313705,23760.469785963684
H4,5,2.0,W1,80,short,0.0,280,16.80966469428008,-0.06637048879615183,0.27869397697872167,0.9498369023613203,0.3464285714285714,-0.0002904295683139013,0.031937240450745794,0.1392353362774702,1.0262480391916666,0.0037475937781670243,0.00022458967214400438,10037.475937781672
H4,5,2.0,W1,80,short,1.0,280,16.80966469428008,-0.06637048879615183,0.27869397697872167,0.9498369023613203,0.3464285714285714,-0.0002904295683139013,0.031937240450745794,0.1392353362774702,1.0262480391916666,0.0037475937781670243,0.00022458967214400438,10037.475937781672
H4,5,2.0,W1,120,both,0.0,689,40.52451690821256,0.5405231961457693,0.3271543651771919,1.3209683580397953,0.37590711175616837,0.0016414063963148613,0.647250441106575,0.2514970006346823,1.3975062434661072,1.819059468779105,0.06285378183954804,28190.594687791032
H4,5,2.0,W1,120,both,1.0,689,40.52451690821256,0.5405231961457693,0.3271543651771919,1.3209683580397953,0.37590711175616837,0.0016414063963148613,0.647250441106575,0.2514970006346823,1.3975062434661072,1.819059468779105,0.06285378183954804,28190.594687791032
H4,5,2.0,W1,120,long,0.0,451,26.58185412296272,0.6943340090251476,0.22515267472767475,1.5597581700437364,0.4079822616407982,0.0027871737639375976,0.7233999876641859,0.1869382382343373,1.570832783455854,1.6957324726988938,0.06019074328729124,26957.32472698892
H4,5,2.0,W1,120,long,1.0,451,26.58185412296272,0.6943340090251476,0.22515267472767475,1.5597581700437364,0.4079822616407982,0.0027871737639375976,0.7233999876641859,0.1869382382343373,1.570832783455854,1.6957324726988938,0.06019074328729124,26957.32472698892
H4,5,2.0,W1,120,short,0.0,253,17.52479613123459,-0.06240451018180791,0.20536818744500995,0.954105204448675,0.3241106719367589,-0.00024176787241648366,0.09678281644291663,0.14818455973274125,1.0823566660797186,0.06397980015205129,0.0043049904386216475,10639.798001520503
H4,5,2.0,W1,120,short,1.0,253,17.52479613123459,-0.06240451018180791,0.20536818744500995,0.954105204448675,0.3241106719367589,-0.00024176787241648366,0.09678281644291663,0.14818455973274125,1.0823566660797186,0.06397980015205129,0.0043049904386216475,10639.798001520503
H4,5,1.5,none,0,both,0.0,1574,72.78180782377517,0.41089969614902444,0.2654617092194982,1.1618144643068131,0.3570520965692503,0.000733669126022607,0.45263914349965956,0.26164378610644956,1.1979091185081383,1.5965464825536633,0.04510924215756007,25965.46482553675
H4,5,1.5,none,0,both,1.0,1574,72.78180782377517,0.41089969614902444,0.2654617092194982,1.1618144643068131,0.3570520965692503,0.000733669126022607,0.45263914349965956,0.26164378610644956,1.1979091185081383,1.5965464825536633,0.04510924215756007,25965.46482553675
H4,5,1.5,none,0,long,0.0,1292,59.74211925560198,0.7100226221875027,0.34417192910777883,1.3257991709004946,0.37693498452012386,0.001444712287441724,0.7515130313859133,0.2458749260843861,1.3742624172854716,3.024986112883375,0.06650850614032389,40249.86112883365
H4,5,1.5,none,0,long,1.0,1292,59.74211925560198,0.7100226221875027,0.34417192910777883,1.3257991709004946,0.37693498452012386,0.001444712287441724,0.7515130313859133,0.2458749260843861,1.3742624172854716,3.024986112883375,0.06650850614032389,40249.86112883365
H4,5,1.5,none,0,short,0.0,1293,59.78079113924051,-0.052465018897867734,0.45211305376242605,0.9798244020707362,0.3294663573085847,-9.58560337349715e-05,-0.09889983495834363,0.48145396519449135,0.9635528989454463,-0.25588271538683294,-0.013571877165048596,7441.172846131657
H4,5,1.5,none,0,short,1.0,1291,59.68832278481013,-0.07422493921259196,0.45211305376242605,0.9715775174536312,0.3284275755228505,-0.00013524690383318297,-0.13016386804267996,0.49771742146159814,0.9524737359852816,-0.30448181999446444,-0.016647417632357775,6955.181800055362
H4,5,1.5,D1,20,both,0.0,984,45.790036947381836,0.5144274634261367,0.24743481891683627,1.2672427606152694,0.3648373983739837,0.0011718885027087649,0.5510000905025613,0.1891689277676012,1.3384116813842324,1.7911068757928201,0.04892400686365672,27911.06875792823
H4,5,1.5,D1,20,both,1.0,984,45.790036947381836,0.5144274634261367,0.24743481891683627,1.2672427606152694,0.3648373983739837,0.0011718885027087649,0.5510000905025613,0.1891689277676012,1.3384116813842324,1.7911068757928201,0.04892400686365672,27911.06875792823
H4,5,1.5,D1,20,long,0.0,588,27.362339151484267,0.6277012846094834,0.1894734105709066,1.4612009928024392,0.3826530612244898,0.001986578336012786,0.6208290890035169,0.15603988935710567,1.5372011263635468,1.732880089685552,0.0478954621877532,27328.800896855497
H4,5,1.5,D1,20,long,1.0,588,27.362339151484267,0.6277012846094834,0.1894734105709066,1.4612009928024392,0.3826530612244898,0.001986578336012786,0.6208290890035169,0.15603988935710567,1.5372011263635468,1.732880089685552,0.0478954621877532,27328.800896855497
H4,5,1.5,D1,20,short,0.0,485,22.711057692307694,0.04769831202564945,0.22466566449376835,1.0301020220342847,0.3402061855670103,0.00013548364310253874,0.0674663747484655,0.18927232184544662,1.0430247684764251,0.049707105459891654,0.0022742113085514326,10497.071054598875
H4,5,1.5,D1,20,short,1.0,485,22.711057692307694,0.04769831202564945,0.22466566449376835,1.0301020220342847,0.3402061855670103,0.00013548364310253874,0.0674663747484655,0.18927232184544662,1.0430247684764251,0.049707105459891654,0.0022742113085514326,10497.071054598875
H4,5,1.5,D1,32,both,0.0,1067,49.842914694973786,0.48277919408157555,0.17953178925468805,1.2351010657254713,0.3570759137769447,0.0010512966482179634,0.5086883625990463,0.11925158299351635,1.2841668737934753,1.4981965826474846,0.043696880429047624,24981.965826474872
H4,5,1.5,D1,32,both,1.0,1067,49.842914694973786,0.48277919408157555,0.17953178925468805,1.2351010657254713,0.3570759137769447,0.0010512966482179634,0.5086883625990463,0.11925158299351635,1.2841668737934753,1.4981965826474846,0.043696880429047624,24981.965826474872
H4,5,1.5,D1,32,long,0.0,628,29.392234751409536,0.5625192042536656,0.18234796989337676,1.3849600969275002,0.37898089171974525,0.0016920123030749845,0.5466188371255787,0.1817739595522878,1.4310833042110125,1.4935077287925962,0.043690909858843385,24935.077287925957
H4,5,1.5,D1,32,long,1.0,628,29.392234751409536,0.5625192042536656,0.18234796989337676,1.3849600969275002,0.37898089171974525,0.0016920123030749845,0.5466188371255787,0.1817739595522878,1.4310833042110125,1.4935077287925962,0.043690909858843385,24935.077287925957
H4,5,1.5,D1,32,short,0.0,504,23.618937644341802,0.1460685400874446,0.22087031682138158,1.093031757591877,0.3392857142857143,0.0004094710864830391,0.20872327191520684,0.17077217741015716,1.1422113513986174,0.2605125690263801,0.010908712820080435,12605.12569026379
H4,5,1.5,D1,32,short,1.0,504,23.618937644341802,0.1460685400874446,0.22087031682138158,1.093031757591877,0.3392857142857143,0.0004094710864830391,0.20872327191520684,0.17077217741015716,1.1422113513986174,0.2605125690263801,0.010908712820080435,12605.12569026379
H4,5,1.5,D1,50,both,0.0,1082,50.81657451459432,0.35012967371195935,0.33291155816298124,1.1613308196437135,0.3512014787430684,0.0007307147611323318,0.3634079529806782,0.25622807685437654,1.1836153009116193,0.9289168350690775,0.031335259868470855,19289.16835069069
H4,5,1.5,D1,50,both,1.0,1082,50.81657451459432,0.35012967371195935,0.33291155816298124,1.1613308196437135,0.3512014787430684,0.0007307147611323318,0.3634079529806782,0.25622807685437654,1.1836153009116193,0.9289168350690775,0.031335259868470855,19289.16835069069
H4,5,1.5,D1,50,long,0.0,629,29.541243410055294,0.450772570206098,0.3006879962856728,1.2974460979823257,0.35930047694753575,0.0013152326613734436,0.42343202154422727,0.27018692644606424,1.309429303169654,1.0057770831851056,0.03322957664736759,20057.770831850998
H4,5,1.5,D1,50,long,1.0,629,29.541243410055294,0.450772570206098,0.3006879962856728,1.2974460979823257,0.35930047694753575,0.0013152326613734436,0.42343202154422727,0.27018692644606424,1.309429303169654,1.0057770831851056,0.03322957664736759,20057.770831850998
H4,5,1.5,D1,50,short,0.0,503,23.88775841893122,-0.08710455234960324,0.3387247070520142,0.9496509205093673,0.3260437375745527,-0.000235666158341322,-0.06260390168747385,0.3249407616572937,0.9635816179553145,-0.10463188645256627,-0.005234924341331437,8953.681135474324
H4,5,1.5,D1,50,short,1.0,503,23.88775841893122,-0.08710455234960324,0.3387247070520142,0.9496509205093673,0.3260437375745527,-0.000235666158341322,-0.06260390168747385,0.3249407616572937,0.9635816179553145,-0.10463188645256627,-0.005234924341331437,8953.681135474324
H4,5,1.5,D1,80,both,0.0,1099,52.12436696532917,0.4151482837660982,0.1787811112923493,1.1920407636998829,0.35577797998180166,0.0008745904575368993,0.444188218987964,0.13756005992007314,1.2396043895557094,1.3084520264834074,0.040475624592753556,23084.520264834053
H4,5,1.5,D1,80,both,1.0,1098,52.17857142857143,0.39712560399208946,0.17878111129234953,1.1827746430690562,0.3551912568306011,0.0008331488648448893,0.43684742484028405,0.1365702843383918,1.2275092491350807,1.232928895750725,0.03891268016758476,22329.28895750722
H4,5,1.5,D1,80,long,0.0,619,29.550352895046398,0.6223598392487237,0.189039209239366,1.4220257644909564,0.38126009693053314,0.001919976068320255,0.6275339515390076,0.17669567716196832,1.4963014336411082,1.9193314487717124,0.0524757504851574,29193.314487717103
H4,5,1.5,D1,80,long,1.0,619,29.550352895046398,0.6223598392487237,0.189039209239366,1.4220257644909564,0.38126009693053314,0.001919976068320255,0.6275339515390076,0.17669567716196832,1.4963014336411082,1.9193314487717124,0.0524757504851574,29193.314487717103
H4,5,1.5,D1,80,short,0.0,518,24.648189161021367,0.04403711943038036,0.24782089111510763,1.027053732300656,0.3301158301158301,0.00012278020228696597,0.0857327340400969,0.20600875502199434,1.0540597635677917,0.07512232746733272,0.003452622250704751,10751.223274673293
H4,5,1.5,D1,80,short,1.0,517,24.64877300613497,0.01206802646068262,0.24782089111510852,1.007326051316086,0.3288201160541586,3.3312738010221534e-05,0.06888019608550858,0.20561535456207414,1.0426077649770173,0.05147844429073034,0.0023960958135544885,10514.784442907308
H4,5,1.5,D1,120,both,0.0,1138,54.66980139418651,0.6284394067624278,0.1558908888127496,1.2994686055474456,0.37170474516695956,0.0013255303640472302,0.6945637240078296,0.10285479267157627,1.3851102309412788,2.4232278282802846,0.060899948122478564,34232.27828280273
H4,5,1.5,D1,120,both,1.0,1138,54.66980139418651,0.6284394067624278,0.1558908888127496,1.2994686055474456,0.37170474516695956,0.0013255303640472302,0.6945637240078296,0.10285479267157627,1.3851102309412788,2.4232278282802846,0.060899948122478564,34232.27828280273
H4,5,1.5,D1,120,long,0.0,654,31.41832171511246,0.6216162326911764,0.25798509892938004,1.4051308146346877,0.37920489296636084,0.0018344191100238942,0.646529224290022,0.2242893585377712,1.488992452867795,1.963877744960762,0.053581860565301564,29638.7774496076
H4,5,1.5,D1,120,long,1.0,654,31.41832171511246,0.6216162326911764,0.25798509892938004,1.4051308146346877,0.37920489296636084,0.0018344191100238942,0.646529224290022,0.2242893585377712,1.488992452867795,1.963877744960762,0.053581860565301564,29638.7774496076
H4,5,1.5,D1,120,short,0.0,508,24.627953278470933,0.2615057082959332,0.1658475593888118,1.1755131263137095,0.3641732283464567,0.0007469894341445783,0.3342113123663606,0.1378402339804944,1.2353275603774716,0.47212111111781807,0.018924348313995587,14721.211111178167
H4,5,1.5,D1,120,short,1.0,508,24.627953278470933,0.2615057082959332,0.1658475593888118,1.1755131263137095,0.3641732283464567,0.0007469894341445783,0.3342113123663606,0.1378402339804944,1.2353275603774716,0.47212111111781807,0.018924348313995587,14721.211111178167
H4,5,1.5,W1,20,both,0.0,1178,56.53192747339378,0.4279444879796443,0.21693427496857554,1.1933859714069022,0.3599320882852292,0.0008856633280247675,0.4984843798890686,0.21330418584106792,1.245274123822491,1.603351606685251,0.04698706737613523,26033.516066852415
H4,5,1.5,W1,20,both,1.0,1178,56.53192747339378,0.4279444879796443,0.21693427496857554,1.1933859714069022,0.3599320882852292,0.0008856633280247675,0.4984843798890686,0.21330418584106792,1.245274123822491,1.603351606685251,0.04698706737613523,26033.516066852415
H4,5,1.5,W1,20,long,0.0,702,33.68880567599527,0.541837998170917,0.21061884779188467,1.3336320385906417,0.3660968660968661,0.0015503764655556522,0.5704912037160034,0.17747726659230822,1.394667050325902,1.6905445155688947,0.048643631269386756,26905.445155688973
H4,5,1.5,W1,20,long,1.0,702,33.68880567599527,0.541837998170917,0.21061884779188467,1.3336320385906417,0.3660968660968661,0.0015503764655556522,0.5704912037160034,0.17747726659230822,1.394667050325902,1.6905445155688947,0.048643631269386756,26905.445155688973
H4,5,1.5,W1,20,short,0.0,539,26.38650985122638,0.044993098917621835,0.20223474822333232,1.0272801042644493,0.3525046382189239,0.00012248753132639123,0.05429194344743506,0.24174862981826462,1.0308580637539302,0.03086303708486393,0.001489147806874147,10308.63037084864
H4,5,1.5,W1,20,short,1.0,539,26.38650985122638,0.044993098917621835,0.20223474822333232,1.0272801042644493,0.3525046382189239,0.00012248753132639123,0.05429194344743506,0.24174862981826462,1.0308580637539302,0.03086303708486393,0.001489147806874147,10308.63037084864
H4,5,1.5,W1,32,both,0.0,1167,57.27583310937919,0.2471957730560699,0.42969520078543233,1.103875145934995,0.3461868037703513,0.0004887604675873206,0.3521662942068131,0.3918818712804377,1.1500305847204244,0.8475425966141408,0.030586230779152457,18475.42596614136
H4,5,1.5,W1,32,both,1.0,1167,57.27583310937919,0.2471957730560699,0.42969520078543233,1.103875145934995,0.3461868037703513,0.0004887604675873206,0.3521662942068131,0.3918818712804377,1.1500305847204244,0.8475425966141408,0.030586230779152457,18475.42596614136
H4,5,1.5,W1,32,long,0.0,699,34.30660440741736,0.5388193068216145,0.33288146617064973,1.3332468808095843,0.37339055793991416,0.0015441734581051567,0.5896100304850381,0.2899773908560903,1.416287841264798,1.848437159803869,0.0527176120508539,28484.371598038666
H4,5,1.5,W1,32,long,1.0,699,34.30660440741736,0.5388193068216145,0.33288146617064973,1.3332468808095843,0.37339055793991416,0.0015441734581051567,0.5896100304850381,0.2899773908560903,1.416287841264798,1.848437159803869,0.0527176120508539,28484.371598038666
H4,5,1.5,W1,32,short,0.0,520,26.229802513464993,-0.12795898072689557,0.2920436478424595,0.9270113720935718,0.3153846153846154,-0.000348977368741801,-0.05262696947750011,0.28079997584877847,0.9695017808544416,-0.10924007374364841,-0.0058181475514972325,8907.599262563524
H4,5,1.5,W1,32,short,1.0,520,26.229802513464993,-0.12795898072689557,0.2920436478424595,0.9270113720935718,0.3153846153846154,-0.000348977368741801,-0.05262696947750011,0.28079997584877847,0.9695017808544416,-0.10924007374364841,-0.0058181475514972325,8907.599262563524
H4,5,1.5,W1,50,both,0.0,1135,57.64966624947852,0.5191501635422213,0.3140561969613975,1.2419427110628978,0.3629955947136564,0.0010864822488084055,0.6129391113114602,0.22981442184364986,1.3184253121970684,2.24609169607078,0.061630465986971306,32460.916960707757
H4,5,1.5,W1,50,both,1.0,1135,57.64966624947852,0.5191501635422213,0.3140561969613975,1.2419427110628978,0.3629955947136564,0.0010864822488084055,0.6129391113114602,0.22981442184364986,1.3184253121970684,2.24609169607078,0.061630465986971306,32460.916960707757
H4,5,1.5,W1,50,long,0.0,723,36.72309136420526,0.6568500427306876,0.27192806900692656,1.4105691176204365,0.3817427385892116,0.0017376857931911723,0.6900666162926287,0.21286854888839823,1.4928873922932056,2.298660084407944,0.06249707324828524,32986.60084407927
H4,5,1.5,W1,50,long,1.0,723,36.72309136420526,0.6568500427306876,0.27192806900692656,1.4105691176204365,0.3817427385892116,0.0017376857931911723,0.6900666162926287,0.21286854888839823,1.4928873922932056,2.298660084407944,0.06249707324828524,32986.60084407927
H4,5,1.5,W1,50,short,0.0,474,24.66920775149615,-0.019897011618526434,0.2781405340371874,0.987488934596999,0.33122362869198313,-6.011543082811258e-05,0.003730090678625879,0.3122586261400858,1.0022802632383427,-0.034571858972829994,-0.0018294462495954678,9654.281410271704
H4,5,1.5,W1,50,short,1.0,474,24.66920775149615,-0.019897011618526434,0.2781405340371874,0.987488934596999,0.33122362869198313,-6.011543082811258e-05,0.003730090678625879,0.3122586261400858,1.0022802632383427,-0.034571858972829994,-0.0018294462495954678,9654.281410271704
H4,5,1.5,W1,80,both,0.0,1078,58.14227702303603,0.47665761422057285,0.3610648420528382,1.2172414749488354,0.3580705009276438,0.0009571368119814238,0.5056626601929902,0.32734117902892035,1.2404186763115048,1.5217750910195194,0.0511535499362612,25217.750910195235
H4,5,1.5,W1,80,both,1.0,1078,58.14227702303603,0.47665761422057285,0.3610648420528382,1.2172414749488354,0.3580705009276438,0.0009571368119814238,0.5056626601929902,0.32734117902892035,1.2404186763115048,1.5217750910195194,0.0511535499362612,25217.750910195235
H4,5,1.5,W1,80,long,0.0,684,36.973656948349856,0.6472749694249998,0.2848495247689258,1.4084195269555002,0.3742690058479532,0.0017049558415058886,0.6543602126996438,0.24299046418443881,1.4507031523358593,1.9308408243031883,0.05984728187392507,29308.408243031852
H4,5,1.5,W1,80,long,1.0,684,36.973656948349856,0.6472749694249998,0.2848495247689258,1.4084195269555002,0.3742690058479532,0.0017049558415058886,0.6543602126996438,0.24299046418443881,1.4507031523358593,1.9308408243031883,0.05984728187392507,29308.408243031852
H4,5,1.5,W1,80,short,0.0,415,24.906137035819913,-0.1430598152640005,0.2727860987927776,0.9178874418614774,0.327710843373494,-0.0003955188719996903,-0.09485681698771165,0.21317551517274602,0.9481488351760852,-0.12516343562456356,-0.007992954147151288,8748.365643754385
H4,5,1.5,W1,80,short,1.0,415,24.906137035819913,-0.1430598152640005,0.2727860987927776,0.9178874418614774,0.327710843373494,-0.0003955188719996903,-0.09485681698771165,0.21317551517274602,0.9481488351760852,-0.12516343562456356,-0.007992954147151288,8748.365643754385
H4,5,1.5,W1,120,both,0.0,998,58.6987922705314,0.5290266620032604,0.29341436426082157,1.2487970202095753,0.35070140280561124,0.00107001248468225,0.6136400513000642,0.23194103718942694,1.3173064076297911,2.1220392995801767,0.06925452567199475,31220.392995801674
H4,5,1.5,W1,120,both,1.0,998,58.6987922705314,0.5290266620032604,0.29341436426082157,1.2487970202095753,0.35070140280561124,0.00107001248468225,0.6136400513000642,0.23194103718942694,1.3173064076297911,2.1220392995801767,0.06925452567199475,31220.392995801674
H4,5,1.5,W1,120,long,0.0,650,38.310876230434076,0.6490348055195906,0.2744264677136594,1.4081568889866491,0.3646153846153846,0.0017263864045282845,0.6758612359309158,0.2527057245909623,1.4613620126280593,2.111393959146232,0.06918947285527799,31113.939591462364
H4,5,1.5,W1,120,long,1.0,650,38.310876230434076,0.6490348055195906,0.2744264677136594,1.4081568889866491,0.3646153846153846,0.0017263864045282845,0.6758612359309158,0.2527057245909623,1.4613620126280593,2.111393959146232,0.06918947285527799,31113.939591462364
H4,5,1.5,W1,120,short,0.0,366,24.834014490061303,-0.025336891226653068,0.18038703782706722,0.9843727026645788,0.32786885245901637,-6.76798341795716e-05,0.07294765998183476,0.18299220237284608,1.046745481228539,0.04121174977012032,0.002743993172133141,10412.117497701225
H4,5,1.5,W1,120,short,1.0,366,24.834014490061303,-0.025336891226653068,0.18038703782706722,0.9843727026645788,0.32786885245901637,-6.76798341795716e-05,0.07294765998183476,0.18299220237284608,1.046745481228539,0.04121174977012032,0.002743993172133141,10412.117497701225
H4,8,2.5,none,0,both,0.0,745,34.461911094224924,0.5179445883676035,0.27789061182933306,1.3309880588806442,0.4,0.0021116102751806364,0.4993304995392677,0.2334201772404325,1.362053649845088,1.6133316151844248,0.04543832467256048,26133.31615184436
H4,8,2.5,none,0,both,1.0,745,34.461911094224924,0.5179445883676035,0.27789061182933306,1.3309880588806442,0.4,0.0021116102751806364,0.4993304995392677,0.2334201772404325,1.362053649845088,1.6133316151844248,0.04543832467256048,26133.31615184436
H4,8,2.5,none,0,long,0.0,653,30.206212006079028,0.7289393170195523,0.1732620190443659,1.5459929083700257,0.41807044410413474,0.0033031760354406766,0.7074449456755534,0.12876178565597385,1.6263009762545084,3.077086258377575,0.06716929430990137,40770.862583775845
H4,8,2.5,none,0,long,1.0,653,30.206212006079028,0.7289393170195523,0.1732620190443659,1.5459929083700257,0.41807044410413474,0.0033031760354406766,0.7074449456755534,0.12876178565597385,1.6263009762545084,3.077086258377575,0.06716929430990137,40770.862583775845
H4,8,2.5,none,0,short,0.0,654,30.248638723565907,-0.20714310156358492,0.4796426699496392,0.8986009495587973,0.3486238532110092,-0.0007154284988053582,-0.17676803618343076,0.32491976944155254,0.9111200850798314,-0.24892750613379389,-0.013152445020943815,7510.724938662073
H4,8,2.5,none,0,short,1.0,654,30.248638723565907,-0.20714310156358492,0.4796426699496392,0.8986009495587973,0.3486238532110092,-0.0007154284988053582,-0.17676803618343076,0.32491976944155254,0.9111200850798314,-0.24892750613379389,-0.013152445020943815,7510.724938662073
H4,8,2.5,D1,20,both,0.0,350,16.486652050554554,0.5200424985423833,0.11688752542493497,1.458878010580404,0.40285714285714286,0.002777830181246591,0.553120643315941,0.10305454885025811,1.5183535569828583,0.8869140461009501,0.030360559639580398,18869.140461009512
H4,8,2.5,D1,20,both,1.0,350,16.486652050554554,0.5200424985423833,0.11688752542493497,1.458878010580404,0.40285714285714286,0.002777830181246591,0.553120643315941,0.10305454885025811,1.5183535569828583,0.8869140461009501,0.030360559639580398,18869.140461009512
H4,8,2.5,D1,20,long,0.0,211,9.959647195657793,0.6110236184342842,0.09479745630673542,1.7539825047614395,0.44549763033175355,0.004029880978967541,0.6669416734119924,0.07108798389373139,1.8979762100055657,0.8209550237781762,0.028695108689727356,18209.55023778176
H4,8,2.5,D1,20,long,1.0,211,9.959647195657793,0.6110236184342842,0.09479745630673542,1.7539825047614395,0.44549763033175355,0.004029880978967541,0.6669416734119924,0.07108798389373139,1.8979762100055657,0.8209550237781762,0.028695108689727356,18209.55023778176
H4,8,2.5,D1,20,short,0.0,186,8.777325581395349,0.05395350532863053,0.19207475543277497,1.0565207166107828,0.3333333333333333,0.0003751921891869574,0.029440936614298453,0.11339299460280794,1.0305086246426716,0.009019630448079852,0.0004238173735060524,10090.196304480829
H4,8,2.5,D1,20,short,1.0,186,8.777325581395349,0.05395350532863053,0.19207475543277497,1.0565207166107828,0.3333333333333333,0.0003751921891869574,0.029440936614298453,0.11339299460280794,1.0305086246426716,0.009019630448079852,0.0004238173735060524,10090.196304480829
H4,8,2.5,D1,32,both,0.0,401,18.869524607060036,0.4087042366481169,0.17938714307678916,1.3221805629667205,0.3940149625935162,0.0019480363108659662,0.39969565856342876,0.1158943055457875,1.3017901279246535,0.5238197847150732,0.020018750265023755,15238.197847150745
H4,8,2.5,D1,32,both,1.0,401,18.869524607060036,0.4087042366481169,0.17938714307678916,1.3221805629667205,0.3940149625935162,0.0019480363108659662,0.39969565856342876,0.1158943055457875,1.3017901279246535,0.5238197847150732,0.020018750265023755,15238.197847150745
H4,8,2.5,D1,32,long,0.0,234,11.056727037516172,0.5853098993672522,0.12384161088891055,1.6861262193972866,0.4444444444444444,0.003847919243531297,0.6220141894812566,0.07711624705001896,1.6929564324637674,0.6908786299072931,0.025129033975912263,16908.786299072926
H4,8,2.5,D1,32,long,1.0,234,11.056727037516172,0.5853098993672522,0.12384161088891055,1.6861262193972866,0.4444444444444444,0.003847919243531297,0.6220141894812566,0.07711624705001896,1.6929564324637674,0.6908786299072931,0.025129033975912263,16908.786299072926
H4,8,2.5,D1,32,short,0.0,190,8.973041117145074,-0.069297959135316,0.1489669414504734,0.9345240846501156,0.33157894736842103,-0.0004230726636335695,-0.04175025144698136,0.10262360521293445,0.958278255323955,-0.04357770981515696,-0.0021020006593199803,9564.222901848436
H4,8,2.5,D1,32,short,1.0,190,8.973041117145074,-0.069297959135316,0.1489669414504734,0.9345240846501156,0.33157894736842103,-0.0004230726636335695,-0.04175025144698136,0.10262360521293445,0.958278255323955,-0.04357770981515696,-0.0021020006593199803,9564.222901848436
H4,8,2.5,D1,50,both,0.0,440,20.76356589147287,0.2409010178269058,0.29359558091473426,1.162581558108022,0.3886363636363636,0.0010670502161092812,0.3363962553326316,0.18682338240986318,1.2495357925502322,0.5049445932217622,0.019476405789803142,15049.445932217577
H4,8,2.5,D1,50,both,1.0,440,20.76356589147287,0.2409010178269058,0.29359558091473426,1.162581558108022,0.3886363636363636,0.0010670502161092812,0.3363962553326316,0.18682338240986318,1.2495357925502322,0.5049445932217622,0.019476405789803142,15049.445932217577
H4,8,2.5,D1,50,long,0.0,249,11.750290697674417,0.48129765963600496,0.2199252417879588,1.488527700550735,0.42168674698795183,0.002928912667441633,0.5114527409773557,0.14516421847486205,1.5678099779995922,0.6701055538676088,0.024498361895740173,16701.0555386761
H4,8,2.5,D1,50,long,1.0,249,11.750290697674417,0.48129765963600496,0.2199252417879588,1.488527700550735,0.42168674698795183,0.002928912667441633,0.5114527409773557,0.14516421847486205,1.5678099779995922,0.6701055538676088,0.024498361895740173,16701.0555386761
H4,8,2.5,D1,50,short,0.0,210,10.054069996067637,-0.2863148164628043,0.31177784987953205,0.7730258863180827,0.3333333333333333,-0.0016760320677863209,-0.1772731685756664,0.16251411816551387,0.846983080652543,-0.13920338236627383,-0.007150858261837367,8607.966176337262
H4,8,2.5,D1,50,short,1.0,210,10.054069996067637,-0.2863148164628043,0.31177784987953205,0.7730258863180827,0.3333333333333333,-0.0016760320677863209,-0.1772731685756664,0.16251411816551387,0.846983080652543,-0.13920338236627383,-0.007150858261837367,8607.966176337262
H4,8,2.5,D1,80,both,0.0,474,22.643015956055457,0.24109098423452122,0.2575265987996952,1.156013645111803,0.3881856540084388,0.0010275084259457675,0.42722357683301865,0.14133153262547038,1.3145366181491034,0.7292268493415424,0.026507688709205057,17292.268493415417
H4,8,2.5,D1,80,both,1.0,474,22.643015956055457,0.24109098423452122,0.2575265987996952,1.156013645111803,0.3881856540084388,0.0010275084259457675,0.42722357683301865,0.14133153262547038,1.3145366181491034,0.7292268493415424,0.026507688709205057,17292.268493415417
H4,8,2.5,D1,80,long,0.0,264,12.754761904761905,0.4310248198341506,0.12939004012668065,1.408520036335318,0.42803030303030304,0.00260952059383582,0.565931112542533,0.07054902678769026,1.6244362852186773,0.8191191026236533,0.029330398909846345,18191.191026236567
H4,8,2.5,D1,80,long,1.0,264,12.754761904761905,0.4310248198341506,0.12939004012668065,1.408520036335318,0.42803030303030304,0.00260952059383582,0.565931112542533,0.07054902678769026,1.6244362852186773,0.8191191026236533,0.029330398909846345,18191.191026236567
H4,8,2.5,D1,80,short,0.0,221,10.557186764321214,-0.09902408972963542,0.24882030367217478,0.9154917517847856,0.3438914027149321,-0.000568468997882011,0.040514748438314346,0.13231233554086497,1.0390152468030538,0.01780440734661215,0.0008433905473064218,10178.044073466146
H4,8,2.5,D1,80,short,1.0,221,10.557186764321214,-0.09902408972963542,0.24882030367217478,0.9154917517847856,0.3438914027149321,-0.000568468997882011,0.040514748438314346,0.13231233554086497,1.0390152468030538,0.01780440734661215,0.0008433905473064218,10178.044073466146
H4,8,2.5,D1,120,both,0.0,508,24.497887509902295,0.4037807677419834,0.156112705439025,1.264776216043945,0.4035433070866142,0.0016985220443149326,0.5120242978926491,0.13382579200487865,1.3543760316876818,0.9549733373190161,0.03285660362167908,19549.733373190105
H4,8,2.5,D1,120,both,1.0,508,24.497887509902295,0.4037807677419834,0.156112705439025,1.264776216043945,0.4035433070866142,0.0016985220443149326,0.5120242978926491,0.13382579200487865,1.3543760316876818,0.9549733373190161,0.03285660362167908,19549.733373190105
H4,8,2.5,D1,120,long,0.0,288,13.894069475630696,0.5860134938415996,0.1283080511000002,1.5619841760046653,0.4618055555555556,0.0034380958680136284,0.6833994194422573,0.07259664043937553,1.732683660852564,1.082916902696816,0.03603346826525189,20829.169026968124
H4,8,2.5,D1,120,long,1.0,288,13.894069475630696,0.5860134938415996,0.1283080511000002,1.5619841760046653,0.4618055555555556,0.0034380958680136284,0.6833994194422573,0.07259664043937553,1.732683660852564,1.082916902696816,0.03603346826525189,20829.169026968124
H4,8,2.5,D1,120,short,0.0,230,11.315665409482758,-0.041065695362788174,0.2317214563997685,0.9650084198378479,0.3391304347826087,-0.00023337438609651444,0.034934314254870244,0.1428425925875454,1.0306962737662066,0.012517893571769134,0.0006122267083406019,10125.178935717691
H4,8,2.5,D1,120,short,1.0,230,11.315665409482758,-0.041065695362788174,0.2317214563997685,0.9650084198378479,0.3391304347826087,-0.00023337438609651444,0.034934314254870244,0.1428425925875454,1.0306962737662066,0.012517893571769134,0.0006122267083406019,10125.178935717691
H4,8,2.5,W1,20,both,0.0,574,27.549737187910644,0.33454097895358875,0.2548501112578724,1.216203441644575,0.4024390243902439,0.0014120238636733766,0.36129843561969177,0.20612887498700394,1.217528788009804,0.5946103929289337,0.022649055148465935,15946.103929289307
H4,8,2.5,W1,20,both,1.0,574,27.549737187910644,0.33454097895358875,0.2548501112578724,1.216203441644575,0.4024390243902439,0.0014120238636733766,0.36129843561969177,0.20612887498700394,1.217528788009804,0.5946103929289337,0.022649055148465935,15946.103929289307
H4,8,2.5,W1,20,long,0.0,341,16.366655716162946,0.5673376295208388,0.15967966572843073,1.6156792060869312,0.44574780058651026,0.004025179510283937,0.5789632474850093,0.12761292288727544,1.7723240843975214,1.5931708071082284,0.04679650157960169,25931.708071082256
H4,8,2.5,W1,20,long,1.0,341,16.366655716162946,0.5673376295208388,0.15967966572843073,1.6156792060869312,0.44574780058651026,0.004025179510283937,0.5789632474850093,0.12761292288727544,1.7723240843975214,1.5931708071082284,0.04679650157960169,25931.708071082256
H4,8,2.5,W1,20,short,0.0,277,13.593208383716243,-0.10908285688327492,0.24064504619050187,0.9173216178438911,0.34657039711191334,-0.0005532294873350687,-0.03758359745677873,0.16588707251321122,0.9714292351521229,-0.04872935136216461,-0.0024485185339819804,9512.706486378345
H4,8,2.5,W1,20,short,1.0,277,13.593208383716243,-0.10908285688327492,0.24064504619050187,0.9173216178438911,0.34657039711191334,-0.0005532294873350687,-0.03758359745677873,0.16588707251321122,0.9714292351521229,-0.04872935136216461,-0.0024485185339819804,9512.706486378345
H4,8,2.5,W1,32,both,0.0,563,27.635499260852036,0.3610522502612294,0.26878341102339576,1.235746829203949,0.3996447602131439,0.0015649203056874285,0.4746753259896993,0.14766115256566636,1.314797755112918,0.9643275682450929,0.033695773092502046,19643.27568245098
H4,8,2.5,W1,32,both,1.0,563,27.635499260852036,0.3610522502612294,0.26878341102339576,1.235746829203949,0.3996447602131439,0.0015649203056874285,0.4746753259896993,0.14766115256566636,1.314797755112918,0.9643275682450929,0.033695773092502046,19643.27568245098
H4,8,2.5,W1,32,long,0.0,344,16.885633651390943,0.5618354980909928,0.18831834450688723,1.5424249016050164,0.43023255813953487,0.0034747719048943164,0.6359656600604787,0.11209069609557676,1.5852063479240321,1.100444608646776,0.03710091090379675,21004.44608646777
H4,8,2.5,W1,32,long,1.0,344,16.885633651390943,0.5618354980909928,0.18831834450688723,1.5424249016050164,0.43023255813953487,0.0034747719048943164,0.6359656600604787,0.11209069609557676,1.5852063479240321,1.100444608646776,0.03710091090379675,21004.44608646777
H4,8,2.5,W1,32,short,0.0,266,13.67245989304813,-0.03246348524746367,0.2184227839995495,0.974723742343287,0.37218045112781956,-0.00016941556623702696,0.07703954182552894,0.15984002734896252,1.065420172255043,0.05218495874188589,0.0026180949331866543,10521.84958741887
H4,8,2.5,W1,32,short,1.0,266,13.67245989304813,-0.03246348524746367,0.2184227839995495,0.974723742343287,0.37218045112781956,-0.00016941556623702696,0.07703954182552894,0.15984002734896252,1.065420172255043,0.05218495874188589,0.0026180949331866543,10521.84958741887
H4,8,2.5,W1,50,both,0.0,550,27.93596161869003,0.5454276195749531,0.27842914675867936,1.4178505219815016,0.4090909090909091,0.002615802625795072,0.5794067389966855,0.16167594773746374,1.5356652545631309,1.8938740430780086,0.055455133382080524,28938.740430780126
H4,8,2.5,W1,50,both,1.0,550,27.93596161869003,0.5454276195749531,0.27842914675867936,1.4178505219815016,0.4090909090909091,0.002615802625795072,0.5794067389966855,0.16167594773746374,1.5356652545631309,1.8938740430780086,0.055455133382080524,28938.740430780126
H4,8,2.5,W1,50,long,0.0,364,18.48852732582395,0.5512125388412443,0.20755515412133319,1.5745702133272506,0.4175824175824176,0.003454051067720505,0.5693654541506754,0.1385224249252328,1.7241169069991062,1.5711850495565671,0.04913593314151665,25711.85049556571
H4,8,2.5,W1,50,long,1.0,364,18.48852732582395,0.5512125388412443,0.20755515412133319,1.5745702133272506,0.4175824175824176,0.003454051067720505,0.5693654541506754,0.1385224249252328,1.7241169069991062,1.5711850495565671,0.04913593314151665,25711.85049556571
H4,8,2.5,W1,50,short,0.0,232,12.108888253786796,0.2229314920036007,0.1691747861215318,1.2180670855340041,0.40086206896551724,0.0014028961798759386,0.239160536464693,0.1315624848838628,1.2361820911620853,0.22013462171710585,0.01043858390950514,12201.34621717104
H4,8,2.5,W1,50,short,1.0,232,12.108888253786796,0.2229314920036007,0.1691747861215318,1.2180670855340041,0.40086206896551724,0.0014028961798759386,0.239160536464693,0.1315624848838628,1.2361820911620853,0.22013462171710585,0.01043858390950514,12201.34621717104
H4,8,2.5,W1,80,both,0.0,534,28.878220313888068,0.47410204743318296,0.2607527391773098,1.354625759943888,0.3913857677902622,0.0021966716131602776,0.5046740966708664,0.18187203529009666,1.449860940727361,1.4317689628390808,0.04922907674542509,24317.689628390806
H4,8,2.5,W1,80,both,1.0,534,28.878220313888068,0.47410204743318296,0.2607527391773098,1.354625759943888,0.3913857677902622,0.0021966716131602776,0.5046740966708664,0.18187203529009666,1.449860940727361,1.4317689628390808,0.04922907674542509,24317.689628390806
H4,8,2.5,W1,80,long,0.0,348,18.81951436185964,0.6079674971178806,0.19609706477785138,1.669644932464044,0.4109195402298851,0.0037870251489698645,0.6089479227609651,0.16188224692637387,1.7763058814058292,1.6148802971181007,0.05335655792109817,26148.802971180965
H4,8,2.5,W1,80,long,1.0,348,18.81951436185964,0.6079674971178806,0.19609706477785138,1.669644932464044,0.4109195402298851,0.0037870251489698645,0.6089479227609651,0.16188224692637387,1.7763058814058292,1.6148802971181007,0.05335655792109817,26148.802971180965
H4,8,2.5,W1,80,short,0.0,202,12.731751509922347,-0.0741099859317677,0.24962588872709435,0.9387586453688209,0.3564356435643564,-0.0004369549956758642,-0.08001198405355499,0.1119781497244865,0.9365392208753811,-0.06769374814836604,-0.0044081682278311884,9323.06251851633
H4,8,2.5,W1,80,short,1.0,202,12.731751509922347,-0.0741099859317677,0.24962588872709435,0.9387586453688209,0.3564356435643564,-0.0004369549956758642,-0.08001198405355499,0.1119781497244865,0.9365392208753811,-0.06769374814836604,-0.0044081682278311884,9323.06251851633
H4,8,2.5,W1,120,both,0.0,493,29.001167659848605,0.5101024200915923,0.2652788412467848,1.3869181416571874,0.39148073022312374,0.0023203341438598805,0.5943509011610835,0.20850699421152807,1.523333439654304,1.6388286676881418,0.058741390727846454,26388.28667688139
H4,8,2.5,W1,120,both,1.0,493,29.001167659848605,0.5101024200915923,0.2652788412467848,1.3869181416571874,0.39148073022312374,0.0023203341438598805,0.5943509011610835,0.20850699421152807,1.523333439654304,1.6388286676881418,0.058741390727846454,26388.28667688139
H4,8,2.5,W1,120,long,0.0,329,19.391197353558173,0.6350384693642177,0.2019873325382513,1.68335114634765,0.425531914893617,0.003882490042647002,0.6620494014608038,0.14722594032714942,1.8408387142703322,1.6721075573262638,0.059640843465666116,26721.075573262624
H4,8,2.5,W1,120,long,1.0,329,19.391197353558173,0.6350384693642177,0.2019873325382513,1.68335114634765,0.425531914893617,0.003882490042647002,0.6620494014608038,0.14722594032714942,1.8408387142703322,1.6721075573262638,0.059640843465666116,26721.075573262624
H4,8,2.5,W1,120,short,0.0,181,12.539880500758725,-0.13497511111422322,0.25350131083454097,0.8947750035717715,0.3259668508287293,-0.0006847914790218665,0.029180295117457882,0.1752930809723161,1.0255415505315948,0.0036751976217375137,0.0002541873131154393,10036.75197621736
H4,8,2.5,W1,120,short,1.0,181,12.539880500758725,-0.13497511111422322,0.25350131083454097,0.8947750035717715,0.3259668508287293,-0.0006847914790218665,0.029180295117457882,0.1752930809723161,1.0255415505315948,0.0036751976217375137,0.0002541873131154393,10036.75197621736
H4,8,3.0,none,0,both,0.0,578,26.777587519025875,0.30455034495734473,0.34731939737393913,1.2051168942450323,0.370242214532872,0.0015352069156204652,0.31201085158620795,0.17827377679519996,1.2481502602926786,0.6526503004633959,0.023547234376781745,16526.50300463403
H4,8,3.0,none,0,both,1.0,578,26.777587519025875,0.30455034495734473,0.34731939737393913,1.2051168942450323,0.370242214532872,0.0015352069156204652,0.31201085158620795,0.17827377679519996,1.2481502602926786,0.6526503004633959,0.023547234376781745,16526.50300463403
H4,8,3.0,none,0,long,0.0,514,23.836782630777044,0.626879601394393,0.2170395230827863,1.5367008539553897,0.4163424124513619,0.0037041830057620915,0.5886764032432192,0.16892122774182627,1.581622478202748,1.9328329414052812,0.05116400127882281,29328.329414052896
H4,8,3.0,none,0,long,1.0,514,23.836782630777044,0.626879601394393,0.2170395230827863,1.5367008539553897,0.4163424124513619,0.0037041830057620915,0.5886764032432192,0.16892122774182627,1.581622478202748,1.9328329414052812,0.05116400127882281,29328.329414052896
H4,8,3.0,none,0,short,0.0,515,23.855897273303743,-0.19915535404677778,0.4678325411268617,0.8918469712234178,0.32815533980582523,-0.0008654330083257616,-0.25058053859937146,0.300260086702938,0.8664296526599902,-0.2553058036860065,-0.01356210726714413,7446.9419631399505
H4,8,3.0,none,0,short,1.0,515,23.855897273303743,-0.19915535404677778,0.4678325411268617,0.8918469712234178,0.32815533980582523,-0.0008654330083257616,-0.25058053859937146,0.300260086702938,0.8664296526599902,-0.2553058036860065,-0.01356210726714413,7446.9419631399505
H4,8,3.0,D1,20,both,0.0,243,11.434649574851841,0.1740324458146031,0.2981184257858924,1.1687313139589313,0.37037037037037035,0.0012062759897415135,0.17610614795540888,0.13307328091094783,1.176709633194476,0.1522070585594224,0.006689157794686373,11522.070585594249
H4,8,3.0,D1,20,both,1.0,243,11.434649574851841,0.1740324458146031,0.2981184257858924,1.1687313139589313,0.37037037037037035,0.0012062759897415135,0.17610614795540888,0.13307328091094783,1.176709633194476,0.1522070585594224,0.006689157794686373,11522.070585594249
H4,8,3.0,D1,20,long,0.0,156,7.340762690028343,0.4280744084458127,0.10421611054280289,1.623291578718321,0.47435897435897434,0.003756685400415654,0.4905041560086097,0.06207873247330742,1.8156181960927364,0.4509952379534492,0.017670961340825242,14509.952379534489
H4,8,3.0,D1,20,long,1.0,156,7.340762690028343,0.4280744084458127,0.10421611054280289,1.623291578718321,0.47435897435897434,0.003756685400415654,0.4905041560086097,0.06207873247330742,1.8156181960927364,0.4509952379534492,0.017670961340825242,14509.952379534489
H4,8,3.0,D1,20,short,0.0,131,6.364425379090184,-0.11442439251967644,0.23078459009422647,0.8732821262979488,0.2748091603053435,-0.001006427407020972,-0.1949565905958375,0.1506833130845635,0.7995511829488839,-0.1148214288279703,-0.005907995814300238,8851.785711720298
H4,8,3.0,D1,20,short,1.0,131,6.364425379090184,-0.11442439251967644,0.23078459009422647,0.8732821262979488,0.2748091603053435,-0.001006427407020972,-0.1949565905958375,0.1506833130845635,0.7995511829488839,-0.1148214288279703,-0.005907995814300238,8851.785711720298
H4,8,3.0,D1,32,both,0.0,279,13.086522409143445,0.2264880062998054,0.18479079967225132,1.2012243047534559,0.3870967741935484,0.0014639243391800798,0.23838098666028182,0.09302720401288533,1.2302333963544099,0.24668345687965787,0.010395617426673276,12466.8345687966
H4,8,3.0,D1,32,both,1.0,279,13.086522409143445,0.2264880062998054,0.18479079967225132,1.2012243047534559,0.3870967741935484,0.0014639243391800798,0.23838098666028182,0.09302720401288533,1.2302333963544099,0.24668345687965787,0.010395617426673276,12466.8345687966
H4,8,3.0,D1,32,long,0.0,174,8.195164410058027,0.331260200542475,0.1394779193464436,1.4212516560024187,0.4425287356321839,0.0027972372905708718,0.3081288226246802,0.0924540658495594,1.4196553455509653,0.26932119660473997,0.011295509776980683,12693.211966047382
H4,8,3.0,D1,32,long,1.0,174,8.195164410058027,0.331260200542475,0.1394779193464436,1.4212516560024187,0.4425287356321839,0.0027972372905708718,0.3081288226246802,0.0924540658495594,1.4196553455509653,0.26932119660473997,0.011295509776980683,12693.211966047382
H4,8,3.0,D1,32,short,0.0,131,6.276761117670209,-0.04727421651876941,0.2073616254398326,0.9479990314457888,0.31297709923664124,-0.00041482079782670486,-0.031816441737892276,0.11816451420166851,0.9641229099213182,-0.027730854776700786,-0.0013465653375808184,9722.691452232988
H4,8,3.0,D1,32,short,1.0,131,6.276761117670209,-0.04727421651876941,0.2073616254398326,0.9479990314457888,0.31297709923664124,-0.00041482079782670486,-0.031816441737892276,0.11816451420166851,0.9641229099213182,-0.027730854776700786,-0.0013465653375808184,9722.691452232988
H4,8,3.0,D1,50,both,0.0,307,14.824398466419884,-0.06409406486652089,0.4374994109157295,0.9529202053613443,0.3550488599348534,-0.00035772714754916604,-0.02760184642500237,0.23940655481967976,0.9786617753974015,-0.04657013306075686,-0.0023001740393940873,9534.298669392434
H4,8,3.0,D1,50,both,1.0,307,14.824398466419884,-0.06409406486652089,0.4374994109157295,0.9529202053613443,0.3550488599348534,-0.00035772714754916604,-0.02760184642500237,0.23940655481967976,0.9786617753974015,-0.04657013306075686,-0.0023001740393940873,9534.298669392434
H4,8,3.0,D1,50,long,0.0,181,8.774920361029999,0.21293672750315143,0.26513718904322847,1.2392397304386797,0.4088397790055249,0.0016481215189337692,0.17809679377605714,0.18489084380445742,1.2183057667311592,0.1505924327310928,0.006823835708394954,11505.924327310933
H4,8,3.0,D1,50,long,1.0,181,8.774920361029999,0.21293672750315143,0.26513718904322847,1.2392397304386797,0.4088397790055249,0.0016481215189337692,0.17809679377605714,0.18489084380445742,1.2183057667311592,0.1505924327310928,0.006823835708394954,11505.924327310933
H4,8,3.0,D1,50,short,0.0,140,6.801675977653631,-0.4188285683115487,0.3629748714817663,0.6447865613433443,0.2785714285714286,-0.0030281340720030446,-0.2979243615443263,0.15507401078299354,0.7334863492049554,-0.144715005016693,-0.0075658172276814595,8552.849949833078
H4,8,3.0,D1,50,short,1.0,140,6.801675977653631,-0.4188285683115487,0.3629748714817663,0.6447865613433443,0.2785714285714286,-0.0030281340720030446,-0.2979243615443263,0.15507401078299354,0.7334863492049554,-0.144715005016693,-0.0075658172276814595,8552.849949833078
H4,8,3.0,D1,80,both,0.0,342,16.382360655737706,0.10863308331082912,0.28062960882790144,1.0785344523889016,0.38596491228070173,0.0005649734911732306,0.28676399857834467,0.11160563584074268,1.2305879934627382,0.31083812923257015,0.01304979485581681,13108.381292325688
H4,8,3.0,D1,80,both,1.0,342,16.382360655737706,0.10863308331082912,0.28062960882790144,1.0785344523889016,0.38596491228070173,0.0005649734911732306,0.28676399857834467,0.11160563584074268,1.2305879934627382,0.31083812923257015,0.01304979485581681,13108.381292325688
H4,8,3.0,D1,80,long,0.0,191,9.227876984126985,0.300538164372205,0.10983456183150953,1.3161114183561713,0.450261780104712,0.002130094476510047,0.3830506550146481,0.07166073150782959,1.4401707947401172,0.32794971601695155,0.013797777306678194,13279.497160169502
H4,8,3.0,D1,80,long,1.0,191,9.227876984126985,0.300538164372205,0.10983456183150953,1.3161114183561713,0.450261780104712,0.002130094476510047,0.3830506550146481,0.07166073150782959,1.4401707947401172,0.32794971601695155,0.013797777306678194,13279.497160169502
H4,8,3.0,D1,80,short,0.0,156,7.5992264603894375,-0.0857324230169978,0.3132464305711875,0.9131479084375598,0.3076923076923077,-0.0006601232106880861,0.05280041122839427,0.14074750667174596,1.0596112590979327,0.02524904909853576,0.0012154236106844962,10252.490490985358
H4,8,3.0,D1,80,short,1.0,156,7.5992264603894375,-0.0857324230169978,0.3132464305711875,0.9131479084375598,0.3076923076923077,-0.0006601232106880861,0.05280041122839427,0.14074750667174596,1.0596112590979327,0.02524904909853576,0.0012154236106844962,10252.490490985358
H4,8,3.0,D1,120,both,0.0,382,18.42407236233989,0.30915752369850796,0.16752537055665662,1.2332605809594608,0.39267015706806285,0.001709821101262684,0.40337220945519675,0.08606627838907677,1.3308764302182259,0.5810425735376656,0.02233954194156129,15810.425735376646
H4,8,3.0,D1,120,both,1.0,382,18.42407236233989,0.30915752369850796,0.16752537055665662,1.2332605809594608,0.39267015706806285,0.001709821101262684,0.40337220945519675,0.08606627838907677,1.3308764302182259,0.5810425735376656,0.02233954194156129,15810.425735376646
H4,8,3.0,D1,120,long,0.0,217,10.468795403513406,0.5111455236539191,0.13019212955905257,1.5823639417869706,0.46543778801843316,0.003854722942649018,0.5556047293571561,0.06810274641161274,1.7075234340676932,0.6948181864934204,0.025778647198520632,16948.18186493421
H4,8,3.0,D1,120,long,1.0,217,10.468795403513406,0.5111455236539191,0.13019212955905257,1.5823639417869706,0.46543778801843316,0.003854722942649018,0.5556047293571561,0.06810274641161274,1.7075234340676932,0.6948181864934204,0.025778647198520632,16948.18186493421
H4,8,3.0,D1,120,short,0.0,172,8.463289775023576,-0.06463189941211668,0.30980624666375034,0.9374623777497484,0.313953488372093,-0.0005033057558247174,-0.05587694282307347,0.15079008158920681,0.9475496682482251,-0.04579815036535273,-0.002304082369936955,9542.018496346467
H4,8,3.0,D1,120,short,1.0,172,8.463289775023576,-0.06463189941211668,0.30980624666375034,0.9374623777497484,0.313953488372093,-0.0005033057558247174,-0.05587694282307347,0.15079008158920681,0.9475496682482251,-0.04579815036535273,-0.002304082369936955,9542.018496346467
H4,8,3.0,W1,20,both,0.0,442,21.217045603890128,0.2669606148917131,0.22573761579777407,1.1917775044072785,0.38687782805429866,0.0014222706226413252,0.29647794775364983,0.12749874522781968,1.2087629159133126,0.3852528360669727,0.0157661337743098,13852.528360669732
H4,8,3.0,W1,20,both,1.0,442,21.217045603890128,0.2669606148917131,0.22573761579777407,1.1917775044072785,0.38687782805429866,0.0014222706226413252,0.29647794775364983,0.12749874522781968,1.2087629159133126,0.3852528360669727,0.0157661337743098,13852.528360669732
H4,8,3.0,W1,20,long,0.0,266,12.768629254829806,0.4972212854044754,0.1431082806891456,1.5993667633391544,0.44360902255639095,0.004247479915677952,0.47215795604025945,0.10228878804856956,1.6716177731234179,0.8681628708489042,0.030453857618545355,18681.628708489076
H4,8,3.0,W1,20,long,1.0,266,12.768629254829806,0.4972212854044754,0.1431082806891456,1.5993667633391544,0.44360902255639095,0.004247479915677952,0.47215795604025945,0.10228878804856956,1.6716177731234179,0.8681628708489042,0.030453857618545355,18681.628708489076
H4,8,3.0,W1,20,short,0.0,216,10.599758162031439,-0.09516247474931191,0.26839373065271754,0.9188229453198669,0.3287037037037037,-0.000642387030634631,-0.08440774451616397,0.1476041837605676,0.9307403378901828,-0.0672131440239303,-0.003408602710920916,9327.868559760691
H4,8,3.0,W1,20,short,1.0,216,10.599758162031439,-0.09516247474931191,0.26839373065271754,0.9188229453198669,0.3287037037037037,-0.000642387030634631,-0.08440774451616397,0.1476041837605676,0.9307403378901828,-0.0672131440239303,-0.003408602710920916,9327.868559760691
H4,8,3.0,W1,32,both,0.0,439,21.58653069466882,0.3198623408067599,0.2779583290255343,1.2509652967006513,0.3804100227790433,0.001872582102845876,0.36532651784464526,0.11597034731661349,1.2941269447651853,0.5989215132627332,0.023346241761426523,15989.215132627343
H4,8,3.0,W1,32,both,1.0,439,21.58653069466882,0.3198623408067599,0.2779583290255343,1.2509652967006513,0.3804100227790433,0.001872582102845876,0.36532651784464526,0.11597034731661349,1.2941269447651853,0.5989215132627332,0.023346241761426523,15989.215132627343
H4,8,3.0,W1,32,long,0.0,270,13.276453957996768,0.4973984249775959,0.15406809719634773,1.5889223505102938,0.4222222222222222,0.004152954587024063,0.49163282227725225,0.09379278477290587,1.5985159452835198,0.7781837489344066,0.02870740040198827,17781.837489344078
H4,8,3.0,W1,32,long,1.0,270,13.276453957996768,0.4973984249775959,0.15406809719634773,1.5889223505102938,0.4222222222222222,0.004152954587024063,0.49163282227725225,0.09379278477290587,1.5985159452835198,0.7781837489344066,0.02870740040198827,17781.837489344078
H4,8,3.0,W1,32,short,0.0,211,10.843921485859012,-0.07079964925040244,0.24703401301452865,0.9395025602095092,0.3412322274881517,-0.00046339088061633267,-0.046808861650014785,0.10667708203125903,0.960483273546564,-0.04460613809587344,-0.0023423969258307142,9553.93861904126
H4,8,3.0,W1,32,short,1.0,211,10.843921485859012,-0.07079964925040244,0.24703401301452865,0.9395025602095092,0.3412322274881517,-0.00046339088061633267,-0.046808861650014785,0.10667708203125903,0.960483273546564,-0.04460613809587344,-0.0023423969258307142,9553.93861904126
H4,8,3.0,W1,50,both,0.0,436,22.145598664997916,0.48035797610026604,0.27761670718531406,1.4086141119782574,0.39908256880733944,0.0029640118889718943,0.5001015638889378,0.14368559807176606,1.4912659376499648,1.1846620932918066,0.04049076311242161,21846.620932918097
H4,8,3.0,W1,50,both,1.0,436,22.145598664997916,0.48035797610026604,0.27761670718531406,1.4086141119782574,0.39908256880733944,0.0029640118889718943,0.5001015638889378,0.14368559807176606,1.4912659376499648,1.1846620932918066,0.04049076311242161,21846.620932918097
H4,8,3.0,W1,50,long,0.0,290,14.729870671672925,0.4949714597873337,0.19786476894007743,1.589239627536646,0.4241379310344828,0.003940328741748223,0.4886772359213184,0.1252269290170207,1.6553387631909093,0.949161786728709,0.03448010914642796,19491.617867287125
H4,8,3.0,W1,50,long,1.0,290,14.729870671672925,0.4949714597873337,0.19786476894007743,1.589239627536646,0.4241379310344828,0.003940328741748223,0.4886772359213184,0.1252269290170207,1.6553387631909093,0.949161786728709,0.03448010914642796,19491.617867287125
H4,8,3.0,W1,50,short,0.0,183,9.584277315744194,0.16930483393887052,0.1873889562390385,1.17579038909399,0.36065573770491804,0.0013504008187642414,0.22337744263289974,0.10560101437168556,1.2368654948991435,0.16729697670446098,0.008134543800071281,11672.96976704462
H4,8,3.0,W1,50,short,1.0,183,9.584277315744194,0.16930483393887052,0.1873889562390385,1.17579038909399,0.36065573770491804,0.0013504008187642414,0.22337744263289974,0.10560101437168556,1.2368654948991435,0.16729697670446098,0.008134543800071281,11672.96976704462
H4,8,3.0,W1,80,both,0.0,420,22.71320698845129,0.3543176763557855,0.3307386016098214,1.2929982660824293,0.36904761904761907,0.002146279169611785,0.36586339151793495,0.18795276236297231,1.351897394709574,0.7019215502894423,0.02917444547515924,17019.21550289442
H4,8,3.0,W1,80,both,1.0,420,22.71320698845129,0.3543176763557855,0.3307386016098214,1.2929982660824293,0.36904761904761907,0.002146279169611785,0.36586339151793495,0.18795276236297231,1.351897394709574,0.7019215502894423,0.02917444547515924,17019.21550289442
H4,8,3.0,W1,80,long,0.0,280,15.142137992300858,0.5002815386207694,0.26470307890737355,1.6038210181185302,0.40714285714285714,0.00400356432443853,0.4665246449897365,0.16800193336598712,1.6348266736466448,0.8876424647709245,0.03495503400288946,18876.424647709282
H4,8,3.0,W1,80,long,1.0,280,15.142137992300858,0.5002815386207694,0.26470307890737355,1.6038210181185302,0.40714285714285714,0.00400356432443853,0.4665246449897365,0.16800193336598712,1.6348266736466448,0.8876424647709245,0.03495503400288946,18876.424647709282
H4,8,3.0,W1,80,short,0.0,158,10.024231370505472,-0.07153441851819388,0.27378131458512445,0.9349197905369467,0.3037974683544304,-0.0005518069199464296,-0.11575431815165352,0.14805056813904138,0.9037840146591277,-0.06908973489705339,-0.004531843738327157,9309.102651029467
H4,8,3.0,W1,80,short,1.0,158,10.024231370505472,-0.07153441851819388,0.27378131458512445,0.9349197905369467,0.3037974683544304,-0.0005518069199464296,-0.11575431815165352,0.14805056813904138,0.9037840146591277,-0.06908973489705339,-0.004531843738327157,9309.102651029467
H4,8,3.0,W1,120,both,0.0,388,22.824448381381863,0.4131608931454448,0.30785343254080866,1.3502437811894508,0.38144329896907214,0.002449166972719459,0.4537817697258397,0.18816982029622376,1.432489948552776,0.8548494234529791,0.0370113215118153,18548.4942345298
H4,8,3.0,W1,120,both,1.0,388,22.824448381381863,0.4131608931454448,0.30785343254080866,1.3502437811894508,0.38144329896907214,0.002449166972719459,0.4537817697258397,0.18816982029622376,1.432489948552776,0.8548494234529791,0.0370113215118153,18548.4942345298
H4,8,3.0,W1,120,long,0.0,263,15.503671723692706,0.5002255913347993,0.27420148797490773,1.5913977642712362,0.42585551330798477,0.003935471606521944,0.4832735969125194,0.17288372521569062,1.6590239786609975,0.8451038954123777,0.036768389561992354,18451.03895412378
H4,8,3.0,W1,120,long,1.0,263,15.503671723692706,0.5002255913347993,0.27420148797490773,1.5913977642712362,0.42585551330798477,0.003935471606521944,0.4832735969125194,0.17288372521569062,1.6590239786609975,0.8451038954123777,0.036768389561992354,18451.03895412378
H4,8,3.0,W1,120,short,0.0,141,9.768636191198786,-0.0722515081331665,0.23265876295972254,0.9352071608389596,0.3049645390070922,-0.0004833466434198221,0.026952969633804086,0.12464809725323778,1.0250056178182614,0.004683091942706996,0.00032374484094566114,10046.830919427071
H4,8,3.0,W1,120,short,1.0,141,9.768636191198786,-0.0722515081331665,0.23265876295972254,0.9352071608389596,0.3049645390070922,-0.0004833466434198221,0.026952969633804086,0.12464809725323778,1.0250056178182614,0.004683091942706996,0.00032374484094566114,10046.830919427071
H4,8,2.0,none,0,both,0.0,1039,48.055559073065716,0.6259148101342082,0.2717186986367329,1.3182648437793922,0.3994225216554379,0.001706997345963741,0.6506541895535479,0.23063279447078622,1.3394148267620791,2.3699919048258904,0.0578004644176251,33699.919048259006
H4,8,2.0,none,0,both,1.0,1039,48.055559073065716,0.6259148101342082,0.2717186986367329,1.3182648437793922,0.3994225216554379,0.001706997345963741,0.6506541895535479,0.23063279447078622,1.3394148267620791,2.3699919048258904,0.0578004644176251,33699.919048259006
H4,8,2.0,none,0,long,0.0,890,41.16926291793313,0.8332716365219802,0.2380422334887664,1.4945532797663634,0.4134831460674157,0.002540949755390353,0.8581539168472058,0.17497021896379605,1.54276900467334,3.524095878568766,0.07231733547333952,45240.95878568765
H4,8,2.0,none,0,long,1.0,890,41.16926291793313,0.8332716365219802,0.2380422334887664,1.4945532797663634,0.4134831460674157,0.002540949755390353,0.8581539168472058,0.17497021896379605,1.54276900467334,3.524095878568766,0.07231733547333952,45240.95878568765
H4,8,2.0,none,0,short,0.0,891,41.20508356545961,-0.10798475438321897,0.3748595282047178,0.9513757660055449,0.34231200897867564,-0.00028547531248109844,-0.09057623749223734,0.2983703711983642,0.9587984634818764,-0.20403522468046775,-0.010497835997653304,7959.6477531953105
H4,8,2.0,none,0,short,1.0,891,41.20508356545961,-0.10798475438321897,0.3748595282047178,0.9513757660055449,0.34231200897867564,-0.00028547531248109844,-0.09057623749223734,0.2983703711983642,0.9587984634818764,-0.20403522468046775,-0.010497835997653304,7959.6477531953105
H4,8,2.0,D1,20,both,0.0,561,26.139207807118254,0.523169343371253,0.17035599741489338,1.3920541620806186,0.39037433155080214,0.0021283072244032758,0.6084892260781768,0.1292881742147911,1.5136793404268256,1.6673850442604254,0.04677421875936272,26673.8504426043
H4,8,2.0,D1,20,both,1.0,561,26.139207807118254,0.523169343371253,0.17035599741489338,1.3920541620806186,0.39037433155080214,0.0021283072244032758,0.6084892260781768,0.1292881742147911,1.5136793404268256,1.6673850442604254,0.04677421875936272,26673.8504426043
H4,8,2.0,D1,20,long,0.0,334,15.562380405663987,0.6290288236005153,0.16221628271425237,1.6949372138810064,0.4251497005988024,0.003517595706744496,0.7008230315795156,0.09984430177157333,1.7927836816572837,1.476246632839691,0.04315396826270379,24762.4663283969
H4,8,2.0,D1,20,long,1.0,334,15.562380405663987,0.6290288236005153,0.16221628271425237,1.6949372138810064,0.4251497005988024,0.003517595706744496,0.7008230315795156,0.09984430177157333,1.7927836816572837,1.476246632839691,0.04315396826270379,24762.4663283969
H4,8,2.0,D1,20,short,0.0,283,13.36510861132661,0.0954785568912205,0.1792285519604908,1.0837809262968336,0.3498233215547703,0.0004758272406144415,0.16772798264975058,0.1250161311466963,1.1632238437139424,0.16914915042815015,0.007407688111416899,11691.491504281492
H4,8,2.0,D1,20,short,1.0,283,13.36510861132661,0.0954785568912205,0.1792285519604908,1.0837809262968336,0.3498233215547703,0.0004758272406144415,0.16772798264975058,0.1250161311466963,1.1632238437139424,0.16914915042815015,0.007407688111416899,11691.491504281492
H4,8,2.0,D1,32,both,0.0,633,29.56941424734621,0.5159169218476716,0.24546762339216444,1.3552869262817828,0.39968404423380727,0.0018808446023597064,0.5562064912458199,0.17551201852590959,1.390553259651448,1.3643394155177777,0.04101540737006237,23643.39415517775
H4,8,2.0,D1,32,both,1.0,633,29.56941424734621,0.5159169218476716,0.24546762339216444,1.3552869262817828,0.39968404423380727,0.0018808446023597064,0.5562064912458199,0.17551201852590959,1.390553259651448,1.3643394155177777,0.04101540737006237,23643.39415517775
H4,8,2.0,D1,32,long,0.0,368,17.23672736599128,0.6932372333963566,0.1473307254601347,1.7438227124088952,0.43478260869565216,0.0036188972915508146,0.7179057433415292,0.11505893822567426,1.8140494047063762,1.7032791605005633,0.04768158105201015,27032.791605005626
H4,8,2.0,D1,32,long,1.0,368,17.23672736599128,0.6932372333963566,0.1473307254601347,1.7438227124088952,0.43478260869565216,0.0036188972915508146,0.7179057433415292,0.11505893822567426,1.8140494047063762,1.7032791605005633,0.04768158105201015,27032.791605005626
H4,8,2.0,D1,32,short,0.0,296,13.916076715149956,0.02782767627690839,0.2192888390346821,1.0225995476931569,0.3614864864864865,0.00012667927232577514,0.0674763226832035,0.1674396831347832,1.0573300376857213,0.046571959535834484,0.00214235957692388,10465.719595358336
H4,8,2.0,D1,32,short,1.0,296,13.916076715149956,0.02782767627690839,0.2192888390346821,1.0225995476931569,0.3614864864864865,0.00012667927232577514,0.0674763226832035,0.1674396831347832,1.0573300376857213,0.046571959535834484,0.00214235957692388,10465.719595358336
H4,8,2.0,D1,50,both,0.0,679,31.91002959341225,0.3716117266321537,0.3267771418073786,1.2315253277695668,0.374079528718704,0.0013104121796419248,0.43286624326047574,0.24146393062281912,1.2865673664496244,1.0812554552797211,0.035046594343701054,20812.554552797144
H4,8,2.0,D1,50,both,1.0,679,31.91002959341225,0.3716117266321537,0.3267771418073786,1.2315253277695668,0.374079528718704,0.0013104121796419248,0.43286624326047574,0.24146393062281912,1.2865673664496244,1.0812554552797211,0.035046594343701054,20812.554552797144
H4,8,2.0,D1,50,long,0.0,385,18.093315748842,0.6231217307863436,0.21312039543813455,1.6112737891142885,0.42077922077922075,0.0032085617658782054,0.6674557025475076,0.1708795686234108,1.6834282640729452,1.6098695748338439,0.04611459496894055,26098.69574833838
H4,8,2.0,D1,50,long,1.0,385,18.093315748842,0.6231217307863436,0.21312039543813455,1.6112737891142885,0.42077922077922075,0.0032085617658782054,0.6674557025475076,0.1708795686234108,1.6834282640729452,1.6098695748338439,0.04611459496894055,26098.69574833838
H4,8,2.0,D1,50,short,0.0,315,15.01223251565762,-0.11640081107520998,0.3045627718159035,0.9144434532966429,0.326984126984127,-0.0005118269738327686,-0.060005950350940924,0.26834445162140375,0.9526736016438251,-0.08772632951914139,-0.004366161058206974,9122.736704808567
H4,8,2.0,D1,50,short,1.0,315,15.01223251565762,-0.11640081107520998,0.3045627718159035,0.9144434532966429,0.326984126984127,-0.0005118269738327686,-0.060005950350940924,0.26834445162140375,0.9526736016438251,-0.08772632951914139,-0.004366161058206974,9122.736704808567
H4,8,2.0,D1,80,both,0.0,710,33.86360668581875,0.396434517470109,0.2540206025610031,1.2242406780174153,0.4028169014084507,0.0012331050317619322,0.4942216983964483,0.18887610740831462,1.2952828195233448,1.1091342913015825,0.03623491868796047,21091.342913015756
H4,8,2.0,D1,80,both,1.0,710,33.86360668581875,0.396434517470109,0.2540206025610031,1.2242406780174153,0.4028169014084507,0.0012331050317619322,0.4942216983964483,0.18887610740831462,1.2952828195233448,1.1091342913015825,0.03623491868796047,21091.342913015756
H4,8,2.0,D1,80,long,0.0,401,19.363465097831835,0.5198010772619056,0.18669080190880205,1.4197555824355979,0.4339152119700748,0.00227239027960154,0.6097353983254586,0.1317747743129798,1.526277677349804,1.2086484719590551,0.03900387090822477,22086.484719590582
H4,8,2.0,D1,80,long,1.0,401,19.363465097831835,0.5198010772619056,0.18669080190880205,1.4197555824355979,0.4339152119700748,0.00227239027960154,0.6097353983254586,0.1317747743129798,1.526277677349804,1.2086484719590551,0.03900387090822477,22086.484719590582
H4,8,2.0,D1,80,short,0.0,325,15.500946722381821,0.042570162390553556,0.24595004795130215,1.0328417575289295,0.3630769230769231,0.0001827088558876228,0.10732672612235075,0.18978022132818706,1.085976989142243,0.0913938819956277,0.004179929121957082,10913.938819956256
H4,8,2.0,D1,80,short,1.0,325,15.500946722381821,0.042570162390553556,0.24595004795130215,1.0328417575289295,0.3630769230769231,0.0001827088558876228,0.10732672612235075,0.18978022132818706,1.085976989142243,0.0913938819956277,0.004179929121957082,10913.938819956256
H4,8,2.0,D1,120,both,0.0,738,35.453702485860845,0.5789869686065267,0.18433962971156304,1.3561442166698854,0.3983739837398374,0.0019205860592856748,0.700625218501744,0.1480004132855698,1.4505730826715078,2.085953763686882,0.05562675393245775,30859.53763686874
H4,8,2.0,D1,120,both,1.0,738,35.453702485860845,0.5789869686065267,0.18433962971156304,1.3561442166698854,0.3983739837398374,0.0019205860592856748,0.700625218501744,0.1480004132855698,1.4505730826715078,2.085953763686882,0.05562675393245775,30859.53763686874
H4,8,2.0,D1,120,long,0.0,420,20.176903853741944,0.7711444019212795,0.1036431731030476,1.7340148120922747,0.4452380952380952,0.0037670750468289235,0.8446973142720396,0.09064147617913865,1.8713964473249771,2.372826226812324,0.06014424640828886,33728.2622681232
H4,8,2.0,D1,120,long,1.0,420,20.176903853741944,0.7711444019212795,0.1036431731030476,1.7340148120922747,0.4452380952380952,0.0037670750468289235,0.8446973142720396,0.09064147617913865,1.8713964473249771,2.372826226812324,0.06014424640828886,33728.2622681232
H4,8,2.0,D1,120,short,0.0,330,16.272782503037668,-0.029449018516926412,0.20890740124678175,0.9787648762977019,0.34545454545454546,-0.00011929281034505571,0.04915219967592971,0.18196951600716438,1.0371393668952686,0.025446546789124502,0.00123987496762612,10254.465467891241
H4,8,2.0,D1,120,short,1.0,330,16.272782503037668,-0.029449018516926412,0.20890740124678175,0.9787648762977019,0.34545454545454546,-0.00011929281034505571,0.04915219967592971,0.18196951600716438,1.0371393668952686,0.025446546789124502,0.00123987496762612,10254.465467891241
H4,8,2.0,W1,20,both,0.0,798,38.40683884569772,0.46448394533274606,0.24077050005211453,1.2548293613012425,0.38721804511278196,0.0013946128113342194,0.5620180583759555,0.19818229761414197,1.3131270085785136,1.4171373141978156,0.04339285837240481,24171.373141978238
H4,8,2.0,W1,20,both,1.0,798,38.40683884569772,0.46448394533274606,0.24077050005211453,1.2548293613012425,0.38721804511278196,0.0013946128113342194,0.5620180583759555,0.19818229761414197,1.3131270085785136,1.4171373141978156,0.04339285837240481,24171.373141978238
H4,8,2.0,W1,20,long,0.0,466,22.428053762023982,0.6646345701854766,0.14169075114991314,1.5298178073799475,0.4206008583690987,0.002841344141982276,0.7159381417854378,0.13387620601449157,1.579805567985432,1.620364815821015,0.047454770499077314,26203.648158210166
H4,8,2.0,W1,20,long,1.0,466,22.428053762023982,0.6646345701854766,0.14169075114991314,1.5298178073799475,0.4206008583690987,0.002841344141982276,0.7159381417854378,0.13387620601449157,1.579805567985432,1.620364815821015,0.047454770499077314,26203.648158210166
H4,8,2.0,W1,20,short,0.0,388,18.999463735085133,-0.1519341330327418,0.22856450296627895,0.9027836578486148,0.3402061855670103,-0.0005484903700672286,-0.08322227157019695,0.1890009362258529,0.9472676814459193,-0.10723021842305358,-0.005538839147313679,8927.697815769438
H4,8,2.0,W1,20,short,1.0,388,18.999463735085133,-0.1519341330327418,0.22856450296627895,0.9027836578486148,0.3402061855670103,-0.0005484903700672286,-0.08322227157019695,0.1890009362258529,0.9472676814459193,-0.10723021842305358,-0.005538839147313679,8927.697815769438
H4,8,2.0,W1,32,both,0.0,784,38.47836603063692,0.4028641256531646,0.3127968927937754,1.218242997980926,0.38137755102040816,0.0012256562277946112,0.5226307550218167,0.22157517453132025,1.2921044003132844,1.348545775514217,0.042794300813915775,23485.457755142117
H4,8,2.0,W1,32,both,1.0,784,38.47836603063692,0.4028641256531646,0.3127968927937754,1.218242997980926,0.38137755102040816,0.0012256562277946112,0.5226307550218167,0.22157517453132025,1.2921044003132844,1.348545775514217,0.042794300813915775,23485.457755142117
H4,8,2.0,W1,32,long,0.0,472,23.1655468959957,0.6207809300471707,0.27229404937466506,1.4856754677813697,0.4067796610169492,0.0026298411753342987,0.6638705629017689,0.19922741605650007,1.5301566198517669,1.5383893558546395,0.04678028764688813,25383.893558546348
H4,8,2.0,W1,32,long,1.0,472,23.1655468959957,0.6207809300471707,0.27229404937466506,1.4856754677813697,0.4067796610169492,0.0026298411753342987,0.6638705629017689,0.19922741605650007,1.5301566198517669,1.5383893558546395,0.04678028764688813,25383.893558546348
H4,8,2.0,W1,32,short,0.0,362,18.27764722145424,-0.15190038452835716,0.2607478688830298,0.899156510579335,0.3425414364640884,-0.0005849343440707972,-0.017265843680107442,0.2159928935433163,0.9872441370662002,-0.05356042329456212,-0.0027755626638599207,9464.395767054346
H4,8,2.0,W1,32,short,1.0,362,18.27764722145424,-0.15190038452835716,0.2607478688830298,0.899156510579335,0.3425414364640884,-0.0005849343440707972,-0.017265843680107442,0.2159928935433163,0.9872441370662002,-0.05356042329456212,-0.0027755626638599207,9464.395767054346
H4,8,2.0,W1,50,both,0.0,767,38.95796829370046,0.6172224464397943,0.2808681385978127,1.3779391862480341,0.38852672750977835,0.0020266431021760717,0.7391635719580779,0.18151538590870275,1.475761310654317,2.541124700705245,0.06633175351024478,35411.24700705245
H4,8,2.0,W1,50,both,1.0,767,38.95796829370046,0.6172224464397943,0.2808681385978127,1.3779391862480341,0.38852672750977835,0.0020266431021760717,0.7391635719580779,0.18151538590870275,1.475761310654317,2.541124700705245,0.06633175351024478,35411.24700705245
H4,8,2.0,W1,50,long,0.0,490,24.88840216937839,0.6919507825278405,0.18538569732036914,1.575936678678921,0.4163265306122449,0.002869845553284794,0.7603724346379953,0.12608681840539415,1.642196403902058,2.062825995643677,0.05850141940428699,30628.259956436807
H4,8,2.0,W1,50,long,1.0,490,24.88840216937839,0.6919507825278405,0.18538569732036914,1.575936678678921,0.4163265306122449,0.002869845553284794,0.7603724346379953,0.12608681840539415,1.642196403902058,2.062825995643677,0.05850141940428699,30628.259956436807
H4,8,2.0,W1,50,short,0.0,329,17.125160324925183,0.07735394089197252,0.2092048541126026,1.0612326168395492,0.3495440729483283,0.00035333185510653367,0.14266442927885747,0.18922837359604305,1.120806584016037,0.14404824264749427,0.007029409563148903,11440.482426474931
H4,8,2.0,W1,50,short,1.0,329,17.125160324925183,0.07735394089197252,0.2092048541126026,1.0612326168395492,0.3495440729483283,0.00035333185510653367,0.14266442927885747,0.18922837359604305,1.120806584016037,0.14404824264749427,0.007029409563148903,11440.482426474931
H4,8,2.0,W1,80,both,0.0,731,39.43254319893664,0.5878422553948489,0.24345186257222173,1.3575150868170043,0.39398084815321477,0.00185340503531638,0.677373466991987,0.18921911226254307,1.4116576096405005,2.02856447800203,0.06159654488867017,30285.64478002033
H4,8,2.0,W1,80,both,1.0,731,39.43254319893664,0.5878422553948489,0.24345186257222173,1.3575150868170043,0.39398084815321477,0.00185340503531638,0.677373466991987,0.18921911226254307,1.4116576096405005,2.02856447800203,0.06159654488867017,30285.64478002033
H4,8,2.0,W1,80,long,0.0,473,25.56804055054018,0.7829148604250916,0.18716804134491916,1.6807089904782995,0.42071881606765327,0.0032187635471508584,0.8087011017569056,0.17632030782236485,1.7030789505363138,2.223552598981878,0.06531505123562309,32235.525989818838
H4,8,2.0,W1,80,long,1.0,473,25.56804055054018,0.7829148604250916,0.18716804134491916,1.6807089904782995,0.42071881606765327,0.0032187635471508584,0.8087011017569056,0.17632030782236485,1.7030789505363138,2.223552598981878,0.06531505123562309,32235.525989818838
H4,8,2.0,W1,80,short,0.0,280,16.80966469428008,-0.06115721323817601,0.26343588230290316,0.9545715482397912,0.3464285714285714,-0.00027047397023146046,0.06143639804087071,0.14451485159120536,1.0483132181321837,0.032955219039009886,0.001948445251361175,10329.55219039008
H4,8,2.0,W1,80,short,1.0,280,16.80966469428008,-0.06115721323817601,0.26343588230290316,0.9545715482397912,0.3464285714285714,-0.00027047397023146046,0.06143639804087071,0.14451485159120536,1.0483132181321837,0.032955219039009886,0.001948445251361175,10329.55219039008
H4,8,2.0,W1,120,both,0.0,674,39.64227053140097,0.6722054081991397,0.20694979722136542,1.4229948210753662,0.37833827893175076,0.0021514540804640084,0.7737700917426886,0.17515592975608163,1.5089158535297844,2.555759291501919,0.07746673649487112,35557.59291501918
H4,8,2.0,W1,120,both,1.0,674,39.64227053140097,0.6722054081991397,0.20694979722136542,1.4229948210753662,0.37833827893175076,0.0021514540804640084,0.7737700917426886,0.17515592975608163,1.5089158535297844,2.555759291501919,0.07746673649487112,35557.59291501918
H4,8,2.0,W1,120,long,0.0,443,26.110335646280458,0.7744534355445646,0.21395619230475293,1.6578275559933235,0.40857787810383744,0.003240358887461885,0.8106672624126111,0.16954719054954026,1.6693830860251604,2.135362322735432,0.06967317450691124,31353.62322735433
H4,8,2.0,W1,120,long,1.0,443,26.110335646280458,0.7744534355445646,0.21395619230475293,1.6578275559933235,0.40857787810383744,0.003240358887461885,0.8106672624126111,0.16954719054954026,1.6693830860251604,2.135362322735432,0.06967317450691124,31353.62322735433
H4,8,2.0,W1,120,short,0.0,249,17.24772425564195,0.058585081082365036,0.12363387504690126,1.0457415206556153,0.3293172690763052,0.0002429547228358825,0.2423465149893426,0.0996957750017392,1.222549996696695,0.23186844357955794,0.014549420656362111,12318.684435795562
H4,8,2.0,W1,120,short,1.0,249,17.24772425564195,0.058585081082365036,0.12363387504690126,1.0457415206556153,0.3293172690763052,0.0002429547228358825,0.2423465149893426,0.0996957750017392,1.222549996696695,0.23186844357955794,0.014549420656362111,12318.684435795562
H4,8,1.5,none,0,both,0.0,1624,75.10331729551785,0.4203442495001913,0.2919453567261008,1.1633792349476555,0.3472906403940887,0.0007428596096609898,0.46400195337215056,0.26686231103159375,1.199801106332174,1.7156070775821757,0.047284221012568795,27156.070775821845
H4,8,1.5,none,0,both,1.0,1624,75.10331729551785,0.4203442495001913,0.2919453567261008,1.1633792349476555,0.3472906403940887,0.0007428596096609898,0.46400195337215056,0.26686231103159375,1.199801106332174,1.7156070775821757,0.047284221012568795,27156.070775821845
H4,8,1.5,none,0,long,0.0,1327,61.36828944036465,0.7169782213650611,0.2933579878649264,1.3300901136604424,0.3632253202712886,0.0014544750085598685,0.7539821869852771,0.22151208702295866,1.3782235729268406,3.144211548253967,0.06795793736752165,41442.11548253952
H4,8,1.5,none,0,long,1.0,1327,61.36828944036465,0.7169782213650611,0.2933579878649264,1.3300901136604424,0.3632253202712886,0.0014544750085598685,0.7539821869852771,0.22151208702295866,1.3782235729268406,3.144211548253967,0.06795793736752165,41442.11548253952
H4,8,1.5,none,0,short,0.0,1328,61.40676034941132,-0.07873552772988901,0.4982428774945661,0.97018252118354,0.3207831325301205,-0.0001386503688893981,-0.10156447877211183,0.5249014369945356,0.9626326460304083,-0.26510431645049115,-0.014142210751130757,7348.956835495117
H4,8,1.5,none,0,short,1.0,1328,61.40676034941132,-0.07873552772988901,0.4982428774945661,0.97018252118354,0.3207831325301205,-0.0001386503688893981,-0.10156447877211183,0.5249014369945356,0.9626326460304083,-0.26510431645049115,-0.014142210751130757,7348.956835495117
H4,8,1.5,D1,20,both,0.0,1002,46.62765957446808,0.4081680953038386,0.2401096269412124,1.206730185370187,0.3403193612774451,0.0009123190535517736,0.4501256515450006,0.2302033784372698,1.255604194251846,1.3414619593629284,0.04038463857406138,23414.619593629184
H4,8,1.5,D1,20,both,1.0,1002,46.62765957446808,0.4081680953038386,0.2401096269412124,1.206730185370187,0.3403193612774451,0.0009123190535517736,0.4501256515450006,0.2302033784372698,1.255604194251846,1.3414619593629284,0.04038463857406138,23414.619593629184
H4,8,1.5,D1,20,long,0.0,588,27.362339151484267,0.616789487328966,0.17643905494773482,1.4582270908568142,0.36394557823129253,0.0019387417176162812,0.5826864328016899,0.15864712347337828,1.5047044675655614,1.6793426095248143,0.046931143950927234,26793.4260952481
H4,8,1.5,D1,20,long,1.0,588,27.362339151484267,0.616789487328966,0.17643905494773482,1.4582270908568142,0.36394557823129253,0.0019387417176162812,0.5826864328016899,0.15864712347337828,1.5047044675655614,1.6793426095248143,0.046931143950927234,26793.4260952481
H4,8,1.5,D1,20,short,0.0,499,23.366634615384616,-0.07242773855628044,0.26624742902092813,0.9560251077813495,0.312625250501002,-0.00020000254535448432,0.004487262325210198,0.23768044556814671,1.0028263052798903,-0.03171284366213778,-0.0015079338147461208,9682.871563378607
H4,8,1.5,D1,20,short,1.0,499,23.366634615384616,-0.07242773855628044,0.26624742902092813,0.9560251077813495,0.312625250501002,-0.00020000254535448432,0.004487262325210198,0.23768044556814671,1.0028263052798903,-0.03171284366213778,-0.0015079338147461208,9682.871563378607
H4,8,1.5,D1,32,both,0.0,1086,50.73046425374089,0.4802681253634335,0.19113956889027772,1.2330546993194074,0.3453038674033149,0.0010259360907844389,0.5100730509769449,0.133621129625759,1.2838261869393122,1.5209502439455909,0.04413902035064021,25209.502439455817
H4,8,1.5,D1,32,both,1.0,1086,50.73046425374089,0.4802681253634335,0.19113956889027772,1.2330546993194074,0.3453038674033149,0.0010259360907844389,0.5100730509769449,0.133621129625759,1.2838261869393122,1.5209502439455909,0.04413902035064021,25209.502439455817
H4,8,1.5,D1,32,long,0.0,633,29.64904462682739,0.6538226877385712,0.1694647150785642,1.4637921181346558,0.3744075829383886,0.0019519245819085717,0.6207622764181037,0.12548499207196961,1.4969887011880563,1.7730632858648048,0.04893303566062346,27730.632858648034
H4,8,1.5,D1,32,long,1.0,633,29.64904462682739,0.6538226877385712,0.1694647150785642,1.4637921181346558,0.3744075829383886,0.0019519245819085717,0.6207622764181037,0.12548499207196961,1.4969887011880563,1.7730632858648048,0.04893303566062346,27730.632858648034
H4,8,1.5,D1,32,short,0.0,512,23.99384141647421,-0.006479198933313561,0.30020185208910577,0.9960821817267665,0.3203125,-1.7519839372520077e-05,0.10682620140592156,0.23330741401302257,1.0704940244973928,0.10760123699858881,0.004800724449776972,11076.01236998588
H4,8,1.5,D1,32,short,1.0,512,23.99384141647421,-0.006479198933313561,0.30020185208910577,0.9960821817267665,0.3203125,-1.7519839372520077e-05,0.10682620140592156,0.23330741401302257,1.0704940244973928,0.10760123699858881,0.004800724449776972,11076.01236998588
H4,8,1.5,D1,50,both,0.0,1115,52.36643307187862,0.2733875178452159,0.3839364184444908,1.1234195273344385,0.3399103139013453,0.0005498100751239895,0.3038362239255329,0.33026081723940603,1.1508385222402984,0.7267530384568592,0.02598642634612558,17267.530384568618
H4,8,1.5,D1,50,both,1.0,1115,52.36643307187862,0.2733875178452159,0.3839364184444908,1.1234195273344385,0.3399103139013453,0.0005498100751239895,0.3038362239255329,0.33026081723940603,1.1508385222402984,0.7267530384568592,0.02598642634612558,17267.530384568618
H4,8,1.5,D1,50,long,0.0,631,29.635174231708888,0.4559694149335126,0.2872607271549179,1.3046862270532167,0.3486529318541997,0.0013287806760874884,0.4118336038658136,0.2776467489455816,1.303466982880923,1.0003692999778178,0.033098576995816975,20003.692999778097
H4,8,1.5,D1,50,long,1.0,631,29.635174231708888,0.4559694149335126,0.2872607271549179,1.3046862270532167,0.3486529318541997,0.0013287806760874884,0.4118336038658136,0.2776467489455816,1.303466982880923,1.0003692999778178,0.033098576995816975,20003.692999778097
H4,8,1.5,D1,50,short,0.0,523,24.83756988688077,-0.18193860107292853,0.40345026712171095,0.8992936274598661,0.32122370936902483,-0.000462601150442705,-0.10437338103220287,0.3884568643176427,0.9411289338117157,-0.1467670050547425,-0.007509490108852934,8532.32994945258
H4,8,1.5,D1,50,short,1.0,523,24.83756988688077,-0.18193860107292853,0.40345026712171095,0.8992936274598661,0.32122370936902483,-0.000462601150442705,-0.10437338103220287,0.3884568643176427,0.9411289338117157,-0.1467670050547425,-0.007509490108852934,8532.32994945258
H4,8,1.5,D1,80,both,0.0,1131,53.64209193611219,0.3502715196734094,0.20658032563535988,1.158850072524983,0.34129089301503096,0.0007213886448862774,0.377918980592959,0.16297866534292338,1.1877433640437347,0.9899929622046455,0.03317574350090369,19899.929622046417
H4,8,1.5,D1,80,both,1.0,1131,53.64209193611219,0.3502715196734094,0.20658032563535988,1.158850072524983,0.34129089301503096,0.0007213886448862774,0.377918980592959,0.16297866534292338,1.1877433640437347,0.9899929622046455,0.03317574350090369,19899.929622046417
H4,8,1.5,D1,80,long,0.0,626,29.91580531205024,0.574647754884037,0.14680371614047627,1.3873891648629921,0.365814696485623,0.001763411254848135,0.5758198132287371,0.1484699088833048,1.4384973836954176,1.7347170943753798,0.04925133652139002,27347.17094375376
H4,8,1.5,D1,80,long,1.0,626,29.91580531205024,0.574647754884037,0.14680371614047627,1.3873891648629921,0.365814696485623,0.001763411254848135,0.5758198132287371,0.1484699088833048,1.4384973836954176,1.7347170943753798,0.04925133652139002,27347.17094375376
H4,8,1.5,D1,80,short,0.0,540,25.695023449713393,0.0028049029601211147,0.2891655133655334,1.0016774412681468,0.31666666666666665,7.54201758169093e-06,0.05930685017273561,0.25817716086741205,1.037312834529769,0.038797260955508506,0.0018128341102074952,10387.97260955509
H4,8,1.5,D1,80,short,1.0,540,25.695023449713393,0.0028049029601211147,0.2891655133655334,1.0016774412681468,0.31666666666666665,7.54201758169093e-06,0.05930685017273561,0.25817716086741205,1.037312834529769,0.038797260955508506,0.0018128341102074952,10387.97260955509
H4,8,1.5,D1,120,both,0.0,1170,56.20708930685256,0.5512152070452598,0.177188090252285,1.257098664688422,0.3547008547008547,0.0011301109305531251,0.6419120514557431,0.12197116811232711,1.3538954990773397,2.2811310779989378,0.058741411593478565,32811.310779989275
H4,8,1.5,D1,120,both,1.0,1170,56.20708930685256,0.5512152070452598,0.177188090252285,1.257098664688422,0.3547008547008547,0.0011301109305531251,0.6419120514557431,0.12197116811232711,1.3538954990773397,2.2811310779989378,0.058741411593478565,32811.310779989275
H4,8,1.5,D1,120,long,0.0,666,31.994804682362226,0.6593583963231603,0.1733596469922104,1.4342070278605865,0.36786786786786785,0.0019314201670225246,0.6676462771285128,0.1537390234720888,1.5062553230474738,2.0581312961792406,0.05516756381094723,30581.312961792373
H4,8,1.5,D1,120,long,1.0,666,31.994804682362226,0.6593583963231603,0.1733596469922104,1.4342070278605865,0.36786786786786785,0.0019314201670225246,0.6676462771285128,0.1537390234720888,1.5062553230474738,2.0581312961792406,0.05516756381094723,30581.312961792373
H4,8,1.5,D1,120,short,0.0,527,25.549077515264138,0.059638164134940365,0.23960371791183677,1.0370813851679037,0.3377609108159393,0.00015956747571024585,0.18823121590824962,0.2141786606072411,1.1248887111450123,0.2292990799511727,0.010058710715227015,12292.99079951175
H4,8,1.5,D1,120,short,1.0,527,25.549077515264138,0.059638164134940365,0.23960371791183677,1.0370813851679037,0.3377609108159393,0.00015956747571024585,0.18823121590824962,0.2141786606072411,1.1248887111450123,0.2292990799511727,0.010058710715227015,12292.99079951175
H4,8,1.5,W1,20,both,0.0,1219,58.49950729207726,0.40464032571791636,0.25696909491724973,1.1803531137705785,0.347005742411813,0.0008144320499259768,0.45911884427317723,0.229723420158653,1.2180929583929323,1.3622800817952916,0.04211604024673621,23622.800817952888
H4,8,1.5,W1,20,both,1.0,1219,58.49950729207726,0.40464032571791636,0.25696909491724973,1.1803531137705785,0.347005742411813,0.0008144320499259768,0.45911884427317723,0.229723420158653,1.2180929583929323,1.3622800817952916,0.04211604024673621,23622.800817952888
H4,8,1.5,W1,20,long,0.0,714,34.26468269609776,0.5660362781493212,0.16902790787518185,1.3537184069517483,0.3599439775910364,0.0016151011081582036,0.5799749851709212,0.17760180180253526,1.406499338585716,1.742881406283117,0.049613593444659765,27428.81406283115
H4,8,1.5,W1,20,long,1.0,714,34.26468269609776,0.5660362781493212,0.16902790787518185,1.3537184069517483,0.3599439775910364,0.0016151011081582036,0.5799749851709212,0.17760180180253526,1.406499338585716,1.742881406283117,0.049613593444659765,27428.81406283115
H4,8,1.5,W1,20,short,0.0,562,27.512464817048656,-0.023812460251263726,0.2488204716758493,0.9861663583744132,0.33451957295373663,-6.125020147106377e-05,0.009367210957279782,0.27773047472211854,1.0051252214561472,-0.02609028247961087,-0.0012933586399928032,9739.097175203913
H4,8,1.5,W1,20,short,1.0,562,27.512464817048656,-0.023812460251263726,0.2488204716758493,0.9861663583744132,0.33451957295373663,-6.125020147106377e-05,0.009367210957279782,0.27773047472211854,1.0051252214561472,-0.02609028247961087,-0.0012933586399928032,9739.097175203913
H4,8,1.5,W1,32,both,0.0,1197,58.73243551853842,0.2784197815946984,0.4111271233929542,1.1169786340841288,0.3383458646616541,0.000544681147404694,0.35838595494496506,0.3539627891376307,1.1529456304846648,0.8606497782544873,0.030935423966895303,18606.49778254481
H4,8,1.5,W1,32,both,1.0,1197,58.73243551853842,0.2784197815946984,0.4111271233929542,1.1169786340841288,0.3383458646616541,0.000544681147404694,0.35838595494496506,0.3539627891376307,1.1529456304846648,0.8606497782544873,0.030935423966895303,18606.49778254481
H4,8,1.5,W1,32,long,0.0,698,34.24832079527136,0.5757132089620396,0.2871325961124972,1.3647608405918883,0.3667621776504298,0.0016774147369635855,0.5959003039644933,0.23902119081734352,1.4140991771000757,1.8127428565017842,0.0520519283391474,28127.428565017774
H4,8,1.5,W1,32,long,1.0,698,34.24832079527136,0.5757132089620396,0.2871325961124972,1.3647608405918883,0.3667621776504298,0.0016774147369635855,0.5959003039644933,0.23902119081734352,1.4140991771000757,1.8127428565017842,0.0520519283391474,28127.428565017774
H4,8,1.5,W1,32,short,0.0,552,27.8439442066013,-0.14989727188385082,0.329907430419777,0.9175977712547813,0.3079710144927536,-0.00038423190268933627,-0.05069864213918813,0.32478399682420456,0.9710415031848002,-0.11135834103023234,-0.005937537679319371,8886.416589697723
H4,8,1.5,W1,32,short,1.0,552,27.8439442066013,-0.14989727188385082,0.329907430419777,0.9175977712547813,0.3079710144927536,-0.00038423190268933627,-0.05069864213918813,0.32478399682420456,0.9710415031848002,-0.11135834103023234,-0.005937537679319371,8886.416589697723
H4,8,1.5,W1,50,both,0.0,1168,59.32582394659992,0.5077440926984633,0.295120479302305,1.2319286445685378,0.351027397260274,0.0010382038524994878,0.6270437110746667,0.20947791045708564,1.320080657914012,2.36292181269535,0.06353881481738899,33629.218126953405
H4,8,1.5,W1,50,both,1.0,1168,59.32582394659992,0.5077440926984633,0.295120479302305,1.2319286445685378,0.351027397260274,0.0010382038524994878,0.6270437110746667,0.20947791045708564,1.320080657914012,2.36292181269535,0.06353881481738899,33629.218126953405
H4,8,1.5,W1,50,long,0.0,740,37.58656654151022,0.6213386442065467,0.23747096713768545,1.3789195695682916,0.37027027027027026,0.0016261202058392742,0.6632143367138371,0.1669834258986076,1.4594218111861799,2.2839683894797385,0.06225620324398995,32839.683894797294
H4,8,1.5,W1,50,long,1.0,740,37.58656654151022,0.6213386442065467,0.23747096713768545,1.3789195695682916,0.37027027027027026,0.0016261202058392742,0.6632143367138371,0.1669834258986076,1.4594218111861799,2.2839683894797385,0.06225620324398995,32839.683894797294
H4,8,1.5,W1,50,short,0.0,489,25.44987888287261,0.025478476986829413,0.2790349941560153,1.0159785438544322,0.3210633946830266,7.425195633360588e-05,0.05061116127544106,0.2948983143846834,1.031602258628789,0.02353584595250724,0.0012114577826187745,10235.358459525063
H4,8,1.5,W1,50,short,1.0,489,25.44987888287261,0.025478476986829413,0.2790349941560153,1.0159785438544322,0.3210633946830266,7.425195633360588e-05,0.05061116127544106,0.2948983143846834,1.031602258628789,0.02353584595250724,0.0012114577826187745,10235.358459525063
H4,8,1.5,W1,80,both,0.0,1112,59.97607796810395,0.48673129676175286,0.3284213508153786,1.219390325131697,0.34802158273381295,0.000962753870798356,0.5362805484735066,0.2552443188739051,1.2552895808789288,1.7112439718030972,0.05526877531657948,27112.4397180309
H4,8,1.5,W1,80,both,1.0,1112,59.97607796810395,0.48673129676175286,0.3284213508153786,1.219390325131697,0.34802158273381295,0.000962753870798356,0.5362805484735066,0.2552443188739051,1.2552895808789288,1.7112439718030972,0.05526877531657948,27112.4397180309
H4,8,1.5,W1,80,long,0.0,705,38.10881308272902,0.6131633681845207,0.254539293251567,1.3788326998962,0.36312056737588655,0.0015940785908778036,0.620962118986112,0.2086176819412593,1.407583839825705,1.7976430563329533,0.057185948445823254,27976.430563329537
H4,8,1.5,W1,80,long,1.0,705,38.10881308272902,0.6131633681845207,0.254539293251567,1.3788326998962,0.36312056737588655,0.0015940785908778036,0.620962118986112,0.2086176819412593,1.407583839825705,1.7976430563329533,0.057185948445823254,27976.430563329537
H4,8,1.5,W1,80,short,0.0,429,25.746344068353597,-0.06143178454742562,0.25314321603979106,0.9645085595267804,0.32400932400932403,-0.0001663278782824654,-0.028877032441274087,0.22120823783977817,0.9841872003466168,-0.06477036976111294,-0.004010716919380708,9352.296302388906
H4,8,1.5,W1,80,short,1.0,429,25.746344068353597,-0.06143178454742562,0.25314321603979106,0.9645085595267804,0.32400932400932403,-0.0001663278782824654,-0.028877032441274087,0.22120823783977817,0.9841872003466168,-0.06477036976111294,-0.004010716919380708,9352.296302388906
H4,8,1.5,W1,120,both,0.0,1029,60.52210144927536,0.4720874221269007,0.30402947027086513,1.2164259653981138,0.3362487852283771,0.0009423925086449542,0.5709777187884775,0.24996597826439682,1.2846139257945168,1.9720687428902175,0.06616305818514112,29720.687428902173
H4,8,1.5,W1,120,both,1.0,1029,60.52210144927536,0.4720874221269007,0.30402947027086513,1.2164259653981138,0.3362487852283771,0.0009423925086449542,0.5709777187884775,0.24996597826439682,1.2846139257945168,1.9720687428902175,0.06616305818514112,29720.687428902173
H4,8,1.5,W1,120,long,0.0,667,39.31285299338389,0.5837806594730643,0.2714919958281219,1.356673969422768,0.3493253373313343,0.0015428906296703004,0.61482714380935,0.23631855700233206,1.3904341672692513,1.838054660129628,0.06341053157886645,28380.5466012963
H4,8,1.5,W1,120,long,1.0,667,39.31285299338389,0.5837806594730643,0.2714919958281219,1.356673969422768,0.3493253373313343,0.0015428906296703004,0.61482714380935,0.23631855700233206,1.3904341672692513,1.838054660129628,0.06341053157886645,28380.5466012963
H4,8,1.5,W1,120,short,0.0,379,25.716096971948726,-0.03245981174419184,0.2108384146158757,0.9803815735786476,0.31398416886543534,-8.494382132721688e-05,0.1037734014512045,0.19647628228580127,1.0670921168088574,0.07748326670535066,0.005076539338896513,10774.832667053504
H4,8,1.5,W1,120,short,1.0,379,25.716096971948726,-0.03245981174419184,0.2108384146158757,0.9803815735786476,0.31398416886543534,-8.494382132721688e-05,0.1037734014512045,0.19647628228580127,1.0670921168088574,0.07748326670535066,0.005076539338896513,10774.832667053504
H4,5,1.0,none,0,both,0.0,2633,121.75,0.4157925546063695,0.2896898336778161,1.1208325528913168,0.32700341815419676,0.00041626011263140063,0.47516587027140167,0.18712699442058767,1.1427243101368723,1.397598165247043,0.04126404443868337,23975.981652470422
H4,5,1.0,none,0,both,1.0,2633,121.75,0.4157925546063695,0.2896898336778161,1.1208325528913168,0.32700341815419676,0.00041626011263140063,0.47516587027140167,0.18712699442058767,1.1427243101368723,1.397598165247043,0.04126404443868337,23975.981652470422
H4,5,1.0,none,0,long,0.0,2042,94.42214204329662,0.7208280273637389,0.2012861097901576,1.2480733809266027,0.34476003917727716,0.0008293376754514206,0.7658532540052783,0.14572608217064753,1.2751790066497857,2.5073623516210497,0.059741449508943,35073.62351621017
H4,5,1.0,none,0,long,1.0,2042,94.42214204329662,0.7208280273637389,0.2012861097901576,1.2480733809266027,0.34476003917727716,0.0008293376754514206,0.7658532540052783,0.14572608217064753,1.2751790066497857,2.5073623516210497,0.059741449508943,35073.62351621017
H4,5,1.0,none,0,short,0.0,2043,94.45642405063292,-0.1635295689297266,0.5105820473695767,0.9491244343487308,0.2990699951052374,-0.00018367727468090672,-0.11928627552044363,0.5914361046243908,0.9623016804839329,-0.35423818880612146,-0.020016300918714758,6457.61811193878
H4,5,1.0,none,0,short,1.0,2043,94.45642405063292,-0.1635295689297266,0.5105820473695767,0.9491244343487308,0.2990699951052374,-0.00018367727468090672,-0.11928627552044363,0.5914361046243908,0.9623016804839329,-0.35423818880612146,-0.020016300918714758,6457.61811193878
H4,5,1.0,D1,20,both,0.0,1770,82.36622499681488,0.5162149390453604,0.33154613123958887,1.1909913176511187,0.33220338983050846,0.0006599538185099065,0.580020133712538,0.22919712747828436,1.2260622776891121,1.5930660389478253,0.0453377766719405,25930.660389478202
H4,5,1.0,D1,20,both,1.0,1770,82.36622499681488,0.5162149390453604,0.33154613123958887,1.1909913176511187,0.33220338983050846,0.0006599538185099065,0.580020133712538,0.22919712747828436,1.2260622776891121,1.5930660389478253,0.0453377766719405,25930.660389478202
H4,5,1.0,D1,20,long,0.0,1028,47.837558924703785,0.6430868893622593,0.12429215885111178,1.3254850794549102,0.35116731517509725,0.0010699254603635136,0.665337155003628,0.10189860292686748,1.3517691865581036,1.5611709624301446,0.04473590723791965,25611.70962430135
H4,5,1.0,D1,20,long,1.0,1028,47.837558924703785,0.6430868893622593,0.12429215885111178,1.3254850794549102,0.35116731517509725,0.0010699254603635136,0.665337155003628,0.10189860292686748,1.3517691865581036,1.5611709624301446,0.04473590723791965,25611.70962430135
H4,5,1.0,D1,20,short,0.0,875,40.97355769230769,-0.03149983581180325,0.3593917535709209,0.9848148450076264,0.30742857142857144,-5.543352089771249e-05,0.03872641876687591,0.3558547646165663,1.0195510869484659,0.0023767406752748244,0.00011116958063261961,10023.767406752746
H4,5,1.0,D1,20,short,1.0,875,40.97355769230769,-0.03149983581180325,0.3593917535709209,0.9848148450076264,0.30742857142857144,-5.543352089771249e-05,0.03872641876687591,0.3558547646165663,1.0195510869484659,0.0023767406752748244,0.00011116958063261961,10023.767406752746
H4,5,1.0,D1,32,both,0.0,1850,86.40824808184142,0.4638031336778199,0.2483573157810961,1.164859501913689,0.33297297297297296,0.0005667250794970487,0.4897256412115744,0.15203872384848116,1.1785335442649933,1.1636373264651305,0.03670576790699576,21636.37326465115
H4,5,1.0,D1,32,both,1.0,1850,86.40824808184142,0.4638031336778199,0.2483573157810961,1.164859501913689,0.33297297297297296,0.0005667250794970487,0.4897256412115744,0.15203872384848116,1.1785335442649933,1.1636373264651305,0.03670576790699576,21636.37326465115
H4,5,1.0,D1,32,long,0.0,1047,49.00265889287545,0.5926171097832722,0.15987595722003667,1.2829899607347857,0.3524355300859599,0.000937069256708026,0.6019822868436603,0.11352307180614074,1.293019002316336,1.2730785796713198,0.039179565400173866,22730.785796713146
H4,5,1.0,D1,32,long,1.0,1047,49.00265889287545,0.5926171097832722,0.15987595722003667,1.2829899607347857,0.3524355300859599,0.000937069256708026,0.6019822868436603,0.11352307180614074,1.293019002316336,1.2730785796713198,0.039179565400173866,22730.785796713146
H4,5,1.0,D1,32,short,0.0,895,41.93697883258499,0.12464074885034715,0.2974461531595125,1.0633437659227734,0.3128491620111732,0.0002238128171335215,0.14457718700962469,0.2905372580061195,1.0744647613382305,0.18031098249926858,0.007798098643445162,11803.109824992622
H4,5,1.0,D1,32,short,1.0,895,41.93697883258499,0.12464074885034715,0.2974461531595125,1.0633437659227734,0.3128491620111732,0.0002238128171335215,0.14457718700962469,0.2905372580061195,1.0744647613382305,0.18031098249926858,0.007798098643445162,11803.109824992622
H4,5,1.0,D1,50,both,0.0,1841,86.4522049370018,0.31460116444350283,0.41645343397138923,1.110957280542246,0.3193916349809886,0.00039050444957394655,0.3275158695966195,0.3107195630301235,1.1190328871216522,0.696099355231518,0.025120429423165058,16960.993552315133
H4,5,1.0,D1,50,both,1.0,1841,86.4522049370018,0.31460116444350283,0.41645343397138923,1.110957280542246,0.3193916349809886,0.00039050444957394655,0.3275158695966195,0.3107195630301235,1.1190328871216522,0.696099355231518,0.025120429423165058,16960.993552315133
H4,5,1.0,D1,50,long,0.0,1054,49.49517870917973,0.430832063768903,0.163921465643588,1.204547148342424,0.33301707779886147,0.0007062009827506558,0.4313147862376559,0.18676602746966875,1.2084016227101948,0.8506126388453137,0.029326062614774884,18506.126388453096
H4,5,1.0,D1,50,long,1.0,1054,49.49517870917973,0.430832063768903,0.163921465643588,1.204547148342424,0.33301707779886147,0.0007062009827506558,0.4313147862376559,0.18676602746966875,1.2084016227101948,0.8506126388453137,0.029326062614774884,18506.126388453096
H4,5,1.0,D1,50,short,0.0,869,40.96041424699961,-0.07347771910424666,0.4280056610805373,0.9638817139485556,0.3003452243958573,-0.00012927980264348414,-0.07511909968326949,0.4643441704274506,0.9624659448767947,-0.1625273460894966,-0.00832534887318015,8374.726539104991
H4,5,1.0,D1,50,short,1.0,869,40.96041424699961,-0.07347771910424666,0.4280056610805373,0.9638817139485556,0.3003452243958573,-0.00012927980264348414,-0.07511909968326949,0.4643441704274506,0.9624659448767947,-0.1625273460894966,-0.00832534887318015,8374.726539104991
H4,5,1.0,D1,80,both,0.0,1857,88.07547721075184,0.3282251486960025,0.2012725203894834,1.1118357010671585,0.32687129779213786,0.00039265085454089137,0.3865680823372685,0.16517245689199267,1.1376508709061488,0.9519766535067649,0.03223098937549018,19519.766535067654
H4,5,1.0,D1,80,both,1.0,1857,88.07547721075184,0.3282251486960025,0.2012725203894834,1.1118357010671585,0.32687129779213786,0.00039265085454089137,0.3865680823372685,0.16517245689199267,1.1376508709061488,0.9519766535067649,0.03223098937549018,19519.766535067654
H4,5,1.0,D1,80,long,0.0,1034,49.349078792630344,0.5832283009530473,0.12592069003578532,1.2738109117420102,0.3481624758220503,0.0009463959083140824,0.6026290143341392,0.13631227003250168,1.293194349587105,1.4172666049964335,0.04302494210138885,24172.66604996424
H4,5,1.0,D1,80,long,1.0,1034,49.349078792630344,0.5832283009530473,0.12592069003578532,1.2738109117420102,0.3481624758220503,0.0009463959083140824,0.6026290143341392,0.13631227003250168,1.293194349587105,1.4172666049964335,0.04302494210138885,24172.66604996424
H4,5,1.0,D1,80,short,0.0,881,41.915494333724105,-0.04493068094212665,0.3110380077982158,0.9781742144589863,0.30533484676503975,-7.735470968513828e-05,-0.002459905839103109,0.3332277639934873,0.9987699869616543,-0.061481429441182955,-0.0030143450900258495,9385.185705588156
H4,5,1.0,D1,80,short,1.0,881,41.915494333724105,-0.04493068094212665,0.3110380077982158,0.9781742144589863,0.30533484676503975,-7.735470968513828e-05,-0.002459905839103109,0.3332277639934873,0.9987699869616543,-0.061481429441182955,-0.0030143450900258495,9385.185705588156
H4,5,1.0,D1,120,both,0.0,1865,89.58327853761178,0.6046089223229165,0.1816069351295937,1.21733774808748,0.34101876675603215,0.000746744566243988,0.706510271819775,0.1192618062754569,1.27300518772734,2.1882747287789273,0.05727450734549011,31882.747287789203
H4,5,1.0,D1,120,both,1.0,1865,89.58327853761178,0.6046089223229165,0.1816069351295937,1.21733774808748,0.34101876675603215,0.000746744566243988,0.706510271819775,0.1192618062754569,1.27300518772734,2.1882747287789273,0.05727450734549011,31882.747287789203
H4,5,1.0,D1,120,long,0.0,1031,49.52298132561809,0.6933500080425978,0.16196325928387623,1.3346999326494067,0.35984481086323955,0.0011550672903477017,0.7371248126450292,0.11544486753262784,1.3718843641484892,1.9123661710554698,0.05268772440742331,29123.661710554617
H4,5,1.0,D1,120,long,1.0,1031,49.52298132561809,0.6933500080425978,0.16196325928387623,1.3346999326494067,0.35984481086323955,0.0011550672903477017,0.7371248126450292,0.11544486753262784,1.3718843641484892,1.9123661710554698,0.05268772440742331,29123.661710554617
H4,5,1.0,D1,120,short,0.0,882,42.742536818362744,0.13530961709892306,0.2331271228226124,1.0697387997009882,0.31859410430839,0.00023976551064521263,0.2552307637863462,0.21697240691354402,1.1375022007465967,0.3866703827909055,0.01596829362216412,13866.70382790908
H4,5,1.0,D1,120,short,1.0,882,42.742536818362744,0.13530961709892306,0.2331271228226124,1.0697387997009882,0.31859410430839,0.00023976551064521263,0.2552307637863462,0.21697240691354402,1.1375022007465967,0.3866703827909055,0.01596829362216412,13866.70382790908
H4,5,1.0,W1,20,both,0.0,1915,91.88830136626379,0.4161693396543642,0.31748842188091175,1.1412170184734436,0.33107049608355094,0.0004927432583601708,0.5518151481643648,0.23506882363634685,1.200714729152622,1.6571865273919375,0.04800953177712164,26571.86527391937
H4,5,1.0,W1,20,both,1.0,1915,91.88830136626379,0.4161693396543642,0.31748842188091175,1.1412170184734436,0.33107049608355094,0.0004927432583601708,0.5518151481643648,0.23506882363634685,1.200714729152622,1.6571865273919375,0.04800953177712164,26571.86527391937
H4,5,1.0,W1,20,long,0.0,1089,52.253973988439306,0.6037785358981864,0.18111962993186193,1.2774107014264662,0.34894398530762166,0.0009771624004150186,0.6736562121841573,0.17295704647682542,1.3254182955057061,1.747858097463677,0.0496982178809664,27478.580974636752
H4,5,1.0,W1,20,long,1.0,1089,52.253973988439306,0.6037785358981864,0.18111962993186193,1.2774107014264662,0.34894398530762166,0.0009771624004150186,0.6736562121841573,0.17295704647682542,1.3254182955057061,1.747858097463677,0.0496982178809664,27478.580974636752
H4,5,1.0,W1,20,short,0.0,886,42.58046052631578,-0.12666023645661076,0.3326173467847825,0.9397191284140928,0.3058690744920993,-0.0002132344652641832,0.018993395306984948,0.3386038428882331,1.0096079497826955,-0.029528099807177965,-0.0014394336028700216,9704.719001928217
H4,5,1.0,W1,20,short,1.0,886,42.58046052631578,-0.12666023645661076,0.3326173467847825,0.9397191284140928,0.3058690744920993,-0.0002132344652641832,0.018993395306984948,0.3386038428882331,1.0096079497826955,-0.029528099807177965,-0.0014394336028700216,9704.719001928217
H4,5,1.0,W1,32,both,0.0,1872,91.81522760843292,0.27364977221378306,0.42188595355957204,1.0902056307841788,0.32905982905982906,0.00031862478560013317,0.4256896961331043,0.4066549930130734,1.1477655586590212,1.2764578739994263,0.041171731307157344,22764.57873999412
H4,5,1.0,W1,32,both,1.0,1872,91.81522760843292,0.27364977221378306,0.42188595355957204,1.0902056307841788,0.32905982905982906,0.00031862478560013317,0.4256896961331043,0.4066549930130734,1.1477655586590212,1.2764578739994263,0.041171731307157344,22764.57873999412
H4,5,1.0,W1,32,long,0.0,1095,53.7060225594199,0.5022091601957626,0.2892906888506994,1.221254363147308,0.3497716894977169,0.0007835741279472177,0.6038954395834841,0.2881391868939508,1.2798017940186923,1.6502860058272417,0.04896517023866798,26502.86005827233
H4,5,1.0,W1,32,long,1.0,1095,53.7060225594199,0.5022091601957626,0.2892906888506994,1.221254363147308,0.3497716894977169,0.0007835741279472177,0.6038954395834841,0.2881391868939508,1.2798017940186923,1.6502860058272417,0.04896517023866798,26502.86005827233
H4,5,1.0,W1,32,short,0.0,828,41.77168508287293,-0.1184045013308532,0.3209113108176147,0.9438684112945064,0.30676328502415456,-0.00019686265205993953,0.006200428245450355,0.2810607405033534,1.0030943625511548,-0.05182418821576773,-0.002681054559911744,9481.75811784234
H4,5,1.0,W1,32,short,1.0,828,41.77168508287293,-0.1184045013308532,0.3209113108176147,0.9438684112945064,0.30676328502415456,-0.00019686265205993953,0.006200428245450355,0.2810607405033534,1.0030943625511548,-0.05182418821576773,-0.002681054559911744,9481.75811784234
H4,5,1.0,W1,50,both,0.0,1822,92.53135428253614,0.4060000051104063,0.27360243345008206,1.1354377859754965,0.340834248079034,0.00046657828049514484,0.623094355365078,0.152997861521326,1.2244714710967999,1.9678875957400623,0.056801752589983545,29678.875957400494
H4,5,1.0,W1,50,both,1.0,1822,92.53135428253614,0.4060000051104063,0.27360243345008206,1.1354377859754965,0.340834248079034,0.00046657828049514484,0.623094355365078,0.152997861521326,1.2244714710967999,1.9678875957400623,0.056801752589983545,29678.875957400494
H4,5,1.0,W1,50,long,0.0,1135,57.64165044493882,0.5244666362844043,0.19937287676069582,1.2225769839669034,0.35506607929515416,0.0007440060067097493,0.6456333207599404,0.18391843551407028,1.288543829060829,1.7522636475119464,0.05276132021746638,27522.63647511943
H4,5,1.0,W1,50,long,1.0,1135,57.64165044493882,0.5244666362844043,0.19937287676069582,1.2225769839669034,0.35506607929515416,0.0007440060067097493,0.6456333207599404,0.18391843551407028,1.288543829060829,1.7522636475119464,0.05276132021746638,27522.63647511943
H4,5,1.0,W1,50,short,0.0,743,38.658226495726495,-0.09220092841146393,0.351226343384746,0.9542682579958207,0.31090174966352624,-0.00016595302729508775,0.09942894478054734,0.2619349666141563,1.054177467346689,0.0960486667032352,0.004783149176657009,10960.486667032375
H4,5,1.0,W1,50,short,1.0,743,38.658226495726495,-0.09220092841146393,0.351226343384746,0.9542682579958207,0.31090174966352624,-0.00016595302729508775,0.09942894478054734,0.2619349666141563,1.054177467346689,0.0960486667032352,0.004783149176657009,10960.486667032375
H4,5,1.0,W1,80,both,0.0,1729,93.25417158889545,0.465141572361286,0.23734745072884822,1.158542318240157,0.33545401966454597,0.0005387077644367116,0.6659638244106354,0.19868776665885757,1.242471842105694,2.046666890068163,0.061928448953326276,30466.668900681612
H4,5,1.0,W1,80,both,1.0,1729,93.25417158889545,0.465141572361286,0.23734745072884822,1.158542318240157,0.33545401966454597,0.0005387077644367116,0.6659638244106354,0.19868776665885757,1.242471842105694,2.046666890068163,0.061928448953326276,30466.668900681612
H4,5,1.0,W1,80,long,0.0,1106,59.723018923713774,0.6177488819062154,0.21944889844414384,1.2678031135758334,0.3508137432188065,0.0008641699012498373,0.7089991907289293,0.20692497522568154,1.319161005939725,1.854334753618367,0.05827091617688329,28543.34753618365
H4,5,1.0,W1,80,long,1.0,1106,59.723018923713774,0.6177488819062154,0.21944889844414384,1.2678031135758334,0.3508137432188065,0.0008641699012498373,0.7089991907289293,0.20692497522568154,1.319161005939725,1.854334753618367,0.05827091617688329,28543.34753618365
H4,5,1.0,W1,80,short,0.0,646,38.7695530726257,-0.018593274673212645,0.30658739173631533,0.9905695317230772,0.30959752321981426,-3.509667326253167e-05,0.19297434026007443,0.2466103417725687,1.109506333301642,0.22743302131174836,0.012374469208285,12274.33021311748
H4,5,1.0,W1,80,short,1.0,646,38.7695530726257,-0.018593274673212645,0.30658739173631533,0.9905695317230772,0.30959752321981426,-3.509667326253167e-05,0.19297434026007443,0.2466103417725687,1.109506333301642,0.22743302131174836,0.012374469208285,12274.33021311748
H4,5,1.0,W1,120,both,0.0,1605,94.38516341973917,0.4538045901869782,0.2612822796418234,1.1548805900699262,0.32087227414330216,0.0005057605852556995,0.6328785743153306,0.2128652380517959,1.2291593636844211,1.9261435254394437,0.06517613096821662,29261.43525439422
H4,5,1.0,W1,120,both,1.0,1605,94.38516341973917,0.4538045901869782,0.2612822796418234,1.1548805900699262,0.32087227414330216,0.0005057605852556995,0.6328785743153306,0.2128652380517959,1.2291593636844211,1.9261435254394437,0.06517613096821662,29261.43525439422
H4,5,1.0,W1,120,long,0.0,1044,61.533161207035654,0.5044156153816644,0.1595894869423432,1.2123836951135032,0.3342911877394636,0.0007043147711652617,0.6455198997943842,0.17981590211577458,1.2783697234888112,1.7179863455590039,0.06070459796161054,27179.86345558991
H4,5,1.0,W1,120,long,1.0,1044,61.533161207035654,0.5044156153816644,0.1595894869423432,1.2123836951135032,0.3342911877394636,0.0007043147711652617,0.6455198997943842,0.17981590211577458,1.2783697234888112,1.7179863455590039,0.06070459796161054,27179.86345558991
H4,5,1.0,W1,120,short,0.0,579,39.27200557103064,0.08466693390111843,0.23184228186429912,1.0450344818604398,0.29533678756476683,0.00014319947700686694,0.2091473878230498,0.21299084400124657,1.1232438122478956,0.22095376092197783,0.013632609206404078,12209.537609219775
H4,5,1.0,W1,120,short,1.0,579,39.27200557103064,0.08466693390111843,0.23184228186429912,1.0450344818604398,0.29533678756476683,0.00014319947700686694,0.2091473878230498,0.21299084400124657,1.1232438122478956,0.22095376092197783,0.013632609206404078,12209.537609219775
H4,8,4.0,none,0,both,0.0,366,16.956050228310502,0.30795035097741874,0.3390737572674266,1.2658411362695783,0.3825136612021858,0.002569294622602093,0.3550686154926445,0.15536893306112942,1.3357503453518946,0.5055970201510465,0.019137757629931862,15055.970201510489
H4,8,4.0,none,0,both,1.0,366,16.956050228310502,0.30795035097741874,0.3390737572674266,1.2658411362695783,0.3825136612021858,0.002569294622602093,0.3550686154926445,0.15536893306112942,1.3357503453518946,0.5055970201510465,0.019137757629931862,15055.970201510489
H4,8,4.0,none,0,long,0.0,337,15.628396394108686,0.5699777553159319,0.20184009320473384,1.5939862664216427,0.40059347181008903,0.00515076542549671,0.5906231061549869,0.0951484185207302,1.6806782766837804,1.1741438014091452,0.03667294554366474,21741.43801409151
H4,8,4.0,none,0,long,1.0,337,15.628396394108686,0.5699777553159319,0.20184009320473384,1.5939862664216427,0.40059347181008903,0.00515076542549671,0.5906231061549869,0.0951484185207302,1.6806782766837804,1.1741438014091452,0.03667294554366474,21741.43801409151
H4,8,4.0,none,0,short,0.0,338,15.6568801521877,-0.2548812603668812,0.5126031106691729,0.838829540359047,0.35502958579881655,-0.0016283069293517572,-0.33551687377979716,0.24394090649103806,0.8000533563092752,-0.22121983032094528,-0.011514948341218911,7787.801696790542
H4,8,4.0,none,0,short,1.0,338,15.6568801521877,-0.2548812603668812,0.5126031106691729,0.838829540359047,0.35502958579881655,-0.0016283069293517572,-0.33551687377979716,0.24394090649103806,0.8000533563092752,-0.22121983032094528,-0.011514948341218911,7787.801696790542
H4,8,4.0,D1,20,both,0.0,161,7.568243243243243,0.2438999194367676,0.2081449201127149,1.2959895114785696,0.391304347826087,0.0025574663432818305,0.269508470557022,0.07880342064104096,1.3467099155849136,0.1955170811674738,0.00842991569169449,11955.170811674736
H4,8,4.0,D1,20,both,1.0,161,7.568243243243243,0.2438999194367676,0.2081449201127149,1.2959895114785696,0.391304347826087,0.0025574663432818305,0.269508470557022,0.07880342064104096,1.3467099155849136,0.1955170811674738,0.00842991569169449,11955.170811674736
H4,8,4.0,D1,20,long,0.0,109,5.123841698841699,0.36282869818262703,0.11721094778918861,1.6372915422867533,0.43119266055045874,0.004751984834044112,0.4131357877306093,0.04771867883786596,1.811828297025893,0.28202689513088663,0.01174717069954756,12820.268951308852
H4,8,4.0,D1,20,long,1.0,109,5.123841698841699,0.36282869818262703,0.11721094778918861,1.6372915422867533,0.43119266055045874,0.004751984834044112,0.4131357877306093,0.04771867883786596,1.811828297025893,0.28202689513088663,0.01174717069954756,12820.268951308852
H4,8,4.0,D1,20,short,0.0,88,4.250462840518381,0.025630715122987018,0.14740268478971585,1.0346942528940333,0.3409090909090909,0.0003413584644901567,-0.1325448520538104,0.0741698486139345,0.8515600494340847,-0.0501692746508865,-0.002483022109148081,9498.307253491126
H4,8,4.0,D1,20,short,1.0,88,4.250462840518381,0.025630715122987018,0.14740268478971585,1.0346942528940333,0.3409090909090909,0.0003413584644901567,-0.1325448520538104,0.0741698486139345,0.8515600494340847,-0.0501692746508865,-0.002483022109148081,9498.307253491126
H4,8,4.0,D1,32,both,0.0,158,7.44254578282177,-0.17640591510886433,0.35658837529725473,0.84476391421962,0.34177215189873417,-0.0015654769833974625,-0.12491603200688577,0.1388606647051177,0.8901013305062582,-0.06923363827462792,-0.003373917264860471,9307.663617253715
H4,8,4.0,D1,32,both,1.0,158,7.44254578282177,-0.17640591510886433,0.35658837529725473,0.84476391421962,0.34177215189873417,-0.0015654769833974625,-0.12491603200688577,0.1388606647051177,0.8901013305062582,-0.06923363827462792,-0.003373917264860471,9307.663617253715
H4,8,4.0,D1,32,long,0.0,96,4.522053133866392,-0.015454088568504882,0.28947167896927317,0.9814419998510109,0.34375,-0.00017701460695019374,0.02373011849570299,0.12736468553460278,1.029372957230631,0.005999476922639468,0.0002817990176759988,10059.994769226396
H4,8,4.0,D1,32,long,1.0,96,4.522053133866392,-0.015454088568504882,0.28947167896927317,0.9814419998510109,0.34375,-0.00017701460695019374,0.02373011849570299,0.12736468553460278,1.029372957230631,0.005999476922639468,0.0002817990176759988,10059.994769226396
H4,8,4.0,D1,32,short,0.0,95,4.58856783919598,-0.1517826991442471,0.24006969493070596,0.82464926811846,0.3684210526315789,-0.0017231007001798132,-0.17065660298366944,0.10532712630660956,0.8183268329739922,-0.06116800821040358,-0.0030440376248165313,9388.31991789596
H4,8,4.0,D1,32,short,1.0,95,4.58856783919598,-0.1517826991442471,0.24006969493070596,0.82464926811846,0.3684210526315789,-0.0017231007001798132,-0.17065660298366944,0.10532712630660956,0.8183268329739922,-0.06116800821040358,-0.0030440376248165313,9388.31991789596
H4,8,4.0,D1,50,both,0.0,167,8.209522207267833,-0.4871276869528625,0.4861037241361741,0.6446202088319487,0.3413173652694611,-0.003498258520582812,-0.3970683376184272,0.18509436332513174,0.7019054561165885,-0.16510420203968967,-0.008831399462805423,8348.95797960311
H4,8,4.0,D1,50,both,1.0,167,8.209522207267833,-0.4871276869528625,0.4861037241361741,0.6446202088319487,0.3413173652694611,-0.003498258520582812,-0.3970683376184272,0.18509436332513174,0.7019054561165885,-0.16510420203968967,-0.008831399462805423,8348.95797960311
H4,8,4.0,D1,50,long,0.0,97,4.781920637063031,-0.23107529563129608,0.3766530088381591,0.7585158593232363,0.32989690721649484,-0.002265103828756737,-0.2724842922940743,0.14742702706919664,0.73251635359244,-0.09255065909693039,-0.004776272160150197,9074.49340903071
H4,8,4.0,D1,50,long,1.0,97,4.781920637063031,-0.23107529563129608,0.3766530088381591,0.7585158593232363,0.32989690721649484,-0.002265103828756737,-0.2724842922940743,0.14742702706919664,0.73251635359244,-0.09255065909693039,-0.004776272160150197,9074.49340903071
H4,8,4.0,D1,50,short,0.0,84,4.150006763154335,-0.400019527952718,0.27954833002190704,0.6098888985744387,0.36904761904761907,-0.0038599715054764574,-0.21389369203617417,0.08210598266042668,0.7539736263692931,-0.06741679993197147,-0.0034423667063993024,9325.832000680291
H4,8,4.0,D1,50,short,1.0,84,4.150006763154335,-0.400019527952718,0.27954833002190704,0.6098888985744387,0.36904761904761907,-0.0038599715054764574,-0.21389369203617417,0.08210598266042668,0.7539736263692931,-0.06741679993197147,-0.0034423667063993024,9325.832000680291
H4,8,4.0,D1,80,both,0.0,208,9.90508474576271,0.0341182253696027,0.2737893089772645,1.030426987233671,0.375,0.0002821912108471376,0.19267932529123932,0.09201482377167391,1.1931804223925042,0.1341447183818194,0.0060124271715387145,11341.447183818214
H4,8,4.0,D1,80,both,1.0,208,9.90508474576271,0.0341182253696027,0.2737893089772645,1.030426987233671,0.375,0.0002821912108471376,0.19267932529123932,0.09201482377167391,1.1931804223925042,0.1341447183818194,0.0060124271715387145,11341.447183818214
H4,8,4.0,D1,80,long,0.0,115,5.5260820944612545,0.24203630280429905,0.12826081608962625,1.338077035178784,0.3826086956521739,0.0030359029211012283,0.29439232556175415,0.05153857752142765,1.438882546866851,0.1766074319627866,0.007845710478189938,11766.07431962787
H4,8,4.0,D1,80,long,1.0,115,5.5260820944612545,0.24203630280429905,0.12826081608962625,1.338077035178784,0.3826086956521739,0.0030359029211012283,0.29439232556175415,0.05153857752142765,1.438882546866851,0.1766074319627866,0.007845710478189938,11766.07431962787
H4,8,4.0,D1,80,short,0.0,100,4.843522079299828,-0.251850764420798,0.26611334934341213,0.7436059698801814,0.37,-0.002477969343581454,-0.1008550077292793,0.09262654358641909,0.8832873955651701,-0.043181037203973816,-0.002135698953501075,9568.189627960266
H4,8,4.0,D1,80,short,1.0,100,4.843522079299828,-0.251850764420798,0.26611334934341213,0.7436059698801814,0.37,-0.002477969343581454,-0.1008550077292793,0.09262654358641909,0.8832873955651701,-0.043181037203973816,-0.002135698953501075,9568.189627960266
H4,8,4.0,D1,120,both,0.0,231,11.15009250693802,0.16082010932353807,0.28221664294247406,1.1411998835489567,0.39826839826839827,0.0012457110039716958,0.23723363478276288,0.12321509424153909,1.2230653401678486,0.1746810205671676,0.007801387836606777,11746.810205671663
H4,8,4.0,D1,120,both,1.0,231,11.15009250693802,0.16082010932353807,0.28221664294247406,1.1411998835489567,0.39826839826839827,0.0012457110039716958,0.23723363478276288,0.12321509424153909,1.2230653401678486,0.1746810205671676,0.007801387836606777,11746.810205671663
H4,8,4.0,D1,120,long,0.0,126,6.081868640148011,0.2931682539228205,0.23773525264293915,1.3961473961079125,0.4126984126984127,0.003229555129910327,0.33676534471152103,0.09732084587240242,1.4958707045730502,0.20447714483102697,0.009020639012218279,12044.77144831027
H4,8,4.0,D1,120,long,1.0,126,6.081868640148011,0.2931682539228205,0.23773525264293915,1.3961473961079125,0.4126984126984127,0.003229555129910327,0.33676534471152103,0.09732084587240242,1.4958707045730502,0.20447714483102697,0.009020639012218279,12044.77144831027
H4,8,4.0,D1,120,short,0.0,109,5.726733314154201,-0.10009244304117007,0.21573191917293122,0.8947972272820904,0.3853211009174312,-0.0009969369007487745,-0.07551129232801868,0.07631523806951468,0.9219954298957007,-0.033080273581006514,-0.0017658350685961777,9669.197264189928
H4,8,4.0,D1,120,short,1.0,109,5.726733314154201,-0.10009244304117007,0.21573191917293122,0.8947972272820904,0.3853211009174312,-0.0009969369007487745,-0.07551129232801868,0.07631523806951468,0.9219954298957007,-0.033080273581006514,-0.0017658350685961777,9669.197264189928
H4,8,4.0,W1,20,both,0.0,274,13.17168991839958,0.3503989653783585,0.1864846064265948,1.3311096858838214,0.39416058394160586,0.0030439735594908453,0.3985659633542017,0.08694543051275339,1.3934710498605412,0.4147319891264263,0.01681791177301295,14147.319891264282
H4,8,4.0,W1,20,both,1.0,274,13.17168991839958,0.3503989653783585,0.1864846064265948,1.3311096858838214,0.39416058394160586,0.0030439735594908453,0.3985659633542017,0.08694543051275339,1.3934710498605412,0.4147319891264263,0.01681791177301295,14147.319891264282
H4,8,4.0,W1,20,long,0.0,157,7.547282179520926,0.4298365107667677,0.18425279085705437,1.6252694352626016,0.40764331210191085,0.005583401566217638,0.47006288977371274,0.07838397597742774,1.7426409937454943,0.45331895021826774,0.01813412113126822,14533.18950218268
H4,8,4.0,W1,20,long,1.0,157,7.547282179520926,0.4298365107667677,0.18425279085705437,1.6252694352626016,0.40764331210191085,0.005583401566217638,0.47006288977371274,0.07838397597742774,1.7426409937454943,0.45331895021826774,0.01813412113126822,14533.18950218268
H4,8,4.0,W1,20,short,0.0,143,7.241196450852628,-0.13104386207920776,0.2412559848913144,0.8788141529565384,0.3706293706293706,-0.001165794314817674,-0.15757183203817032,0.10082686526177853,0.860511873555645,-0.06897630016124556,-0.0036125656530916483,9310.23699838755
H4,8,4.0,W1,20,short,1.0,143,7.241196450852628,-0.13104386207920776,0.2412559848913144,0.8788141529565384,0.3706293706293706,-0.001165794314817674,-0.15757183203817032,0.10082686526177853,0.860511873555645,-0.06897630016124556,-0.0036125656530916483,9310.23699838755
H4,8,4.0,W1,32,both,0.0,280,13.770028275212063,0.3838359988974251,0.25419000289184956,1.375720884326876,0.4,0.0035194502474939207,0.4556501464433257,0.05477748288891304,1.4872888108711426,0.5667641495745128,0.022327443987147255,15667.641495745158
H4,8,4.0,W1,32,both,1.0,280,13.770028275212063,0.3838359988974251,0.25419000289184956,1.375720884326876,0.4,0.0035194502474939207,0.4556501464433257,0.05477748288891304,1.4872888108711426,0.5667641495745128,0.022327443987147255,15667.641495745158
H4,8,4.0,W1,32,long,0.0,173,8.507910327184597,0.5039180450721619,0.10749972883653935,1.7522180169027939,0.4277456647398844,0.006580426075793545,0.5236541023232969,0.04981849532373073,1.8269872095288524,0.5852244159115394,0.022916532027432934,15852.244159115397
H4,8,4.0,W1,32,long,1.0,173,8.507910327184597,0.5039180450721619,0.10749972883653935,1.7522180169027939,0.4277456647398844,0.006580426075793545,0.5236541023232969,0.04981849532373073,1.8269872095288524,0.5852244159115394,0.022916532027432934,15852.244159115397
H4,8,4.0,W1,32,short,0.0,136,6.987480658320439,-0.1016166510656526,0.3135516040126629,0.9020370794722012,0.375,-0.0009455973971822925,-0.019909203015959234,0.09053527435616238,0.9799096768232407,-0.014707050369065167,-0.0007609486307746938,9852.929496309363
H4,8,4.0,W1,32,short,1.0,136,6.987480658320439,-0.1016166510656526,0.3135516040126629,0.9020370794722012,0.375,-0.0009455973971822925,-0.019909203015959234,0.09053527435616238,0.9799096768232407,-0.014707050369065167,-0.0007609486307746938,9852.929496309363
H4,8,4.0,W1,50,both,0.0,275,14.075637612107624,0.48093468758961294,0.17736650841294,1.5270956241229803,0.4,0.004657430404990165,0.5714134552703282,0.07203517406850157,1.692982911679155,0.8465080813056269,0.03188893828882611,18465.08081305632
H4,8,4.0,W1,50,both,1.0,275,14.075637612107624,0.48093468758961294,0.17736650841294,1.5270956241229803,0.4,0.004657430404990165,0.5714134552703282,0.07203517406850157,1.692982911679155,0.8465080813056269,0.03188893828882611,18465.08081305632
H4,8,4.0,W1,50,long,0.0,177,9.072305641313498,0.5177126909592269,0.15179199958022105,1.8298368902029345,0.4124293785310734,0.006771107672428893,0.5969459393006316,0.05356152921435897,2.0811931265968253,0.814997276359452,0.031024386910839974,18149.972763594556
H4,8,4.0,W1,50,long,1.0,177,9.072305641313498,0.5177126909592269,0.15179199958022105,1.8298368902029345,0.4124293785310734,0.006771107672428893,0.5969459393006316,0.05356152921435897,2.0811931265968253,0.814997276359452,0.031024386910839974,18149.972763594556
H4,8,4.0,W1,50,short,0.0,121,6.553269572953737,0.03273591114620341,0.21080726127184812,1.0367439395407045,0.371900826446281,0.00035826024559630355,0.007546935585915666,0.07499052282995833,1.0078538738912173,-0.0016256447098758064,-8.811146209197762e-05,9983.743552901262
H4,8,4.0,W1,50,short,1.0,121,6.553269572953737,0.03273591114620341,0.21080726127184812,1.0367439395407045,0.371900826446281,0.00035826024559630355,0.007546935585915666,0.07499052282995833,1.0078538738912173,-0.0016256447098758064,-8.811146209197762e-05,9983.743552901262
H4,8,4.0,W1,80,both,0.0,271,14.655426413976903,0.37573875632106346,0.27594631214436305,1.3778854755185694,0.39114391143911437,0.0033746611484214437,0.4294855957116648,0.07758257302602145,1.4803197924675142,0.5158189701083604,0.022749413192532764,15158.189701083591
H4,8,4.0,W1,80,both,1.0,271,14.655426413976903,0.37573875632106346,0.27594631214436305,1.3778854755185694,0.39114391143911437,0.0033746611484214437,0.4294855957116648,0.07758257302602145,1.4803197924675142,0.5158189701083604,0.022749413192532764,15158.189701083591
H4,8,4.0,W1,80,long,0.0,180,9.734231566479124,0.40964932809096416,0.23611163193217666,1.57628221788585,0.38333333333333336,0.004956170810009839,0.44519709765388527,0.09303969356708508,1.7157478431769793,0.5231067243404877,0.02301472659988013,15231.067243404887
H4,8,4.0,W1,80,long,1.0,180,9.734231566479124,0.40964932809096416,0.23611163193217666,1.57628221788585,0.38333333333333336,0.004956170810009839,0.44519709765388527,0.09303969356708508,1.7157478431769793,0.5231067243404877,0.02301472659988013,15231.067243404887
H4,8,4.0,W1,80,short,0.0,103,6.5325143254037155,-0.05887919402624702,0.2274119887644157,0.9398338969095599,0.3786407766990291,-0.0005939921497855853,-0.1529703910956423,0.057605939536607975,0.8596685644782174,-0.049785841900117145,-0.0032336122710791004,9502.14158099883
H4,8,4.0,W1,80,short,1.0,103,6.5325143254037155,-0.05887919402624702,0.2274119887644157,0.9398338969095599,0.3786407766990291,-0.0005939921497855853,-0.1529703910956423,0.057605939536607975,0.8596685644782174,-0.049785841900117145,-0.0032336122710791004,9502.14158099883
H4,8,4.0,W1,120,both,0.0,250,14.789844509232264,0.4104660165082048,0.28409602145465407,1.4334145646158463,0.392,0.0036416027862578313,0.4815533152429757,0.10046354687880332,1.5661071896591159,0.5510750401547808,0.026308009961203416,15510.750401547803
H4,8,4.0,W1,120,both,1.0,250,14.789844509232264,0.4104660165082048,0.28409602145465407,1.4334145646158463,0.392,0.0036416027862578313,0.4815533152429757,0.10046354687880332,1.5661071896591159,0.5510750401547808,0.026308009961203416,15510.750401547803
H4,8,4.0,W1,120,long,0.0,170,10.05709426627794,0.3702755123606183,0.3092120551341794,1.5081846387412225,0.3941176470588235,0.004455825142790265,0.48323989009989277,0.08199883053514734,1.8147326092294276,0.5163060328528739,0.02493243815848034,15163.060328528736
H4,8,4.0,W1,120,long,1.0,170,10.05709426627794,0.3702755123606183,0.3092120551341794,1.5081846387412225,0.3941176470588235,0.004455825142790265,0.48323989009989277,0.08199883053514734,1.8147326092294276,0.5163060328528739,0.02493243815848034,15163.060328528736
H4,8,4.0,W1,120,short,0.0,91,6.394334359368988,0.04590479901122028,0.19514650534868216,1.0505973406414097,0.37362637362637363,0.0004108033702125845,-0.014764980188578348,0.09559510406422778,0.984843321480177,-0.008347180864617276,-0.0005888230245031378,9916.528191353833
H4,8,4.0,W1,120,short,1.0,91,6.394334359368988,0.04590479901122028,0.19514650534868216,1.0505973406414097,0.37362637362637363,0.0004108033702125845,-0.014764980188578348,0.09559510406422778,0.984843321480177,-0.008347180864617276,-0.0005888230245031378,9916.528191353833
H4,8,5.0,none,0,both,0.0,253,11.720985540334857,0.12512441907770325,0.39755967519364854,1.1093223695514407,0.37549407114624506,0.0012849465650334286,0.19987203946163137,0.12231255707019584,1.1871051641151602,0.14999376337101666,0.006495646670339861,11499.937633710137
H4,8,5.0,none,0,both,1.0,253,11.720985540334857,0.12512441907770325,0.39755967519364854,1.1093223695514407,0.37549407114624506,0.0012849465650334286,0.19987203946163137,0.12231255707019584,1.1871051641151602,0.14999376337101666,0.006495646670339861,11499.937633710137
H4,8,5.0,none,0,long,0.0,239,11.085047619047618,0.5414603095702927,0.2596492620995634,1.6077206870746128,0.41422594142259417,0.00641229901155539,0.6171500314330389,0.0715849995624871,1.8132507165888372,0.8637238721089018,0.029296638933345776,18637.23872108901
H4,8,5.0,none,0,long,1.0,239,11.085047619047618,0.5414603095702927,0.2596492620995634,1.6077206870746128,0.41422594142259417,0.00641229901155539,0.6171500314330389,0.0715849995624871,1.8132507165888372,0.8637238721089018,0.029296638933345776,18637.23872108901
H4,8,5.0,none,0,short,0.0,240,11.117311350665823,-0.4328494307251922,0.6257629289501163,0.7096685127869383,0.35833333333333334,-0.0036252656617972398,-0.4938085884852051,0.2493937941183323,0.685931509788942,-0.23842792599682838,-0.01253752230470151,7615.720740031693
H4,8,5.0,none,0,short,1.0,240,11.117311350665823,-0.4328494307251922,0.6257629289501163,0.7096685127869383,0.35833333333333334,-0.0036252656617972398,-0.4938085884852051,0.2493937941183323,0.685931509788942,-0.23842792599682838,-0.01253752230470151,7615.720740031693
H4,8,5.0,D1,20,both,0.0,156,7.333204633204633,0.1495490406511774,0.2845069242943179,1.1602557172110624,0.40384615384615385,0.0017052798141736557,0.24203752315391835,0.09322333477026379,1.3025804831235828,0.15550190193259406,0.006817384832814799,11555.019019325933
H4,8,5.0,D1,20,both,1.0,156,7.333204633204633,0.1495490406511774,0.2845069242943179,1.1602557172110624,0.40384615384615385,0.0017052798141736557,0.24203752315391835,0.09322333477026379,1.3025804831235828,0.15550190193259406,0.006817384832814799,11555.019019325933
H4,8,5.0,D1,20,long,0.0,118,5.546911196911196,0.12025746740168652,0.251413598196488,1.1533833330101786,0.3728813559322034,0.0016070368941886618,0.24564991364321048,0.0731866398259663,1.38723344721309,0.14731113280883812,0.006480760789485673,11473.11132808838
H4,8,5.0,D1,20,long,1.0,118,5.546911196911196,0.12025746740168652,0.251413598196488,1.1533833330101786,0.3728813559322034,0.0016070368941886618,0.24564991364321048,0.0731866398259663,1.38723344721309,0.14731113280883812,0.006480760789485673,11473.11132808838
H4,8,5.0,D1,20,short,0.0,101,4.878372123776779,-0.41080977701211485,0.4163695914003538,0.6250941014633972,0.36633663366336633,-0.004922179855326391,-0.37997177331357856,0.13209705728096222,0.6483523206938947,-0.12088208267083145,-0.006203560403821751,8791.179173291675
H4,8,5.0,D1,20,short,1.0,101,4.878372123776779,-0.41080977701211485,0.4163695914003538,0.6250941014633972,0.36633663366336633,-0.004922179855326391,-0.37997177331357856,0.13209705728096222,0.6483523206938947,-0.12088208267083145,-0.006203560403821751,8791.179173291675
H4,8,5.0,D1,32,both,0.0,131,6.221265115069562,-0.14411424829615122,0.41949248372182923,0.8565928502286106,0.32061068702290074,-0.0018152590350376148,-0.04553990800343974,0.09629426577865785,0.9523462133393588,-0.02687846742155786,-0.0012931056076234126,9731.21532578443
H4,8,5.0,D1,32,both,1.0,131,6.221265115069562,-0.14411424829615122,0.41949248372182923,0.8565928502286106,0.32061068702290074,-0.0018152590350376148,-0.04553990800343974,0.09629426577865785,0.9523462133393588,-0.02687846742155786,-0.0012931056076234126,9731.21532578443
H4,8,5.0,D1,32,long,0.0,89,4.252649136577708,0.1134430075953453,0.25330200616321397,1.163257503239758,0.3707865168539326,0.001955663091671586,0.2451079784209375,0.08027638971318096,1.409694531346692,0.12517031609764917,0.005651117703353581,11251.70316097648
H4,8,5.0,D1,32,long,1.0,89,4.252649136577708,0.1134430075953453,0.25330200616321397,1.163257503239758,0.3707865168539326,0.001955663091671586,0.2451079784209375,0.08027638971318096,1.409694531346692,0.12517031609764917,0.005651117703353581,11251.70316097648
H4,8,5.0,D1,32,short,0.0,79,3.815756413647183,-0.5389544833612248,0.4328202478038454,0.4964088671922586,0.24050632911392406,-0.00664011636959637,-0.5335671241308679,0.13854625400972786,0.5158488444447411,-0.13212059140821752,-0.0068209630450379866,8678.794085917834
H4,8,5.0,D1,32,short,1.0,79,3.815756413647183,-0.5389544833612248,0.4328202478038454,0.4964088671922586,0.24050632911392406,-0.00664011636959637,-0.5335671241308679,0.13854625400972786,0.5158488444447411,-0.13212059140821752,-0.0068209630450379866,8678.794085917834
H4,8,5.0,D1,50,both,0.0,112,5.432669322709164,-0.1318577209347244,0.3330052447619577,0.8633976204143496,0.35714285714285715,-0.0017074602397499767,-0.037672148384889206,0.10154140449789495,0.9533072207466802,-0.02453625225340761,-0.0012042734338795213,9754.637477465938
H4,8,5.0,D1,50,both,1.0,112,5.432669322709164,-0.1318577209347244,0.3330052447619577,0.8633976204143496,0.35714285714285715,-0.0017074602397499767,-0.037672148384889206,0.10154140449789495,0.9533072207466802,-0.02453625225340761,-0.0012042734338795213,9754.637477465938
H4,8,5.0,D1,50,long,0.0,79,3.88093476798924,0.04717639836872712,0.2770818826510061,1.0656087567296908,0.379746835443038,0.000801608559394656,0.12957476704831625,0.0756981447804721,1.2293023569082633,0.060079141775690736,0.0028702832859293093,10600.79141775691
H4,8,5.0,D1,50,long,1.0,79,3.88093476798924,0.04717639836872712,0.2770818826510061,1.0656087567296908,0.379746835443038,0.000801608559394656,0.12957476704831625,0.0756981447804721,1.2293023569082633,0.060079141775690736,0.0028702832859293093,10600.79141775691
H4,8,5.0,D1,50,short,0.0,60,2.9703171591217132,-0.5925676544811092,0.35998081569283547,0.43281332762280034,0.3333333333333333,-0.006956386682449208,-0.546424594121376,0.11246908328247096,0.45374270848437165,-0.10640617986536294,-0.0055540589340455915,8935.938201346378
H4,8,5.0,D1,50,short,1.0,60,2.9703171591217132,-0.5925676544811092,0.35998081569283547,0.43281332762280034,0.3333333333333333,-0.006956386682449208,-0.546424594121376,0.11246908328247096,0.45374270848437165,-0.10640617986536294,-0.0055540589340455915,8935.938201346378
H4,8,5.0,D1,80,both,0.0,128,6.095436766623207,0.112534051620298,0.2009804589486618,1.1278201728981827,0.359375,0.0014481563753696008,0.27374959253855263,0.05958870306218178,1.3781911205615511,0.1603131949359642,0.007105832740985862,11603.131949359637
H4,8,5.0,D1,80,both,1.0,128,6.095436766623207,0.112534051620298,0.2009804589486618,1.1278201728981827,0.359375,0.0014481563753696008,0.27374959253855263,0.05958870306218178,1.3781911205615511,0.1603131949359642,0.007105832740985862,11603.131949359637
H4,8,5.0,D1,80,long,0.0,76,3.7532449972958353,0.3030849039089071,0.1551293091299607,1.497325005259511,0.4342105263157895,0.005883785374262905,0.43670845454414137,0.04795721411520726,1.9371706058350848,0.24224537513439137,0.010770162582626863,12422.453751343912
H4,8,5.0,D1,80,long,1.0,76,3.7532449972958353,0.3030849039089071,0.1551293091299607,1.497325005259511,0.4342105263157895,0.005883785374262905,0.43670845454414137,0.04795721411520726,1.9371706058350848,0.24224537513439137,0.010770162582626863,12422.453751343912
H4,8,5.0,D1,80,short,0.0,66,3.1967245723378865,-0.10489322291114658,0.17778050095427966,0.8578893382655233,0.3333333333333333,-0.0013597466383375428,-0.014369031581273738,0.06081439637120789,0.9776353385767373,-0.00638847504929807,-0.00031037163805380796,9936.11524950702
H4,8,5.0,D1,80,short,1.0,66,3.1967245723378865,-0.10489322291114658,0.17778050095427966,0.8578893382655233,0.3333333333333333,-0.0013597466383375428,-0.014369031581273738,0.06081439637120789,0.9776353385767373,-0.00638847504929807,-0.00031037163805380796,9936.11524950702
H4,8,5.0,D1,120,both,0.0,157,7.586221722450059,0.2383308928389211,0.26363470475860273,1.262194599047105,0.4012738853503185,0.002742495138970485,0.32818491864911753,0.09951578097233882,1.425292557126763,0.21123719919601736,0.009303142088477934,12112.37199196016
H4,8,5.0,D1,120,both,1.0,157,7.586221722450059,0.2383308928389211,0.26363470475860273,1.262194599047105,0.4012738853503185,0.002742495138970485,0.32818491864911753,0.09951578097233882,1.425292557126763,0.21123719919601736,0.009303142088477934,12112.37199196016
H4,8,5.0,D1,120,long,0.0,84,4.058870220928694,0.3331031173479759,0.1954700565705817,1.563602424074815,0.42857142857142855,0.00599188286712662,0.439804797699693,0.055823608506957556,1.9891547456203766,0.2596798308987047,0.011217460823747416,12596.798308987036
H4,8,5.0,D1,120,long,1.0,84,4.058870220928694,0.3331031173479759,0.1954700565705817,1.563602424074815,0.42857142857142855,0.00599188286712662,0.439804797699693,0.055823608506957556,1.9891547456203766,0.2596798308987047,0.011217460823747416,12596.798308987036
H4,8,5.0,D1,120,short,0.0,77,4.0478195164076,-0.011304414330944893,0.1546703094340789,0.9855864058910657,0.38961038961038963,-0.00014427007985352844,-0.02318855155886877,0.07380558431324657,0.9701197702960902,-0.009286680651027002,-0.0004903530144853008,9907.13319348972
H4,8,5.0,D1,120,short,1.0,77,4.0478195164076,-0.011304414330944893,0.1546703094340789,0.9855864058910657,0.38961038961038963,-0.00014427007985352844,-0.02318855155886877,0.07380558431324657,0.9701197702960902,-0.009286680651027002,-0.0004903530144853008,9907.13319348972
H4,8,5.0,W1,20,both,0.0,173,8.325197628458499,0.19748917689954512,0.22488393652323668,1.206342750327087,0.3930635838150289,0.0022901375828242145,0.315074277901138,0.06204491426944714,1.3679855831648964,0.20839928467554136,0.009151047346681818,12083.9928467554
H4,8,5.0,W1,20,both,1.0,173,8.325197628458499,0.19748917689954512,0.22488393652323668,1.206342750327087,0.3930635838150289,0.0022901375828242145,0.315074277901138,0.06204491426944714,1.3679855831648964,0.20839928467554136,0.009151047346681818,12083.9928467554
H4,8,5.0,W1,20,long,0.0,103,4.956620553359683,0.351953838318837,0.1625228856985873,1.5455700632525475,0.4174757281553398,0.006289919199667467,0.46307082207517797,0.03980500434776857,1.8744172263730945,0.31716986355643884,0.013345318297454112,13171.698635564397
H4,8,5.0,W1,20,long,1.0,103,4.956620553359683,0.351953838318837,0.1625228856985873,1.5455700632525475,0.4174757281553398,0.006289919199667467,0.46307082207517797,0.03980500434776857,1.8744172263730945,0.31716986355643884,0.013345318297454112,13171.698635564397
H4,8,5.0,W1,20,short,0.0,89,4.504884977827051,-0.25971157128938493,0.28104910221983614,0.7321211617024137,0.3595505617977528,-0.002853202768023738,-0.2980730257607911,0.09429234454691704,0.7010141536680738,-0.08233104534450486,-0.004339470338171725,9176.68954655494
H4,8,5.0,W1,20,short,1.0,89,4.504884977827051,-0.25971157128938493,0.28104910221983614,0.7321211617024137,0.3595505617977528,-0.002853202768023738,-0.2980730257607911,0.09429234454691704,0.7010141536680738,-0.08233104534450486,-0.004339470338171725,9176.68954655494
H4,8,5.0,W1,32,both,0.0,184,9.048875723710784,0.32035235473084606,0.1982631509342463,1.3514092654863117,0.4076086956521739,0.003925273841500497,0.3735923631026652,0.061593327854062685,1.4411542069466434,0.2874918986769577,0.012504796038712795,12874.918986769579
H4,8,5.0,W1,32,both,1.0,184,9.048875723710784,0.32035235473084606,0.1982631509342463,1.3514092654863117,0.4076086956521739,0.003925273841500497,0.3735923631026652,0.061593327854062685,1.4411542069466434,0.2874918986769577,0.012504796038712795,12874.918986769579
H4,8,5.0,W1,32,long,0.0,113,5.557189982496297,0.43412918830110264,0.1663920538253152,1.7071565982374763,0.4247787610619469,0.007654001631365757,0.4763613792197835,0.05115324920951747,1.837714584515227,0.3258403472273861,0.013967315666279623,13258.403472273858
H4,8,5.0,W1,32,long,1.0,113,5.557189982496297,0.43412918830110264,0.1663920538253152,1.7071565982374763,0.4247787610619469,0.007654001631365757,0.4763613792197835,0.05115324920951747,1.837714584515227,0.3258403472273861,0.013967315666279623,13258.403472273858
H4,8,5.0,W1,32,short,0.0,91,4.675446616964411,-0.20736400046971118,0.31127898346622085,0.7827022672604949,0.3626373626373626,-0.002417380969503591,-0.16930320077013222,0.08182982688506579,0.8112510497504773,-0.05624298237722458,-0.002969707378846942,9437.570176227757
H4,8,5.0,W1,32,short,1.0,91,4.675446616964411,-0.20736400046971118,0.31127898346622085,0.7827022672604949,0.3626373626373626,-0.002417380969503591,-0.16930320077013222,0.08182982688506579,0.8112510497504773,-0.05624298237722458,-0.002969707378846942,9437.570176227757
H4,8,5.0,W1,50,both,0.0,189,9.673801849775785,0.2747807911016662,0.21268042882310512,1.2982357697312212,0.3915343915343915,0.0034674730362442906,0.39018024149116765,0.057164806603945184,1.5001373367680564,0.33844433527925033,0.015032452737554047,13384.443352792512
H4,8,5.0,W1,50,both,1.0,189,9.673801849775785,0.2747807911016662,0.21268042882310512,1.2982357697312212,0.3915343915343915,0.0034674730362442906,0.39018024149116765,0.057164806603945184,1.5001373367680564,0.33844433527925033,0.015032452737554047,13384.443352792512
H4,8,5.0,W1,50,long,0.0,124,6.510133678309616,0.33076382199634924,0.18965927960694218,1.4856139857456183,0.3709677419354839,0.0055914197781108945,0.44104019519429105,0.060675529082728774,1.767748657899509,0.37144356736130457,0.01672145882144771,13714.435673613063
H4,8,5.0,W1,50,long,1.0,124,6.510133678309616,0.33076382199634924,0.18965927960694218,1.4856139857456183,0.3709677419354839,0.0055914197781108945,0.44104019519429105,0.060675529082728774,1.767748657899509,0.37144356736130457,0.01672145882144771,13714.435673613063
H4,8,5.0,W1,50,short,0.0,81,4.38755005190568,-0.06545634518980616,0.2463834279899627,0.9197643238660824,0.3950617283950617,-0.0009611509955525835,-0.0912405037782407,0.05686969974130429,0.8966120051611007,-0.027716375928826587,-0.001521360574598729,9722.836240711724
H4,8,5.0,W1,50,short,1.0,81,4.38755005190568,-0.06545634518980616,0.2463834279899627,0.9197643238660824,0.3950617283950617,-0.0009611509955525835,-0.0912405037782407,0.05686969974130429,0.8966120051611007,-0.027716375928826587,-0.001521360574598729,9722.836240711724
H4,8,5.0,W1,80,both,0.0,184,9.957919691806193,0.13258341200584622,0.371576331437781,1.1318089761805719,0.375,0.0015411493554897133,0.27913376535328877,0.06619024371961701,1.3148526506345537,0.19765165035045595,0.009808865816262058,11976.516503504587
H4,8,5.0,W1,80,both,1.0,184,9.957919691806193,0.13258341200584622,0.371576331437781,1.1318089761805719,0.375,0.0015411493554897133,0.27913376535328877,0.06619024371961701,1.3148526506345537,0.19765165035045595,0.009808865816262058,11976.516503504587
H4,8,5.0,W1,80,long,0.0,121,6.548414579937768,0.3604909841403682,0.17217103521743526,1.5500000738858628,0.38016528925619836,0.005797231372379115,0.4845130451469228,0.04779461774817151,1.8825558554414734,0.3876473748304965,0.017888064412010518,13876.473748305003
H4,8,5.0,W1,80,long,1.0,121,6.548414579937768,0.3604909841403682,0.17217103521743526,1.5500000738858628,0.38016528925619836,0.005797231372379115,0.4845130451469228,0.04779461774817151,1.8825558554414734,0.3876473748304965,0.017888064412010518,13876.473748305003
H4,8,5.0,W1,80,short,0.0,71,4.51396866840731,-0.2352887546505653,0.27298772668985083,0.7570440470564817,0.38028169014084506,-0.0032177379035543846,-0.23471255549975734,0.058211752650077386,0.7627165426928383,-0.05743000389228203,-0.0037532081986803023,9425.699961077164
H4,8,5.0,W1,80,short,1.0,71,4.51396866840731,-0.2352887546505653,0.27298772668985083,0.7570440470564817,0.38028169014084506,-0.0032177379035543846,-0.23471255549975734,0.058211752650077386,0.7627165426928383,-0.05743000389228203,-0.0037532081986803023,9425.699961077164
H4,8,5.0,W1,120,both,0.0,169,10.019031001460803,0.3695703038633526,0.2320006909569181,1.4300828490337059,0.41420118343195267,0.004438542801180851,0.4824525597858094,0.04970578257073044,1.633799587623906,0.3577504094584403,0.01829620438919055,13577.504094584412
H4,8,5.0,W1,120,both,1.0,169,10.019031001460803,0.3695703038633526,0.2320006909569181,1.4300828490337059,0.41420118343195267,0.004438542801180851,0.4824525597858094,0.04970578257073044,1.633799587623906,0.3577504094584403,0.01829620438919055,13577.504094584412
H4,8,5.0,W1,120,long,0.0,113,6.6991154033436136,0.41856872474099815,0.24304720273869573,1.6713088204685533,0.415929203539823,0.006949418027196227,0.5265500011312196,0.05949084426539197,2.030671331754046,0.38906217663332066,0.01967352181046067,13890.621766333214
H4,8,5.0,W1,120,long,1.0,113,6.6991154033436136,0.41856872474099815,0.24304720273869573,1.6713088204685533,0.415929203539823,0.006949418027196227,0.5265500011312196,0.05949084426539197,2.030671331754046,0.38906217663332066,0.01967352181046067,13890.621766333214
H4,8,5.0,W1,120,short,0.0,60,4.43982982171799,-0.1061752431014043,0.11920629626177215,0.8810839374844576,0.38333333333333336,-0.0012128082550522856,-0.05616677784658339,0.046195514909947,0.9355420099703862,-0.013360441297650016,-0.0009948033348832208,9866.395587023506
H4,8,5.0,W1,120,short,1.0,60,4.43982982171799,-0.1061752431014043,0.11920629626177215,0.8810839374844576,0.38333333333333336,-0.0012128082550522856,-0.05616677784658339,0.046195514909947,0.9355420099703862,-0.013360441297650016,-0.0009948033348832208,9866.395587023506
H4,8,1.0,none,0,both,0.0,2707,125.18761078754115,0.21220713005604966,0.2831576511640448,1.0627920128281854,0.2955301071296638,0.00022028812921879863,0.31309792221791366,0.3229160793773693,1.0989473101335248,1.107361463587862,0.03507447299776256,21073.614635878504
H4,8,1.0,none,0,both,1.0,2707,125.18761078754115,0.21220713005604966,0.2831576511640448,1.0627920128281854,0.2955301071296638,0.00022028812921879863,0.31309792221791366,0.3229160793773693,1.0989473101335248,1.107361463587862,0.03507447299776256,21073.614635878504
H4,8,1.0,none,0,long,0.0,2090,96.65389972144847,0.6671031047446392,0.34628534948787026,1.246505119762839,0.3090909090909091,0.0008224660314884865,0.6718597641912946,0.2613142575837294,1.2946230956233402,3.0072888555372,0.06629988357492556,40072.888555372
H4,8,1.0,none,0,long,1.0,2090,96.65389972144847,0.6671031047446392,0.34628534948787026,1.246505119762839,0.3090909090909091,0.0008224660314884865,0.6718597641912946,0.2613142575837294,1.2946230956233402,3.0072888555372,0.06629988357492556,40072.888555372
H4,8,1.0,none,0,short,0.0,2091,96.68790353209268,-0.21096816538015195,0.5142677409562092,0.9354432849199351,0.27929220468675275,-0.00022587251239149464,-0.16444901208964186,0.5700538156225647,0.9489927947413408,-0.46252569078365247,-0.028301052488963307,5374.7430921634395
H4,8,1.0,none,0,short,1.0,2091,96.68790353209268,-0.21096816538015195,0.5142677409562092,0.9354432849199351,0.27929220468675275,-0.00022587251239149464,-0.16444901208964186,0.5700538156225647,0.9489927947413408,-0.46252569078365247,-0.028301052488963307,5374.7430921634395
H4,8,1.0,D1,20,both,0.0,1789,83.25038221429482,0.47146534264228224,0.3134406279572378,1.1864952137132208,0.3063163778647289,0.0006281269052835823,0.4939389472590138,0.24758807290893337,1.2190378664524877,1.6211049069035153,0.045861076527380806,26211.049069035027
H4,8,1.0,D1,20,both,1.0,1789,83.25038221429482,0.47146534264228224,0.3134406279572378,1.1864952137132208,0.3063163778647289,0.0006281269052835823,0.4939389472590138,0.24758807290893337,1.2190378664524877,1.6211049069035153,0.045861076527380806,26211.049069035027
H4,8,1.0,D1,20,long,0.0,1014,47.18607465919226,0.6165312037616028,0.15906730360162658,1.3651963704416743,0.3096646942800789,0.001182012170003162,0.5645312651829576,0.14316773678163686,1.3972091244412495,1.8195445037941291,0.04941892817828841,28195.445037941245
H4,8,1.0,D1,20,long,1.0,1014,47.18607465919226,0.6165312037616028,0.15906730360162658,1.3651963704416743,0.3096646942800789,0.001182012170003162,0.5645312651829576,0.14316773678163686,1.3972091244412495,1.8195445037941291,0.04941892817828841,28195.445037941245
H4,8,1.0,D1,20,short,0.0,877,41.06721153846154,-0.09440455406376376,0.3264371148037716,0.9560144263366783,0.29304446978335236,-0.00015436456065555149,-0.06500797573684299,0.3226595832533753,0.9706905486758568,-0.14321105744535334,-0.00721161150311056,8567.889425546477
H4,8,1.0,D1,20,short,1.0,877,41.06721153846154,-0.09440455406376376,0.3264371148037716,0.9560144263366783,0.29304446978335236,-0.00015436456065555149,-0.06500797573684299,0.3226595832533753,0.9706905486758568,-0.14321105744535334,-0.00721161150311056,8567.889425546477
H4,8,1.0,D1,32,both,0.0,1866,87.15556265984654,0.4860597828621491,0.24748525553443168,1.1906194059731634,0.2995712754555198,0.0006398414703260635,0.48092847656496424,0.17641002323677335,1.2195023659006583,1.5071337826967754,0.04386526910393118,25071.337826967618
H4,8,1.0,D1,32,both,1.0,1866,87.15556265984654,0.4860597828621491,0.24748525553443168,1.1906194059731634,0.2995712754555198,0.0006398414703260635,0.48092847656496424,0.17641002323677335,1.2195023659006583,1.5071337826967754,0.04386526910393118,25071.337826967618
H4,8,1.0,D1,32,long,0.0,1048,49.049461814454126,0.580531542795874,0.16566628619659818,1.3260776958268827,0.3110687022900763,0.0010692751627609212,0.5417358720313364,0.13598764165809418,1.3503788030971153,1.57558954779704,0.045274192221653964,25755.89547797024
H4,8,1.0,D1,32,long,1.0,1048,49.049461814454126,0.580531542795874,0.16566628619659818,1.3260776958268827,0.3110687022900763,0.0010692751627609212,0.5417358720313364,0.13598764165809418,1.3503788030971153,1.57558954779704,0.045274192221653964,25755.89547797024
H4,8,1.0,D1,32,short,0.0,905,42.4055484284798,0.13385830156518289,0.27100025706870967,1.0692255459572806,0.29171270718232045,0.0002346461494144168,0.12849784432015518,0.2676441910485349,1.0666783732804153,0.1533664429649657,0.006708185399751043,11533.664429649723
H4,8,1.0,D1,32,short,1.0,905,42.4055484284798,0.13385830156518289,0.27100025706870967,1.0692255459572806,0.29171270718232045,0.0002346461494144168,0.12849784432015518,0.2676441910485349,1.0666783732804153,0.1533664429649657,0.006708185399751043,11533.664429649723
H4,8,1.0,D1,50,both,0.0,1885,88.5184173309334,0.2621040883840189,0.3734688627285433,1.0960733298488696,0.29442970822281167,0.00033082524626094906,0.2765991821433238,0.31092772698026616,1.110625899589359,0.6994341942220959,0.025214990886484046,16994.341942220926
H4,8,1.0,D1,50,both,1.0,1885,88.5184173309334,0.2621040883840189,0.3734688627285433,1.0960733298488696,0.29442970822281167,0.00033082524626094906,0.2765991821433238,0.31092772698026616,1.110625899589359,0.6994341942220959,0.025214990886484046,16994.341942220926
H4,8,1.0,D1,50,long,0.0,1049,49.26038184623296,0.45097201675463144,0.19925237916999727,1.2462330942897986,0.30219256434699715,0.0008400127695752233,0.4494696207662075,0.18374770925519968,1.2725825832124351,1.2164669683674072,0.03808289749064464,22164.669683673957
H4,8,1.0,D1,50,long,1.0,1049,49.26038184623296,0.45097201675463144,0.19925237916999727,1.2462330942897986,0.30219256434699715,0.0008400127695752233,0.4494696207662075,0.18374770925519968,1.2725825832124351,1.2164669683674072,0.03808289749064464,22164.669683673957
H4,8,1.0,D1,50,short,0.0,895,42.50406319074243,-0.2406925627611492,0.4421889714317624,0.8933925949166973,0.28044692737430166,-0.00037207154388264104,-0.25428599618688824,0.455818811129744,0.8922853105270258,-0.35271770805243496,-0.020445209831972178,6472.822919475685
H4,8,1.0,D1,50,short,1.0,895,42.50406319074243,-0.2406925627611492,0.4421889714317624,0.8933925949166973,0.28044692737430166,-0.00037207154388264104,-0.25428599618688824,0.455818811129744,0.8922853105270258,-0.35271770805243496,-0.020445209831972178,6472.822919475685
H4,8,1.0,D1,80,both,0.0,1888,89.54577327619789,0.3518899274068026,0.1884052408668213,1.130748032725638,0.2976694915254237,0.0004518809237141,0.3907126750725681,0.19855585441305268,1.1606425702468095,1.1968642063227293,0.03803345863945995,21968.64206322726
H4,8,1.0,D1,80,both,1.0,1888,89.54577327619789,0.3518899274068026,0.1884052408668213,1.130748032725638,0.2976694915254237,0.0004518809237141,0.3907126750725681,0.19855585441305268,1.1606425702468095,1.1968642063227293,0.03803345863945995,21968.64206322726
H4,8,1.0,D1,80,long,0.0,1006,48.01901463669629,0.5918632863874881,0.17707095310149268,1.3277618737228727,0.31709741550695825,0.0011348751752555458,0.5824833379120866,0.1534582178811037,1.3708850536897694,1.9217863271018203,0.05251094353802532,29217.86327101817
H4,8,1.0,D1,80,long,1.0,1006,48.01901463669629,0.5918632863874881,0.17707095310149268,1.3277618737228727,0.31709741550695825,0.0011348751752555458,0.5824833379120866,0.1534582178811037,1.3708850536897694,1.9217863271018203,0.05251094353802532,29217.86327101817
H4,8,1.0,D1,80,short,0.0,931,44.30012376237624,-0.11222934586825828,0.3700104068659127,0.9470005012667482,0.280343716433942,-0.0001821557100630638,-0.09709973828378701,0.3779680250773013,0.9539631908977674,-0.20488992706778952,-0.010850370684833632,7951.100729322094
H4,8,1.0,D1,80,short,1.0,931,44.30012376237624,-0.11222934586825828,0.3700104068659127,0.9470005012667482,0.280343716433942,-0.0001821557100630638,-0.09709973828378701,0.3779680250773013,0.9539631908977674,-0.20488992706778952,-0.010850370684833632,7951.100729322094
H4,8,1.0,D1,120,both,0.0,1918,92.12907680168331,0.509013128999629,0.16552990083085362,1.193588077990927,0.30709071949947864,0.000658368864588555,0.5967773685326014,0.14219739456007263,1.2651679113065337,2.3277601409519573,0.059451336351888706,33277.601409519404
H4,8,1.0,D1,120,both,1.0,1918,92.12907680168331,0.509013128999629,0.16552990083085362,1.193588077990927,0.30709071949947864,0.000658368864588555,0.5967773685326014,0.14219739456007263,1.2651679113065337,2.3277601409519573,0.059451336351888706,33277.601409519404
H4,8,1.0,D1,120,long,0.0,1028,49.37887953708574,0.7200304145761331,0.1809701093707572,1.4119592017632832,0.3239299610894942,0.001410199111629535,0.7062510056197474,0.10826481329663229,1.4872145886619346,2.639461950707685,0.06401762155884372,36394.61950707691
H4,8,1.0,D1,120,long,1.0,1028,49.37887953708574,0.7200304145761331,0.1809701093707572,1.4119592017632832,0.3239299610894942,0.001410199111629535,0.7062510056197474,0.10826481329663229,1.4872145886619346,2.639461950707685,0.06401762155884372,36394.61950707691
H4,8,1.0,D1,120,short,0.0,925,44.826356640573174,-0.07223868502813066,0.32301631437820466,0.9654760194233202,0.2897297297297297,-0.00011600014727000743,0.03939707384178253,0.3292325630960592,1.0191078837115433,0.0036050096733055703,0.00017440316720596094,10036.050096733044
H4,8,1.0,D1,120,short,1.0,925,44.826356640573174,-0.07223868502813066,0.32301631437820466,0.9654760194233202,0.2897297297297297,-0.00011600014727000743,0.03939707384178253,0.3292325630960592,1.0191078837115433,0.0036050096733055703,0.00017440316720596094,10036.050096733044
H4,8,1.0,W1,20,both,0.0,1965,94.28747372569626,0.2822245845198089,0.31761334755828097,1.0986726722294449,0.2966921119592875,0.00034244063178567565,0.40649933731018517,0.3630764659969592,1.1589582947867179,1.3893563441001668,0.042680430929971314,23893.563441001723
H4,8,1.0,W1,20,both,1.0,1965,94.28747372569626,0.2822245845198089,0.31761334755828097,1.0986726722294449,0.2966921119592875,0.00034244063178567565,0.40649933731018517,0.3630764659969592,1.1589582947867179,1.3893563441001668,0.042680430929971314,23893.563441001723
H4,8,1.0,W1,20,long,0.0,1093,52.4459077771939,0.5898210578711914,0.20101028784592723,1.311526605807802,0.3119853613906679,0.001085909994081632,0.6386289088689951,0.19604844658735898,1.3961134829376214,2.333838294831011,0.05947980096724148,33338.38294831001
H4,8,1.0,W1,20,long,1.0,1093,52.4459077771939,0.5898210578711914,0.20101028784592723,1.311526605807802,0.3119853613906679,0.001085909994081632,0.6386289088689951,0.19604844658735898,1.3961134829376214,2.333838294831011,0.05947980096724148,33338.38294831001
H4,8,1.0,W1,20,short,0.0,932,45.631769436997324,-0.3386043196880728,0.41623543456247003,0.8596863620826538,0.27896995708154504,-0.00048681364220804,-0.24558158819422812,0.42906666372120394,0.9001442002232646,-0.35931731678202494,-0.0215626496741832,6406.826832179763
H4,8,1.0,W1,20,short,1.0,932,45.631769436997324,-0.3386043196880728,0.41623543456247003,0.8596863620826538,0.27896995708154504,-0.00048681364220804,-0.24558158819422812,0.42906666372120394,0.9001442002232646,-0.35931731678202494,-0.0215626496741832,6406.826832179763
H4,8,1.0,W1,32,both,0.0,1926,94.50181354110693,0.16770565800871143,0.5074122706015158,1.058475002449768,0.29906542056074764,0.00020533670505110618,0.3041877149720831,0.5460432858217494,1.1141259102559542,0.9992623094322721,0.034576443230103227,19992.623094322666
H4,8,1.0,W1,32,both,1.0,1926,94.50181354110693,0.16770565800871143,0.5074122706015158,1.058475002449768,0.29906542056074764,0.00020533670505110618,0.3041877149720831,0.5460432858217494,1.1141259102559542,0.9992623094322721,0.034576443230103227,19992.623094322666
H4,8,1.0,W1,32,long,0.0,1102,54.07113111230521,0.49110340999641344,0.3023314015391305,1.249214429289046,0.31851179673321234,0.0008783953926610366,0.5872292860508206,0.2854681100353481,1.334505929947472,2.0484040544966513,0.05621341239075672,30484.040544966578
H4,8,1.0,W1,32,long,1.0,1102,54.07113111230521,0.49110340999641344,0.3023314015391305,1.249214429289046,0.31851179673321234,0.0008783953926610366,0.5872292860508206,0.2854681100353481,1.334505929947472,2.0484040544966513,0.05621341239075672,30484.040544966578
H4,8,1.0,W1,32,short,0.0,880,44.38889656124845,-0.3242244623628172,0.46374001439801715,0.8568790812100846,0.2761363636363636,-0.000500142870533913,-0.18262805466721227,0.4212588701474299,0.9151495248200835,-0.34329859752197633,-0.02098873963953185,6567.0140247802465
H4,8,1.0,W1,32,short,1.0,880,44.38889656124845,-0.3242244623628172,0.46374001439801715,0.8568790812100846,0.2761363636363636,-0.000500142870533913,-0.18262805466721227,0.4212588701474299,0.9151495248200835,-0.34329859752197633,-0.02098873963953185,6567.0140247802465
H4,8,1.0,W1,50,both,0.0,1876,95.27377641824249,0.35355942026653964,0.30725418111187275,1.1264931423049915,0.30863539445628996,0.00043270875646642836,0.5486262935144642,0.2496392672073643,1.2228937800992226,2.2724358867762455,0.062057518134955636,32724.35886776234
H4,8,1.0,W1,50,both,1.0,1876,95.27377641824249,0.35355942026653964,0.30725418111187275,1.1264931423049915,0.30863539445628996,0.00043270875646642836,0.5486262935144642,0.2496392672073643,1.2228937800992226,2.2724358867762455,0.062057518134955636,32724.35886776234
H4,8,1.0,W1,50,long,0.0,1156,58.70814794215795,0.5958256436647313,0.2331146752843689,1.299428048131091,0.3235294117647059,0.000975801104231653,0.6813658483298126,0.19992632638610497,1.4023817967370333,2.6562238007474526,0.06805582851444503,36562.2380074744
H4,8,1.0,W1,50,long,1.0,1156,58.70814794215795,0.5958256436647313,0.2331146752843689,1.299428048131091,0.3235294117647059,0.000975801104231653,0.6813658483298126,0.19992632638610497,1.4023817967370333,2.6562238007474526,0.06805582851444503,36562.2380074744
H4,8,1.0,W1,50,short,0.0,779,40.54863189397179,-0.362743411337186,0.43860375220023107,0.8370273773418205,0.2785622593068036,-0.0006031648452562235,-0.19067647065343363,0.41070788846832995,0.9075128094936622,-0.32573969053345997,-0.020306770366437132,6742.603094665415
H4,8,1.0,W1,50,short,1.0,779,40.54863189397179,-0.362743411337186,0.43860375220023107,0.8370273773418205,0.2785622593068036,-0.0006031648452562235,-0.19067647065343363,0.41070788846832995,0.9075128094936622,-0.32573969053345997,-0.020306770366437132,6742.603094665415
H4,8,1.0,W1,80,both,0.0,1776,95.78913171884228,0.42657395623805977,0.36648975177966225,1.1552894880867695,0.3063063063063063,0.0005201400253085627,0.586306820508713,0.3131177533171231,1.2384003936259966,2.2997552819038996,0.06650888816053402,32997.55281903865
H4,8,1.0,W1,80,both,1.0,1776,95.78913171884228,0.42657395623805977,0.36648975177966225,1.1552894880867695,0.3063063063063063,0.0005201400253085627,0.586306820508713,0.3131177533171231,1.2384003936259966,2.2997552819038996,0.06650888816053402,32997.55281903865
H4,8,1.0,W1,80,long,0.0,1120,60.49689440993789,0.6383161957050573,0.25603411787485375,1.3288935873171737,0.31875,0.0010342543886918013,0.7005017984981373,0.22753112992466495,1.4155212815528357,2.626976613187606,0.07207176230916645,36269.76613187598
H4,8,1.0,W1,80,long,1.0,1120,60.49689440993789,0.6383161957050573,0.25603411787485375,1.3288935873171737,0.31875,0.0010342543886918013,0.7005017984981373,0.22753112992466495,1.4155212815528357,2.626976613187606,0.07207176230916645,36269.76613187598
H4,8,1.0,W1,80,short,0.0,684,41.050115018074266,-0.2347566078941428,0.3748137465407997,0.8955098778335234,0.28654970760233917,-0.00038569210088245813,-0.13447519268949498,0.34435641527271976,0.941885926692139,-0.20709111194155705,-0.013829727446098672,7929.0888805844315
H4,8,1.0,W1,80,short,1.0,684,41.050115018074266,-0.2347566078941428,0.3748137465407997,0.8955098778335234,0.28654970760233917,-0.00038569210088245813,-0.13447519268949498,0.34435641527271976,0.941885926692139,-0.20709111194155705,-0.013829727446098672,7929.0888805844315
H4,8,1.0,W1,120,both,0.0,1653,97.2078972790211,0.35836877786029697,0.320377591784586,1.1317757160262425,0.2909860859044162,0.0004272234578601655,0.5392676496715147,0.30126447216002794,1.2122969625735058,2.040659606339756,0.06758353247638449,30406.596063397465
H4,8,1.0,W1,120,both,1.0,1653,97.2078972790211,0.35836877786029697,0.320377591784586,1.1317757160262425,0.2909860859044162,0.0004272234578601655,0.5392676496715147,0.30126447216002794,1.2122969625735058,2.040659606339756,0.06758353247638449,30406.596063397465
H4,8,1.0,W1,120,long,0.0,1069,63.00665644666773,0.5216461917860153,0.26323671695941797,1.2553923151092372,0.3021515434985968,0.000820657051506034,0.65012858945322,0.27147001669809123,1.342677292167912,2.3440080596926682,0.07374267901906739,33440.08059692652
H4,8,1.0,W1,120,long,1.0,1069,63.00665644666773,0.5216461917860153,0.26323671695941797,1.2553923151092372,0.3021515434985968,0.000820657051506034,0.65012858945322,0.27147001669809123,1.342677292167912,2.3440080596926682,0.07374267901906739,33440.08059692652
H4,8,1.0,W1,120,short,0.0,602,40.83203342618384,-0.1340371509796146,0.2255096580836472,0.934044909900771,0.27408637873754155,-0.00021516575389396404,-0.005713260556464415,0.24460850309790383,0.9969428151322005,-0.06448468023186904,-0.0045110102679846165,9355.153197681313
H4,8,1.0,W1,120,short,1.0,602,40.83203342618384,-0.1340371509796146,0.2255096580836472,0.934044909900771,0.27408637873754155,-0.00021516575389396404,-0.005713260556464415,0.24460850309790383,0.9969428151322005,-0.06448468023186904,-0.0045110102679846165,9355.153197681313
H4,10,4.0,none,0,both,0.0,363,16.817066210045663,0.2583658824033183,0.4969549313678703,1.2154093938077757,0.371900826446281,0.002052918333799154,0.33096370732638336,0.20943398565724314,1.3122728792879013,0.46381598548586545,0.017809872040527086,14638.159854858724
H4,10,4.0,none,0,both,1.0,363,16.817066210045663,0.2583658824033183,0.4969549313678703,1.2154093938077757,0.371900826446281,0.002052918333799154,0.33096370732638336,0.20943398565724314,1.3122728792879013,0.46381598548586545,0.017809872040527086,14638.159854858724
H4,10,4.0,none,0,long,0.0,333,15.442896140172676,0.5783124315552373,0.19785132686410223,1.601709115308455,0.3993993993993994,0.005274966260618952,0.5828043046148552,0.09482470342020921,1.6621772410893851,1.1573919414970306,0.03630115213737817,21573.919414970303
H4,10,4.0,none,0,long,1.0,333,15.442896140172676,0.5783124315552373,0.19785132686410223,1.601709115308455,0.3993993993993994,0.005274966260618952,0.5828043046148552,0.09482470342020921,1.6621772410893851,1.1573919414970306,0.03630115213737817,21573.919414970303
H4,10,4.0,none,0,short,0.0,334,15.471591629676603,-0.2654355677375859,0.5237344440918572,0.8311154883434949,0.3532934131736527,-0.0017001170432308361,-0.2714405599186857,0.2127363237675226,0.8316390730167811,-0.19091017490778406,-0.009765135696458205,8090.898250922154
H4,10,4.0,none,0,short,1.0,334,15.471591629676603,-0.2654355677375859,0.5237344440918572,0.8311154883434949,0.3532934131736527,-0.0017001170432308361,-0.2714405599186857,0.2127363237675226,0.8316390730167811,-0.19091017490778406,-0.009765135696458205,8090.898250922154
H4,10,4.0,D1,20,both,0.0,161,7.568243243243243,0.3163714543109887,0.18808987056143456,1.4032938864654465,0.39751552795031053,0.0033151111885469957,0.35849735384763076,0.07725574124508128,1.4833973992206155,0.2790876418721169,0.011638012599322511,12790.87641872118
H4,10,4.0,D1,20,both,1.0,161,7.568243243243243,0.3163714543109887,0.18808987056143456,1.4032938864654465,0.39751552795031053,0.0033151111885469957,0.35849735384763076,0.07725574124508128,1.4833973992206155,0.2790876418721169,0.011638012599322511,12790.87641872118
H4,10,4.0,D1,20,long,0.0,113,5.311872586872586,0.36340141705561674,0.12548852212634953,1.627645204742214,0.4247787610619469,0.004628222548704497,0.41696742003155157,0.06378898889919105,1.800454790783672,0.29235904086920517,0.012129002714522219,12923.590408692067
H4,10,4.0,D1,20,long,1.0,113,5.311872586872586,0.36340141705561674,0.12548852212634953,1.627645204742214,0.4247787610619469,0.004628222548704497,0.41696742003155157,0.06378898889919105,1.800454790783672,0.29235904086920517,0.012129002714522219,12923.590408692067
H4,10,4.0,D1,20,short,0.0,89,4.298763554615181,0.045460622041241294,0.13742348530102388,1.062265106432549,0.34831460674157305,0.0006072853977631563,0.018749627409529363,0.055633906798822075,1.024045578228728,0.0037139799410110808,0.00017907161571351082,10037.139799410117
H4,10,4.0,D1,20,short,1.0,89,4.298763554615181,0.045460622041241294,0.13742348530102388,1.062265106432549,0.34831460674157305,0.0006072853977631563,0.018749627409529363,0.055633906798822075,1.024045578228728,0.0037139799410110808,0.00017907161571351082,10037.139799410117
H4,10,4.0,D1,32,both,0.0,160,7.536755223110653,-0.15560813355709555,0.3453899159716276,0.8619820473010495,0.3375,-0.001390740356054483,-0.11122045503103542,0.13425662840055397,0.9017984052939916,-0.0651862473994097,-0.0031701975866881282,9348.13752600592
H4,10,4.0,D1,32,both,1.0,160,7.536755223110653,-0.15560813355709555,0.3453899159716276,0.8619820473010495,0.3375,-0.001390740356054483,-0.11122045503103542,0.13425662840055397,0.9017984052939916,-0.0651862473994097,-0.0031701975866881282,9348.13752600592
H4,10,4.0,D1,32,long,0.0,98,4.616262574155275,0.053693009200203146,0.2628374121215433,1.066736953814917,0.3469387755102041,0.0006157727315156424,0.08725914262476327,0.11135080041722467,1.1114435483069474,0.03622463109083984,0.0016775773655368642,10362.246310908406
H4,10,4.0,D1,32,long,1.0,98,4.616262574155275,0.053693009200203146,0.2628374121215433,1.066736953814917,0.3469387755102041,0.0006157727315156424,0.08725914262476327,0.11135080041722467,1.1114435483069474,0.03622463109083984,0.0016775773655368642,10362.246310908406
H4,10,4.0,D1,32,short,0.0,95,4.58856783919598,-0.18869970647600645,0.22999652159462636,0.7854775599789721,0.35789473684210527,-0.0021513361687907945,-0.14793331205705407,0.09541734735323837,0.8350268511129524,-0.05862745172571271,-0.002913897299196,9413.725482742888
H4,10,4.0,D1,32,short,1.0,95,4.58856783919598,-0.18869970647600645,0.22999652159462636,0.7854775599789721,0.35789473684210527,-0.0021513361687907945,-0.14793331205705407,0.09541734735323837,0.8350268511129524,-0.05862745172571271,-0.002913897299196,9413.725482742888
H4,10,4.0,D1,50,both,0.0,168,8.258681022880216,-0.4164544431558044,0.4641705641880526,0.6867685791977058,0.34523809523809523,-0.0031595373569822927,-0.23977634315820087,0.1442988853268734,0.8003120087333141,-0.12362976879956289,-0.006466326418032464,8763.702312004385
H4,10,4.0,D1,50,both,1.0,168,8.258681022880216,-0.4164544431558044,0.4641705641880526,0.6867685791977058,0.34523809523809523,-0.0031595373569822927,-0.23977634315820087,0.1442988853268734,0.8003120087333141,-0.12362976879956289,-0.006466326418032464,8763.702312004385
H4,10,4.0,D1,50,long,0.0,99,4.956785469499658,-0.0661565128127258,0.29831793756681213,0.9242412301698041,0.3333333333333333,-0.0007167224039827261,-0.07343311781640223,0.12251072547988884,0.9174378895714504,-0.03618848711595324,-0.0018438009396091193,9638.11512884047
H4,10,4.0,D1,50,long,1.0,99,4.956785469499658,-0.0661565128127258,0.29831793756681213,0.9242412301698041,0.3333333333333333,-0.0007167224039827261,-0.07343311781640223,0.12251072547988884,0.9174378895714504,-0.03618848711595324,-0.0018438009396091193,9638.11512884047
H4,10,4.0,D1,50,short,0.0,84,4.150006763154335,-0.46675229143095287,0.3255751124912958,0.5639983876369707,0.36904761904761907,-0.004471753873278841,-0.20868413256111887,0.08686243617223743,0.7602176439898494,-0.06844155060759927,-0.0034964956419335502,9315.584493924014
H4,10,4.0,D1,50,short,1.0,84,4.150006763154335,-0.46675229143095287,0.3255751124912958,0.5639983876369707,0.36904761904761907,-0.004471753873278841,-0.20868413256111887,0.08686243617223743,0.7602176439898494,-0.06844155060759927,-0.0034964956419335502,9315.584493924014
H4,10,4.0,D1,80,both,0.0,206,9.809843546284224,0.030173175633838107,0.27009396607058345,1.0266211274037376,0.38349514563106796,0.0002482721538924395,0.17782989377457173,0.08129307956366383,1.1698976764245645,0.11827571703939777,0.00533760425156693,11182.757170394001
H4,10,4.0,D1,80,both,1.0,206,9.809843546284224,0.030173175633838107,0.27009396607058345,1.0266211274037376,0.38349514563106796,0.0002482721538924395,0.17782989377457173,0.08129307956366383,1.1698976764245645,0.11827571703939777,0.00533760425156693,11182.757170394001
H4,10,4.0,D1,80,long,0.0,115,5.5260820944612545,0.27267756832200785,0.1278686936135376,1.3764672605203736,0.4,0.0033708420696512424,0.3105611707026422,0.052105070677941234,1.4300249528623314,0.17708742270370648,0.007865463361732772,11770.874227037073
H4,10,4.0,D1,80,long,1.0,115,5.5260820944612545,0.27267756832200785,0.1278686936135376,1.3764672605203736,0.4,0.0033708420696512424,0.3105611707026422,0.052105070677941234,1.4300249528623314,0.17708742270370648,0.007865463361732772,11770.874227037073
H4,10,4.0,D1,80,short,0.0,98,4.746651637713831,-0.29056020199639615,0.28894140967918847,0.7051839440082238,0.3673469387755102,-0.0028882557230187887,-0.10682668846147955,0.08306425766230541,0.8723520333310743,-0.04765954385358617,-0.002362427000706324,9523.404561464149
H4,10,4.0,D1,80,short,1.0,98,4.746651637713831,-0.29056020199639615,0.28894140967918847,0.7051839440082238,0.3673469387755102,-0.0028882557230187887,-0.10682668846147955,0.08306425766230541,0.8723520333310743,-0.04765954385358617,-0.002362427000706324,9523.404561464149
H4,10,4.0,D1,120,both,0.0,229,11.053554909475354,0.22058633222161492,0.2836989945830257,1.203131845321805,0.4192139737991266,0.0017900465265615327,0.30981594430690723,0.10941565772555117,1.2996126972310598,0.24273890643746165,0.0105448756430373,12427.389064374634
H4,10,4.0,D1,120,both,1.0,229,11.053554909475354,0.22058633222161492,0.2836989945830257,1.203131845321805,0.4192139737991266,0.0017900465265615327,0.30981594430690723,0.10941565772555117,1.2996126972310598,0.24273890643746165,0.0105448756430373,12427.389064374634
H4,10,4.0,D1,120,long,0.0,124,5.9853310426853445,0.3860008100456606,0.22013384896595078,1.5715427301803047,0.4435483870967742,0.0045804091049602,0.4335906655804176,0.07724513842408232,1.6787528145433235,0.27924507111919383,0.011958095754422304,12792.450711191923
H4,10,4.0,D1,120,long,1.0,124,5.9853310426853445,0.3860008100456606,0.22013384896595078,1.5715427301803047,0.4435483870967742,0.0045804091049602,0.4335906655804176,0.07724513842408232,1.6787528145433235,0.27924507111919383,0.011958095754422304,12792.450711191923
H4,10,4.0,D1,120,short,0.0,109,5.421058006535948,-0.13456740705692857,0.22212233035926598,0.8571352887867053,0.3944954128440367,-0.0013745017829118994,-0.08389146783920655,0.06599518606874,0.9118419079042557,-0.03802436380964602,-0.0019261570152754315,9619.75636190354
H4,10,4.0,D1,120,short,1.0,109,5.421058006535948,-0.13456740705692857,0.22212233035926598,0.8571352887867053,0.3944954128440367,-0.0013745017829118994,-0.08389146783920655,0.06599518606874,0.9118419079042557,-0.03802436380964602,-0.0019261570152754315,9619.75636190354
H4,10,4.0,W1,20,both,0.0,271,13.027474335351409,0.30008764956564454,0.2087208601869761,1.2752678283513943,0.3948339483394834,0.002601641927564176,0.399945740527485,0.08298254991705056,1.381135498466145,0.4031875010459969,0.01641748130079823,14031.875010459979
H4,10,4.0,W1,20,both,1.0,271,13.027474335351409,0.30008764956564454,0.2087208601869761,1.2752678283513943,0.3948339483394834,0.002601641927564176,0.399945740527485,0.08298254991705056,1.381135498466145,0.4031875010459969,0.01641748130079823,14031.875010459979
H4,10,4.0,W1,20,long,0.0,154,7.403066596472756,0.44036214334495,0.17595442152634533,1.6387894183334917,0.42207792207792205,0.005729489877509073,0.49659908200836733,0.07146053764818983,1.7536190780146685,0.4439563935991595,0.017817846281594107,14439.56393599158
H4,10,4.0,W1,20,long,1.0,154,7.403066596472756,0.44036214334495,0.17595442152634533,1.6387894183334917,0.42207792207792205,0.005729489877509073,0.49659908200836733,0.07146053764818983,1.7536190780146685,0.4439563935991595,0.017817846281594107,14439.56393599158
H4,10,4.0,W1,20,short,0.0,143,7.1120302287581705,-0.22166009747291496,0.31040801377439153,0.8017865490524975,0.35664335664335667,-0.00196961839293038,-0.20238366742559458,0.09424412868295962,0.8261465202597794,-0.08588540757285612,-0.00445616495983292,9141.145924271434
H4,10,4.0,W1,20,short,1.0,143,7.1120302287581705,-0.22166009747291496,0.31040801377439153,0.8017865490524975,0.35664335664335667,-0.00196961839293038,-0.20238366742559458,0.09424412868295962,0.8261465202597794,-0.08588540757285612,-0.00445616495983292,9141.145924271434
H4,10,4.0,W1,32,both,0.0,275,13.524134913154706,0.35648857774816356,0.27030261301925185,1.3447438070115976,0.3890909090909091,0.0033137230551831993,0.43923716457443523,0.07120005480353142,1.4681090850318108,0.5578484590556518,0.022040566903569925,15578.484590556513
H4,10,4.0,W1,32,both,1.0,275,13.524134913154706,0.35648857774816356,0.27030261301925185,1.3447438070115976,0.3890909090909091,0.0033137230551831993,0.43923716457443523,0.07120005480353142,1.4681090850318108,0.5578484590556518,0.022040566903569925,15578.484590556513
H4,10,4.0,W1,32,long,0.0,167,8.212838292715766,0.5352023647780276,0.12870151449297584,1.822538634252736,0.4251497005988024,0.007179021000961626,0.5349066339912867,0.06229710621146667,1.8589014029625714,0.603917967187416,0.023506454679092403,16039.17967187417
H4,10,4.0,W1,32,long,1.0,167,8.212838292715766,0.5352023647780276,0.12870151449297584,1.822538634252736,0.4251497005988024,0.007179021000961626,0.5349066339912867,0.06229710621146667,1.8589014029625714,0.603917967187416,0.023506454679092403,16039.17967187417
H4,10,4.0,W1,32,short,0.0,136,6.987480658320439,-0.2018067647734061,0.38459124420393853,0.8156610894393539,0.3602941176470588,-0.0018668684566383695,-0.04188023299068768,0.12119207109040897,0.9571472880197351,-0.025744768682809283,-0.0013391556717951003,9742.552313171915
H4,10,4.0,W1,32,short,1.0,136,6.987480658320439,-0.2018067647734061,0.38459124420393853,0.8156610894393539,0.3602941176470588,-0.0018668684566383695,-0.04188023299068768,0.12119207109040897,0.9571472880197351,-0.025744768682809283,-0.0013391556717951003,9742.552313171915
H4,10,4.0,W1,50,both,0.0,270,13.819716928251122,0.4385584575711065,0.18197308558938208,1.466648321057614,0.4,0.0042763739779555785,0.5446887103489761,0.07465112366757987,1.6445607792240367,0.76865869868517,0.029616387243051046,17686.586986851715
H4,10,4.0,W1,50,both,1.0,270,13.819716928251122,0.4385584575711065,0.18197308558938208,1.466648321057614,0.4,0.0042763739779555785,0.5446887103489761,0.07465112366757987,1.6445607792240367,0.76865869868517,0.029616387243051046,17686.586986851715
H4,10,4.0,W1,50,long,0.0,173,8.86728178501263,0.489647145822132,0.1655520959435035,1.7635936611242955,0.41040462427745666,0.006437126229694944,0.5451260645119762,0.0612364230134117,1.939232717554351,0.6964265862561794,0.027460278994670295,16964.265862561795
H4,10,4.0,W1,50,long,1.0,173,8.86728178501263,0.489647145822132,0.1655520959435035,1.7635936611242955,0.41040462427745666,0.006437126229694944,0.5451260645119762,0.0612364230134117,1.939232717554351,0.6964265862561794,0.027460278994670295,16964.265862561795
H4,10,4.0,W1,50,short,0.0,122,6.387686353211008,-0.06354046971556819,0.25440476471161444,0.9316188857783325,0.36065573770491804,-0.0007014343515514634,-0.009866983907573013,0.07574803858161616,0.9894093034904831,-0.009752653290550639,-0.0005130049252125568,9902.473467094493
H4,10,4.0,W1,50,short,1.0,122,6.387686353211008,-0.06354046971556819,0.25440476471161444,0.9316188857783325,0.36065573770491804,-0.0007014343515514634,-0.009866983907573013,0.07574803858161616,0.9894093034904831,-0.009752653290550639,-0.0005130049252125568,9902.473467094493
H4,10,4.0,W1,80,both,0.0,268,14.49318922120225,0.3660083633956172,0.3085968920668558,1.3618535754416972,0.3880597014925373,0.0033338791934499354,0.422032621194302,0.08420365329748858,1.4563108481421068,0.5070834044580914,0.022429797088595826,15070.834044580923
H4,10,4.0,W1,80,both,1.0,268,14.49318922120225,0.3660083633956172,0.3085968920668558,1.3618535754416972,0.3880597014925373,0.0033338791934499354,0.422032621194302,0.08420365329748858,1.4563108481421068,0.5070834044580914,0.022429797088595826,15070.834044580923
H4,10,4.0,W1,80,long,0.0,177,9.571994373704472,0.4084351081812599,0.27674447908582234,1.5656180499687928,0.3785310734463277,0.005039173567140131,0.45279089232192865,0.10663468643140162,1.7010020545830142,0.5347786145439675,0.023437154705431285,15347.786145439692
H4,10,4.0,W1,80,long,1.0,177,9.571994373704472,0.4084351081812599,0.27674447908582234,1.5656180499687928,0.3785310734463277,0.005039173567140131,0.45279089232192865,0.10663468643140162,1.7010020545830142,0.5347786145439675,0.023437154705431285,15347.786145439692
H4,10,4.0,W1,80,short,0.0,102,6.469091856225039,-0.08754332550427517,0.2428113101865661,0.911743054912463,0.37254901960784315,-0.0008958342987281119,-0.114290686789081,0.06188681107170968,0.8893851779577816,-0.04246857080201971,-0.002748543857436503,9575.314291979814
H4,10,4.0,W1,80,short,1.0,102,6.469091856225039,-0.08754332550427517,0.2428113101865661,0.911743054912463,0.37254901960784315,-0.0008958342987281119,-0.114290686789081,0.06188681107170968,0.8893851779577816,-0.04246857080201971,-0.002748543857436503,9575.314291979814
H4,10,4.0,W1,120,both,0.0,247,14.612366375121477,0.4283846135599121,0.26936563136782565,1.4476023804634595,0.4048582995951417,0.0038870077686311713,0.5319621647534745,0.07872176126982555,1.6283996341265323,0.6566302727393518,0.030313166458239227,16566.30272739354
H4,10,4.0,W1,120,both,1.0,247,14.612366375121477,0.4283846135599121,0.26936563136782565,1.4476023804634595,0.4048582995951417,0.0038870077686311713,0.5319621647534745,0.07872176126982555,1.6283996341265323,0.6566302727393518,0.030313166458239227,16566.30272739354
H4,10,4.0,W1,120,long,0.0,167,9.879616132167152,0.4117382718928237,0.29438144736028815,1.5736110672698571,0.40718562874251496,0.005081493305693953,0.4976375484836131,0.09229447388848555,1.813362401053246,0.5376154380782174,0.025778980403786678,15376.15438078218
H4,10,4.0,W1,120,long,1.0,167,9.879616132167152,0.4117382718928237,0.29438144736028815,1.5736110672698571,0.40718562874251496,0.005081493305693953,0.4976375484836131,0.09229447388848555,1.813362401053246,0.5376154380782174,0.025778980403786678,15376.15438078218
H4,10,4.0,W1,120,short,0.0,92,6.464601769911504,-0.019593401252380977,0.21950276302457705,0.9796575445799135,0.3804347826086957,-0.0001773619651766643,-0.045235696269475024,0.09975341711388586,0.9553171207157439,-0.018942172290167814,-0.0013428825911458997,9810.57827709833
H4,10,4.0,W1,120,short,1.0,92,6.464601769911504,-0.019593401252380977,0.21950276302457705,0.9796575445799135,0.3804347826086957,-0.0001773619651766643,-0.045235696269475024,0.09975341711388586,0.9553171207157439,-0.018942172290167814,-0.0013428825911458997,9810.57827709833
H4,10,3.0,none,0,both,0.0,580,26.870243531202437,0.26845782560902653,0.41975345071055203,1.1813351630606805,0.3706896551724138,0.0013604040347880797,0.27850602515558814,0.21536998498054338,1.1876434264603832,0.4725818702636222,0.018091439510203866,14725.818702636243
H4,10,3.0,none,0,both,1.0,580,26.870243531202437,0.26845782560902653,0.41975345071055203,1.1813351630606805,0.3706896551724138,0.0013604040347880797,0.27850602515558814,0.21536998498054338,1.1876434264603832,0.4725818702636222,0.018091439510203866,14725.818702636243
H4,10,3.0,none,0,long,0.0,513,23.77531404644081,0.5858262428253156,0.20704367724402573,1.4943438310650454,0.4171539961013645,0.0035072550688123594,0.5786551032330324,0.1556785661694231,1.5288836889650912,1.7278912276627478,0.04760770549511473,27278.912276627543
H4,10,3.0,none,0,long,1.0,513,23.77531404644081,0.5858262428253156,0.20704367724402573,1.4943438310650454,0.4171539961013645,0.0035072550688123594,0.5786551032330324,0.1556785661694231,1.5288836889650912,1.7278912276627478,0.04760770549511473,27278.912276627543
H4,10,3.0,none,0,short,0.0,514,23.809575142675968,-0.26754757557845515,0.5481222345077738,0.8586261610263682,0.3229571984435798,-0.0011500733720249188,-0.2844048667372606,0.33337471332434176,0.8508400473848619,-0.28272288634588305,-0.015274661443640869,7172.771136541168
H4,10,3.0,none,0,short,1.0,514,23.809575142675968,-0.26754757557845515,0.5481222345077738,0.8586261610263682,0.3229571984435798,-0.0011500733720249188,-0.2844048667372606,0.33337471332434176,0.8508400473848619,-0.28272288634588305,-0.015274661443640869,7172.771136541168
H4,10,3.0,D1,20,both,0.0,235,11.058200206132438,0.13913520825118655,0.3012331206639218,1.1352180693361504,0.35319148936170214,0.0009784564140959064,0.17312859280889056,0.11985979793362944,1.1833678342198723,0.15386608849557426,0.006757319099295778,11538.660884955743
H4,10,3.0,D1,20,both,1.0,235,11.058200206132438,0.13913520825118655,0.3012331206639218,1.1352180693361504,0.35319148936170214,0.0009784564140959064,0.17312859280889056,0.11985979793362944,1.1833678342198723,0.15386608849557426,0.006757319099295778,11538.660884955743
H4,10,3.0,D1,20,long,0.0,145,6.823144808039165,0.335083851637269,0.14186405391988843,1.4967473074549675,0.45517241379310347,0.0030771022778322363,0.396441939704445,0.0605848605092858,1.7060327308430048,0.35553026191361536,0.014417082375895784,13555.302619136146
H4,10,3.0,D1,20,long,1.0,145,6.823144808039165,0.335083851637269,0.14186405391988843,1.4967473074549675,0.45517241379310347,0.0030771022778322363,0.396441939704445,0.0605848605092858,1.7060327308430048,0.35553026191361536,0.014417082375895784,13555.302619136146
H4,10,3.0,D1,20,short,0.0,131,6.364425379090184,-0.11763251209395145,0.23867757226526698,0.873034660406819,0.26717557251908397,-0.0010220798363934488,-0.17338490073970064,0.11633756340821566,0.8237848950669469,-0.10140399821301715,-0.005181152531339328,8985.960017869824
H4,10,3.0,D1,20,short,1.0,131,6.364425379090184,-0.11763251209395145,0.23867757226526698,0.873034660406819,0.26717557251908397,-0.0010220798363934488,-0.17338490073970064,0.11633756340821566,0.8237848950669469,-0.10140399821301715,-0.005181152531339328,8985.960017869824
H4,10,3.0,D1,32,both,0.0,282,13.227237703865416,0.24844598475024676,0.17283515406270822,1.220951307288614,0.38652482269503546,0.001636796882217394,0.23855008456397164,0.08450436629361757,1.2234241940993513,0.2470740318132434,0.010410462927167519,12470.740318132468
H4,10,3.0,D1,32,both,1.0,282,13.227237703865416,0.24844598475024676,0.17283515406270822,1.220951307288614,0.38652482269503546,0.001636796882217394,0.23855008456397164,0.08450436629361757,1.2234241940993513,0.2470740318132434,0.010410462927167519,12470.740318132468
H4,10,3.0,D1,32,long,0.0,178,8.383558994197292,0.26176769611597833,0.13873670371103675,1.3107435023155383,0.42696629213483145,0.002145127333323161,0.25530592936896096,0.09262814148957044,1.327350887192014,0.2169248596757598,0.009289622336861258,12169.248596757607
H4,10,3.0,D1,32,long,1.0,178,8.383558994197292,0.26176769611597833,0.13873670371103675,1.3107435023155383,0.42696629213483145,0.002145127333323161,0.25530592936896096,0.09262814148957044,1.327350887192014,0.2169248596757598,0.009289622336861258,12169.248596757607
H4,10,3.0,D1,32,short,0.0,131,6.276761117670209,0.005384302948862005,0.14894040527541996,1.0061036739699039,0.31297709923664124,4.85400168333137e-05,-0.02404441082199284,0.08941568955659474,0.9735676758184,-0.02226299638237139,-0.0010781855117738548,9777.370036176284
H4,10,3.0,D1,32,short,1.0,131,6.276761117670209,0.005384302948862005,0.14894040527541996,1.0061036739699039,0.31297709923664124,4.85400168333137e-05,-0.02404441082199284,0.08941568955659474,0.9735676758184,-0.02226299638237139,-0.0010781855117738548,9777.370036176284
H4,10,3.0,D1,50,both,0.0,308,14.872686409307246,-0.006078170324163162,0.32110815246569013,0.9954881888139991,0.36038961038961037,-3.523682274629966e-05,-0.006496315913009592,0.1964763404529003,0.9951366132559788,-0.027132319360096413,-0.001327384210858984,9728.676806399038
H4,10,3.0,D1,50,both,1.0,308,14.872686409307246,-0.006078170324163162,0.32110815246569013,0.9954881888139991,0.36038961038961037,-3.523682274629966e-05,-0.006496315913009592,0.1964763404529003,0.9951366132559788,-0.027132319360096413,-0.001327384210858984,9728.676806399038
H4,10,3.0,D1,50,long,0.0,183,8.87188080700823,0.22336470293981858,0.2185183449229362,1.2475600989111824,0.41530054644808745,0.0017469876364953384,0.1941209354023672,0.14477981107683002,1.2287076182007617,0.16397904828683774,0.0073886099857769505,11639.790482868402
H4,10,3.0,D1,50,long,1.0,183,8.87188080700823,0.22336470293981858,0.2185183449229362,1.2475600989111824,0.41530054644808745,0.0017469876364953384,0.1941209354023672,0.14477981107683002,1.2287076182007617,0.16397904828683774,0.0073886099857769505,11639.790482868402
H4,10,3.0,D1,50,short,0.0,138,6.704509177972866,-0.311469661091434,0.3082786066922051,0.719603113466614,0.2826086956521739,-0.0024691892486009446,-0.21958735189804418,0.13014374564351094,0.7968269231516993,-0.114074539828532,-0.005867261032480142,8859.254601714681
H4,10,3.0,D1,50,short,1.0,138,6.704509177972866,-0.311469661091434,0.3082786066922051,0.719603113466614,0.2826086956521739,-0.0024691892486009446,-0.21958735189804418,0.13014374564351094,0.7968269231516993,-0.114074539828532,-0.005867261032480142,8859.254601714681
H4,10,3.0,D1,80,both,0.0,343,16.430262295081967,-0.007226055381192086,0.38246390092615334,0.9950442465690441,0.37900874635568516,-3.752663853619022e-05,0.2241100280655592,0.14907360410632575,1.1738895406576062,0.22869538225415864,0.009914307841732084,12286.953822541604
H4,10,3.0,D1,80,both,1.0,343,16.430262295081967,-0.007226055381192086,0.38246390092615334,0.9950442465690441,0.37900874635568516,-3.752663853619022e-05,0.2241100280655592,0.14907360410632575,1.1738895406576062,0.22869538225415864,0.009914307841732084,12286.953822541604
H4,10,3.0,D1,80,long,0.0,193,9.324503968253968,0.20119953568277343,0.17423112602949342,1.1985609751984452,0.44041450777202074,0.0014322232413471374,0.3425859482686715,0.07313549582143664,1.3799240898360068,0.2889406536403223,0.012338461951737267,12889.406536403218
H4,10,3.0,D1,80,long,1.0,193,9.324503968253968,0.20119953568277343,0.17423112602949342,1.1985609751984452,0.44041450777202074,0.0014322232413471374,0.3425859482686715,0.07313549582143664,1.3799240898360068,0.2889406536403223,0.012338461951737267,12889.406536403218
H4,10,3.0,D1,80,short,0.0,155,7.5505134702587355,-0.1832123006245518,0.3135320513130493,0.8259449884079832,0.3032258064516129,-0.001368697527562084,-0.04264894026307555,0.1326440524622151,0.9553095317045405,-0.03648154399739534,-0.0018087141422781228,9635.184560026048
H4,10,3.0,D1,80,short,1.0,155,7.5505134702587355,-0.1832123006245518,0.3135320513130493,0.8259449884079832,0.3032258064516129,-0.001368697527562084,-0.04264894026307555,0.1326440524622151,0.9553095317045405,-0.03648154399739534,-0.0018087141422781228,9635.184560026048
H4,10,3.0,D1,120,both,0.0,383,18.472302918262248,0.25146423862684647,0.20489616648497844,1.1817225848784185,0.39425587467362927,0.0013969922166739727,0.36539338722209785,0.11528549012583023,1.2857393684469622,0.5057262925267041,0.019935692288969742,15057.26292526705
H4,10,3.0,D1,120,both,1.0,383,18.472302918262248,0.25146423862684647,0.20489616648497844,1.1817225848784185,0.39425587467362927,0.0013969922166739727,0.36539338722209785,0.11528549012583023,1.2857393684469622,0.5057262925267041,0.019935692288969742,15057.26292526705
H4,10,3.0,D1,120,long,0.0,221,10.661768590674944,0.42767481522863715,0.12974147331391794,1.4538195322446035,0.45701357466063347,0.003230748529202392,0.5278146930713402,0.06257545067822201,1.6384493408075627,0.6533657349505173,0.02455396233453211,16533.657349505193
H4,10,3.0,D1,120,long,1.0,221,10.661768590674944,0.42767481522863715,0.12974147331391794,1.4538195322446035,0.45701357466063347,0.003230748529202392,0.5278146930713402,0.06257545067822201,1.6384493408075627,0.6533657349505173,0.02455396233453211,16533.657349505193
H4,10,3.0,D1,120,short,0.0,170,8.36487942880237,-0.05280740040672175,0.2855477740747675,0.9495620275202152,0.3235294117647059,-0.00041400203975665284,0.02094814473590093,0.12516471163080456,1.0200780954727104,0.0032229253870013075,0.00015834213097476457,10032.22925387
H4,10,3.0,D1,120,short,1.0,170,8.36487942880237,-0.05280740040672175,0.2855477740747675,0.9495620275202152,0.3235294117647059,-0.00041400203975665284,0.02094814473590093,0.12516471163080456,1.0200780954727104,0.0032229253870013075,0.00015834213097476457,10032.22925387
H4,10,3.0,W1,20,both,0.0,442,21.217045603890128,0.22016412021746146,0.2963493224590352,1.1532572435592572,0.38687782805429866,0.0011862048511723628,0.283354701799533,0.18505232190474186,1.1959343937247398,0.37216269957070036,0.015303291923950635,13721.626995707029
H4,10,3.0,W1,20,both,1.0,442,21.217045603890128,0.22016412021746146,0.2963493224590352,1.1532572435592572,0.38687782805429866,0.0011862048511723628,0.283354701799533,0.18505232190474186,1.1959343937247398,0.37216269957070036,0.015303291923950635,13721.626995707029
H4,10,3.0,W1,20,long,0.0,264,12.672624523590486,0.41857637648202894,0.1450156782842268,1.4370915997356521,0.4431818181818182,0.003258447138928318,0.43393030286409123,0.0888669293591382,1.4503219580894824,0.5429958736066614,0.02103811464682437,15429.958736066656
H4,10,3.0,W1,20,long,1.0,264,12.672624523590486,0.41857637648202894,0.1450156782842268,1.4370915997356521,0.4431818181818182,0.003258447138928318,0.43393030286409123,0.0888669293591382,1.4503219580894824,0.5429958736066614,0.02103811464682437,15429.958736066656
H4,10,3.0,W1,20,short,0.0,217,10.645970449966422,-0.1537615595837148,0.26424596775944176,0.8734590788347515,0.3271889400921659,-0.001036147711578564,-0.11140901032180557,0.1382586748332415,0.9116636161510737,-0.08538581286903812,-0.004369156983494382,9146.14187130963
H4,10,3.0,W1,20,short,1.0,217,10.645970449966422,-0.1537615595837148,0.26424596775944176,0.8734590788347515,0.3271889400921659,-0.001036147711578564,-0.11140901032180557,0.1382586748332415,0.9116636161510737,-0.08538581286903812,-0.004369156983494382,9146.14187130963
H4,10,3.0,W1,32,both,0.0,439,21.58653069466882,0.26581738478470474,0.25733758318566424,1.2006253793416968,0.3804100227790433,0.0015595743223965621,0.3428681669335224,0.1248837629152667,1.27269578624286,0.5686807602260031,0.02238586374787288,15686.80760226004
H4,10,3.0,W1,32,both,1.0,439,21.58653069466882,0.26581738478470474,0.25733758318566424,1.2006253793416968,0.3804100227790433,0.0015595743223965621,0.3428681669335224,0.1248837629152667,1.27269578624286,0.5686807602260031,0.02238586374787288,15686.80760226004
H4,10,3.0,W1,32,long,0.0,271,13.325626009693053,0.462365721448611,0.17668832949927948,1.5235487261622502,0.42435424354243545,0.0038832019310167465,0.4820722024335189,0.10244551245721811,1.5616048959334305,0.7501386724870609,0.02790356345441225,17501.386724870634
H4,10,3.0,W1,32,long,1.0,271,13.325626009693053,0.462365721448611,0.17668832949927948,1.5235487261622502,0.42435424354243545,0.0038832019310167465,0.4820722024335189,0.10244551245721811,1.5616048959334305,0.7501386724870609,0.02790356345441225,17501.386724870634
H4,10,3.0,W1,32,short,0.0,210,10.789492192994796,-0.1271774360145373,0.2786213224510965,0.8952134308862361,0.3380952380952381,-0.0008205983849279677,-0.06190250101386843,0.14062800174660062,0.9484122064204462,-0.055431872507024416,-0.002925699282690042,9445.68127492977
H4,10,3.0,W1,32,short,1.0,210,10.789492192994796,-0.1271774360145373,0.2786213224510965,0.8952134308862361,0.3380952380952381,-0.0008205983849279677,-0.06190250101386843,0.14062800174660062,0.9484122064204462,-0.055431872507024416,-0.002925699282690042,9445.68127492977
H4,10,3.0,W1,50,both,0.0,435,22.094806007509387,0.41071098524639227,0.2551070378835336,1.342210873294175,0.38850574712643676,0.0025882030154837955,0.46737482374441497,0.1503434124749441,1.407304015419967,0.9473461712950852,0.03443114354116683,19473.46171295087
H4,10,3.0,W1,50,both,1.0,435,22.094806007509387,0.41071098524639227,0.2551070378835336,1.342210873294175,0.38850574712643676,0.0025882030154837955,0.46737482374441497,0.1503434124749441,1.407304015419967,0.9473461712950852,0.03443114354116683,19473.46171295087
H4,10,3.0,W1,50,long,0.0,289,14.679078014184398,0.4421925602987408,0.21196849112978344,1.511875690706174,0.41522491349480967,0.0036220633001545223,0.488859180918194,0.12361059402725538,1.6218028259467652,0.9143692257736662,0.033534159169581246,19143.692257736646
H4,10,3.0,W1,50,long,1.0,289,14.679078014184398,0.4421925602987408,0.21196849112978344,1.511875690706174,0.41522491349480967,0.0036220633001545223,0.488859180918194,0.12361059402725538,1.6218028259467652,0.9143692257736662,0.033534159169581246,19143.692257736646
H4,10,3.0,W1,50,short,0.0,183,9.581529529816514,0.11981937765082627,0.23033601192895736,1.122300073171255,0.34972677595628415,0.0009570059592027523,0.17620075301823934,0.14196115367853412,1.1805831655776766,0.12497826417654001,0.006184930753379669,11249.782641765405
H4,10,3.0,W1,50,short,1.0,183,9.581529529816514,0.11981937765082627,0.23033601192895736,1.122300073171255,0.34972677595628415,0.0009570059592027523,0.17620075301823934,0.14196115367853412,1.1805831655776766,0.12497826417654001,0.006184930753379669,11249.782641765405
H4,10,3.0,W1,80,both,0.0,421,22.767286052709505,0.34149030332095054,0.3094730089358999,1.2808162785155952,0.3657957244655582,0.002119443186922942,0.37231324985001446,0.1579773702293702,1.3257162793468795,0.6609995825986066,0.027820741686888528,16609.995825986098
H4,10,3.0,W1,80,both,1.0,421,22.767286052709505,0.34149030332095054,0.3094730089358999,1.2808162785155952,0.3657957244655582,0.002119443186922942,0.37231324985001446,0.1579773702293702,1.3257162793468795,0.6609995825986066,0.027820741686888528,16609.995825986098
H4,10,3.0,W1,80,long,0.0,279,15.088058928042642,0.45559495971898006,0.28634664729403536,1.5384212170765208,0.4014336917562724,0.003746403456300205,0.450357763379743,0.18486057458754068,1.5652814523928025,0.785721819516517,0.03185305650948367,17857.21819516519
H4,10,3.0,W1,80,long,1.0,279,15.088058928042642,0.45559495971898006,0.28634664729403536,1.5384212170765208,0.4014336917562724,0.003746403456300205,0.450357763379743,0.18486057458754068,1.5652814523928025,0.785721819516517,0.03185305650948367,17857.21819516519
H4,10,3.0,W1,80,short,0.0,158,10.024231370505472,-0.11023456964099299,0.27395033224620946,0.900966090325977,0.2974683544303797,-0.0008537859314304061,-0.1748660122023636,0.14170098598997305,0.8606208278990318,-0.09685806489468574,-0.006442600839540846,9031.41935105315
H4,10,3.0,W1,80,short,1.0,158,10.024231370505472,-0.11023456964099299,0.27395033224620946,0.900966090325977,0.2974683544303797,-0.0008537859314304061,-0.1748660122023636,0.14170098598997305,0.8606208278990318,-0.09685806489468574,-0.006442600839540846,9031.41935105315
H4,10,3.0,W1,120,both,0.0,388,22.824448381381863,0.41770183836669006,0.28037362542219624,1.3545223653194542,0.38144329896907214,0.002531902876396519,0.45657392458955987,0.1569754512610736,1.3998648349885603,0.7981549016537623,0.03511936404251026,17981.54901653762
H4,10,3.0,W1,120,both,1.0,388,22.824448381381863,0.41770183836669006,0.28037362542219624,1.3545223653194542,0.38144329896907214,0.002531902876396519,0.45657392458955987,0.1569754512610736,1.3998648349885603,0.7981549016537623,0.03511936404251026,17981.54901653762
H4,10,3.0,W1,120,long,0.0,262,15.444722401549388,0.4750387315691291,0.2812375556816912,1.5578608714741229,0.42748091603053434,0.0038413438525462247,0.5002061943334375,0.16368456327057068,1.6266233754285566,0.8034796899255552,0.035374786765449695,18034.796899255565
H4,10,3.0,W1,120,long,1.0,262,15.444722401549388,0.4750387315691291,0.2812375556816912,1.5578608714741229,0.42748091603053434,0.0038413438525462247,0.5002061943334375,0.16368456327057068,1.6266233754285566,0.8034796899255552,0.035374786765449695,18034.796899255565
H4,10,3.0,W1,120,short,0.0,141,9.768636191198786,-0.05073421769025095,0.21222020874900072,0.9543915251754848,0.2978723404255319,-0.00033936458546935945,0.06237939958618929,0.10824376600988694,1.0582585045025095,0.024739209399885942,0.0016945362349558568,10247.392093998864
H4,10,3.0,W1,120,short,1.0,141,9.768636191198786,-0.05073421769025095,0.21222020874900072,0.9543915251754848,0.2978723404255319,-0.00033936458546935945,0.06237939958618929,0.10824376600988694,1.0582585045025095,0.024739209399885942,0.0016945362349558568,10247.392093998864
H4,10,5.0,none,0,both,0.0,253,11.720985540334857,0.13594381588494214,0.39411976502060375,1.1192289104313908,0.3557312252964427,0.0013936519385785659,0.22458133108426961,0.14572684936313118,1.21834065378903,0.19319063905140554,0.008216530642212394,11931.906390514045
H4,10,5.0,none,0,both,1.0,253,11.720985540334857,0.13594381588494214,0.39411976502060375,1.1192289104313908,0.3557312252964427,0.0013936519385785659,0.22458133108426961,0.14572684936313118,1.21834065378903,0.19319063905140554,0.008216530642212394,11931.906390514045
H4,10,5.0,none,0,long,0.0,239,11.085047619047618,0.5466692064455321,0.27203116298494967,1.6051796226655135,0.39748953974895396,0.006474061340706486,0.6153949401646038,0.08337543355375265,1.8021378917702675,0.9031884113880737,0.03029746518359655,19031.88411388075
H4,10,5.0,none,0,long,1.0,239,11.085047619047618,0.5466692064455321,0.27203116298494967,1.6051796226655135,0.39748953974895396,0.006474061340706486,0.6153949401646038,0.08337543355375265,1.8021378917702675,0.9031884113880737,0.03029746518359655,19031.88411388075
H4,10,5.0,none,0,short,0.0,240,11.117311350665823,-0.41930260139185843,0.6221325634196395,0.7145961464477913,0.3458333333333333,-0.0035339326256177703,-0.35628857444830103,0.24554402266880804,0.7499778083297726,-0.1936471356333933,-0.009920553253362496,8063.528643666067
H4,10,5.0,none,0,short,1.0,240,11.117311350665823,-0.41930260139185843,0.6221325634196395,0.7145961464477913,0.3458333333333333,-0.0035339326256177703,-0.35628857444830103,0.24554402266880804,0.7499778083297726,-0.1936471356333933,-0.009920553253362496,8063.528643666067
H4,10,5.0,D1,20,both,0.0,157,7.3087241906704055,0.13934980323074808,0.33108822475022304,1.1502713876871467,0.35668789808917195,0.0016934668663544034,0.25327699846630014,0.10919101040880985,1.3308279687981934,0.17879613991569343,0.007686967858446803,11787.961399156962
H4,10,5.0,D1,20,both,1.0,157,7.3087241906704055,0.13934980323074808,0.33108822475022304,1.1502713876871467,0.35668789808917195,0.0016934668663544034,0.25327699846630014,0.10919101040880985,1.3308279687981934,0.17879613991569343,0.007686967858446803,11787.961399156962
H4,10,5.0,D1,20,long,0.0,126,5.865600305888351,0.30047521017366685,0.22929861436273224,1.424521293813219,0.373015873015873,0.004372899076310241,0.384595011265571,0.0713832791707818,1.7425921093558374,0.3353140983043117,0.013552404268965423,13353.140983043128
H4,10,5.0,D1,20,long,1.0,126,5.865600305888351,0.30047521017366685,0.22929861436273224,1.424521293813219,0.373015873015873,0.004372899076310241,0.384595011265571,0.0713832791707818,1.7425921093558374,0.3353140983043117,0.013552404268965423,13353.140983043128
H4,10,5.0,D1,20,short,0.0,97,4.685169267389579,-0.36667552731169506,0.39244064666675993,0.6489628988498655,0.36082474226804123,-0.004694810442038182,-0.21482265228042471,0.13228682717249463,0.7664915056260688,-0.08058239857326532,-0.004049754849608678,9194.17601426735
H4,10,5.0,D1,20,short,1.0,97,4.685169267389579,-0.36667552731169506,0.39244064666675993,0.6489628988498655,0.36082474226804123,-0.004694810442038182,-0.21482265228042471,0.13228682717249463,0.7664915056260688,-0.08058239857326532,-0.004049754849608678,9194.17601426735
H4,10,5.0,D1,32,both,0.0,130,6.1481937071086366,-0.12449464973544398,0.462786137347189,0.8715550839959874,0.3,-0.0016146084299270141,0.034639658046114685,0.11164366441512608,1.0412632333231113,0.012123382697271312,0.0005700755415813941,10121.233826972713
H4,10,5.0,D1,32,both,1.0,130,6.1481937071086366,-0.12449464973544398,0.462786137347189,0.8715550839959874,0.3,-0.0016146084299270141,0.034639658046114685,0.11164366441512608,1.0412632333231113,0.012123382697271312,0.0005700755415813941,10121.233826972713
H4,10,5.0,D1,32,long,0.0,91,4.379150197628459,0.2038514235190319,0.2809282475389071,1.3085386844639473,0.3626373626373626,0.0036098219476069604,0.33362566658652754,0.09882713197396431,1.605199248069204,0.1978995345329908,0.008727330636217445,11978.995345329924
H4,10,5.0,D1,32,long,1.0,91,4.379150197628459,0.2038514235190319,0.2809282475389071,1.3085386844639473,0.3626373626373626,0.0036098219476069604,0.33362566658652754,0.09882713197396431,1.605199248069204,0.1978995345329908,0.008727330636217445,11978.995345329924
H4,10,5.0,D1,32,short,0.0,79,3.815756413647183,-0.4739386151052961,0.4073898664661645,0.5363227633926964,0.24050632911392406,-0.0060266688456828464,-0.33340206587482174,0.10993614853524003,0.6330400196345158,-0.10195317386202751,-0.0051804588303207,8980.468261379729
H4,10,5.0,D1,32,short,1.0,79,3.815756413647183,-0.4739386151052961,0.4073898664661645,0.5363227633926964,0.24050632911392406,-0.0060266688456828464,-0.33340206587482174,0.10993614853524003,0.6330400196345158,-0.10195317386202751,-0.0051804588303207,8980.468261379729
H4,10,5.0,D1,50,both,0.0,109,5.1225231600617604,-0.0812880119433672,0.3644620586730476,0.9084469320077029,0.3211009174311927,-0.001148153822492489,0.002267167115794787,0.11047574352730127,1.0030804341765078,-0.005862417841880685,-0.00027628056151274283,9941.37582158119
H4,10,5.0,D1,50,both,1.0,109,5.1225231600617604,-0.0812880119433672,0.3644620586730476,0.9084469320077029,0.3211009174311927,-0.001148153822492489,0.002267167115794787,0.11047574352730127,1.0030804341765078,-0.005862417841880685,-0.00027628056151274283,9941.37582158119
H4,10,5.0,D1,50,long,0.0,78,3.665658775090067,0.21814780755564447,0.25541063790226615,1.3714413655320938,0.358974358974359,0.00442290433561685,0.3350356740051217,0.0602001380352597,1.812648172960745,0.2374448597257166,0.010062646173679912,12374.448597257167
H4,10,5.0,D1,50,long,1.0,78,3.665658775090067,0.21814780755564447,0.25541063790226615,1.3714413655320938,0.358974358974359,0.00442290433561685,0.3350356740051217,0.0602001380352597,1.812648172960745,0.2374448597257166,0.010062646173679912,12374.448597257167
H4,10,5.0,D1,50,short,0.0,58,2.945564516129032,-0.7847706621977324,0.3936010321595511,0.3231684451408703,0.27586206896551724,-0.008377274995857067,-0.6800079900986689,0.1254100354765182,0.35540752008663573,-0.12409719212489667,-0.006706508983840509,8759.028078751038
H4,10,5.0,D1,50,short,1.0,58,2.945564516129032,-0.7847706621977324,0.3936010321595511,0.3231684451408703,0.27586206896551724,-0.008377274995857067,-0.6800079900986689,0.1254100354765182,0.35540752008663573,-0.12409719212489667,-0.006706508983840509,8759.028078751038
H4,10,5.0,D1,80,both,0.0,132,6.285919165580182,0.2138242689351234,0.2089759342663946,1.2498300248462058,0.36363636363636365,0.002798782671711321,0.3481584609862292,0.06659127422155375,1.5042833495184815,0.23738927892683415,0.010194984155435849,12373.892789268346
H4,10,5.0,D1,80,both,1.0,132,6.285919165580182,0.2138242689351234,0.2089759342663946,1.2498300248462058,0.36363636363636365,0.002798782671711321,0.3481584609862292,0.06659127422155375,1.5042833495184815,0.23738927892683415,0.010194984155435849,12373.892789268346
H4,10,5.0,D1,80,long,0.0,79,3.9013994050838288,0.4018094524985988,0.15879399220632318,1.6722908041999798,0.43037974683544306,0.007752439038640385,0.4836312472726118,0.049014270818449446,2.0091360262909834,0.28886763556492623,0.012610942237853529,12888.676355649251
H4,10,5.0,D1,80,long,1.0,79,3.9013994050838288,0.4018094524985988,0.15879399220632318,1.6722908041999798,0.43037974683544306,0.007752439038640385,0.4836312472726118,0.049014270818449446,2.0091360262909834,0.28886763556492623,0.012610942237853529,12888.676355649251
H4,10,5.0,D1,80,short,0.0,66,3.1967245723378865,-0.020995532235047205,0.18991279483938517,0.9691392212959914,0.3484848484848485,-0.0002890986095959988,0.09478678066988716,0.0601462152238601,1.1703166615085379,0.030437348530361286,0.0014533038618296246,10304.373485303613
H4,10,5.0,D1,80,short,1.0,66,3.1967245723378865,-0.020995532235047205,0.18991279483938517,0.9691392212959914,0.3484848484848485,-0.0002890986095959988,0.09478678066988716,0.0601462152238601,1.1703166615085379,0.030437348530361286,0.0014533038618296246,10304.373485303613
H4,10,5.0,D1,120,both,0.0,156,7.507114624505928,0.2881751941001479,0.27892388971814064,1.3295443076716873,0.3782051282051282,0.0034800576691097654,0.34713138045906305,0.11381291942096361,1.4614372860681981,0.24163454325341216,0.010469522028420553,12416.345432534115
H4,10,5.0,D1,120,both,1.0,156,7.507114624505928,0.2881751941001479,0.27892388971814064,1.3295443076716873,0.3782051282051282,0.0034800576691097654,0.34713138045906305,0.11381291942096361,1.4614372860681981,0.24163454325341216,0.010469522028420553,12416.345432534115
H4,10,5.0,D1,120,long,0.0,84,4.042292490118577,0.4312300668501242,0.20068156669565052,1.7872045656822513,0.4166666666666667,0.00819991856697033,0.4892552953541755,0.059501641150146445,2.12900459077583,0.3141087209049165,0.01323186202009996,13141.087209049165
H4,10,5.0,D1,120,long,1.0,84,4.042292490118577,0.4312300668501242,0.20068156669565052,1.7872045656822513,0.4166666666666667,0.00819991856697033,0.4892552953541755,0.059501641150146445,2.12900459077583,0.3141087209049165,0.01323186202009996,13141.087209049165
H4,10,5.0,D1,120,short,0.0,78,4.100388601036269,-0.07125557826840213,0.19255264162315078,0.9131235301547047,0.358974358974359,-0.0008915522833107551,-0.05799774972526363,0.08439741596179318,0.9278817495461598,-0.019820867490970673,-0.001051876086626713,9801.791325090286
H4,10,5.0,D1,120,short,1.0,78,4.100388601036269,-0.07125557826840213,0.19255264162315078,0.9131235301547047,0.358974358974359,-0.0008915522833107551,-0.05799774972526363,0.08439741596179318,0.9278817495461598,-0.019820867490970673,-0.001051876086626713,9801.791325090286
H4,10,5.0,W1,20,both,0.0,172,8.311019976187326,0.10045883161478528,0.2620538782022833,1.0996439960862436,0.36046511627906974,0.0011730116107993543,0.21374097013645937,0.06280985363926128,1.2281852537283489,0.12749374908146094,0.005815095475169452,11274.9374908146
H4,10,5.0,W1,20,both,1.0,172,8.311019976187326,0.10045883161478528,0.2620538782022833,1.0996439960862436,0.36046511627906974,0.0011730116107993543,0.21374097013645937,0.06280985363926128,1.2281852537283489,0.12749374908146094,0.005815095475169452,11274.9374908146
H4,10,5.0,W1,20,long,0.0,101,4.88030824183093,0.3499171041525709,0.1651240030629696,1.5322445441922652,0.38613861386138615,0.006167940482824977,0.427022005405217,0.03757659374318745,1.7595154818072645,0.2775270891944899,0.011905116202141297,12775.270891944912
H4,10,5.0,W1,20,long,1.0,101,4.88030824183093,0.3499171041525709,0.1651240030629696,1.5322445441922652,0.38613861386138615,0.006167940482824977,0.427022005405217,0.03757659374318745,1.7595154818072645,0.2775270891944899,0.011905116202141297,12775.270891944912
H4,10,5.0,W1,20,short,0.0,92,4.656735033259423,-0.3174711648051858,0.3362491421370791,0.6739379852614813,0.32608695652173914,-0.0038512971833756827,-0.38704497130418,0.11200864371107921,0.6361865291152317,-0.1078326491682251,-0.005758796473641525,8921.673508317743
H4,10,5.0,W1,20,short,1.0,92,4.656735033259423,-0.3174711648051858,0.3362491421370791,0.6739379852614813,0.32608695652173914,-0.0038512971833756827,-0.38704497130418,0.11200864371107921,0.6361865291152317,-0.1078326491682251,-0.005758796473641525,8921.673508317743
H4,10,5.0,W1,32,both,0.0,183,8.999697051299313,0.3380082477794512,0.23472145473743167,1.3720514361510268,0.3879781420765027,0.004200724091664157,0.39678572228637754,0.07541984739187002,1.4718320309578534,0.32982517919139487,0.014116973606293604,13298.251791913968
H4,10,5.0,W1,32,both,1.0,183,8.999697051299313,0.3380082477794512,0.23472145473743167,1.3720514361510268,0.3879781420765027,0.004200724091664157,0.39678572228637754,0.07541984739187002,1.4718320309578534,0.32982517919139487,0.014116973606293604,13298.251791913968
H4,10,5.0,W1,32,long,0.0,114,5.606368654907769,0.4363964392132935,0.18814632142088983,1.6867380943344783,0.38596491228070173,0.007713527779390083,0.4879307159275895,0.05603709823322267,1.8297634161095273,0.35090814828001693,0.014901757258942272,13509.081482800168
H4,10,5.0,W1,32,long,1.0,114,5.606368654907769,0.4363964392132935,0.18814632142088983,1.6867380943344783,0.38596491228070173,0.007713527779390083,0.4879307159275895,0.05603709823322267,1.8297634161095273,0.35090814828001693,0.014901757258942272,13509.081482800168
H4,10,5.0,W1,32,short,0.0,90,4.624068082712055,-0.20122056075596256,0.3073555458491187,0.7854955788886532,0.34444444444444444,-0.002457662881701042,-0.10758268554901378,0.08842950053739973,0.8688390356690301,-0.043497498380107524,-0.002282291341970888,9565.025016198926
H4,10,5.0,W1,32,short,1.0,90,4.624068082712055,-0.20122056075596256,0.3073555458491187,0.7854955788886532,0.34444444444444444,-0.002457662881701042,-0.10758268554901378,0.08842950053739973,0.8688390356690301,-0.043497498380107524,-0.002282291341970888,9565.025016198926
H4,10,5.0,W1,50,both,0.0,189,9.673801849775785,0.27161734030983103,0.1788094283220133,1.294197167383299,0.37566137566137564,0.0034232942953739474,0.39293314558472053,0.06205948342481993,1.5175326547950174,0.3706053705078862,0.016266815159757586,13706.053705078839
H4,10,5.0,W1,50,both,1.0,189,9.673801849775785,0.27161734030983103,0.1788094283220133,1.294197167383299,0.37566137566137564,0.0034232942953739474,0.39293314558472053,0.06205948342481993,1.5175326547950174,0.3706053705078862,0.016266815159757586,13706.053705078839
H4,10,5.0,W1,50,long,0.0,126,6.458251473477406,0.3330664291882639,0.19481252578546415,1.4831405830674587,0.3492063492063492,0.005610171838866025,0.41568555497405046,0.06002739049292616,1.75462195964754,0.38790717268726493,0.016943490170241216,13879.071726872658
H4,10,5.0,W1,50,long,1.0,126,6.458251473477406,0.3330664291882639,0.19481252578546415,1.4831405830674587,0.3492063492063492,0.005610171838866025,0.41568555497405046,0.06002739049292616,1.75462195964754,0.38790717268726493,0.016943490170241216,13879.071726872658
H4,10,5.0,W1,50,short,0.0,80,4.333382767314252,-0.04046442403184161,0.2504637145162969,0.9484531588483524,0.3875,-0.0006121396269879769,0.013987672098695022,0.05799820713923487,1.018333672450217,0.0017626225825040365,9.539698330374158e-05,10017.626225825024
H4,10,5.0,W1,50,short,1.0,80,4.333382767314252,-0.04046442403184161,0.2504637145162969,0.9484531588483524,0.3875,-0.0006121396269879769,0.013987672098695022,0.05799820713923487,1.018333672450217,0.0017626225825040365,9.539698330374158e-05,10017.626225825024
H4,10,5.0,W1,80,both,0.0,185,10.012038820566008,0.1923469839025996,0.3026861199889481,1.1945845124658534,0.34594594594594597,0.002279410385032287,0.3624981431961089,0.0641335207880831,1.4394282361070394,0.3002034540634273,0.014308799253951898,13002.034540634275
H4,10,5.0,W1,80,both,1.0,185,10.012038820566008,0.1923469839025996,0.3026861199889481,1.1945845124658534,0.34594594594594597,0.002279410385032287,0.3624981431961089,0.0641335207880831,1.4394282361070394,0.3002034540634273,0.014308799253951898,13002.034540634275
H4,10,5.0,W1,80,long,0.0,120,6.494295451177952,0.3955041197396532,0.13966345044055806,1.6060422611245107,0.35833333333333334,0.006425659413379958,0.4845410479267788,0.05469895376171763,1.860611397935152,0.3831785527185603,0.017710389091058154,13831.785527185613
H4,10,5.0,W1,80,long,1.0,120,6.494295451177952,0.3955041197396532,0.13966345044055806,1.6060422611245107,0.35833333333333334,0.006425659413379958,0.4845410479267788,0.05469895376171763,1.860611397935152,0.3831785527185603,0.017710389091058154,13831.785527185613
H4,10,5.0,W1,80,short,0.0,72,4.576749042812391,-0.23669551681062795,0.2965199873212241,0.7503931044320015,0.3333333333333333,-0.003326657904424211,-0.2377965585146934,0.06713944155438001,0.7574466405734813,-0.06051033319660337,-0.003959828309735514,9394.896668033954
H4,10,5.0,W1,80,short,1.0,72,4.576749042812391,-0.23669551681062795,0.2965199873212241,0.7503931044320015,0.3333333333333333,-0.003326657904424211,-0.2377965585146934,0.06713944155438001,0.7574466405734813,-0.06051033319660337,-0.003959828309735514,9394.896668033954
H4,10,5.0,W1,120,both,0.0,169,10.019031001460803,0.36065945626729445,0.2640327540345402,1.4111354202950277,0.378698224852071,0.00435486849426981,0.48644019645301745,0.05600930017423833,1.6764690529380388,0.4265546232315174,0.021284794198854984,14265.54623231518
H4,10,5.0,W1,120,both,1.0,169,10.019031001460803,0.36065945626729445,0.2640327540345402,1.4111354202950277,0.378698224852071,0.00435486849426981,0.48644019645301745,0.05600930017423833,1.6764690529380388,0.4265546232315174,0.021284794198854984,14265.54623231518
H4,10,5.0,W1,120,long,0.0,114,6.758399610452849,0.4269816861856586,0.24665124325621823,1.6648356098932198,0.39473684210526316,0.007032661757051642,0.517682188329625,0.06406850616807536,1.9546576763127086,0.3799486816808604,0.01927568287549497,13799.486816808587
H4,10,5.0,W1,120,long,1.0,114,6.758399610452849,0.4269816861856586,0.24665124325621823,1.6648356098932198,0.39473684210526316,0.007032661757051642,0.517682188329625,0.06406850616807536,1.9546576763127086,0.3799486816808604,0.01927568287549497,13799.486816808587
H4,10,5.0,W1,120,short,0.0,60,4.43982982171799,-0.09149453138301164,0.13317586801519243,0.8944021935186989,0.3333333333333333,-0.0011015102733857149,-0.03273161810213434,0.05909023609339448,0.9589249223032482,-0.010336185302875944,-0.0007685331810737273,9896.638146971236
H4,10,5.0,W1,120,short,1.0,60,4.43982982171799,-0.09149453138301164,0.13317586801519243,0.8944021935186989,0.3333333333333333,-0.0011015102733857149,-0.03273161810213434,0.05909023609339448,0.9589249223032482,-0.010336185302875944,-0.0007685331810737273,9896.638146971236
H4,10,2.5,none,0,both,0.0,740,34.23062310030395,0.6428382202736237,0.19176205107897548,1.4328977548095572,0.40135135135135136,0.0026898807666913193,0.6316820032415337,0.1495531664751445,1.5028079054425896,2.5897093318397677,0.06090307856449595,35897.093318397674
H4,10,2.5,none,0,both,1.0,740,34.23062310030395,0.6428382202736237,0.19176205107897548,1.4328977548095572,0.40135135135135136,0.0026898807666913193,0.6316820032415337,0.1495531664751445,1.5028079054425896,2.5897093318397677,0.06090307856449595,35897.093318397674
H4,10,2.5,none,0,long,0.0,653,30.206212006079028,0.7865655734818132,0.14771188072354324,1.6030524081815953,0.41807044410413474,0.0035904511102130944,0.7604428322604269,0.12331780276037518,1.6710156558351958,3.301518183214813,0.06981780427565765,43015.181832148184
H4,10,2.5,none,0,long,1.0,653,30.206212006079028,0.7865655734818132,0.14771188072354324,1.6030524081815953,0.41807044410413474,0.0035904511102130944,0.7604428322604269,0.12331780276037518,1.6710156558351958,3.301518183214813,0.06981780427565765,43015.181832148184
H4,10,2.5,none,0,short,0.0,654,30.248638723565907,-0.1513921806280957,0.41178305290933837,0.9240909251100705,0.345565749235474,-0.0005260511661146606,-0.12212484040854482,0.3084930444017494,0.9372016120953838,-0.1942944024989225,-0.009942326260733103,8057.055975010765
H4,10,2.5,none,0,short,1.0,654,30.248638723565907,-0.1513921806280957,0.41178305290933837,0.9240909251100705,0.345565749235474,-0.0005260511661146606,-0.12212484040854482,0.3084930444017494,0.9372016120953838,-0.1942944024989225,-0.009942326260733103,8057.055975010765
H4,10,2.5,D1,20,both,0.0,349,16.43954733041011,0.5715250125507003,0.1220103521354261,1.5318726093245252,0.3982808022922636,0.00309441372290897,0.5653414080197667,0.09843183511481501,1.5487184715343365,0.915356859362715,0.03108695704926201,19153.568593627195
H4,10,2.5,D1,20,both,1.0,349,16.43954733041011,0.5715250125507003,0.1220103521354261,1.5318726093245252,0.3982808022922636,0.00309441372290897,0.5653414080197667,0.09843183511481501,1.5487184715343365,0.915356859362715,0.03108695704926201,19153.568593627195
H4,10,2.5,D1,20,long,0.0,214,10.101253553889894,0.6210445839397559,0.09553876789244842,1.7754409991697435,0.43457943925233644,0.0042073588233885436,0.6704217897029392,0.06788867824839795,1.8873168017913038,0.8564122807303527,0.02963193144673304,18564.122807303545
H4,10,2.5,D1,20,long,1.0,214,10.101253553889894,0.6210445839397559,0.09553876789244842,1.7754409991697435,0.43457943925233644,0.0042073588233885436,0.6704217897029392,0.06788867824839795,1.8873168017913038,0.8564122807303527,0.02963193144673304,18564.122807303545
H4,10,2.5,D1,20,short,0.0,183,8.635755813953487,0.14673047102845277,0.158334519990315,1.1667958928608186,0.33879781420765026,0.001036275648370043,0.10530777874251153,0.10854796665063138,1.117150328331339,0.07132573985909718,0.0032565299434819117,10713.257398590962
H4,10,2.5,D1,20,short,1.0,183,8.635755813953487,0.14673047102845277,0.158334519990315,1.1667958928608186,0.33879781420765026,0.001036275648370043,0.10530777874251153,0.10854796665063138,1.117150328331339,0.07132573985909718,0.0032565299434819117,10713.257398590962
H4,10,2.5,D1,32,both,0.0,399,18.775412264880185,0.41668318464557635,0.18275067537669332,1.332074931928772,0.38596491228070173,0.0020066637791841084,0.41762582623204286,0.11898721648119703,1.3221822680168307,0.5683554841701708,0.02140239098724872,15683.554841701705
H4,10,2.5,D1,32,both,1.0,399,18.775412264880185,0.41668318464557635,0.18275067537669332,1.332074931928772,0.38596491228070173,0.0020066637791841084,0.41762582623204286,0.11898721648119703,1.3221822680168307,0.5683554841701708,0.02140239098724872,15683.554841701705
H4,10,2.5,D1,32,long,0.0,235,11.103978007761967,0.5188331682333265,0.13958597431641317,1.5893143746781435,0.425531914893617,0.0034188857434309097,0.5330460963372844,0.08572182220353441,1.568392427718508,0.5714331718326311,0.02158656423578531,15714.331718326308
H4,10,2.5,D1,32,long,1.0,235,11.103978007761967,0.5188331682333265,0.13958597431641317,1.5893143746781435,0.425531914893617,0.0034188857434309097,0.5330460963372844,0.08572182220353441,1.568392427718508,0.5714331718326311,0.02158656423578531,15714.331718326308
H4,10,2.5,D1,32,short,0.0,187,8.831361520558573,0.03708256283339523,0.13800012163097974,1.0376237022910306,0.3422459893048128,0.00023166990784670468,0.04899841838404961,0.11378399764992797,1.051260863114939,0.024135500542659116,0.0011269326453713369,10241.355005426569
H4,10,2.5,D1,32,short,1.0,187,8.831361520558573,0.03708256283339523,0.13800012163097974,1.0376237022910306,0.3422459893048128,0.00023166990784670468,0.04899841838404961,0.11378399764992797,1.051260863114939,0.024135500542659116,0.0011269326453713369,10241.355005426569
H4,10,2.5,D1,50,both,0.0,441,20.810755813953488,0.2578263092816693,0.30236904493769323,1.1798809859357002,0.3786848072562358,0.0011676409269518572,0.2662052608432439,0.18528060048409856,1.1891861594025117,0.35733181844285555,0.01452193991587225,13573.318184428595
H4,10,2.5,D1,50,both,1.0,441,20.810755813953488,0.2578263092816693,0.30236904493769323,1.1798809859357002,0.3786848072562358,0.0011676409269518572,0.2662052608432439,0.18528060048409856,1.1891861594025117,0.35733181844285555,0.01452193991587225,13573.318184428595
H4,10,2.5,D1,50,long,0.0,251,11.844670542635658,0.5036690038475113,0.2334189326734617,1.5356184273923768,0.41434262948207173,0.0032170565073831453,0.5093572664890984,0.15462356327823623,1.5712607405895824,0.6909457294196015,0.025098083108259006,16909.45729419603
H4,10,2.5,D1,50,long,1.0,251,11.844670542635658,0.5036690038475113,0.2334189326734617,1.5356184273923768,0.41434262948207173,0.0032170565073831453,0.5093572664890984,0.15462356327823623,1.5712607405895824,0.6909457294196015,0.025098083108259006,16909.45729419603
H4,10,2.5,D1,50,short,0.0,211,10.101946519858435,-0.2596683453113748,0.2890963492599584,0.7903431593708955,0.32701421800947866,-0.0015022721375599953,-0.18756011470667985,0.1887293432774012,0.8395295522700763,-0.14562478817241586,-0.00750672101774752,8543.752118275817
H4,10,2.5,D1,50,short,1.0,211,10.101946519858435,-0.2596683453113748,0.2890963492599584,0.7903431593708955,0.32701421800947866,-0.0015022721375599953,-0.18756011470667985,0.1887293432774012,0.8395295522700763,-0.14562478817241586,-0.00750672101774752,8543.752118275817
H4,10,2.5,D1,80,both,0.0,474,22.643015956055457,0.30111092276694007,0.2671352789209518,1.1998509928347927,0.3818565400843882,0.001305464861638268,0.46860197824739014,0.13591887801060287,1.350953361525839,0.8377915143221737,0.029497867895416086,18377.91514322174
H4,10,2.5,D1,80,both,1.0,474,22.643015956055457,0.30111092276694007,0.2671352789209518,1.1998509928347927,0.3818565400843882,0.001305464861638268,0.46860197824739014,0.13591887801060287,1.350953361525839,0.8377915143221737,0.029497867895416086,18377.91514322174
H4,10,2.5,D1,80,long,0.0,264,12.754761904761905,0.4750840468738701,0.13729193963293873,1.4619367419339118,0.42424242424242425,0.0029260885683874355,0.6019423039677222,0.0648280874225482,1.6716696163605664,0.898374665773557,0.03145337949232263,18983.746657735574
H4,10,2.5,D1,80,long,1.0,264,12.754761904761905,0.4750840468738701,0.13729193963293873,1.4619367419339118,0.42424242424242425,0.0029260885683874355,0.6019423039677222,0.0648280874225482,1.6716696163605664,0.898374665773557,0.03145337949232263,18983.746657735574
H4,10,2.5,D1,80,short,0.0,220,10.509416688464558,-0.08017827825852228,0.23338142981301624,0.9301636603506377,0.33181818181818185,-0.00046607411731697755,0.04926485173313209,0.14501464904632488,1.0476708574874827,0.025409983090173727,0.001199390092221364,10254.09983090172
H4,10,2.5,D1,80,short,1.0,220,10.509416688464558,-0.08017827825852228,0.23338142981301624,0.9301636603506377,0.33181818181818185,-0.00046607411731697755,0.04926485173313209,0.14501464904632488,1.0476708574874827,0.025409983090173727,0.001199390092221364,10254.09983090172
H4,10,2.5,D1,120,both,0.0,506,24.40143913387906,0.45462499916848603,0.16265249125730674,1.3075968234771493,0.39920948616600793,0.0019326536224670992,0.5625305340854325,0.12151100244255908,1.3995708866874643,1.0841040640690451,0.036047409410220776,20841.04064069046
H4,10,2.5,D1,120,both,1.0,506,24.40143913387906,0.45462499916848603,0.16265249125730674,1.3075968234771493,0.39920948616600793,0.0019326536224670992,0.5625305340854325,0.12151100244255908,1.3995708866874643,1.0841040640690451,0.036047409410220776,20841.04064069046
H4,10,2.5,D1,120,long,0.0,290,13.990556069211465,0.6418159514331814,0.12194230254227112,1.6330431570265176,0.46206896551724136,0.0037874267340958553,0.7477136566096899,0.07566485044772153,1.8241033566873923,1.2603569524486464,0.04012771218946343,22603.56952448648
H4,10,2.5,D1,120,long,1.0,290,13.990556069211465,0.6418159514331814,0.12194230254227112,1.6330431570265176,0.46206896551724136,0.0037874267340958553,0.7477136566096899,0.07566485044772153,1.8241033566873923,1.2603569524486464,0.04012771218946343,22603.56952448648
H4,10,2.5,D1,120,short,0.0,228,11.217268318965518,0.00360773483870353,0.20279323323861187,1.003205689938949,0.32894736842105265,2.0957348519371067e-05,0.051213928812759026,0.16017487542334607,1.0457733318091404,0.026358294709315944,0.00128081321812612,10263.582947093153
H4,10,2.5,D1,120,short,1.0,228,11.217268318965518,0.00360773483870353,0.20279323323861187,1.003205689938949,0.32894736842105265,2.0957348519371067e-05,0.051213928812759026,0.16017487542334607,1.0457733318091404,0.026358294709315944,0.00128081321812612,10263.582947093153
H4,10,2.5,W1,20,both,0.0,575,27.597733245729305,0.40068562175513933,0.23685322946946796,1.2671150185969686,0.3982608695652174,0.001708847609316145,0.4565440979264552,0.19822005438728174,1.285839824100085,0.8359766242728399,0.029590633168832037,18359.766242728398
H4,10,2.5,W1,20,both,1.0,575,27.597733245729305,0.40068562175513933,0.23685322946946796,1.2671150185969686,0.3982608695652174,0.001708847609316145,0.4565440979264552,0.19822005438728174,1.285839824100085,0.8359766242728399,0.029590633168832037,18359.766242728398
H4,10,2.5,W1,20,long,0.0,344,16.510643889618922,0.6267755311749361,0.14831053164917363,1.6946298869628247,0.4418604651162791,0.0044527370450239195,0.6440617087619999,0.12066707946130395,1.8930273597983374,1.9508740827452011,0.05330896334008073,29508.740827452024
H4,10,2.5,W1,20,long,1.0,344,16.510643889618922,0.6267755311749361,0.14831053164917363,1.6946298869628247,0.4418604651162791,0.0044527370450239195,0.6440617087619999,0.12066707946130395,1.8930273597983374,1.9508740827452011,0.05330896334008073,29508.740827452024
H4,10,2.5,W1,20,short,0.0,276,13.544135429262393,-0.06871190961033749,0.2648100192548042,0.9463618701802888,0.34782608695652173,-0.0003489421612256613,-0.04567284240965246,0.19235203870468442,0.9654812794804392,-0.054811615321367024,-0.0027624699573942646,9451.883846786315
H4,10,2.5,W1,20,short,1.0,276,13.544135429262393,-0.06871190961033749,0.2648100192548042,0.9463618701802888,0.34782608695652173,-0.0003489421612256613,-0.04567284240965246,0.19235203870468442,0.9654812794804392,-0.054811615321367024,-0.0027624699573942646,9451.883846786315
H4,10,2.5,W1,32,both,0.0,562,27.5864131165166,0.46059140726459524,0.25397208822446893,1.3137079903472535,0.398576512455516,0.0020347027099082426,0.5890335318570026,0.12023979299098186,1.412952543821037,1.3547950197513385,0.04293620486735361,23547.950197513386
H4,10,2.5,W1,32,both,1.0,562,27.5864131165166,0.46059140726459524,0.25397208822446893,1.3137079903472535,0.398576512455516,0.0020347027099082426,0.5890335318570026,0.12023979299098186,1.412952543821037,1.3547950197513385,0.04293620486735361,23547.950197513386
H4,10,2.5,W1,32,long,0.0,347,17.032892084397258,0.6028812932632178,0.19349628088860393,1.5908872045729376,0.4265129682997118,0.003734161631495969,0.6961952601412669,0.11628943655301094,1.6889367851293462,1.3616121145195694,0.0430842062658392,23616.121145195688
H4,10,2.5,W1,32,long,1.0,347,17.032892084397258,0.6028812932632178,0.19349628088860393,1.5908872045729376,0.4265129682997118,0.003734161631495969,0.6961952601412669,0.11628943655301094,1.6889367851293462,1.3616121145195694,0.0430842062658392,23616.121145195688
H4,10,2.5,W1,32,short,0.0,264,13.56775010552976,0.009144625901721206,0.21426765974314688,1.00743781151307,0.36742424242424243,4.848704083031971e-05,0.12218293189200577,0.15982708316189054,1.1089690371870962,0.10070611622528292,0.004943433839290412,11007.061162252827
H4,10,2.5,W1,32,short,1.0,264,13.56775010552976,0.009144625901721206,0.21426765974314688,1.00743781151307,0.36742424242424243,4.848704083031971e-05,0.12218293189200577,0.15982708316189054,1.1089690371870962,0.10070611622528292,0.004943433839290412,11007.061162252827
H4,10,2.5,W1,50,both,0.0,551,27.98675427617856,0.5796539389064913,0.2488290980853759,1.4532325041264822,0.40834845735027225,0.002792037768382383,0.6232082002383736,0.1515051139420992,1.5643714918903622,2.0567638003026607,0.05839490501514333,30567.638003026677
H4,10,2.5,W1,50,both,1.0,551,27.98675427617856,0.5796539389064913,0.2488290980853759,1.4532325041264822,0.40834845735027225,0.002792037768382383,0.6232082002383736,0.1515051139420992,1.5643714918903622,2.0567638003026607,0.05839490501514333,30567.638003026677
H4,10,2.5,W1,50,long,0.0,363,18.43773466833542,0.5814022277319758,0.19129998332632514,1.6202249020930541,0.4214876033057851,0.0036649620535053108,0.5971336747018998,0.13278160252987914,1.808301184392886,1.799788874347164,0.053684718050792224,27997.888743471645
H4,10,2.5,W1,50,long,1.0,363,18.43773466833542,0.5814022277319758,0.19129998332632514,1.6202249020930541,0.4214876033057851,0.0036649620535053108,0.5971336747018998,0.13278160252987914,1.808301184392886,1.799788874347164,0.053684718050792224,27997.888743471645
H4,10,2.5,W1,50,short,0.0,233,12.16977691977692,0.26815479291592814,0.1555421229756362,1.2711138966525564,0.39914163090128757,0.0016982185520519142,0.2871192700718444,0.13035740211484215,1.2907872265365505,0.27938429553308985,0.012951726213671133,12793.84295533089
H4,10,2.5,W1,50,short,1.0,233,12.16977691977692,0.26815479291592814,0.1555421229756362,1.2711138966525564,0.39914163090128757,0.0016982185520519142,0.2871192700718444,0.13035740211484215,1.2907872265365505,0.27938429553308985,0.012951726213671133,12793.84295533089
H4,10,2.5,W1,80,both,0.0,534,28.878220313888068,0.4836698924684761,0.242842517594117,1.3648853129618752,0.38202247191011235,0.0022454588272594754,0.522897223179357,0.1805665419126219,1.4607556840006413,1.4851618960654345,0.05046215688653599,24851.618960654392
H4,10,2.5,W1,80,both,1.0,534,28.878220313888068,0.4836698924684761,0.242842517594117,1.3648853129618752,0.38202247191011235,0.0022454588272594754,0.522897223179357,0.1805665419126219,1.4607556840006413,1.4851618960654345,0.05046215688653599,24851.618960654392
H4,10,2.5,W1,80,long,0.0,346,18.711356233343203,0.6407051997557528,0.18042342003584655,1.7205340753852072,0.41040462427745666,0.004029204864486475,0.6469810535781887,0.14491049292589708,1.823624759859553,1.7106833692944567,0.05540827697524908,27106.833692944576
H4,10,2.5,W1,80,long,1.0,346,18.711356233343203,0.6407051997557528,0.18042342003584655,1.7205340753852072,0.41040462427745666,0.004029204864486475,0.6469810535781887,0.14491049292589708,1.823624759859553,1.7106833692944567,0.05540827697524908,27106.833692944576
H4,10,2.5,W1,80,short,0.0,204,12.857808455565142,-0.1100979464832244,0.2532381589101136,0.9098818846289776,0.3333333333333333,-0.0006384332872271029,-0.12364935852080387,0.13557223343954072,0.9036846553771832,-0.095380106192821,-0.006298084636704004,9046.198938071773
H4,10,2.5,W1,80,short,1.0,204,12.857808455565142,-0.1100979464832244,0.2532381589101136,0.9098818846289776,0.3333333333333333,-0.0006384332872271029,-0.12364935852080387,0.13557223343954072,0.9036846553771832,-0.095380106192821,-0.006298084636704004,9046.198938071773
H4,10,2.5,W1,120,both,0.0,493,29.001167659848605,0.5846185372249345,0.25161709810517197,1.4603512423264193,0.3935091277890467,0.00268016255999641,0.6377443283779255,0.2033232103252689,1.594082633360182,1.9301743284870585,0.06528405581662566,29301.743284870598
H4,10,2.5,W1,120,both,1.0,493,29.001167659848605,0.5846185372249345,0.25161709810517197,1.4603512423264193,0.3935091277890467,0.00268016255999641,0.6377443283779255,0.2033232103252689,1.594082633360182,1.9301743284870585,0.06528405581662566,29301.743284870598
H4,10,2.5,W1,120,long,0.0,329,19.391197353558173,0.6931897847909587,0.16854761232478555,1.7708767230143514,0.42857142857142855,0.004266450949223026,0.6744989708857086,0.11647146645096174,1.9197843424532934,1.8690506171064132,0.06409157083688566,28690.506171064124
H4,10,2.5,W1,120,long,1.0,329,19.391197353558173,0.6931897847909587,0.16854761232478555,1.7708767230143514,0.42857142857142855,0.004266450949223026,0.6744989708857086,0.11647146645096174,1.9197843424532934,1.8690506171064132,0.06409157083688566,28690.506171064124
H4,10,2.5,W1,120,short,0.0,181,12.539880500758725,-0.07875154950708262,0.2117489145601389,0.935837363454935,0.3259668508287293,-0.0004042318764398933,0.07895289552413343,0.15795051015190442,1.0724186768983888,0.04111846595514601,0.0027956231350272365,10411.184659551473
H4,10,2.5,W1,120,short,1.0,181,12.539880500758725,-0.07875154950708262,0.2117489145601389,0.935837363454935,0.3259668508287293,-0.0004042318764398933,0.07895289552413343,0.15795051015190442,1.0724186768983888,0.04111846595514601,0.0027956231350272365,10411.184659551473
H4,10,2.0,none,0,both,0.0,1052,48.65683170824364,0.5487687789026833,0.26867953364347996,1.287342632001966,0.38022813688212925,0.0015415160778181078,0.5414939236486512,0.20641472146637907,1.3161832950687442,2.1947568363247156,0.05519111806806176,31947.568363247065
H4,10,2.0,none,0,both,1.0,1052,48.65683170824364,0.5487687789026833,0.26867953364347996,1.287342632001966,0.38022813688212925,0.0015415160778181078,0.5414939236486512,0.20641472146637907,1.3161832950687442,2.1947568363247156,0.05519111806806176,31947.568363247065
H4,10,2.0,none,0,long,0.0,909,42.048157294832826,0.7770014774673618,0.27109527998264715,1.4687466819828574,0.39823982398239827,0.0024226179001875783,0.7649893849025085,0.19523585699723023,1.5310971255519255,3.620044029090889,0.07335882980996566,46200.44029090887
H4,10,2.0,none,0,long,1.0,909,42.048157294832826,0.7770014774673618,0.27109527998264715,1.4687466819828574,0.39823982398239827,0.0024226179001875783,0.7649893849025085,0.19523585699723023,1.5310971255519255,3.620044029090889,0.07335882980996566,46200.44029090887
H4,10,2.0,none,0,short,0.0,910,42.08375538110914,-0.07847682030237342,0.3701379636791883,0.9645524411895,0.34065934065934067,-0.0002028898522188585,-0.06008787404204737,0.30848165909154635,0.9724033570729999,-0.1630465266808523,-0.008197373756041237,8369.53473319153
H4,10,2.0,none,0,short,1.0,910,42.08375538110914,-0.07847682030237342,0.3701379636791883,0.9645524411895,0.34065934065934067,-0.0002028898522188585,-0.06008787404204737,0.30848165909154635,0.9724033570729999,-0.1630465266808523,-0.008197373756041237,8369.53473319153
H4,10,2.0,D1,20,both,0.0,572,26.651741293532336,0.46210838132360677,0.15429862774480707,1.3201571499594844,0.3811188811188811,0.0017291518909283445,0.5580374805048406,0.100612036184211,1.414015416558263,1.2626300275324045,0.038778248216272626,22626.30027532407
H4,10,2.0,D1,20,both,1.0,572,26.651741293532336,0.46210838132360677,0.15429862774480707,1.3201571499594844,0.3811188811188811,0.0017291518909283445,0.5580374805048406,0.100612036184211,1.414015416558263,1.2626300275324045,0.038778248216272626,22626.30027532407
H4,10,2.0,D1,20,long,0.0,337,15.702162265595101,0.5782255918322913,0.13815342125200136,1.573543570984936,0.4065281899109792,0.0029042461786935063,0.6632536469441888,0.08456605291665042,1.6914254209509398,1.244153125369833,0.03838145487652023,22441.53125369834
H4,10,2.0,D1,20,long,1.0,337,15.702162265595101,0.5782255918322913,0.13815342125200136,1.573543570984936,0.4065281899109792,0.0029042461786935063,0.6632536469441888,0.08456605291665042,1.6914254209509398,1.244153125369833,0.03838145487652023,22441.53125369834
H4,10,2.0,D1,20,short,0.0,298,14.062596899224806,-0.023401682282371775,0.20965866664233102,0.9810862957654773,0.3389261744966443,-0.00010855942816895095,0.059989364601876184,0.1510906304284806,1.0533056782616421,0.03923395088065895,0.0018177002015336008,10392.339508806597
H4,10,2.0,D1,20,short,1.0,298,14.062596899224806,-0.023401682282371775,0.20965866664233102,0.9810862957654773,0.3389261744966443,-0.00010855942816895095,0.059989364601876184,0.1510906304284806,1.0533056782616421,0.03923395088065895,0.0018177002015336008,10392.339508806597
H4,10,2.0,D1,32,both,0.0,654,30.550390075457223,0.4659905135143954,0.2692455028566044,1.297480037453355,0.38685015290519875,0.0015623573926492735,0.5343747944669721,0.17447931769318736,1.3523544545313477,1.2152302368442607,0.037852410210512666,22152.302368442608
H4,10,2.0,D1,32,both,1.0,654,30.550390075457223,0.4659905135143954,0.2692455028566044,1.297480037453355,0.38685015290519875,0.0015623573926492735,0.5343747944669721,0.17447931769318736,1.3523544545313477,1.2152302368442607,0.037852410210512666,22152.302368442608
H4,10,2.0,D1,32,long,0.0,379,17.751955629648627,0.6538137327177675,0.14327655253003102,1.629730160477732,0.41160949868073876,0.0030649341029642756,0.6847092639874496,0.11306397594388495,1.650269787884644,1.3053699184165164,0.03989713983455179,23053.699184165154
H4,10,2.0,D1,32,long,1.0,379,17.751955629648627,0.6538137327177675,0.14327655253003102,1.629730160477732,0.41160949868073876,0.0030649341029642756,0.6847092639874496,0.11306397594388495,1.650269787884644,1.3053699184165164,0.03989713983455179,23053.699184165154
H4,10,2.0,D1,32,short,0.0,310,14.5742695327584,-0.04649723650431273,0.21720340048878317,0.9640064140502174,0.35161290322580646,-0.00020312122659679415,0.0532742807377036,0.15841595019271892,1.0447712095306003,0.03139870944313561,0.0014545276092088333,10313.987094431357
H4,10,2.0,D1,32,short,1.0,310,14.5742695327584,-0.04649723650431273,0.21720340048878317,0.9640064140502174,0.35161290322580646,-0.00020312122659679415,0.0532742807377036,0.15841595019271892,1.0447712095306003,0.03139870944313561,0.0014545276092088333,10313.987094431357
H4,10,2.0,D1,50,both,0.0,697,32.734891346277486,0.3046425843155805,0.34523062510860114,1.1777477559304148,0.36585365853658536,0.0009844467985915782,0.36961773387653807,0.23767467198149617,1.2193174789321808,0.7537350767266879,0.02673382303975891,17537.350767266846
H4,10,2.0,D1,50,both,1.0,697,32.734891346277486,0.3046425843155805,0.34523062510860114,1.1777477559304148,0.36585365853658536,0.0009844467985915782,0.36961773387653807,0.23767467198149617,1.2193174789321808,0.7537350767266879,0.02673382303975891,17537.350767266846
H4,10,2.0,D1,50,long,0.0,396,18.5983026874116,0.60860355197818,0.19864903420088686,1.558114109896301,0.398989898989899,0.002801493145242705,0.6283644154611153,0.14334562502747583,1.5794171806277626,1.2728091077836368,0.039312440879569754,22728.09107783636
H4,10,2.0,D1,50,long,1.0,396,18.5983026874116,0.60860355197818,0.19864903420088686,1.558114109896301,0.398989898989899,0.002801493145242705,0.6283644154611153,0.14334562502747583,1.5794171806277626,1.2728091077836368,0.039312440879569754,22728.09107783636
H4,10,2.0,D1,50,short,0.0,325,15.488811325678498,-0.21442129577659844,0.30285741243058917,0.8504726192306403,0.3292307692307692,-0.0008901672339756356,-0.10913511695741059,0.2488783629145913,0.917085094993381,-0.13326566623322023,-0.006792984775299771,8667.343337667799
H4,10,2.0,D1,50,short,1.0,325,15.488811325678498,-0.21442129577659844,0.30285741243058917,0.8504726192306403,0.3292307692307692,-0.0008901672339756356,-0.10913511695741059,0.2488783629145913,0.917085094993381,-0.13326566623322023,-0.006792984775299771,8667.343337667799
H4,10,2.0,D1,80,both,0.0,724,34.53133977539827,0.27066374715378094,0.26378072243732054,1.1405748069418031,0.3839779005524862,0.0007670491357539333,0.4012994469678376,0.2116299777159628,1.2245536282215448,0.7786305778448541,0.027845633485318988,17786.30577844852
H4,10,2.0,D1,80,both,1.0,724,34.53133977539827,0.27066374715378094,0.26378072243732054,1.1405748069418031,0.3839779005524862,0.0007670491357539333,0.4012994469678376,0.2116299777159628,1.2245536282215448,0.7786305778448541,0.027845633485318988,17786.30577844852
H4,10,2.0,D1,80,long,0.0,408,19.701480698043365,0.5219901083028923,0.18433079476265746,1.388818674736397,0.4117647058823529,0.0020395957484915586,0.5755409032171441,0.14036244184497404,1.4582771966508041,1.01423619466187,0.03439131493838099,20142.36194661867
H4,10,2.0,D1,80,long,1.0,408,19.701480698043365,0.5219901083028923,0.18433079476265746,1.388818674736397,0.4117647058823529,0.0020395957484915586,0.5755409032171441,0.14036244184497404,1.4582771966508041,1.01423619466187,0.03439131493838099,20142.36194661867
H4,10,2.0,D1,80,short,0.0,337,16.073289370592843,-0.09305889623788685,0.2356794141334536,0.9330407466092611,0.35014836795252224,-0.00037790431695213547,0.02652065478315712,0.1589848672894284,1.0199936220649437,0.002468545838343994,0.00011759967091440338,10024.685458383447
H4,10,2.0,D1,80,short,1.0,337,16.073289370592843,-0.09305889623788685,0.2356794141334536,0.9330407466092611,0.35014836795252224,-0.00037790431695213547,0.02652065478315712,0.1589848672894284,1.0199936220649437,0.002468545838343994,0.00011759967091440338,10024.685458383447
H4,10,2.0,D1,120,both,0.0,755,36.26084812623274,0.49992178561028827,0.16970671126245374,1.288498460793751,0.3827814569536424,0.0015602117193522851,0.6416588742962157,0.12112089085512368,1.392088048206473,1.7459939528607613,0.04971086811158809,27459.939528607498
H4,10,2.0,D1,120,both,1.0,755,36.26084812623274,0.49992178561028827,0.16970671126245374,1.288498460793751,0.3827814569536424,0.0015602117193522851,0.6416588742962157,0.12112089085512368,1.392088048206473,1.7459939528607613,0.04971086811158809,27459.939528607498
H4,10,2.0,D1,120,long,0.0,429,20.60926607917927,0.6954630123867742,0.13675675111755525,1.6042240450906071,0.42424242424242425,0.003103577798736151,0.7739596541353302,0.09977620760396544,1.695940862738274,1.7801563592309848,0.05034795743358389,27801.563592309834
H4,10,2.0,D1,120,long,1.0,429,20.60926607917927,0.6954630123867742,0.13675675111755525,1.6042240450906071,0.42424242424242425,0.003103577798736151,0.7739596541353302,0.09977620760396544,1.695940862738274,1.7801563592309848,0.05034795743358389,27801.563592309834
H4,10,2.0,D1,120,short,0.0,344,16.876561450638015,-0.09218738497012521,0.26917746975579604,0.9356218481011801,0.3313953488372093,-0.0003668779113200445,0.05831966799091131,0.17069448017686273,1.0442222375028272,0.03606176788958959,0.0017395401792907883,10360.6176788959
H4,10,2.0,D1,120,short,1.0,344,16.876561450638015,-0.09218738497012521,0.26917746975579604,0.9356218481011801,0.3313953488372093,-0.0003668779113200445,0.05831966799091131,0.17069448017686273,1.0442222375028272,0.03606176788958959,0.0017395401792907883,10360.6176788959
H4,10,2.0,W1,20,both,0.0,821,39.51380287257873,0.3742511252674068,0.2356735986787648,1.1907051496646763,0.37758830694275275,0.0010524588937674247,0.4928402474268773,0.19710341067204273,1.2493367878367394,1.0788813842444953,0.03584979645345299,20788.813842444975
H4,10,2.0,W1,20,both,1.0,821,39.51380287257873,0.3742511252674068,0.2356735986787648,1.1907051496646763,0.37758830694275275,0.0010524588937674247,0.4928402474268773,0.19710341067204273,1.2493367878367394,1.0788813842444953,0.03584979645345299,20788.813842444975
H4,10,2.0,W1,20,long,0.0,480,23.10185795229938,0.5745114534639723,0.16049418210542954,1.4100679296684062,0.4041666666666667,0.0022480362170757126,0.6387458761348059,0.15683484471598286,1.455049455754703,1.243241566964513,0.039650262972653394,22432.415669645135
H4,10,2.0,W1,20,long,1.0,480,23.10185795229938,0.5745114534639723,0.16049418210542954,1.4100679296684062,0.4041666666666667,0.0022480362170757126,0.6387458761348059,0.15683484471598286,1.455049455754703,1.243241566964513,0.039650262972653394,22432.415669645135
H4,10,2.0,W1,20,short,0.0,393,19.280490261920754,-0.1383059008842483,0.22261764884689028,0.9108491929075876,0.34096692111959287,-0.0005004585678809656,-0.01283234638316159,0.1460705517813926,0.9916020922127804,-0.04139053959335637,-0.002071682379537587,9586.094604066458
H4,10,2.0,W1,20,short,1.0,393,19.280490261920754,-0.1383059008842483,0.22261764884689028,0.9108491929075876,0.34096692111959287,-0.0005004585678809656,-0.01283234638316159,0.1460705517813926,0.9916020922127804,-0.04139053959335637,-0.002071682379537587,9586.094604066458
H4,10,2.0,W1,32,both,0.0,804,39.459957000806234,0.37196990402716296,0.2974918558196096,1.1988974631130873,0.3694029850746269,0.0011147880018320465,0.5110431142441249,0.23515634967274335,1.284000592629099,1.353124305564299,0.042893984483152625,23531.24305564303
H4,10,2.0,W1,32,both,1.0,804,39.459957000806234,0.37196990402716296,0.2974918558196096,1.1988974631130873,0.3694029850746269,0.0011147880018320465,0.5110431142441249,0.23515634967274335,1.284000592629099,1.353124305564299,0.042893984483152625,23531.24305564303
H4,10,2.0,W1,32,long,0.0,482,23.656342381080353,0.5796251805054297,0.25927573992429864,1.4439069236623463,0.3879668049792531,0.002419063991213172,0.6023578501101062,0.19910083739307827,1.4454763434438902,1.2932105731963648,0.04157470801005303,22932.105731963573
H4,10,2.0,W1,32,long,1.0,482,23.656342381080353,0.5796251805054297,0.25927573992429864,1.4439069236623463,0.3879668049792531,0.002419063991213172,0.6023578501101062,0.19910083739307827,1.4454763434438902,1.2932105731963648,0.04157470801005303,22932.105731963573
H4,10,2.0,W1,32,short,0.0,371,18.765787287079352,-0.14154912592092697,0.24531079862861416,0.905793041486685,0.3423180592991914,-0.0005409923731769015,0.04274943698227504,0.17413170893108687,1.0327096181740159,0.01587211643796671,0.0007968502063229188,10158.721164379636
H4,10,2.0,W1,32,short,1.0,371,18.765787287079352,-0.14154912592092697,0.24531079862861416,0.905793041486685,0.3423180592991914,-0.0005409923731769015,0.04274943698227504,0.17413170893108687,1.0327096181740159,0.01587211643796671,0.0007968502063229188,10158.721164379636
H4,10,2.0,W1,50,both,0.0,784,39.82144347100542,0.5703493851744713,0.24573157794652045,1.358245887513433,0.3737244897959184,0.0019182226069157685,0.6595141481793005,0.1755692614834068,1.4882492476007723,2.7476351345081023,0.06940610266916858,37476.351345080795
H4,10,2.0,W1,50,both,1.0,784,39.82144347100542,0.5703493851744713,0.24573157794652045,1.358245887513433,0.3737244897959184,0.0019182226069157685,0.6595141481793005,0.1755692614834068,1.4882492476007723,2.7476351345081023,0.06940610266916858,37476.351345080795
H4,10,2.0,W1,50,long,0.0,500,25.396328744263666,0.6308690582929671,0.17552335117613216,1.54431128549012,0.398,0.0027509117385543834,0.6571130636170432,0.13456788873850123,1.6349801862314075,2.158633309652763,0.060158726073558544,31586.3330965275
H4,10,2.0,W1,50,long,1.0,500,25.396328744263666,0.6308690582929671,0.17552335117613216,1.54431128549012,0.398,0.0027509117385543834,0.6571130636170432,0.13456788873850123,1.6349801862314075,2.158633309652763,0.060158726073558544,31586.3330965275
H4,10,2.0,W1,50,short,0.0,335,17.477324667904586,0.08268720135226362,0.18430337779606532,1.065587801245607,0.34328358208955223,0.00037080264325590605,0.19816298876962438,0.14713602127809344,1.1701958439794298,0.21848672164462912,0.010362845075342797,12184.86721644627
H4,10,2.0,W1,50,short,1.0,335,17.477324667904586,0.08268720135226362,0.18430337779606532,1.065587801245607,0.34328358208955223,0.00037080264325590605,0.19816298876962438,0.14713602127809344,1.1701958439794298,0.21848672164462912,0.010362845075342797,12184.86721644627
H4,10,2.0,W1,80,both,0.0,751,40.511408949933546,0.5683879208329119,0.24710443149176264,1.356569876464655,0.3821571238348868,0.0018666479949360564,0.6440836743444993,0.1656257512143423,1.4563226307029253,2.456092771905459,0.06918551554511243,34560.927719054525
H4,10,2.0,W1,80,both,1.0,751,40.511408949933546,0.5683879208329119,0.24710443149176264,1.356569876464655,0.3821571238348868,0.0018666479949360564,0.6440836743444993,0.1656257512143423,1.4563226307029253,2.456092771905459,0.06918551554511243,34560.927719054525
H4,10,2.0,W1,80,long,0.0,481,26.00048098268462,0.7049044409960772,0.1831901842225132,1.6298670221544356,0.40332640332640335,0.003076900488896209,0.6940054398249668,0.1538190314001613,1.7029471710550812,2.439713068678409,0.06905915597679657,34397.13068678402
H4,10,2.0,W1,80,long,1.0,481,26.00048098268462,0.7049044409960772,0.1831901842225132,1.6298670221544356,0.40332640332640335,0.003076900488896209,0.6940054398249668,0.1538190314001613,1.7029471710550812,2.439713068678409,0.06905915597679657,34397.13068678402
H4,10,2.0,W1,80,short,0.0,289,17.330036118863898,-0.04082149173555803,0.24017557509914966,0.9695529571520058,0.34256055363321797,-0.00017557088683737226,0.06648814644886678,0.0993208330251395,1.0504544884859341,0.03743742180079579,0.002206382626427583,10374.374218007953
H4,10,2.0,W1,80,short,1.0,289,17.330036118863898,-0.04082149173555803,0.24017557509914966,0.9695529571520058,0.34256055363321797,-0.00017557088683737226,0.06648814644886678,0.0993208330251395,1.0504544884859341,0.03743742180079579,0.002206382626427583,10374.374218007953
H4,10,2.0,W1,120,both,0.0,690,40.583333333333336,0.672767219183751,0.19367848372024032,1.4439788050557172,0.3681159420289855,0.0022272482495685193,0.7478251636226207,0.1619426851657405,1.5569931815812519,2.938468307428243,0.08396441907414665,39384.68307428232
H4,10,2.0,W1,120,both,1.0,690,40.583333333333336,0.672767219183751,0.19367848372024032,1.4439788050557172,0.3681159420289855,0.0022272482495685193,0.7478251636226207,0.1619426851657405,1.5569931815812519,2.938468307428243,0.08396441907414665,39384.68307428232
H4,10,2.0,W1,120,long,0.0,450,26.522914313377438,0.760249474409239,0.21510988602380177,1.6906394302263936,0.39555555555555555,0.003368610865836139,0.7490364288743726,0.17248628509701958,1.7410048637848117,2.5477500846165464,0.07749217829801669,35477.50084616543
H4,10,2.0,W1,120,long,1.0,450,26.522914313377438,0.760249474409239,0.21510988602380177,1.6906394302263936,0.39555555555555555,0.003368610865836139,0.7490364288743726,0.17248628509701958,1.7410048637848117,2.5477500846165464,0.07749217829801669,35477.50084616543
H4,10,2.0,W1,120,short,0.0,256,17.73260003792907,0.0591077020816381,0.11494884325731591,1.0460597944558503,0.32421875,0.00023983849339435757,0.2431898162166649,0.10038391534605307,1.2188692441540636,0.23033975284749375,0.014462161322191802,12303.397528474916
H4,10,2.0,W1,120,short,1.0,256,17.73260003792907,0.0591077020816381,0.11494884325731591,1.0460597944558503,0.32421875,0.00023983849339435757,0.2431898162166649,0.10038391534605307,1.2188692441540636,0.23033975284749375,0.014462161322191802,12303.397528474916
H4,10,1.5,none,0,both,0.0,1641,75.88949734109902,0.519504271120316,0.26462713646168645,1.213172710708609,0.33698964046313223,0.0009129924142526763,0.6002635999839657,0.15349086266690004,1.2609217156732406,2.072593268977871,0.053283070139939825,30725.932689778707
H4,10,1.5,none,0,both,1.0,1641,75.88949734109902,0.519504271120316,0.26462713646168645,1.213172710708609,0.33698964046313223,0.0009129924142526763,0.6002635999839657,0.15349086266690004,1.2609217156732406,2.072593268977871,0.053283070139939825,30725.932689778707
H4,10,1.5,none,0,long,0.0,1367,63.218124841732084,0.6943576821740969,0.2941993363485854,1.3237621117796508,0.35405998536942207,0.0013710008574030553,0.7321190501765347,0.21704744696265788,1.3704089377301187,2.8900615689525915,0.06483681884914327,38900.615689525854
H4,10,1.5,none,0,long,1.0,1367,63.218124841732084,0.6943576821740969,0.2941993363485854,1.3237621117796508,0.35405998536942207,0.0013710008574030553,0.7321190501765347,0.21704744696265788,1.3704089377301187,2.8900615689525915,0.06483681884914327,38900.615689525854
H4,10,1.5,none,0,short,0.0,1368,63.25636156475503,0.018090551562767416,0.4342251302966105,1.007126355949001,0.30628654970760233,3.0917157734266386e-05,-0.007436516819769781,0.46837749591722966,0.997136092062277,-0.10373484896567409,-0.005051359823377233,8962.651510343281
H4,10,1.5,none,0,short,1.0,1368,63.25636156475503,0.018090551562767416,0.4342251302966105,1.007126355949001,0.30628654970760233,3.0917157734266386e-05,-0.007436516819769781,0.46837749591722966,0.997136092062277,-0.10373484896567409,-0.005051359823377233,8962.651510343281
H4,10,1.5,D1,20,both,0.0,1021,47.51181679194802,0.361254228339885,0.23271832398449643,1.1899923892293671,0.32125367286973555,0.0007990406757125183,0.4047617210150112,0.2081279286130382,1.2223538101398428,1.0168665151435894,0.033184843641530515,20168.6651514359
H4,10,1.5,D1,20,both,1.0,1021,47.51181679194802,0.361254228339885,0.23271832398449643,1.1899923892293671,0.32125367286973555,0.0007990406757125183,0.4047617210150112,0.2081279286130382,1.2223538101398428,1.0168665151435894,0.033184843641530515,20168.6651514359
H4,10,1.5,D1,20,long,0.0,603,28.06035800738948,0.5146433662588449,0.2250724068102622,1.393255516662725,0.3416252072968491,0.001623417205807229,0.5005404065899265,0.20612435161267106,1.4134477945911248,1.23056106309031,0.03803813376791676,22305.610630903117
H4,10,1.5,D1,20,long,1.0,603,28.06035800738948,0.5146433662588449,0.2250724068102622,1.393255516662725,0.3416252072968491,0.001623417205807229,0.5005404065899265,0.20612435161267106,1.4134477945911248,1.23056106309031,0.03803813376791676,22305.610630903117
H4,10,1.5,D1,20,short,0.0,511,24.05500064441294,-0.11546250002987403,0.24446923288358868,0.9305818459499926,0.2876712328767123,-0.000293850126524703,-0.03595557136334091,0.238116163399554,0.9772649862805819,-0.07840474192528568,-0.003836204070443383,9215.952580747164
H4,10,1.5,D1,20,short,1.0,511,24.05500064441294,-0.11546250002987403,0.24446923288358868,0.9305818459499926,0.2876712328767123,-0.000293850126524703,-0.03595557136334091,0.238116163399554,0.9772649862805819,-0.07840474192528568,-0.003836204070443383,9215.952580747164
H4,10,1.5,D1,32,both,0.0,1107,51.711440081851904,0.45111994810385986,0.254286860741166,1.225477717789247,0.33062330623306235,0.0009373172596574435,0.4813860556492597,0.19112686531962697,1.2545613760283567,1.2284876814882266,0.03814173107924845,22284.876814882155
H4,10,1.5,D1,32,both,1.0,1107,51.711440081851904,0.45111994810385986,0.254286860741166,1.225477717789247,0.33062330623306235,0.0009373172596574435,0.4813860556492597,0.19112686531962697,1.2545613760283567,1.2284876814882266,0.03814173107924845,22284.876814882155
H4,10,1.5,D1,32,long,0.0,654,30.609110712455152,0.5588282458496762,0.17213560155888785,1.3963788132392279,0.3577981651376147,0.0016214563031991189,0.5576720430197171,0.15660330002186273,1.4065521236851253,1.3001312382256445,0.039755148049064104,23001.312382256438
H4,10,1.5,D1,32,long,1.0,654,30.609110712455152,0.5588282458496762,0.17213560155888785,1.3963788132392279,0.3577981651376147,0.0016214563031991189,0.5576720430197171,0.15660330002186273,1.4065521236851253,1.3001312382256445,0.039755148049064104,23001.312382256438
H4,10,1.5,D1,32,short,0.0,521,24.544724622726687,0.040016164605979836,0.2535587466961041,1.0253231093905772,0.30134357005758156,0.00010485499471484375,0.15653127170305264,0.20663514140313488,1.1100132809678356,0.1833571400299192,0.00796289497114433,11833.571400299199
H4,10,1.5,D1,32,short,1.0,521,24.544724622726687,0.040016164605979836,0.2535587466961041,1.0253231093905772,0.30134357005758156,0.00010485499471484375,0.15653127170305264,0.20663514140313488,1.1100132809678356,0.1833571400299192,0.00796289497114433,11833.571400299199
H4,10,1.5,D1,50,both,0.0,1134,53.2519285163281,0.23038207796530766,0.38143613676493715,1.108067078036169,0.32098765432098764,0.0004594428512540572,0.27249879677255534,0.35096068374286415,1.1391149971855687,0.6341841882732027,0.023331826634543473,16341.841882731967
H4,10,1.5,D1,50,both,1.0,1134,53.2519285163281,0.23038207796530766,0.38143613676493715,1.108067078036169,0.32098765432098764,0.0004594428512540572,0.27249879677255534,0.35096068374286415,1.1391149971855687,0.6341841882732027,0.023331826634543473,16341.841882731967
H4,10,1.5,D1,50,long,0.0,655,30.758389046027254,0.3753629574133818,0.30066862465063304,1.2585290423672257,0.332824427480916,0.001092585999349877,0.3569264484036765,0.2958096878840284,1.2614940063654159,0.8031442326851967,0.028070814006932787,18031.442326851946
H4,10,1.5,D1,50,long,1.0,655,30.758389046027254,0.3753629574133818,0.30066862465063304,1.2585290423672257,0.332824427480916,0.001092585999349877,0.3569264484036765,0.2958096878840284,1.2614940063654159,0.8031442326851967,0.028070814006932787,18031.442326851946
H4,10,1.5,D1,50,short,0.0,527,25.11242661448141,-0.09771077704987961,0.3098401378004475,0.9437082687616847,0.2998102466793169,-0.00024010337327011884,0.008461044622657685,0.28518020072418493,1.0050578748836185,-0.02346800710481145,-0.0011309805290842245,9765.31992895189
H4,10,1.5,D1,50,short,1.0,527,25.11242661448141,-0.09771077704987961,0.3098401378004475,0.9437082687616847,0.2998102466793169,-0.00024010337327011884,0.008461044622657685,0.28518020072418493,1.0050578748836185,-0.02346800710481145,-0.0011309805290842245,9765.31992895189
H4,10,1.5,D1,80,both,0.0,1158,54.92267238021036,0.36887916490445954,0.21224113856716187,1.1757227168922595,0.33074265975820377,0.0007458779384547237,0.3923623597343119,0.15501276749192727,1.1949916145557513,0.9545673724068247,0.03229592623544186,19545.67372406817
H4,10,1.5,D1,80,both,1.0,1158,54.92267238021036,0.36887916490445954,0.21224113856716187,1.1757227168922595,0.33074265975820377,0.0007458779384547237,0.3923623597343119,0.15501276749192727,1.1949916145557513,0.9545673724068247,0.03229592623544186,19545.67372406817
H4,10,1.5,D1,80,long,0.0,645,30.823793013214704,0.516116476767446,0.1468384292025623,1.361729298565151,0.3550387596899225,0.0015724490906923717,0.5289443072323718,0.13742222768067835,1.3933085891049193,1.3769249480349344,0.04224384234835887,23769.249480349383
H4,10,1.5,D1,80,long,1.0,645,30.823793013214704,0.516116476767446,0.1468384292025623,1.361729298565151,0.3550387596899225,0.0015724490906923717,0.5289443072323718,0.13742222768067835,1.3933085891049193,1.3769249480349344,0.04224384234835887,23769.249480349383
H4,10,1.5,D1,80,short,0.0,549,26.18809585999739,0.06464103252715933,0.22142268875052085,1.0402124438995601,0.30418943533697634,0.00016462011533564192,0.10791536989046495,0.20483114855551376,1.0704272683007865,0.10735495245049465,0.00487616936534474,11073.549524504973
H4,10,1.5,D1,80,short,1.0,549,26.18809585999739,0.06464103252715933,0.22142268875052085,1.0402124438995601,0.30418943533697634,0.00016462011533564192,0.10791536989046495,0.20483114855551376,1.0704272683007865,0.10735495245049465,0.00487616936534474,11073.549524504973
H4,10,1.5,D1,120,both,0.0,1195,57.40809548862291,0.5388283447855657,0.18778231854507155,1.2628485063311283,0.34058577405857743,0.0010915488071315004,0.6534193556317194,0.1162619607440738,1.3458250797111084,2.0463115508000658,0.054971282523773146,30463.115508000537
H4,10,1.5,D1,120,both,1.0,1195,57.40809548862291,0.5388283447855657,0.18778231854507155,1.2628485063311283,0.34058577405857743,0.0010915488071315004,0.6534193556317194,0.1162619607440738,1.3458250797111084,2.0463115508000658,0.054971282523773146,30463.115508000537
H4,10,1.5,D1,120,long,0.0,674,32.37912666052874,0.6201923169989572,0.2113987081172395,1.4315198905667783,0.3649851632047478,0.0018266174822337,0.658036149344049,0.18391202990223,1.4976471857726001,1.846765076284389,0.051543309776454604,28467.650762843863
H4,10,1.5,D1,120,long,1.0,674,32.37912666052874,0.6201923169989572,0.2113987081172395,1.4315198905667783,0.3649851632047478,0.0018266174822337,0.658036149344049,0.18391202990223,1.4976471857726001,1.846765076284389,0.051543309776454604,28467.650762843863
H4,10,1.5,D1,120,short,0.0,547,27.002534126233275,0.06427029231378893,0.23501938044718795,1.040238231119539,0.30895795246800734,0.00016330472242719323,0.19392498112792786,0.22619464168289338,1.1303022608212905,0.23936245733037564,0.01064984861878382,12393.624573303774
H4,10,1.5,D1,120,short,1.0,547,27.002534126233275,0.06427029231378893,0.23501938044718795,1.040238231119539,0.30895795246800734,0.00016330472242719323,0.19392498112792786,0.22619464168289338,1.1303022608212905,0.23936245733037564,0.01064984861878382,12393.624573303774
H4,10,1.5,W1,20,both,0.0,1255,60.22713835238471,0.4327677659593286,0.20138002637331864,1.2003736402760654,0.3346613545816733,0.0008581132700610279,0.518010403044452,0.1828203970528156,1.2439092447636089,1.4975722715310762,0.044904965951495734,24975.72271531071
H4,10,1.5,W1,20,both,1.0,1255,60.22713835238471,0.4327677659593286,0.20138002637331864,1.2003736402760654,0.3346613545816733,0.0008581132700610279,0.518010403044452,0.1828203970528156,1.2439092447636089,1.4975722715310762,0.044904965951495734,24975.72271531071
H4,10,1.5,W1,20,long,0.0,723,34.696590461174615,0.5675338337896207,0.17261261908154568,1.3757171387917797,0.35408022130013833,0.0016289043378910496,0.5930262514445658,0.14807362756045572,1.3991576372792818,1.5720565923541021,0.04637959066673725,25720.565923541057
H4,10,1.5,W1,20,long,1.0,723,34.696590461174615,0.5675338337896207,0.17261261908154568,1.3757171387917797,0.35408022130013833,0.0016289043378910496,0.5930262514445658,0.14807362756045572,1.3991576372792818,1.5720565923541021,0.04637959066673725,25720.565923541057
H4,10,1.5,W1,20,short,0.0,592,28.981101728990755,-0.05135010883630158,0.24225175703295898,0.9707125874813745,0.3125,-0.00012418584640058335,0.0019416020633385553,0.2722181549580661,1.0010611658371653,-0.03620366089594185,-0.001803584494255328,9637.963391040576
H4,10,1.5,W1,20,short,1.0,592,28.981101728990755,-0.05135010883630158,0.24225175703295898,0.9707125874813745,0.3125,-0.00012418584640058335,0.0019416020633385553,0.2722181549580661,1.0010611658371653,-0.03620366089594185,-0.001803584494255328,9637.963391040576
H4,10,1.5,W1,32,both,0.0,1232,60.44975819451908,0.3506896971184125,0.3839079023656694,1.1591896988337083,0.3246753246753247,0.0007044621257427699,0.4639480743228562,0.3187871315241473,1.2232239908570726,1.4207318707557977,0.04433267707004496,24207.318707557977
H4,10,1.5,W1,32,both,1.0,1232,60.44975819451908,0.3506896971184125,0.3839079023656694,1.1591896988337083,0.3246753246753247,0.0007044621257427699,0.4639480743228562,0.3187871315241473,1.2232239908570726,1.4207318707557977,0.04433267707004496,24207.318707557977
H4,10,1.5,W1,32,long,0.0,714,35.033382590005374,0.5313407486293286,0.2798628632760739,1.348844959609864,0.35154061624649857,0.0015515696357595833,0.5714433349356136,0.22805862472075766,1.3851418675131493,1.5853102715208882,0.04770856951628022,25853.102715208846
H4,10,1.5,W1,32,long,1.0,714,35.033382590005374,0.5313407486293286,0.2798628632760739,1.348844959609864,0.35154061624649857,0.0015515696357595833,0.5714433349356136,0.22805862472075766,1.3851418675131493,1.5853102715208882,0.04770856951628022,25853.102715208846
H4,10,1.5,W1,32,short,0.0,571,28.810298383754663,-0.05564543751693399,0.28301411551530875,0.9684185650627413,0.29947460595446584,-0.00013682197540502495,0.025359179216102076,0.2914937434174184,1.015036786268792,-0.01180109575416266,-0.0005987964109622768,9881.989042458375
H4,10,1.5,W1,32,short,1.0,571,28.810298383754663,-0.05564543751693399,0.28301411551530875,0.9684185650627413,0.29947460595446584,-0.00013682197540502495,0.025359179216102076,0.2914937434174184,1.015036786268792,-0.01180109575416266,-0.0005987964109622768,9881.989042458375
H4,10,1.5,W1,50,both,0.0,1204,61.1543596161869,0.48942995912285875,0.2971280226117293,1.2293159104546585,0.33970099667774084,0.0009823869027694408,0.646034156242357,0.20683625382828352,1.3178734091854287,2.203187295404897,0.060913242267965906,32031.87295404891
H4,10,1.5,W1,50,both,1.0,1204,61.1543596161869,0.48942995912285875,0.2971280226117293,1.2293159104546585,0.33970099667774084,0.0009823869027694408,0.646034156242357,0.20683625382828352,1.3178734091854287,2.203187295404897,0.060913242267965906,32031.87295404891
H4,10,1.5,W1,50,long,0.0,752,38.196078431372555,0.580252186236781,0.22081955681292775,1.3650268885986199,0.3617021276595745,0.0015251193138593967,0.6592514936885591,0.15427565883857441,1.4360136896259024,2.0194600237077576,0.05773502079146131,30194.600237077528
H4,10,1.5,W1,50,long,1.0,752,38.196078431372555,0.580252186236781,0.22081955681292775,1.3650268885986199,0.3617021276595745,0.0015251193138593967,0.6592514936885591,0.15427565883857441,1.4360136896259024,2.0194600237077576,0.05773502079146131,30194.600237077528
H4,10,1.5,W1,50,short,0.0,510,26.542818466799655,0.08620612441911735,0.23144531120515743,1.0556773863104225,0.3156862745098039,0.00024062936932064274,0.1477470368151203,0.2303341492800377,1.0962875967590713,0.15844303239783875,0.00768394999445321,11584.43032397838
H4,10,1.5,W1,50,short,1.0,510,26.542818466799655,0.08620612441911735,0.23144531120515743,1.0556773863104225,0.3156862745098039,0.00024062936932064274,0.1477470368151203,0.2303341492800377,1.0962875967590713,0.15844303239783875,0.00768394999445321,11584.43032397838
H4,10,1.5,W1,80,both,0.0,1141,61.54020230360307,0.48622895380492115,0.267577386253829,1.2275875944502812,0.3339176161262051,0.0009558427580151113,0.5740250699901019,0.220223714236784,1.2769418127648282,1.809400223940428,0.057294856861161314,28094.00223940423
H4,10,1.5,W1,80,both,1.0,1141,61.54020230360307,0.48622895380492115,0.267577386253829,1.2275875944502812,0.3339176161262051,0.0009558427580151113,0.5740250699901019,0.220223714236784,1.2769418127648282,1.809400223940428,0.057294856861161314,28094.00223940423
H4,10,1.5,W1,80,long,0.0,725,39.18991416309013,0.5467037193188219,0.25411744171727046,1.344451948183223,0.3489655172413793,0.0014312573229581006,0.591872179475494,0.21213349300709505,1.37007036268597,1.579930426141018,0.052566375775542795,25799.30426141021
H4,10,1.5,W1,80,long,1.0,725,39.18991416309013,0.5467037193188219,0.25411744171727046,1.344451948183223,0.3489655172413793,0.0014312573229581006,0.591872179475494,0.21213349300709505,1.37007036268597,1.579930426141018,0.052566375775542795,25799.30426141021
H4,10,1.5,W1,80,short,0.0,439,26.3464919487348,0.05023539383356122,0.17307894201631735,1.030736948583879,0.3120728929384966,0.00013187649328564024,0.10148992592142103,0.1470276567728246,1.059200172158666,0.07745907895371529,0.004487475838884869,10774.590789537167
H4,10,1.5,W1,80,short,1.0,439,26.3464919487348,0.05023539383356122,0.17307894201631735,1.030736948583879,0.3120728929384966,0.00013187649328564024,0.10148992592142103,0.1470276567728246,1.059200172158666,0.07745907895371529,0.004487475838884869,10774.590789537167
H4,10,1.5,W1,120,both,0.0,1060,62.34541062801932,0.46063797594336586,0.3131531825486942,1.2185989213440647,0.32264150943396225,0.0009004065537052522,0.5682912125702445,0.26048775266339874,1.28169878681917,1.83215816503317,0.0631436150627469,28321.581650331722
H4,10,1.5,W1,120,both,1.0,1060,62.34541062801932,0.46063797594336586,0.3131531825486942,1.2185989213440647,0.32264150943396225,0.0009004065537052522,0.5682912125702445,0.26048775266339874,1.28169878681917,1.83215816503317,0.0631436150627469,28321.581650331722
H4,10,1.5,W1,120,long,0.0,686,40.432709375504274,0.5020077352202882,0.2739705240136211,1.3119185901787158,0.3338192419825073,0.0013127260276546455,0.558487652148383,0.27931741129784926,1.3441379452995539,1.5498173918161267,0.0567191253713355,25498.17391816118
H4,10,1.5,W1,120,long,1.0,686,40.432709375504274,0.5020077352202882,0.2739705240136211,1.3119185901787158,0.3338192419825073,0.0013127260276546455,0.558487652148383,0.27931741129784926,1.3441379452995539,1.5498173918161267,0.0567191253713355,25498.17391816118
H4,10,1.5,W1,120,short,0.0,391,26.530326955229427,0.07766690430967178,0.1927481296930562,1.0496685449689793,0.30179028132992325,0.00019427120755575815,0.21082476297662286,0.1717031840908525,1.148749935118154,0.20930685564732232,0.012978688942588246,12093.068556473208
H4,10,1.5,W1,120,short,1.0,391,26.530326955229427,0.07766690430967178,0.1927481296930562,1.0496685449689793,0.30179028132992325,0.00019427120755575815,0.21082476297662286,0.1717031840908525,1.148749935118154,0.20930685564732232,0.012978688942588246,12093.068556473208
H4,14,3.0,none,0,both,0.0,573,26.545947488584474,0.373137870782518,0.373141122182709,1.2584009126740197,0.3699825479930192,0.001963636654077917,0.46094769617432624,0.16857294652671684,1.3507206902289246,1.1387110587941631,0.035846228672941516,21387.110587941585
H4,14,3.0,none,0,both,1.0,573,26.545947488584474,0.373137870782518,0.373141122182709,1.2584009126740197,0.3699825479930192,0.001963636654077917,0.46094769617432624,0.16857294652671684,1.3507206902289246,1.1387110587941631,0.035846228672941516,21387.110587941585
H4,14,3.0,none,0,long,0.0,508,23.54358583936049,0.6393412045133425,0.20851993918029388,1.54307381226238,0.4015748031496063,0.0037627728376653903,0.6260055678727864,0.15729817521363376,1.5936603404777003,2.0010228216539296,0.052251011142107284,30010.228216539344
H4,14,3.0,none,0,long,1.0,508,23.54358583936049,0.6393412045133425,0.20851993918029388,1.54307381226238,0.4015748031496063,0.0037627728376653903,0.6260055678727864,0.15729817521363376,1.5936603404777003,2.0010228216539296,0.052251011142107284,30010.228216539344
H4,14,3.0,none,0,short,0.0,509,23.5779644895371,-0.1766252668885037,0.45702136043955055,0.9030778836639645,0.33595284872298625,-0.0007938417739756027,-0.18203632796886102,0.24514117361459342,0.9022512490670697,-0.20824882967799918,-0.010758304430489751,7917.511703220038
H4,14,3.0,none,0,short,1.0,509,23.5779644895371,-0.1766252668885037,0.45702136043955055,0.9030778836639645,0.33595284872298625,-0.0007938417739756027,-0.18203632796886102,0.24514117361459342,0.9022512490670697,-0.20824882967799918,-0.010758304430489751,7917.511703220038
H4,14,3.0,D1,20,both,0.0,234,11.011144035042514,0.3748828832616977,0.1976906119464511,1.4239913883476392,0.37606837606837606,0.002909001290263632,0.36812168947272905,0.08209921364098882,1.4099714142909778,0.4018550678423556,0.016022409560800588,14018.550678423588
H4,14,3.0,D1,20,both,1.0,234,11.011144035042514,0.3748828832616977,0.1976906119464511,1.4239913883476392,0.37606837606837606,0.002909001290263632,0.36812168947272905,0.08209921364098882,1.4099714142909778,0.4018550678423556,0.016022409560800588,14018.550678423588
H4,14,3.0,D1,20,long,0.0,150,7.058425663488791,0.3631153067489664,0.13374118554920722,1.5285176612983074,0.44,0.0032901765291438972,0.42612496608131206,0.06721340502809159,1.7257622720712482,0.39370458803990216,0.01574366530291993,13937.045880399015
H4,14,3.0,D1,20,long,1.0,150,7.058425663488791,0.3631153067489664,0.13374118554920722,1.5285176612983074,0.44,0.0032901765291438972,0.42612496608131206,0.06721340502809159,1.7257622720712482,0.39370458803990216,0.01574366530291993,13937.045880399015
H4,14,3.0,D1,20,short,0.0,125,6.10949417904456,0.10646709225586727,0.16186570077437,1.1412776298437548,0.296,0.001081470375514016,-0.04197540435521309,0.0836638897951969,0.9536709847883391,-0.03314007191652846,-0.0016458441936749724,9668.59928083472
H4,14,3.0,D1,20,short,1.0,125,6.10949417904456,0.10646709225586727,0.16186570077437,1.1412776298437548,0.296,0.001081470375514016,-0.04197540435521309,0.0836638897951969,0.9536709847883391,-0.03314007191652846,-0.0016458441936749724,9668.59928083472
H4,14,3.0,D1,32,both,0.0,273,12.805091819699499,0.33605299152774676,0.17808050205666293,1.3222860994058543,0.3772893772893773,0.0023281503145490346,0.34294787533334453,0.07884523736708804,1.3390192479443772,0.3922061469445153,0.015641478416076104,13922.061469445125
H4,14,3.0,D1,32,both,1.0,273,12.805091819699499,0.33605299152774676,0.17808050205666293,1.3222860994058543,0.3772893772893773,0.0023281503145490346,0.34294787533334453,0.07884523736708804,1.3390192479443772,0.3922061469445153,0.015641478416076104,13922.061469445125
H4,14,3.0,D1,32,long,0.0,174,8.195164410058027,0.2564072834267289,0.13900099369807561,1.3014530692697823,0.39655172413793105,0.0020820999913632107,0.251307585715216,0.09352541795092262,1.316852871601172,0.20405384054261866,0.008784296455403018,12040.538405426189
H4,14,3.0,D1,32,long,1.0,174,8.195164410058027,0.2564072834267289,0.13900099369807561,1.3014530692697823,0.39655172413793105,0.0020820999913632107,0.251307585715216,0.09352541795092262,1.316852871601172,0.20405384054261866,0.008784296455403018,12040.538405426189
H4,14,3.0,D1,32,short,0.0,129,6.180932703659977,0.12626153294618161,0.12194560829019263,1.1632734468566075,0.3333333333333333,0.0012752928905636637,0.14917454273784345,0.06663571746854713,1.1947996659024345,0.094142755153237,0.004320203253411092,10941.42755153236
H4,14,3.0,D1,32,short,1.0,129,6.180932703659977,0.12626153294618161,0.12194560829019263,1.1632734468566075,0.3333333333333333,0.0012752928905636637,0.14917454273784345,0.06663571746854713,1.1947996659024345,0.094142755153237,0.004320203253411092,10941.42755153236
H4,14,3.0,D1,50,both,0.0,303,14.449764982373678,0.08778496325586313,0.3043036394599269,1.0699041860823841,0.36633663366336633,0.0005385890846077881,0.06955428484726905,0.17525940420209785,1.054023032216,0.046778621077608884,0.0021825984513659247,10467.786210776094
H4,14,3.0,D1,50,both,1.0,303,14.449764982373678,0.08778496325586313,0.3043036394599269,1.0699041860823841,0.36633663366336633,0.0005385890846077881,0.06955428484726905,0.17525940420209785,1.054023032216,0.046778621077608884,0.0021825984513659247,10467.786210776094
H4,14,3.0,D1,50,long,0.0,180,8.584018801410105,0.29499865241524886,0.1853674093927642,1.3473717342065892,0.4,0.0023795098141974427,0.26288270417318416,0.13480935249460335,1.3230054418527286,0.24175399686377474,0.010379349818873562,12417.539968637742
H4,14,3.0,D1,50,long,1.0,180,8.584018801410105,0.29499865241524886,0.1853674093927642,1.3473717342065892,0.4,0.0023795098141974427,0.26288270417318416,0.13480935249460335,1.3230054418527286,0.24175399686377474,0.010379349818873562,12417.539968637742
H4,14,3.0,D1,50,short,0.0,137,6.686163816141102,-0.17524283270917404,0.30359717983770795,0.8232150153818291,0.31386861313868614,-0.0015471083394378617,-0.17836553883185544,0.11471445571985817,0.8305270188182658,-0.09864372821028078,-0.005055712504259291,9013.562717897197
H4,14,3.0,D1,50,short,1.0,137,6.686163816141102,-0.17524283270917404,0.30359717983770795,0.8232150153818291,0.31386861313868614,-0.0015471083394378617,-0.17836553883185544,0.11471445571985817,0.8305270188182658,-0.09864372821028078,-0.005055712504259291,9013.562717897197
H4,14,3.0,D1,80,both,0.0,336,16.094950819672132,0.10598456083905156,0.29529113158501774,1.078817076173794,0.37202380952380953,0.0005855920920711855,0.30246766510765144,0.10320884326055157,1.251460248928245,0.3534634212176948,0.014603845294982154,13534.634212176938
H4,14,3.0,D1,80,both,1.0,336,16.094950819672132,0.10598456083905156,0.29529113158501774,1.078817076173794,0.37202380952380953,0.0005855920920711855,0.30246766510765144,0.10320884326055157,1.251460248928245,0.3534634212176948,0.014603845294982154,13534.634212176938
H4,14,3.0,D1,80,long,0.0,191,9.227876984126985,0.30694093855689886,0.11207328049896093,1.3236445349530344,0.4293193717277487,0.002270351303963846,0.45155425440958513,0.07162651081772575,1.556027705664225,0.4422830981591983,0.01785118303969968,14422.830981591978
H4,14,3.0,D1,80,long,1.0,191,9.227876984126985,0.30694093855689886,0.11207328049896093,1.3236445349530344,0.4293193717277487,0.002270351303963846,0.45155425440958513,0.07162651081772575,1.556027705664225,0.4422830981591983,0.01785118303969968,14422.830981591978
H4,14,3.0,D1,80,short,0.0,150,7.306948519605228,-0.07511312173100214,0.30691069716043706,0.9192691568363768,0.30666666666666664,-0.0006259979917027102,0.02252888333699991,0.11633394206185799,1.0252030456355274,0.004572540731261343,0.00022225912574946882,10045.725407312622
H4,14,3.0,D1,80,short,1.0,150,7.306948519605228,-0.07511312173100214,0.30691069716043706,0.9192691568363768,0.30666666666666664,-0.0006259979917027102,0.02252888333699991,0.11633394206185799,1.0252030456355274,0.004572540731261343,0.00022225912574946882,10045.725407312622
H4,14,3.0,D1,120,both,0.0,375,18.0864584708834,0.2561137894829865,0.20793544834656896,1.18665032810116,0.37866666666666665,0.0014316668547857847,0.3852486570680071,0.09986321650971697,1.3079204089017924,0.5436761261491323,0.021160881962273947,15436.76126149133
H4,14,3.0,D1,120,both,1.0,375,18.0864584708834,0.2561137894829865,0.20793544834656896,1.18665032810116,0.37866666666666665,0.0014316668547857847,0.3852486570680071,0.09986321650971697,1.3079204089017924,0.5436761261491323,0.021160881962273947,15436.76126149133
H4,14,3.0,D1,120,long,0.0,215,10.372308809932637,0.46144187659119945,0.10397502266309944,1.5057325904700647,0.42790697674418604,0.0035059101699235727,0.5427063333098836,0.06891781223617999,1.68180099311463,0.6797050703974741,0.025335476239506383,16797.050703974714
H4,14,3.0,D1,120,long,1.0,215,10.372308809932637,0.46144187659119945,0.10397502266309944,1.5057325904700647,0.42790697674418604,0.0035059101699235727,0.5427063333098836,0.06891781223617999,1.68180099311463,0.6797050703974741,0.025335476239506383,16797.050703974714
H4,14,3.0,D1,120,short,0.0,168,8.266469082581166,-0.07809679954472205,0.3262225513852619,0.9263635240776978,0.3273809523809524,-0.0006199242002090993,0.0013756780984875007,0.15015663681118507,1.0013148091078807,-0.01033839761432842,-0.0005112197775170024,9896.616023856728
H4,14,3.0,D1,120,short,1.0,168,8.266469082581166,-0.07809679954472205,0.3262225513852619,0.9263635240776978,0.3273809523809524,-0.0006199242002090993,0.0013756780984875007,0.15015663681118507,1.0013148091078807,-0.01033839761432842,-0.0005112197775170024,9896.616023856728
H4,14,3.0,W1,20,both,0.0,435,20.881029044552502,0.2971757451737303,0.2458039597068572,1.2125199148083932,0.3816091954022989,0.0016135932225672465,0.349729737965479,0.15021952016185525,1.2470367335449293,0.49414704236067264,0.019462588173877027,14941.470423606697
H4,14,3.0,W1,20,both,1.0,435,20.881029044552502,0.2971757451737303,0.2458039597068572,1.2125199148083932,0.3816091954022989,0.0016135932225672465,0.349729737965479,0.15021952016185525,1.2470367335449293,0.49414704236067264,0.019462588173877027,14941.470423606697
H4,14,3.0,W1,20,long,0.0,259,12.43261269549218,0.5302695613762898,0.1435235289572403,1.5910885391486977,0.42857142857142855,0.004231342002475476,0.5365577643965607,0.09584924429673491,1.5935325663910325,0.7494383642975915,0.027211113962111844,17494.383642975907
H4,14,3.0,W1,20,long,1.0,259,12.43261269549218,0.5302695613762898,0.1435235289572403,1.5910885391486977,0.42857142857142855,0.004231342002475476,0.5365577643965607,0.09584924429673491,1.5935325663910325,0.7494383642975915,0.027211113962111844,17494.383642975907
H4,14,3.0,W1,20,short,0.0,215,10.547850906648758,-0.1158204427176923,0.26293268499950806,0.9029696587206008,0.33488372093023255,-0.0008006363035475944,-0.08455604124379693,0.13687762028726058,0.9325439693268981,-0.06919129648226585,-0.00351147935689311,9308.08703517734
H4,14,3.0,W1,20,short,1.0,215,10.547850906648758,-0.1158204427176923,0.26293268499950806,0.9029696587206008,0.33488372093023255,-0.0008006363035475944,-0.08455604124379693,0.13687762028726058,0.9325439693268981,-0.06919129648226585,-0.00351147935689311,9308.08703517734
H4,14,3.0,W1,32,both,0.0,435,21.389842487883683,0.31367848097188095,0.24237582170473082,1.2321811495638315,0.37471264367816093,0.00178226545331363,0.3917544111620233,0.1119116381216243,1.2986076194007743,0.6509642863500742,0.024959271709994235,16509.642863500696
H4,14,3.0,W1,32,both,1.0,435,21.389842487883683,0.31367848097188095,0.24237582170473082,1.2321811495638315,0.37471264367816093,0.00178226545331363,0.3917544111620233,0.1119116381216243,1.2986076194007743,0.6509642863500742,0.024959271709994235,16509.642863500696
H4,14,3.0,W1,32,long,0.0,268,13.1781098546042,0.5066980791534365,0.19269568917729485,1.5584704590884746,0.40298507462686567,0.004045348413740957,0.5097095639307673,0.11140826180422114,1.577789466311894,0.7621111837850849,0.028248210871916868,17621.111837850844
H4,14,3.0,W1,32,long,1.0,268,13.1781098546042,0.5066980791534365,0.19269568917729485,1.5584704590884746,0.40298507462686567,0.004045348413740957,0.5097095639307673,0.11140826180422114,1.577789466311894,0.7621111837850849,0.028248210871916868,17621.111837850844
H4,14,3.0,W1,32,short,0.0,207,10.635356590237727,-0.06364302481996643,0.28455292332167725,0.945696950312785,0.357487922705314,-0.0004249912145834123,0.061678209076236716,0.12133667520252311,1.0562778533722208,0.033472848340378336,0.0016930610272636315,10334.728483403786
H4,14,3.0,W1,32,short,1.0,207,10.635356590237727,-0.06364302481996643,0.28455292332167725,0.945696950312785,0.357487922705314,-0.0004249912145834123,0.061678209076236716,0.12133667520252311,1.0562778533722208,0.033472848340378336,0.0016930610272636315,10334.728483403786
H4,14,3.0,W1,50,both,0.0,429,21.790050062578224,0.4594328661912856,0.25869620526469717,1.3831278898822112,0.38461538461538464,0.00284613287170826,0.5078678815219565,0.13567917632416426,1.4678469436300567,1.1279412623240814,0.03910142752166901,21279.41262324078
H4,14,3.0,W1,50,both,1.0,429,21.790050062578224,0.4594328661912856,0.25869620526469717,1.3831278898822112,0.38461538461538464,0.00284613287170826,0.5078678815219565,0.13567917632416426,1.4678469436300567,1.1279412623240814,0.03910142752166901,21279.41262324078
H4,14,3.0,W1,50,long,0.0,286,14.526700041718817,0.473607967970204,0.22637354383807662,1.5348827953602424,0.4020979020979021,0.0037184975875849745,0.4841365324503631,0.13097110713097027,1.5822124920460123,0.8334963248934524,0.03127073358246668,18334.963248934495
H4,14,3.0,W1,50,long,1.0,286,14.526700041718817,0.473607967970204,0.22637354383807662,1.5348827953602424,0.4020979020979021,0.0037184975875849745,0.4841365324503631,0.13097110713097027,1.5822124920460123,0.8334963248934524,0.03127073358246668,18334.963248934495
H4,14,3.0,W1,50,short,0.0,179,9.372097190366972,0.18442449672203198,0.21345746751513606,1.2001404438710224,0.36312849162011174,0.0015552086452033681,0.19529493034934595,0.14724651296873015,1.2033976038636574,0.14400153011235717,0.007068716200980374,11440.015301123567
H4,14,3.0,W1,50,short,1.0,179,9.372097190366972,0.18442449672203198,0.21345746751513606,1.2001404438710224,0.36312849162011174,0.0015552086452033681,0.19529493034934595,0.14724651296873015,1.2033976038636574,0.14400153011235717,0.007068716200980374,11440.015301123567
H4,14,3.0,W1,80,both,0.0,414,22.388732602901985,0.3235179186041883,0.32711146059796925,1.2568431599768624,0.35507246376811596,0.0019473542796839712,0.3755926669440434,0.16567034815365178,1.326026392049153,0.664219293260836,0.027928387223531637,16642.19293260835
H4,14,3.0,W1,80,both,1.0,414,22.388732602901985,0.3235179186041883,0.32711146059796925,1.2568431599768624,0.35507246376811596,0.0019473542796839712,0.3755926669440434,0.16567034815365178,1.326026392049153,0.664219293260836,0.027928387223531637,16642.19293260835
H4,14,3.0,W1,80,long,0.0,279,15.088058928042642,0.5236194332528893,0.2376334091019896,1.6114562004277484,0.3870967741935484,0.004140066551280597,0.5207245407712155,0.14577943814604444,1.6277107411678569,0.9093666137520613,0.035595684110194536,19093.666137520602
H4,14,3.0,W1,80,long,1.0,279,15.088058928042642,0.5236194332528893,0.2376334091019896,1.6114562004277484,0.3870967741935484,0.004140066551280597,0.5207245407712155,0.14577943814604444,1.6277107411678569,0.9093666137520613,0.035595684110194536,19093.666137520602
H4,14,3.0,W1,80,short,0.0,157,9.9607868681605,-0.07765597771215106,0.2887023350381145,0.928822370855933,0.31210191082802546,-0.0006213375601537757,-0.10899301360779479,0.14259399170110398,0.9101161009078803,-0.06811958750063651,-0.004466056838814403,9318.804124993638
H4,14,3.0,W1,80,short,1.0,157,9.9607868681605,-0.07765597771215106,0.2887023350381145,0.928822370855933,0.31210191082802546,-0.0006213375601537757,-0.10899301360779479,0.14259399170110398,0.9101161009078803,-0.06811958750063651,-0.004466056838814403,9318.804124993638
H4,14,3.0,W1,120,both,0.0,385,22.647970687711386,0.3773343558137076,0.2849414151882238,1.3046262957580228,0.36883116883116884,0.002202365048701744,0.45894784552411466,0.15301874372168434,1.397258000485314,0.7871045176763918,0.034744072815833915,17871.045176763924
H4,14,3.0,W1,120,both,1.0,385,22.647970687711386,0.3773343558137076,0.2849414151882238,1.3046262957580228,0.36883116883116884,0.002202365048701744,0.45894784552411466,0.15301874372168434,1.397258000485314,0.7871045176763918,0.034744072815833915,17871.045176763924
H4,14,3.0,W1,120,long,0.0,260,15.326823757262751,0.4762095232848659,0.2927442088944757,1.5336601488394144,0.4076923076923077,0.0036841719918437794,0.5296546383903635,0.1588827417413966,1.6584357066662587,0.8564704084657873,0.037143804305330486,18564.70408465788
H4,14,3.0,W1,120,long,1.0,260,15.326823757262751,0.4762095232848659,0.2927442088944757,1.5336601488394144,0.4076923076923077,0.0036841719918437794,0.5296546383903635,0.1588827417413966,1.6584357066662587,0.8564704084657873,0.037143804305330486,18564.70408465788
H4,14,3.0,W1,120,short,0.0,141,9.768636191198786,-0.0886039671538949,0.22955503894512796,0.9221704939786248,0.3049645390070922,-0.0005918511250316305,0.03771560883003002,0.11357774490455852,1.0347197264781254,0.010564830764820732,0.0007283689005850302,10105.648307648195
H4,14,3.0,W1,120,short,1.0,141,9.768636191198786,-0.0886039671538949,0.22955503894512796,0.9221704939786248,0.3049645390070922,-0.0005918511250316305,0.03771560883003002,0.11357774490455852,1.0347197264781254,0.010564830764820732,0.0007283689005850302,10105.648307648195
H4,14,2.5,none,0,both,0.0,755,34.920064581486635,0.6966477758785294,0.21771015959398754,1.4685879417883094,0.38675496688741723,0.002867930978155976,0.6308541177379213,0.17432611965574096,1.4943122111928198,2.6056067092474726,0.06111198210658886,36056.06709247471
H4,14,2.5,none,0,both,1.0,755,34.920064581486635,0.6966477758785294,0.21771015959398754,1.4685879417883094,0.38675496688741723,0.002867930978155976,0.6308541177379213,0.17432611965574096,1.4943122111928198,2.6056067092474726,0.06111198210658886,36056.06709247471
H4,14,2.5,none,0,long,0.0,670,30.992591185410337,0.749330962968918,0.14470809403775464,1.5579765719027459,0.39850746268656717,0.0032826062158058033,0.7308654992060829,0.11730372677273648,1.6445659003077635,3.1683046809123665,0.06826213712744678,41683.04680912371
H4,14,2.5,none,0,long,1.0,670,30.992591185410337,0.749330962968918,0.14470809403775464,1.5579765719027459,0.39850746268656717,0.0032826062158058033,0.7308654992060829,0.11730372677273648,1.6445659003077635,3.1683046809123665,0.06826213712744678,41683.04680912371
H4,14,2.5,none,0,short,0.0,671,31.03491832341395,-0.16845387740353723,0.4209746666710371,0.9171909355322813,0.3353204172876304,-0.0005640026831695982,-0.14855598817463642,0.2970306885546272,0.9261927021389306,-0.21862953183881872,-0.01134572326878247,7813.704681611825
H4,14,2.5,none,0,short,1.0,671,31.03491832341395,-0.16845387740353723,0.4209746666710371,0.9171909355322813,0.3353204172876304,-0.0005640026831695982,-0.14855598817463642,0.2970306885546272,0.9261927021389306,-0.21862953183881872,-0.01134572326878247,7813.704681611825
H4,14,2.5,D1,20,both,0.0,373,17.606390540191263,0.49732951020853416,0.13393609775301896,1.4220735027607039,0.3753351206434316,0.002414687853910816,0.5353445431640024,0.08318187392578269,1.4969145158961175,0.8456935517934183,0.02935054069604348,18456.935517934147
H4,14,2.5,D1,20,both,1.0,373,17.606390540191263,0.49732951020853416,0.13393609775301896,1.4220735027607039,0.3753351206434316,0.002414687853910816,0.5353445431640024,0.08318187392578269,1.4969145158961175,0.8456935517934183,0.02935054069604348,18456.935517934147
H4,14,2.5,D1,20,long,0.0,224,10.5732747479969,0.5886768761560515,0.11422021324638121,1.7172628847542035,0.41517857142857145,0.0037842627194069433,0.6445145459569223,0.05818778175672379,1.8863744142639751,0.8624766204678043,0.029790449098594296,18624.766204678057
H4,14,2.5,D1,20,long,1.0,224,10.5732747479969,0.5886768761560515,0.11422021324638121,1.7172628847542035,0.41517857142857145,0.0037842627194069433,0.6445145459569223,0.05818778175672379,1.8863744142639751,0.8624766204678043,0.029790449098594296,18624.766204678057
H4,14,2.5,D1,20,short,0.0,200,9.651208878319462,0.018666586951670342,0.17189302515376492,1.0175196635855779,0.315,0.00011099667776038554,0.04892654756697345,0.11810470964618847,1.0478318394868469,0.023861049749225982,0.0011385649538762088,10238.610497492271
H4,14,2.5,D1,20,short,1.0,200,9.651208878319462,0.018666586951670342,0.17189302515376492,1.0175196635855779,0.315,0.00011099667776038554,0.04892654756697345,0.11810470964618847,1.0478318394868469,0.023861049749225982,0.0011385649538762088,10238.610497492271
H4,14,2.5,D1,32,both,0.0,419,19.71653568667869,0.46877897058101614,0.2046854479597846,1.3702133106180658,0.38663484486873506,0.0022045296350325385,0.498116664056701,0.1302783012435199,1.3846984249527574,0.7354351206474543,0.02627947131596664,17354.351206474523
H4,14,2.5,D1,32,both,1.0,419,19.71653568667869,0.46877897058101614,0.2046854479597846,1.3702133106180658,0.38663484486873506,0.0022045296350325385,0.498116664056701,0.1302783012435199,1.3846984249527574,0.7354351206474543,0.02627947131596664,17354.351206474523
H4,14,2.5,D1,32,long,0.0,243,11.481985769728333,0.6270691283025734,0.14055712119500763,1.7661585085955758,0.4279835390946502,0.0042623857110445406,0.6532624141501361,0.09155891206176792,1.8403154612355115,0.9421220470922,0.03186134910541427,19421.220470922028
H4,14,2.5,D1,32,long,1.0,243,11.481985769728333,0.6270691283025734,0.14055712119500763,1.7661585085955758,0.4279835390946502,0.0042623857110445406,0.6532624141501361,0.09155891206176792,1.8403154612355115,0.9421220470922,0.03186134910541427,19421.220470922028
H4,14,2.5,D1,32,short,0.0,206,9.88069599474721,0.04684229284497008,0.14192161634492173,1.0450006518245245,0.34951456310679613,0.0002744020866855301,0.12352230709963594,0.10385608488910336,1.1325148874217945,0.08843974691218404,0.004073039418555746,10884.397469121825
H4,14,2.5,D1,32,short,1.0,206,9.88069599474721,0.04684229284497008,0.14192161634492173,1.0450006518245245,0.34951456310679613,0.0002744020866855301,0.12352230709963594,0.10385608488910336,1.1325148874217945,0.08843974691218404,0.004073039418555746,10884.397469121825
H4,14,2.5,D1,50,both,0.0,458,21.610192481591525,0.14019992605195963,0.37719779268364706,1.0908867805439608,0.3624454148471616,0.0005941328117075612,0.18168740123172225,0.22973865825705186,1.124659186667724,0.218034531583021,0.009349907906674781,12180.345315830204
H4,14,2.5,D1,50,both,1.0,458,21.610192481591525,0.14019992605195963,0.37719779268364706,1.0908867805439608,0.3624454148471616,0.0005941328117075612,0.18168740123172225,0.22973865825705186,1.124659186667724,0.218034531583021,0.009349907906674781,12180.345315830204
H4,14,2.5,D1,50,long,0.0,258,12.173427205787366,0.46982306199798857,0.2630687571519077,1.4813522222516262,0.3953488372093023,0.002869906350662741,0.4566572501794035,0.17638733378486404,1.5190001902469954,0.6400727719092876,0.023618353239425627,16400.727719092887
H4,14,2.5,D1,50,long,1.0,258,12.173427205787366,0.46982306199798857,0.2630687571519077,1.4813522222516262,0.3953488372093023,0.002869906350662741,0.4566572501794035,0.17638733378486404,1.5190001902469954,0.6400727719092876,0.023618353239425627,16400.727719092887
H4,14,2.5,D1,50,short,0.0,225,10.934173762639702,-0.37423523246213897,0.3679461986848519,0.7294475821065327,0.32,-0.0019311101222288594,-0.3142996245673764,0.19560844442964997,0.7708107014796666,-0.1993327357717104,-0.01074529324879292,8006.672642282898
H4,14,2.5,D1,50,short,1.0,225,10.934173762639702,-0.37423523246213897,0.3679461986848519,0.7294475821065327,0.32,-0.0019311101222288594,-0.3142996245673764,0.19560844442964997,0.7708107014796666,-0.1993327357717104,-0.01074529324879292,8006.672642282898
H4,14,2.5,D1,80,both,0.0,493,23.55064739733194,0.30108256624242974,0.23897268662317306,1.1983226591012375,0.37322515212981744,0.001270421836182788,0.49324196734148157,0.08110921094653056,1.376067743859814,0.9498839207587351,0.03241365584332656,19498.839207587356
H4,14,2.5,D1,80,both,1.0,493,23.55064739733194,0.30108256624242974,0.23897268662317306,1.1983226591012375,0.37322515212981744,0.001270421836182788,0.49324196734148157,0.08110921094653056,1.376067743859814,0.9498839207587351,0.03241365584332656,19498.839207587356
H4,14,2.5,D1,80,long,0.0,276,13.33452380952381,0.43935157658528523,0.13283228384012424,1.4169655254165137,0.40217391304347827,0.0026036581964624466,0.5784571199070885,0.06876777041981519,1.672427911820454,0.9453903235030121,0.03267324531546634,19453.90323503012
H4,14,2.5,D1,80,long,1.0,276,13.33452380952381,0.43935157658528523,0.13283228384012424,1.4169655254165137,0.40217391304347827,0.0026036581964624466,0.5784571199070885,0.06876777041981519,1.672427911820454,0.9453903235030121,0.03267324531546634,19453.90323503012
H4,14,2.5,D1,80,short,0.0,224,10.700496991891185,-0.0518093020247867,0.22721314652347357,0.9542067361976857,0.33482142857142855,-0.00030214659611161584,0.11143219701656544,0.11744660356663605,1.1130594321043759,0.08323967785162756,0.0038268199058315577,10832.396778516266
H4,14,2.5,D1,80,short,1.0,224,10.700496991891185,-0.0518093020247867,0.22721314652347357,0.9542067361976857,0.33482142857142855,-0.00030214659611161584,0.11143219701656544,0.11744660356663605,1.1130594321043759,0.08323967785162756,0.0038268199058315577,10832.396778516266
H4,14,2.5,D1,120,both,0.0,523,25.221250330076575,0.42980886189364853,0.1330668528975858,1.2869204588115317,0.3862332695984704,0.0018052622774073288,0.557432140455806,0.1132521780567205,1.3999887609956427,1.1194277185211665,0.03688747283205274,21194.277185211675
H4,14,2.5,D1,120,both,1.0,523,25.221250330076575,0.42980886189364853,0.1330668528975858,1.2869204588115317,0.3862332695984704,0.0018052622774073288,0.557432140455806,0.1132521780567205,1.3999887609956427,1.1194277185211665,0.03688747283205274,21194.277185211675
H4,14,2.5,D1,120,long,0.0,300,14.472989037115308,0.5386972983203151,0.1281285788929567,1.5050862195665684,0.4266666666666667,0.00305983196245702,0.6332148183931938,0.08002453789857877,1.6835027577794208,1.0576677336183717,0.0354240663596983,20576.677336183682
H4,14,2.5,D1,120,long,1.0,300,14.472989037115308,0.5386972983203151,0.1281285788929567,1.5050862195665684,0.4266666666666667,0.00305983196245702,0.6332148183931938,0.08002453789857877,1.6835027577794208,1.0576677336183717,0.0354240663596983,20576.677336183682
H4,14,2.5,D1,120,short,0.0,237,11.660055226293103,0.03856007615479861,0.24784831292800202,1.0345553348288474,0.33755274261603374,0.00022610070399460002,0.11285585535811278,0.13105874408465035,1.102920481720672,0.08288559059947653,0.003925330774953828,10828.855905994758
H4,14,2.5,D1,120,short,1.0,237,11.660055226293103,0.03856007615479861,0.24784831292800202,1.0345553348288474,0.33755274261603374,0.00022610070399460002,0.11285585535811278,0.13105874408465035,1.102920481720672,0.08288559059947653,0.003925330774953828,10828.855905994758
H4,14,2.5,W1,20,both,0.0,590,28.3176741130092,0.3930651792492901,0.24433034859660596,1.2555992624089625,0.37796610169491524,0.001618180960582976,0.48190847389933417,0.19609777201074663,1.3072978948523777,0.9360219736553181,0.03221594264461847,19360.219736553165
H4,14,2.5,W1,20,both,1.0,590,28.3176741130092,0.3930651792492901,0.24433034859660596,1.2555992624089625,0.37796610169491524,0.001618180960582976,0.48190847389933417,0.19609777201074663,1.3072978948523777,0.9360219736553181,0.03221594264461847,19360.219736553165
H4,14,2.5,W1,20,long,0.0,356,17.086596583442837,0.5760267070866265,0.18882581776983598,1.6043214555959036,0.40730337078651685,0.0038710717049634503,0.5889429650352147,0.15722400717148532,1.8114768629457314,1.8082252679840538,0.05080701997366455,28082.252679840527
H4,14,2.5,W1,20,long,1.0,356,17.086596583442837,0.5760267070866265,0.18882581776983598,1.6043214555959036,0.40730337078651685,0.0038710717049634503,0.5889429650352147,0.15722400717148532,1.8114768629457314,1.8082252679840538,0.05080701997366455,28082.252679840527
H4,14,2.5,W1,20,short,0.0,279,13.691354292623942,0.021978209735570287,0.20108148140362703,1.0180013212778685,0.35125448028673834,0.00011421650253795571,0.07493718946941935,0.14163813015611082,1.0598315584006892,0.04839389948306705,0.0023218484115090643,10483.938994830669
H4,14,2.5,W1,20,short,1.0,279,13.691354292623942,0.021978209735570287,0.20108148140362703,1.0180013212778685,0.35125448028673834,0.00011421650253795571,0.07493718946941935,0.14163813015611082,1.0598315584006892,0.04839389948306705,0.0023218484115090643,10483.938994830669
H4,14,2.5,W1,32,both,0.0,582,28.5642972319269,0.4617560847772752,0.2352419083008901,1.3063623650045275,0.38144329896907214,0.0019672395112302534,0.5716541062614562,0.1362550234752984,1.3944555771556357,1.3386416921094777,0.04257803554629813,23386.416921094795
H4,14,2.5,W1,32,both,1.0,582,28.5642972319269,0.4617560847772752,0.2352419083008901,1.3063623650045275,0.38144329896907214,0.0019672395112302534,0.5716541062614562,0.1362550234752984,1.3944555771556357,1.3386416921094777,0.04257803554629813,23386.416921094795
H4,14,2.5,W1,32,long,0.0,360,17.668637463047567,0.5462953555418154,0.22022356347896788,1.5038050440695752,0.4,0.0031814737313307774,0.6299161145543057,0.1286813168060752,1.6133691440363733,1.2237253292895698,0.040002984963071864,22237.253292895723
H4,14,2.5,W1,32,long,1.0,360,17.668637463047567,0.5462953555418154,0.22022356347896788,1.5038050440695752,0.4,0.0031814737313307774,0.6299161145543057,0.1286813168060752,1.6133691440363733,1.2237253292895698,0.040002984963071864,22237.253292895723
H4,14,2.5,W1,32,short,0.0,266,13.670536091177711,0.022049126153536762,0.19746824185222,1.0179085577081455,0.35714285714285715,0.00011467376127646205,0.119804038230415,0.13563167272813825,1.1038345583773916,0.09591305490410984,0.004718069225318144,10959.130549041114
H4,14,2.5,W1,32,short,1.0,266,13.670536091177711,0.022049126153536762,0.19746824185222,1.0179085577081455,0.35714285714285715,0.00011467376127646205,0.119804038230415,0.13563167272813825,1.1038345583773916,0.09591305490410984,0.004718069225318144,10959.130549041114
H4,14,2.5,W1,50,both,0.0,566,28.748644138506467,0.5657740331604364,0.29598686152020914,1.426748158982956,0.39045936395759717,0.00260653028410899,0.6307069129645896,0.18656553540318455,1.584898809977722,2.2326622407818624,0.061406940981358016,32326.622407818635
H4,14,2.5,W1,50,both,1.0,566,28.748644138506467,0.5657740331604364,0.29598686152020914,1.426748158982956,0.39045936395759717,0.00260653028410899,0.6307069129645896,0.18656553540318455,1.584898809977722,2.2326622407818624,0.061406940981358016,32326.622407818635
H4,14,2.5,W1,50,long,0.0,380,19.301209845640386,0.5401443653724219,0.23030549610857998,1.5351677870857758,0.3973684210526316,0.003205372313883197,0.584461409877857,0.14748463399653,1.7138970094567068,1.6651408637011582,0.051050198793084034,26651.40863701158
H4,14,2.5,W1,50,long,1.0,380,19.301209845640386,0.5401443653724219,0.23030549610857998,1.5351677870857758,0.3973684210526316,0.003205372313883197,0.584461409877857,0.14748463399653,1.7138970094567068,1.6651408637011582,0.051050198793084034,26651.40863701158
H4,14,2.5,W1,50,short,0.0,232,12.115813554475265,0.3219220920209542,0.1331048086299379,1.336399041658113,0.3922413793103448,0.0020183998356521613,0.3504495016862134,0.11563008021374266,1.3604387124927522,0.3474265132660148,0.01569470298078479,13474.265132660143
H4,14,2.5,W1,50,short,1.0,232,12.115813554475265,0.3219220920209542,0.1331048086299379,1.336399041658113,0.3922413793103448,0.0020183998356521613,0.3504495016862134,0.11563008021374266,1.3604387124927522,0.3474265132660148,0.01569470298078479,13474.265132660143
H4,14,2.5,W1,80,both,0.0,548,29.63532721350311,0.4833145955827069,0.261658900155066,1.3548974657677846,0.3740875912408759,0.0021400612501180274,0.5435470934121428,0.1641642610776789,1.468384016000037,1.563802318605744,0.05223342431569766,25638.02318605747
H4,14,2.5,W1,80,both,1.0,548,29.63532721350311,0.4833145955827069,0.261658900155066,1.3548974657677846,0.3740875912408759,0.0021400612501180274,0.5435470934121428,0.1641642610776789,1.468384016000037,1.563802318605744,0.05223342431569766,25638.02318605747
H4,14,2.5,W1,80,long,0.0,366,19.79293751850755,0.6044047508446372,0.2072905639567969,1.6282959468560467,0.39617486338797814,0.003534725954720613,0.6170370164893085,0.1712811428574168,1.7549797703740082,1.6696362968369165,0.05453774841536596,26696.362968369158
H4,14,2.5,W1,80,long,1.0,366,19.79293751850755,0.6044047508446372,0.2072905639567969,1.6282959468560467,0.39617486338797814,0.003534725954720613,0.6170370164893085,0.1712811428574168,1.7549797703740082,1.6696362968369165,0.05453774841536596,26696.362968369158
H4,14,2.5,W1,80,short,0.0,200,12.61658031088083,-0.0508599185871764,0.2277404570893331,0.9566839610357739,0.335,-0.0002928249991475995,-0.06773146953382667,0.10160112568628765,0.9471454295291454,-0.05409096061592267,-0.003501822975487512,9459.09039384077
H4,14,2.5,W1,80,short,1.0,200,12.61658031088083,-0.0508599185871764,0.2277404570893331,0.9566839610357739,0.335,-0.0002928249991475995,-0.06773146953382667,0.10160112568628765,0.9471454295291454,-0.05409096061592267,-0.003501822975487512,9459.09039384077
H4,14,2.5,W1,120,both,0.0,507,29.819927536231884,0.5561561220789777,0.23777232475220011,1.4222890944977078,0.378698224852071,0.0024471859739060237,0.6160704880833886,0.19593619671781848,1.5667886444705708,1.8568215409339333,0.06368593073897166,28568.215409339296
H4,14,2.5,W1,120,both,1.0,507,29.819927536231884,0.5561561220789777,0.23777232475220011,1.4222890944977078,0.378698224852071,0.0024471859739060237,0.6160704880833886,0.19593619671781848,1.5667886444705708,1.8568215409339333,0.06368593073897166,28568.215409339296
H4,14,2.5,W1,120,long,0.0,337,19.862715830240436,0.629288761909754,0.2360739497600205,1.6514732752476418,0.4094955489614243,0.0036926959879633463,0.6506882543894177,0.13861434055020694,1.8821010821600908,1.8391520932507799,0.06343476350783561,28391.520932507832
H4,14,2.5,W1,120,long,1.0,337,19.862715830240436,0.629288761909754,0.2360739497600205,1.6514732752476418,0.4094955489614243,0.0036926959879633463,0.6506882543894177,0.13861434055020694,1.8821010821600908,1.8391520932507799,0.06343476350783561,28391.520932507832
H4,14,2.5,W1,120,short,0.0,186,12.886286039453719,0.0012540402070193573,0.17749575761482017,1.0010831629869312,0.3225806451612903,6.4430740204127265e-06,0.09534560732007553,0.12829899408490752,1.083796022351982,0.051228145198198405,0.003467221706128676,10512.281451981975
H4,14,2.5,W1,120,short,1.0,186,12.886286039453719,0.0012540402070193573,0.17749575761482017,1.0010831629869312,0.3225806451612903,6.4430740204127265e-06,0.09534560732007553,0.12829899408490752,1.083796022351982,0.051228145198198405,0.003467221706128676,10512.281451981975
H4,14,4.0,none,0,both,0.0,368,17.048706240487064,0.1805937106841458,0.3832913576609822,1.1403075202780881,0.36141304347826086,0.0013696385959764367,0.24646808182159205,0.15715424876718076,1.2065711719370134,0.30218323206625386,0.012307675331628243,13021.832320662556
H4,14,4.0,none,0,both,1.0,368,17.048706240487064,0.1805937106841458,0.3832913576609822,1.1403075202780881,0.36141304347826086,0.0013696385959764367,0.24646808182159205,0.15715424876718076,1.2065711719370134,0.30218323206625386,0.012307675331628243,13021.832320662556
H4,14,4.0,none,0,long,0.0,333,15.442896140172676,0.5750516598895449,0.2442208258708337,1.5815323228737483,0.4084084084084084,0.005200308173002591,0.6177152084200173,0.09708431604595558,1.6709462227219305,1.2415507198519542,0.03814188189310097,22415.50719851958
H4,14,4.0,none,0,long,1.0,333,15.442896140172676,0.5750516598895449,0.2442208258708337,1.5815323228737483,0.4084084084084084,0.005200308173002591,0.6177152084200173,0.09708431604595558,1.6709462227219305,1.2415507198519542,0.03814188189310097,22415.50719851958
H4,14,4.0,none,0,short,0.0,334,15.471591629676603,-0.2422129519765482,0.5219339737073186,0.8427594306396192,0.3502994011976048,-0.0015599404203855097,-0.21742852004970406,0.194586728548374,0.8615838881634891,-0.16430769034261938,-0.008280110319893286,8356.923096573806
H4,14,4.0,none,0,short,1.0,334,15.471591629676603,-0.2422129519765482,0.5219339737073186,0.8427594306396192,0.3502994011976048,-0.0015599404203855097,-0.21742852004970406,0.194586728548374,0.8615838881634891,-0.16430769034261938,-0.008280110319893286,8356.923096573806
H4,14,4.0,D1,20,both,0.0,164,7.709266409266409,0.2895973507085392,0.28505977756244405,1.371556033008942,0.3780487804878049,0.003023292038939436,0.34935531066731834,0.09931737233485993,1.4703858045005522,0.27442199087370134,0.011464247612308576,12744.219908737025
H4,14,4.0,D1,20,both,1.0,164,7.709266409266409,0.2895973507085392,0.28505977756244405,1.371556033008942,0.3780487804878049,0.003023292038939436,0.34935531066731834,0.09931737233485993,1.4703858045005522,0.27442199087370134,0.011464247612308576,12744.219908737025
H4,14,4.0,D1,20,long,0.0,111,5.2178571428571425,0.3839095899226344,0.10750462656319204,1.6859612405375515,0.44144144144144143,0.004898244184094536,0.47748385336315513,0.055736822635409466,1.9860853164637324,0.3493325196339805,0.014183632065144058,13493.325196339807
H4,14,4.0,D1,20,long,1.0,111,5.2178571428571425,0.3839095899226344,0.10750462656319204,1.6859612405375515,0.44144144144144143,0.004898244184094536,0.47748385336315513,0.055736822635409466,1.9860853164637324,0.3493325196339805,0.014183632065144058,13493.325196339807
H4,14,4.0,D1,20,short,0.0,98,4.733469981486379,0.03436100406124315,0.1962468620072546,1.0460925112815525,0.32653061224489793,0.0004447614232805622,0.012723681127427828,0.07862842706429218,1.0158030418883102,0.0009674881139514202,4.670886664182028e-05,10009.67488113952
H4,14,4.0,D1,20,short,1.0,98,4.733469981486379,0.03436100406124315,0.1962468620072546,1.0460925112815525,0.32653061224489793,0.0004447614232805622,0.012723681127427828,0.07862842706429218,1.0158030418883102,0.0009674881139514202,4.670886664182028e-05,10009.67488113952
H4,14,4.0,D1,32,both,0.0,167,7.930925757378755,-0.13318013372766252,0.31168120394778587,0.8814369798391358,0.32335329341317365,-0.0011791939564277116,-0.09426070360800928,0.13620537924228404,0.9162330470791195,-0.060864911044518744,-0.0029777730676283642,9391.350889554813
H4,14,4.0,D1,32,both,1.0,167,7.930925757378755,-0.13318013372766252,0.31168120394778587,0.8814369798391358,0.32335329341317365,-0.0011791939564277116,-0.09426070360800928,0.13620537924228404,0.9162330470791195,-0.060864911044518744,-0.0029777730676283642,9391.350889554813
H4,14,4.0,D1,32,long,0.0,100,4.779507982203612,0.06687551543676212,0.22466792530683077,1.0827788556509164,0.35,0.0007834143895114351,0.08923213210238062,0.10169872765415922,1.1140559083382024,0.03873013926076774,0.0018178129350141514,10387.301392607664
H4,14,4.0,D1,32,long,1.0,100,4.779507982203612,0.06687551543676212,0.22466792530683077,1.0827788556509164,0.35,0.0007834143895114351,0.08923213210238062,0.10169872765415922,1.1140559083382024,0.03873013926076774,0.0018178129350141514,10387.301392607664
H4,14,4.0,D1,32,short,0.0,99,4.7817706955831785,-0.2027982672301161,0.2562600789754911,0.7725629518289048,0.32323232323232326,-0.002268012961534949,-0.16866603318433177,0.10536023954002027,0.8149622397906657,-0.06907470253342562,-0.003451214516461465,9309.252974665738
H4,14,4.0,D1,32,short,1.0,99,4.7817706955831785,-0.2027982672301161,0.2562600789754911,0.7725629518289048,0.32323232323232326,-0.002268012961534949,-0.16866603318433177,0.10536023954002027,0.8149622397906657,-0.06907470253342562,-0.003451214516461465,9309.252974665738
H4,14,4.0,D1,50,both,0.0,170,8.312248995983936,-0.3110439459487227,0.42280198126824176,0.7526972053587558,0.34705882352941175,-0.0025026828872309844,-0.08694158082062282,0.1290779113880357,0.921288240404429,-0.056720495581155106,-0.0028510701479466105,9432.795044188444
H4,14,4.0,D1,50,both,1.0,170,8.312248995983936,-0.3110439459487227,0.42280198126824176,0.7526972053587558,0.34705882352941175,-0.0025026828872309844,-0.08694158082062282,0.1290779113880357,0.921288240404429,-0.056720495581155106,-0.0028510701479466105,9432.795044188444
H4,14,4.0,D1,50,long,0.0,103,5.1282374591057795,-0.0032768197280112718,0.2584344347499541,0.9961413411935922,0.3592233009708738,-3.637947776032747e-05,0.01577699916470687,0.07585240521316028,1.0186797063163213,0.002012067590558164,0.0001000826163992663,10020.120675905595
H4,14,4.0,D1,50,long,1.0,103,5.1282374591057795,-0.0032768197280112718,0.2584344347499541,0.9961413411935922,0.3592233009708738,-3.637947776032747e-05,0.01577699916470687,0.07585240521316028,1.0186797063163213,0.002012067590558164,0.0001000826163992663,10020.120675905595
H4,14,4.0,D1,50,short,0.0,84,4.150006763154335,-0.6021259889679704,0.3897295705286139,0.4725871581920014,0.30952380952380953,-0.005728728299414047,-0.27868638197673806,0.10725465556477154,0.6876647860920079,-0.09657081617432595,-0.0050048685449640695,9034.291838256744
H4,14,4.0,D1,50,short,1.0,84,4.150006763154335,-0.6021259889679704,0.3897295705286139,0.4725871581920014,0.30952380952380953,-0.005728728299414047,-0.27868638197673806,0.10725465556477154,0.6876647860920079,-0.09657081617432595,-0.0050048685449640695,9034.291838256744
H4,14,4.0,D1,80,both,0.0,206,9.809843546284224,0.13814482440642425,0.24211363624764604,1.1294455953758415,0.3737864077669903,0.001204859642227374,0.2916586467726482,0.07628575470977317,1.2985506325842158,0.23266867836138672,0.01001112672800164,12326.686783613868
H4,14,4.0,D1,80,both,1.0,206,9.809843546284224,0.13814482440642425,0.24211363624764604,1.1294455953758415,0.3737864077669903,0.001204859642227374,0.2916586467726482,0.07628575470977317,1.2985506325842158,0.23266867836138672,0.01001112672800164,12326.686783613868
H4,14,4.0,D1,80,long,0.0,115,5.5260820944612545,0.3461233941102056,0.1213324630758219,1.4979361039040793,0.4,0.004462436688344441,0.4201813153059603,0.0545619062581425,1.6339661476464227,0.2817773296037209,0.012000451121550348,12817.773296037218
H4,14,4.0,D1,80,long,1.0,115,5.5260820944612545,0.3461233941102056,0.1213324630758219,1.4979361039040793,0.4,0.004462436688344441,0.4201813153059603,0.0545619062581425,1.6339661476464227,0.2817773296037209,0.012000451121550348,12817.773296037218
H4,14,4.0,D1,80,short,0.0,99,4.79508685850683,-0.18321311051104072,0.27142807248522005,0.7972190098193043,0.3434343434343434,-0.002018940744729286,-0.0491354944154754,0.08299319698575836,0.9400476536510544,-0.025911695161921156,-0.0012707771027846704,9740.883048380789
H4,14,4.0,D1,80,short,1.0,99,4.79508685850683,-0.18321311051104072,0.27142807248522005,0.7972190098193043,0.3434343434343434,-0.002018940744729286,-0.0491354944154754,0.08299319698575836,0.9400476536510544,-0.025911695161921156,-0.0012707771027846704,9740.883048380789
H4,14,4.0,D1,120,both,0.0,231,11.15009250693802,0.2536280600179995,0.2769789163355706,1.2373850456164601,0.42424242424242425,0.002112542147812344,0.3298148768201831,0.11277620570379565,1.3144542292796508,0.2673406484607257,0.011501518548507894,12673.406484607262
H4,14,4.0,D1,120,both,1.0,231,11.15009250693802,0.2536280600179995,0.2769789163355706,1.2373850456164601,0.42424242424242425,0.002112542147812344,0.3298148768201831,0.11277620570379565,1.3144542292796508,0.2673406484607257,0.011501518548507894,12673.406484607262
H4,14,4.0,D1,120,long,0.0,127,6.130137438879345,0.37790964820088535,0.240691028871178,1.5440426351566905,0.4330708661417323,0.004590487996413823,0.4378658346221091,0.08873270098136998,1.674783998747478,0.2988279569937533,0.012700444692280266,12988.279569937515
H4,14,4.0,D1,120,long,1.0,127,6.130137438879345,0.37790964820088535,0.240691028871178,1.5440426351566905,0.4330708661417323,0.004590487996413823,0.4378658346221091,0.08873270098136998,1.674783998747478,0.2988279569937533,0.012700444692280266,12988.279569937515
H4,14,4.0,D1,120,short,0.0,108,5.674194476409666,-0.07880831912025005,0.1976789870009994,0.9139714247656686,0.4166666666666667,-0.0008033829565261782,-0.03049005098733822,0.06122415480636412,0.9675815900002972,-0.016334847447773804,-0.0008649263107736171,9836.651525522255
H4,14,4.0,D1,120,short,1.0,108,5.674194476409666,-0.07880831912025005,0.1976789870009994,0.9139714247656686,0.4166666666666667,-0.0008033829565261782,-0.03049005098733822,0.06122415480636412,0.9675815900002972,-0.016334847447773804,-0.0008649263107736171,9836.651525522255
H4,14,4.0,W1,20,both,0.0,271,13.027474335351409,0.2898033323973211,0.21414955822420378,1.264661508361774,0.3985239852398524,0.002557240640409342,0.3915735711194245,0.0891535961821992,1.3693027240530227,0.4072271699971757,0.016557956202783997,14072.271699971781
H4,14,4.0,W1,20,both,1.0,271,13.027474335351409,0.2898033323973211,0.21414955822420378,1.264661508361774,0.3985239852398524,0.002557240640409342,0.3915735711194245,0.0891535961821992,1.3693027240530227,0.4072271699971757,0.016557956202783997,14072.271699971781
H4,14,4.0,W1,20,long,0.0,156,7.499210318504869,0.44382736959256885,0.1849250172664757,1.6328992860253937,0.4230769230769231,0.005882314987910529,0.5192167179638608,0.08266732369944552,1.7785356852056733,0.49411807694976617,0.019490087867856998,14941.180769497658
H4,14,4.0,W1,20,long,1.0,156,7.499210318504869,0.44382736959256885,0.1849250172664757,1.6328992860253937,0.4230769230769231,0.005882314987910529,0.5192167179638608,0.08266732369944552,1.7785356852056733,0.49411807694976617,0.019490087867856998,14941.180769497658
H4,14,4.0,W1,20,short,0.0,141,7.1182100898410505,-0.16517417836459342,0.2709008016148665,0.8458097019383174,0.36879432624113473,-0.0015144489212266178,-0.14665754890469657,0.08578570501701266,0.8698599295301646,-0.06660719041883512,-0.0034737550828438657,9333.928095811645
H4,14,4.0,W1,20,short,1.0,141,7.1182100898410505,-0.16517417836459342,0.2709008016148665,0.8458097019383174,0.36879432624113473,-0.0015144489212266178,-0.14665754890469657,0.08578570501701266,0.8698599295301646,-0.06660719041883512,-0.0034737550828438657,9333.928095811645
H4,14,4.0,W1,32,both,0.0,277,13.622492257977648,0.33999922605898136,0.24852392498196207,1.3238297048030676,0.38267148014440433,0.003206508496344817,0.4515678269339857,0.07366463896409192,1.46872452049227,0.5880925072542502,0.023007470142242248,15880.925072542537
H4,14,4.0,W1,32,both,1.0,277,13.622492257977648,0.33999922605898136,0.24852392498196207,1.3238297048030676,0.38267148014440433,0.003206508496344817,0.4515678269339857,0.07366463896409192,1.46872452049227,0.5880925072542502,0.023007470142242248,15880.925072542537
H4,14,4.0,W1,32,long,0.0,171,8.409552982361653,0.5243089430642971,0.1679737397487232,1.7762159909286759,0.4269005847953216,0.007056815744294362,0.5827052911640201,0.07175535301959357,1.939088920444053,0.6917789031867934,0.026194388154739734,16917.78903186795
H4,14,4.0,W1,32,long,1.0,171,8.409552982361653,0.5243089430642971,0.1679737397487232,1.7762159909286759,0.4269005847953216,0.007056815744294362,0.5827052911640201,0.07175535301959357,1.939088920444053,0.6917789031867934,0.026194388154739734,16917.78903186795
H4,14,4.0,W1,32,short,0.0,135,6.936102124068083,-0.18354128212980952,0.37717252457079686,0.8305565737430458,0.34814814814814815,-0.0017425029688213371,-0.053770335523660166,0.11938768240566955,0.9465948109849849,-0.03286234959586032,-0.0017153124139499543,9671.3765040414
H4,14,4.0,W1,32,short,1.0,135,6.936102124068083,-0.18354128212980952,0.37717252457079686,0.8305565737430458,0.34814814814814815,-0.0017425029688213371,-0.053770335523660166,0.11938768240566955,0.9465948109849849,-0.03286234959586032,-0.0017153124139499543,9671.3765040414
H4,14,4.0,W1,50,both,0.0,270,13.819716928251122,0.37920410285804257,0.24712702407198062,1.38530228084226,0.3851851851851852,0.003656617224111609,0.5070373883617565,0.07942896784587428,1.5642149647067591,0.6746505379798657,0.026742091876671648,16746.505379798673
H4,14,4.0,W1,50,both,1.0,270,13.819716928251122,0.37920410285804257,0.24712702407198062,1.38530228084226,0.3851851851851852,0.003656617224111609,0.5070373883617565,0.07942896784587428,1.5642149647067591,0.6746505379798657,0.026742091876671648,16746.505379798673
H4,14,4.0,W1,50,long,0.0,175,8.969793713163064,0.4736414399069582,0.14936760051534959,1.6997838862491343,0.41714285714285715,0.006091931236996933,0.5524566920817496,0.06322269031116967,1.876769535132706,0.6654089330754291,0.02648892200292252,16654.089330754283
H4,14,4.0,W1,50,long,1.0,175,8.969793713163064,0.4736414399069582,0.14936760051534959,1.6997838862491343,0.41714285714285715,0.006091931236996933,0.5524566920817496,0.06322269031116967,1.876769535132706,0.6654089330754291,0.02648892200292252,16654.089330754283
H4,14,4.0,W1,50,short,0.0,122,6.387686353211008,-0.028495841561137585,0.24444821899419078,0.968326045737165,0.3360655737704918,-0.0003252795120336385,0.0403950808528488,0.07392676680879706,1.045262380533737,0.013787040866517941,0.0007171892053043916,10137.870408665183
H4,14,4.0,W1,50,short,1.0,122,6.387686353211008,-0.028495841561137585,0.24444821899419078,0.968326045737165,0.3360655737704918,-0.0003252795120336385,0.0403950808528488,0.07392676680879706,1.045262380533737,0.013787040866517941,0.0007171892053043916,10137.870408665183
H4,14,4.0,W1,80,both,0.0,266,14.385031092685816,0.35764475722873607,0.2704371080892717,1.35326258764019,0.37218045112781956,0.003321375065389848,0.4665342108881841,0.1153926085424144,1.519184635829116,0.6171630053679158,0.02633516685993298,16171.630053679166
H4,14,4.0,W1,80,both,1.0,266,14.385031092685816,0.35764475722873607,0.2704371080892717,1.35326258764019,0.37218045112781956,0.003321375065389848,0.4665342108881841,0.1153926085424144,1.519184635829116,0.6171630053679158,0.02633516685993298,16171.630053679166
H4,14,4.0,W1,80,long,0.0,175,9.463836245188038,0.45923801974569817,0.2617294794583399,1.6567342966187226,0.38857142857142857,0.005824703751360332,0.5325172625795204,0.09987747527152746,1.8414885954042213,0.6533578614262645,0.0275644615161863,16533.578614262675
H4,14,4.0,W1,80,long,1.0,175,9.463836245188038,0.45923801974569817,0.2617294794583399,1.6567342966187226,0.38857142857142857,0.005824703751360332,0.5325172625795204,0.09987747527152746,1.8414885954042213,0.6533578614262645,0.0275644615161863,16533.578614262675
H4,14,4.0,W1,80,short,0.0,104,6.595936794582393,-0.11980258938446946,0.2218067649297757,0.8808595479167338,0.33653846153846156,-0.0012515956984660223,-0.11933730806512148,0.05797516008200676,0.8866589399709983,-0.04601433686454803,-0.002983160664643103,9539.856631354525
H4,14,4.0,W1,80,short,1.0,104,6.595936794582393,-0.11980258938446946,0.2218067649297757,0.8808595479167338,0.33653846153846156,-0.0012515956984660223,-0.11933730806512148,0.05797516008200676,0.8866589399709983,-0.04601433686454803,-0.002983160664643103,9539.856631354525
H4,14,4.0,W1,120,both,0.0,244,14.437226632107567,0.402928429085395,0.28233982423542137,1.4071911369029295,0.38114754098360654,0.0036452819625675975,0.531448612381487,0.09257346443855974,1.5820509325041254,0.6255226873886914,0.02916317665081647,16255.226873886892
H4,14,4.0,W1,120,both,1.0,244,14.437226632107567,0.402928429085395,0.28233982423542137,1.4071911369029295,0.38114754098360654,0.0036452819625675975,0.531448612381487,0.09257346443855974,1.5820509325041254,0.6255226873886914,0.02916317665081647,16255.226873886892
H4,14,4.0,W1,120,long,0.0,166,9.822047626761705,0.39774521707509214,0.3044607155883816,1.5322058190097323,0.39759036144578314,0.004838823828019306,0.5210294723849085,0.09334631783994052,1.808193001330142,0.5480955341441627,0.026195571735684764,15480.955341441606
H4,14,4.0,W1,120,long,1.0,166,9.822047626761705,0.39774521707509214,0.3044607155883816,1.5322058190097323,0.39759036144578314,0.004838823828019306,0.5210294723849085,0.09334631783994052,1.808193001330142,0.5480955341441627,0.026195571735684764,15480.955341441606
H4,14,4.0,W1,120,short,0.0,92,6.80498177399757,-0.043489239563710494,0.22997415005248634,0.9560708912251996,0.33695652173913043,-0.000387874701808146,-0.024415422637684852,0.10451406930717089,0.9757501238574349,-0.01248775434585725,-0.0009290681258630196,9875.122456541436
H4,14,4.0,W1,120,short,1.0,92,6.80498177399757,-0.043489239563710494,0.22997415005248634,0.9560708912251996,0.33695652173913043,-0.000387874701808146,-0.024415422637684852,0.10451406930717089,0.9757501238574349,-0.01248775434585725,-0.0009290681258630196,9875.122456541436
H4,10,1.0,none,0,both,0.0,2687,124.24696164071402,0.3286078799681541,0.22291255900708984,1.1012504560199095,0.28470413100111647,0.0003460709975441852,0.35725494265125657,0.23954088349265623,1.1224838226767015,1.368616752191163,0.040678664059961234,23686.167521911568
H4,10,1.0,none,0,both,1.0,2687,124.24696164071402,0.3286078799681541,0.22291255900708984,1.1012504560199095,0.28470413100111647,0.0003460709975441852,0.35725494265125657,0.23954088349265623,1.1224838226767015,1.368616752191163,0.040678664059961234,23686.167521911568
H4,10,1.0,none,0,long,0.0,2109,97.532571537098,0.6405406460270682,0.2992025733181828,1.2535110354354788,0.2897107633949739,0.0008369492524983532,0.6468091117683913,0.2319496060776437,1.3066626155940373,3.3773816971271593,0.0706648087089845,43773.81697127119
H4,10,1.0,none,0,long,1.0,2109,97.532571537098,0.6405406460270682,0.2992025733181828,1.2535110354354788,0.2897107633949739,0.0008369492524983532,0.6468091117683913,0.2319496060776437,1.3066626155940373,3.3773816971271593,0.0706648087089845,43773.81697127119
H4,10,1.0,none,0,short,0.0,2110,97.56646410938093,-0.27903840812551034,0.5654966041359463,0.9140104323696006,0.2682464454976303,-0.00029189790253537684,-0.15684760862080532,0.6031383332309063,0.9496583238555056,-0.45533704949666565,-0.027703901574651857,5446.629505033343
H4,10,1.0,none,0,short,1.0,2110,97.56646410938093,-0.27903840812551034,0.5654966041359463,0.9140104323696006,0.2682464454976303,-0.00029189790253537684,-0.15684760862080532,0.6031383332309063,0.9496583238555056,-0.45533704949666565,-0.027703901574651857,5446.629505033343
H4,10,1.0,D1,20,both,0.0,1778,82.73850171996433,0.5062878936925623,0.21936534046611822,1.2169583932535672,0.2907761529808774,0.0007048344102859013,0.5319574545623488,0.15825245317547987,1.2904566293647526,2.316875769282364,0.05738201760947792,33168.75769282361
H4,10,1.0,D1,20,both,1.0,1778,82.73850171996433,0.5062878936925623,0.21936534046611822,1.2169583932535672,0.2907761529808774,0.0007048344102859013,0.5319574545623488,0.15825245317547987,1.2904566293647526,2.316875769282364,0.05738201760947792,33168.75769282361
H4,10,1.0,D1,20,long,0.0,988,45.976175308956556,0.6004288468817818,0.12345711912412494,1.3931344550523148,0.2894736842105263,0.0012454209147945393,0.5485342763209375,0.10149042668297958,1.4743222850204798,2.2794889962048073,0.05682439388837901,32794.88996204794
H4,10,1.0,D1,20,long,1.0,988,45.976175308956556,0.6004288468817818,0.12345711912412494,1.3931344550523148,0.2894736842105263,0.0012454209147945393,0.5485342763209375,0.10149042668297958,1.4743222850204798,2.2794889962048073,0.05682439388837901,32794.88996204794
H4,10,1.0,D1,20,short,0.0,896,41.95692307692308,-0.08425121244877938,0.29445976757736625,0.9598796250472886,0.28236607142857145,-0.00013355302399112074,-0.022245563346237424,0.289002217647335,0.9896670829166919,-0.08188721876704341,-0.003992668091947316,9181.127812329545
H4,10,1.0,D1,20,short,1.0,896,41.95692307692308,-0.08425121244877938,0.29445976757736625,0.9598796250472886,0.28236607142857145,-0.00013355302399112074,-0.022245563346237424,0.289002217647335,0.9896670829166919,-0.08188721876704341,-0.003992668091947316,9181.127812329545
H4,10,1.0,D1,32,both,0.0,1859,86.8286125319693,0.5497100474796135,0.20227932346101696,1.2349737445467106,0.28994082840236685,0.0007605509381684441,0.5288733893630544,0.15242025785194613,1.2980466362314158,2.252322075800182,0.056630412260368024,32523.2207580018
H4,10,1.0,D1,32,both,1.0,1859,86.8286125319693,0.5497100474796135,0.20227932346101696,1.2349737445467106,0.28994082840236685,0.0007605509381684441,0.5288733893630544,0.15242025785194613,1.2980466362314158,2.252322075800182,0.056630412260368024,32523.2207580018
H4,10,1.0,D1,32,long,0.0,1039,48.62823552024603,0.6175387820809055,0.14966978503153006,1.388792956601441,0.29740134744947067,0.0012344286199887867,0.5438035476604165,0.11931938917762941,1.4620340491643602,2.215485096130323,0.05618651482787618,32154.85096130318
H4,10,1.0,D1,32,long,1.0,1039,48.62823552024603,0.6175387820809055,0.14966978503153006,1.388792956601441,0.29740134744947067,0.0012344286199887867,0.5438035476604165,0.11931938917762941,1.4620340491643602,2.215485096130323,0.05618651482787618,32154.85096130318
H4,10,1.0,D1,32,short,0.0,905,42.4055484284798,0.17366929434151024,0.2472994235580901,1.093660222359082,0.2850828729281768,0.0003030351961475048,0.1958566749994399,0.22622584166313997,1.1081968447517223,0.27686387071394014,0.011517994659356656,12768.638707139371
H4,10,1.0,D1,32,short,1.0,905,42.4055484284798,0.17366929434151024,0.2472994235580901,1.093660222359082,0.2850828729281768,0.0003030351961475048,0.1958566749994399,0.22622584166313997,1.1081968447517223,0.27686387071394014,0.011517994659356656,12768.638707139371
H4,10,1.0,D1,50,both,0.0,1889,88.70625482129081,0.3016676200394948,0.3515513636627239,1.1188058207717448,0.2811011116993118,0.00039456871596889336,0.3218569123198476,0.3062659015271346,1.1613391659470824,1.1047682112383455,0.035565253414910014,21047.682112383427
H4,10,1.0,D1,50,both,1.0,1889,88.70625482129081,0.3016676200394948,0.3515513636627239,1.1188058207717448,0.2811011116993118,0.00039456871596889336,0.3218569123198476,0.3062659015271346,1.1613391659470824,1.1047682112383455,0.035565253414910014,21047.682112383427
H4,10,1.0,D1,50,long,0.0,1042,48.93166623810748,0.4739592327485581,0.18346164058847758,1.2834847274584487,0.28598848368522073,0.0009361034621937053,0.46654903500035866,0.1794180803756723,1.3742139250893357,1.8829913062066916,0.05097879691447682,28829.913062066982
H4,10,1.0,D1,50,long,1.0,1042,48.93166623810748,0.4739592327485581,0.18346164058847758,1.2834847274584487,0.28598848368522073,0.0009361034621937053,0.46654903500035866,0.1794180803756723,1.3742139250893357,1.8829913062066916,0.05097879691447682,28829.913062066982
H4,10,1.0,D1,50,short,0.0,898,42.64653491093486,-0.17965004600506732,0.4066025889190398,0.9167663342165695,0.27616926503340755,-0.0002740884336697553,-0.21165526888536473,0.4610186587361187,0.9073715134135242,-0.2991508511537343,-0.016739435382519208,7008.491488462667
H4,10,1.0,D1,50,short,1.0,898,42.64653491093486,-0.17965004600506732,0.4066025889190398,0.9167663342165695,0.27616926503340755,-0.0002740884336697553,-0.21165526888536473,0.4610186587361187,0.9073715134135242,-0.2991508511537343,-0.016739435382519208,7008.491488462667
H4,10,1.0,D1,80,both,0.0,1898,90.02006232956758,0.4359197577253283,0.17085360143376838,1.1758045875595204,0.2892518440463646,0.0005842886806017156,0.45412458204430445,0.16021783237690113,1.2282737300419415,1.9307933181329364,0.05232187056348003,29307.93318132923
H4,10,1.0,D1,80,both,1.0,1898,90.02006232956758,0.4359197577253283,0.17085360143376838,1.1758045875595204,0.2892518440463646,0.0005842886806017156,0.45412458204430445,0.16021783237690113,1.2282737300419415,1.9307933181329364,0.05232187056348003,29307.93318132923
H4,10,1.0,D1,80,long,0.0,1027,49.02139963408259,0.5270369118851174,0.21528394319559752,1.3106452438136122,0.29600778967867575,0.001056215652284083,0.5246923155503447,0.16671866207255215,1.37730527183947,2.111392306073881,0.0556744784239489,31113.92306073886
H4,10,1.0,D1,80,long,1.0,1027,49.02139963408259,0.5270369118851174,0.21528394319559752,1.3106452438136122,0.29600778967867575,0.001056215652284083,0.5246923155503447,0.16671866207255215,1.37730527183947,2.111392306073881,0.0556744784239489,31113.92306073886
H4,10,1.0,D1,80,short,0.0,922,43.871873371547686,0.022728000403041283,0.26353889499231264,1.0115883645211057,0.279826464208243,3.750832799149661e-05,0.029370323914763317,0.26835917478835447,1.0151869466241246,-0.013798859976583033,-0.0006609500798326895,9862.011400234225
H4,10,1.0,D1,80,short,1.0,922,43.871873371547686,0.022728000403041283,0.26353889499231264,1.0115883645211057,0.279826464208243,3.750832799149661e-05,0.029370323914763317,0.26835917478835447,1.0151869466241246,-0.013798859976583033,-0.0006609500798326895,9862.011400234225
H4,10,1.0,D1,120,both,0.0,1923,92.36924644923724,0.5296856385955749,0.16175655495640884,1.2137906142689878,0.29433177327093085,0.0007090788396454711,0.5946959717735768,0.14816797773974388,1.2965182934866977,2.825550163117123,0.06656929735682104,38255.501631171355
H4,10,1.0,D1,120,both,1.0,1923,92.36924644923724,0.5296856385955749,0.16175655495640884,1.2137906142689878,0.29433177327093085,0.0007090788396454711,0.5946959717735768,0.14816797773974388,1.2965182934866977,2.825550163117123,0.06656929735682104,38255.501631171355
H4,10,1.0,D1,120,long,0.0,1041,50.00332062072593,0.6783618323231165,0.19131785579801652,1.4128723143877318,0.3035542747358309,0.0014109938032535142,0.6661237777416733,0.15305426333425343,1.5017293674059835,2.923930999132515,0.06787094452443809,39239.30999132519
H4,10,1.0,D1,120,long,1.0,1041,50.00332062072593,0.6783618323231165,0.19131785579801652,1.4128723143877318,0.3035542747358309,0.0014109938032535142,0.6661237777416733,0.15305426333425343,1.5017293674059835,2.923930999132515,0.06787094452443809,39239.30999132519
H4,10,1.0,D1,120,short,0.0,911,44.147903675202336,-0.01511968587703859,0.3320239443587173,0.9924527887351419,0.2843029637760702,-2.4080166540526697e-05,0.09059447647461628,0.3232776468685733,1.0469065416818522,0.08801470468505768,0.004096272003777823,10880.147046850592
H4,10,1.0,D1,120,short,1.0,911,44.147903675202336,-0.01511968587703859,0.3320239443587173,0.9924527887351419,0.2843029637760702,-2.4080166540526697e-05,0.09059447647461628,0.3232776468685733,1.0469065416818522,0.08801470468505768,0.004096272003777823,10880.147046850592
H4,10,1.0,W1,20,both,0.0,1981,95.05520888071466,0.33607795704848714,0.30566506679660144,1.1267875223670076,0.2847046945986875,0.00043052177004271113,0.4425400845863049,0.3424081977932538,1.2054184194232345,2.0120140805895166,0.05433156662474459,30120.14080589525
H4,10,1.0,W1,20,both,1.0,1981,95.05520888071466,0.33607795704848714,0.30566506679660144,1.1267875223670076,0.2847046945986875,0.00043052177004271113,0.4425400845863049,0.3424081977932538,1.2054184194232345,2.0120140805895166,0.05433156662474459,30120.14080589525
H4,10,1.0,W1,20,long,0.0,1114,53.45356016815554,0.5394267773585892,0.18783717179066706,1.3056927008849892,0.2872531418312388,0.001067226819297602,0.5808197976643242,0.19583006345130882,1.4096821581399244,2.706510519576388,0.06488059577120131,37065.10519576409
H4,10,1.0,W1,20,long,1.0,1114,53.45356016815554,0.5394267773585892,0.18783717179066706,1.3056927008849892,0.2872531418312388,0.001067226819297602,0.5808197976643242,0.19583006345130882,1.4096821581399244,2.706510519576388,0.06488059577120131,37065.10519576409
H4,10,1.0,W1,20,short,0.0,929,45.47878970647367,-0.27843513535529146,0.38391758545981514,0.8815752401856062,0.27879440258342303,-0.0003938574631530099,-0.19181024146066877,0.41613049247813294,0.9199893507821327,-0.2907833732601529,-0.01667983224825398,7092.16626739849
H4,10,1.0,W1,20,short,1.0,929,45.47878970647367,-0.27843513535529146,0.38391758545981514,0.8815752401856062,0.27879440258342303,-0.0003938574631530099,-0.19181024146066877,0.41613049247813294,0.9199893507821327,-0.2907833732601529,-0.01667983224825398,7092.16626739849
H4,10,1.0,W1,32,both,0.0,1938,95.09060988715744,0.24608730719679764,0.46274263546922156,1.0931851046670942,0.2853457172342621,0.00032212793862500434,0.39706415743217116,0.47247931392914033,1.1784663617155264,1.9056014777116994,0.05372991015447526,29056.014777117016
H4,10,1.0,W1,32,both,1.0,1938,95.09060988715744,0.24608730719679764,0.46274263546922156,1.0931851046670942,0.2853457172342621,0.00032212793862500434,0.39706415743217116,0.47247931392914033,1.1784663617155264,1.9056014777116994,0.05372991015447526,29056.014777117016
H4,10,1.0,W1,32,long,0.0,1114,54.659927458355725,0.50234818532748,0.2898326782886167,1.2782128978714162,0.2980251346499102,0.000979274884454248,0.5708956330820614,0.2786057527953094,1.3888914512972794,2.6555554707399263,0.06566836665136,36555.55470739941
H4,10,1.0,W1,32,long,1.0,1114,54.659927458355725,0.50234818532748,0.2898326782886167,1.2782128978714162,0.2980251346499102,0.000979274884454248,0.5708956330820614,0.2786057527953094,1.3888914512972794,2.6555554707399263,0.06566836665136,36555.55470739941
H4,10,1.0,W1,32,short,0.0,884,44.590664272890486,-0.3214174373061778,0.4695244705552434,0.8543767362406661,0.2658371040723982,-0.0004946013928235515,-0.17257040556366704,0.41979151703796114,0.9157351741210111,-0.3359790078901538,-0.020441206495494635,6640.2099210984425
H4,10,1.0,W1,32,short,1.0,884,44.590664272890486,-0.3214174373061778,0.4695244705552434,0.8543767362406661,0.2658371040723982,-0.0004946013928235515,-0.17257040556366704,0.41979151703796114,0.9157351741210111,-0.3359790078901538,-0.020441206495494635,6640.2099210984425
H4,10,1.0,W1,50,both,0.0,1887,95.83241796440488,0.40956215978431315,0.34702573463288855,1.1596980776254349,0.2872284048754637,0.0005375454523213664,0.5676016793638964,0.28238105033296157,1.2571709455268354,2.8734207990219884,0.07119056386769018,38734.20799021984
H4,10,1.0,W1,50,both,1.0,1887,95.83241796440488,0.40956215978431315,0.34702573463288855,1.1596980776254349,0.2872284048754637,0.0005375454523213664,0.5676016793638964,0.28238105033296157,1.2571709455268354,2.8734207990219884,0.07119056386769018,38734.20799021984
H4,10,1.0,W1,50,long,0.0,1164,59.11443270300333,0.6317628106340946,0.23477255932504404,1.3531492734167117,0.29982817869415807,0.001144670391549033,0.6786882752858243,0.20096370856582768,1.4548599853760515,3.2166983778372957,0.0758199713879324,42166.983778373185
H4,10,1.0,W1,50,long,1.0,1164,59.11443270300333,0.6317628106340946,0.23477255932504404,1.3531492734167117,0.29982817869415807,0.001144670391549033,0.6786882752858243,0.20096370856582768,1.4548599853760515,3.2166983778372957,0.0758199713879324,42166.983778373185
H4,10,1.0,W1,50,short,0.0,785,40.85512254203476,-0.3509319852700683,0.4486443916913897,0.8379981331783211,0.2624203821656051,-0.0005785533273944803,-0.12031838241157107,0.4231363645355941,0.9375336792705109,-0.25163044805771106,-0.014972386398355297,7483.695519422883
H4,10,1.0,W1,50,short,1.0,785,40.85512254203476,-0.3509319852700683,0.4486443916913897,0.8379981331783211,0.2624203821656051,-0.0005785533273944803,-0.12031838241157107,0.4231363645355941,0.9375336792705109,-0.25163044805771106,-0.014972386398355297,7483.695519422883
H4,10,1.0,W1,80,both,0.0,1794,96.75996751329001,0.45341123056937666,0.3914426825107863,1.1793896291999992,0.28818283166109254,0.0005890080974163592,0.5822735103820494,0.3408524616319657,1.268770718138797,2.7871682716719435,0.07446329547490604,37871.68271671933
H4,10,1.0,W1,80,both,1.0,1794,96.75996751329001,0.45341123056937666,0.3914426825107863,1.1793896291999992,0.28818283166109254,0.0005890080974163592,0.5822735103820494,0.3408524616319657,1.268770718138797,2.7871682716719435,0.07446329547490604,37871.68271671933
H4,10,1.0,W1,80,long,0.0,1134,61.25310559006211,0.6527050452077938,0.24441930817397706,1.3737613457275077,0.29365079365079366,0.0011632760367704695,0.6693017600593183,0.2350068629640082,1.452310058488568,3.05623178524442,0.07856867372454568,40562.31785244417
H4,10,1.0,W1,80,long,1.0,1134,61.25310559006211,0.6527050452077938,0.24441930817397706,1.3737613457275077,0.29365079365079366,0.0011632760367704695,0.6693017600593183,0.2350068629640082,1.452310058488568,3.05623178524442,0.07856867372454568,40562.31785244417
H4,10,1.0,W1,80,short,0.0,687,41.230159382188624,-0.2756499638197426,0.39214976029905524,0.8764080315975903,0.2780203784570597,-0.00044128229957634277,-0.15170823022626548,0.3650169641944747,0.933446867855384,-0.2305953974695174,-0.015609070661342872,7694.046025304837
H4,10,1.0,W1,80,short,1.0,687,41.230159382188624,-0.2756499638197426,0.39214976029905524,0.8764080315975903,0.2780203784570597,-0.00044128229957634277,-0.15170823022626548,0.3650169641944747,0.933446867855384,-0.2305953974695174,-0.015609070661342872,7694.046025304837
H4,10,1.0,W1,120,both,0.0,1664,97.85477378843987,0.4083147462544814,0.3486630683369635,1.1642310677152132,0.27584134615384615,0.0005195486950878481,0.5671008722103239,0.309090191351827,1.260099169009059,2.7138249080774433,0.08021315804575546,37138.249080774294
H4,10,1.0,W1,120,both,1.0,1664,97.85477378843987,0.4083147462544814,0.3486630683369635,1.1642310677152132,0.27584134615384615,0.0005195486950878481,0.5671008722103239,0.309090191351827,1.260099169009059,2.7138249080774433,0.08021315804575546,37138.249080774294
H4,10,1.0,W1,120,long,0.0,1074,63.301355494594155,0.5244187728004361,0.2564951554682271,1.2825611657668907,0.2811918063314711,0.0009044529339844739,0.6277845822119086,0.25692337771416207,1.3794244972597562,2.7815561009348446,0.08155296461689243,37815.56100934844
H4,10,1.0,W1,120,long,1.0,1074,63.301355494594155,0.5244187728004361,0.2564951554682271,1.2825611657668907,0.2811918063314711,0.0009044529339844739,0.6277845822119086,0.25692337771416207,1.3794244972597562,2.7815561009348446,0.08155296461689243,37815.56100934844
H4,10,1.0,W1,120,short,0.0,612,41.51030640668524,-0.058652869273356334,0.21770964324676367,0.9696233891902337,0.27124183006535946,-9.27715995652387e-05,0.0521010850725595,0.22053747011324765,1.0296392640369676,0.011311909511184437,0.0007632402616810641,10113.119095111868
H4,10,1.0,W1,120,short,1.0,612,41.51030640668524,-0.058652869273356334,0.21770964324676367,0.9696233891902337,0.27124183006535946,-9.27715995652387e-05,0.0521010850725595,0.22053747011324765,1.0296392640369676,0.011311909511184437,0.0007632402616810641,10113.119095111868
H4,14,2.0,none,0,both,0.0,1087,50.275642649107255,0.6708629801914917,0.2227484783662781,1.3660896586721845,0.3578656853725851,0.001907352525403921,0.6719380509099986,0.18014698616087665,1.4246603344645266,3.0271103864592854,0.06655192611757799,40271.1038645928
H4,14,2.0,none,0,both,1.0,1087,50.275642649107255,0.6708629801914917,0.2227484783662781,1.3660896586721845,0.3578656853725851,0.001907352525403921,0.6719380509099986,0.18014698616087665,1.4246603344645266,3.0271103864592854,0.06655192611757799,40271.1038645928
H4,14,2.0,none,0,long,0.0,954,44.12974924012158,0.6867658292477333,0.24699490505961086,1.4044930805868177,0.3658280922431866,0.002072491239223901,0.7086635937087908,0.17805301537003115,1.4828364156467173,3.2334011627282777,0.06902816631528164,42334.01162728258
H4,14,2.0,none,0,long,1.0,954,44.12974924012158,0.6867658292477333,0.24699490505961086,1.4044930805868177,0.3658280922431866,0.002072491239223901,0.7086635937087908,0.17805301537003115,1.4828364156467173,3.2334011627282777,0.06902816631528164,42334.01162728258
H4,14,2.0,none,0,short,0.0,955,44.1648202076475,-0.1003938716261361,0.3567213265822372,0.9563562582244094,0.3099476439790576,-0.00024171703595995346,-0.05558923346582611,0.2936935713634531,0.9756327755414931,-0.15168698972431016,-0.007578841496934774,8483.130102756888
H4,14,2.0,none,0,short,1.0,955,44.1648202076475,-0.1003938716261361,0.3567213265822372,0.9563562582244094,0.3099476439790576,-0.00024171703595995346,-0.05558923346582611,0.2936935713634531,0.9756327755414931,-0.15168698972431016,-0.007578841496934774,8483.130102756888
H4,14,2.0,D1,20,both,0.0,619,28.841657099119782,0.4526532690625096,0.18592393039357857,1.3004208625368734,0.3441033925686591,0.0015806770728697855,0.5807444430565634,0.1450134881440922,1.4249977617159515,1.3500487368927199,0.04061465626792904,23500.487368927235
H4,14,2.0,D1,20,both,1.0,619,28.841657099119782,0.4526532690625096,0.18592393039357857,1.3004208625368734,0.3441033925686591,0.0015806770728697855,0.5807444430565634,0.1450134881440922,1.4249977617159515,1.3500487368927199,0.04061465626792904,23500.487368927235
H4,14,2.0,D1,20,long,0.0,361,16.820417145044008,0.5847922952830593,0.1395517447414365,1.5712866139616348,0.3656509695290859,0.0028231694076156595,0.6642073288532732,0.09476149668737532,1.709214042838868,1.3450651267587195,0.04051173002747399,23450.65126758715
H4,14,2.0,D1,20,long,1.0,361,16.820417145044008,0.5847922952830593,0.1395517447414365,1.5712866139616348,0.3656509695290859,0.0028231694076156595,0.6642073288532732,0.09476149668737532,1.709214042838868,1.3450651267587195,0.04051173002747399,23450.65126758715
H4,14,2.0,D1,20,short,0.0,332,15.663006974941876,0.006904444239700012,0.22890403759200562,1.0052724562371234,0.3072289156626506,2.846446035791825e-05,0.11123247667359487,0.15554541197847027,1.0925120744693126,0.09714868415477662,0.004383649893807684,10971.486841547743
H4,14,2.0,D1,20,short,1.0,332,15.663006974941876,0.006904444239700012,0.22890403759200562,1.0052724562371234,0.3072289156626506,2.846446035791825e-05,0.11123247667359487,0.15554541197847027,1.0925120744693126,0.09714868415477662,0.004383649893807684,10971.486841547743
H4,14,2.0,D1,32,both,0.0,695,32.46562859700729,0.438478994963947,0.2094383994010922,1.2687938584979086,0.3510791366906475,0.0013838381761864954,0.5133180822728539,0.15334553706164755,1.3268978826988627,1.13642969152701,0.0360978874679303,21364.29691527004
H4,14,2.0,D1,32,both,1.0,695,32.46562859700729,0.438478994963947,0.2094383994010922,1.2687938584979086,0.3510791366906475,0.0013838381761864954,0.5133180822728539,0.15334553706164755,1.3268978826988627,1.13642969152701,0.0360978874679303,21364.29691527004
H4,14,2.0,D1,32,long,0.0,401,18.782412156963325,0.6613694489607571,0.15097625186032915,1.6183050888028598,0.3790523690773067,0.002889702720445035,0.7061440309281968,0.11831061070090365,1.6574946473531573,1.333300866638219,0.040483881923924825,23333.00866638218
H4,14,2.0,D1,32,long,1.0,401,18.782412156963325,0.6613694489607571,0.15097625186032915,1.6183050888028598,0.3790523690773067,0.002889702720445035,0.7061440309281968,0.11831061070090365,1.6574946473531573,1.333300866638219,0.040483881923924825,23333.00866638218
H4,14,2.0,D1,32,short,0.0,338,15.890655167975288,-0.04560827493156361,0.2657826698076021,0.9657403355018136,0.3106508875739645,-0.00018904000752173976,0.08500313301879311,0.17596738282857893,1.0700626919795033,0.06889966174142947,0.003137428122877761,10688.99661741428
H4,14,2.0,D1,32,short,1.0,338,15.890655167975288,-0.04560827493156361,0.2657826698076021,0.9657403355018136,0.3106508875739645,-0.00018904000752173976,0.08500313301879311,0.17596738282857893,1.0700626919795033,0.06889966174142947,0.003137428122877761,10688.99661741428
H4,14,2.0,D1,50,both,0.0,729,34.23338261763949,0.2583899031724886,0.2619702597028315,1.1461353161631345,0.33607681755829905,0.0007869762442783384,0.3480220454204834,0.1974068196792721,1.2117085874471456,0.7347657919921946,0.026206119676034145,17347.65791992193
H4,14,2.0,D1,50,both,1.0,729,34.23338261763949,0.2583899031724886,0.2619702597028315,1.1461353161631345,0.33607681755829905,0.0007869762442783384,0.3480220454204834,0.1974068196792721,1.2117085874471456,0.7347657919921946,0.026206119676034145,17347.65791992193
H4,14,2.0,D1,50,long,0.0,408,19.159424016456672,0.597155341460163,0.15536790517011334,1.553002445269495,0.36519607843137253,0.002650453641915255,0.6053097956723645,0.11291480432667922,1.5930368500816412,1.2869360524287043,0.03960974889500757,22869.360524287033
H4,14,2.0,D1,50,long,1.0,408,19.159424016456672,0.597155341460163,0.15536790517011334,1.553002445269495,0.36519607843137253,0.002650453641915255,0.6053097956723645,0.11291480432667922,1.5930368500816412,1.2869360524287043,0.03960974889500757,22869.360524287033
H4,14,2.0,D1,50,short,0.0,358,16.922414908761485,-0.3161235107324481,0.390207212946604,0.79989298245523,0.2988826815642458,-0.0011846584793470977,-0.2193492443550728,0.26983282361719974,0.8591696590567095,-0.2101193983319961,-0.011087651834638335,7898.806016680051
H4,14,2.0,D1,50,short,1.0,358,16.922414908761485,-0.3161235107324481,0.390207212946604,0.79989298245523,0.2988826815642458,-0.0011846584793470977,-0.2193492443550728,0.26983282361719974,0.8591696590567095,-0.2101193983319961,-0.011087651834638335,7898.806016680051
H4,14,2.0,D1,80,both,0.0,765,36.283112582781456,0.23881565061756196,0.29652802107764387,1.1297670402453557,0.3464052287581699,0.0007085724038894904,0.4031788799916423,0.21539332946051137,1.2388503146100875,0.8917414187241552,0.030697566823170153,18917.41418724161
H4,14,2.0,D1,80,both,1.0,765,36.283112582781456,0.23881565061756196,0.29652802107764387,1.1297670402453557,0.3464052287581699,0.0007085724038894904,0.4031788799916423,0.21539332946051137,1.2388503146100875,0.8917414187241552,0.030697566823170153,18917.41418724161
H4,14,2.0,D1,80,long,0.0,426,20.371366849960722,0.5024491712237044,0.17098831089404287,1.4152282302835182,0.3755868544600939,0.002154980938844091,0.6081276485432864,0.1255321501146619,1.5546894404426945,1.333794555999722,0.041359767992506846,23337.945559997228
H4,14,2.0,D1,80,long,1.0,426,20.371366849960722,0.5024491712237044,0.17098831089404287,1.4152282302835182,0.3755868544600939,0.002154980938844091,0.6081276485432864,0.1255321501146619,1.5546894404426945,1.333794555999722,0.041359767992506846,23337.945559997228
H4,14,2.0,D1,80,short,0.0,362,17.267924774715947,-0.14032997529675778,0.2809992665129619,0.9030501564403768,0.3149171270718232,-0.0005546896271094273,0.017868171328016606,0.16585171785789055,1.01324725867807,-0.008111033831679104,-0.0003884102700874026,9918.889661683217
H4,14,2.0,D1,80,short,1.0,362,17.267924774715947,-0.14032997529675778,0.2809992665129619,0.9030501564403768,0.3149171270718232,-0.0005546896271094273,0.017868171328016606,0.16585171785789055,1.01324725867807,-0.008111033831679104,-0.0003884102700874026,9918.889661683217
H4,14,2.0,D1,120,both,0.0,801,38.47011834319527,0.4494138379944341,0.22498878542051026,1.2498089338670668,0.3533083645443196,0.0013407304780800047,0.6240508136934312,0.15103802237252506,1.3682928694014385,1.663526541910235,0.04817473104878367,26635.26541910236
H4,14,2.0,D1,120,both,1.0,801,38.47011834319527,0.4494138379944341,0.22498878542051026,1.2498089338670668,0.3533083645443196,0.0013407304780800047,0.6240508136934312,0.15103802237252506,1.3682928694014385,1.663526541910235,0.04817473104878367,26635.26541910236
H4,14,2.0,D1,120,long,0.0,448,21.52203077732474,0.6574633279355655,0.13928808964927286,1.555442207378009,0.39285714285714285,0.002814429617036811,0.7527967020228878,0.12505006311239486,1.6599090896940798,1.6724407035748063,0.048355962605557856,26724.407035748
H4,14,2.0,D1,120,long,1.0,448,21.52203077732474,0.6574633279355655,0.13928808964927286,1.555442207378009,0.39285714285714285,0.002814429617036811,0.7527967020228878,0.12505006311239486,1.6599090896940798,1.6724407035748063,0.048355962605557856,26724.407035748
H4,14,2.0,D1,120,short,0.0,372,18.250235057085295,-0.0945627824932312,0.31256984794140663,0.9359006781195726,0.30913978494623656,-0.0003617227839421591,0.07638069763923412,0.17104484696875888,1.0564934533102672,0.057864057781146894,0.0027635136821695383,10578.640577811482
H4,14,2.0,D1,120,short,1.0,372,18.250235057085295,-0.0945627824932312,0.31256984794140663,0.9359006781195726,0.30913978494623656,-0.0003617227839421591,0.07638069763923412,0.17104484696875888,1.0564934533102672,0.057864057781146894,0.0027635136821695383,10578.640577811482
H4,14,2.0,W1,20,both,0.0,863,41.420597897503285,0.4056393070210743,0.2555688806680445,1.2154544878879852,0.34762456546929316,0.0011645567069068603,0.5400230886644912,0.22564586215807614,1.2911833108112674,1.3598226829816147,0.04206963199220137,23598.226829816078
H4,14,2.0,W1,20,both,1.0,863,41.420597897503285,0.4056393070210743,0.2555688806680445,1.2154544878879852,0.34762456546929316,0.0011645567069068603,0.5400230886644912,0.22564586215807614,1.2911833108112674,1.3598226829816147,0.04206963199220137,23598.226829816078
H4,14,2.0,W1,20,long,0.0,498,23.90203679369251,0.5517450720698375,0.19209697904472078,1.4222801778841014,0.37349397590361444,0.002293641109696934,0.6562529711564421,0.17250162306097083,1.51528280379231,1.486844137832526,0.044695133146071875,24868.44137832524
H4,14,2.0,W1,20,long,1.0,498,23.90203679369251,0.5517450720698375,0.19209697904472078,1.4222801778841014,0.37349397590361444,0.002293641109696934,0.6562529711564421,0.17250162306097083,1.51528280379231,1.486844137832526,0.044695133146071875,24868.44137832524
H4,14,2.0,W1,20,short,0.0,417,20.457924781732707,-0.11715890190621209,0.22238523322163517,0.9260381565765018,0.30935251798561153,-0.00040605830413646704,0.011390793766780389,0.17837350384897732,1.0073613093949143,-0.01712509655188099,-0.0008470714119882539,9828.749034481194
H4,14,2.0,W1,20,short,1.0,417,20.457924781732707,-0.11715890190621209,0.22238523322163517,0.9260381565765018,0.30935251798561153,-0.00040605830413646704,0.011390793766780389,0.17837350384897732,1.0073613093949143,-0.01712509655188099,-0.0008470714119882539,9828.749034481194
H4,14,2.0,W1,32,both,0.0,851,41.76669578070411,0.26904474946200047,0.27787130922337844,1.135984878849288,0.33490011750881316,0.0007538593757166719,0.45333852660384905,0.2163605734774181,1.24964562395427,1.1749390247640945,0.038871304934278594,21749.39024764084
H4,14,2.0,W1,32,both,1.0,851,41.76669578070411,0.26904474946200047,0.27787130922337844,1.135984878849288,0.33490011750881316,0.0007538593757166719,0.45333852660384905,0.2163605734774181,1.24964562395427,1.1749390247640945,0.038871304934278594,21749.39024764084
H4,14,2.0,W1,32,long,0.0,502,24.63793335124966,0.509450655431858,0.2438262283635666,1.380922362494662,0.3605577689243028,0.002057987071828758,0.6016106257444961,0.1626056328572063,1.4686555085035153,1.3630726101864292,0.04310994455773631,23630.72610186431
H4,14,2.0,W1,32,long,1.0,502,24.63793335124966,0.509450655431858,0.2438262283635666,1.380922362494662,0.3605577689243028,0.002057987071828758,0.6016106257444961,0.1626056328572063,1.4686555085035153,1.3630726101864292,0.04310994455773631,23630.72610186431
H4,14,2.0,W1,32,short,0.0,398,20.131491483174077,-0.20137065645936464,0.285964258657043,0.877036188573083,0.3065326633165829,-0.0006840287776124851,-0.04542425307699307,0.1925514441517051,0.969636984873055,-0.08057589429444922,-0.004240235579824447,9194.241057055528
H4,14,2.0,W1,32,short,1.0,398,20.131491483174077,-0.20137065645936464,0.285964258657043,0.877036188573083,0.3065326633165829,-0.0006840287776124851,-0.04542425307699307,0.1925514441517051,0.969636984873055,-0.08057589429444922,-0.004240235579824447,9194.241057055528
H4,14,2.0,W1,50,both,0.0,828,42.05632040050063,0.447561311525895,0.25446198712282686,1.2633983488222393,0.34057971014492755,0.0014093274616319702,0.582418158550786,0.2319921975200776,1.4040760414616704,2.219238936205178,0.06118263578959082,32192.389362051763
H4,14,2.0,W1,50,both,1.0,828,42.05632040050063,0.447561311525895,0.25446198712282686,1.2633983488222393,0.34057971014492755,0.0014093274616319702,0.582418158550786,0.2319921975200776,1.4040760414616704,2.219238936205178,0.06118263578959082,32192.389362051763
H4,14,2.0,W1,50,long,0.0,524,26.61535252398832,0.5012247402084656,0.1865814918176949,1.4046737715548332,0.36259541984732824,0.002088573670456093,0.5780846272699632,0.17523443924533288,1.5579755243777456,1.894846539128066,0.05547314611779641,28948.465391280683
H4,14,2.0,W1,50,long,1.0,524,26.61535252398832,0.5012247402084656,0.1865814918176949,1.4046737715548332,0.36259541984732824,0.002088573670456093,0.5780846272699632,0.17523443924533288,1.5579755243777456,1.894846539128066,0.05547314611779641,28948.465391280683
H4,14,2.0,W1,50,short,0.0,358,18.677260391372663,0.08531542064574507,0.18884374693134853,1.0639206904363392,0.32122905027932963,0.00034600859260701204,0.16112263025948315,0.1453063167035893,1.1240938367945321,0.16002494852119353,0.0077744248271545136,11600.249485211902
H4,14,2.0,W1,50,short,1.0,358,18.677260391372663,0.08531542064574507,0.18884374693134853,1.0639206904363392,0.32122905027932963,0.00034600859260701204,0.16112263025948315,0.1453063167035893,1.1240938367945321,0.16002494852119353,0.0077744248271545136,11600.249485211902
H4,14,2.0,W1,80,both,0.0,783,42.23759415152858,0.4875936548871569,0.23531949983720224,1.2920435576156228,0.34610472541507026,0.0014980662672251792,0.5778077810866995,0.23371537869723935,1.4009490947422973,2.1082922961890573,0.06308563041244186,31082.922961890592
H4,14,2.0,W1,80,both,1.0,783,42.23759415152858,0.4875936548871569,0.23531949983720224,1.2920435576156228,0.34610472541507026,0.0014980662672251792,0.5778077810866995,0.23371537869723935,1.4009490947422973,2.1082922961890573,0.06308563041244186,31082.922961890592
H4,14,2.0,W1,80,long,0.0,507,27.40591238715406,0.5680869905727194,0.2561495146131476,1.4750077843104596,0.3609467455621302,0.0023568836578733232,0.6053813164794832,0.24021775920755106,1.6097622336233521,2.047456568804635,0.062084984791308084,30474.565688046314
H4,14,2.0,W1,80,long,1.0,507,27.40591238715406,0.5680869905727194,0.2561495146131476,1.4750077843104596,0.3609467455621302,0.0023568836578733232,0.6053813164794832,0.24021775920755106,1.6097622336233521,2.047456568804635,0.062084984791308084,30474.565688046314
H4,14,2.0,W1,80,short,0.0,296,17.749794779182402,0.05187139272411637,0.23086243652797156,1.0383969242078195,0.32094594594594594,0.00020771933849397334,0.11241371289200336,0.0966444845496156,1.0807467779568545,0.07949685884236013,0.0045976030343375385,10794.968588423624
H4,14,2.0,W1,80,short,1.0,296,17.749794779182402,0.05187139272411637,0.23086243652797156,1.0383969242078195,0.32094594594594594,0.00020771933849397334,0.11241371289200336,0.0966444845496156,1.0807467779568545,0.07949685884236013,0.0045976030343375385,10794.968588423624
H4,14,2.0,W1,120,both,0.0,723,42.52427536231884,0.6012671768075019,0.25234268799162174,1.3763340553074508,0.3333333333333333,0.0018686491616310523,0.6985461478856502,0.22669706486121166,1.5112206384276787,2.6646665144464534,0.07938030788899408,36646.66514446455
H4,14,2.0,W1,120,both,1.0,723,42.52427536231884,0.6012671768075019,0.25234268799162174,1.3763340553074508,0.3333333333333333,0.0018686491616310523,0.6985461478856502,0.22669706486121166,1.5112206384276787,2.6646665144464534,0.07938030788899408,36646.66514446455
H4,14,2.0,W1,120,long,0.0,473,27.87852993383895,0.6614138881295029,0.23338722709420556,1.562978418984139,0.3572938689217759,0.002777224786249649,0.6875047266361474,0.18615579823325146,1.6664103028317083,2.2669147488180927,0.07226760179513558,32669.147488180868
H4,14,2.0,W1,120,long,1.0,473,27.87852993383895,0.6614138881295029,0.23338722709420556,1.562978418984139,0.3572938689217759,0.002777224786249649,0.6875047266361474,0.18615579823325146,1.6664103028317083,2.2669147488180927,0.07226760179513558,32669.147488180868
H4,14,2.0,W1,120,short,0.0,267,18.494547695808837,0.0868938641561761,0.11400510542277342,1.0645970432165566,0.299625468164794,0.0003194878039889797,0.2226333333670575,0.10489013310407758,1.180784863225633,0.19148553478398544,0.01220974663305574,11914.855347839826
H4,14,2.0,W1,120,short,1.0,267,18.494547695808837,0.0868938641561761,0.11400510542277342,1.0645970432165566,0.299625468164794,0.0003194878039889797,0.2226333333670575,0.10489013310407758,1.180784863225633,0.19148553478398544,0.01220974663305574,11914.855347839826
H4,14,1.5,none,0,both,0.0,1684,77.88793212612384,0.28591906516052723,0.3698751914788362,1.1136553240544644,0.30581947743467935,0.000480323860041342,0.3911093461358179,0.2831821901378492,1.1736830862399235,1.3471267053305014,0.04025056393333548,23471.267053305026
H4,14,1.5,none,0,both,1.0,1684,77.88793212612384,0.28591906516052723,0.3698751914788362,1.1136553240544644,0.30581947743467935,0.000480323860041342,0.3911093461358179,0.2831821901378492,1.1736830862399235,1.3471267053305014,0.04025056393333548,23471.267053305026
H4,14,1.5,none,0,long,0.0,1439,66.56468465045593,0.6557461978013513,0.2741607598582596,1.3195207419334858,0.30993745656706045,0.0013086580693916993,0.7086592617100892,0.20676710731217318,1.3763977913577041,3.1443491571318614,0.06797736321552339,41443.49157131841
H4,14,1.5,none,0,long,1.0,1439,66.56468465045593,0.6557461978013513,0.2741607598582596,1.3195207419334858,0.30993745656706045,0.0013086580693916993,0.7086592617100892,0.20676710731217318,1.3763977913577041,3.1443491571318614,0.06797736321552339,41443.49157131841
H4,14,1.5,none,0,short,0.0,1440,66.59407444922765,-0.17418104751212174,0.4270955640685222,0.9360343610425875,0.2881944444444444,-0.0002667362341758466,-0.05487710605697845,0.4354673588516207,0.9789599862242617,-0.19457615732733502,-0.009957087761700234,8054.238426726631
H4,14,1.5,none,0,short,1.0,1440,66.59407444922765,-0.17418104751212174,0.4270955640685222,0.9360343610425875,0.2881944444444444,-0.0002667362341758466,-0.05487710605697845,0.4354673588516207,0.9789599862242617,-0.19457615732733502,-0.009957087761700234,8054.238426726631
H4,14,1.5,D1,20,both,0.0,1087,50.583099757930945,0.4252905788280795,0.1925529021009117,1.2309251675497168,0.30358785648574055,0.0009192953400811155,0.49348672803826604,0.1477135378808847,1.3049065841034735,1.510253580334152,0.043760108601868186,25102.535803341416
H4,14,1.5,D1,20,both,1.0,1087,50.583099757930945,0.4252905788280795,0.1925529021009117,1.2309251675497168,0.30358785648574055,0.0009192953400811155,0.49348672803826604,0.1477135378808847,1.3049065841034735,1.510253580334152,0.043760108601868186,25102.535803341416
H4,14,1.5,D1,20,long,0.0,592,27.548477513058987,0.5421786689816641,0.16018891018592119,1.4561958674252276,0.30743243243243246,0.001793586758176953,0.5279997706559063,0.14449725706246963,1.5046564512735676,1.4879699910658282,0.04332710766967107,24879.69991065834
H4,14,1.5,D1,20,long,1.0,592,27.548477513058987,0.5421786689816641,0.16018891018592119,1.4561958674252276,0.30743243243243246,0.001793586758176953,0.5279997706559063,0.14449725706246963,1.5046564512735676,1.4879699910658282,0.04332710766967107,24879.69991065834
H4,14,1.5,D1,20,short,0.0,586,27.440576923076925,-0.11319061579588256,0.2913383405640281,0.9349694456226212,0.29180887372013653,-0.0002611903601145894,0.06376738349178594,0.2302050542957319,1.0411662018133674,0.04594456997393537,0.0021056966697103885,10459.445699739375
H4,14,1.5,D1,20,short,1.0,586,27.440576923076925,-0.11319061579588256,0.2913383405640281,0.9349694456226212,0.29180887372013653,-0.0002611903601145894,0.06376738349178594,0.2302050542957319,1.0411662018133674,0.04594456997393537,0.0021056966697103885,10459.445699739375
H4,14,1.5,D1,32,both,0.0,1166,54.46751502749713,0.47463041424578994,0.19220026335466056,1.2459526257220297,0.31046312178387653,0.000965820201365486,0.5235392127255913,0.12009049497978252,1.3026148663983237,1.5155515737156402,0.04403446083600726,25155.51573715631
H4,14,1.5,D1,32,both,1.0,1166,54.46751502749713,0.47463041424578994,0.19220026335466056,1.2459526257220297,0.31046312178387653,0.000965820201365486,0.5235392127255913,0.12009049497978252,1.3026148663983237,1.5155515737156402,0.04403446083600726,25155.51573715631
H4,14,1.5,D1,32,long,0.0,652,30.53898435496281,0.5437312158775853,0.17906079049390622,1.4125912160041811,0.3205521472392638,0.0016165343651138686,0.5323540718241955,0.1545733726108648,1.444504601394221,1.4421561086008747,0.04270845073829732,24421.561086008784
H4,14,1.5,D1,32,long,1.0,652,30.53898435496281,0.5437312158775853,0.17906079049390622,1.4125912160041811,0.3205521472392638,0.0016165343651138686,0.5323540718241955,0.1545733726108648,1.444504601394221,1.4421561086008747,0.04270845073829732,24421.561086008784
H4,14,1.5,D1,32,short,0.0,588,27.5554272517321,0.06357457979914341,0.257263921686981,1.0395753769408347,0.3010204081632653,0.00015436963420205067,0.19192276308644793,0.20999110232710172,1.1346805389609962,0.24344500697760418,0.01026308195003578,12434.45006977606
H4,14,1.5,D1,32,short,1.0,588,27.5554272517321,0.06357457979914341,0.257263921686981,1.0395753769408347,0.3010204081632653,0.00015436963420205067,0.19192276308644793,0.20999110232710172,1.1346805389609962,0.24344500697760418,0.01026308195003578,12434.45006977606
H4,14,1.5,D1,50,both,0.0,1194,56.069490871689375,0.3053619040255224,0.29030042232497744,1.150429651533715,0.29061976549413737,0.0006050725920262656,0.37415791168846546,0.23405426941191143,1.203753669273924,1.018629378107054,0.03353518497976449,20186.293781070635
H4,14,1.5,D1,50,both,1.0,1194,56.069490871689375,0.3053619040255224,0.29030042232497744,1.150429651533715,0.29061976549413737,0.0006050725920262656,0.37415791168846546,0.23405426941191143,1.203753669273924,1.018629378107054,0.03353518497976449,20186.293781070635
H4,14,1.5,D1,50,long,0.0,657,30.852307791205963,0.4805406503114369,0.20367968043564955,1.369601394073297,0.2968036529680365,0.0014668674141427478,0.4811754746454345,0.19213838104035108,1.4188225563250514,1.3673339063131378,0.041297899097513024,23673.33906313136
H4,14,1.5,D1,50,long,1.0,657,30.852307791205963,0.4805406503114369,0.20367968043564955,1.369601394073297,0.2968036529680365,0.0014668674141427478,0.4811754746454345,0.19213838104035108,1.4188225563250514,1.3673339063131378,0.041297899097513024,23673.33906313136
H4,14,1.5,D1,50,short,0.0,597,28.128773219814242,-0.201584970238255,0.32435166192164744,0.8903936615064114,0.27638190954773867,-0.00044211945478750154,-0.051722688123161546,0.2818371022189412,0.9707021699095234,-0.09277662250169738,-0.004577101669342221,9072.233774983035
H4,14,1.5,D1,50,short,1.0,597,28.128773219814242,-0.201584970238255,0.32435166192164744,0.8903936615064114,0.27638190954773867,-0.00044211945478750154,-0.051722688123161546,0.2818371022189412,0.9707021699095234,-0.09277662250169738,-0.004577101669342221,9072.233774983035
H4,14,1.5,D1,80,both,0.0,1227,58.19526684846124,0.2570814555545528,0.22721902200695,1.1225931934262896,0.2925835370823146,0.0005081455998009231,0.32350925639812284,0.25469888240227323,1.173809063160874,0.8718370966597797,0.03018061999699051,18718.370966597795
H4,14,1.5,D1,80,both,1.0,1227,58.19526684846124,0.2570814555545528,0.22721902200695,1.1225931934262896,0.2925835370823146,0.0005081455998009231,0.32350925639812284,0.25469888240227323,1.173809063160874,0.8718370966597797,0.03018061999699051,18718.370966597795
H4,14,1.5,D1,80,long,0.0,657,31.39725892973963,0.48220739721350353,0.17658001916766708,1.3562009427210124,0.3074581430745814,0.00149470677123828,0.5220540230299792,0.16709391509795013,1.4248542826895347,1.5333869372717772,0.045423894370157925,25333.869372717767
H4,14,1.5,D1,80,long,1.0,657,31.39725892973963,0.48220739721350353,0.17658001916766708,1.3562009427210124,0.3074581430745814,0.00149470677123828,0.5220540230299792,0.16709391509795013,1.4248542826895347,1.5333869372717772,0.045423894370157925,25333.869372717767
H4,14,1.5,D1,80,short,0.0,607,28.883109692548203,-0.042474631653980424,0.2841873053565447,0.9748859257176168,0.28500823723228996,-0.0001004943126848912,0.05240923205310244,0.25279389858513646,1.0337441565696928,0.029041390579266135,0.001363129907208771,10290.413905792664
H4,14,1.5,D1,80,short,1.0,607,28.883109692548203,-0.042474631653980424,0.2841873053565447,0.9748859257176168,0.28500823723228996,-0.0001004943126848912,0.05240923205310244,0.25279389858513646,1.0337441565696928,0.029041390579266135,0.001363129907208771,10290.413905792664
H4,14,1.5,D1,120,both,0.0,1260,60.530711561225836,0.4305204430434716,0.2183475973471486,1.2088936192908146,0.30714285714285716,0.0008528071067966234,0.5850600242086997,0.17094971728996855,1.3287671310391698,2.0835165453120896,0.055586687196496065,30835.16545312081
H4,14,1.5,D1,120,both,1.0,1260,60.530711561225836,0.4305204430434716,0.2183475973471486,1.2088936192908146,0.30714285714285716,0.0008528071067966234,0.5850600242086997,0.17094971728996855,1.3287671310391698,2.0835165453120896,0.055586687196496065,30835.16545312081
H4,14,1.5,D1,120,long,0.0,690,33.14777061686177,0.5365624872346753,0.252117096235707,1.3820838259180466,0.3188405797101449,0.001606229343440124,0.6167201762925664,0.22599498937220752,1.4983822503193343,1.9668090421715498,0.053631894968990235,29668.09042171543
H4,14,1.5,D1,120,long,1.0,690,33.14777061686177,0.5365624872346753,0.252117096235707,1.3820838259180466,0.3188405797101449,0.001606229343440124,0.6167201762925664,0.22599498937220752,1.4983822503193343,1.9668090421715498,0.053631894968990235,29668.09042171543
H4,14,1.5,D1,120,short,0.0,600,29.088133793469606,0.01161167937006576,0.2497999925807881,1.007053925427526,0.295,2.764583345758215e-05,0.17339673988700366,0.2246987866287654,1.115460841731491,0.21373071234284913,0.009434793097566674,12137.307123428485
H4,14,1.5,D1,120,short,1.0,600,29.088133793469606,0.01161167937006576,0.2497999925807881,1.007053925427526,0.295,2.764583345758215e-05,0.17339673988700366,0.2246987866287654,1.115460841731491,0.21373071234284913,0.009434793097566674,12137.307123428485
H4,14,1.5,W1,20,both,0.0,1329,63.778379976350024,0.3091875272118385,0.2831707545459753,1.1382778586425744,0.3009781790820166,0.0005800928219144485,0.4465194688013465,0.283830718600378,1.2186688928336262,1.427143119526697,0.04347159638941256,24271.431195267083
H4,14,1.5,W1,20,both,1.0,1329,63.778379976350024,0.3091875272118385,0.2831707545459753,1.1382778586425744,0.3009781790820166,0.0005800928219144485,0.4465194688013465,0.283830718600378,1.2186688928336262,1.427143119526697,0.04347159638941256,24271.431195267083
H4,14,1.5,W1,20,long,0.0,753,36.13628301143083,0.5262548811485801,0.22065337578877864,1.3571070647662966,0.3107569721115538,0.001526037393208908,0.5800737854314674,0.21772744680722678,1.440441717308662,1.854070579167311,0.05161709723047747,28540.70579167302
H4,14,1.5,W1,20,long,1.0,753,36.13628301143083,0.5262548811485801,0.22065337578877864,1.3571070647662966,0.3107569721115538,0.001526037393208908,0.5800737854314674,0.21772744680722678,1.440441717308662,1.854070579167311,0.05161709723047747,28540.70579167302
H4,14,1.5,W1,20,short,0.0,634,31.095541828924397,-0.23821907001646464,0.3130512739460709,0.8813170947868962,0.2902208201892745,-0.0004839707756875633,-0.07651762038313474,0.27789927570516004,0.9599851640741138,-0.130200903653372,-0.006818306821508413,8697.990963466285
H4,14,1.5,W1,20,short,1.0,634,31.095541828924397,-0.23821907001646464,0.3130512739460709,0.8813170947868962,0.2902208201892745,-0.0004839707756875633,-0.07651762038313474,0.27789927570516004,0.9599851640741138,-0.130200903653372,-0.006818306821508413,8697.990963466285
H4,14,1.5,W1,32,both,0.0,1298,63.70525396398817,0.31154362544463526,0.38003462115703845,1.141814310216941,0.2950693374422188,0.000601969827195459,0.42969372802873546,0.3272638170364056,1.216176658359814,1.4331965106516509,0.04460813079930115,24331.9651065165
H4,14,1.5,W1,32,both,1.0,1298,63.70525396398817,0.31154362544463526,0.38003462115703845,1.141814310216941,0.2950693374422188,0.000601969827195459,0.42969372802873546,0.3272638170364056,1.216176658359814,1.4331965106516509,0.04460813079930115,24331.9651065165
H4,14,1.5,W1,32,long,0.0,750,36.809661381349095,0.5419037208592544,0.28309176372726896,1.369254289775426,0.308,0.0015948848897892663,0.590098831490772,0.21950670835814845,1.4394961158039248,1.9357566113061702,0.05427883685738122,29357.56611306171
H4,14,1.5,W1,32,long,1.0,750,36.809661381349095,0.5419037208592544,0.28309176372726896,1.369254289775426,0.308,0.0015948848897892663,0.590098831490772,0.21950670835814845,1.4394961158039248,1.9357566113061702,0.05427883685738122,29357.56611306171
H4,14,1.5,W1,32,short,0.0,599,30.21471481839525,-0.12001269527653202,0.2964280498629457,0.933403617545496,0.2854757929883139,-0.0002719809957002464,-0.05976420625653082,0.31345143439011713,0.9652256976426388,-0.12317698675796529,-0.006608663384005786,8768.230132420345
H4,14,1.5,W1,32,short,1.0,599,30.21471481839525,-0.12001269527653202,0.2964280498629457,0.933403617545496,0.2854757929883139,-0.0002719809957002464,-0.05976420625653082,0.31345143439011713,0.9652256976426388,-0.12317698675796529,-0.006608663384005786,8768.230132420345
H4,14,1.5,W1,50,both,0.0,1271,64.54849137931033,0.44429911287211377,0.29625158876262314,1.2083613909906321,0.31156569630212433,0.0008468736864186722,0.6259825161798508,0.2103604103224509,1.3400309064277318,2.549933423388766,0.06645678271310596,35499.33423388736
H4,14,1.5,W1,50,both,1.0,1271,64.54849137931033,0.44429911287211377,0.29625158876262314,1.2083613909906321,0.31156569630212433,0.0008468736864186722,0.6259825161798508,0.2103604103224509,1.3400309064277318,2.549933423388766,0.06645678271310596,35499.33423388736
H4,14,1.5,W1,50,long,0.0,793,40.27297691879866,0.5674915238231895,0.2392171380244481,1.3699134832601534,0.31904161412358134,0.0014698184895304608,0.6513935219629557,0.15845397631735592,1.4858860381952854,2.3612407025226854,0.06350269852627011,33612.40702522683
H4,14,1.5,W1,50,long,1.0,793,40.27297691879866,0.5674915238231895,0.2392171380244481,1.3699134832601534,0.31904161412358134,0.0014698184895304608,0.6513935219629557,0.15845397631735592,1.4858860381952854,2.3612407025226854,0.06350269852627011,33612.40702522683
H4,14,1.5,W1,50,short,0.0,535,27.91952421774539,-0.0703217739240884,0.23900793192991743,0.9585799687448979,0.30093457943925234,-0.00017166769906471884,0.059679864633410094,0.2547414287813652,1.0383708613004174,0.03558246146168442,0.001826299619143601,10355.82461461684
H4,14,1.5,W1,50,short,1.0,535,27.91952421774539,-0.0703217739240884,0.23900793192991743,0.9585799687448979,0.30093457943925234,-0.00017166769906471884,0.059679864633410094,0.2547414287813652,1.0383708613004174,0.03558246146168442,0.001826299619143601,10355.82461461684
H4,14,1.5,W1,80,both,0.0,1203,64.88419226225635,0.4742563706679525,0.25732926134495204,1.2228556468249991,0.3025768911055694,0.0008828846348948144,0.5915008709263974,0.2314300816313437,1.3101575498236904,2.172377738098787,0.06424680645288872,31723.777380987834
H4,14,1.5,W1,80,both,1.0,1203,64.88419226225635,0.4742563706679525,0.25732926134495204,1.2228556468249991,0.3025768911055694,0.0008828846348948144,0.5915008709263974,0.2314300816313437,1.3101575498236904,2.172377738098787,0.06424680645288872,31723.777380987834
H4,14,1.5,W1,80,long,0.0,772,41.724326723882804,0.6314828697398779,0.20733700958452006,1.419826040317851,0.30958549222797926,0.0016141955883690836,0.6632139124214843,0.21495949051906904,1.4841303559867283,2.21385167941186,0.06513156002880094,32138.516794118565
H4,14,1.5,W1,80,long,1.0,772,41.724326723882804,0.6314828697398779,0.20733700958452006,1.419826040317851,0.30958549222797926,0.0016141955883690836,0.6632139124214843,0.21495949051906904,1.4841303559867283,2.21385167941186,0.06513156002880094,32138.516794118565
H4,14,1.5,W1,80,short,0.0,458,27.486772921459085,-0.13432834579369043,0.2598543126664892,0.9273965215486037,0.29694323144104806,-0.00029913946918096304,-0.0004516553305171037,0.14748372480966565,0.9997470698102956,-0.033250288213852786,-0.002027380945674895,9667.497117861487
H4,14,1.5,W1,80,short,1.0,458,27.486772921459085,-0.13432834579369043,0.2598543126664892,0.9273965215486037,0.29694323144104806,-0.00029913946918096304,-0.0004516553305171037,0.14748372480966565,0.9997470698102956,-0.033250288213852786,-0.002027380945674895,9667.497117861487
H4,14,1.5,W1,120,both,0.0,1120,65.86379004991144,0.49973266353467216,0.27386893723331773,1.2451394925735098,0.2910714285714286,0.0009532706101385192,0.6179062642004184,0.21834575877160656,1.3353583768047206,2.3778673882045234,0.07420671169896442,33778.67388204516
H4,14,1.5,W1,120,both,1.0,1120,65.86379004991144,0.49973266353467216,0.27386893723331773,1.2451394925735098,0.2910714285714286,0.0009532706101385192,0.6179062642004184,0.21834575877160656,1.3353583768047206,2.3778673882045234,0.07420671169896442,33778.67388204516
H4,14,1.5,W1,120,long,0.0,725,42.73136194933032,0.5687153560041491,0.24969654880165548,1.3677411658851204,0.29379310344827586,0.0014551904622687939,0.6288876408678719,0.2196266133132131,1.4394375242484767,2.1603402020576303,0.07017356036998801,31603.402020576264
H4,14,1.5,W1,120,long,1.0,725,42.73136194933032,0.5687153560041491,0.24969654880165548,1.3677411658851204,0.29379310344827586,0.0014551904622687939,0.6288876408678719,0.2196266133132131,1.4394375242484767,2.1603402020576303,0.07017356036998801,31603.402020576264
H4,14,1.5,W1,120,short,0.0,414,28.0909344231841,0.020020486582798033,0.18292968890231687,1.0128622978874549,0.28502415458937197,4.824440042373351e-05,0.11386402092382295,0.18956418042325784,1.0784872030288715,0.09093200213692376,0.0059228353944857925,10909.32002136926
H4,14,1.5,W1,120,short,1.0,414,28.0909344231841,0.020020486582798033,0.18292968890231687,1.0128622978874549,0.28502415458937197,4.824440042373351e-05,0.11386402092382295,0.18956418042325784,1.0784872030288715,0.09093200213692376,0.0059228353944857925,10909.32002136926
H4,14,5.0,none,0,both,0.0,251,11.628329528158295,0.1245115914435967,0.3198002504326414,1.1121132346916183,0.3705179282868526,0.001317113039460152,0.24210784764960372,0.08691353929901047,1.2422102042736531,0.2075694689629044,0.008776195326634983,12075.694689629061
H4,14,5.0,none,0,both,1.0,251,11.628329528158295,0.1245115914435967,0.3198002504326414,1.1121132346916183,0.3705179282868526,0.001317113039460152,0.24210784764960372,0.08691353929901047,1.2422102042736531,0.2075694689629044,0.008776195326634983,12075.694689629061
H4,14,5.0,none,0,long,0.0,238,11.038666666666666,0.5260546138187333,0.33990564256551614,1.5828460500438908,0.40756302521008403,0.006372784115453848,0.6082230483005223,0.11892843444942303,1.783823092096634,0.8869073256696587,0.029886994998416183,18869.073256696585
H4,14,5.0,none,0,long,1.0,238,11.038666666666666,0.5260546138187333,0.33990564256551614,1.5828460500438908,0.40756302521008403,0.006372784115453848,0.6082230483005223,0.11892843444942303,1.783823092096634,0.8869073256696587,0.029886994998416183,18869.073256696585
H4,14,5.0,none,0,short,0.0,239,11.070989220038047,-0.37027199715642745,0.6064264782557491,0.7429956211218258,0.34309623430962344,-0.003154929665428389,-0.36426383307679155,0.23265057738395967,0.7488288114684338,-0.19472418096456623,-0.00998185095375892,8052.758190354334
H4,14,5.0,none,0,short,1.0,239,11.070989220038047,-0.37027199715642745,0.6064264782557491,0.7429956211218258,0.34309623430962344,-0.003154929665428389,-0.36426383307679155,0.23265057738395967,0.7488288114684338,-0.19472418096456623,-0.00998185095375892,8052.758190354334
H4,14,5.0,D1,20,both,0.0,150,7.051158301158301,0.03666429721629546,0.3099567410331667,1.0373523260723643,0.36666666666666664,0.00043504818691870626,0.11260618270309643,0.08999991377369021,1.127827712383068,0.05931465837826888,0.002712357828293932,10593.146583782704
H4,14,5.0,D1,20,both,1.0,150,7.051158301158301,0.03666429721629546,0.3099567410331667,1.0373523260723643,0.36666666666666664,0.00043504818691870626,0.11260618270309643,0.08999991377369021,1.127827712383068,0.05931465837826888,0.002712357828293932,10593.146583782704
H4,14,5.0,D1,20,long,0.0,116,5.452895752895753,0.10380063214197843,0.28559846031732605,1.1297071400274166,0.35344827586206895,0.001397824142918895,0.19367950857291313,0.08522274780561545,1.2843394271708504,0.10866840263898614,0.004861077408610859,11086.684026389872
H4,14,5.0,D1,20,long,1.0,116,5.452895752895753,0.10380063214197843,0.28559846031732605,1.1297071400274166,0.35344827586206895,0.001397824142918895,0.19367950857291313,0.08522274780561545,1.2843394271708504,0.10866840263898614,0.004861077408610859,11086.684026389872
H4,14,5.0,D1,20,short,0.0,101,4.87708223162348,-0.23781124556318547,0.34160471456906283,0.7521858346751066,0.3465346534653465,-0.0032881026719516343,-0.12963845508091115,0.10740827711881917,0.859667676732977,-0.05100719700357481,-0.0025248771829629035,9489.92802996425
H4,14,5.0,D1,20,short,1.0,101,4.87708223162348,-0.23781124556318547,0.34160471456906283,0.7521858346751066,0.3465346534653465,-0.0032881026719516343,-0.12963845508091115,0.10740827711881917,0.859667676732977,-0.05100719700357481,-0.0025248771829629035,9489.92802996425
H4,14,5.0,D1,32,both,0.0,134,6.334908102511002,-0.1178045705444053,0.43384744299750644,0.884672338068094,0.3283582089552239,-0.0015032124575309737,0.04442258313258204,0.0644451403028895,1.048012514250484,0.017366881583285254,0.0008143103723561307,10173.66881583287
H4,14,5.0,D1,32,both,1.0,134,6.334908102511002,-0.1178045705444053,0.43384744299750644,0.884672338068094,0.3283582089552239,-0.0015032124575309737,0.04442258313258204,0.0644451403028895,1.048012514250484,0.017366881583285254,0.0008143103723561307,10173.66881583287
H4,14,5.0,D1,32,long,0.0,91,4.348214285714286,0.11791313401259351,0.25184162770243923,1.161070461350909,0.3626373626373626,0.002041510736484279,0.2623639862607532,0.06774108957823355,1.4202476291531896,0.14803113634027776,0.006618112472312143,11480.31136340279
H4,14,5.0,D1,32,long,1.0,91,4.348214285714286,0.11791313401259351,0.25184162770243923,1.161070461350909,0.3626373626373626,0.002041510736484279,0.2623639862607532,0.06774108957823355,1.4202476291531896,0.14803113634027776,0.006618112472312143,11480.31136340279
H4,14,5.0,D1,32,short,0.0,83,3.9894393999210425,-0.4843795585340767,0.4344277123508208,0.5332098557962209,0.25301204819277107,-0.006169682851847557,-0.4344994570737886,0.13308352490885567,0.5832303793363758,-0.1219331979073438,-0.006230595500337444,8780.668020926556
H4,14,5.0,D1,32,short,1.0,83,3.9894393999210425,-0.4843795585340767,0.4344277123508208,0.5332098557962209,0.25301204819277107,-0.006169682851847557,-0.4344994570737886,0.13308352490885567,0.5832303793363758,-0.1219331979073438,-0.006230595500337444,8780.668020926556
H4,14,5.0,D1,50,both,0.0,112,5.442064653452175,-0.17327106018955798,0.42720713091257223,0.8273855757816665,0.3392857142857143,-0.0021520882547148303,-0.04042649040053587,0.11629929910362058,0.9513502734445263,-0.02577494665040625,-0.0012680196126758636,9742.250533495939
H4,14,5.0,D1,50,both,1.0,112,5.442064653452175,-0.17327106018955798,0.42720713091257223,0.8273855757816665,0.3392857142857143,-0.0021520882547148303,-0.04042649040053587,0.11629929910362058,0.9513502734445263,-0.02577494665040625,-0.0012680196126758636,9742.250533495939
H4,14,5.0,D1,50,long,0.0,79,3.88093476798924,-0.05359476413901051,0.38273444727181916,0.9329651215238426,0.3291139240506329,-0.0008610744673479692,0.03009628232677428,0.09849883584197028,1.0451767589752265,0.008823437322223793,0.00043165004782985683,10088.23437322224
H4,14,5.0,D1,50,long,1.0,79,3.88093476798924,-0.05359476413901051,0.38273444727181916,0.9329651215238426,0.3291139240506329,-0.0008610744673479692,0.03009628232677428,0.09849883584197028,1.0451767589752265,0.008823437322223793,0.00043165004782985683,10088.23437322224
H4,14,5.0,D1,50,short,0.0,59,3.0177496148998744,-0.43993452741849326,0.29441785980959145,0.5295241532204338,0.3389830508474576,-0.005367301398657549,-0.3619876093994454,0.0820334182355541,0.5828052606571972,-0.07672912628802209,-0.004074977162064175,9232.708737119776
H4,14,5.0,D1,50,short,1.0,59,3.0177496148998744,-0.43993452741849326,0.29441785980959145,0.5295241532204338,0.3389830508474576,-0.005367301398657549,-0.3619876093994454,0.0820334182355541,0.5828052606571972,-0.07672912628802209,-0.004074977162064175,9232.708737119776
H4,14,5.0,D1,80,both,0.0,131,6.267716793293163,0.05098321318978905,0.23214029854937834,1.0554601985871317,0.3435114503816794,0.0006433766143917527,0.18556281200962824,0.06128465707357478,1.236324739046817,0.10171963361454672,0.004645627131799834,11017.196336145467
H4,14,5.0,D1,80,both,1.0,131,6.267716793293163,0.05098321318978905,0.23214029854937834,1.0554601985871317,0.3435114503816794,0.0006433766143917527,0.18556281200962824,0.06128465707357478,1.236324739046817,0.10171963361454672,0.004645627131799834,11017.196336145467
H4,14,5.0,D1,80,long,0.0,79,3.901926977687627,0.271933663004798,0.17837961742971542,1.4190744031007174,0.4050632911392405,0.005173391169064956,0.38613546089755074,0.050570293980196857,1.726723254355807,0.20840949754661375,0.009393904072651393,12084.094975466147
H4,14,5.0,D1,80,long,1.0,79,3.901926977687627,0.271933663004798,0.17837961742971542,1.4190744031007174,0.4050632911392405,0.005173391169064956,0.38613546089755074,0.050570293980196857,1.726723254355807,0.20840949754661375,0.009393904072651393,12084.094975466147
H4,14,5.0,D1,80,short,0.0,67,3.2598574663647266,-0.1146827485692992,0.18314512604143518,0.8417461927986407,0.34328358208955223,-0.001537417739479605,0.024983947149140397,0.059857576500392806,1.0412692601152087,0.005609885412676929,0.00027222096629886394,10056.098854126762
H4,14,5.0,D1,80,short,1.0,67,3.2598574663647266,-0.1146827485692992,0.18314512604143518,0.8417461927986407,0.34328358208955223,-0.001537417739479605,0.024983947149140397,0.059857576500392806,1.0412692601152087,0.005609885412676929,0.00027222096629886394,10056.098854126762
H4,14,5.0,D1,120,both,0.0,157,7.586221722450059,0.2482610361654011,0.24381139073764957,1.2742003942955946,0.4012738853503185,0.0028842343733604674,0.34857695973634995,0.08155201767920606,1.4444018899874882,0.23138260431924818,0.010107928375913566,12313.826043192483
H4,14,5.0,D1,120,both,1.0,157,7.586221722450059,0.2482610361654011,0.24381139073764957,1.2742003942955946,0.4012738853503185,0.0028842343733604674,0.34857695973634995,0.08155201767920606,1.4444018899874882,0.23138260431924818,0.010107928375913566,12313.826043192483
H4,14,5.0,D1,120,long,0.0,86,4.155509988093663,0.2748429007824466,0.2019784047824903,1.428391448980818,0.4069767441860465,0.004883762063009847,0.42118731546140586,0.0467639399558184,1.8521694079232174,0.24014314755778665,0.010453999813554216,12401.43147557787
H4,14,5.0,D1,120,long,1.0,86,4.155509988093663,0.2748429007824466,0.2019784047824903,1.428391448980818,0.4069767441860465,0.004883762063009847,0.42118731546140586,0.0467639399558184,1.8521694079232174,0.24014314755778665,0.010453999813554216,12401.43147557787
H4,14,5.0,D1,120,short,0.0,76,3.9941007194244604,0.043546242039020695,0.14308538694970774,1.0599606757852587,0.39473684210526316,0.0005786758591125367,0.07320155730145907,0.055286075214801,1.1035997264628823,0.02093910728732795,0.0010896634939603356,10209.391072873263
H4,14,5.0,D1,120,short,1.0,76,3.9941007194244604,0.043546242039020695,0.14308538694970774,1.0599606757852587,0.39473684210526316,0.0005786758591125367,0.07320155730145907,0.055286075214801,1.1035997264628823,0.02093910728732795,0.0010896634939603356,10209.391072873263
H4,14,5.0,W1,20,both,0.0,175,8.421442687747035,0.193381609447236,0.2212604703913652,1.2015936450021325,0.38285714285714284,0.002342947122933123,0.31454633705132307,0.06600106304497566,1.362367953645977,0.22335344614356845,0.009748510706830027,12233.534461435705
H4,14,5.0,W1,20,both,1.0,175,8.421442687747035,0.193381609447236,0.2212604703913652,1.2015936450021325,0.38285714285714284,0.002342947122933123,0.31454633705132307,0.06600106304497566,1.362367953645977,0.22335344614356845,0.009748510706830027,12233.534461435705
H4,14,5.0,W1,20,long,0.0,105,5.052865612648222,0.3267239155816304,0.17803050136911502,1.4908596409997807,0.4,0.00590767684975675,0.45242963474561687,0.07053629600552502,1.820032459636981,0.3282023837934147,0.013752148822798738,13282.023837934146
H4,14,5.0,W1,20,long,1.0,105,5.052865612648222,0.3267239155816304,0.17803050136911502,1.4908596409997807,0.4,0.00590767684975675,0.45242963474561687,0.07053629600552502,1.820032459636981,0.3282023837934147,0.013752148822798738,13282.023837934146
H4,14,5.0,W1,20,short,0.0,89,4.504884977827051,-0.1289608089097523,0.20306531613081524,0.8501915439207632,0.3595505617977528,-0.0015869424480072745,-0.22699082517009636,0.08740385839158249,0.7620420911816617,-0.0681000972562672,-0.003563623419406081,9318.999027437316
H4,14,5.0,W1,20,short,1.0,89,4.504884977827051,-0.1289608089097523,0.20306531613081524,0.8501915439207632,0.3595505617977528,-0.0015869424480072745,-0.22699082517009636,0.08740385839158249,0.7620420911816617,-0.0681000972562672,-0.003563623419406081,9318.999027437316
H4,14,5.0,W1,32,both,0.0,180,8.852161034064897,0.3651255125581162,0.2171805482040403,1.4144721219768255,0.4111111111111111,0.0047139797828301055,0.4468858108609296,0.06595269311141971,1.5478617841188447,0.3789080623037233,0.015926201718668764,13789.080623037236
H4,14,5.0,W1,32,both,1.0,180,8.852161034064897,0.3651255125581162,0.2171805482040403,1.4144721219768255,0.4111111111111111,0.0047139797828301055,0.4468858108609296,0.06595269311141971,1.5478617841188447,0.3789080623037233,0.015926201718668764,13789.080623037236
H4,14,5.0,W1,32,long,0.0,114,5.606368654907769,0.43146232403833223,0.2079870639057082,1.690904842546576,0.41228070175438597,0.007800459604604216,0.5004329772098041,0.06818251258469055,1.8722239558414364,0.3690111253009605,0.015566377191459813,13690.111253009622
H4,14,5.0,W1,32,long,1.0,114,5.606368654907769,0.43146232403833223,0.2079870639057082,1.690904842546576,0.41228070175438597,0.007800459604604216,0.5004329772098041,0.06818251258469055,1.8722239558414364,0.3690111253009605,0.015566377191459813,13690.111253009622
H4,14,5.0,W1,32,short,0.0,88,4.5200393756152435,-0.16297811435709608,0.32128159353318253,0.8184034336920373,0.36363636363636365,-0.0020212278906295168,-0.10660844436367048,0.09135414092286454,0.8727941435910029,-0.039384478409181356,-0.002061733579257319,9606.155215908186
H4,14,5.0,W1,32,short,1.0,88,4.5200393756152435,-0.16297811435709608,0.32128159353318253,0.8184034336920373,0.36363636363636365,-0.0020212278906295168,-0.10660844436367048,0.09135414092286454,0.8727941435910029,-0.039384478409181356,-0.002061733579257319,9606.155215908186
H4,14,5.0,W1,50,both,0.0,189,9.673801849775785,0.2659264788206703,0.26436284681185396,1.2896662873203721,0.38095238095238093,0.0034567492090694187,0.39510924775443235,0.07043112017092701,1.4934718820079622,0.35372845228777683,0.015622536417168043,13537.284522877773
H4,14,5.0,W1,50,both,1.0,189,9.673801849775785,0.2659264788206703,0.26436284681185396,1.2896662873203721,0.38095238095238093,0.0034567492090694187,0.39510924775443235,0.07043112017092701,1.4934718820079622,0.35372845228777683,0.015622536417168043,13537.284522877773
H4,14,5.0,W1,50,long,0.0,125,6.406995509402189,0.31099667361163513,0.2085685559462942,1.4568563651418507,0.368,0.005412395317741291,0.42491659877188226,0.0650663631073285,1.748426928045595,0.3710709151496634,0.016307518033416235,13710.709151496652
H4,14,5.0,W1,50,long,1.0,125,6.406995509402189,0.31099667361163513,0.2085685559462942,1.4568563651418507,0.368,0.005412395317741291,0.42491659877188226,0.0650663631073285,1.748426928045595,0.3710709151496634,0.016307518033416235,13710.709151496652
H4,14,5.0,W1,50,short,0.0,81,4.38755005190568,-0.06005123196539006,0.2601390932481995,0.9250214448351513,0.37037037037037035,-0.0009263760738493656,-0.0790094376495231,0.06879209134369102,0.9086544966696708,-0.026532925554506037,-0.0014555670644402774,9734.670744454921
H4,14,5.0,W1,50,short,1.0,81,4.38755005190568,-0.06005123196539006,0.2601390932481995,0.9250214448351513,0.37037037037037035,-0.0009263760738493656,-0.0790094376495231,0.06879209134369102,0.9086544966696708,-0.026532925554506037,-0.0014555670644402774,9734.670744454921
H4,14,5.0,W1,80,both,0.0,187,10.117278921641239,0.2317617292543778,0.27763948036016517,1.239996960735166,0.3689839572192513,0.0028239685154943053,0.413886612777994,0.06663707237156036,1.5023995103450145,0.3543903938316284,0.016547673937103546,13543.903938316296
H4,14,5.0,W1,80,both,1.0,187,10.117278921641239,0.2317617292543778,0.27763948036016517,1.239996960735166,0.3689839572192513,0.0028239685154943053,0.413886612777994,0.06663707237156036,1.5023995103450145,0.3543903938316284,0.016547673937103546,13543.903938316296
H4,14,5.0,W1,80,long,0.0,124,6.7087838838690566,0.3627960000608846,0.19769802756959687,1.540194419898108,0.3790322580645161,0.005939118225973079,0.4760744127852992,0.05657414286812823,1.8085312693435234,0.39577473139330177,0.018204372653833678,13957.747313933065
H4,14,5.0,W1,80,long,1.0,124,6.7087838838690566,0.3627960000608846,0.19769802756959687,1.540194419898108,0.3790322580645161,0.005939118225973079,0.4760744127852992,0.05657414286812823,1.8085312693435234,0.39577473139330177,0.018204372653833678,13957.747313933065
H4,14,5.0,W1,80,short,0.0,70,4.450391644908616,-0.10610471660908517,0.2813953171014213,0.8772727024763696,0.35714285714285715,-0.0016085916445162803,-0.05234973900384842,0.06171757478645978,0.9391357146264184,-0.016345822525683285,-0.0010472571330539804,9836.541774743171
H4,14,5.0,W1,80,short,1.0,70,4.450391644908616,-0.10610471660908517,0.2813953171014213,0.8772727024763696,0.35714285714285715,-0.0016085916445162803,-0.05234973900384842,0.06171757478645978,0.9391357146264184,-0.016345822525683285,-0.0010472571330539804,9836.541774743171
H4,14,5.0,W1,120,both,0.0,168,9.959746794351567,0.42084621382705073,0.20068190385687557,1.507594465068272,0.4107142857142857,0.005250373405303334,0.5471864700941759,0.05132086720694751,1.8542166614634226,0.5376738128544569,0.025836380716674823,15376.738128544592
H4,14,5.0,W1,120,both,1.0,168,9.959746794351567,0.42084621382705073,0.20068190385687557,1.507594465068272,0.4107142857142857,0.005250373405303334,0.5471864700941759,0.05132086720694751,1.8542166614634226,0.5376738128544569,0.025836380716674823,15376.738128544592
H4,14,5.0,W1,120,long,0.0,114,6.758399610452849,0.4460921517172908,0.23137459622755208,1.7190104984226362,0.42105263157894735,0.0075732743226270246,0.5676359019209498,0.06752689331931494,2.095894494056842,0.448610262784354,0.022214143166598754,14486.102627843538
H4,14,5.0,W1,120,long,1.0,114,6.758399610452849,0.4460921517172908,0.23137459622755208,1.7190104984226362,0.42105263157894735,0.0075732743226270246,0.5676359019209498,0.06752689331931494,2.095894494056842,0.448610262784354,0.022214143166598754,14486.102627843538
H4,14,5.0,W1,120,short,0.0,58,4.29183549432739,-0.023334682725879307,0.11626442958803362,0.9708214469106626,0.3620689655172414,-0.0002879572006191307,0.1130390542475733,0.033626521028046974,1.1551722430229252,0.025052636406858397,0.0018326604176774897,10250.526364068572
H4,14,5.0,W1,120,short,1.0,58,4.29183549432739,-0.023334682725879307,0.11626442958803362,0.9708214469106626,0.3620689655172414,-0.0002879572006191307,0.1130390542475733,0.033626521028046974,1.1551722430229252,0.025052636406858397,0.0018326604176774897,10250.526364068572
H4,14,1.0,none,0,both,0.0,2531,117.04833502152444,0.12469025975965582,0.440620356311781,1.041196849969822,0.2599762939549585,0.00013991600585404413,0.14828541356156574,0.5092936919291975,1.0559156621427168,0.29575139327625566,0.012053951489731984,12957.513932762402
H4,14,1.0,none,0,both,1.0,2531,117.04833502152444,0.12469025975965582,0.440620356311781,1.041196849969822,0.2599762939549585,0.00013991600585404413,0.14828541356156574,0.5092936919291975,1.0559156621427168,0.29575139327625566,0.012053951489731984,12957.513932762402
H4,14,1.0,none,0,long,0.0,2013,93.10475497024186,0.537997872922584,0.39295847265512873,1.2319275073265734,0.24639841033283658,0.0007845027318215866,0.572989961608401,0.30402600088430676,1.2829304756135975,2.91219082894893,0.06512470472938081,39121.908289489154
H4,14,1.0,none,0,long,1.0,2013,93.10475497024186,0.537997872922584,0.39295847265512873,1.2319275073265734,0.24639841033283658,0.0007845027318215866,0.572989961608401,0.30402600088430676,1.2829304756135975,2.91219082894893,0.06512470472938081,39121.908289489154
H4,14,1.0,none,0,short,0.0,2014,93.13921245885034,-0.29982389890747774,0.616664374218531,0.9047051490497012,0.25819265143992054,-0.0003086391340704521,-0.29709861555211986,0.7217749573000375,0.904498592273227,-0.578303817812228,-0.03914516949234381,4216.961821877731
H4,14,1.0,none,0,short,1.0,2014,93.13921245885034,-0.29982389890747774,0.616664374218531,0.9047051490497012,0.25819265143992054,-0.0003086391340704521,-0.29709861555211986,0.7217749573000375,0.904498592273227,-0.578303817812228,-0.03914516949234381,4216.961821877731
H4,14,1.0,D1,20,both,0.0,1675,77.95537079510703,0.2558460242890681,0.39415545664411433,1.1127308455717742,0.2537313432835821,0.0003665834808352805,0.32291789561296097,0.41706555560251324,1.175820964274391,1.173773917477193,0.03679795579915934,21737.739174771843
H4,14,1.0,D1,20,both,1.0,1675,77.95537079510703,0.2558460242890681,0.39415545664411433,1.1127308455717742,0.2537313432835821,0.0003665834808352805,0.32291789561296097,0.41706555560251324,1.175820964274391,1.173773917477193,0.03679795579915934,21737.739174771843
H4,14,1.0,D1,20,long,0.0,858,39.93176605504587,0.39672863425511146,0.15817519787910717,1.2808961817607314,0.23426573426573427,0.0009195357073435853,0.3982871976682267,0.18663520445642123,1.3525883118930666,1.466629316222574,0.042914531667171074,24666.293162225687
H4,14,1.0,D1,20,long,1.0,858,39.93176605504587,0.39672863425511146,0.15817519787910717,1.2808961817607314,0.23426573426573427,0.0009195357073435853,0.3982871976682267,0.18663520445642123,1.3525883118930666,1.466629316222574,0.042914531667171074,24666.293162225687
H4,14,1.0,D1,20,short,0.0,924,43.268076923076926,-0.23685215735659096,0.39197708405939025,0.890773722298629,0.26731601731601734,-0.0003521435798592327,-0.21808121858757118,0.43512968886447245,0.9052451707008167,-0.3120331472247645,-0.017361476072229265,6879.668527752358
H4,14,1.0,D1,20,short,1.0,924,43.268076923076926,-0.23685215735659096,0.39197708405939025,0.890773722298629,0.26731601731601734,-0.0003521435798592327,-0.21808121858757118,0.43512968886447245,0.9052451707008167,-0.3120331472247645,-0.017361476072229265,6879.668527752358
H4,14,1.0,D1,32,both,0.0,1755,81.97106777493606,0.36957463131404894,0.39607393611950115,1.161100378343425,0.26153846153846155,0.0005184520011991811,0.35390536415849877,0.4075209218607704,1.1947049974808819,1.1973088303675903,0.03745379277376282,21973.088303675755
H4,14,1.0,D1,32,both,1.0,1755,81.97106777493606,0.36957463131404894,0.39607393611950115,1.161100378343425,0.26153846153846155,0.0005184520011991811,0.35390536415849877,0.4075209218607704,1.1947049974808819,1.1973088303675903,0.03745379277376282,21973.088303675755
H4,14,1.0,D1,32,long,0.0,922,43.15229369554075,0.46419850018162223,0.20668806462482947,1.306913202179515,0.25162689804772237,0.0010029327513852396,0.4392528038403091,0.2433866970588231,1.3608407300342271,1.5372255956642698,0.04454026655497878,25372.25595664259
H4,14,1.0,D1,32,long,1.0,922,43.15229369554075,0.46419850018162223,0.20668806462482947,1.306913202179515,0.25162689804772237,0.0010029327513852396,0.4392528038403091,0.2433866970588231,1.3608407300342271,1.5372255956642698,0.04454026655497878,25372.25595664259
H4,14,1.0,D1,32,short,0.0,916,42.92648190916089,0.050008277619488874,0.4070828999967764,1.026726998682058,0.27292576419213976,8.34127142687466e-05,-0.0011931927089588376,0.43621364223041337,0.9993733628141204,-0.047993253389724155,-0.002302214735448782,9520.067466102713
H4,14,1.0,D1,32,short,1.0,916,42.92648190916089,0.050008277619488874,0.4070828999967764,1.026726998682058,0.27292576419213976,8.34127142687466e-05,-0.0011931927089588376,0.43621364223041337,0.9993733628141204,-0.047993253389724155,-0.002302214735448782,9520.067466102713
H4,14,1.0,D1,50,both,0.0,1785,83.82248007199794,0.2530466681062356,0.416621516136628,1.1073217829161413,0.25210084033613445,0.0003488174825439279,0.26624345017974715,0.38100942508710567,1.1338739492809677,0.7636205619281062,0.027001390046939466,17636.205619280958
H4,14,1.0,D1,50,both,1.0,1785,83.82248007199794,0.2530466681062356,0.416621516136628,1.1073217829161413,0.25210084033613445,0.0003488174825439279,0.26624345017974715,0.38100942508710567,1.1338739492809677,0.7636205619281062,0.027001390046939466,17636.205619280958
H4,14,1.0,D1,50,long,0.0,946,44.42356646952944,0.45321522169906137,0.17120343727016474,1.3033310586012274,0.24312896405919662,0.0009985917648665322,0.4519238010096369,0.16130127826127094,1.3858913110408657,1.7124462504749665,0.04797366037277406,27124.46250474955
H4,14,1.0,D1,50,long,1.0,946,44.42356646952944,0.45321522169906137,0.17120343727016474,1.3033310586012274,0.24312896405919662,0.0009985917648665322,0.4519238010096369,0.16130127826127094,1.3858913110408657,1.7124462504749665,0.04797366037277406,27124.46250474955
H4,14,1.0,D1,50,short,0.0,894,42.451053042121686,-0.3059205588250686,0.45531417527725715,0.8593997252451113,0.25727069351230425,-0.000447583152877965,-0.42127880604853046,0.5578278980147762,0.8271677495375354,-0.45865253160385244,-0.028720386754866878,5413.47468396147
H4,14,1.0,D1,50,short,1.0,894,42.451053042121686,-0.3059205588250686,0.45531417527725715,0.8593997252451113,0.25727069351230425,-0.000447583152877965,-0.42127880604853046,0.5578278980147762,0.8271677495375354,-0.45865253160385244,-0.028720386754866878,5413.47468396147
H4,14,1.0,D1,80,both,0.0,1813,85.9886053759252,0.22751516133880254,0.2542213889080879,1.0949523808249695,0.25096525096525096,0.000314700494155094,0.30644448723384726,0.3130641546795634,1.1544304067881255,1.085480508741251,0.03547495137652734,20854.805087412497
H4,14,1.0,D1,80,both,1.0,1813,85.9886053759252,0.22751516133880254,0.2542213889080879,1.0949523808249695,0.25096525096525096,0.000314700494155094,0.30644448723384726,0.3130641546795634,1.1544304067881255,1.085480508741251,0.03547495137652734,20854.805087412497
H4,14,1.0,D1,80,long,0.0,936,44.677731312075274,0.373043468908324,0.3008056497326139,1.2369522979523662,0.24145299145299146,0.0008281108899160667,0.4336454801677613,0.18646419748697396,1.3343109390933163,1.7300806305524485,0.04910703109441461,27300.806305524602
H4,14,1.0,D1,80,long,1.0,936,44.677731312075274,0.373043468908324,0.3008056497326139,1.2369522979523662,0.24145299145299146,0.0008281108899160667,0.4336454801677613,0.18646419748697396,1.3343109390933163,1.7300806305524485,0.04910703109441461,27300.806305524602
H4,14,1.0,D1,80,short,0.0,923,43.91945674830641,-0.08896914253710454,0.3674542006397532,0.9546355561454518,0.2600216684723727,-0.0001420785848641584,-0.10253700396791088,0.4069040823439911,0.9476087762814079,-0.20309501187087975,-0.010744233517530732,7969.04988129123
H4,14,1.0,D1,80,short,1.0,923,43.91945674830641,-0.08896914253710454,0.3674542006397532,0.9546355561454518,0.2600216684723727,-0.0001420785848641584,-0.10253700396791088,0.4069040823439911,0.9476087762814079,-0.20309501187087975,-0.010744233517530732,7969.04988129123
H4,14,1.0,D1,120,both,0.0,1831,87.95012493424512,0.3359965296019446,0.28305176095360907,1.142134324413884,0.2583287820862916,0.00046725356064643677,0.4368671582328962,0.288035101144961,1.2261261375656236,1.7897941440878427,0.050515782983080904,27897.941440878407
H4,14,1.0,D1,120,both,1.0,1831,87.95012493424512,0.3359965296019446,0.28305176095360907,1.142134324413884,0.2583287820862916,0.00046725356064643677,0.4368671582328962,0.288035101144961,1.2261261375656236,1.7897941440878427,0.050515782983080904,27897.941440878407
H4,14,1.0,D1,120,long,0.0,969,46.544877695949495,0.5182404934394578,0.18451603788846271,1.3328579448258928,0.2528379772961816,0.0011617561820219098,0.5592910852648587,0.17771718148395232,1.4306539670404201,2.2432781545636695,0.05814352535522649,32432.781545636743
H4,14,1.0,D1,120,long,1.0,969,46.544877695949495,0.5182404934394578,0.18451603788846271,1.3328579448258928,0.2528379772961816,0.0011617561820219098,0.5592910852648587,0.17771718148395232,1.4306539670404201,2.2432781545636695,0.05814352535522649,32432.781545636743
H4,14,1.0,D1,120,short,0.0,891,43.150059665871126,-0.13812401153314277,0.38760111614210024,0.9294756134651553,0.2648709315375982,-0.000216964635953028,-0.09655486000582723,0.45977006625189054,0.9496656541672283,-0.1883135378182671,-0.010053363621951306,8116.864621817324
H4,14,1.0,D1,120,short,1.0,891,43.150059665871126,-0.13812401153314277,0.38760111614210024,0.9294756134651553,0.2648709315375982,-0.000216964635953028,-0.09655486000582723,0.45977006625189054,0.9496656541672283,-0.1883135378182671,-0.010053363621951306,8116.864621817324
H4,14,1.0,W1,20,both,0.0,1892,90.78468208092485,0.19648239060217434,0.3946520843120782,1.0777963384848452,0.25,0.0002614239376202783,0.2956510456263532,0.48801534399412405,1.142037444391858,1.026033647757468,0.034460622344680614,20260.336477574736
H4,14,1.0,W1,20,both,1.0,1892,90.78468208092485,0.19648239060217434,0.3946520843120782,1.0777963384848452,0.25,0.0002614239376202783,0.2956510456263532,0.48801534399412405,1.142037444391858,1.026033647757468,0.034460622344680614,20260.336477574736
H4,14,1.0,W1,20,long,0.0,1072,51.438255386232264,0.3711774283155156,0.2417575301018171,1.217626563079134,0.23694029850746268,0.0007753096361369349,0.4540662577894105,0.2883744696154288,1.319975566803227,1.8650668884546788,0.051804202911054364,28650.668884546707
H4,14,1.0,W1,20,long,1.0,1072,51.438255386232264,0.3711774283155156,0.2417575301018171,1.217626563079134,0.23694029850746268,0.0007753096361369349,0.4540662577894105,0.2883744696154288,1.319975566803227,1.8650668884546788,0.051804202911054364,28650.668884546707
H4,14,1.0,W1,20,short,0.0,884,43.32809983896941,-0.22344471728952675,0.31613750433501664,0.8991356143093121,0.2669683257918552,-0.0003147007054687567,-0.21812459361480915,0.4291862235818028,0.9062372487656593,-0.29392426668843363,-0.0169136995615764,7060.757333115666
H4,14,1.0,W1,20,short,1.0,884,43.32809983896941,-0.22344471728952675,0.31613750433501664,0.8991356143093121,0.2669683257918552,-0.0003147007054687567,-0.21812459361480915,0.4291862235818028,0.9062372487656593,-0.29392426668843363,-0.0169136995615764,7060.757333115666
H4,14,1.0,W1,32,both,0.0,1854,90.99348293469497,0.2101063292390721,0.3772535873314069,1.083920994183192,0.24865156418554477,0.0002866520674976841,0.3446646771249536,0.36044413004989695,1.1621850892798473,1.4038411133344182,0.04398601900846333,24038.411133344132
H4,14,1.0,W1,32,both,1.0,1854,90.99348293469497,0.2101063292390721,0.3772535873314069,1.083920994183192,0.24865156418554477,0.0002866520674976841,0.3446646771249536,0.36044413004989695,1.1621850892798473,1.4038411133344182,0.04398601900846333,24038.411133344132
H4,14,1.0,W1,32,long,0.0,1060,52.02432141897339,0.48381775092580914,0.2240262373576306,1.2898819620145443,0.2509433962264151,0.0010382842341112631,0.5683779424650044,0.1819412578918106,1.4029938772038342,2.5005594580582207,0.0634229306552383,35005.594580582176
H4,14,1.0,W1,32,long,1.0,1060,52.02432141897339,0.48381775092580914,0.2240262373576306,1.2898819620145443,0.2509433962264151,0.0010382842341112631,0.5683779424650044,0.1819412578918106,1.4029938772038342,2.5005594580582207,0.0634229306552383,35005.594580582176
H4,14,1.0,W1,32,short,0.0,851,42.92608065184367,-0.2698291360000135,0.38887876039742175,0.8710710474693631,0.245593419506463,-0.0004109145983030944,-0.23315142326005026,0.4670443094594011,0.8835300234353549,-0.37205736771541675,-0.0231976547555377,6279.426322845849
H4,14,1.0,W1,32,short,1.0,851,42.92608065184367,-0.2698291360000135,0.38887876039742175,0.8710710474693631,0.245593419506463,-0.0004109145983030944,-0.23315142326005026,0.4670443094594011,0.8835300234353549,-0.37205736771541675,-0.0231976547555377,6279.426322845849
H4,14,1.0,W1,50,both,0.0,1824,92.63292547274749,0.3287699745085148,0.376837176793299,1.131789320690038,0.2532894736842105,0.0004383350111063318,0.48976544176471587,0.33375997896019516,1.2304483048579202,2.228524541980534,0.061329108927498766,32285.245419805295
H4,14,1.0,W1,50,both,1.0,1824,92.63292547274749,0.3287699745085148,0.376837176793299,1.131789320690038,0.2532894736842105,0.0004383350111063318,0.48976544176471587,0.33375997896019516,1.2304483048579202,2.228524541980534,0.061329108927498766,32285.245419805295
H4,14,1.0,W1,50,long,0.0,1135,57.64165044493882,0.44583303670145963,0.2511204916563988,1.2456495848318563,0.24933920704845816,0.0008238545709381463,0.5526620310467699,0.22174255044514102,1.3544710590103948,2.375489657513653,0.06373120067418725,33754.89657513647
H4,14,1.0,W1,50,long,1.0,1135,57.64165044493882,0.44583303670145963,0.2511204916563988,1.2456495848318563,0.24933920704845816,0.0008238545709381463,0.5526620310467699,0.22174255044514102,1.3544710590103948,2.375489657513653,0.06373120067418725,33754.89657513647
H4,14,1.0,W1,50,short,0.0,744,38.82640377196742,-0.20319029875813963,0.308607090543353,0.8979060218047408,0.2540322580645161,-0.00033753215045659584,-0.0795244135006677,0.3757534690806017,0.9562991053926798,-0.17036713930103065,-0.009699542239662406,8296.328606989711
H4,14,1.0,W1,50,short,1.0,744,38.82640377196742,-0.20319029875813963,0.308607090543353,0.8979060218047408,0.2540322580645161,-0.00033753215045659584,-0.0795244135006677,0.3757534690806017,0.9562991053926798,-0.17036713930103065,-0.009699542239662406,8296.328606989711
H4,14,1.0,W1,80,both,0.0,1733,93.4699128765505,0.3806201613920276,0.3587304395977414,1.1564694675407423,0.2510098095787651,0.0004988740404305356,0.48658109267662747,0.4236863737853185,1.2361100575714272,2.101157589651016,0.06294427293211746,31011.575896510232
H4,14,1.0,W1,80,both,1.0,1733,93.4699128765505,0.3806201613920276,0.3587304395977414,1.1564694675407423,0.2510098095787651,0.0004988740404305356,0.48658109267662747,0.4236863737853185,1.2361100575714272,2.101157589651016,0.06294427293211746,31011.575896510232
H4,14,1.0,W1,80,long,0.0,1098,59.299792991276064,0.5477055891959487,0.269142451743554,1.3157052177332873,0.24681238615664844,0.001003569384271411,0.5947653927753859,0.30419298962167785,1.3932555791341688,2.5066942088925397,0.07010983068763976,35066.94208892533
H4,14,1.0,W1,80,long,1.0,1098,59.299792991276064,0.5477055891959487,0.269142451743554,1.3157052177332873,0.24681238615664844,0.001003569384271411,0.5947653927753859,0.30419298962167785,1.3932555791341688,2.5066942088925397,0.07010983068763976,35066.94208892533
H4,14,1.0,W1,80,short,0.0,662,39.72978968123562,-0.23363015680108845,0.3317861547187708,0.8891486389307773,0.2598187311178248,-0.0003583305514177788,-0.26806846592060063,0.38688347450833527,0.8828797771229165,-0.2991831720785578,-0.0211097832676711,7008.168279214426
H4,14,1.0,W1,80,short,1.0,662,39.72978968123562,-0.23363015680108845,0.3317861547187708,0.8891486389307773,0.2598187311178248,-0.0003583305514177788,-0.26806846592060063,0.38688347450833527,0.8828797771229165,-0.2991831720785578,-0.0211097832676711,7008.168279214426
H4,14,1.0,W1,120,both,0.0,1606,94.44397037514088,0.3937562904238847,0.3718361938414293,1.16744987893437,0.24159402241594022,0.0005180333592136914,0.518938825973632,0.40141586085545145,1.2541980168001945,2.198354068771426,0.0707625973823871,31983.540687714183
H4,14,1.0,W1,120,both,1.0,1606,94.44397037514088,0.3937562904238847,0.3718361938414293,1.16744987893437,0.24159402241594022,0.0005180333592136914,0.518938825973632,0.40141586085545145,1.2541980168001945,2.198354068771426,0.0707625973823871,31983.540687714183
H4,14,1.0,W1,120,long,0.0,1035,61.00270292076811,0.5030758746074384,0.23328820520879545,1.2843407691071924,0.24057971014492754,0.0009108125163523853,0.5910519389761115,0.25301018388722574,1.3696370506956241,2.376877410048046,0.07436188083578976,33768.77410048033
H4,14,1.0,W1,120,long,1.0,1035,61.00270292076811,0.5030758746074384,0.23328820520879545,1.2843407691071924,0.24057971014492754,0.0009108125163523853,0.5910519389761115,0.25301018388722574,1.3696370506956241,2.376877410048046,0.07436188083578976,33768.77410048033
H4,14,1.0,W1,120,short,0.0,591,40.1008266765744,-0.14702476679111312,0.3187054406771208,0.9221417337023764,0.2470389170896785,-0.00022564155860858325,-0.1159828914132088,0.4061953584600776,0.9348686832027163,-0.1800247619543306,-0.013377160801903432,8199.752380456686
H4,14,1.0,W1,120,short,1.0,591,40.1008266765744,-0.14702476679111312,0.3187054406771208,0.9221417337023764,0.2470389170896785,-0.00022564155860858325,-0.1159828914132088,0.4061953584600776,0.9348686832027163,-0.1800247619543306,-0.013377160801903432,8199.752380456686
H4,20,4.0,none,0,both,0.0,355,16.446442161339423,0.4175628795662359,0.21967878504708938,1.3710594795546343,0.39154929577464787,0.0033932371911317492,0.4708623676445417,0.10744184761498221,1.4264441764897855,0.6994863596150045,0.024873252782093402,16994.86359615005
H4,20,4.0,none,0,both,1.0,355,16.446442161339423,0.4175628795662359,0.21967878504708938,1.3710594795546343,0.39154929577464787,0.0033932371911317492,0.4708623676445417,0.10744184761498221,1.4264441764897855,0.6994863596150045,0.024873252782093402,16994.86359615005
H4,20,4.0,none,0,long,0.0,330,15.30377094972067,0.6197722893330783,0.2257037870709806,1.65556436166771,0.403030303030303,0.005723943370085966,0.6309125016841924,0.11074113336983482,1.73244363093356,1.3856604688458294,0.04114597470265302,23856.604688458257
H4,20,4.0,none,0,long,1.0,330,15.30377094972067,0.6197722893330783,0.2257037870709806,1.65556436166771,0.403030303030303,0.005723943370085966,0.6309125016841924,0.11074113336983482,1.73244363093356,1.3856604688458294,0.04114597470265302,23856.604688458257
H4,20,4.0,none,0,short,0.0,331,15.33262523779328,-0.17988988840028056,0.47889824372910517,0.8795824119202248,0.3504531722054381,-0.0011825469625497188,-0.16880353624757163,0.18060421470948274,0.8904136394987472,-0.1354183067704503,-0.00671764423835286,8645.81693229549
H4,20,4.0,none,0,short,1.0,331,15.33262523779328,-0.17988988840028056,0.47889824372910517,0.8795824119202248,0.3504531722054381,-0.0011825469625497188,-0.16880353624757163,0.18060421470948274,0.8904136394987472,-0.1354183067704503,-0.00671764423835286,8645.81693229549
H4,20,4.0,D1,20,both,0.0,168,7.897297297297297,0.257798716317322,0.26880486702061523,1.3244036064336868,0.38095238095238093,0.0027064867697235177,0.2987842168383527,0.08453696887994655,1.3895688380699236,0.22406692402130446,0.00954927371927572,12240.669240213067
H4,20,4.0,D1,20,both,1.0,168,7.897297297297297,0.257798716317322,0.26880486702061523,1.3244036064336868,0.38095238095238093,0.0027064867697235177,0.2987842168383527,0.08453696887994655,1.3895688380699236,0.22406692402130446,0.00954927371927572,12240.669240213067
H4,20,4.0,D1,20,long,0.0,116,5.452895752895753,0.33247576418258096,0.11653754454552345,1.5662210856499428,0.4224137931034483,0.004121867672637994,0.43865090561975933,0.057929427060058325,1.846888807640193,0.3012222266443205,0.012454237149679415,13012.222266443192
H4,20,4.0,D1,20,long,1.0,116,5.452895752895753,0.33247576418258096,0.11653754454552345,1.5662210856499428,0.4224137931034483,0.004121867672637994,0.43865090561975933,0.057929427060058325,1.846888807640193,0.3012222266443205,0.012454237149679415,13012.222266443192
H4,20,4.0,D1,20,short,0.0,100,4.830071409679978,0.03198830793537382,0.18908561776360266,1.0425796095851851,0.34,0.0004229065529813451,0.04503637791327905,0.07440865426990817,1.058951349715529,0.01665050627025222,0.0007979274939204917,10166.50506270253
H4,20,4.0,D1,20,short,1.0,100,4.830071409679978,0.03198830793537382,0.18908561776360266,1.0425796095851851,0.34,0.0004229065529813451,0.04503637791327905,0.07440865426990817,1.058951349715529,0.01665050627025222,0.0007979274939204917,10166.50506270253
H4,20,4.0,D1,32,both,0.0,163,7.7409634637888445,-0.014998463834023913,0.2885769968316132,0.9853054092435363,0.34355828220858897,-0.00014057582135974217,0.0891261561658265,0.10472358273193738,1.0919381539977515,0.04704065773920951,0.0021854200146460556,10470.406577392094
H4,20,4.0,D1,32,both,1.0,163,7.7409634637888445,-0.014998463834023913,0.2885769968316132,0.9853054092435363,0.34355828220858897,-0.00014057582135974217,0.0891261561658265,0.10472358273193738,1.0919381539977515,0.04704065773920951,0.0021854200146460556,10470.406577392094
H4,20,4.0,D1,32,long,0.0,99,4.757235890014472,0.05442213263447279,0.23768230362436327,1.0686358320593128,0.35353535353535354,0.0006336089859989143,0.10182707856839912,0.10364756470668723,1.1332141216193832,0.04281684691927756,0.0020166749124577166,10428.168469192764
H4,20,4.0,D1,32,long,1.0,99,4.757235890014472,0.05442213263447279,0.23768230362436327,1.0686358320593128,0.35353535353535354,0.0006336089859989143,0.10182707856839912,0.10364756470668723,1.1332141216193832,0.04281684691927756,0.0020166749124577166,10428.168469192764
H4,20,4.0,D1,32,short,0.0,99,4.7817706955831785,-0.21349329725782099,0.282565054952731,0.7624222879070991,0.32323232323232326,-0.002448519911215251,-0.18742608855719428,0.1242244324758276,0.7983848759312684,-0.08014555798260992,-0.0040269039555770325,9198.544420173892
H4,20,4.0,D1,32,short,1.0,99,4.7817706955831785,-0.21349329725782099,0.282565054952731,0.7624222879070991,0.32323232323232326,-0.002448519911215251,-0.18742608855719428,0.1242244324758276,0.7983848759312684,-0.08014555798260992,-0.0040269039555770325,9198.544420173892
H4,20,4.0,D1,50,both,0.0,163,7.969979919678715,-0.36527208889368523,0.47482633981363653,0.7056828180190335,0.3374233128834356,-0.0029641924493818543,-0.2610933613140065,0.16671367236667978,0.7770437071259152,-0.13879718985602685,-0.007279608986622832,8612.02810143974
H4,20,4.0,D1,50,both,1.0,163,7.969979919678715,-0.36527208889368523,0.47482633981363653,0.7056828180190335,0.3374233128834356,-0.0029641924493818543,-0.2610933613140065,0.16671367236667978,0.7770437071259152,-0.13879718985602685,-0.007279608986622832,8612.02810143974
H4,20,4.0,D1,50,long,0.0,103,5.1282374591057795,-0.08265504580144685,0.3217526142252234,0.9048318220164341,0.34951456310679613,-0.000887226957361897,-0.059017294563702194,0.13205427349920473,0.9285833079736304,-0.03336081988182171,-0.0016879042482350615,9666.391801181786
H4,20,4.0,D1,50,long,1.0,103,5.1282374591057795,-0.08265504580144685,0.3217526142252234,0.9048318220164341,0.34951456310679613,-0.000887226957361897,-0.059017294563702194,0.13205427349920473,0.9285833079736304,-0.03336081988182171,-0.0016879042482350615,9666.391801181786
H4,20,4.0,D1,50,short,0.0,82,4.051745129870129,-0.6228455426439308,0.40358056988769464,0.4513715998227186,0.3048780487804878,-0.006151926279912497,-0.386807157759667,0.12992598814033407,0.599601515655274,-0.12454386829938591,-0.006550688760988521,8754.561317006139
H4,20,4.0,D1,50,short,1.0,82,4.051745129870129,-0.6228455426439308,0.40358056988769464,0.4513715998227186,0.3048780487804878,-0.006151926279912497,-0.386807157759667,0.12992598814033407,0.599601515655274,-0.12454386829938591,-0.006550688760988521,8754.561317006139
H4,20,4.0,D1,80,both,0.0,206,9.809843546284224,0.21875173090875585,0.20223856985702393,1.2199943253553036,0.3737864077669903,0.0019826696646188,0.3413765044886327,0.08377851891432564,1.3815324446058876,0.3007216020871031,0.012599077429995331,13007.216020871037
H4,20,4.0,D1,80,both,1.0,206,9.809843546284224,0.21875173090875585,0.20223856985702393,1.2199943253553036,0.3737864077669903,0.0019826696646188,0.3413765044886327,0.08377851891432564,1.3815324446058876,0.3007216020871031,0.012599077429995331,13007.216020871037
H4,20,4.0,D1,80,long,0.0,119,5.718293645572951,0.36126812197771857,0.15363152689912685,1.5325391440428022,0.3949579831932773,0.004660706383795647,0.4338075828559064,0.058337278233826506,1.734361975740614,0.332695006969578,0.013896616407889528,13326.95006969579
H4,20,4.0,D1,80,long,1.0,119,5.718293645572951,0.36126812197771857,0.15363152689912685,1.5325391440428022,0.3949579831932773,0.004660706383795647,0.4338075828559064,0.058337278233826506,1.734361975740614,0.332695006969578,0.013896616407889528,13326.95006969579
H4,20,4.0,D1,80,short,0.0,97,4.698216416920833,-0.09826372497839331,0.22537670687513367,0.8803808943131007,0.35051546391752575,-0.001141432465635501,0.03698942152347719,0.09370189742243884,1.05047653499323,0.012279414326741067,0.0005913088903954922,10122.794143267409
H4,20,4.0,D1,80,short,1.0,97,4.698216416920833,-0.09826372497839331,0.22537670687513367,0.8803808943131007,0.35051546391752575,-0.001141432465635501,0.03698942152347719,0.09370189742243884,1.05047653499323,0.012279414326741067,0.0005913088903954922,10122.794143267409
H4,20,4.0,D1,120,both,0.0,228,11.00528611074402,0.29444744284995783,0.2591369644209953,1.2912971742679684,0.4342105263157895,0.0025120835751907015,0.3452887768437238,0.09903166796759733,1.3411201827426291,0.28017268462974765,0.011993503030643726,12801.726846297484
H4,20,4.0,D1,120,both,1.0,228,11.00528611074402,0.29444744284995783,0.2591369644209953,1.2912971742679684,0.4342105263157895,0.0025120835751907015,0.3452887768437238,0.09903166796759733,1.3411201827426291,0.28017268462974765,0.011993503030643726,12801.726846297484
H4,20,4.0,D1,120,long,0.0,128,6.178406237610678,0.39243618062979024,0.23800547048422305,1.585857953070959,0.4453125,0.004743320230934355,0.4149402200082223,0.09346364509309202,1.623246175573626,0.26939207990691405,0.011580488590517746,12693.920799069141
H4,20,4.0,D1,120,long,1.0,128,6.178406237610678,0.39243618062979024,0.23800547048422305,1.585857953070959,0.4453125,0.004743320230934355,0.4149402200082223,0.09346364509309202,1.623246175573626,0.26939207990691405,0.011580488590517746,12693.920799069141
H4,20,4.0,D1,120,short,0.0,104,5.464039125431531,-0.023117580711911306,0.1759686089174466,0.972591298437293,0.4230769230769231,-0.000251506581369945,0.03460720653039864,0.06968918838531923,1.0412588304625998,0.010214140411318295,0.0005340594918752384,10102.141404113183
H4,20,4.0,D1,120,short,1.0,104,5.464039125431531,-0.023117580711911306,0.1759686089174466,0.972591298437293,0.4230769230769231,-0.000251506581369945,0.03460720653039864,0.06968918838531923,1.0412588304625998,0.010214140411318295,0.0005340594918752384,10102.141404113183
H4,20,4.0,W1,20,both,0.0,270,12.979402474335352,0.32615236882934984,0.2203181131572105,1.3095255141397355,0.40370370370370373,0.002941238638664867,0.4098729790038138,0.07538310987766517,1.3946581085961252,0.44415555740563173,0.017824594495295276,14441.555574056323
H4,20,4.0,W1,20,both,1.0,270,12.979402474335352,0.32615236882934984,0.2203181131572105,1.3095255141397355,0.40370370370370373,0.002941238638664867,0.4098729790038138,0.07538310987766517,1.3946581085961252,0.44415555740563173,0.017824594495295276,14441.555574056323
H4,20,4.0,W1,20,long,0.0,156,7.499210318504869,0.48747712874542126,0.19091854739967962,1.7397504240666022,0.4358974358974359,0.0065418274073100365,0.560908702290417,0.07937907345872397,1.874208936164011,0.5463617858494914,0.021175854173520525,15463.617858494916
H4,20,4.0,W1,20,long,1.0,156,7.499210318504869,0.48747712874542126,0.19091854739967962,1.7397504240666022,0.4358974358974359,0.0065418274073100365,0.560908702290417,0.07937907345872397,1.874208936164011,0.5463617858494914,0.021175854173520525,15463.617858494916
H4,20,4.0,W1,20,short,0.0,140,7.0677263303386315,-0.16224533092959684,0.277603199096942,0.846719683291321,0.36428571428571427,-0.0015336760042454637,-0.14203692536871357,0.09482847295254071,0.8715539379205579,-0.06910127074341321,-0.0036083528828900757,9308.987292565866
H4,20,4.0,W1,20,short,1.0,140,7.0677263303386315,-0.16224533092959684,0.277603199096942,0.846719683291321,0.36428571428571427,-0.0015336760042454637,-0.14203692536871357,0.09482847295254071,0.8715539379205579,-0.06910127074341321,-0.0036083528828900757,9308.987292565866
H4,20,4.0,W1,32,both,0.0,274,13.474956240743234,0.3862974992621104,0.25630826842371923,1.3812337240146983,0.39416058394160586,0.0037724952487174553,0.4981697560068494,0.0855353039905915,1.52649775555985,0.6934024606917497,0.026242797860474676,16934.024606917472
H4,20,4.0,W1,32,both,1.0,274,13.474956240743234,0.3862974992621104,0.25630826842371923,1.3812337240146983,0.39416058394160586,0.0037724952487174553,0.4981697560068494,0.0855353039905915,1.52649775555985,0.6934024606917497,0.026242797860474676,16934.024606917472
H4,20,4.0,W1,32,long,0.0,168,8.262016965127238,0.5532149224534921,0.17821470490682523,1.8514943063349387,0.43452380952380953,0.007736237792631322,0.6021197639804023,0.07845663177440054,1.983557644460607,0.7444555210330974,0.027742965971338185,17444.555210330953
H4,20,4.0,W1,32,long,1.0,168,8.262016965127238,0.5532149224534921,0.17821470490682523,1.8514943063349387,0.43452380952380953,0.007736237792631322,0.6021197639804023,0.07845663177440054,1.983557644460607,0.7444555210330974,0.027742965971338185,17444.555210330953
H4,20,4.0,W1,32,short,0.0,134,6.884723589815727,-0.16959991711454223,0.3818063450131757,0.8398316184925728,0.3582089552238806,-0.0016577933725768696,-0.05069313463574203,0.1204166144785983,0.949356688330641,-0.03283353365057973,-0.0017137842337697773,9671.664663494204
H4,20,4.0,W1,32,short,1.0,134,6.884723589815727,-0.16959991711454223,0.3818063450131757,0.8398316184925728,0.3582089552238806,-0.0016577933725768696,-0.05069313463574203,0.1204166144785983,0.949356688330641,-0.03283353365057973,-0.0017137842337697773,9671.664663494204
H4,20,4.0,W1,50,both,0.0,269,13.76853279147982,0.4108857837010199,0.22364894716787254,1.4285699778403407,0.3940520446096654,0.00404029225118851,0.5241479987504706,0.07512980583088291,1.6021250545796222,0.7201225006227985,0.02815100261244785,17201.22500622801
H4,20,4.0,W1,50,both,1.0,269,13.76853279147982,0.4108857837010199,0.22364894716787254,1.4285699778403407,0.3940520446096654,0.00404029225118851,0.5241479987504706,0.07512980583088291,1.6021250545796222,0.7201225006227985,0.02815100261244785,17201.22500622801
H4,20,4.0,W1,50,long,0.0,172,8.816025820937412,0.5111735627181758,0.15271190136526036,1.7950704829419217,0.42441860465116277,0.006762909065677088,0.5885225613659261,0.05984972360284657,1.9930774812252234,0.7286371795935334,0.028451320120502777,17286.37179593537
H4,20,4.0,W1,50,long,1.0,172,8.816025820937412,0.5111735627181758,0.15271190136526036,1.7950704829419217,0.42441860465116277,0.006762909065677088,0.5885225613659261,0.05984972360284657,1.9930774812252234,0.7286371795935334,0.028451320120502777,17286.37179593537
H4,20,4.0,W1,50,short,0.0,121,6.335328268348624,-0.042937177846213447,0.2956516875344284,0.9525412256504138,0.33884297520661155,-0.0005058859249496802,0.04726402706252204,0.08225761765469908,1.0534247719051506,0.01765505487661212,0.0009167395676732415,10176.550548766143
H4,20,4.0,W1,50,short,1.0,121,6.335328268348624,-0.042937177846213447,0.2956516875344284,0.9525412256504138,0.33884297520661155,-0.0005058859249496802,0.04726402706252204,0.08225761765469908,1.0534247719051506,0.01765505487661212,0.0009167395676732415,10176.550548766143
H4,20,4.0,W1,80,both,0.0,266,14.385031092685816,0.40264359503532693,0.24351301051892493,1.4061087682334323,0.37218045112781956,0.0038131965642114385,0.4843158821666794,0.09915016590318493,1.544646426476058,0.6705439681079202,0.028139269598453698,16705.4396810792
H4,20,4.0,W1,80,both,1.0,266,14.385031092685816,0.40264359503532693,0.24351301051892493,1.4061087682334323,0.37218045112781956,0.0038131965642114385,0.4843158821666794,0.09915016590318493,1.544646426476058,0.6705439681079202,0.028139269598453698,16705.4396810792
H4,20,4.0,W1,80,long,0.0,173,9.355678116671601,0.5095901705570985,0.23280738269028556,1.770500604076919,0.3872832369942196,0.006589381181610174,0.5626118102024169,0.07278456897999541,1.9244295644418397,0.7244235358500573,0.02990575022817521,17244.235358500584
H4,20,4.0,W1,80,long,1.0,173,9.355678116671601,0.5095901705570985,0.23280738269028556,1.770500604076919,0.3872832369942196,0.006589381181610174,0.5626118102024169,0.07278456897999541,1.9244295644418397,0.7244235358500573,0.02990575022817521,17244.235358500584
H4,20,4.0,W1,80,short,0.0,105,6.659359263761069,-0.15985788606774154,0.29070449217488503,0.8458435319608069,0.3333333333333333,-0.0017124314418244708,-0.20938068862940729,0.08772269622320739,0.8155187434798395,-0.07757434341158431,-0.00510817761914617,9224.25656588416
H4,20,4.0,W1,80,short,1.0,105,6.659359263761069,-0.15985788606774154,0.29070449217488503,0.8458435319608069,0.3333333333333333,-0.0017124314418244708,-0.20938068862940729,0.08772269622320739,0.8155187434798395,-0.07757434341158431,-0.00510817761914617,9224.25656588416
H4,20,4.0,W1,120,both,0.0,244,14.453616607200777,0.40774944842096883,0.30329361780103703,1.415548997086535,0.38114754098360654,0.0037062695636273404,0.5293672807687142,0.10636020908607458,1.5809524419799312,0.6224234475152894,0.029080420916620442,16224.23447515289
H4,20,4.0,W1,120,both,1.0,244,14.453616607200777,0.40774944842096883,0.30329361780103703,1.415548997086535,0.38114754098360654,0.0037062695636273404,0.5293672807687142,0.10636020908607458,1.5809524419799312,0.6224234475152894,0.029080420916620442,16224.23447515289
H4,20,4.0,W1,120,long,0.0,163,9.655489782679208,0.4113950879710964,0.32570044881960325,1.5682774638707278,0.3987730061349693,0.00506879960664927,0.5482706367098218,0.10512401144864514,1.917218567914768,0.6255978385973802,0.029199581565720223,16255.978385973816
H4,20,4.0,W1,120,long,1.0,163,9.655489782679208,0.4113950879710964,0.32570044881960325,1.5682774638707278,0.3987730061349693,0.00506879960664927,0.5482706367098218,0.10512401144864514,1.917218567914768,0.6255978385973802,0.029199581565720223,16255.978385973816
H4,20,4.0,W1,120,short,0.0,93,6.878948967193195,-0.027900367845325087,0.223337160441903,0.9713651806248293,0.34408602150537637,-0.0002583412766261436,-0.02633696433332963,0.1082786810822598,0.9738426319564654,-0.014430242944414196,-0.0010745628737660606,9855.697570555853
H4,20,4.0,W1,120,short,1.0,93,6.878948967193195,-0.027900367845325087,0.223337160441903,0.9713651806248293,0.34408602150537637,-0.0002583412766261436,-0.02633696433332963,0.1082786810822598,0.9738426319564654,-0.014430242944414196,-0.0010745628737660606,9855.697570555853
H4,20,2.5,none,0,both,0.0,814,37.648917310371026,0.491696153424553,0.19648820382764454,1.3050332510822655,0.34275184275184273,0.0018220302380269283,0.5385400121117149,0.1517581192891838,1.368162599316674,1.8265017995754653,0.04923088097646078,28265.017995754602
H4,20,2.5,none,0,both,1.0,814,37.648917310371026,0.491696153424553,0.19648820382764454,1.3050332510822655,0.34275184275184273,0.0018220302380269283,0.5385400121117149,0.1517581192891838,1.368162599316674,1.8265017995754653,0.04923088097646078,28265.017995754602
H4,20,2.5,none,0,long,0.0,742,34.32313829787234,0.6935734684050439,0.1937722112261716,1.4907029750592582,0.35714285714285715,0.002726545401885217,0.6789856131792017,0.15214919302552277,1.5388292467558542,2.6809700302222024,0.06213582169883791,36809.70030222212
H4,20,2.5,none,0,long,1.0,742,34.32313829787234,0.6935734684050439,0.1937722112261716,1.4907029750592582,0.35714285714285715,0.002726545401885217,0.6789856131792017,0.15214919302552277,1.5388292467558542,2.6809700302222024,0.06213582169883791,36809.70030222212
H4,20,2.5,none,0,short,0.0,743,34.36504368747625,-0.19674437988280155,0.46069605008243864,0.9064449918407341,0.30148048452220727,-0.000604407671721482,-0.1424969772562458,0.2791653381012562,0.9311660773485992,-0.21484369235777467,-0.011124680508189155,7851.5630764222615
H4,20,2.5,none,0,short,1.0,743,34.36504368747625,-0.19674437988280155,0.46069605008243864,0.9064449918407341,0.30148048452220727,-0.000604407671721482,-0.1424969772562458,0.2791653381012562,0.9311660773485992,-0.21484369235777467,-0.011124680508189155,7851.5630764222615
H4,20,2.5,D1,20,both,0.0,441,20.749098286744815,0.4133503144003844,0.16282376075902583,1.3261697098131462,0.3219954648526077,0.0018079336578555255,0.45491648493941533,0.11652881519582503,1.3758388011936162,0.6991639300035244,0.025256650623997512,16991.63930003525
H4,20,2.5,D1,20,both,1.0,441,20.749098286744815,0.4133503144003844,0.16282376075902583,1.3261697098131462,0.3219954648526077,0.0018079336578555255,0.45491648493941533,0.11652881519582503,1.3758388011936162,0.6991639300035244,0.025256650623997512,16991.63930003525
H4,20,2.5,D1,20,long,0.0,255,11.997777920906865,0.5532378251779999,0.13027155136814106,1.628967123410208,0.3843137254901961,0.003279028152334002,0.614605209900469,0.06690335953446425,1.7609067170497659,0.8609521378882508,0.029653430711387818,18609.521378882502
H4,20,2.5,D1,20,long,1.0,255,11.997777920906865,0.5532378251779999,0.13027155136814106,1.628967123410208,0.3843137254901961,0.003279028152334002,0.614605209900469,0.06690335953446425,1.7609067170497659,0.8609521378882508,0.029653430711387818,18609.521378882502
H4,20,2.5,D1,20,short,0.0,253,12.054298199843464,-0.007746921502220428,0.20643736767042387,0.9930773126303575,0.2608695652173913,-4.016269756785728e-05,-0.07944300949879401,0.15272733063698174,0.9319383302999045,-0.07197792297618522,-0.0035527772243715283,9280.220770238147
H4,20,2.5,D1,20,short,1.0,253,12.054298199843464,-0.007746921502220428,0.20643736767042387,0.9930773126303575,0.2608695652173913,-4.016269756785728e-05,-0.07944300949879401,0.15272733063698174,0.9319383302999045,-0.07197792297618522,-0.0035527772243715283,9280.220770238147
H4,20,2.5,D1,32,both,0.0,486,22.869299149703682,0.38345219723097596,0.20187923299345856,1.278910566973435,0.3374485596707819,0.0015817813727195958,0.42926150030012156,0.15101850004433703,1.3179496196325713,0.653017163985149,0.02393242704144516,16530.171639851524
H4,20,2.5,D1,32,both,1.0,486,22.869299149703682,0.38345219723097596,0.20187923299345856,1.278910566973435,0.3374485596707819,0.0015817813727195958,0.42926150030012156,0.15101850004433703,1.3179496196325713,0.653017163985149,0.02393242704144516,16530.171639851524
H4,20,2.5,D1,32,long,0.0,260,12.285252263906857,0.5536493195434814,0.132917174026686,1.6184497394808628,0.40384615384615385,0.0033096291350432094,0.590820596902088,0.09835812244619002,1.6485434033876822,0.7081345763234039,0.0256209750750922,17081.345763234058
H4,20,2.5,D1,32,long,1.0,260,12.285252263906857,0.5536493195434814,0.132917174026686,1.6184497394808628,0.40384615384615385,0.0033096291350432094,0.590820596902088,0.09835812244619002,1.6485434033876822,0.7081345763234039,0.0256209750750922,17081.345763234058
H4,20,2.5,D1,32,short,0.0,262,12.496147819273961,-0.037877123580369196,0.16683659438663045,0.9677757441033618,0.2786259541984733,-0.00018828194775038094,0.03081830697170579,0.09909004005093613,1.0282726466696406,0.00949285048693782,0.0004507296424607343,10094.928504869406
H4,20,2.5,D1,32,short,1.0,262,12.496147819273961,-0.037877123580369196,0.16683659438663045,0.9677757441033618,0.2786259541984733,-0.00018828194775038094,0.03081830697170579,0.09909004005093613,1.0282726466696406,0.00949285048693782,0.0004507296424607343,10094.928504869406
H4,20,2.5,D1,50,both,0.0,523,24.67714119622788,0.06185162624774664,0.4279566983834625,1.03805554867833,0.3135755258126195,0.00023057931587714114,0.04234601483728881,0.2760657784891335,1.0257317633202547,0.017414772473713036,0.0008149546714635303,10174.147724737137
H4,20,2.5,D1,50,both,1.0,523,24.67714119622788,0.06185162624774664,0.4279566983834625,1.03805554867833,0.3135755258126195,0.00023057931587714114,0.04234601483728881,0.2760657784891335,1.0257317633202547,0.017414772473713036,0.0008149546714635303,10174.147724737137
H4,20,2.5,D1,50,long,0.0,290,13.683309649916032,0.44014154444435555,0.21659412338429362,1.445040510986298,0.3586206896551724,0.0023574824349922403,0.3908023390144536,0.1370019074069535,1.384535356408646,0.455112903660287,0.01785540984372158,14551.129036602897
H4,20,2.5,D1,50,long,1.0,290,13.683309649916032,0.44014154444435555,0.21659412338429362,1.445040510986298,0.3586206896551724,0.0023574824349922403,0.3908023390144536,0.1370019074069535,1.384535356408646,0.455112903660287,0.01785540984372158,14551.129036602897
H4,20,2.5,D1,50,short,0.0,259,12.524791473586655,-0.4530511224890542,0.45255176467286484,0.6914922979192599,0.25868725868725867,-0.002098898365807999,-0.5129084854734717,0.2826768350726301,0.67407375638356,-0.2829795107200215,-0.015957724191687395,7170.2048927997785
H4,20,2.5,D1,50,short,1.0,259,12.524791473586655,-0.4530511224890542,0.45255176467286484,0.6914922979192599,0.25868725868725867,-0.002098898365807999,-0.5129084854734717,0.2826768350726301,0.67407375638356,-0.2829795107200215,-0.015957724191687395,7170.2048927997785
H4,20,2.5,D1,80,both,0.0,560,26.751242479727964,0.21500483011863025,0.24478921494883998,1.1340623115470108,0.325,0.0008077481885851013,0.4247028439202723,0.1553285946159063,1.3068929346202056,0.7857213908855072,0.028085323984004873,17857.2139088551
H4,20,2.5,D1,80,both,1.0,560,26.751242479727964,0.21500483011863025,0.24478921494883998,1.1340623115470108,0.325,0.0008077481885851013,0.4247028439202723,0.1553285946159063,1.3068929346202056,0.7857213908855072,0.028085323984004873,17857.2139088551
H4,20,2.5,D1,80,long,0.0,312,15.073809523809524,0.4062799012158954,0.13554547766932767,1.3743808466222456,0.358974358974359,0.0021305040304235357,0.5415443185985714,0.06666034178513525,1.5788359195485946,0.8366980400452988,0.029808770768816384,18366.980400453
H4,20,2.5,D1,80,long,1.0,312,15.073809523809524,0.4062799012158954,0.13554547766932767,1.3743808466222456,0.358974358974359,0.0021305040304235357,0.5415443185985714,0.06666034178513525,1.5788359195485946,0.8366980400452988,0.029808770768816384,18366.980400453
H4,20,2.5,D1,80,short,0.0,261,12.467989798587498,-0.0787525986631619,0.27707987341568663,0.9348327617294389,0.29118773946360155,-0.0004165530651903654,0.0921135337716393,0.11512580542791473,1.0866381456459953,0.06648159743389637,0.00307945291160161,10664.815974338957
H4,20,2.5,D1,80,short,1.0,261,12.467989798587498,-0.0787525986631619,0.27707987341568663,0.9348327617294389,0.29118773946360155,-0.0004165530651903654,0.0921135337716393,0.11512580542791473,1.0866381456459953,0.06648159743389637,0.00307945291160161,10664.815974338957
H4,20,2.5,D1,120,both,0.0,593,28.60071966195695,0.3050945273658534,0.16357215100799016,1.1898019587231512,0.33558178752107926,0.00113967240383688,0.4523979605784512,0.1484601617348975,1.3013155148212838,0.8454922378295411,0.029994108195770197,18454.922378295414
H4,20,2.5,D1,120,both,1.0,593,28.60071966195695,0.3050945273658534,0.16357215100799016,1.1898019587231512,0.33558178752107926,0.00113967240383688,0.4523979605784512,0.1484601617348975,1.3013155148212838,0.8454922378295411,0.029994108195770197,18454.922378295414
H4,20,2.5,D1,120,long,0.0,336,16.209747721569144,0.45065136543576156,0.11603742446643328,1.397720692232156,0.37202380952380953,0.002259727321982478,0.5473323814160342,0.0982688226411903,1.5403225821399147,0.8410891405031102,0.02988345913610635,18410.89140503112
H4,20,2.5,D1,120,long,1.0,336,16.209747721569144,0.45065136543576156,0.11603742446643328,1.397720692232156,0.37202380952380953,0.002259727321982478,0.5473323814160342,0.0982688226411903,1.5403225821399147,0.8410891405031102,0.02988345913610635,18410.89140503112
H4,20,2.5,D1,120,short,0.0,272,13.346050510478237,-0.04705750147919031,0.27821945329069264,0.9606303084268998,0.29044117647058826,-0.00024913861529002936,0.05459000679272494,0.12638020569007757,1.0469311838558228,0.029853721141334777,0.0014444162451743292,10298.53721141336
H4,20,2.5,D1,120,short,1.0,272,13.346050510478237,-0.04705750147919031,0.27821945329069264,0.9606303084268998,0.29044117647058826,-0.00024913861529002936,0.05459000679272494,0.12638020569007757,1.0469311838558228,0.029853721141334777,0.0014444162451743292,10298.53721141336
H4,20,2.5,W1,20,both,0.0,661,31.725394218134035,0.4004750892298711,0.270507241631908,1.2524952596227024,0.34493192133131617,0.0014937768499601772,0.4577909825034842,0.22408950411003037,1.2772962690138496,0.8760427885412334,0.030657989809178554,18760.427885412315
H4,20,2.5,W1,20,both,1.0,661,31.725394218134035,0.4004750892298711,0.270507241631908,1.2524952596227024,0.34493192133131617,0.0014937768499601772,0.4577909825034842,0.22408950411003037,1.2772962690138496,0.8760427885412334,0.030657989809178554,18760.427885412315
H4,20,2.5,W1,20,long,0.0,399,19.150427069645204,0.5306995934645186,0.21529649654366445,1.4734388569768502,0.3609022556390977,0.0027972332235393477,0.5964570682853104,0.17660531165966142,1.5480119076167733,1.13026250483753,0.03696356021235103,21302.62504837524
H4,20,2.5,W1,20,long,1.0,399,19.150427069645204,0.5306995934645186,0.21529649654366445,1.4734388569768502,0.3609022556390977,0.0027972332235393477,0.5964570682853104,0.17660531165966142,1.5480119076167733,1.13026250483753,0.03696356021235103,21302.62504837524
H4,20,2.5,W1,20,short,0.0,307,15.063373186458893,-0.029570845645626346,0.24951207899990846,0.9769989416676695,0.32247557003257327,-0.00014309099317087027,0.0441385402283755,0.16420876746155877,1.0335955428897747,0.020441505868524334,0.000993369673270461,10204.415058685236
H4,20,2.5,W1,20,short,1.0,307,15.063373186458893,-0.029570845645626346,0.24951207899990846,0.9769989416676695,0.32247557003257327,-0.00014309099317087027,0.0441385402283755,0.16420876746155877,1.0335955428897747,0.020441505868524334,0.000993369673270461,10204.415058685236
H4,20,2.5,W1,32,both,0.0,650,31.90170653050255,0.37045764076464116,0.27310638116709596,1.2314649790095595,0.33692307692307694,0.001391131514456003,0.4807299602240812,0.162476037100026,1.3086413031129858,1.0129306161363751,0.034931916821634657,20129.306161363806
H4,20,2.5,W1,32,both,1.0,650,31.90170653050255,0.37045764076464116,0.27310638116709596,1.2314649790095595,0.33692307692307694,0.001391131514456003,0.4807299602240812,0.162476037100026,1.3086413031129858,1.0129306161363751,0.034931916821634657,20129.306161363806
H4,20,2.5,W1,32,long,0.0,401,19.68089895189465,0.5202002731139332,0.21737638787510227,1.4642259899843764,0.35910224438902744,0.002691779834121087,0.5744968579449565,0.12159276526490626,1.5178227712681747,1.0233391253581963,0.03519392003281063,20233.391253581936
H4,20,2.5,W1,32,long,1.0,401,19.68089895189465,0.5202002731139332,0.21737638787510227,1.4642259899843764,0.35910224438902744,0.002691779834121087,0.5744968579449565,0.12159276526490626,1.5178227712681747,1.0233391253581963,0.03519392003281063,20233.391253581936
H4,20,2.5,W1,32,short,0.0,296,15.210185706246483,-0.06451542099394754,0.26102763803602247,0.9508541608501597,0.30405405405405406,-0.00030745725789183096,0.0786063140706359,0.15327187355773775,1.0658640793709653,0.054334733858436124,0.0027225192157276368,10543.34733858435
H4,20,2.5,W1,32,short,1.0,296,15.210185706246483,-0.06451542099394754,0.26102763803602247,0.9508541608501597,0.30405405405405406,-0.00030745725789183096,0.0786063140706359,0.15327187355773775,1.0658640793709653,0.054334733858436124,0.0027225192157276368,10543.34733858435
H4,20,2.5,W1,50,both,0.0,633,32.1517521902378,0.483637977676058,0.27729534908719244,1.3427457930324866,0.34281200631911535,0.001997348251071064,0.5759345122699349,0.17271850049380955,1.4702087983760732,1.7433734390889417,0.052595857000834245,27433.734390889495
H4,20,2.5,W1,50,both,1.0,633,32.1517521902378,0.483637977676058,0.27729534908719244,1.3427457930324866,0.34281200631911535,0.001997348251071064,0.5759345122699349,0.17271850049380955,1.4702087983760732,1.7433734390889417,0.052595857000834245,27433.734390889495
H4,20,2.5,W1,50,long,0.0,423,21.48529411764706,0.47263788071814766,0.23846417048689617,1.442268943901985,0.3475177304964539,0.002486816644410029,0.5398562859326901,0.14020052617555712,1.5946063931224304,1.3475549888675773,0.04429827365220751,23475.549888675814
H4,20,2.5,W1,50,long,1.0,423,21.48529411764706,0.47263788071814766,0.23846417048689617,1.442268943901985,0.3475177304964539,0.002486816644410029,0.5398562859326901,0.14020052617555712,1.5946063931224304,1.3475549888675773,0.04429827365220751,23475.549888675814
H4,20,2.5,W1,50,short,0.0,255,13.303635194972147,0.19814435513087392,0.20999355971069877,1.1873013983549334,0.3333333333333333,0.0011561909747252511,0.2924217304314758,0.12757440019943156,1.2841696995558651,0.2863194096106787,0.013222558451587707,12863.194096106776
H4,20,2.5,W1,50,short,1.0,255,13.303635194972147,0.19814435513087392,0.20999355971069877,1.1873013983549334,0.3333333333333333,0.0011561909747252511,0.2924217304314758,0.12757440019943156,1.2841696995558651,0.2863194096106787,0.013222558451587707,12863.194096106776
H4,20,2.5,W1,80,both,0.0,611,33.042308261770806,0.4374745320824918,0.27236050178372917,1.3032906435324594,0.33878887070376434,0.0017619483748812794,0.5177660110336443,0.1744891502756576,1.3963778703122858,1.3389188888720138,0.04702245193026444,23389.18888872009
H4,20,2.5,W1,80,both,1.0,611,33.042308261770806,0.4374745320824918,0.27236050178372917,1.3032906435324594,0.33878887070376434,0.0017619483748812794,0.5177660110336443,0.1744891502756576,1.3963778703122858,1.3389188888720138,0.04702245193026444,23389.18888872009
H4,20,2.5,W1,80,long,0.0,406,21.956100088836244,0.5486840271995298,0.20467571393722428,1.5325074076816332,0.35467980295566504,0.002897821024905556,0.5843917836438363,0.15204718206826273,1.6301432164741614,1.4093293750249472,0.048703187000295856,24093.293750249504
H4,20,2.5,W1,80,long,1.0,406,21.956100088836244,0.5486840271995298,0.20467571393722428,1.5325074076816332,0.35467980295566504,0.002897821024905556,0.5843917836438363,0.15204718206826273,1.6301432164741614,1.4093293750249472,0.048703187000295856,24093.293750249504
H4,20,2.5,W1,80,short,0.0,224,14.130569948186528,-0.0411176801786704,0.22917602074724341,0.9663370437319858,0.3125,-0.00021942354805839866,-0.055269928147080274,0.13397597022602892,0.9586160893512731,-0.04872321236582733,-0.0031460449606187657,9512.767876341706
H4,20,2.5,W1,80,short,1.0,224,14.130569948186528,-0.0411176801786704,0.22917602074724341,0.9663370437319858,0.3125,-0.00021942354805839866,-0.055269928147080274,0.13397597022602892,0.9586160893512731,-0.04872321236582733,-0.0031460449606187657,9512.767876341706
H4,20,2.5,W1,120,both,0.0,563,33.11364734299517,0.5053537148424659,0.21594945832591173,1.3588759854695796,0.3410301953818828,0.002006834286790404,0.6117380304020082,0.176467560910748,1.501703916102722,1.7169611798016868,0.06055021354381429,27169.61179801684
H4,20,2.5,W1,120,both,1.0,563,33.11364734299517,0.5053537148424659,0.21594945832591173,1.3588759854695796,0.3410301953818828,0.002006834286790404,0.6117380304020082,0.176467560910748,1.501703916102722,1.7169611798016868,0.06055021354381429,27169.61179801684
H4,20,2.5,W1,120,long,0.0,369,21.752299870884443,0.5724270119451359,0.23511461242449994,1.5565383107643669,0.3712737127371274,0.00304330239346586,0.6577620902054525,0.13531507404310095,1.7355555970686531,1.516182789681075,0.05590167864165263,25161.827896810806
H4,20,2.5,W1,120,long,1.0,369,21.752299870884443,0.5724270119451359,0.23511461242449994,1.5565383107643669,0.3712737127371274,0.00304330239346586,0.6577620902054525,0.13531507404310095,1.7355555970686531,1.516182789681075,0.05590167864165263,25161.827896810806
H4,20,2.5,W1,120,short,0.0,211,14.61831373292868,0.00443636029683848,0.15127279413835082,1.003628383789668,0.2890995260663507,2.092556984637319e-05,0.09981700665476484,0.10757074897127794,1.0837796660522165,0.0561841330581494,0.003794261272830557,10561.841330581496
H4,20,2.5,W1,120,short,1.0,211,14.61831373292868,0.00443636029683848,0.15127279413835082,1.003628383789668,0.2890995260663507,2.092556984637319e-05,0.09981700665476484,0.10757074897127794,1.0837796660522165,0.0561841330581494,0.003794261272830557,10561.841330581496
H4,20,3.0,none,0,both,0.0,589,27.287195585996958,0.3935878656074633,0.3268191229197537,1.2760869777792163,0.3531409168081494,0.0020138716600993215,0.4023178183417105,0.1581886698552134,1.3056589004547035,0.9398314741750993,0.031172998553608,19398.31474175096
H4,20,3.0,none,0,both,1.0,589,27.287195585996958,0.3935878656074633,0.3268191229197537,1.2760869777792163,0.3531409168081494,0.0020138716600993215,0.4023178183417105,0.1581886698552134,1.3056589004547035,0.9398314741750993,0.031172998553608,19398.31474175096
H4,20,3.0,none,0,long,0.0,529,24.51684430909783,0.6678067325871897,0.2324679458699278,1.551699693275526,0.3856332703213611,0.003714154495747635,0.6621560064644126,0.16958109684117728,1.5985898530853122,2.0913219196737916,0.05369774076696565,30913.219196737966
H4,20,3.0,none,0,long,1.0,529,24.51684430909783,0.6678067325871897,0.2324679458699278,1.551699693275526,0.3856332703213611,0.003714154495747635,0.6621560064644126,0.16958109684117728,1.5985898530853122,2.0913219196737916,0.05369774076696565,30913.219196737966
H4,20,3.0,none,0,short,0.0,530,24.550729232720357,-0.15510492315005983,0.4398000115656989,0.9143637765851074,0.32075471698113206,-0.0006663066760952039,-0.15745646138518896,0.23433543337859453,0.9157327942684879,-0.18198237915781135,-0.00926163567220395,8180.17620842188
H4,20,3.0,none,0,short,1.0,530,24.550729232720357,-0.15510492315005983,0.4398000115656989,0.9143637765851074,0.32075471698113206,-0.0006663066760952039,-0.15745646138518896,0.23433543337859453,0.9157327942684879,-0.18198237915781135,-0.00926163567220395,8180.17620842188
H4,20,3.0,D1,20,both,0.0,260,12.233028468375627,0.508924123752662,0.15102745536664952,1.575906474461454,0.38076923076923075,0.0038359984948547828,0.48900670248237155,0.06345784817077316,1.548663100555786,0.6217934686575657,0.023011023468854308,16217.934686575667
H4,20,3.0,D1,20,both,1.0,260,12.233028468375627,0.508924123752662,0.15102745536664952,1.575906474461454,0.38076923076923075,0.0038359984948547828,0.48900670248237155,0.06345784817077316,1.548663100555786,0.6217934686575657,0.023011023468854308,16217.934686575667
H4,20,3.0,D1,20,long,0.0,164,7.716217956975396,0.4648382140800477,0.10246536775372672,1.6774160195680996,0.42073170731707316,0.004349398754998165,0.5359841501169971,0.05396756261444424,1.8626504056410205,0.5521328780591639,0.02090005115687643,15521.32878059168
H4,20,3.0,D1,20,long,1.0,164,7.716217956975396,0.4648382140800477,0.10246536775372672,1.6774160195680996,0.42073170731707316,0.004349398754998165,0.5359841501169971,0.05396756261444424,1.8626504056410205,0.5521328780591639,0.02090005115687643,15521.32878059168
H4,20,3.0,D1,20,short,0.0,138,6.6496701846965705,0.23108714982109949,0.17351274717956544,1.3291167872843572,0.32608695652173914,0.0022864869612304523,0.10681519109466409,0.07554979258896655,1.1320808476192896,0.06181663306738194,0.002894438090594642,10618.166330673826
H4,20,3.0,D1,20,short,1.0,138,6.6496701846965705,0.23108714982109949,0.17351274717956544,1.3291167872843572,0.32608695652173914,0.0022864869612304523,0.10681519109466409,0.07554979258896655,1.1320808476192896,0.06181663306738194,0.002894438090594642,10618.166330673826
H4,20,3.0,D1,32,both,0.0,298,13.977719275715938,0.4697213766722229,0.15446704658837207,1.459311445562113,0.3825503355704698,0.0031571520661026493,0.4966876100895185,0.07425024837019134,1.5152919842358974,0.6961978640425466,0.025093827200214136,16961.978640425492
H4,20,3.0,D1,32,both,1.0,298,13.977719275715938,0.4697213766722229,0.15446704658837207,1.459311445562113,0.3825503355704698,0.0031571520661026493,0.4966876100895185,0.07425024837019134,1.5152919842358974,0.6961978640425466,0.025093827200214136,16961.978640425492
H4,20,3.0,D1,32,long,0.0,185,8.713249516441005,0.44577229292293225,0.12982784168705397,1.5679149133182735,0.40540540540540543,0.0036633719884659245,0.45525679639136774,0.07747339028423783,1.6368616642568643,0.4674479718942981,0.01822763145901085,14674.479718942963
H4,20,3.0,D1,32,long,1.0,185,8.713249516441005,0.44577229292293225,0.12982784168705397,1.5679149133182735,0.40540540540540543,0.0036633719884659245,0.45525679639136774,0.07747339028423783,1.6368616642568643,0.4674479718942981,0.01822763145901085,14674.479718942963
H4,20,3.0,D1,32,short,0.0,142,6.8020327868852455,0.14004547518470475,0.15204281334934666,1.1770551830119806,0.33098591549295775,0.001318431263757025,0.14449477295858143,0.08471224969242086,1.1822277785961386,0.09222204382798882,0.0042345449367944266,10922.220438279877
H4,20,3.0,D1,32,short,1.0,142,6.8020327868852455,0.14004547518470475,0.15204281334934666,1.1770551830119806,0.33098591549295775,0.001318431263757025,0.14449477295858143,0.08471224969242086,1.1822277785961386,0.09222204382798882,0.0042345449367944266,10922.220438279877
H4,20,3.0,D1,50,both,0.0,329,15.855290935479616,0.0997753890401909,0.30641665933576556,1.077012618721369,0.3495440729483283,0.000571759497034891,0.08688692558898174,0.1622069988613556,1.065265623720252,0.06466063751764972,0.003024109516333473,10646.60637517649
H4,20,3.0,D1,50,both,1.0,329,15.855290935479616,0.0997753890401909,0.30641665933576556,1.077012618721369,0.3495440729483283,0.000571759497034891,0.08688692558898174,0.1622069988613556,1.065265623720252,0.06466063751764972,0.003024109516333473,10646.60637517649
H4,20,3.0,D1,50,long,0.0,197,9.490141123714059,0.34249213125897393,0.16813042907966058,1.391955853315824,0.38578680203045684,0.002577769272964897,0.3108994396011603,0.10901963132220094,1.3646019427279639,0.2892320934398347,0.012313466421506325,12892.32093439834
H4,20,3.0,D1,50,long,1.0,197,9.490141123714059,0.34249213125897393,0.16813042907966058,1.391955853315824,0.38578680203045684,0.002577769272964897,0.3108994396011603,0.10901963132220094,1.3646019427279639,0.2892320934398347,0.012313466421506325,12892.32093439834
H4,20,3.0,D1,50,short,0.0,148,7.221079348116484,-0.1840086230571113,0.316388745001836,0.8177037176664566,0.30405405405405406,-0.001515136082045048,-0.20651115676303192,0.12775208485955836,0.8109665428649578,-0.11036098751470247,-0.005689358184929438,8896.390124852978
H4,20,3.0,D1,50,short,1.0,148,7.221079348116484,-0.1840086230571113,0.316388745001836,0.8177037176664566,0.30405405405405406,-0.001515136082045048,-0.20651115676303192,0.12775208485955836,0.8109665428649578,-0.11036098751470247,-0.005689358184929438,8896.390124852978
H4,20,3.0,D1,80,both,0.0,357,17.10088524590164,0.17329219249530228,0.3161579637154761,1.1284820224080327,0.3641456582633053,0.000912534687991023,0.3676052905836308,0.09700780606030546,1.2991549568915077,0.4421440209943186,0.01769296932049569,14421.44020994319
H4,20,3.0,D1,80,both,1.0,357,17.10088524590164,0.17329219249530228,0.3161579637154761,1.1284820224080327,0.3641456582633053,0.000912534687991023,0.3676052905836308,0.09700780606030546,1.2991549568915077,0.4421440209943186,0.01769296932049569,14421.44020994319
H4,20,3.0,D1,80,long,0.0,207,10.004863040889242,0.396909949748358,0.12122857819128707,1.4194203079272922,0.41545893719806765,0.002763433183772641,0.5270953905195787,0.07290839426638651,1.6274776424957198,0.5318791262425369,0.020827579702779264,15318.79126242537
H4,20,3.0,D1,80,long,1.0,207,10.004863040889242,0.396909949748358,0.12122857819128707,1.4194203079272922,0.41545893719806765,0.002763433183772641,0.5270953905195787,0.07290839426638651,1.6274776424957198,0.5318791262425369,0.020827579702779264,15318.79126242537
H4,20,3.0,D1,80,short,0.0,157,7.647939450520139,-0.10709968585567554,0.34652663558714214,0.8888855539527241,0.29936305732484075,-0.0008575860679230494,0.04673201229113329,0.13822444909703002,1.0527239185431796,0.020786876613282823,0.0010027126029072964,10207.86876613283
H4,20,3.0,D1,80,short,1.0,157,7.647939450520139,-0.10709968585567554,0.34652663558714214,0.8888855539527241,0.29936305732484075,-0.0008575860679230494,0.04673201229113329,0.13822444909703002,1.0527239185431796,0.020786876613282823,0.0010027126029072964,10207.86876613283
H4,20,3.0,D1,120,both,0.0,398,19.200832122572976,0.39814445969051176,0.1620426245669121,1.299910720454317,0.3793969849246231,0.0021282825438728057,0.49825582492914505,0.08067186530513404,1.3991997796865259,0.750786655313324,0.02738772554038027,17507.866553133208
H4,20,3.0,D1,120,both,1.0,398,19.200832122572976,0.39814445969051176,0.1620426245669121,1.299910720454317,0.3793969849246231,0.0021282825438728057,0.49825582492914505,0.08067186530513404,1.3991997796865259,0.750786655313324,0.02738772554038027,17507.866553133208
H4,20,3.0,D1,120,long,0.0,226,10.902985074626866,0.5661241761954925,0.11325210341906089,1.6467853944590478,0.42035398230088494,0.004076555939752578,0.6180562602056686,0.05528947903694159,1.7816682846331888,0.7660015965943883,0.02781668748579813,17660.015965943883
H4,20,3.0,D1,120,long,1.0,226,10.902985074626866,0.5661241761954925,0.11325210341906089,1.6467853944590478,0.42035398230088494,0.004076555939752578,0.6180562602056686,0.05528947903694159,1.7816682846331888,0.7660015965943883,0.02781668748579813,17660.015965943883
H4,20,3.0,D1,120,short,0.0,180,8.9363871143129,-0.04095832957920434,0.2850806626907033,0.9614617620523587,0.3277777777777778,-0.0003087603656398182,0.05495324680894802,0.11992071606888322,1.0533437630054692,0.027339575240889813,0.0013399909662705767,10273.3957524089
H4,20,3.0,D1,120,short,1.0,180,8.9363871143129,-0.04095832957920434,0.2850806626907033,0.9614617620523587,0.3277777777777778,-0.0003087603656398182,0.05495324680894802,0.11992071606888322,1.0533437630054692,0.027339575240889813,0.0013399909662705767,10273.3957524089
H4,20,3.0,W1,20,both,0.0,452,21.751383399209487,0.3584684774158189,0.21553529390190562,1.2595061581299345,0.3606194690265487,0.001874562362164014,0.425253499367418,0.12537524773738906,1.3029437427151345,0.6320676924511213,0.023852744518906066,16320.67692451121
H4,20,3.0,W1,20,both,1.0,452,21.751383399209487,0.3584684774158189,0.21553529390190562,1.2595061581299345,0.3606194690265487,0.001874562362164014,0.425253499367418,0.12537524773738906,1.3029437427151345,0.6320676924511213,0.023852744518906066,16320.67692451121
H4,20,3.0,W1,20,long,0.0,268,12.896837944664032,0.6182846665952769,0.12534275275355722,1.697457728135715,0.41044776119402987,0.004699254400250985,0.6341862095225277,0.07181187973863334,1.7060721605812654,0.9020297997652174,0.031422600945199886,19020.297997652182
H4,20,3.0,W1,20,long,1.0,268,12.896837944664032,0.6182846665952769,0.12534275275355722,1.697457728135715,0.41044776119402987,0.004699254400250985,0.6341862095225277,0.07181187973863334,1.7060721605812654,0.9020297997652174,0.031422600945199886,19020.297997652182
H4,20,3.0,W1,20,short,0.0,225,11.138689346706425,-0.16769461969944882,0.26826130880189625,0.8642412507946559,0.31555555555555553,-0.0010916013074502807,-0.1007813083528739,0.1294625013014068,0.9207242174390199,-0.07848895663611644,-0.004038411308125767,9215.110433638834
H4,20,3.0,W1,20,short,1.0,225,11.138689346706425,-0.16769461969944882,0.26826130880189625,0.8642412507946559,0.31555555555555553,-0.0010916013074502807,-0.1007813083528739,0.1294625013014068,0.9207242174390199,-0.07848895663611644,-0.004038411308125767,9215.110433638834
H4,20,3.0,W1,32,both,0.0,453,22.2749394184168,0.3242420642968368,0.26232058114819345,1.2296600903297321,0.3598233995584989,0.0017199642965255195,0.4202878449767199,0.13022405159546346,1.3095195603546943,0.6907515172381951,0.026160163717030782,16907.51517238199
H4,20,3.0,W1,32,both,1.0,453,22.2749394184168,0.3242420642968368,0.26232058114819345,1.2296600903297321,0.3598233995584989,0.0017199642965255195,0.4202878449767199,0.13022405159546346,1.3095195603546943,0.6907515172381951,0.026160163717030782,16907.51517238199
H4,20,3.0,W1,32,long,0.0,280,13.768174474959611,0.5438122720516805,0.21611403770783955,1.5715239198588768,0.39285714285714285,0.003984896856375314,0.5570763161986865,0.12734215479250022,1.5922473358117368,0.8054613114122533,0.0294777568272091,18054.613114122538
H4,20,3.0,W1,32,long,1.0,280,13.768174474959611,0.5438122720516805,0.21611403770783955,1.5715239198588768,0.39285714285714285,0.003984896856375314,0.5570763161986865,0.12734215479250022,1.5922473358117368,0.8054613114122533,0.0294777568272091,18054.613114122538
H4,20,3.0,W1,32,short,0.0,216,11.097763398508933,-0.11193519626425223,0.2987100509670646,0.9071999434062853,0.33796296296296297,-0.0007188394909681678,0.01619808211343481,0.1327296807568097,1.0143925100535178,-0.0028285406645922606,-0.00014552160315306484,9971.714593354069
H4,20,3.0,W1,32,short,1.0,216,11.097763398508933,-0.11193519626425223,0.2987100509670646,0.9071999434062853,0.33796296296296297,-0.0007188394909681678,0.01619808211343481,0.1327296807568097,1.0143925100535178,-0.0028285406645922606,-0.00014552160315306484,9971.714593354069
H4,20,3.0,W1,50,both,0.0,450,22.8566958698373,0.47358920798178195,0.2601542190921463,1.3810436181340362,0.3688888888888889,0.0027616661336298167,0.5414170927786672,0.1292950690800725,1.4765573902970495,1.1995536672291234,0.040849845779884486,21995.536672291233
H4,20,3.0,W1,50,both,1.0,450,22.8566958698373,0.47358920798178195,0.2601542190921463,1.3810436181340362,0.3688888888888889,0.0027616661336298167,0.5414170927786672,0.1292950690800725,1.4765573902970495,1.1995536672291234,0.040849845779884486,21995.536672291233
H4,20,3.0,W1,50,long,0.0,297,15.085419274092617,0.4775270859079479,0.24561179928674715,1.51854099274451,0.38047138047138046,0.00355852745603014,0.512583249114987,0.1482192509893151,1.59270986281894,0.8795314697798629,0.03257048628458148,18795.314697798636
H4,20,3.0,W1,50,long,1.0,297,15.085419274092617,0.4775270859079479,0.24561179928674715,1.51854099274451,0.38047138047138046,0.00355852745603014,0.512583249114987,0.1482192509893151,1.59270986281894,0.8795314697798629,0.03257048628458148,18795.314697798636
H4,20,3.0,W1,50,short,0.0,189,9.851898101898101,0.12536273418161906,0.1953410448481544,1.1289254450002475,0.3439153439153439,0.0009891498275909566,0.16279558667083255,0.1398027502032969,1.1658899513801988,0.11788162349209363,0.005825639187737375,11178.816234920943
H4,20,3.0,W1,50,short,1.0,189,9.851898101898101,0.12536273418161906,0.1953410448481544,1.1289254450002475,0.3439153439153439,0.0009891498275909566,0.16279558667083255,0.1398027502032969,1.1658899513801988,0.11788162349209363,0.005825639187737375,11178.816234920943
H4,20,3.0,W1,80,both,0.0,431,23.30807669529168,0.3703432900799905,0.3371980854281935,1.2877856370482126,0.35498839907192575,0.0021287475536840746,0.41011694479501104,0.15099232934820994,1.3406365596204683,0.7194308987621771,0.029744274178912677,17194.308987621775
H4,20,3.0,W1,80,both,1.0,431,23.30807669529168,0.3703432900799905,0.3371980854281935,1.2877856370482126,0.35498839907192575,0.0021287475536840746,0.41011694479501104,0.15099232934820994,1.3406365596204683,0.7194308987621771,0.029744274178912677,17194.308987621775
H4,20,3.0,W1,80,long,0.0,287,15.520691442108381,0.5699018653911471,0.2087762830023936,1.648721959256725,0.3867595818815331,0.004335772126297753,0.5528049797965301,0.11713751226080882,1.7021746934606583,1.0659768274877468,0.040019995716298995,20659.76827487748
H4,20,3.0,W1,80,long,1.0,287,15.520691442108381,0.5699018653911471,0.2087762830023936,1.648721959256725,0.3867595818815331,0.004335772126297753,0.5528049797965301,0.11713751226080882,1.7021746934606583,1.0659768274877468,0.040019995716298995,20659.76827487748
H4,20,3.0,W1,80,short,0.0,162,10.278009379885356,-0.09701989811602803,0.29249357393330555,0.9135776917771429,0.30246913580246915,-0.0007338279716474052,-0.12230413241910192,0.14354723031768435,0.9006259393283469,-0.07285539988246892,-0.004787807959049095,9271.446001175318
H4,20,3.0,W1,80,short,1.0,162,10.278009379885356,-0.09701989811602803,0.29249357393330555,0.9135776917771429,0.30246913580246915,-0.0007338279716474052,-0.12230413241910192,0.14354723031768435,0.9006259393283469,-0.07285539988246892,-0.004787807959049095,9271.446001175318
H4,20,3.0,W1,120,both,0.0,400,23.530359156063778,0.42858174138104277,0.27189049428125367,1.3404705568704312,0.3625,0.002367466827346583,0.48735174837490625,0.15186181835264068,1.4061953571847667,0.8271791159091735,0.03609483708480288,18271.791159091754
H4,20,3.0,W1,120,both,1.0,400,23.530359156063778,0.42858174138104277,0.27189049428125367,1.3404705568704312,0.3625,0.002367466827346583,0.48735174837490625,0.15186181835264068,1.4061953571847667,0.8271791159091735,0.03609483708480288,18271.791159091754
H4,20,3.0,W1,120,long,0.0,267,15.73946901226598,0.5111459641110487,0.2780013681405914,1.5556132399784297,0.4044943820224719,0.0037458503420398303,0.5446222724139432,0.15236555205057545,1.643139193528301,0.8340521104634275,0.03640127705098628,18340.521104634277
H4,20,3.0,W1,120,long,1.0,267,15.73946901226598,0.5111459641110487,0.2780013681405914,1.5556132399784297,0.4044943820224719,0.0037458503420398303,0.5446222724139432,0.15236555205057545,1.643139193528301,0.8340521104634275,0.03640127705098628,18340.521104634277
H4,20,3.0,W1,120,short,0.0,147,10.184322837632777,-0.052349552856535427,0.21336491881516384,0.952779959835485,0.29931972789115646,-0.00033875557854477935,0.030686874556747186,0.11853051379157242,1.0282090701570723,0.006573756332312719,0.00045404973205376287,10065.737563323124
H4,20,3.0,W1,120,short,1.0,147,10.184322837632777,-0.052349552856535427,0.21336491881516384,0.952779959835485,0.29931972789115646,-0.00033875557854477935,0.030686874556747186,0.11853051379157242,1.0282090701570723,0.006573756332312719,0.00045404973205376287,10065.737563323124
H4,20,5.0,none,0,both,0.0,251,11.62685478757134,-0.36596661551489845,0.6212516037742584,0.7548654640918613,0.32669322709163345,-0.003043687117662431,-0.334789300916398,0.2325616015105071,0.7677181686509013,-0.2048139062158124,-0.01055991320270211,7951.860937841853
H4,20,5.0,none,0,both,1.0,251,11.62685478757134,-0.36596661551489845,0.6212516037742584,0.7548654640918613,0.32669322709163345,-0.003043687117662431,-0.334789300916398,0.2325616015105071,0.7677181686509013,-0.2048139062158124,-0.01055991320270211,7951.860937841853
H4,20,5.0,none,0,long,0.0,233,10.806761904761904,0.5800202667237979,0.36688014977859684,1.667547311891846,0.40772532188841204,0.0072586917687587444,0.603078262300927,0.14958329426403094,1.772138106755367,0.8651510432897822,0.02933318294284981,18651.51043289785
H4,20,5.0,none,0,long,1.0,233,10.806761904761904,0.5800202667237979,0.36688014977859684,1.667547311891846,0.40772532188841204,0.0072586917687587444,0.603078262300927,0.14958329426403094,1.772138106755367,0.8651510432897822,0.02933318294284981,18651.51043289785
H4,20,5.0,none,0,short,0.0,234,10.839378566899176,-0.29882474242910195,0.54509975538764,0.7822952438252395,0.3504273504273504,-0.002591436937102858,-0.29998615440357473,0.2023341140713787,0.7857706922767718,-0.16519942799573595,-0.008329154708371478,8348.005720042649
H4,20,5.0,none,0,short,1.0,234,10.839378566899176,-0.29882474242910195,0.54509975538764,0.7822952438252395,0.3504273504273504,-0.002591436937102858,-0.29998615440357473,0.2023341140713787,0.7857706922767718,-0.16519942799573595,-0.008329154708371478,8348.005720042649
H4,20,5.0,D1,20,both,0.0,155,7.286196911196911,0.006896088651750959,0.32539602065476747,1.0066526825597073,0.36129032258064514,7.638559916241015e-05,-0.0014778945029125356,0.11131550985986938,0.998538611284235,-0.007158325793395814,-0.0003376497271180279,9928.416742066045
H4,20,5.0,D1,20,both,1.0,155,7.286196911196911,0.006896088651750959,0.32539602065476747,1.0066526825597073,0.36129032258064514,7.638559916241015e-05,-0.0014778945029125356,0.11131550985986938,0.998538611284235,-0.007158325793395814,-0.0003376497271180279,9928.416742066045
H4,20,5.0,D1,20,long,0.0,118,5.546911196911196,0.07587027777811063,0.32666917318957034,1.0952423565741793,0.3305084745762712,0.0010744666360643948,0.0966696427716745,0.11246220646942773,1.1465635468999082,0.05308463484900949,0.0024343671118252086,10530.846348490106
H4,20,5.0,D1,20,long,1.0,118,5.546911196911196,0.07587027777811063,0.32666917318957034,1.0952423565741793,0.3305084745762712,0.0010744666360643948,0.0966696427716745,0.11246220646942773,1.1465635468999082,0.05308463484900949,0.0024343671118252086,10530.846348490106
H4,20,5.0,D1,20,short,0.0,95,4.5867481824190355,-0.1405590755250247,0.31962433526093925,0.838099854812153,0.3684210526315789,-0.0020503977707866353,-0.059533983316548245,0.08401684044653579,0.9300999900373782,-0.02533215498638519,-0.0012380671895481088,9746.678450136165
H4,20,5.0,D1,20,short,1.0,95,4.5867481824190355,-0.1405590755250247,0.31962433526093925,0.838099854812153,0.3684210526315789,-0.0020503977707866353,-0.059533983316548245,0.08401684044653579,0.9300999900373782,-0.02533215498638519,-0.0012380671895481088,9746.678450136165
H4,20,5.0,D1,32,both,0.0,133,6.287632668910174,-0.12456961124181404,0.41423667558570065,0.8742810098089144,0.3383458646616541,-0.0015732597346080333,-0.04642000094282831,0.10878420860253302,0.9517749702175164,-0.028612152514639,-0.0013714389999138765,9713.878474853604
H4,20,5.0,D1,32,both,1.0,133,6.287632668910174,-0.12456961124181404,0.41423667558570065,0.8742810098089144,0.3383458646616541,-0.0015732597346080333,-0.04642000094282831,0.10878420860253302,0.9517749702175164,-0.028612152514639,-0.0013714389999138765,9713.878474853604
H4,20,5.0,D1,32,long,0.0,89,4.252649136577708,0.2484525344328952,0.2904333149201289,1.4265507877324246,0.3595505617977528,0.005207075939119957,0.2659844149856344,0.0869451344633504,1.4601755214312995,0.1550725593225697,0.006912267329551192,11550.725593225687
H4,20,5.0,D1,32,long,1.0,89,4.252649136577708,0.2484525344328952,0.2904333149201289,1.4265507877324246,0.3595505617977528,0.005207075939119957,0.2659844149856344,0.0869451344633504,1.4601755214312995,0.1550725593225697,0.006912267329551192,11550.725593225687
H4,20,5.0,D1,32,short,0.0,81,3.892796052631579,-0.3500783331369205,0.32436065023191685,0.6227497012725853,0.30864197530864196,-0.004571309166278213,-0.2499700438394275,0.092863316572242,0.7159149751439431,-0.07973936630399525,-0.0039856771926106704,9202.606336960056
H4,20,5.0,D1,32,short,1.0,81,3.892796052631579,-0.3500783331369205,0.32436065023191685,0.6227497012725853,0.30864197530864196,-0.004571309166278213,-0.2499700438394275,0.092863316572242,0.7159149751439431,-0.07973936630399525,-0.0039856771926106704,9202.606336960056
H4,20,5.0,D1,50,both,0.0,105,4.999511145874071,-0.08054935042981097,0.4693465728999243,0.899289584578733,0.34285714285714286,-0.001255854282840554,-0.07352048965496095,0.16805411027539363,0.8995578821288582,-0.04338542962282477,-0.0021096943092823173,9566.145703771756
H4,20,5.0,D1,50,both,1.0,105,4.999511145874071,-0.08054935042981097,0.4693465728999243,0.899289584578733,0.34285714285714286,-0.001255854282840554,-0.07352048965496095,0.16805411027539363,0.8995578821288582,-0.04338542962282477,-0.0021096943092823173,9566.145703771756
H4,20,5.0,D1,50,long,0.0,76,3.618693781775518,0.07962047007988513,0.39199113980080746,1.1322017814788987,0.32894736842105265,0.0018122280481123844,0.12088123768762711,0.12038234625012079,1.230265432367377,0.06149992122522829,0.0028458079645772294,10614.99921225229
H4,20,5.0,D1,50,long,1.0,76,3.618693781775518,0.07962047007988513,0.39199113980080746,1.1322017814788987,0.32894736842105265,0.0018122280481123844,0.12088123768762711,0.12038234625012079,1.230265432367377,0.06149992122522829,0.0028458079645772294,10614.99921225229
H4,20,5.0,D1,50,short,0.0,52,2.6597115249964993,-0.37171924818755747,0.22279086418084637,0.5702886957797629,0.36538461538461536,-0.004321554711351524,-0.33289962568763753,0.06624765092828933,0.5965341921312178,-0.061268986489720234,-0.0032286942608555913,9387.310135102796
H4,20,5.0,D1,50,short,1.0,52,2.6597115249964993,-0.37171924818755747,0.22279086418084637,0.5702886957797629,0.36538461538461536,-0.004321554711351524,-0.33289962568763753,0.06624765092828933,0.5965341921312178,-0.061268986489720234,-0.0032286942608555913,9387.310135102796
H4,20,5.0,D1,80,both,0.0,131,6.238298565840938,0.15748905253787504,0.2646311504891684,1.181345239140661,0.366412213740458,0.002077391509464123,0.2576258544594653,0.08350686574433908,1.3287116670329309,0.15144140373356185,0.006737795035053562,11514.41403733562
H4,20,5.0,D1,80,both,1.0,131,6.238298565840938,0.15748905253787504,0.2646311504891684,1.181345239140661,0.366412213740458,0.002077391509464123,0.2576258544594653,0.08350686574433908,1.3287116670329309,0.15144140373356185,0.006737795035053562,11514.41403733562
H4,20,5.0,D1,80,long,0.0,79,3.901926977687627,0.39569213214490795,0.1966322078407765,1.7563019536658337,0.4430379746835443,0.008941152917490333,0.4433230275679629,0.06381161682362357,1.9143191533042807,0.2798099890325758,0.012259997371199205,12798.099890325757
H4,20,5.0,D1,80,long,1.0,79,3.901926977687627,0.39569213214490795,0.1966322078407765,1.7563019536658337,0.4430379746835443,0.008941152917490333,0.4433230275679629,0.06381161682362357,1.9143191533042807,0.2798099890325758,0.012259997371199205,12798.099890325757
H4,20,5.0,D1,80,short,0.0,66,3.1954533404029695,-0.028059887653089238,0.2300427069567199,0.9585830390589307,0.36363636363636365,-0.0004004861885296335,0.11267264370305521,0.06873818922308395,1.1963905137018764,0.035625321171621094,0.001696257992067407,10356.253211716212
H4,20,5.0,D1,80,short,1.0,66,3.1954533404029695,-0.028059887653089238,0.2300427069567199,0.9585830390589307,0.36363636363636365,-0.0004004861885296335,0.11267264370305521,0.06873818922308395,1.1963905137018764,0.035625321171621094,0.001696257992067407,10356.253211716212
H4,20,5.0,D1,120,both,0.0,152,7.344622304537637,0.2991880873766326,0.2391326553045161,1.3496141366936365,0.40789473684210525,0.003636782572059484,0.27872091999415993,0.07311921419953737,1.3223731067132392,0.1593003699248272,0.007168053822147469,11593.00369924828
H4,20,5.0,D1,120,both,1.0,152,7.344622304537637,0.2991880873766326,0.2391326553045161,1.3496141366936365,0.40789473684210525,0.003636782572059484,0.27872091999415993,0.07311921419953737,1.3223731067132392,0.1593003699248272,0.007168053822147469,11593.00369924828
H4,20,5.0,D1,120,long,0.0,81,3.913910570181241,0.4335342498001369,0.15224772122317842,1.902847378032355,0.43209876543209874,0.009665025951644536,0.4508105440906093,0.05282371322942547,1.9749417706804115,0.2643826335256887,0.011399555266053518,12643.826335256885
H4,20,5.0,D1,120,long,1.0,81,3.913910570181241,0.4335342498001369,0.15224772122317842,1.902847378032355,0.43209876543209874,0.009665025951644536,0.4508105440906093,0.05282371322942547,1.9749417706804115,0.2643826335256887,0.011399555266053518,12643.826335256885
H4,20,5.0,D1,120,short,0.0,76,3.993526111350885,0.05439724355335106,0.15448143772528877,1.0754327883341,0.40789473684210525,0.0007325037721463496,0.09810854680336355,0.05687947691902584,1.1406679672368911,0.02967681776482678,0.0015378998650046327,10296.768177648268
H4,20,5.0,D1,120,short,1.0,76,3.993526111350885,0.05439724355335106,0.15448143772528877,1.0754327883341,0.40789473684210525,0.0007325037721463496,0.09810854680336355,0.05687947691902584,1.1406679672368911,0.02967681776482678,0.0015378998650046327,10296.768177648268
H4,20,5.0,W1,20,both,0.0,169,8.132707509881422,0.19007233379752028,0.3440279991074009,1.2064105134652778,0.38461538461538464,0.0023444264125493676,0.2410929839943214,0.10151293639095604,1.2754058007728575,0.15942940196609334,0.007144067002772259,11594.29401966093
H4,20,5.0,W1,20,both,1.0,169,8.132707509881422,0.19007233379752028,0.3440279991074009,1.2064105134652778,0.38461538461538464,0.0023444264125493676,0.2410929839943214,0.10151293639095604,1.2754058007728575,0.15942940196609334,0.007144067002772259,11594.29401966093
H4,20,5.0,W1,20,long,0.0,97,4.6678853754940715,0.4230467017993024,0.20681363408408682,1.728355212801178,0.41237113402061853,0.00812554021053263,0.44525135500718976,0.07304703998364381,1.8321256243005035,0.30030887042110876,0.012717249403966013,13003.088704211073
H4,20,5.0,W1,20,long,1.0,97,4.6678853754940715,0.4230467017993024,0.20681363408408682,1.728355212801178,0.41237113402061853,0.00812554021053263,0.44525135500718976,0.07304703998364381,1.8321256243005035,0.30030887042110876,0.012717249403966013,13003.088704211073
H4,20,5.0,W1,20,short,0.0,89,4.504884977827051,-0.22460049615937577,0.27125594993873126,0.7526145553488803,0.3595505617977528,-0.0027350827487641863,-0.30980845380677324,0.093945390018913,0.6906585789291289,-0.08964661143020758,-0.004742758778669698,9103.53388569792
H4,20,5.0,W1,20,short,1.0,89,4.504884977827051,-0.22460049615937577,0.27125594993873126,0.7526145553488803,0.3595505617977528,-0.0027350827487641863,-0.30980845380677324,0.093945390018913,0.6906585789291289,-0.08964661143020758,-0.004742758778669698,9103.53388569792
H4,20,5.0,W1,32,both,0.0,172,8.458731654773125,0.3535985125064193,0.2949117832034871,1.4154162892797622,0.4069767441860465,0.004770356716345409,0.40469137368303115,0.07736283021429535,1.5019199085136263,0.3302677359161472,0.014133568349762982,13302.677359161467
H4,20,5.0,W1,32,both,1.0,172,8.458731654773125,0.3535985125064193,0.2949117832034871,1.4154162892797622,0.4069767441860465,0.004770356716345409,0.40469137368303115,0.07736283021429535,1.5019199085136263,0.3302677359161472,0.014133568349762982,13302.677359161467
H4,20,5.0,W1,32,long,0.0,105,5.163760603204524,0.5201962081576943,0.22520351644627867,1.9506189759816428,0.42857142857142855,0.01009382125824546,0.5284767548152057,0.06994910410245514,1.997462070759269,0.3780695254963362,0.015895810272242183,13780.69525496335
H4,20,5.0,W1,32,long,1.0,105,5.163760603204524,0.5201962081576943,0.22520351644627867,1.9506189759816428,0.42857142857142855,0.01009382125824546,0.5284767548152057,0.06994910410245514,1.997462070759269,0.3780695254963362,0.015895810272242183,13780.69525496335
H4,20,5.0,W1,32,short,0.0,88,4.519403824521935,-0.28197335706666626,0.38123128622082836,0.7039699519631217,0.3409090909090909,-0.0035430343634618917,-0.27775997885389336,0.10692752874568212,0.7058313084393318,-0.08832966447464696,-0.004738059498733627,9116.70335525354
H4,20,5.0,W1,32,short,1.0,88,4.519403824521935,-0.28197335706666626,0.38123128622082836,0.7039699519631217,0.3409090909090909,-0.0035430343634618917,-0.27775997885389336,0.10692752874568212,0.7058313084393318,-0.08832966447464696,-0.004738059498733627,9116.70335525354
H4,20,5.0,W1,50,both,0.0,180,9.21314461883408,0.28961699502474025,0.3400887280767857,1.3320907108993743,0.3888888888888889,0.003922407849029067,0.4036667441330203,0.07474056068145352,1.610886776581588,0.4272018127903692,0.01837376176406802,14272.018127903695
H4,20,5.0,W1,50,both,1.0,180,9.21314461883408,0.28961699502474025,0.3400887280767857,1.3320907108993743,0.3888888888888889,0.003922407849029067,0.4036667441330203,0.07474056068145352,1.610886776581588,0.4272018127903692,0.01837376176406802,14272.018127903695
H4,20,5.0,W1,50,long,0.0,115,5.894435868650014,0.402570898807379,0.2026043356116327,1.6726098784889216,0.3739130434782609,0.007472111762967884,0.4380275364378375,0.0687188977946982,1.9360007275756563,0.44327707389281756,0.01898460619112674,14432.770738928184
H4,20,5.0,W1,50,long,1.0,115,5.894435868650014,0.402570898807379,0.2026043356116327,1.6726098784889216,0.3739130434782609,0.007472111762967884,0.4380275364378375,0.0687188977946982,1.9360007275756563,0.44327707389281756,0.01898460619112674,14432.770738928184
H4,20,5.0,W1,50,short,0.0,81,4.38755005190568,-0.09563876355585782,0.30117613852394787,0.8828683259799182,0.38271604938271603,-0.0015192120898040995,-0.07015652297436367,0.07552545174096259,0.9171219283768477,-0.02517547584196378,-0.0013801932128353345,9748.245241580356
H4,20,5.0,W1,50,short,1.0,81,4.38755005190568,-0.09563876355585782,0.30117613852394787,0.8828683259799182,0.38271604938271603,-0.0015192120898040995,-0.07015652297436367,0.07552545174096259,0.9171219283768477,-0.02517547584196378,-0.0013801932128353345,9748.245241580356
H4,20,5.0,W1,80,both,0.0,180,9.741443176766929,0.23566931606176197,0.33927253111054057,1.2506043610389181,0.36666666666666664,0.0029579814099179387,0.37381904824714046,0.11742785281496004,1.4557337047431016,0.30982617097259735,0.014713647146263442,13098.261709725986
H4,20,5.0,W1,80,both,1.0,180,9.741443176766929,0.23566931606176197,0.33927253111054057,1.2506043610389181,0.36666666666666664,0.0029579814099179387,0.37381904824714046,0.11742785281496004,1.4557337047431016,0.30982617097259735,0.014713647146263442,13098.261709725986
H4,20,5.0,W1,80,long,0.0,120,6.494295451177952,0.3981985505822263,0.2613383906382961,1.6267414696065379,0.36666666666666664,0.006676579614087284,0.4468735858759938,0.11008336934859753,1.7527497128215668,0.3475335453207551,0.01627342577873203,13475.335453207555
H4,20,5.0,W1,80,long,1.0,120,6.494295451177952,0.3981985505822263,0.2613383906382961,1.6267414696065379,0.36666666666666664,0.006676579614087284,0.4468735858759938,0.11008336934859753,1.7527497128215668,0.3475335453207551,0.01627342577873203,13475.335453207555
H4,20,5.0,W1,80,short,0.0,66,4.195353289244692,-0.13351886746226846,0.2855205925643608,0.8441131127105351,0.3787878787878788,-0.002100564920500064,-0.10335230586809385,0.06142762246462108,0.8828416419692805,-0.02734500464871592,-0.0017608673262368146,9726.549953512835
H4,20,5.0,W1,80,short,1.0,66,4.195353289244692,-0.13351886746226846,0.2855205925643608,0.8441131127105351,0.3787878787878788,-0.002100564920500064,-0.10335230586809385,0.06142762246462108,0.8828416419692805,-0.02734500464871592,-0.0017608673262368146,9726.549953512835
H4,20,5.0,W1,120,both,0.0,165,9.78189417302386,0.42354980032463646,0.30414255185769035,1.5143848832467892,0.4,0.005458232948174602,0.5405866751674157,0.06754705986146947,1.8359046161422867,0.5327445650375859,0.025641131525164562,15327.445650375881
H4,20,5.0,W1,120,both,1.0,165,9.78189417302386,0.42354980032463646,0.30414255185769035,1.5143848832467892,0.4,0.005458232948174602,0.5405866751674157,0.06754705986146947,1.8359046161422867,0.5327445650375859,0.025641131525164562,15327.445650375881
H4,20,5.0,W1,120,long,0.0,111,6.580546989125143,0.4792046599416025,0.3033450176379091,1.7909311289234766,0.4144144144144144,0.008445276082088017,0.566828211345845,0.08690242259520586,2.257546540047648,0.5279176649436614,0.025449363099721234,15279.176649436627
H4,20,5.0,W1,120,long,1.0,111,6.580546989125143,0.4792046599416025,0.3033450176379091,1.7909311289234766,0.4144144144144144,0.008445276082088017,0.566828211345845,0.08690242259520586,2.257546540047648,0.5279176649436614,0.025449363099721234,15279.176649436627
H4,20,5.0,W1,120,short,0.0,60,4.43982982171799,-0.07196258562095838,0.14411522665831467,0.9130618674512729,0.35,-0.0008923375886374725,0.06619308005904656,0.03987138636146559,1.0876327302816715,0.014420844488002738,0.0010600419657280646,10144.208444880036
H4,20,5.0,W1,120,short,1.0,60,4.43982982171799,-0.07196258562095838,0.14411522665831467,0.9130618674512729,0.35,-0.0008923375886374725,0.06619308005904656,0.03987138636146559,1.0876327302816715,0.014420844488002738,0.0010600419657280646,10144.208444880036
H4,20,2.0,none,0,both,0.0,1197,55.36333417753577,0.37783768442584464,0.3141957559394736,1.1909012686147478,0.3107769423558897,0.0009562925727533369,0.38849626850024344,0.22517946408338363,1.220830957150208,1.4199749110943771,0.04172220303349938,24199.74911094392
H4,20,2.0,none,0,both,1.0,1197,55.36333417753577,0.37783768442584464,0.3141957559394736,1.1909012686147478,0.3107769423558897,0.0009562925727533369,0.38849626850024344,0.22517946408338363,1.220830957150208,1.4199749110943771,0.04172220303349938,24199.74911094392
H4,20,2.0,none,0,long,0.0,1073,49.63440349544073,0.6421971157113229,0.2536120155375131,1.3841100590475144,0.320596458527493,0.001798793255453114,0.618289780785679,0.2033249494608218,1.4348387369631435,3.042404221981326,0.06674765698753893,40424.0422198132
H4,20,2.0,none,0,long,1.0,1073,49.63440349544073,0.6421971157113229,0.2536120155375131,1.3841100590475144,0.320596458527493,0.001798793255453114,0.618289780785679,0.2033249494608218,1.4348387369631435,3.042404221981326,0.06674765698753893,40424.0422198132
H4,20,2.0,none,0,short,0.0,1074,49.66808052671562,-0.23602477310738157,0.5096722975399703,0.9021165013289373,0.276536312849162,-0.000506471079821341,-0.19553207131001546,0.37136678089246156,0.918032013985935,-0.3404753269559807,-0.019065114624197244,6595.246730440186
H4,20,2.0,none,0,short,1.0,1074,49.66808052671562,-0.23602477310738157,0.5096722975399703,0.9021165013289373,0.276536312849162,-0.000506471079821341,-0.19553207131001546,0.37136678089246156,0.918032013985935,-0.3404753269559807,-0.019065114624197244,6595.246730440186
H4,20,2.0,D1,20,both,0.0,735,34.24655568312284,0.4098316342196547,0.229154156067916,1.2759136920729945,0.2965986394557823,0.0013161830518552088,0.4677339463332955,0.16572041841932883,1.3234103737518157,1.0429908531792162,0.033847636386672875,20429.908531792138
H4,20,2.0,D1,20,both,1.0,735,34.24655568312284,0.4098316342196547,0.229154156067916,1.2759136920729945,0.2965986394557823,0.0013161830518552088,0.4677339463332955,0.16572041841932883,1.3234103737518157,1.0429908531792162,0.033847636386672875,20429.908531792138
H4,20,2.0,D1,20,long,0.0,403,18.7773631840796,0.534964663016016,0.1352002373080241,1.5422125883914157,0.3225806451612903,0.002547764997029441,0.5845571307938163,0.08724589822288153,1.6145656705375941,1.17841081507621,0.0369439195683785,21784.108150762077
H4,20,2.0,D1,20,long,1.0,403,18.7773631840796,0.534964663016016,0.1352002373080241,1.5422125883914157,0.3225806451612903,0.002547764997029441,0.5845571307938163,0.08724589822288153,1.6145656705375941,1.17841081507621,0.0369439195683785,21784.108150762077
H4,20,2.0,D1,20,short,0.0,428,20.039353928983463,0.00178627003007662,0.23087717313472866,1.0013166930984623,0.2733644859813084,6.162896753164628e-06,0.05270131449225245,0.15132037546109023,1.039467599151812,0.030887684955700934,0.0014253194284852277,10308.876849556986
H4,20,2.0,D1,20,short,1.0,428,20.039353928983463,0.00178627003007662,0.23087717313472866,1.0013166930984623,0.2733644859813084,6.162896753164628e-06,0.05270131449225245,0.15132037546109023,1.039467599151812,0.030887684955700934,0.0014253194284852277,10308.876849556986
H4,20,2.0,D1,32,both,0.0,809,37.79092594960993,0.2906323592440434,0.23755112138229428,1.1748104059966775,0.31025957972805934,0.0008289386106683955,0.348659072209184,0.17156715940654144,1.217285475905445,0.7164873257517395,0.025559348981504693,17164.873257517407
H4,20,2.0,D1,32,both,1.0,809,37.79092594960993,0.2906323592440434,0.23755112138229428,1.1748104059966775,0.31025957972805934,0.0008289386106683955,0.348659072209184,0.17156715940654144,1.217285475905445,0.7164873257517395,0.025559348981504693,17164.873257517407
H4,20,2.0,D1,32,long,0.0,446,20.890164144652474,0.4971955756895581,0.17802736749889547,1.4661810910534934,0.33408071748878926,0.0021018260755908745,0.49714571928258083,0.13932659520961088,1.464819915488844,0.9433536288026423,0.0316098022652862,19433.53628802643
H4,20,2.0,D1,32,long,1.0,446,20.890164144652474,0.4971955756895581,0.17802736749889547,1.4661810910534934,0.33408071748878926,0.0021018260755908745,0.49714571928258083,0.13932659520961088,1.464819915488844,0.9433536288026423,0.0316098022652862,19433.53628802643
H4,20,2.0,D1,32,short,0.0,421,19.729311008468052,-0.04297952427849949,0.2696095735534546,0.9693851083231454,0.29453681710213775,-0.00014614145945347648,0.07277154394390013,0.19153699078758002,1.0560271268275725,0.054764789743825704,0.0025017544378340695,10547.647897438239
H4,20,2.0,D1,32,short,1.0,421,19.729311008468052,-0.04297952427849949,0.2696095735534546,0.9693851083231454,0.29453681710213775,-0.00014614145945347648,0.07277154394390013,0.19153699078758002,1.0560271268275725,0.054764789743825704,0.0025017544378340695,10547.647897438239
H4,20,2.0,D1,50,both,0.0,849,39.86850732836204,0.11015608939002881,0.37764955774960673,1.059797692525697,0.2756183745583039,0.0002958775541616939,0.16633671546052975,0.2743550328005725,1.0958149249007556,0.2644363144396411,0.01107883025238876,12644.363144396391
H4,20,2.0,D1,50,both,1.0,849,39.86850732836204,0.11015608939002881,0.37764955774960673,1.059797692525697,0.2756183745583039,0.0002958775541616939,0.16633671546052975,0.2743550328005725,1.0958149249007556,0.2644363144396411,0.01107883025238876,12644.363144396391
H4,20,2.0,D1,50,long,0.0,456,21.413473900745693,0.4170009519049092,0.2027489263266149,1.365611311694768,0.2982456140350877,0.0017092987738582352,0.41398589803496505,0.17261093512665426,1.3782503286902175,0.8014119351888513,0.028024412057731984,18014.119351888556
H4,20,2.0,D1,50,long,1.0,456,21.413473900745693,0.4170009519049092,0.2027489263266149,1.365611311694768,0.2982456140350877,0.0017092987738582352,0.41398589803496505,0.17261093512665426,1.3782503286902175,0.8014119351888513,0.028024412057731984,18014.119351888556
H4,20,2.0,D1,50,short,0.0,432,20.354489164086687,-0.34110017552482413,0.4115674335337912,0.7916857933839173,0.26157407407407407,-0.0010493832381385207,-0.2948623226591442,0.27169616022346754,0.8229959942992835,-0.2585327542938033,-0.013994948599626689,7414.672457061962
H4,20,2.0,D1,50,short,1.0,432,20.354489164086687,-0.34110017552482413,0.4115674335337912,0.7916857933839173,0.26157407407407407,-0.0010493832381385207,-0.2948623226591442,0.27169616022346754,0.8229959942992835,-0.2585327542938033,-0.013994948599626689,7414.672457061962
H4,20,2.0,D1,80,both,0.0,882,41.83229450720685,0.22408841111685132,0.2662913070620998,1.1210015850115722,0.30272108843537415,0.0005941125567207983,0.3789757304738435,0.15830584203214382,1.2212069514521082,0.874561174456109,0.030251677033075408,18745.61174456111
H4,20,2.0,D1,80,both,1.0,882,41.83229450720685,0.22408841111685132,0.2662913070620998,1.1210015850115722,0.30272108843537415,0.0005941125567207983,0.3789757304738435,0.15830584203214382,1.2212069514521082,0.874561174456109,0.030251677033075408,18745.61174456111
H4,20,2.0,D1,80,long,0.0,483,23.09711311861744,0.4044257783539195,0.1966821896940273,1.325552889596816,0.3188405797101449,0.001580756022490839,0.5236570799533761,0.15108645547605037,1.4718808331804714,1.221932191043574,0.03891664658723437,22219.321910435705
H4,20,2.0,D1,80,long,1.0,483,23.09711311861744,0.4044257783539195,0.1966821896940273,1.325552889596816,0.3188405797101449,0.001580756022490839,0.5236570799533761,0.15108645547605037,1.4718808331804714,1.221932191043574,0.03891664658723437,22219.321910435705
H4,20,2.0,D1,80,short,0.0,426,20.270518499218344,-0.10410414965643958,0.2689470918779844,0.9283459258555277,0.2863849765258216,-0.0003521792942141201,0.023161322110282226,0.183426439138745,1.0168345177640308,-0.002303794580938101,-0.00010974277127551169,9976.962054190595
H4,20,2.0,D1,80,short,1.0,426,20.270518499218344,-0.10410414965643958,0.2689470918779844,0.9283459258555277,0.2863849765258216,-0.0003521792942141201,0.023161322110282226,0.183426439138745,1.0168345177640308,-0.002303794580938101,-0.00010974277127551169,9976.962054190595
H4,20,2.0,D1,120,both,0.0,917,44.041321499013804,0.37010209881613726,0.19079146384110246,1.2027869589917664,0.302071973827699,0.000995757639435022,0.5049926064729983,0.16638182488531905,1.294645937243087,1.3656518472482917,0.04222135098464763,23656.518472482887
H4,20,2.0,D1,120,both,1.0,917,44.041321499013804,0.37010209881613726,0.19079146384110246,1.2027869589917664,0.302071973827699,0.000995757639435022,0.5049926064729983,0.16638182488531905,1.294645937243087,1.3656518472482917,0.04222135098464763,23656.518472482887
H4,20,2.0,D1,120,long,0.0,495,23.779922399053007,0.58201710623234,0.12598584486016529,1.4933445432942933,0.3414141414141414,0.002325549551534921,0.6714064321919726,0.11602122074485322,1.5943850042183356,1.5996124920000852,0.04696535919061895,25996.124920000802
H4,20,2.0,D1,120,long,1.0,495,23.779922399053007,0.58201710623234,0.12598584486016529,1.4933445432942933,0.3414141414141414,0.002325549551534921,0.6714064321919726,0.11602122074485322,1.5943850042183356,1.5996124920000852,0.04696535919061895,25996.124920000802
H4,20,2.0,D1,120,short,0.0,440,21.20184696569921,-0.11439081855671551,0.293534795580185,0.9233285697705754,0.26590909090909093,-0.0003849902145331469,0.026424192554800423,0.20935298497505572,1.0191441142845996,-0.0018180394067097705,-8.76799620017632e-05,9981.81960593292
H4,20,2.0,D1,120,short,1.0,440,21.20184696569921,-0.11439081855671551,0.293534795580185,0.9233285697705754,0.26590909090909093,-0.0003849902145331469,0.026424192554800423,0.20935298497505572,1.0191441142845996,-0.0018180394067097705,-8.76799620017632e-05,9981.81960593292
H4,20,2.0,W1,20,both,0.0,979,46.98814060446781,0.3380402646134869,0.2343188322174875,1.178137922087921,0.30337078651685395,0.0008782871688320071,0.43465678907000455,0.21652593573712497,1.2326862910367233,1.1267341777224575,0.036881061453997166,21267.34177722448
H4,20,2.0,W1,20,both,1.0,979,46.98814060446781,0.3380402646134869,0.2343188322174875,1.178137922087921,0.30337078651685395,0.0008782871688320071,0.43465678907000455,0.21652593573712497,1.2326862910367233,1.1267341777224575,0.036881061453997166,21267.34177722448
H4,20,2.0,W1,20,long,0.0,567,27.213764783180025,0.48198371160862274,0.21194710435701047,1.368721665815005,0.32098765432098764,0.0018176414821130015,0.5525181475573915,0.18743570033621626,1.434097840578301,1.2993206727017141,0.040771407546589256,22993.206727017132
H4,20,2.0,W1,20,long,1.0,567,27.213764783180025,0.48198371160862274,0.21194710435701047,1.368721665815005,0.32098765432098764,0.0018176414821130015,0.5525181475573915,0.18743570033621626,1.434097840578301,1.2993206727017141,0.040771407546589256,22993.206727017132
H4,20,2.0,W1,20,short,0.0,463,22.714674278038952,-0.15422452592998862,0.261373275535309,0.9047942018685745,0.27429805615550756,-0.0004824853232407907,-0.041357857303015125,0.20780364352439196,0.9740406751539246,-0.07375295253120584,-0.003751624578812063,9262.470474687934
H4,20,2.0,W1,20,short,1.0,463,22.714674278038952,-0.15422452592998862,0.261373275535309,0.9047942018685745,0.27429805615550756,-0.0004824853232407907,-0.041357857303015125,0.20780364352439196,0.9740406751539246,-0.07375295253120584,-0.003751624578812063,9262.470474687934
H4,20,2.0,W1,32,both,0.0,964,47.31268476216071,0.2572917526600393,0.28694365594243754,1.132125714745247,0.2925311203319502,0.0006653395879309389,0.3719743802419716,0.22330360687244644,1.1996539510314197,0.9253506207982851,0.03267488264142959,19253.506207982813
H4,20,2.0,W1,32,both,1.0,964,47.31268476216071,0.2572917526600393,0.28694365594243754,1.132125714745247,0.2925311203319502,0.0006653395879309389,0.3719743802419716,0.22330360687244644,1.1996539510314197,0.9253506207982851,0.03267488264142959,19253.506207982813
H4,20,2.0,W1,32,long,0.0,574,28.171660843859176,0.4557424082077889,0.2460777157181322,1.3425470674659137,0.30662020905923343,0.0017043850505858325,0.5383216793434553,0.1769874535080992,1.4212227273920683,1.2912616798474876,0.041531245913713155,22912.616798474824
H4,20,2.0,W1,32,long,1.0,574,28.171660843859176,0.4557424082077889,0.2460777157181322,1.3425470674659137,0.30662020905923343,0.0017043850505858325,0.5383216793434553,0.1769874535080992,1.4212227273920683,1.2912616798474876,0.041531245913713155,22912.616798474824
H4,20,2.0,W1,32,short,0.0,439,22.558349746764208,-0.16971852473464513,0.2592061457914455,0.8963323654523765,0.275626423690205,-0.0005242552629103022,-0.07505907299074313,0.2066307905445789,0.9507284230181625,-0.11320941714509103,-0.006154796594843859,8867.905828549096
H4,20,2.0,W1,32,short,1.0,439,22.558349746764208,-0.16971852473464513,0.2592061457914455,0.8963323654523765,0.275626423690205,-0.0005242552629103022,-0.07505907299074313,0.2066307905445789,0.9507284230181625,-0.11320941714509103,-0.006154796594843859,8867.905828549096
H4,20,2.0,W1,50,both,0.0,943,47.89747601168127,0.4311498582989913,0.270199174695969,1.2571465352345383,0.30010604453870626,0.001240587913276781,0.5363867031909052,0.19198185014366032,1.3868172206195004,2.239350854756222,0.06151837878693445,32393.50854756216
H4,20,2.0,W1,50,both,1.0,943,47.89747601168127,0.4311498582989913,0.270199174695969,1.2571465352345383,0.30010604453870626,0.001240587913276781,0.5363867031909052,0.19198185014366032,1.3868172206195004,2.239350854756222,0.06151837878693445,32393.50854756216
H4,20,2.0,W1,50,long,0.0,599,30.42480183562787,0.45617454636764065,0.21127797840117268,1.368914354474646,0.31552587646076796,0.0017493287062979605,0.5170975048317291,0.19500988183854695,1.509558524311051,1.807520016122952,0.053832309589094685,28075.200161229557
H4,20,2.0,W1,50,long,1.0,599,30.42480183562787,0.45617454636764065,0.21127797840117268,1.368914354474646,0.31552587646076796,0.0017493287062979605,0.5170975048317291,0.19500988183854695,1.509558524311051,1.807520016122952,0.053832309589094685,28075.200161229557
H4,20,2.0,W1,50,short,0.0,396,20.656812339331623,0.12572449450156484,0.21859657459409154,1.0963117060689926,0.2904040404040404,0.0004680465776876169,0.1954572471361682,0.15680169281740264,1.1550844198696877,0.2112312100400806,0.010046640114560024,12112.312100400824
H4,20,2.0,W1,50,short,1.0,396,20.656812339331623,0.12572449450156484,0.21859657459409154,1.0963117060689926,0.2904040404040404,0.0004680465776876169,0.1954572471361682,0.15680169281740264,1.1550844198696877,0.2112312100400806,0.010046640114560024,12112.312100400824
H4,20,2.0,W1,80,both,0.0,897,48.387128932210906,0.4534670346773387,0.28666872387264475,1.272517338954752,0.29654403567447046,0.0012883235762414956,0.525221541768293,0.2034108378865126,1.3749592123098806,2.091695132746836,0.0627786454933219,30916.951327468338
H4,20,2.0,W1,80,both,1.0,897,48.387128932210906,0.4534670346773387,0.28666872387264475,1.272517338954752,0.29654403567447046,0.0012883235762414956,0.525221541768293,0.2034108378865126,1.3749592123098806,2.091695132746836,0.0627786454933219,30916.951327468338
H4,20,2.0,W1,80,long,0.0,580,31.3519313304721,0.5220946197023867,0.2378687554813873,1.440542333231165,0.3086206896551724,0.001993387419371758,0.5601232016514872,0.2197455983620631,1.5532253243277034,1.959697160683091,0.06040873603547503,29596.971606830895
H4,20,2.0,W1,80,long,1.0,580,31.3519313304721,0.5220946197023867,0.2378687554813873,1.440542333231165,0.3086206896551724,0.001993387419371758,0.5601232016514872,0.2197455983620631,1.5532253243277034,1.959697160683091,0.06040873603547503,29596.971606830895
H4,20,2.0,W1,80,short,0.0,337,20.208381218190773,-0.01442453281234758,0.3087763919666935,0.9898124765812846,0.2789317507418398,-5.1467089503111425e-05,0.04175145944161318,0.1554098409393473,1.0285645652764197,0.014047548077562366,0.0008368567608105781,10140.475480775633
H4,20,2.0,W1,80,short,1.0,337,20.208381218190773,-0.01442453281234758,0.3087763919666935,0.9898124765812846,0.2789317507418398,-5.1467089503111425e-05,0.04175145944161318,0.1554098409393473,1.0285645652764197,0.014047548077562366,0.0008368567608105781,10140.475480775633
H4,20,2.0,W1,120,both,0.0,826,48.582367149758454,0.5180443681866345,0.21985294005891842,1.3185120815058844,0.288135593220339,0.001456134622043098,0.6023241618872762,0.2048324406134453,1.4285036255937142,2.334695812984292,0.07340668888639024,33346.958129842824
H4,20,2.0,W1,120,both,1.0,826,48.582367149758454,0.5180443681866345,0.21985294005891842,1.3185120815058844,0.288135593220339,0.001456134622043098,0.6023241618872762,0.2048324406134453,1.4285036255937142,2.334695812984292,0.07340668888639024,33346.958129842824
H4,20,2.0,W1,120,long,0.0,541,31.88643698563821,0.5755778115153102,0.222685192531057,1.4840681007686551,0.3049907578558225,0.0021806370815103753,0.6000381486068253,0.1899999607612044,1.610309554001102,2.156632661827825,0.07009952234440675,31566.32661827826
H4,20,2.0,W1,120,long,1.0,541,31.88643698563821,0.5755778115153102,0.222685192531057,1.4840681007686551,0.3049907578558225,0.0021806370815103753,0.6000381486068253,0.1899999607612044,1.610309554001102,2.156632661827825,0.07009952234440675,31566.32661827826
H4,20,2.0,W1,120,short,0.0,304,21.061456752655538,-0.03641954613662319,0.1747162106588681,0.9745714191476534,0.2598684210526316,-0.00012076835135146017,0.12004142217139915,0.14019961828615535,1.0932805551646123,0.08686987049187134,0.00578793271092648,10868.698704918728
H4,20,2.0,W1,120,short,1.0,304,21.061456752655538,-0.03641954613662319,0.1747162106588681,0.9745714191476534,0.2598684210526316,-0.00012076835135146017,0.12004142217139915,0.14019961828615535,1.0932805551646123,0.08686987049187134,0.00578793271092648,10868.698704918728
H4,20,1.5,none,0,both,0.0,1718,79.46049132581993,0.14165811903305714,0.5351633370175157,1.0598909637156435,0.2671711292200233,0.0002461827879530341,0.22792080130490716,0.5017920826505465,1.1295755380166035,0.7364794747120467,0.02585301411728591,17364.79474712047
H4,20,1.5,none,0,both,1.0,1718,79.46049132581993,0.14165811903305714,0.5351633370175157,1.0598909637156435,0.2671711292200233,0.0002461827879530341,0.22792080130490716,0.5017920826505465,1.1295755380166035,0.7364794747120467,0.02585301411728591,17364.79474712047
H4,20,1.5,none,0,long,0.0,1495,69.1463530454603,0.5791840282426147,0.21738696368353716,1.3053222890910554,0.27224080267558526,0.0011853898757821463,0.5528680098004124,0.20240065706303456,1.3582004911971943,2.7706306353520156,0.06331061818917849,37706.30635351995
H4,20,1.5,none,0,long,1.0,1495,69.1463530454603,0.5791840282426147,0.21738696368353716,1.3053222890910554,0.27224080267558526,0.0011853898757821463,0.5528680098004124,0.20240065706303456,1.3582004911971943,2.7706306353520156,0.06331061818917849,37706.30635351995
H4,20,1.5,none,0,short,0.0,1496,69.18384401114206,-0.26289169937986184,0.4961015022357247,0.9050999750647946,0.2660427807486631,-0.00037565750273662793,-0.18331658377909757,0.4938931359748767,0.9316123758708598,-0.38458040861539067,-0.022199981849898243,6154.195913846119
H4,20,1.5,none,0,short,1.0,1496,69.18384401114206,-0.26289169937986184,0.4961015022357247,0.9050999750647946,0.2660427807486631,-0.00037565750273662793,-0.18331658377909757,0.4938931359748767,0.9316123758708598,-0.38458040861539067,-0.022199981849898243,6154.195913846119
H4,20,1.5,D1,20,both,0.0,1144,53.24235474006116,0.36134922812586234,0.27678502961857954,1.1944802102013843,0.270979020979021,0.000723730483103587,0.3915719569730277,0.2333013333260624,1.2222253328809305,0.8929763387583773,0.030145289551573695,18929.763387583764
H4,20,1.5,D1,20,both,1.0,1144,53.24235474006116,0.36134922812586234,0.27678502961857954,1.1944802102013843,0.270979020979021,0.000723730483103587,0.3915719569730277,0.2333013333260624,1.2222253328809305,0.8929763387583773,0.030145289551573695,18929.763387583764
H4,20,1.5,D1,20,long,0.0,562,26.155772171253822,0.4945326926295817,0.15702313848948923,1.4381226833042946,0.2704626334519573,0.0016125591778121614,0.4446694660245838,0.14325341803933356,1.3937031965468047,0.8691545868386057,0.029538305438560952,18691.54586838599
H4,20,1.5,D1,20,long,1.0,562,26.155772171253822,0.4945326926295817,0.15702313848948923,1.4381226833042946,0.2704626334519573,0.0016125591778121614,0.4446694660245838,0.14325341803933356,1.3937031965468047,0.8691545868386057,0.029538305438560952,18691.54586838599
H4,20,1.5,D1,20,short,0.0,689,32.26375,-0.15998201378242813,0.3170997686643924,0.9119786624829831,0.2656023222060958,-0.0003303565039867626,-0.021669275696978452,0.28910067429192765,0.9866550192663488,-0.07536840555691626,-0.0036626290242242066,9246.31594443083
H4,20,1.5,D1,20,short,1.0,689,32.26375,-0.15998201378242813,0.3170997686643924,0.9119786624829831,0.2656023222060958,-0.0003303565039867626,-0.021669275696978452,0.28910067429192765,0.9866550192663488,-0.07536840555691626,-0.0036626290242242066,9246.31594443083
H4,20,1.5,D1,32,both,0.0,1229,57.41044251183016,0.35803709372210224,0.2870180547764011,1.1804307378355898,0.27990235964198534,0.000651888986147026,0.33279370009072445,0.2470705222971784,1.1681395442834703,0.6771050362196258,0.02444798794037939,16771.05036219629
H4,20,1.5,D1,32,both,1.0,1229,57.41044251183016,0.35803709372210224,0.2870180547764011,1.1804307378355898,0.27990235964198534,0.000651888986147026,0.33279370009072445,0.2470705222971784,1.1681395442834703,0.6771050362196258,0.02444798794037939,16771.05036219629
H4,20,1.5,D1,32,long,0.0,638,29.89474021808852,0.4789789073134764,0.18236286480294772,1.3762992804406486,0.27899686520376177,0.001353814001350386,0.40195165594871596,0.18222565391296064,1.302256987914579,0.7307399097704448,0.026036518116974605,17307.399097704416
H4,20,1.5,D1,32,long,1.0,638,29.89474021808852,0.4789789073134764,0.18236286480294772,1.3762992804406486,0.27899686520376177,0.001353814001350386,0.40195165594871596,0.18222565391296064,1.302256987914579,0.7307399097704448,0.026036518116974605,17307.399097704416
H4,20,1.5,D1,32,short,0.0,669,31.35132794457275,-0.047371717433446876,0.26425393363019023,0.9724606271940472,0.2765321375186846,-0.00010075951087657386,0.09919412789545809,0.2042859655313053,1.0642418799826157,0.09972713113007758,0.00446482963078898,10997.271311300794
H4,20,1.5,D1,32,short,1.0,669,31.35132794457275,-0.047371717433446876,0.26425393363019023,0.9724606271940472,0.2765321375186846,-0.00010075951087657386,0.09919412789545809,0.2042859655313053,1.0642418799826157,0.09972713113007758,0.00446482963078898,10997.271311300794
H4,20,1.5,D1,50,both,0.0,1252,58.793134481871945,0.16960900537947873,0.46071767819406184,1.07920545508926,0.25798722044728434,0.0003004473870737961,0.16624933550126086,0.359028059280172,1.0801974756334025,0.2680037289776551,0.011212607027122568,12680.037289776525
H4,20,1.5,D1,50,both,1.0,1252,58.793134481871945,0.16960900537947873,0.46071767819406184,1.07920545508926,0.25798722044728434,0.0003004473870737961,0.16624933550126086,0.359028059280172,1.0801974756334025,0.2680037289776551,0.011212607027122568,12680.037289776525
H4,20,1.5,D1,50,long,0.0,648,30.429673437901773,0.35476698772301196,0.2455013373331424,1.2607704018391372,0.25617283950617287,0.0009849025446639719,0.3135948421184723,0.23438578725073433,1.238632438908942,0.5853777741497699,0.021875787669655367,15853.777741497694
H4,20,1.5,D1,50,long,1.0,648,30.429673437901773,0.35476698772301196,0.2455013373331424,1.2607704018391372,0.25617283950617287,0.0009849025446639719,0.3135948421184723,0.23438578725073433,1.238632438908942,0.5853777741497699,0.021875787669655367,15853.777741497694
H4,20,1.5,D1,50,short,0.0,661,31.14425309597523,-0.25977152609463594,0.40033003526098376,0.8617600952864678,0.25416036308623297,-0.0005209915535485198,-0.16808345470986344,0.37420451872124705,0.9084522153688297,-0.2164643980807136,-0.011427833007455868,7835.356019192861
H4,20,1.5,D1,50,short,1.0,661,31.14425309597523,-0.25977152609463594,0.40033003526098376,0.8617600952864678,0.25416036308623297,-0.0005209915535485198,-0.16808345470986344,0.37420451872124705,0.9084522153688297,-0.2164643980807136,-0.011427833007455868,7835.356019192861
H4,20,1.5,D1,80,both,0.0,1279,60.661569925983635,0.07028242705295651,0.3792209305698444,1.031629092301482,0.2650508209538702,0.00012304247658082577,0.13063612540681255,0.33618409426026397,1.0626059804073285,0.1935619000014588,0.008427479724152587,11935.6190000146
H4,20,1.5,D1,80,both,1.0,1279,60.661569925983635,0.07028242705295651,0.3792209305698444,1.031629092301482,0.2650508209538702,0.00012304247658082577,0.13063612540681255,0.33618409426026397,1.0626059804073285,0.1935619000014588,0.008427479724152587,11935.6190000146
H4,20,1.5,D1,80,long,0.0,671,32.08729379418696,0.3254942833037573,0.1621483209864315,1.2277878134028004,0.26825633383010433,0.0008986439374015823,0.3950176560683546,0.15675016337344716,1.2948187740849268,0.8991451382202642,0.031147235227899417,18991.45138220265
H4,20,1.5,D1,80,long,1.0,671,32.08729379418696,0.3254942833037573,0.1621483209864315,1.2277878134028004,0.26825633383010433,0.0008986439374015823,0.3950176560683546,0.15675016337344716,1.2948187740849268,0.8991451382202642,0.031147235227899417,18991.45138220265
H4,20,1.5,D1,80,short,0.0,652,31.024361646690988,-0.13511699504048494,0.34053887067918076,0.9224666139595964,0.26533742331288346,-0.0002938515222915124,-0.041319191444823926,0.3019250389649676,0.974208044663043,-0.09684278226000675,-0.004835051116546141,9031.57217739992
H4,20,1.5,D1,80,short,1.0,652,31.024361646690988,-0.13511699504048494,0.34053887067918076,0.9224666139595964,0.26533742331288346,-0.0002938515222915124,-0.041319191444823926,0.3019250389649676,0.974208044663043,-0.09684278226000675,-0.004835051116546141,9031.57217739992
H4,20,1.5,D1,120,both,0.0,1318,63.30871909521304,0.31527894327595357,0.27428637564427805,1.1481297643827808,0.2723823975720789,0.0005765167278432632,0.4525894933189995,0.24414710793156058,1.2283027507734805,1.2076499399040617,0.0387722026045203,22076.499399040673
H4,20,1.5,D1,120,both,1.0,1318,63.30871909521304,0.31527894327595357,0.27428637564427805,1.1481297643827808,0.2723823975720789,0.0005765167278432632,0.4525894933189995,0.24414710793156058,1.2283027507734805,1.2076499399040617,0.0387722026045203,22076.499399040673
H4,20,1.5,D1,120,long,0.0,696,33.43161493950552,0.41710134853257813,0.17584876388581883,1.288122154232243,0.2744252873563218,0.0011587749499641295,0.5054165789643558,0.19340659545433425,1.3693281579854018,1.2257297960377431,0.039179250912691144,22257.29796037745
H4,20,1.5,D1,120,long,1.0,696,33.43161493950552,0.41710134853257813,0.17584876388581883,1.288122154232243,0.2744252873563218,0.0011587749499641295,0.5054165789643558,0.19340659545433425,1.3693281579854018,1.2257297960377431,0.039179250912691144,22257.29796037745
H4,20,1.5,D1,120,short,0.0,647,31.36670427395806,0.007819206516134167,0.268201681307511,1.0047429487866666,0.2735703245749614,1.7656336723107684e-05,0.13278088677986752,0.2534257866778413,1.0892357718250876,0.1533987340447569,0.006942748190066572,11533.9873404476
H4,20,1.5,D1,120,short,1.0,647,31.36670427395806,0.007819206516134167,0.268201681307511,1.0047429487866666,0.2735703245749614,1.7656336723107684e-05,0.13278088677986752,0.2534257866778413,1.0892357718250876,0.1533987340447569,0.006942748190066572,11533.9873404476
H4,20,1.5,W1,20,both,0.0,1385,66.45707435627955,0.19664756288634935,0.3634066326927926,1.0863675093487242,0.27075812274368233,0.00034491189014060217,0.2660110981649853,0.4011158336505585,1.1190208441413088,0.5756397011563128,0.02205593258628502,15756.397011563096
H4,20,1.5,W1,20,both,1.0,1385,66.45707435627955,0.19664756288634935,0.3634066326927926,1.0863675093487242,0.27075812274368233,0.00034491189014060217,0.2660110981649853,0.4011158336505585,1.1190208441413088,0.5756397011563128,0.02205593258628502,15756.397011563096
H4,20,1.5,W1,20,long,0.0,790,37.9069232790331,0.3714407503638543,0.2670262417749716,1.238280320931509,0.27341772151898736,0.000978399579094043,0.40561614108794103,0.29007179583790454,1.2602515018819036,0.8946093739804115,0.031136952962713682,18946.093739804135
H4,20,1.5,W1,20,long,1.0,790,37.9069232790331,0.3714407503638543,0.2670262417749716,1.238280320931509,0.27341772151898736,0.000978399579094043,0.40561614108794103,0.29007179583790454,1.2602515018819036,0.8946093739804115,0.031136952962713682,18946.093739804135
H4,20,1.5,W1,20,short,0.0,650,31.88028736403921,-0.2515200658816619,0.3097652930261561,0.8710582753263674,0.2676923076923077,-0.0004988687917928458,-0.1475636682506414,0.3056306985138483,0.9216367487572666,-0.20946826023192922,-0.011462179356007351,7905.317397680697
H4,20,1.5,W1,20,short,1.0,650,31.88028736403921,-0.2515200658816619,0.3097652930261561,0.8710582753263674,0.2676923076923077,-0.0004988687917928458,-0.1475636682506414,0.3056306985138483,0.9216367487572666,-0.20946826023192922,-0.011462179356007351,7905.317397680697
H4,20,1.5,W1,32,both,0.0,1358,66.64107214832728,0.20376392194450152,0.3241835180384347,1.0918891117202887,0.26804123711340205,0.0003668958676898685,0.2973628039947334,0.2983258020905689,1.1393821309696415,0.7374634600433052,0.027479986244357768,17374.634600433055
H4,20,1.5,W1,32,both,1.0,1358,66.64107214832728,0.20376392194450152,0.3241835180384347,1.0918891117202887,0.26804123711340205,0.0003668958676898685,0.2973628039947334,0.2983258020905689,1.1393821309696415,0.7374634600433052,0.027479986244357768,17374.634600433055
H4,20,1.5,W1,32,long,0.0,791,38.81670697299476,0.3569085623737849,0.2761853155296964,1.2300063418579887,0.26801517067003794,0.0009522086267568368,0.4014881977390108,0.25200012391037285,1.2601566163743265,0.9324026569869841,0.032855712316313124,19324.026569869828
H4,20,1.5,W1,32,long,1.0,791,38.81670697299476,0.3569085623737849,0.2761853155296964,1.2300063418579887,0.26801517067003794,0.0009522086267568368,0.4014881977390108,0.25200012391037285,1.2601566163743265,0.9324026569869841,0.032855712316313124,19324.026569869828
H4,20,1.5,W1,32,short,0.0,620,31.364958448753463,-0.13294033799243019,0.27944134055796643,0.9246162915766951,0.2693548387096774,-0.00028600095627796075,-0.09287159769499849,0.31803446215157516,0.9446435807424604,-0.16666510591875716,-0.009180901126934371,8333.348940812419
H4,20,1.5,W1,32,short,1.0,620,31.364958448753463,-0.13294033799243019,0.27944134055796643,0.9246162915766951,0.2693548387096774,-0.00028600095627796075,-0.09287159769499849,0.31803446215157516,0.9446435807424604,-0.16666510591875716,-0.009180901126934371,8333.348940812419
H4,20,1.5,W1,50,both,0.0,1335,67.79876946607341,0.4041132325744393,0.2984157345029034,1.2059062457284657,0.2786516853932584,0.0007882225485961662,0.4910701950217574,0.23221238589993987,1.3345937557240413,2.3456512830955116,0.06325164444611153,33456.512830955005
H4,20,1.5,W1,50,both,1.0,1335,67.79876946607341,0.4041132325744393,0.2984157345029034,1.2059062457284657,0.2786516853932584,0.0007882225485961662,0.4910701950217574,0.23221238589993987,1.3345937557240413,2.3456512830955116,0.06325164444611153,33456.512830955005
H4,20,1.5,W1,50,long,0.0,850,43.16775583982202,0.41379643046473313,0.30753825455765904,1.2872190588352372,0.2741176470588235,0.0010989555052562088,0.4399179513050667,0.27255732884994055,1.4174585851587396,1.873643283777815,0.05507124144068554,28736.43283777814
H4,20,1.5,W1,50,long,1.0,850,43.16775583982202,0.41379643046473313,0.30753825455765904,1.2872190588352372,0.2741176470588235,0.0010989555052562088,0.4399179513050667,0.27255732884994055,1.4174585851587396,1.873643283777815,0.05507124144068554,28736.43283777814
H4,20,1.5,W1,50,short,0.0,543,28.33701243034719,0.01830902708747508,0.20043149984165232,1.0115111790099647,0.27992633517495397,4.39317200068156e-05,0.11938812493737908,0.21165469168446438,1.0815225280579914,0.1211799926219379,0.0059869769369709225,11211.79992621935
H4,20,1.5,W1,50,short,1.0,543,28.33701243034719,0.01830902708747508,0.20043149984165232,1.0115111790099647,0.27992633517495397,4.39317200068156e-05,0.11938812493737908,0.21165469168446438,1.0815225280579914,0.1211799926219379,0.0059869769369709225,11211.79992621935
H4,20,1.5,W1,80,both,0.0,1270,68.49785883047844,0.3387361485551288,0.3702235677659673,1.1699883138199014,0.2606299212598425,0.0006440666852730348,0.38288497980917496,0.3231725633642475,1.2454911831219961,1.502497332372943,0.050718574181971565,25024.97332372936
H4,20,1.5,W1,80,both,1.0,1270,68.49785883047844,0.3387361485551288,0.3702235677659673,1.1699883138199014,0.2606299212598425,0.0006440666852730348,0.38288497980917496,0.3231725633642475,1.2454911831219961,1.502497332372943,0.050718574181971565,25024.97332372936
H4,20,1.5,W1,80,long,0.0,826,44.64286771234093,0.4486037350985034,0.33050575306618135,1.3183243404654643,0.25786924939467315,0.0011787956984367404,0.42266670504837167,0.3349594517164496,1.3818706224514288,1.581613360331422,0.052595493858827114,25816.13360331415
H4,20,1.5,W1,80,long,1.0,826,44.64286771234093,0.4486037350985034,0.33050575306618135,1.3183243404654643,0.25786924939467315,0.0011787956984367404,0.42266670504837167,0.3349594517164496,1.3818706224514288,1.581613360331422,0.052595493858827114,25816.13360331415
H4,20,1.5,W1,80,short,0.0,470,28.21158586688578,-0.11149664762097597,0.25888844578446235,0.9378785972959974,0.274468085106383,-0.0002407953677537258,0.01678178090245829,0.149552366443233,1.0097212903530404,-0.01479200837651462,-0.0008941174623821047,9852.079916234892
H4,20,1.5,W1,80,short,1.0,470,28.21158586688578,-0.11149664762097597,0.25888844578446235,0.9378785972959974,0.274468085106383,-0.0002407953677537258,0.01678178090245829,0.149552366443233,1.0097212903530404,-0.01479200837651462,-0.0008941174623821047,9852.079916234892
H4,20,1.5,W1,120,both,0.0,1181,69.46219806763285,0.42973408848965694,0.23064501436047524,1.2269808702538898,0.26079593564775616,0.0008313019732724683,0.5056540297183681,0.23916543688500036,1.3441516453099438,2.294983346129946,0.07265058849340877,32949.83346129935
H4,20,1.5,W1,120,both,1.0,1181,69.46219806763285,0.42973408848965694,0.23064501436047524,1.2269808702538898,0.26079593564775616,0.0008313019732724683,0.5056540297183681,0.23916543688500036,1.3441516453099438,2.294983346129946,0.07265058849340877,32949.83346129935
H4,20,1.5,W1,120,long,0.0,772,45.50153299983863,0.4805531614164096,0.22102122505740507,1.3400703580182858,0.25906735751295334,0.0012585707008547294,0.5046954672050195,0.20847589660820953,1.44581621914086,2.016083504603678,0.0672306772579907,30160.83504603671
H4,20,1.5,W1,120,long,1.0,772,45.50153299983863,0.4805531614164096,0.22102122505740507,1.3400703580182858,0.25906735751295334,0.0012585707008547294,0.5046954672050195,0.20847589660820953,1.44581621914086,2.016083504603678,0.0672306772579907,30160.83504603671
H4,20,1.5,W1,120,short,0.0,430,29.796528173022196,-0.043128744567917356,0.1761291910798095,0.9727262900470683,0.26046511627906976,-9.838536068741372e-05,0.09890496757394905,0.16946592893674173,1.069129280352951,0.07250065360584368,0.0048618920779941455,10725.006536058449
H4,20,1.5,W1,120,short,1.0,430,29.796528173022196,-0.043128744567917356,0.1761291910798095,0.9727262900470683,0.26046511627906976,-9.838536068741372e-05,0.09890496757394905,0.16946592893674173,1.069129280352951,0.07250065360584368,0.0048618920779941455,10725.006536058449
H4,20,1.0,none,0,both,0.0,2250,104.06641762694693,0.17513077658146378,0.4567066765531651,1.0635987137924376,0.24355555555555555,0.00021166796807085115,0.17981548326564714,0.4807116292750284,1.0670393054609115,0.40290472243430964,0.01578152397629462,14029.047224343049
H4,20,1.0,none,0,both,1.0,2250,104.06641762694693,0.17513077658146378,0.4567066765531651,1.0635987137924376,0.24355555555555555,0.00021166796807085115,0.17981548326564714,0.4807116292750284,1.0670393054609115,0.40290472243430964,0.01578152397629462,14029.047224343049
H4,20,1.0,none,0,long,0.0,1818,84.08566544257312,0.46451159949409987,0.4000115194067757,1.214510533431454,0.22112211221122113,0.0007312439095291288,0.5010136890006979,0.33198831262868356,1.2444638280984073,2.083717163755917,0.05346606155323319,30837.17163755901
H4,20,1.0,none,0,long,1.0,1818,84.08566544257312,0.46451159949409987,0.4000115194067757,1.214510533431454,0.22112211221122113,0.0007312439095291288,0.5010136890006979,0.33198831262868356,1.2444638280984073,2.083717163755917,0.05346606155323319,30837.17163755901
H4,20,1.0,none,0,short,0.0,1819,84.13191718374065,-0.24222704698387143,0.5328325761644471,0.9171127697816113,0.25288620120945576,-0.00025974654830724,-0.19602275496203642,0.5925117871926039,0.9315753060576496,-0.4285532995649104,-0.02554967600927638,5714.467004350903
H4,20,1.0,none,0,short,1.0,1819,84.13191718374065,-0.24222704698387143,0.5328325761644471,0.9171127697816113,0.25288620120945576,-0.00025974654830724,-0.19602275496203642,0.5925117871926039,0.9315753060576496,-0.4285532995649104,-0.02554967600927638,5714.467004350903
H4,20,1.0,D1,20,both,0.0,1498,69.72658340767171,0.1624897353383825,0.36242875038453903,1.0746185646528004,0.24232309746328437,0.000239908767419776,0.23300972123453512,0.36570713986650716,1.1188537689467077,0.5848787691428745,0.021666389247896545,15848.787691428712
H4,20,1.0,D1,20,both,1.0,1498,69.72658340767171,0.1624897353383825,0.36242875038453903,1.0746185646528004,0.24232309746328437,0.000239908767419776,0.23300972123453512,0.36570713986650716,1.1188537689467077,0.5848787691428745,0.021666389247896545,15848.787691428712
H4,20,1.0,D1,20,long,0.0,652,30.348285969160187,0.3658526704716465,0.15525820148734015,1.2994007097351348,0.2285276073619632,0.0009879100860355327,0.3724379248558552,0.18808135956145178,1.335982564328658,0.9729946200729456,0.032136325893405315,19729.946200729348
H4,20,1.0,D1,20,long,1.0,652,30.348285969160187,0.3658526704716465,0.15525820148734015,1.2994007097351348,0.2285276073619632,0.0009879100860355327,0.3724379248558552,0.18808135956145178,1.335982564328658,0.9729946200729456,0.032136325893405315,19729.946200729348
H4,20,1.0,D1,20,short,0.0,948,44.39192307692308,-0.258747187636031,0.3955655192713925,0.8798237465852499,0.2489451476793249,-0.0003777307380141782,-0.25758902982588167,0.44865086541274923,0.8877304704155338,-0.35822006623822145,-0.020554026218532084,6417.7993376177865
H4,20,1.0,D1,20,short,1.0,948,44.39192307692308,-0.258747187636031,0.3955655192713925,0.8798237465852499,0.2489451476793249,-0.0003777307380141782,-0.25758902982588167,0.44865086541274923,0.8877304704155338,-0.35822006623822145,-0.020554026218532084,6417.7993376177865
H4,20,1.0,D1,32,both,0.0,1568,73.24619516562221,0.2774892471692376,0.31270851964151336,1.12838152283372,0.24872448979591838,0.00040283423536868296,0.2818840621325199,0.2949144003564058,1.1370961803544262,0.642959990991351,0.023464097588490773,16429.599909913475
H4,20,1.0,D1,32,both,1.0,1568,73.24619516562221,0.2774892471692376,0.31270851964151336,1.12838152283372,0.24872448979591838,0.00040283423536868296,0.2818840621325199,0.2949144003564058,1.1370961803544262,0.642959990991351,0.023464097588490773,16429.599909913475
H4,20,1.0,D1,32,long,0.0,753,35.242599948744235,0.3350534733695501,0.19922035725134324,1.2431208236541766,0.22709163346613545,0.0007959392503699062,0.3180541576046066,0.2629815738882596,1.23900260962379,0.6976255191033081,0.02507884807384886,16976.255191033124
H4,20,1.0,D1,32,long,1.0,753,35.242599948744235,0.3350534733695501,0.19922035725134324,1.2431208236541766,0.22709163346613545,0.0007959392503699062,0.3180541576046066,0.2629815738882596,1.23900260962379,0.6976255191033081,0.02507884807384886,16976.255191033124
H4,20,1.0,D1,32,short,0.0,894,41.89549653579677,0.03300004170041646,0.3334797557832482,1.0181343552276434,0.2651006711409396,5.4473893238109264e-05,0.0479789248846287,0.33524652545010736,1.0268500875755762,0.02211271604235554,0.0010255018539770955,10221.127160423564
H4,20,1.0,D1,32,short,1.0,894,41.89549653579677,0.03300004170041646,0.3334797557832482,1.0181343552276434,0.2651006711409396,5.4473893238109264e-05,0.0479789248846287,0.33524652545010736,1.0268500875755762,0.02211271604235554,0.0010255018539770955,10221.127160423564
H4,20,1.0,D1,50,both,0.0,1601,75.1819555155567,0.09634756800951406,0.3699390751387196,1.041325779438674,0.23610243597751404,0.00013279351754960306,0.1628306788858437,0.353461911612706,1.075598925259133,0.3151507547655108,0.012947685948815346,13151.50754765511
H4,20,1.0,D1,50,both,1.0,1601,75.1819555155567,0.09634756800951406,0.3699390751387196,1.041325779438674,0.23610243597751404,0.00013279351754960306,0.1628306788858437,0.353461911612706,1.075598925259133,0.3151507547655108,0.012947685948815346,13151.50754765511
H4,20,1.0,D1,50,long,0.0,792,37.191823090768835,0.2343792696720787,0.22405464888511661,1.1595907986440532,0.2159090909090909,0.0005298491543415844,0.28829244341721477,0.2633125324291209,1.2164545577054844,0.7093433966141394,0.025494932700245165,17093.433966141387
H4,20,1.0,D1,50,long,1.0,792,37.191823090768835,0.2343792696720787,0.22405464888511661,1.1595907986440532,0.2159090909090909,0.0005298491543415844,0.28829244341721477,0.2633125324291209,1.2164545577054844,0.7093433966141394,0.025494932700245165,17093.433966141387
H4,20,1.0,D1,50,short,0.0,863,40.97903666146646,-0.22375918378048115,0.39607220816699684,0.8916440573964142,0.2526071842410197,-0.00033609834527552167,-0.22557277540184573,0.4401017865928213,0.8979190006100253,-0.29326130696905106,-0.01634648561288532,7067.3869303094925
H4,20,1.0,D1,50,short,1.0,863,40.97903666146646,-0.22375918378048115,0.39607220816699684,0.8916440573964142,0.2526071842410197,-0.00033609834527552167,-0.22557277540184573,0.4401017865928213,0.8979190006100253,-0.29326130696905106,-0.01634648561288532,7067.3869303094925
H4,20,1.0,D1,80,both,0.0,1628,77.15414558193851,0.1843396654864621,0.2697145666267823,1.0813628993300048,0.23894348894348894,0.0002652610325202979,0.2288795717210453,0.23849507114419877,1.107311057284194,0.5118171466983257,0.019780788018966433,15118.171466983245
H4,20,1.0,D1,80,both,1.0,1628,77.15414558193851,0.1843396654864621,0.2697145666267823,1.0813628993300048,0.23894348894348894,0.0002652610325202979,0.2288795717210453,0.23849507114419877,1.107311057284194,0.5118171466983257,0.019780788018966433,15118.171466983245
H4,20,1.0,D1,80,long,0.0,800,38.2560879811469,0.2558064078917846,0.22549398466955484,1.1725979255393464,0.22,0.0006012202912356591,0.32667745140715,0.19050831536758883,1.2375679338185777,0.8449384901423018,0.029720320755094676,18449.384901422898
H4,20,1.0,D1,80,long,1.0,800,38.2560879811469,0.2558064078917846,0.22549398466955484,1.1725979255393464,0.22,0.0006012202912356591,0.32667745140715,0.19050831536758883,1.2375679338185777,0.8449384901423018,0.029720320755094676,18449.384901422898
H4,20,1.0,D1,80,short,0.0,867,41.22256573808904,-0.007375915148910479,0.35308569962479563,0.9959558778195791,0.2560553633217993,-1.231274854587795e-05,-0.022235340774570053,0.37660268044680145,0.9878491417978367,-0.08003850410071545,-0.003958613558139756,9199.614958992825
H4,20,1.0,D1,80,short,1.0,867,41.22256573808904,-0.007375915148910479,0.35308569962479563,0.9959558778195791,0.2560553633217993,-1.231274854587795e-05,-0.022235340774570053,0.37660268044680145,0.9878491417978367,-0.08003850410071545,-0.003958613558139756,9199.614958992825
H4,20,1.0,D1,120,both,0.0,1646,79.06384797475013,0.26114721239167255,0.23236472476569525,1.1156000775265176,0.24240583232077764,0.00037866233831687873,0.37424737502101824,0.22941337678396212,1.1779564069492106,1.1229076250320316,0.03682100084504114,21229.076250320308
H4,20,1.0,D1,120,both,1.0,1646,79.06384797475013,0.26114721239167255,0.23236472476569525,1.1156000775265176,0.24240583232077764,0.00037866233831687873,0.37424737502101824,0.22941337678396212,1.1779564069492106,1.1229076250320316,0.03682100084504114,21229.076250320308
H4,20,1.0,D1,120,long,0.0,834,40.060297211993685,0.3816768240475155,0.17633588974182235,1.2557091820289215,0.2302158273381295,0.0009051749398176985,0.45770864317194754,0.19195830538804026,1.3304634077720676,1.380254771583921,0.04253514391435376,23802.547715839082
H4,20,1.0,D1,120,long,1.0,834,40.060297211993685,0.3816768240475155,0.17633588974182235,1.2557091820289215,0.2302158273381295,0.0009051749398176985,0.45770864317194754,0.19195830538804026,1.3304634077720676,1.380254771583921,0.04253514391435376,23802.547715839082
H4,20,1.0,D1,120,short,0.0,835,40.43804693715195,-0.06290917290475999,0.3478240992296626,0.965382887035866,0.2562874251497006,-0.00010496830638428863,-0.003042353008256528,0.3744516440015766,0.9982741621922018,-0.05514287280615848,-0.002743187147463799,9448.571271938441
H4,20,1.0,D1,120,short,1.0,835,40.43804693715195,-0.06290917290475999,0.3478240992296626,0.965382887035866,0.2562874251497006,-0.00010496830638428863,-0.003042353008256528,0.3744516440015766,0.9982741621922018,-0.05514287280615848,-0.002743187147463799,9448.571271938441
H4,20,1.0,W1,20,both,0.0,1712,82.14766158696794,0.28975253875305335,0.31758692790598964,1.1279429336477325,0.2336448598130841,0.0004262717888441833,0.30774879559534996,0.38254999841862425,1.143089774756854,0.8490679577952602,0.029933819387722993,18490.679577952564
H4,20,1.0,W1,20,both,1.0,1712,82.14766158696794,0.28975253875305335,0.31758692790598964,1.1279429336477325,0.2336448598130841,0.0004262717888441833,0.30774879559534996,0.38254999841862425,1.143089774756854,0.8490679577952602,0.029933819387722993,18490.679577952564
H4,20,1.0,W1,20,long,0.0,977,46.87982790331056,0.3805111876522199,0.2513337162045197,1.2434168904532767,0.2128966223132037,0.0008692006623090614,0.41329008533256706,0.3115296718521279,1.2819363996458641,1.265038589856545,0.040010566062790964,22650.38589856532
H4,20,1.0,W1,20,long,1.0,977,46.87982790331056,0.3805111876522199,0.2513337162045197,1.2434168904532767,0.2128966223132037,0.0008692006623090614,0.41329008533256706,0.3115296718521279,1.2819363996458641,1.265038589856545,0.040010566062790964,22650.38589856532
H4,20,1.0,W1,20,short,0.0,789,38.697764200349134,-0.19409214494921698,0.25766833683532364,0.9054687031399655,0.25602027883396705,-0.0002901171375956161,-0.13044052917222987,0.30796489167114505,0.9378643148866592,-0.19701246798389427,-0.01070391341645871,8029.875320161042
H4,20,1.0,W1,20,short,1.0,789,38.697764200349134,-0.19409214494921698,0.25766833683532364,0.9054687031399655,0.25602027883396705,-0.0002901171375956161,-0.13044052917222987,0.30796489167114505,0.9378643148866592,-0.19701246798389427,-0.01070391341645871,8029.875320161042
H4,20,1.0,W1,32,both,0.0,1675,82.1971987101975,0.18645143174704404,0.4403196652649808,1.0809582839397252,0.23283582089552238,0.0002756881858690152,0.2963183074250539,0.4046595492715874,1.1396303467058837,0.9345470501873943,0.032911928274542035,19345.470501873915
H4,20,1.0,W1,32,both,1.0,1675,82.1971987101975,0.18645143174704404,0.4403196652649808,1.0809582839397252,0.23283582089552238,0.0002756881858690152,0.2963183074250539,0.4046595492715874,1.1396303467058837,0.9345470501873943,0.032911928274542035,19345.470501873915
H4,20,1.0,W1,32,long,0.0,971,47.64983877468762,0.343141210472329,0.2860848524545734,1.2143086173032493,0.22142121524201855,0.0007771117469747567,0.41293862171604107,0.27706158352700905,1.2744745514618507,1.3332723215277444,0.04245460162359049,23332.723215277394
H4,20,1.0,W1,32,long,1.0,971,47.64983877468762,0.343141210472329,0.2860848524545734,1.2143086173032493,0.22142121524201855,0.0007771117469747567,0.41293862171604107,0.27706158352700905,1.2744745514618507,1.3332723215277444,0.04245460162359049,23332.723215277394
H4,20,1.0,W1,32,short,0.0,757,38.899022228474955,-0.16352892590074733,0.3127776343640457,0.9146658604171302,0.24702774108322326,-0.0002638747980564702,-0.09213308404647887,0.359164039558157,0.9488410436013992,-0.18469326972621358,-0.010437649787853776,8153.067302737853
H4,20,1.0,W1,32,short,1.0,757,38.899022228474955,-0.16352892590074733,0.3127776343640457,0.9146658604171302,0.24702774108322326,-0.0002638747980564702,-0.09213308404647887,0.359164039558157,0.9488410436013992,-0.18469326972621358,-0.010437649787853776,8153.067302737853
H4,20,1.0,W1,50,both,0.0,1647,83.64387513904337,0.3301124388457548,0.36591533929422226,1.1419214388784533,0.23861566484517305,0.000466492576436377,0.47549140449285837,0.28745355798503835,1.2250087195423682,1.7293938361052064,0.05231529269991064,27293.938361051994
H4,20,1.0,W1,50,both,1.0,1647,83.64387513904337,0.3301124388457548,0.36591533929422226,1.1419214388784533,0.23861566484517305,0.000466492576436377,0.47549140449285837,0.28745355798503835,1.2250087195423682,1.7293938361052064,0.05231529269991064,27293.938361051994
H4,20,1.0,W1,50,long,0.0,1033,52.46151974416018,0.33043313426830345,0.24833990500092695,1.1881312006691962,0.22555663117134558,0.0006368361799812967,0.426110069071795,0.23595083126601457,1.2650921574924299,1.404192027248024,0.045557075025091986,24041.920272480093
H4,20,1.0,W1,50,long,1.0,1033,52.46151974416018,0.33043313426830345,0.24833990500092695,1.1881312006691962,0.22555663117134558,0.0006368361799812967,0.426110069071795,0.23595083126601457,1.2650921574924299,1.404192027248024,0.045557075025091986,24041.920272480093
H4,20,1.0,W1,50,short,0.0,669,34.91245177882554,0.04135080765604344,0.2250234328482642,1.0239889116235084,0.2556053811659193,7.545542058725143e-05,0.15566661757087893,0.22409146748663633,1.0985872298171024,0.18466571021867106,0.008882696203772467,11846.657102186744
H4,20,1.0,W1,50,short,1.0,669,34.91245177882554,0.04135080765604344,0.2250234328482642,1.0239889116235084,0.2556053811659193,7.545542058725143e-05,0.15566661757087893,0.22409146748663633,1.0985872298171024,0.18466571021867106,0.008882696203772467,11846.657102186744
H4,20,1.0,W1,80,both,0.0,1566,84.46271411695216,0.33911233187567713,0.35681756962690603,1.14769229461302,0.22988505747126436,0.0004719306279213741,0.4368921810440235,0.32661516805250057,1.2057010742571475,1.4155137485899791,0.04871563160835124,24155.13748589971
H4,20,1.0,W1,80,both,1.0,1566,84.46271411695216,0.33911233187567713,0.35681756962690603,1.14769229461302,0.22988505747126436,0.0004719306279213741,0.4368921810440235,0.32661516805250057,1.2057010742571475,1.4155137485899791,0.04871563160835124,24155.13748589971
H4,20,1.0,W1,80,long,0.0,992,53.575040662427924,0.37213018561761996,0.28545858846657457,1.2175916078220261,0.21169354838709678,0.000710805850176197,0.42701469808420084,0.3513028280678079,1.2664600364325305,1.3292856546350724,0.046725091492827,23292.85654635067
H4,20,1.0,W1,80,long,1.0,992,53.575040662427924,0.37213018561761996,0.28545858846657457,1.2175916078220261,0.21169354838709678,0.000710805850176197,0.42701469808420084,0.3513028280678079,1.2664600364325305,1.3292856546350724,0.046725091492827,23292.85654635067
H4,20,1.0,W1,80,short,0.0,602,36.134839769926046,0.022175779414143868,0.19361723154511246,1.0123519153296965,0.26411960132890366,3.814404971782396e-05,0.07113200130608799,0.1809147494079092,1.0375348700282236,0.04346194486451149,0.0025569508668592533,10434.619448645122
H4,20,1.0,W1,80,short,1.0,602,36.134839769926046,0.022175779414143868,0.19361723154511246,1.0123519153296965,0.26411960132890366,3.814404971782396e-05,0.07113200130608799,0.1809147494079092,1.0375348700282236,0.04346194486451149,0.0025569508668592533,10434.619448645122
H4,20,1.0,W1,120,both,0.0,1446,85.04855072463768,0.37090423319406157,0.37131829046341447,1.164350031985179,0.22337482710926695,0.0005010306336654948,0.5054098947924585,0.3199533191446061,1.2476832274035223,1.733092974386174,0.06091954695707957,27330.929743861627
H4,20,1.0,W1,120,both,1.0,1446,85.04855072463768,0.37090423319406157,0.37131829046341447,1.164350031985179,0.22337482710926695,0.0005010306336654948,0.5054098947924585,0.3199533191446061,1.2476832274035223,1.733092974386174,0.06091954695707957,27330.929743861627
H4,20,1.0,W1,120,long,0.0,941,55.46236081975149,0.3952563807885252,0.2775019534289739,1.2241819831464975,0.21147715196599362,0.0007171768021525972,0.4732836193508174,0.28730523195692115,1.2875574180856566,1.4901755383926734,0.05524600959727999,24901.755383926647
H4,20,1.0,W1,120,long,1.0,941,55.46236081975149,0.3952563807885252,0.2775019534289739,1.2241819831464975,0.21147715196599362,0.0007171768021525972,0.4732836193508174,0.28730523195692115,1.2875574180856566,1.4901755383926734,0.05524600959727999,24901.755383926647
H4,20,1.0,W1,120,short,0.0,525,35.62918060200669,0.06265434016684328,0.22375876808827466,1.0387211416835338,0.24571428571428572,0.0001065956141352579,0.14629379881575147,0.22587847118014137,1.0993494466989677,0.13356141567588709,0.008544161123916316,11335.614156758891
H4,20,1.0,W1,120,short,1.0,525,35.62918060200669,0.06265434016684328,0.22375876808827466,1.0387211416835338,0.24571428571428572,0.0001065956141352579,0.14629379881575147,0.22587847118014137,1.0993494466989677,0.13356141567588709,0.008544161123916316,11335.614156758891
H4,27,4.0,none,0,both,0.0,368,17.048706240487064,0.44801247706184977,0.33227807659137165,1.4022905429618315,0.39402173913043476,0.0036844667266631025,0.48851590415610124,0.19390162911827158,1.4735404838415163,0.8754635279501022,0.029562173251986845,18754.635279501035
H4,27,4.0,none,0,both,1.0,368,17.048706240487064,0.44801247706184977,0.33227807659137165,1.4022905429618315,0.39402173913043476,0.0036844667266631025,0.48851590415610124,0.19390162911827158,1.4735404838415163,0.8754635279501022,0.029562173251986845,18754.635279501035
H4,27,4.0,none,0,long,0.0,343,15.906646775012698,0.5934001677298062,0.2547086436601884,1.6128973805545912,0.3965014577259475,0.005326712335667037,0.6047096026226277,0.12128096423535328,1.6508021655609308,1.218058800481085,0.03763478515240992,22180.58800481082
H4,27,4.0,none,0,long,1.0,343,15.906646775012698,0.5934001677298062,0.2547086436601884,1.6128973805545912,0.3965014577259475,0.005326712335667037,0.6047096026226277,0.12128096423535328,1.6508021655609308,1.218058800481085,0.03763478515240992,22180.58800481082
H4,27,4.0,none,0,short,0.0,344,15.934812935954344,-0.25011021939857936,0.5625260213189198,0.838909472853641,0.34011627906976744,-0.001596003646811453,-0.2214573972021805,0.21672979848151375,0.86015844852888,-0.17447125649794892,-0.008842074429693647,8255.28743502053
H4,27,4.0,none,0,short,1.0,344,15.934812935954344,-0.25011021939857936,0.5625260213189198,0.838909472853641,0.34011627906976744,-0.001596003646811453,-0.2214573972021805,0.21672979848151375,0.86015844852888,-0.17447125649794892,-0.008842074429693647,8255.28743502053
H4,27,4.0,D1,20,both,0.0,177,8.320366795366795,0.053320351379456676,0.3147221601000214,1.0576779841621056,0.3446327683615819,0.0005462270429275799,0.13973755150210165,0.10302789367996734,1.1587208326071536,0.0917427667174262,0.004134640473390849,10917.427667174277
H4,27,4.0,D1,20,both,1.0,177,8.320366795366795,0.053320351379456676,0.3147221601000214,1.0576779841621056,0.3446327683615819,0.0005462270429275799,0.13973755150210165,0.10302789367996734,1.1587208326071536,0.0917427667174262,0.004134640473390849,10917.427667174277
H4,27,4.0,D1,20,long,0.0,120,5.640926640926641,0.2548482960986609,0.16699794126238154,1.4003138920617222,0.4083333333333333,0.0031502476005017353,0.37016171423624283,0.06887466465543512,1.642915564958111,0.2386119522990502,0.010110010623452181,12386.119522990495
H4,27,4.0,D1,20,long,1.0,120,5.640926640926641,0.2548482960986609,0.16699794126238154,1.4003138920617222,0.4083333333333333,0.0031502476005017353,0.37016171423624283,0.06887466465543512,1.642915564958111,0.2386119522990502,0.010110010623452181,12386.119522990495
H4,27,4.0,D1,20,short,0.0,110,5.313078550647976,-0.12385867448670475,0.25972892770837164,0.8565348229282124,0.3090909090909091,-0.0015015513457178782,-0.08183575454829753,0.10181081157446936,0.9053534863377655,-0.044813563893214114,-0.0022120764581721186,9551.864361067866
H4,27,4.0,D1,20,short,1.0,110,5.313078550647976,-0.12385867448670475,0.25972892770837164,0.8565348229282124,0.3090909090909091,-0.0015015513457178782,-0.08183575454829753,0.10181081157446936,0.9053534863377655,-0.044813563893214114,-0.0022120764581721186,9551.864361067866
H4,27,4.0,D1,32,both,0.0,177,8.40583149135353,0.05872720950752096,0.24496742151206552,1.0589926938449232,0.3672316384180791,0.000561815943839788,0.14387250067319388,0.1142682872573555,1.1505512405435305,0.09039745108203445,0.004118399123914207,10903.974510820346
H4,27,4.0,D1,32,both,1.0,177,8.40583149135353,0.05872720950752096,0.24496742151206552,1.0589926938449232,0.3672316384180791,0.000561815943839788,0.14387250067319388,0.1142682872573555,1.1505512405435305,0.09039745108203445,0.004118399123914207,10903.974510820346
H4,27,4.0,D1,32,long,0.0,109,5.237764767793712,0.1482547431301441,0.18733333474688707,1.1990620852405125,0.4036697247706422,0.001753342471762934,0.18506307357817975,0.09872651534596655,1.2561931461934082,0.09137111480197802,0.004210333730500837,10913.711148019773
H4,27,4.0,D1,32,long,1.0,109,5.237764767793712,0.1482547431301441,0.18733333474688707,1.1990620852405125,0.4036697247706422,0.001753342471762934,0.18506307357817975,0.09872651534596655,1.2561931461934082,0.09137111480197802,0.004210333730500837,10913.711148019773
H4,27,4.0,D1,32,short,0.0,105,5.071574980163978,-0.2632388246734961,0.3555505419762661,0.7188041911021334,0.3047619047619048,-0.0029029262052025014,-0.14966732599081914,0.13469777487660317,0.8286349489121588,-0.07350593936739147,-0.0036808547008111425,9264.940606326085
H4,27,4.0,D1,32,short,1.0,105,5.071574980163978,-0.2632388246734961,0.3555505419762661,0.7188041911021334,0.3047619047619048,-0.0029029262052025014,-0.14966732599081914,0.13469777487660317,0.8286349489121588,-0.07350593936739147,-0.0036808547008111425,9264.940606326085
H4,27,4.0,D1,50,both,0.0,174,8.554785300848028,-0.4527264442883149,0.5190207659665586,0.6592135118462218,0.3333333333333333,-0.0033087776774178477,-0.47247146426091347,0.22169569294733193,0.6596749253419542,-0.2046057617328837,-0.011191723976665235,7953.942382671173
H4,27,4.0,D1,50,both,1.0,174,8.554785300848028,-0.4527264442883149,0.5190207659665586,0.6592135118462218,0.3333333333333333,-0.0033087776774178477,-0.47247146426091347,0.22169569294733193,0.6596749253419542,-0.2046057617328837,-0.011191723976665235,7953.942382671173
H4,27,4.0,D1,50,long,0.0,109,5.457470870459219,-0.09309428074767358,0.3616996262030038,0.8971277635113152,0.3486238532110092,-0.0009026365346650297,-0.16495651196703834,0.15211466951736385,0.8321789905333958,-0.06995507281382518,-0.0036245055160598616,9300.449271861757
H4,27,4.0,D1,50,long,1.0,109,5.457470870459219,-0.09309428074767358,0.3616996262030038,0.8971277635113152,0.3486238532110092,-0.0009026365346650297,-0.16495651196703834,0.15211466951736385,0.8321789905333958,-0.06995507281382518,-0.0036245055160598616,9300.449271861757
H4,27,4.0,D1,50,short,0.0,86,4.249391233766233,-0.7987556519018343,0.47483969912397606,0.37690067562784624,0.29069767441860467,-0.007379255418582906,-0.49807867918593257,0.14965107575004188,0.5291990231824246,-0.15097833248076775,-0.00805459918035134,8490.216675192329
H4,27,4.0,D1,50,short,1.0,86,4.249391233766233,-0.7987556519018343,0.47483969912397606,0.37690067562784624,0.29069767441860467,-0.007379255418582906,-0.49807867918593257,0.14965107575004188,0.5291990231824246,-0.15097833248076775,-0.00805459918035134,8490.216675192329
H4,27,4.0,D1,80,both,0.0,219,10.428911342894393,0.13725919128970968,0.2864539341701352,1.1295974858108027,0.365296803652968,0.0011672681666353498,0.2619985012160797,0.09122689551898311,1.2599727940206782,0.20236576475665569,0.00881467451826512,12023.657647566553
H4,27,4.0,D1,80,both,1.0,219,10.428911342894393,0.13725919128970968,0.2864539341701352,1.1295974858108027,0.365296803652968,0.0011672681666353498,0.2619985012160797,0.09122689551898311,1.2599727940206782,0.20236576475665569,0.00881467451826512,12023.657647566553
H4,27,4.0,D1,80,long,0.0,125,6.006610972240495,0.3282492998927241,0.1388658345192545,1.4662923679732704,0.4,0.003921299013362864,0.38386272682384426,0.05330124793808522,1.5474779084876702,0.24175758126610147,0.010459103129660807,12417.575812661024
H4,27,4.0,D1,80,long,1.0,125,6.006610972240495,0.3282492998927241,0.1388658345192545,1.4662923679732704,0.4,0.003921299013362864,0.38386272682384426,0.05330124793808522,1.5474779084876702,0.24175758126610147,0.010459103129660807,12417.575812661024
H4,27,4.0,D1,80,short,0.0,101,4.891957300092826,-0.2246490314796051,0.27221776883395576,0.7511842391411608,0.31683168316831684,-0.002513532628044069,-0.04459307776464833,0.10512017757863379,0.9427372078446623,-0.026207044522701728,-0.0012854464033360546,9737.929554773003
H4,27,4.0,D1,80,short,1.0,101,4.891957300092826,-0.2246490314796051,0.27221776883395576,0.7511842391411608,0.31683168316831684,-0.002513532628044069,-0.04459307776464833,0.10512017757863379,0.9427372078446623,-0.026207044522701728,-0.0012854464033360546,9737.929554773003
H4,27,4.0,D1,120,both,0.0,241,11.632780494251355,0.206658095560755,0.24375694329186892,1.1921764133585948,0.4066390041493776,0.0016685541590849304,0.2809809466268305,0.10023146776105774,1.2630072813476783,0.21730268299727418,0.009536642407693474,12173.02682997274
H4,27,4.0,D1,120,both,1.0,241,11.632780494251355,0.206658095560755,0.24375694329186892,1.1921764133585948,0.4066390041493776,0.0016685541590849304,0.2809809466268305,0.10023146776105774,1.2630072813476783,0.21730268299727418,0.009536642407693474,12173.02682997274
H4,27,4.0,D1,120,long,0.0,137,6.612825426192678,0.3330405816870871,0.2185070539523456,1.467237969928132,0.4233576642335766,0.0037525394192595408,0.37999534313298183,0.07568918501162758,1.5411498342239478,0.23897622924464446,0.010396976495066212,12389.762292446443
H4,27,4.0,D1,120,long,1.0,137,6.612825426192678,0.3330405816870871,0.2185070539523456,1.467237969928132,0.4233576642335766,0.0037525394192595408,0.37999534313298183,0.07568918501162758,1.5411498342239478,0.23897622924464446,0.010396976495066212,12389.762292446443
H4,27,4.0,D1,120,short,0.0,109,5.726733314154201,-0.07544061899024856,0.18743382221158822,0.9153311000433384,0.3944954128440367,-0.0007886906379877993,-0.025974549526589345,0.07567573608734912,0.9710172717811337,-0.015688324701811363,-0.0008304352936615578,9843.116752981889
H4,27,4.0,D1,120,short,1.0,109,5.726733314154201,-0.07544061899024856,0.18743382221158822,0.9153311000433384,0.3944954128440367,-0.0007886906379877993,-0.025974549526589345,0.07567573608734912,0.9710172717811337,-0.015688324701811363,-0.0008304352936615578,9843.116752981889
H4,27,4.0,W1,20,both,0.0,283,13.604336667544091,0.3376924735844502,0.19215593052740854,1.3176274404664328,0.392226148409894,0.002956329235539405,0.4172965967510329,0.07523885956661924,1.3928551176277424,0.46551892923326843,0.01854334864748597,14655.189292332689
H4,27,4.0,W1,20,both,1.0,283,13.604336667544091,0.3376924735844502,0.19215593052740854,1.3176274404664328,0.392226148409894,0.002956329235539405,0.4172965967510329,0.07523885956661924,1.3928551176277424,0.46551892923326843,0.01854334864748597,14655.189292332689
H4,27,4.0,W1,20,long,0.0,166,7.979928928665438,0.5328714063757167,0.16842954312894742,1.8157724894906455,0.42771084337349397,0.006884770818060505,0.586200720353343,0.06834422568590148,1.8980040405848382,0.5940964778578581,0.02266938232632132,15940.964778578553
H4,27,4.0,W1,20,long,1.0,166,7.979928928665438,0.5328714063757167,0.16842954312894742,1.8157724894906455,0.42771084337349397,0.006884770818060505,0.586200720353343,0.06834422568590148,1.8980040405848382,0.5940964778578581,0.02266938232632132,15940.964778578553
H4,27,4.0,W1,20,short,0.0,144,7.269661368348307,-0.2107496270530433,0.3161514715499265,0.8077806563209725,0.3541666666666667,-0.001942230320193945,-0.21103964798255428,0.1142810212753933,0.8196786950653306,-0.09705478186017669,-0.005140798976225991,9029.45218139825
H4,27,4.0,W1,20,short,1.0,144,7.269661368348307,-0.2107496270530433,0.3161514715499265,0.8077806563209725,0.3541666666666667,-0.001942230320193945,-0.21103964798255428,0.1142810212753933,0.8196786950653306,-0.09705478186017669,-0.005140798976225991,9029.45218139825
H4,27,4.0,W1,32,both,0.0,287,14.112378836833603,0.3056743774046293,0.3026147992269639,1.2874015089596174,0.3623693379790941,0.0028787473046709955,0.3941885167235467,0.09275344507924621,1.3908745576069075,0.5127012739050569,0.020560680958086053,15127.012739050559
H4,27,4.0,W1,32,both,1.0,287,14.112378836833603,0.3056743774046293,0.3026147992269639,1.2874015089596174,0.3623693379790941,0.0028787473046709955,0.3941885167235467,0.09275344507924621,1.3908745576069075,0.5127012739050569,0.020560680958086053,15127.012739050559
H4,27,4.0,W1,32,long,0.0,174,8.555936995153473,0.5066566303134793,0.23955818640637494,1.7615959124184801,0.40229885057471265,0.006959231805562108,0.5323157744010379,0.10046475158613055,1.8631561883395686,0.6694668639187031,0.025521116279690226,16694.66863918701
H4,27,4.0,W1,32,long,1.0,174,8.555936995153473,0.5066566303134793,0.23955818640637494,1.7615959124184801,0.40229885057471265,0.006959231805562108,0.5323157744010379,0.10046475158613055,1.8631561883395686,0.6694668639187031,0.025521116279690226,16694.66863918701
H4,27,4.0,W1,32,short,0.0,142,7.295751863834576,-0.24783004382483062,0.41128503145664685,0.7793583301731749,0.3380281690140845,-0.002302115518665979,-0.1281212768548741,0.12972994210151978,0.8800648294346296,-0.07088893853874123,-0.0037705828097773786,9291.110614612604
H4,27,4.0,W1,32,short,1.0,142,7.295751863834576,-0.24783004382483062,0.41128503145664685,0.7793583301731749,0.3380281690140845,-0.002302115518665979,-0.1281212768548741,0.12972994210151978,0.8800648294346296,-0.07088893853874123,-0.0037705828097773786,9291.110614612604
H4,27,4.0,W1,50,both,0.0,282,14.433926569506728,0.3768686174938576,0.24861414060322162,1.3795444372879682,0.37943262411347517,0.003537230110152036,0.5032842676634034,0.08825825024052558,1.5455758876911925,0.6669224895435215,0.026499042232061232,16669.224895435244
H4,27,4.0,W1,50,both,1.0,282,14.433926569506728,0.3768686174938576,0.24861414060322162,1.3795444372879682,0.37943262411347517,0.003537230110152036,0.5032842676634034,0.08825825024052558,1.5455758876911925,0.6669224895435215,0.026499042232061232,16669.224895435244
H4,27,4.0,W1,50,long,0.0,183,9.379841425764804,0.4758603806925837,0.14915900470592425,1.7028309405300188,0.40437158469945356,0.005889800626771076,0.5547926545546166,0.058964892519924206,1.8698533116661058,0.661197878144135,0.02635572631751759,16611.97878144132
H4,27,4.0,W1,50,long,1.0,183,9.379841425764804,0.4758603806925837,0.14915900470592425,1.7028309405300188,0.40437158469945356,0.005889800626771076,0.5547926545546166,0.058964892519924206,1.8698533116661058,0.661197878144135,0.02635572631751759,16611.97878144132
H4,27,4.0,W1,50,short,0.0,124,6.492402522935779,-0.07027213950710684,0.2996787318143278,0.9232502331170055,0.33064516129032256,-0.0008207157119916343,0.012617488347081086,0.07585099829020392,1.0139010383644358,-0.00022579569104519415,-1.1823494960427894e-05,9997.74204308956
H4,27,4.0,W1,50,short,1.0,124,6.492402522935779,-0.07027213950710684,0.2996787318143278,0.9232502331170055,0.33064516129032256,-0.0008207157119916343,0.012617488347081086,0.07585099829020392,1.0139010383644358,-0.00022579569104519415,-1.1823494960427894e-05,9997.74204308956
H4,27,4.0,W1,80,both,0.0,281,15.196217056559076,0.3000574325403803,0.3064235984678093,1.280055212434957,0.35587188612099646,0.0026655655918416364,0.35368312294766724,0.12260200729053927,1.3560470443629418,0.41240629844538823,0.01884865696958915,14124.06298445387
H4,27,4.0,W1,80,both,1.0,281,15.196217056559076,0.3000574325403803,0.3064235984678093,1.280055212434957,0.35587188612099646,0.0026655655918416364,0.35368312294766724,0.12260200729053927,1.3560470443629418,0.41240629844538823,0.01884865696958915,14124.06298445387
H4,27,4.0,W1,80,long,0.0,183,9.896468759253775,0.46703205933397784,0.23051653111662573,1.6630442372978413,0.3770491803278688,0.005672332294140539,0.5320408976990433,0.07904121513125362,1.82954918594725,0.663010489139497,0.02788799603363956,16630.104891394974
H4,27,4.0,W1,80,long,1.0,183,9.896468759253775,0.46703205933397784,0.23051653111662573,1.6630442372978413,0.3770491803278688,0.005672332294140539,0.5320408976990433,0.07904121513125362,1.82954918594725,0.663010489139497,0.02788799603363956,16630.104891394974
H4,27,4.0,W1,80,short,0.0,110,6.976471609654454,-0.14726515112681718,0.30011063027827445,0.8593803876644114,0.32727272727272727,-0.001541524562379957,-0.10106737191414186,0.08656558628788791,0.9057256021295882,-0.04366557229324164,-0.0028276561276513457,9563.344277067597
H4,27,4.0,W1,80,short,1.0,110,6.976471609654454,-0.14726515112681718,0.30011063027827445,0.8593803876644114,0.32727272727272727,-0.001541524562379957,-0.10106737191414186,0.08656558628788791,0.9057256021295882,-0.04366557229324164,-0.0028276561276513457,9563.344277067597
H4,27,4.0,W1,120,both,0.0,255,15.117472812855057,0.4043137698862601,0.2799972135150711,1.4070950431299216,0.3686274509803922,0.003567728813463727,0.49238961533172365,0.1104934662470809,1.5477416747611774,0.6107138523979505,0.028662531870700114,16107.13852397948
H4,27,4.0,W1,120,both,1.0,255,15.117472812855057,0.4043137698862601,0.2799972135150711,1.4070950431299216,0.3686274509803922,0.003567728813463727,0.49238961533172365,0.1104934662470809,1.5477416747611774,0.6107138523979505,0.028662531870700114,16107.13852397948
H4,27,4.0,W1,120,long,0.0,168,9.959746794351567,0.4464491068870405,0.2802505100341752,1.6255458390557695,0.39880952380952384,0.005436683413449509,0.5632372521034712,0.07554664603754913,1.9456342852866573,0.6510225847753879,0.030170987548792327,16510.225847753893
H4,27,4.0,W1,120,long,1.0,168,9.959746794351567,0.4464491068870405,0.2802505100341752,1.6255458390557695,0.39880952380952384,0.005436683413449509,0.5632372521034712,0.07554664603754913,1.9456342852866573,0.6510225847753879,0.030170987548792327,16510.225847753893
H4,27,4.0,W1,120,short,0.0,99,7.306476055768842,-0.09644686973642441,0.2085328449687296,0.9067324513473631,0.32323232323232326,-0.0008306769470977943,-0.043079297811568336,0.09619651616228408,0.9578776735084271,-0.020513439144416057,-0.0015285234549434756,9794.86560855585
H4,27,4.0,W1,120,short,1.0,99,7.306476055768842,-0.09644686973642441,0.2085328449687296,0.9067324513473631,0.32323232323232326,-0.0008306769470977943,-0.043079297811568336,0.09619651616228408,0.9578776735084271,-0.020513439144416057,-0.0015285234549434756,9794.86560855585
H4,27,3.0,none,0,both,0.0,652,30.2058599695586,0.40503595920358326,0.22133488036047722,1.271784484121528,0.3205521472392638,0.001892027804139787,0.4481574785838322,0.12471502398879342,1.3207726628199168,1.0762308325364547,0.034424379688134055,20762.308325364498
H4,27,3.0,none,0,both,1.0,652,30.2058599695586,0.40503595920358326,0.22133488036047722,1.271784484121528,0.3205521472392638,0.001892027804139787,0.4481574785838322,0.12471502398879342,1.3207726628199168,1.0762308325364547,0.034424379688134055,20762.308325364498
H4,27,3.0,none,0,long,0.0,603,27.946421773886563,0.5847467043156354,0.2692184447443132,1.4455527083954998,0.3383084577114428,0.0028708712915295866,0.6332204660072547,0.1822622566012796,1.5397859022846685,1.9787997284171106,0.05188859990420358,29787.997284171088
H4,27,3.0,none,0,long,1.0,603,27.946421773886563,0.5847467043156354,0.2692184447443132,1.4455527083954998,0.3383084577114428,0.0028708712915295866,0.6332204660072547,0.1822622566012796,1.5397859022846685,1.9787997284171106,0.05188859990420358,29787.997284171088
H4,27,3.0,none,0,short,0.0,604,27.978566899175654,-0.2697549154225887,0.5419926947150946,0.8590481172781903,0.29635761589403975,-0.001013885270287367,-0.2172526917181396,0.2604557108534046,0.8883914580705413,-0.23114714225069677,-0.012102206724627584,7688.528577493012
H4,27,3.0,none,0,short,1.0,604,27.978566899175654,-0.2697549154225887,0.5419926947150946,0.8590481172781903,0.29635761589403975,-0.001013885270287367,-0.2172526917181396,0.2604557108534046,0.8883914580705413,-0.23114714225069677,-0.012102206724627584,7688.528577493012
H4,27,3.0,D1,20,both,0.0,338,15.902937008888316,0.4713900029379877,0.23196947316909844,1.4692241772026224,0.34911242603550297,0.002840738333481769,0.49933879505297024,0.09073569191633868,1.510222673867239,0.6616369243936293,0.02417990216224486,16616.36924393629
H4,27,3.0,D1,20,both,1.0,338,15.902937008888316,0.4713900029379877,0.23196947316909844,1.4692241772026224,0.34911242603550297,0.002840738333481769,0.49933879505297024,0.09073569191633868,1.510222673867239,0.6616369243936293,0.02417990216224486,16616.36924393629
H4,27,3.0,D1,20,long,0.0,203,9.55117222723174,0.4170281392985125,0.12907092485556249,1.5387117098773224,0.37438423645320196,0.003265333959116618,0.5170467692509828,0.04840192894943274,1.7743556011428467,0.5715391946943424,0.021497064558886114,15715.391946943426
H4,27,3.0,D1,20,long,1.0,203,9.55117222723174,0.4170281392985125,0.12907092485556249,1.5387117098773224,0.37438423645320196,0.003265333959116618,0.5170467692509828,0.04840192894943274,1.7743556011428467,0.5715391946943424,0.021497064558886114,15715.391946943426
H4,27,3.0,D1,20,short,0.0,199,9.58901715039578,0.243110656536295,0.22355065468591184,1.2895994874303296,0.32160804020100503,0.0018125163577477669,0.17273081821699154,0.08720811774215309,1.187017751243661,0.11367813262792348,0.005201581656448129,11136.781326279266
H4,27,3.0,D1,20,short,1.0,199,9.58901715039578,0.243110656536295,0.22355065468591184,1.2895994874303296,0.32160804020100503,0.0018125163577477669,0.17273081821699154,0.08720811774215309,1.187017751243661,0.11367813262792348,0.005201581656448129,11136.781326279266
H4,27,3.0,D1,32,both,0.0,365,17.12036085783999,0.34821676024982096,0.16224359191992388,1.3071065398840727,0.33972602739726027,0.0019458494995759736,0.42213858697013523,0.09270869780765001,1.3929925340823148,0.5443231803480075,0.02059346546639307,15443.231803480125
H4,27,3.0,D1,32,both,1.0,365,17.12036085783999,0.34821676024982096,0.16224359191992388,1.3071065398840727,0.33972602739726027,0.0019458494995759736,0.42213858697013523,0.09270869780765001,1.3929925340823148,0.5443231803480075,0.02059346546639307,15443.231803480125
H4,27,3.0,D1,32,long,0.0,219,10.314603481624758,0.3175616742481333,0.16218460499610898,1.3516763565981995,0.365296803652968,0.002233888380159951,0.3253900306193494,0.10192015084302608,1.3803822180017238,0.3002496472484055,0.012442821091486866,13002.496472484056
H4,27,3.0,D1,32,long,1.0,219,10.314603481624758,0.3175616742481333,0.16218460499610898,1.3516763565981995,0.365296803652968,0.002233888380159951,0.3253900306193494,0.10192015084302608,1.3803822180017238,0.3002496472484055,0.012442821091486866,13002.496472484056
H4,27,3.0,D1,32,short,0.0,191,9.1492131147541,0.04734189157830408,0.2428950969178869,1.0512181518550672,0.3036649214659686,0.0003499254552131446,0.11154524145736168,0.08479828383554189,1.1245114436396981,0.06704739277292848,0.003113432172991759,10670.473927729281
H4,27,3.0,D1,32,short,1.0,191,9.1492131147541,0.04734189157830408,0.2428950969178869,1.0512181518550672,0.3036649214659686,0.0003499254552131446,0.11154524145736168,0.08479828383554189,1.1245114436396981,0.06704739277292848,0.003113432172991759,10670.473927729281
H4,27,3.0,D1,50,both,0.0,402,19.365668689000263,-0.055785753033536986,0.48146656075127103,0.9614322482055697,0.2960199004975124,-0.0002678035685474981,0.0006755869650943003,0.25427107982290165,1.0004785584162468,-0.023442444773568383,-0.0011420947114212376,9765.575552264303
H4,27,3.0,D1,50,both,1.0,402,19.365668689000263,-0.055785753033536986,0.48146656075127103,0.9614322482055697,0.2960199004975124,-0.0002678035685474981,0.0006755869650943003,0.25427107982290165,1.0004785584162468,-0.023442444773568383,-0.0011420947114212376,9765.575552264303
H4,27,3.0,D1,50,long,0.0,235,11.320726721181746,0.18836479818489574,0.26643723925362073,1.1878148129714776,0.31063829787234043,0.001199080642216374,0.17815836542221986,0.16648782412855678,1.1809595599339162,0.14675777976901228,0.006618593556755981,11467.577797690126
H4,27,3.0,D1,50,long,1.0,235,11.320726721181746,0.18836479818489574,0.26643723925362073,1.1878148129714776,0.31063829787234043,0.001199080642216374,0.17815836542221986,0.16648782412855678,1.1809595599339162,0.14675777976901228,0.006618593556755981,11467.577797690126
H4,27,3.0,D1,50,short,0.0,191,9.311632407901762,-0.27680725768796505,0.4025084503701951,0.7559073810946028,0.2774869109947644,-0.0018420245147474127,-0.23896067345206018,0.14516785223699447,0.80227800903072,-0.1248407778917654,-0.006479966113751345,8751.592221082363
H4,27,3.0,D1,50,short,1.0,191,9.311632407901762,-0.27680725768796505,0.4025084503701951,0.7559073810946028,0.2774869109947644,-0.0018420245147474127,-0.23896067345206018,0.14516785223699447,0.80227800903072,-0.1248407778917654,-0.006479966113751345,8751.592221082363
H4,27,3.0,D1,80,both,0.0,429,20.549803278688525,0.09888994751265656,0.43095383774803775,1.0670404133371874,0.32634032634032634,0.00045482044309668915,0.34907866419316025,0.15589972131119045,1.269804273029966,0.44384696230728427,0.017750501944744368,14438.469623072835
H4,27,3.0,D1,80,both,1.0,429,20.549803278688525,0.09888994751265656,0.43095383774803775,1.0670404133371874,0.32634032634032634,0.00045482044309668915,0.34907866419316025,0.15589972131119045,1.269804273029966,0.44384696230728427,0.017750501944744368,14438.469623072835
H4,27,3.0,D1,80,long,0.0,242,11.696506550218341,0.3052772576337247,0.16741685908721982,1.2917976508420477,0.359504132231405,0.0018754139058036203,0.4551212319681941,0.06522772944593902,1.4979483695980436,0.45999300724110825,0.018458910289266273,14599.930072411087
H4,27,3.0,D1,80,long,1.0,242,11.696506550218341,0.3052772576337247,0.16741685908721982,1.2917976508420477,0.359504132231405,0.0018754139058036203,0.4551212319681941,0.06522772944593902,1.4979483695980436,0.45999300724110825,0.018458910289266273,14599.930072411087
H4,27,3.0,D1,80,short,0.0,198,9.645172045878901,-0.13758312152088087,0.4119542225894465,0.8699059985449218,0.2828282828282828,-0.000935890098387459,0.04374975240090641,0.16109366527532298,1.0449082763577562,0.018809844892358818,0.0009081849226668659,10188.098448923582
H4,27,3.0,D1,80,short,1.0,198,9.645172045878901,-0.13758312152088087,0.4119542225894465,0.8699059985449218,0.2828282828282828,-0.000935890098387459,0.04374975240090641,0.16109366527532298,1.0449082763577562,0.018809844892358818,0.0009081849226668659,10188.098448923582
H4,27,3.0,D1,120,both,0.0,463,22.33664641394796,0.3025617757184246,0.23740333660299628,1.2106777867494705,0.3390928725701944,0.0014033222280584589,0.44405932794647296,0.08460446301491453,1.3375034491731017,0.6543113887535501,0.024582225244628608,16543.11388753551
H4,27,3.0,D1,120,both,1.0,463,22.33664641394796,0.3025617757184246,0.23740333660299628,1.2106777867494705,0.3390928725701944,0.0014033222280584589,0.44405932794647296,0.08460446301491453,1.3375034491731017,0.6543113887535501,0.024582225244628608,16543.11388753551
H4,27,3.0,D1,120,long,0.0,261,12.591500462290318,0.4707405454729895,0.11626512912240561,1.490209706812402,0.367816091954023,0.0029673222718231396,0.5186760396167622,0.06464852450876446,1.5780785002899709,0.5985416665114829,0.022888545922958636,15985.416665114812
H4,27,3.0,D1,120,long,1.0,261,12.591500462290318,0.4707405454729895,0.11626512912240561,1.490209706812402,0.367816091954023,0.0029673222718231396,0.5186760396167622,0.06464852450876446,1.5780785002899709,0.5985416665114829,0.022888545922958636,15985.416665114812
H4,27,3.0,D1,120,short,0.0,215,10.691456773315181,-0.09461106093190032,0.31930575273246076,0.9179830432582452,0.3023255813953488,-0.0006042723384449472,0.09471001672163794,0.10981336172984923,1.092991837876934,0.058426279821142124,0.0028276868304011327,10584.262798211419
H4,27,3.0,D1,120,short,1.0,215,10.691456773315181,-0.09461106093190032,0.31930575273246076,0.9179830432582452,0.3023255813953488,-0.0006042723384449472,0.09471001672163794,0.10981336172984923,1.092991837876934,0.058426279821142124,0.0028276868304011327,10584.262798211419
H4,27,3.0,W1,20,both,0.0,522,25.1199604743083,0.2888006008160027,0.20504476476490052,1.1939580910869145,0.32375478927203066,0.0013189697142370416,0.3623696406216552,0.12728673721075467,1.241094744476126,0.5130928621681596,0.02013015816684094,15130.9286216816
H4,27,3.0,W1,20,both,1.0,522,25.1199604743083,0.2888006008160027,0.20504476476490052,1.1939580910869145,0.32375478927203066,0.0013189697142370416,0.3623696406216552,0.12728673721075467,1.241094744476126,0.5130928621681596,0.02013015816684094,15130.9286216816
H4,27,3.0,W1,20,long,0.0,307,14.773616600790513,0.546442596231437,0.12235092040651507,1.5687553599487418,0.3550488599348534,0.00361683685069329,0.609613170704257,0.07042440903134783,1.6588312691340559,0.9047593306785566,0.031493781168214996,19047.593306785602
H4,27,3.0,W1,20,long,1.0,307,14.773616600790513,0.546442596231437,0.12235092040651507,1.5687553599487418,0.3550488599348534,0.00361683685069329,0.609613170704257,0.07042440903134783,1.6588312691340559,0.9047593306785566,0.031493781168214996,19047.593306785602
H4,27,3.0,W1,20,short,0.0,255,12.623847926267281,-0.22591206435809785,0.31231389446215174,0.8271593213942477,0.2901960784313726,-0.0012919840595869859,-0.07686240399856537,0.115707739424745,0.9395854941022266,-0.06377412146728778,-0.0032570089057187834,9362.258785327122
H4,27,3.0,W1,20,short,1.0,255,12.623847926267281,-0.22591206435809785,0.31231389446215174,0.8271593213942477,0.2901960784313726,-0.0012919840595869859,-0.07686240399856537,0.115707739424745,0.9395854941022266,-0.06377412146728778,-0.0032570089057187834,9362.258785327122
H4,27,3.0,W1,32,both,0.0,523,25.71006056527591,0.26959887348030437,0.30996679637470337,1.1838254271764017,0.3231357552581262,0.0012687200744995765,0.4063619324552269,0.13297026181567406,1.2935943570069566,0.6756664144389131,0.025701038374699392,16756.664144389128
H4,27,3.0,W1,32,both,1.0,523,25.71006056527591,0.26959887348030437,0.30996679637470337,1.1838254271764017,0.3231357552581262,0.0012687200744995765,0.4063619324552269,0.13297026181567406,1.2935943570069566,0.6756664144389131,0.025701038374699392,16756.664144389128
H4,27,3.0,W1,32,long,0.0,322,15.829138627187081,0.5031261956367683,0.2528249285486348,1.51469762077426,0.3416149068322981,0.003299098084825609,0.5264427249912508,0.14013401392643143,1.5636686553345807,0.8008420652127453,0.029340069919925105,18008.420652127457
H4,27,3.0,W1,32,long,1.0,322,15.829138627187081,0.5031261956367683,0.2528249285486348,1.51469762077426,0.3416149068322981,0.003299098084825609,0.5264427249912508,0.14013401392643143,1.5636686553345807,0.8008420652127453,0.029340069919925105,18008.420652127457
H4,27,3.0,W1,32,short,0.0,243,12.48498382332255,-0.2040528175102759,0.32971132779260137,0.8420095547831427,0.3045267489711934,-0.001174189111634061,0.024907086784049823,0.13314972609188203,1.0220073029936823,0.004168626516121154,0.00021375558559122432,10041.686265161214
H4,27,3.0,W1,32,short,1.0,243,12.48498382332255,-0.2040528175102759,0.32971132779260137,0.8420095547831427,0.3045267489711934,-0.001174189111634061,0.024907086784049823,0.13314972609188203,1.0220073029936823,0.004168626516121154,0.00021375558559122432,10041.686265161214
H4,27,3.0,W1,50,both,0.0,514,26.107425949103046,0.36853101830088264,0.309452486393084,1.2789849176895867,0.31906614785992216,0.0018772097620000229,0.48919441233174893,0.16090044961277372,1.4245719577968476,1.0454836822566214,0.03701766821734487,20454.836822566158
H4,27,3.0,W1,50,both,1.0,514,26.107425949103046,0.36853101830088264,0.309452486393084,1.2789849176895867,0.31906614785992216,0.0018772097620000229,0.48919441233174893,0.16090044961277372,1.4245719577968476,1.0454836822566214,0.03701766821734487,20454.836822566158
H4,27,3.0,W1,50,long,0.0,338,17.167918231122236,0.44242764910614635,0.27127312041610385,1.4604560549429213,0.33136094674556216,0.002904537075171594,0.4955960901847371,0.16072394086067743,1.5572019556245358,0.8466405890257014,0.03164497906176633,18466.405890256996
H4,27,3.0,W1,50,long,1.0,338,17.167918231122236,0.44242764910614635,0.27127312041610385,1.4604560549429213,0.33136094674556216,0.002904537075171594,0.4955960901847371,0.16072394086067743,1.5572019556245358,0.8466405890257014,0.03164497906176633,18466.405890256996
H4,27,3.0,W1,50,short,0.0,213,11.10293278150421,0.05097501012796585,0.21872307273588076,1.0487038618427629,0.30985915492957744,0.00035695667325908354,0.17291263829772524,0.13144215330997,1.174052464042818,0.12488721011090442,0.006153238459476462,11248.872101109035
H4,27,3.0,W1,50,short,1.0,213,11.10293278150421,0.05097501012796585,0.21872307273588076,1.0487038618427629,0.30985915492957744,0.00035695667325908354,0.17291263829772524,0.13144215330997,1.174052464042818,0.12488721011090442,0.006153238459476462,11248.872101109035
H4,27,3.0,W1,80,both,0.0,492,26.606899615042938,0.30041843247991346,0.4224877321862702,1.2202623825892331,0.3089430894308943,0.001518265198933908,0.38228236036697083,0.19589818225593636,1.3057145899779152,0.6534324189841816,0.027566967358805483,16534.324189841846
H4,27,3.0,W1,80,both,1.0,492,26.606899615042938,0.30041843247991346,0.4224877321862702,1.2202623825892331,0.3089430894308943,0.001518265198933908,0.38228236036697083,0.19589818225593636,1.3057145899779152,0.6534324189841816,0.027566967358805483,16534.324189841846
H4,27,3.0,W1,80,long,0.0,323,17.467537755404205,0.4911745688779765,0.2559824568136616,1.5229332697012405,0.33436532507739936,0.003334909837826363,0.5222496123224563,0.13064018110433329,1.6324613971978488,0.9678803756335301,0.03728757145570727,19678.803756335306
H4,27,3.0,W1,80,long,1.0,323,17.467537755404205,0.4911745688779765,0.2559824568136616,1.5229332697012405,0.33436532507739936,0.003334909837826363,0.5222496123224563,0.13064018110433329,1.6324613971978488,0.9678803756335301,0.03728757145570727,19678.803756335306
H4,27,3.0,W1,80,short,0.0,189,11.97852680895367,-0.09618393224012342,0.3139382765968515,0.9176361106216034,0.2751322751322751,-0.0006302298476366686,-0.0850726292079034,0.13337566592366057,0.9316772540458464,-0.05401238443154299,-0.0035129542428513627,9459.876155684567
H4,27,3.0,W1,80,short,1.0,189,11.97852680895367,-0.09618393224012342,0.3139382765968515,0.9176361106216034,0.2751322751322751,-0.0006302298476366686,-0.0850726292079034,0.13337566592366057,0.9316772540458464,-0.05401238443154299,-0.0035129542428513627,9459.876155684567
H4,27,3.0,W1,120,both,0.0,456,26.824609437912706,0.402315170993867,0.29816937719836123,1.3050593449455388,0.31359649122807015,0.0019478515983904947,0.510994691499326,0.16299472193349052,1.4449623069837785,0.9704251152513097,0.04070526723387835,19704.25115251308
H4,27,3.0,W1,120,both,1.0,456,26.824609437912706,0.402315170993867,0.29816937719836123,1.3050593449455388,0.31359649122807015,0.0019478515983904947,0.510994691499326,0.16299472193349052,1.4449623069837785,0.9704251152513097,0.04070526723387835,19704.25115251308
H4,27,3.0,W1,120,long,0.0,301,17.7437459651388,0.4673582237100773,0.30950344296935883,1.4775988434992575,0.34551495016611294,0.0030457273963891917,0.5361991241494752,0.17194455637413786,1.6099449378956396,0.8320047636423451,0.03633304086899658,18320.047636423446
H4,27,3.0,W1,120,long,1.0,301,17.7437459651388,0.4673582237100773,0.30950344296935883,1.4775988434992575,0.34551495016611294,0.0030457273963891917,0.5361991241494752,0.17194455637413786,1.6099449378956396,0.8320047636423451,0.03633304086899658,18320.047636423446
H4,27,3.0,W1,120,short,0.0,170,11.777788315629742,-0.05151441293966331,0.2139720064410412,0.9547444410738926,0.2647058823529412,-0.0002839258830276305,0.045965601665555605,0.11972369355303691,1.0418549546103577,0.01523572870781953,0.0010481368030823557,10152.357287078205
H4,27,3.0,W1,120,short,1.0,170,11.777788315629742,-0.05151441293966331,0.2139720064410412,0.9547444410738926,0.2647058823529412,-0.0002839258830276305,0.045965601665555605,0.11972369355303691,1.0418549546103577,0.01523572870781953,0.0010481368030823557,10152.357287078205
H4,27,5.0,none,0,both,0.0,251,11.62685478757134,-0.19843438922198423,0.5821612891203483,0.8563053295102279,0.3466135458167331,-0.00177721514634583,-0.2352892500338516,0.23703428006048877,0.8352395747719846,-0.1533955383479889,-0.0076839652844880035,8466.044616520107
H4,27,5.0,none,0,both,1.0,251,11.62685478757134,-0.19843438922198423,0.5821612891203483,0.8563053295102279,0.3466135458167331,-0.00177721514634583,-0.2352892500338516,0.23703428006048877,0.8352395747719846,-0.1533955383479889,-0.0076839652844880035,8466.044616520107
H4,27,5.0,none,0,long,0.0,233,10.806761904761904,0.5734889951838762,0.388229181357054,1.6520863190595374,0.40772532188841204,0.0071904064014579085,0.6243067553301627,0.14901775607875556,1.8015173850268935,0.8984015883501801,0.03017713093468588,18984.015883501786
H4,27,5.0,none,0,long,1.0,233,10.806761904761904,0.5734889951838762,0.388229181357054,1.6520863190595374,0.40772532188841204,0.0071904064014579085,0.6243067553301627,0.14901775607875556,1.8015173850268935,0.8984015883501801,0.03017713093468588,18984.015883501786
H4,27,5.0,none,0,short,0.0,234,10.839378566899176,-0.3036765273101024,0.5743544033078833,0.7787473198625315,0.3547008547008547,-0.00269108589971495,-0.26423239095950996,0.18457697969049913,0.8079340732918329,-0.15000163098447516,-0.007500045202541883,8499.983690155244
H4,27,5.0,none,0,short,1.0,234,10.839378566899176,-0.3036765273101024,0.5743544033078833,0.7787473198625315,0.3547008547008547,-0.00269108589971495,-0.26423239095950996,0.18457697969049913,0.8079340732918329,-0.15000163098447516,-0.007500045202541883,8499.983690155244
H4,27,5.0,D1,20,both,0.0,153,7.192181467181467,0.12119141136828993,0.3069190180118463,1.1248014175029837,0.37254901960784315,0.0014325503027391012,0.136989083641132,0.09962796836663745,1.148197315225189,0.07500249479796328,0.0034055243137938174,10750.024947979651
H4,27,5.0,D1,20,both,1.0,153,7.192181467181467,0.12119141136828993,0.3069190180118463,1.1248014175029837,0.37254901960784315,0.0014325503027391012,0.136989083641132,0.09962796836663745,1.148197315225189,0.07500249479796328,0.0034055243137938174,10750.024947979651
H4,27,5.0,D1,20,long,0.0,113,5.311872586872586,0.24591563755687673,0.22528997044060173,1.34989986903417,0.37168141592920356,0.003779349457377891,0.25604991735019256,0.0779042489205003,1.4268866006809349,0.1716340254836224,0.0074737842464434046,11716.340254836232
H4,27,5.0,D1,20,long,1.0,113,5.311872586872586,0.24591563755687673,0.22528997044060173,1.34989986903417,0.37168141592920356,0.003779349457377891,0.25604991735019256,0.0779042489205003,1.4268866006809349,0.1716340254836224,0.0074737842464434046,11716.340254836232
H4,27,5.0,D1,20,short,0.0,96,4.635029742233972,-0.18903541018518416,0.3206093255939687,0.7906419373896233,0.3541666666666667,-0.0027658365352190447,-0.05695643907136813,0.09219911054614305,0.9321327628626923,-0.02638655979405702,-0.0012902608411289318,9736.134402059439
H4,27,5.0,D1,20,short,1.0,96,4.635029742233972,-0.18903541018518416,0.3206093255939687,0.7906419373896233,0.3541666666666667,-0.0027658365352190447,-0.05695643907136813,0.09219911054614305,0.9321327628626923,-0.02638655979405702,-0.0012902608411289318,9736.134402059439
H4,27,5.0,D1,32,both,0.0,130,6.145806368107689,-0.15925895153293154,0.47241890120954133,0.8416592347399489,0.33076923076923076,-0.002059172580048857,-0.11342672185656742,0.12180788602493642,0.8869943363750347,-0.05873715891773401,-0.0028576262704500532,9412.628410822665
H4,27,5.0,D1,32,both,1.0,130,6.145806368107689,-0.15925895153293154,0.47241890120954133,0.8416592347399489,0.33076923076923076,-0.002059172580048857,-0.11342672185656742,0.12180788602493642,0.8869943363750347,-0.05873715891773401,-0.0028576262704500532,9412.628410822665
H4,27,5.0,D1,32,long,0.0,86,4.155509988093663,0.22097474631137262,0.3585887577497654,1.371107965214021,0.3488372093023256,0.004708535557059318,0.25189317505433184,0.10968254112057485,1.4343963633272347,0.14189405489314977,0.006432082484694401,11418.940548931509
H4,27,5.0,D1,32,long,1.0,86,4.155509988093663,0.22097474631137262,0.3585887577497654,1.371107965214021,0.3488372093023256,0.004708535557059318,0.25189317505433184,0.10968254112057485,1.4343963633272347,0.14189405489314977,0.006432082484694401,11418.940548931509
H4,27,5.0,D1,32,short,0.0,85,4.084495461123536,-0.4065494013732371,0.3778773473141511,0.5869290262619319,0.29411764705882354,-0.005279440513937369,-0.34172837422680136,0.11183671222910829,0.6433492201831732,-0.11181119893659852,-0.005681475329462282,8881.888010634033
H4,27,5.0,D1,32,short,1.0,85,4.084495461123536,-0.4065494013732371,0.3778773473141511,0.5869290262619319,0.29411764705882354,-0.005279440513937369,-0.34172837422680136,0.11183671222910829,0.6433492201831732,-0.11181119893659852,-0.005681475329462282,8881.888010634033
H4,27,5.0,D1,50,both,0.0,107,5.1991153385659175,-0.26624324049854586,0.4958673749725472,0.7366396223206406,0.34579439252336447,-0.003474879584820321,-0.24817052151046615,0.14836096237721152,0.7600125457485475,-0.09154296067899592,-0.0046541357916054515,9084.570393210051
H4,27,5.0,D1,50,both,1.0,107,5.1991153385659175,-0.26624324049854586,0.4958673749725472,0.7366396223206406,0.34579439252336447,-0.003474879584820321,-0.24817052151046615,0.14836096237721152,0.7600125457485475,-0.09154296067899592,-0.0046541357916054515,9084.570393210051
H4,27,5.0,D1,50,long,0.0,76,3.7335574983187625,-0.06272031273770025,0.41825946143943415,0.9163647409566876,0.32894736842105265,-0.0011502537083548116,-0.01873067104479992,0.13328588303368205,0.9725937542520339,-0.012446317114279903,-0.000615082429451963,9875.5368288572
H4,27,5.0,D1,50,long,1.0,76,3.7335574983187625,-0.06272031273770025,0.41825946143943415,0.9163647409566876,0.32894736842105265,-0.0011502537083548116,-0.01873067104479992,0.13328588303368205,0.9725937542520339,-0.012446317114279903,-0.000615082429451963,9875.5368288572
H4,27,5.0,D1,50,short,0.0,54,2.7620081221117494,-0.28774260991138656,0.2272646474950678,0.6255915447739733,0.3888888888888889,-0.004199448992678427,-0.19932424785992392,0.05361825997884284,0.7245621626316249,-0.04338901574804899,-0.002266288104449732,9566.109842519512
H4,27,5.0,D1,50,short,1.0,54,2.7620081221117494,-0.28774260991138656,0.2272646474950678,0.6255915447739733,0.3888888888888889,-0.004199448992678427,-0.19932424785992392,0.05361825997884284,0.7245621626316249,-0.04338901574804899,-0.002266288104449732,9566.109842519512
H4,27,5.0,D1,80,both,0.0,129,6.14305736636245,0.14362233130182744,0.24674290324103276,1.1643133284047638,0.3798449612403101,0.001961660697069094,0.2862662319420897,0.06859539672440795,1.371330738326373,0.1681078670635292,0.007426982172922703,11681.078670635292
H4,27,5.0,D1,80,both,1.0,129,6.14305736636245,0.14362233130182744,0.24674290324103276,1.1643133284047638,0.3798449612403101,0.001961660697069094,0.2862662319420897,0.06859539672440795,1.371330738326373,0.1681078670635292,0.007426982172922703,11681.078670635292
H4,27,5.0,D1,80,long,0.0,79,3.9008719751250505,0.4359464830644251,0.1729562574757857,1.840496589242269,0.4430379746835443,0.009909786533517638,0.4750591705706146,0.049245064981284226,1.9857638620105156,0.29672930407425735,0.012913334019784006,12967.29304074258
H4,27,5.0,D1,80,long,1.0,79,3.9008719751250505,0.4359464830644251,0.1729562574757857,1.840496589242269,0.4430379746835443,0.009909786533517638,0.4750591705706146,0.049245064981284226,1.9857638620105156,0.29672930407425735,0.012913334019784006,12967.29304074258
H4,27,5.0,D1,80,short,0.0,65,3.147037380699894,-0.14618750933603047,0.2729817225913681,0.8002745162766289,0.36923076923076925,-0.0021491062981127164,0.09008403371938178,0.06504058161368131,1.157334889053918,0.02751543894019859,0.0013150518702551572,10275.154389401992
H4,27,5.0,D1,80,short,1.0,65,3.147037380699894,-0.14618750933603047,0.2729817225913681,0.8002745162766289,0.36923076923076925,-0.0021491062981127164,0.09008403371938178,0.06504058161368131,1.157334889053918,0.02751543894019859,0.0013150518702551572,10275.154389401992
H4,27,5.0,D1,120,both,0.0,152,7.344622304537637,0.2564781755247299,0.2106787198385116,1.294520029335155,0.40131578947368424,0.003169214165787095,0.30778187112551675,0.06294456168857254,1.3659962855313976,0.1814529009515502,0.008089642473789738,11814.529009515498
H4,27,5.0,D1,120,both,1.0,152,7.344622304537637,0.2564781755247299,0.2106787198385116,1.294520029335155,0.40131578947368424,0.003169214165787095,0.30778187112551675,0.06294456168857254,1.3659962855313976,0.1814529009515502,0.008089642473789738,11814.529009515498
H4,27,5.0,D1,120,long,0.0,80,3.8655906865987566,0.4184129288213626,0.11955582155446298,1.763469445845885,0.4375,0.008115614431930176,0.44701936641797574,0.04123494347150525,1.868893262150266,0.224631688585889,0.009839641848181868,12246.316885858887
H4,27,5.0,D1,120,long,1.0,80,3.8655906865987566,0.4184129288213626,0.11955582155446298,1.763469445845885,0.4375,0.008115614431930176,0.44701936641797574,0.04123494347150525,1.868893262150266,0.224631688585889,0.009839641848181868,12246.316885858887
H4,27,5.0,D1,120,short,0.0,76,3.9929516685845803,-0.0965587469967984,0.2092111320908323,0.8770712920527021,0.3815789473684211,-0.0013082964587915018,0.06854709638336917,0.03727058511442516,1.0997995591223384,0.02004041938646184,0.0010430325102548377,10200.40419386463
H4,27,5.0,D1,120,short,1.0,76,3.9929516685845803,-0.0965587469967984,0.2092111320908323,0.8770712920527021,0.3815789473684211,-0.0013082964587915018,0.06854709638336917,0.03727058511442516,1.0997995591223384,0.02004041938646184,0.0010430325102548377,10200.40419386463
H4,27,5.0,W1,20,both,0.0,170,8.180830039525691,0.1466580746654794,0.3662277006079141,1.1541937148546464,0.38823529411764707,0.0018459017162345689,0.24061236555185309,0.10944448875470159,1.2724693959329927,0.16152415978440327,0.007231556595050259,11615.241597844039
H4,27,5.0,W1,20,both,1.0,170,8.180830039525691,0.1466580746654794,0.3662277006079141,1.1541937148546464,0.38823529411764707,0.0018459017162345689,0.24061236555185309,0.10944448875470159,1.2724693959329927,0.16152415978440327,0.007231556595050259,11615.241597844039
H4,27,5.0,W1,20,long,0.0,98,4.71600790513834,0.5106963595841789,0.17724770916761456,1.9194049934404975,0.4387755102040816,0.010102904491784755,0.5359637557791523,0.06582850587050659,2.029519506699548,0.37554480335226814,0.015462183930851303,13755.448033522689
H4,27,5.0,W1,20,long,1.0,98,4.71600790513834,0.5106963595841789,0.17724770916761456,1.9194049934404975,0.4387755102040816,0.010102904491784755,0.5359637557791523,0.06582850587050659,2.029519506699548,0.37554480335226814,0.015462183930851303,13755.448033522689
H4,27,5.0,W1,20,short,0.0,89,4.504884977827051,-0.3870432818052057,0.3733707845830948,0.6143376264794068,0.34831460674157305,-0.004653466717659449,-0.4495992962942921,0.12225272995393677,0.5916071842389569,-0.11808825561739833,-0.006340473065591268,8819.11744382602
H4,27,5.0,W1,20,short,1.0,89,4.504884977827051,-0.3870432818052057,0.3733707845830948,0.6143376264794068,0.34831460674157305,-0.004653466717659449,-0.4495992962942921,0.12225272995393677,0.5916071842389569,-0.11808825561739833,-0.006340473065591268,8819.11744382602
H4,27,5.0,W1,32,both,0.0,172,8.457592891760905,0.30106287532361425,0.3058650267677139,1.343164471338305,0.4069767441860465,0.004174517673913139,0.4032192493918732,0.07630439900622255,1.4970419498658651,0.34034527970184936,0.014508069065031659,13403.45279701849
H4,27,5.0,W1,32,both,1.0,172,8.457592891760905,0.30106287532361425,0.3058650267677139,1.343164471338305,0.4069767441860465,0.004174517673913139,0.4032192493918732,0.07630439900622255,1.4970419498658651,0.34034527970184936,0.014508069065031659,13403.45279701849
H4,27,5.0,W1,32,long,0.0,106,5.212237479806139,0.5367990020441621,0.18652282834540146,1.9843028990013973,0.4339622641509434,0.01058011149542892,0.5440059628547433,0.06547736589485831,2.0223417259927423,0.40256532034659065,0.016774182094185797,14025.653203465912
H4,27,5.0,W1,32,long,1.0,106,5.212237479806139,0.5367990020441621,0.18652282834540146,1.9843028990013973,0.4339622641509434,0.01058011149542892,0.5440059628547433,0.06547736589485831,2.0223417259927423,0.40256532034659065,0.016774182094185797,14025.653203465912
H4,27,5.0,W1,32,short,0.0,88,4.519403824521935,-0.34181303707830385,0.41972824524633323,0.6512384079618362,0.3409090909090909,-0.00455021790935996,-0.2855418999329731,0.10619196556205857,0.700013270495806,-0.09355370231107873,-0.005031748412296921,9064.462976889217
H4,27,5.0,W1,32,short,1.0,88,4.519403824521935,-0.34181303707830385,0.41972824524633323,0.6512384079618362,0.3409090909090909,-0.00455021790935996,-0.2855418999329731,0.10619196556205857,0.700013270495806,-0.09355370231107873,-0.005031748412296921,9064.462976889217
H4,27,5.0,W1,50,both,0.0,179,9.161960482062781,0.2600620607382142,0.2928145367903966,1.2897167533355929,0.39106145251396646,0.003619765175238884,0.37418494473470476,0.08132198337559127,1.4749407657207703,0.33025117341011856,0.014713496618797395,13302.511734101188
H4,27,5.0,W1,50,both,1.0,179,9.161960482062781,0.2600620607382142,0.2928145367903966,1.2897167533355929,0.39106145251396646,0.003619765175238884,0.37418494473470476,0.08132198337559127,1.4749407657207703,0.33025117341011856,0.014713496618797395,13302.511734101188
H4,27,5.0,W1,50,long,0.0,114,5.843179904574796,0.4015433742194264,0.17247556048054047,1.6639492705412655,0.37719298245614036,0.00750221671013444,0.4292143238096013,0.061416527403716614,1.793381792147565,0.36617258570791833,0.016121097078968694,13661.725857079191
H4,27,5.0,W1,50,long,1.0,114,5.843179904574796,0.4015433742194264,0.17247556048054047,1.6639492705412655,0.37719298245614036,0.00750221671013444,0.4292143238096013,0.061416527403716614,1.793381792147565,0.36617258570791833,0.016121097078968694,13661.725857079191
H4,27,5.0,W1,50,short,0.0,82,4.441717336497108,-0.1444840273538084,0.32705725382891326,0.8292217537016033,0.3902439024390244,-0.002372237371131055,-0.07601326273904706,0.07178787814732912,0.9097987961917712,-0.028162269328335765,-0.0015461695097590544,9718.377306716648
H4,27,5.0,W1,50,short,1.0,82,4.441717336497108,-0.1444840273538084,0.32705725382891326,0.8292217537016033,0.3902439024390244,-0.002372237371131055,-0.07601326273904706,0.07178787814732912,0.9097987961917712,-0.028162269328335765,-0.0015461695097590544,9718.377306716648
H4,27,5.0,W1,80,both,0.0,182,9.84968143428656,0.20956639095532067,0.40508010892932556,1.2169150205983836,0.3626373626373626,0.002648672542112121,0.3704799396331994,0.12001493284879738,1.4452543913109595,0.3103963247802306,0.01473754634126112,13103.9632478023
H4,27,5.0,W1,80,both,1.0,182,9.84968143428656,0.20956639095532067,0.40508010892932556,1.2169150205983836,0.3626373626373626,0.002648672542112121,0.3704799396331994,0.12001493284879738,1.4452543913109595,0.3103963247802306,0.01473754634126112,13103.9632478023
H4,27,5.0,W1,80,long,0.0,120,6.494295451177952,0.4131541199498419,0.29205085522602814,1.6458994508776097,0.36666666666666664,0.006920686040143729,0.45130657449404166,0.12321027403514906,1.7623223056201556,0.3495161810899008,0.016354291171660762,13495.161810899015
H4,27,5.0,W1,80,long,1.0,120,6.494295451177952,0.4131541199498419,0.29205085522602814,1.6458994508776097,0.36666666666666664,0.006920686040143729,0.45130657449404166,0.12321027403514906,1.7623223056201556,0.3495161810899008,0.016354291171660762,13495.161810899015
H4,27,5.0,W1,80,short,0.0,68,4.322485207100592,-0.21898935330916852,0.33423322952115453,0.7587208667353461,0.36764705882352944,-0.0034636645436201506,-0.12538986782591124,0.06611512590448387,0.8591349799408714,-0.0349994815992376,-0.002262079196918232,9650.00518400763
H4,27,5.0,W1,80,short,1.0,68,4.322485207100592,-0.21898935330916852,0.33423322952115453,0.7587208667353461,0.36764705882352944,-0.0034636645436201506,-0.12538986782591124,0.06611512590448387,0.8591349799408714,-0.0349994815992376,-0.002262079196918232,9650.00518400763
H4,27,5.0,W1,120,both,0.0,166,9.841178380133096,0.40207654639397966,0.3461408304922161,1.4743128680327477,0.4036144578313253,0.005197141569106543,0.5144215608828193,0.08245030023129918,1.683263337218388,0.44047261770292967,0.02187281017257736,14404.726177029295
H4,27,5.0,W1,120,both,1.0,166,9.841178380133096,0.40207654639397966,0.3461408304922161,1.4743128680327477,0.4036144578313253,0.005197141569106543,0.5144215608828193,0.08245030023129918,1.683263337218388,0.44047261770292967,0.02187281017257736,14404.726177029295
H4,27,5.0,W1,120,long,0.0,111,6.580546989125143,0.47972665547091925,0.316077918804768,1.7838942712619943,0.4144144144144144,0.008461346142312132,0.5484114893102543,0.0934733157965636,2.0272965662133133,0.4328446570946185,0.021551204734828078,14328.446570946182
H4,27,5.0,W1,120,long,1.0,111,6.580546989125143,0.47972665547091925,0.316077918804768,1.7838942712619943,0.4144144144144144,0.008461346142312132,0.5484114893102543,0.0934733157965636,2.0272965662133133,0.4328446570946185,0.021551204734828078,14328.446570946182
H4,27,5.0,W1,120,short,0.0,63,4.66182131280389,-0.14028116825658893,0.15524276955816285,0.8407246954079952,0.3492063492063492,-0.0017374405720838905,-0.03708747288385325,0.05258283895638605,0.9545333235831502,-0.011699997273431295,-0.0008704921035610491,9883.000027265687
H4,27,5.0,W1,120,short,1.0,63,4.66182131280389,-0.14028116825658893,0.15524276955816285,0.8407246954079952,0.3492063492063492,-0.0017374405720838905,-0.03708747288385325,0.05258283895638605,0.9545333235831502,-0.011699997273431295,-0.0008704921035610491,9883.000027265687
H4,27,2.5,none,0,both,0.0,889,41.180374128091316,0.4748873023845612,0.2702057324845972,1.2924354876463282,0.29358830146231724,0.0016457423768956407,0.5450732464533075,0.16632361403555762,1.3887515035741946,2.015291480422445,0.05245504550322089,30152.91480422444
H4,27,2.5,none,0,both,1.0,889,41.180374128091316,0.4748873023845612,0.2702057324845972,1.2924354876463282,0.29358830146231724,0.0016457423768956407,0.5450732464533075,0.16632361403555762,1.3887515035741946,2.015291480422445,0.05245504550322089,30152.91480422444
H4,27,2.5,none,0,long,0.0,822,38.09611724400457,0.6677615870384914,0.2587679579364274,1.4663884833125949,0.30900243309002434,0.0023605478221756728,0.6716589240509454,0.18120753176012694,1.5421777756586335,2.709154835240511,0.062633280228652,37091.548352404876
H4,27,2.5,none,0,long,1.0,822,38.09611724400457,0.6677615870384914,0.2587679579364274,1.4663884833125949,0.30900243309002434,0.0023605478221756728,0.6716589240509454,0.18120753176012694,1.5421777756586335,2.709154835240511,0.062633280228652,37091.548352404876
H4,27,2.5,none,0,short,0.0,823,38.123113506658214,-0.2309603593045422,0.47668898634896606,0.8916342015120855,0.2709599027946537,-0.0006272994408914748,-0.15759014155508555,0.2888377845447305,0.9250431240872099,-0.2261910308045123,-0.011808125704753758,7738.0896919548795
H4,27,2.5,none,0,short,1.0,823,38.123113506658214,-0.2309603593045422,0.47668898634896606,0.8916342015120855,0.2709599027946537,-0.0006272994408914748,-0.15759014155508555,0.2888377845447305,0.9250431240872099,-0.2261910308045123,-0.011808125704753758,7738.0896919548795
H4,27,2.5,D1,20,both,0.0,517,24.166144100332737,0.3631076123957662,0.17491594427213197,1.2828359723022948,0.2804642166344294,0.0014223452841510891,0.3829940534552739,0.15056717603510528,1.313907458502309,0.5961801079007618,0.022098291000686165,15961.801079007642
H4,27,2.5,D1,20,both,1.0,517,24.166144100332737,0.3631076123957662,0.17491594427213197,1.2828359723022948,0.2804642166344294,0.0014223452841510891,0.3829940534552739,0.15056717603510528,1.313907458502309,0.5961801079007618,0.022098291000686165,15961.801079007642
H4,27,2.5,D1,20,long,0.0,293,13.785682081669457,0.5448392632746815,0.09116398571761641,1.6294133334262282,0.33447098976109213,0.002910930808643618,0.5733291536832551,0.07722435651034132,1.7045171907478436,0.7819408822227212,0.027553769701618602,17819.408822227248
H4,27,2.5,D1,20,long,1.0,293,13.785682081669457,0.5448392632746815,0.09116398571761641,1.6294133334262282,0.33447098976109213,0.002910930808643618,0.5733291536832551,0.07722435651034132,1.7045171907478436,0.7819408822227212,0.027553769701618602,17819.408822227248
H4,27,2.5,D1,20,short,0.0,315,14.746699564214303,0.016571125735792395,0.19315555394044492,1.0141976655054152,0.2507936507936508,7.490584125361239e-05,-0.006147474052196399,0.1399443955153592,0.9946806473547047,-0.022211813367723043,-0.0010510138678939684,9777.881866322778
H4,27,2.5,D1,20,short,1.0,315,14.746699564214303,0.016571125735792395,0.19315555394044492,1.0141976655054152,0.2507936507936508,7.490584125361239e-05,-0.006147474052196399,0.1399443955153592,0.9946806473547047,-0.022211813367723043,-0.0010510138678939684,9777.881866322778
H4,27,2.5,D1,32,both,0.0,571,26.75875673595073,0.26573296489322945,0.2420467139306689,1.184132161660497,0.29947460595446584,0.0009248298378897178,0.3739751269799424,0.14100832794588358,1.2831877253721184,0.5915159774479588,0.02201545499326607,15915.159774479624
H4,27,2.5,D1,32,both,1.0,571,26.75875673595073,0.26573296489322945,0.2420467139306689,1.184132161660497,0.29947460595446584,0.0009248298378897178,0.3739751269799424,0.14100832794588358,1.2831877253721184,0.5915159774479588,0.02201545499326607,15915.159774479624
H4,27,2.5,D1,32,long,0.0,310,14.638332255979314,0.37551110689791034,0.16844612900972045,1.391917927505508,0.32903225806451614,0.0018372138362558338,0.38172693977626576,0.131010348022902,1.4240612190452053,0.45458595973740357,0.01785197458204779,14545.859597374078
H4,27,2.5,D1,32,long,1.0,310,14.638332255979314,0.37551110689791034,0.16844612900972045,1.391917927505508,0.32903225806451614,0.0018372138362558338,0.38172693977626576,0.131010348022902,1.4240612190452053,0.45458595973740357,0.01785197458204779,14545.859597374078
H4,27,2.5,D1,32,short,0.0,311,14.574384141647421,-0.07538461204407451,0.19939118149739954,0.9398870137666634,0.2733118971061093,-0.00032295492270452105,0.05362823544150573,0.08955699379073168,1.0484753991612994,0.030014052080042264,0.0013868133826546725,10300.140520800436
H4,27,2.5,D1,32,short,1.0,311,14.574384141647421,-0.07538461204407451,0.19939118149739954,0.9398870137666634,0.2733118971061093,-0.00032295492270452105,0.05362823544150573,0.08955699379073168,1.0484753991612994,0.030014052080042264,0.0013868133826546725,10300.140520800436
H4,27,2.5,D1,50,both,0.0,605,28.524106105589258,-0.09152413730114234,0.5007929604154893,0.9468092034515168,0.25950413223140495,-0.0002901205930769864,-0.06919056489637294,0.3269149120845283,0.959461956518904,-0.1137048882212679,-0.005674764293472023,8862.951117787337
H4,27,2.5,D1,50,both,1.0,605,28.524106105589258,-0.09152413730114234,0.5007929604154893,0.9468092034515168,0.25950413223140495,-0.0002901205930769864,-0.06919056489637294,0.3269149120845283,0.959461956518904,-0.1137048882212679,-0.005674764293472023,8862.951117787337
H4,27,2.5,D1,50,long,0.0,332,15.665030357834905,0.2855802411082944,0.2755996386421481,1.26702477766689,0.2921686746987952,0.0013138560089616623,0.22492033204835848,0.1856809134738805,1.211205013146228,0.2395594407430266,0.01018452388367086,12395.594407430297
H4,27,2.5,D1,50,long,1.0,332,15.665030357834905,0.2855802411082944,0.2755996386421481,1.26702477766689,0.2921686746987952,0.0013138560089616623,0.22492033204835848,0.1856809134738805,1.211205013146228,0.2395594407430266,0.01018452388367086,12395.594407430297
H4,27,2.5,D1,50,short,0.0,307,14.583398361295355,-0.47449500420988316,0.48212675828316787,0.6843972624913938,0.2280130293159609,-0.0018684723425621233,-0.42862687140229344,0.25984859428341656,0.7184522993890258,-0.25312733582981894,-0.013768565366010344,7468.726641701814
H4,27,2.5,D1,50,short,1.0,307,14.583398361295355,-0.47449500420988316,0.48212675828316787,0.6843972624913938,0.2280130293159609,-0.0018684723425621233,-0.42862687140229344,0.25984859428341656,0.7184522993890258,-0.25312733582981894,-0.013768565366010344,7468.726641701814
H4,27,2.5,D1,80,both,0.0,640,30.453361125586245,0.17351971894118923,0.21292782531966448,1.1028953992858201,0.2890625,0.0005551576717304754,0.40182142393709774,0.11561130408011633,1.2735618389498058,0.704828752125007,0.025708968666375398,17048.287521250033
H4,27,2.5,D1,80,both,1.0,640,30.453361125586245,0.17351971894118923,0.21292782531966448,1.1028953992858201,0.2890625,0.0005551576717304754,0.40182142393709774,0.11561130408011633,1.2735618389498058,0.704828752125007,0.025708968666375398,17048.287521250033
H4,27,2.5,D1,80,long,0.0,346,16.716468253968255,0.32748147355638885,0.13936430075121442,1.2827761078835385,0.3063583815028902,0.0014506316939618667,0.45396389010527205,0.10948923612260197,1.4453577206699557,0.6031181845523685,0.023063524647941147,16031.181845523712
H4,27,2.5,D1,80,long,1.0,346,16.716468253968255,0.32748147355638885,0.13936430075121442,1.2827761078835385,0.3063583815028902,0.0014506316939618667,0.45396389010527205,0.10948923612260197,1.4453577206699557,0.6031181845523685,0.023063524647941147,16031.181845523712
H4,27,2.5,D1,80,short,0.0,314,14.94118030224075,-0.07747520238227477,0.3031469846049951,0.9394283706193878,0.267515923566879,-0.00034652571250554294,0.1281411146827502,0.12428150712805675,1.116024697550784,0.10511111072954749,0.004767089175062855,11051.111107295459
H4,27,2.5,D1,80,short,1.0,314,14.94118030224075,-0.07747520238227477,0.3031469846049951,0.9394283706193878,0.267515923566879,-0.00034652571250554294,0.1281411146827502,0.12428150712805675,1.116024697550784,0.10511111072954749,0.004767089175062855,11051.111107295459
H4,27,2.5,D1,120,both,0.0,674,32.4773746701847,0.32698690545508075,0.1724365085556454,1.202225234921914,0.2952522255192878,0.0010846131893654592,0.4791472142387422,0.13593440850392802,1.3276606575061423,0.9703380215485626,0.033219858348222386,19703.380215485624
H4,27,2.5,D1,120,both,1.0,674,32.4773746701847,0.32698690545508075,0.1724365085556454,1.202225234921914,0.2952522255192878,0.0010846131893654592,0.4791472142387422,0.13593440850392802,1.3276606575061423,0.9703380215485626,0.033219858348222386,19703.380215485624
H4,27,2.5,D1,120,long,0.0,369,17.80177651565183,0.5097835205736883,0.13170954793162493,1.4738233410078743,0.3252032520325203,0.0023291032023815346,0.5500300497668016,0.09694119553393599,1.5707359738269007,0.8864974750460626,0.031094725442148974,18864.974750460635
H4,27,2.5,D1,120,long,1.0,369,17.80177651565183,0.5097835205736883,0.13170954793162493,1.4738233410078743,0.3252032520325203,0.0023291032023815346,0.5500300497668016,0.09694119553393599,1.5707359738269007,0.8864974750460626,0.031094725442148974,18864.974750460635
H4,27,2.5,D1,120,short,0.0,324,15.6122691292876,-0.11146430565663479,0.3161082392419774,0.9137148816386318,0.2623456790123457,-0.0005096923743616938,0.019254203140819496,0.12670361445037326,1.0154594840798234,-0.0011515335564221685,-5.551824557237239e-05,9988.484664435771
H4,27,2.5,D1,120,short,1.0,324,15.6122691292876,-0.11146430565663479,0.3161082392419774,0.9137148816386318,0.2623456790123457,-0.0005096923743616938,0.019254203140819496,0.12670361445037326,1.0154594840798234,-0.0011515335564221685,-5.551824557237239e-05,9988.484664435771
H4,27,2.5,W1,20,both,0.0,736,35.32509855453351,0.34171000103648147,0.237627875514403,1.2095462711664355,0.29347826086956524,0.0011433518929577122,0.4164883162705414,0.20356758096262306,1.2598886328561751,0.8260931335954187,0.02932392968456754,18260.931335954207
H4,27,2.5,W1,20,both,1.0,736,35.32509855453351,0.34171000103648147,0.237627875514403,1.2095462711664355,0.29347826086956524,0.0011433518929577122,0.4164883162705414,0.20356758096262306,1.2598886328561751,0.8260931335954187,0.02932392968456754,18260.931335954207
H4,27,2.5,W1,20,long,0.0,440,21.11826544021025,0.5162140389336703,0.19154983782538293,1.4566916671364556,0.3068181818181818,0.0023996122635492694,0.557112621101875,0.1604097154900922,1.5258299174070906,1.0729008724719353,0.03560591342088215,20729.008724719362
H4,27,2.5,W1,20,long,1.0,440,21.11826544021025,0.5162140389336703,0.19154983782538293,1.4566916671364556,0.3068181818181818,0.0023996122635492694,0.557112621101875,0.1604097154900922,1.5258299174070906,1.0729008724719353,0.03560591342088215,20729.008724719362
H4,27,2.5,W1,20,short,0.0,342,16.77844190732035,-0.11080165783603858,0.23745715275976942,0.9175996775500269,0.2777777777777778,-0.0004778419867109711,0.010035683453262162,0.14959646806060678,1.0074497039142243,-0.009702818907474486,-0.0004782280988836485,9902.97181092526
H4,27,2.5,W1,20,short,1.0,342,16.77844190732035,-0.11080165783603858,0.23745715275976942,0.9175996775500269,0.2777777777777778,-0.0004778419867109711,0.010035683453262162,0.14959646806060678,1.0074497039142243,-0.009702818907474486,-0.0004782280988836485,9902.97181092526
H4,27,2.5,W1,32,both,0.0,727,35.68083176565439,0.38324583940393653,0.2591998302434896,1.244343954867675,0.2874828060522696,0.0013251144717176134,0.5126090415751655,0.1423963852952972,1.363278038211716,1.280028428364255,0.041280046829042405,22800.28428364257
H4,27,2.5,W1,32,both,1.0,727,35.68083176565439,0.38324583940393653,0.2591998302434896,1.244343954867675,0.2874828060522696,0.0013251144717176134,0.5126090415751655,0.1423963852952972,1.363278038211716,1.280028428364255,0.041280046829042405,22800.28428364257
H4,27,2.5,W1,32,long,0.0,454,22.28211502284332,0.5759266829240967,0.2509571348276314,1.5369260871938017,0.30837004405286345,0.0026905058392853085,0.598716233515171,0.14327607676564003,1.5906242864027063,1.2389565299695748,0.04035146490855657,22389.565299695812
H4,27,2.5,W1,32,long,1.0,454,22.28211502284332,0.5759266829240967,0.2509571348276314,1.5369260871938017,0.30837004405286345,0.0026905058392853085,0.598716233515171,0.14327607676564003,1.5906242864027063,1.2389565299695748,0.04035146490855657,22389.565299695812
H4,27,2.5,W1,32,short,0.0,324,16.6466450977634,-0.17416844258068304,0.2968482834401257,0.8732340656556097,0.25617283950617287,-0.0007539584777677301,-0.0089901161920598,0.15927377034581858,0.9928949542792589,-0.029503774016394257,-0.001537489126444247,9704.962259836044
H4,27,2.5,W1,32,short,1.0,324,16.6466450977634,-0.17416844258068304,0.2968482834401257,0.8732340656556097,0.25617283950617287,-0.0007539584777677301,-0.0089901161920598,0.15927377034581858,0.9928949542792589,-0.029503774016394257,-0.001537489126444247,9704.962259836044
H4,27,2.5,W1,50,both,0.0,711,36.113579474342934,0.43756038306825545,0.28682731444847154,1.2990835661973534,0.28973277074542897,0.0016227138090306366,0.5798615449890452,0.1705475962003532,1.464040906559789,1.8101079776771773,0.053881628954298266,28101.079776771792
H4,27,2.5,W1,50,both,1.0,711,36.113579474342934,0.43756038306825545,0.28682731444847154,1.2990835661973534,0.28973277074542897,0.0016227138090306366,0.5798615449890452,0.1705475962003532,1.464040906559789,1.8101079776771773,0.053881628954298266,28101.079776771792
H4,27,2.5,W1,50,long,0.0,467,23.720171047142262,0.5087332375998207,0.2760382861339197,1.4737477966672743,0.2890792291220557,0.0024004402076885215,0.5616941730719417,0.17323137705924507,1.6411551000880427,1.536791058999281,0.04841854458940964,25367.910589992876
H4,27,2.5,W1,50,long,1.0,467,23.720171047142262,0.5087332375998207,0.2760382861339197,1.4737477966672743,0.2890792291220557,0.0024004402076885215,0.5616941730719417,0.17323137705924507,1.6411551000880427,1.536791058999281,0.04841854458940964,25367.910589992876
H4,27,2.5,W1,50,short,0.0,289,15.070995145631068,0.10460045210581553,0.23540130813709326,1.093314585922226,0.29411764705882354,0.0005482165659842276,0.24952465077352895,0.12062947369440635,1.2366648581040418,0.2385511565726257,0.011219296412362523,12385.511565726245
H4,27,2.5,W1,50,short,1.0,289,15.070995145631068,0.10460045210581553,0.23540130813709326,1.093314585922226,0.29411764705882354,0.0005482165659842276,0.24952465077352895,0.12062947369440635,1.2366648581040418,0.2385511565726257,0.011219296412362523,12385.511565726245
H4,27,2.5,W1,80,both,0.0,682,36.88192182410423,0.38793861273596725,0.32383468037699115,1.263411810039241,0.27712609970674484,0.0014203643815814738,0.4958759487737489,0.1771106357275113,1.3814914701147818,1.30783257325505,0.04626512337573807,23078.32573255055
H4,27,2.5,W1,80,both,1.0,682,36.88192182410423,0.38793861273596725,0.32383468037699115,1.263411810039241,0.27712609970674484,0.0014203643815814738,0.4958759487737489,0.1771106357275113,1.3814914701147818,1.30783257325505,0.04626512337573807,23078.32573255055
H4,27,2.5,W1,80,long,0.0,443,23.957025466390288,0.5104489418495626,0.26008031590299197,1.4892895014403014,0.28216704288939054,0.0024631222172287483,0.5404653820652977,0.16299454587239615,1.5851789964809573,1.3036980198695964,0.046163670705562376,23036.980198695976
H4,27,2.5,W1,80,long,1.0,443,23.957025466390288,0.5104489418495626,0.26008031590299197,1.4892895014403014,0.28216704288939054,0.0024631222172287483,0.5404653820652977,0.16299454587239615,1.5851789964809573,1.3036980198695964,0.046163670705562376,23036.980198695976
H4,27,2.5,W1,80,short,0.0,260,16.387402933563415,-0.048339005994167544,0.26314464116855074,0.9615831343054247,0.27307692307692305,-0.00023101019363133365,-0.005399965275435032,0.10123294728658727,0.9959528899901089,-0.01763010769473783,-0.0011204825027206766,9823.698923052627
H4,27,2.5,W1,80,short,1.0,260,16.387402933563415,-0.048339005994167544,0.26314464116855074,0.9615831343054247,0.27307692307692305,-0.00023101019363133365,-0.005399965275435032,0.10123294728658727,0.9959528899901089,-0.01763010769473783,-0.0011204825027206766,9823.698923052627
H4,27,2.5,W1,120,both,0.0,627,36.87789855072464,0.4510438077834372,0.2792781536612061,1.3101138878578695,0.2807017543859649,0.0015759804954994351,0.548221894125228,0.18709520812385894,1.42495928682427,1.3765396375662373,0.05223257995836983,23765.396375662393
H4,27,2.5,W1,120,both,1.0,627,36.87789855072464,0.4510438077834372,0.2792781536612061,1.3101138878578695,0.2807017543859649,0.0015759804954994351,0.548221894125228,0.18709520812385894,1.42495928682427,1.3765396375662373,0.05223257995836983,23765.396375662393
H4,27,2.5,W1,120,long,0.0,403,23.752743262869128,0.5784505540050239,0.2787429387293583,1.5598178405629484,0.31017369727047145,0.002768024674449758,0.6380268563183596,0.1834829893404759,1.7490871228274307,1.5846279623765502,0.057564007473957846,25846.279623765455
H4,27,2.5,W1,120,long,1.0,403,23.752743262869128,0.5784505540050239,0.2787429387293583,1.5598178405629484,0.31017369727047145,0.002768024674449758,0.6380268563183596,0.1834829893404759,1.7490871228274307,1.5846279623765502,0.057564007473957846,25846.279623765455
H4,27,2.5,W1,120,short,0.0,243,16.835309180576633,-0.1062621385457919,0.20018786158042523,0.9197089231269033,0.23868312757201646,-0.0004226197308187437,-0.034739189709831836,0.143928557111469,0.9737301642092913,-0.03763956797830059,-0.002654525346818759,9623.604320216971
H4,27,2.5,W1,120,short,1.0,243,16.835309180576633,-0.1062621385457919,0.20018786158042523,0.9197089231269033,0.23868312757201646,-0.0004226197308187437,-0.034739189709831836,0.143928557111469,0.9737301642092913,-0.03763956797830059,-0.002654525346818759,9623.604320216971
H4,27,2.0,none,0,both,0.0,1242,57.53208623969563,0.4684822709382836,0.22118099507072442,1.2479617129853555,0.27697262479871176,0.001093892444049342,0.4385282142198995,0.1755878943579552,1.2532537669470718,1.549394679612726,0.04430421593326761,25493.946796127326
H4,27,2.0,none,0,both,1.0,1242,57.53208623969563,0.4684822709382836,0.22118099507072442,1.2479617129853555,0.27697262479871176,0.001093892444049342,0.4385282142198995,0.1755878943579552,1.2532537669470718,1.549394679612726,0.04430421593326761,25493.946796127326
H4,27,2.0,none,0,long,0.0,1145,53.06575942139323,0.5934187386848917,0.21683182664831768,1.3497397394854125,0.2689956331877729,0.001530154114498787,0.583693618987988,0.18095508053004283,1.3929244515171755,2.5781327097730595,0.06086363598012401,35781.3270977306
H4,27,2.0,none,0,long,1.0,1145,53.06575942139323,0.5934187386848917,0.21683182664831768,1.3497397394854125,0.2689956331877729,0.001530154114498787,0.583693618987988,0.18095508053004283,1.3929244515171755,2.5781327097730595,0.06086363598012401,35781.3270977306
H4,27,2.0,none,0,short,0.0,1146,53.0851616994293,-0.2784803360928223,0.5142206433910927,0.8842627174200332,0.25392670157068065,-0.0005235813219126436,-0.24000337480027692,0.4004281659068125,0.8997117444916533,-0.3687784904544965,-0.0210872281998139,6312.215095455032
H4,27,2.0,none,0,short,1.0,1146,53.0851616994293,-0.2784803360928223,0.5142206433910927,0.8842627174200332,0.25392670157068065,-0.0005235813219126436,-0.24000337480027692,0.4004281659068125,0.8997117444916533,-0.3687784904544965,-0.0210872281998139,6312.215095455032
H4,27,2.0,D1,20,both,0.0,809,37.80543116683725,0.18625063920476226,0.3184686369365436,1.111474250138638,0.25710754017305315,0.0004839941858680582,0.22062912438128968,0.2515372043448383,1.1376498365836982,0.34989079034763204,0.014119173683494468,13498.907903476347
H4,27,2.0,D1,20,both,1.0,809,37.80543116683725,0.18625063920476226,0.3184686369365436,1.111474250138638,0.25710754017305315,0.0004839941858680582,0.22062912438128968,0.2515372043448383,1.1376498365836982,0.34989079034763204,0.014119173683494468,13498.907903476347
H4,27,2.0,D1,20,long,0.0,404,18.94722650231125,0.3819450068353806,0.13870363557032894,1.3639858719265672,0.27722772277227725,0.0015728196463436926,0.4015712391007974,0.10904261727982467,1.4050893746624495,0.6331991621779947,0.023272585524924505,16331.99162177992
H4,27,2.0,D1,20,long,1.0,404,18.94722650231125,0.3819450068353806,0.13870363557032894,1.3639858719265672,0.27722772277227725,0.0015728196463436926,0.4015712391007974,0.10904261727982467,1.4050893746624495,0.6331991621779947,0.023272585524924505,16331.99162177992
H4,27,2.0,D1,20,short,0.0,528,24.72144596846558,-0.1799823317540161,0.28196115884872464,0.8884930757374886,0.24242424242424243,-0.0004771983835655024,-0.16969253566032946,0.1969097323064789,0.8970515390645406,-0.179976771633084,-0.009247307536410343,8200.232283669178
H4,27,2.0,D1,20,short,1.0,528,24.72144596846558,-0.1799823317540161,0.28196115884872464,0.8884930757374886,0.24242424242424243,-0.0004771983835655024,-0.16969253566032946,0.1969097323064789,0.8970515390645406,-0.179976771633084,-0.009247307536410343,8200.232283669178
H4,27,2.0,D1,32,both,0.0,882,41.333140877598154,0.13771230280099894,0.3325672425520061,1.0763550675395572,0.2732426303854875,0.0003298538156401719,0.18153547769047643,0.27532839179405255,1.1037090949191317,0.26667493474060744,0.011139776800852763,12666.749347406087
H4,27,2.0,D1,32,both,1.0,882,41.333140877598154,0.13771230280099894,0.3325672425520061,1.0763550675395572,0.2732426303854875,0.0003298538156401719,0.18153547769047643,0.27532839179405255,1.1037090949191317,0.26667493474060744,0.011139776800852763,12666.749347406087
H4,27,2.0,D1,32,long,0.0,454,21.410393802453196,0.30874768745088693,0.16929212956938056,1.26344110581447,0.27973568281938327,0.0011229219703603407,0.3006360768309345,0.12811562608237737,1.2544023206148165,0.4203071137471548,0.016684645939959886,14203.071137471537
H4,27,2.0,D1,32,long,1.0,454,21.410393802453196,0.30874768745088693,0.16929212956938056,1.26344110581447,0.27973568281938327,0.0011229219703603407,0.3006360768309345,0.12811562608237737,1.2544023206148165,0.4203071137471548,0.016684645939959886,14203.071137471537
H4,27,2.0,D1,32,short,0.0,500,23.431485758275596,-0.11101380336979519,0.29541411895393066,0.9267671995142367,0.26,-0.0003176168145695489,-0.016451169202580926,0.24224297238108694,0.9884947001231483,-0.0467660406124204,-0.0022419806926605723,9532.339593875806
H4,27,2.0,D1,32,short,1.0,500,23.431485758275596,-0.11101380336979519,0.29541411895393066,0.9267671995142367,0.26,-0.0003176168145695489,-0.016451169202580926,0.24224297238108694,0.9884947001231483,-0.0467660406124204,-0.0022419806926605723,9532.339593875806
H4,27,2.0,D1,50,both,0.0,914,43.059267380368894,-0.14501001254422655,0.4801157105805953,0.9284700948070684,0.2439824945295405,-0.0003195106640162627,-0.05920830367386407,0.3951101757573645,0.9687215384518068,-0.16144534494877572,-0.008260748712335841,8385.54655051228
H4,27,2.0,D1,50,both,1.0,914,43.059267380368894,-0.14501001254422655,0.4801157105805953,0.9284700948070684,0.2439824945295405,-0.0003195106640162627,-0.05920830367386407,0.3951101757573645,0.9687215384518068,-0.16144534494877572,-0.008260748712335841,8385.54655051228
H4,27,2.0,D1,50,long,0.0,472,22.256390395042605,0.17916897933803227,0.32463964295725334,1.13976946622386,0.2478813559322034,0.0005997492609694443,0.17036599393612092,0.29799634200181757,1.1471223233123473,0.22710460451808578,0.009697000839822278,12271.046045180883
H4,27,2.0,D1,50,long,1.0,472,22.256390395042605,0.17916897933803227,0.32463964295725334,1.13976946622386,0.2478813559322034,0.0005997492609694443,0.17036599393612092,0.29799634200181757,1.1471223233123473,0.22710460451808578,0.009697000839822278,12271.046045180883
H4,27,2.0,D1,50,short,0.0,486,22.898800309597522,-0.4209699759790609,0.4553952106987855,0.7531174264280366,0.23868312757201646,-0.0011192782628955567,-0.3004754968667632,0.2589576368505131,0.8231371926613179,-0.2560731617926091,-0.01384108306614018,7439.268382073908
H4,27,2.0,D1,50,short,1.0,486,22.898800309597522,-0.4209699759790609,0.4553952106987855,0.7531174264280366,0.23868312757201646,-0.0011192782628955567,-0.3004754968667632,0.2589576368505131,0.8231371926613179,-0.2560731617926091,-0.01384108306614018,7439.268382073908
H4,27,2.0,D1,80,both,0.0,951,45.25179129755081,0.21906888676695802,0.23426875543871506,1.1177511711419363,0.26813880126182965,0.0005153617486324213,0.3647912936470971,0.14352273181768327,1.217960773596038,0.805118142618451,0.02850262411669613,18051.181426184507
H4,27,2.0,D1,80,both,1.0,951,45.25179129755081,0.21906888676695802,0.23426875543871506,1.1177511711419363,0.26813880126182965,0.0005153617486324213,0.3647912936470971,0.14352273181768327,1.217960773596038,0.805118142618451,0.02850262411669613,18051.181426184507
H4,27,2.0,D1,80,long,0.0,504,24.346779526517658,0.37415208107229003,0.15015579172583426,1.2992316928134977,0.26785714285714285,0.0012992651035923879,0.46637529240805237,0.12019013572333315,1.4205919515513366,0.9515955063423354,0.03282773140459505,19515.95506342339
H4,27,2.0,D1,80,long,1.0,504,24.346779526517658,0.37415208107229003,0.15015579172583426,1.2992316928134977,0.26785714285714285,0.0012992651035923879,0.46637529240805237,0.12019013572333315,1.4205919515513366,0.9515955063423354,0.03282773140459505,19515.95506342339
H4,27,2.0,D1,80,short,0.0,477,22.697270713913497,-0.10921148237047447,0.2649148542164177,0.926205557639598,0.2641509433962264,-0.0003258384853033578,0.045144351858551195,0.139781277844098,1.0327724649984706,0.02201099627400449,0.0010365340663915923,10220.109962740053
H4,27,2.0,D1,80,short,1.0,477,22.697270713913497,-0.10921148237047447,0.2649148542164177,0.926205557639598,0.2641509433962264,-0.0003258384853033578,0.045144351858551195,0.139781277844098,1.0327724649984706,0.02201099627400449,0.0010365340663915923,10220.109962740053
H4,27,2.0,D1,120,both,0.0,982,47.31866754617415,0.27504531729583054,0.2369066618387382,1.144951410547491,0.26272912423625255,0.000647084811556119,0.43795366560931,0.16865410884248355,1.251874384495842,1.0633181842305541,0.03551809466481881,20633.181842305516
H4,27,2.0,D1,120,both,1.0,982,47.31866754617415,0.27504531729583054,0.2369066618387382,1.144951410547491,0.26272912423625255,0.000647084811556119,0.43795366560931,0.16865410884248355,1.251874384495842,1.0633181842305541,0.03551809466481881,20633.181842305516
H4,27,2.0,D1,120,long,0.0,511,24.649068938193345,0.47892043208659296,0.1305806839458954,1.391790436393385,0.27984344422700586,0.001700987196169799,0.5614559861740163,0.12704485990372694,1.4975327735661397,1.1847493102414535,0.038416762913760616,21847.49310241458
H4,27,2.0,D1,120,long,1.0,511,24.649068938193345,0.47892043208659296,0.1305806839458954,1.391790436393385,0.27984344422700586,0.001700987196169799,0.5614559861740163,0.12704485990372694,1.4975327735661397,1.1847493102414535,0.038416762913760616,21847.49310241458
H4,27,2.0,D1,120,short,0.0,497,23.94844986807388,-0.16492874232005356,0.35701186754579206,0.8953841953079679,0.2454728370221328,-0.0004811096852027563,0.01629783660054023,0.2075109194827126,1.0115188574507352,-0.014170593387403563,-0.0006874722299765601,9858.29406612595
H4,27,2.0,D1,120,short,1.0,497,23.94844986807388,-0.16492874232005356,0.35701186754579206,0.8953841953079679,0.2454728370221328,-0.0004811096852027563,0.01629783660054023,0.2075109194827126,1.0115188574507352,-0.014170593387403563,-0.0006874722299765601,9858.29406612595
H4,27,2.0,W1,20,both,0.0,1041,49.963896189224705,0.21700624395330365,0.21086947505296183,1.110842243839977,0.25552353506243997,0.0005075553231868529,0.34591977192987766,0.1833206504785052,1.182137614174758,0.7943223802672477,0.02845719741570285,17943.223802672506
H4,27,2.0,W1,20,both,1.0,1041,49.963896189224705,0.21700624395330365,0.21086947505296183,1.110842243839977,0.25552353506243997,0.0005075553231868529,0.34591977192987766,0.1833206504785052,1.182137614174758,0.7943223802672477,0.02845719741570285,17943.223802672506
H4,27,2.0,W1,20,long,0.0,602,28.893626806833115,0.41385114698080466,0.18204764550951125,1.3135933935722492,0.2558139534883721,0.001432251065980405,0.47134919587173274,0.16543986417600864,1.3689661755782645,1.0429403214502635,0.03488251556714683,20429.403214502658
H4,27,2.0,W1,20,long,1.0,602,28.893626806833115,0.41385114698080466,0.18204764550951125,1.3135933935722492,0.2558139534883721,0.001432251065980405,0.47134919587173274,0.16543986417600864,1.3689661755782645,1.0429403214502635,0.03488251556714683,20429.403214502658
H4,27,2.0,W1,20,short,0.0,490,24.039288112827403,-0.2208088219126703,0.2958027762159139,0.8665772436041075,0.2510204081632653,-0.0006232794805000892,-0.09917535252530461,0.20714761991258857,0.9385945245828906,-0.12852802261242857,-0.006726504864606464,8714.719773875719
H4,27,2.0,W1,20,short,1.0,490,24.039288112827403,-0.2208088219126703,0.2958027762159139,0.8665772436041075,0.2510204081632653,-0.0006232794805000892,-0.09917535252530461,0.20714761991258857,0.9385945245828906,-0.12852802261242857,-0.006726504864606464,8714.719773875719
H4,27,2.0,W1,32,both,0.0,1031,50.59421604191858,0.23174596325442676,0.2962399772717582,1.1215235475859036,0.25121241513094084,0.0005542657479654897,0.3584459515606862,0.20179562593002398,1.200332260330862,0.8910423496925937,0.031759670374379434,18910.423496925887
H4,27,2.0,W1,32,both,1.0,1031,50.59421604191858,0.23174596325442676,0.2962399772717582,1.1215235475859036,0.25121241513094084,0.0005542657479654897,0.3584459515606862,0.20179562593002398,1.200332260330862,0.8910423496925937,0.031759670374379434,18910.423496925887
H4,27,2.0,W1,32,long,0.0,617,30.27801289802499,0.4038918195006656,0.2411748019883031,1.3048347029751204,0.24959481361426256,0.0014010412765608283,0.4575658482921023,0.169263614496173,1.356042242744984,1.044033976352544,0.03570618295200312,20440.339763525393
H4,27,2.0,W1,32,long,1.0,617,30.27801289802499,0.4038918195006656,0.2411748019883031,1.3048347029751204,0.24959481361426256,0.0014010412765608283,0.4575658482921023,0.169263614496173,1.356042242744984,1.044033976352544,0.03570618295200312,20440.339763525393
H4,27,2.0,W1,32,short,0.0,458,23.534679234665166,-0.13215215294456809,0.2480632594053952,0.9158622427014703,0.259825327510917,-0.00037202735490055283,0.00019825225373608477,0.16977337756522337,1.000139235271948,-0.02940827311248817,-0.0015326567004386726,9705.9172688751
H4,27,2.0,W1,32,short,1.0,458,23.534679234665166,-0.13215215294456809,0.2480632594053952,0.9158622427014703,0.259825327510917,-0.00037202735490055283,0.00019825225373608477,0.16977337756522337,1.000139235271948,-0.02940827311248817,-0.0015326567004386726,9705.9172688751
H4,27,2.0,W1,50,both,0.0,1008,51.19899874843555,0.4209485234667902,0.2184202205417869,1.2468884585033109,0.25892857142857145,0.001080287221569395,0.5221401752843338,0.15269436750097254,1.3646946296556903,1.8923898796512555,0.05542763237828208,28923.89879651251
H4,27,2.0,W1,50,both,1.0,1008,51.19899874843555,0.4209485234667902,0.2184202205417869,1.2468884585033109,0.25892857142857145,0.001080287221569395,0.5221401752843338,0.15269436750097254,1.3646946296556903,1.8923898796512555,0.05542763237828208,28923.89879651251
H4,27,2.0,W1,50,long,0.0,646,32.812056737588655,0.40989817502021164,0.22974240152178937,1.3141757112953814,0.2585139318885449,0.0013746997586168877,0.4895674133916907,0.16925218842673018,1.4500686082247283,1.5559163341752127,0.04881859017246537,25559.163341752177
H4,27,2.0,W1,50,long,1.0,646,32.812056737588655,0.40989817502021164,0.22974240152178937,1.3141757112953814,0.2585139318885449,0.0013746997586168877,0.4895674133916907,0.16925218842673018,1.4500686082247283,1.5559163341752127,0.04881859017246537,25559.163341752177
H4,27,2.0,W1,50,short,0.0,411,21.43926735218509,0.15000512034254437,0.2409156183705764,1.1203705111853557,0.27007299270072993,0.0005279089884631725,0.20258922663786347,0.15659599278070135,1.1635164836722602,0.21011802360845344,0.009998196155415418,12101.180236084525
H4,27,2.0,W1,50,short,1.0,411,21.43926735218509,0.15000512034254437,0.2409156183705764,1.1203705111853557,0.27007299270072993,0.0005279089884631725,0.20258922663786347,0.15659599278070135,1.1635164836722602,0.21011802360845344,0.009998196155415418,12101.180236084525
H4,27,2.0,W1,80,both,0.0,957,51.61610307147076,0.39730756446255094,0.24234826412044574,1.2298756248190497,0.25287356321839083,0.0009993682331164418,0.4755917170188905,0.15788174007503475,1.3107131453283005,1.5684861826320358,0.052194611803580315,25684.861826320284
H4,27,2.0,W1,80,both,1.0,957,51.61610307147076,0.39730756446255094,0.24234826412044574,1.2298756248190497,0.25287356321839083,0.0009993682331164418,0.4755917170188905,0.15788174007503475,1.3107131453283005,1.5684861826320358,0.052194611803580315,25684.861826320284
H4,27,2.0,W1,80,long,0.0,634,34.26583308671204,0.42368051538588175,0.21650013963232417,1.3293557800521347,0.24290220820189273,0.0013838633404788774,0.4638267819591233,0.1949259886097625,1.4079436938499168,1.2989058328863936,0.046017993630000475,22989.058328863925
H4,27,2.0,W1,80,long,1.0,634,34.26583308671204,0.42368051538588175,0.21650013963232417,1.3293557800521347,0.24290220820189273,0.0013838633404788774,0.4638267819591233,0.1949259886097625,1.4079436938499168,1.2989058328863936,0.046017993630000475,22989.058328863925
H4,27,2.0,W1,80,short,0.0,344,20.628139878509277,0.02990480732519245,0.2634520797980102,1.0221034304796899,0.2703488372093023,0.00010171235542717627,0.11377774405944684,0.11287744084245854,1.0826684236110748,0.07919110438417087,0.004580538163681425,10791.9110438417
H4,27,2.0,W1,80,short,1.0,344,20.628139878509277,0.02990480732519245,0.2634520797980102,1.0221034304796899,0.2703488372093023,0.00010171235542717627,0.11377774405944684,0.11287744084245854,1.0826684236110748,0.07919110438417087,0.004580538163681425,10791.9110438417
H4,27,2.0,W1,120,both,0.0,881,51.8673839458414,0.44983878340797173,0.18484404474930904,1.2651346381629556,0.25198637911464244,0.001107929372735164,0.5310267107197996,0.1797411357990496,1.3524949493402476,1.7145815322087197,0.06055580060217425,27145.81532208724
H4,27,2.0,W1,120,both,1.0,881,51.8673839458414,0.44983878340797173,0.18484404474930904,1.2651346381629556,0.25198637911464244,0.001107929372735164,0.5310267107197996,0.1797411357990496,1.3524949493402476,1.7145815322087197,0.06055580060217425,27145.81532208724
H4,27,2.0,W1,120,long,0.0,585,34.47978860739067,0.4480870332812495,0.2384051911586973,1.3427870827071842,0.2547008547008547,0.0014559486765161713,0.4968618557475841,0.21598392818307666,1.4299085892228374,1.3332335517511753,0.051204925174209714,23332.335517511776
H4,27,2.0,W1,120,long,1.0,585,34.47978860739067,0.4480870332812495,0.2384051911586973,1.3427870827071842,0.2547008547008547,0.0014559486765161713,0.4968618557475841,0.21598392818307666,1.4299085892228374,1.3332335517511753,0.051204925174209714,23332.335517511776
H4,27,2.0,W1,120,short,0.0,314,21.779054310672237,0.10324266626759065,0.1148889194855337,1.0787463499233592,0.24522292993630573,0.0003208811122498514,0.22988523156900673,0.11399471419444385,1.196026200214982,0.20247922160895726,0.01287111154723597,12024.792216089569
H4,27,2.0,W1,120,short,1.0,314,21.779054310672237,0.10324266626759065,0.1148889194855337,1.0787463499233592,0.24522292993630573,0.0003208811122498514,0.22988523156900673,0.11399471419444385,1.196026200214982,0.20247922160895726,0.01287111154723597,12024.792216089569
H4,27,1.0,none,0,both,0.0,1986,91.99575142675968,0.08111356960174679,0.4823495236906332,1.0325797150365068,0.23413897280966767,0.00011445827318302322,0.12916814680643912,0.5105475500504386,1.0516606032918923,0.19669139470999908,0.008352316115158187,11966.913947099936
H4,27,1.0,none,0,both,1.0,1986,91.99575142675968,0.08111356960174679,0.4823495236906332,1.0325797150365068,0.23413897280966767,0.00011445827318302322,0.12916814680643912,0.5105475500504386,1.0516606032918923,0.19669139470999908,0.008352316115158187,11966.913947099936
H4,27,1.0,none,0,long,0.0,1585,73.4298896499239,0.40247179318547094,0.38690690052660315,1.2148274103082737,0.1974763406940063,0.0007752796386282818,0.41066893874299454,0.3776011302186175,1.2198098541532043,1.7373365523202269,0.04775693328957886,27373.36552320214
H4,27,1.0,none,0,long,1.0,1585,73.4298896499239,0.40247179318547094,0.38690690052660315,1.2148274103082737,0.1974763406940063,0.0007752796386282818,0.41066893874299454,0.3776011302186175,1.2198098541532043,1.7373365523202269,0.04775693328957886,27373.36552320214
H4,27,1.0,none,0,short,0.0,1586,73.46689917564997,-0.19993220956295454,0.49849433964264267,0.925349247945754,0.25346784363177804,-0.00023574514865597575,-0.11720615075299315,0.504535779177606,0.9548609902897031,-0.29783042245591507,-0.01624519483938769,7021.695775440873
H4,27,1.0,none,0,short,1.0,1586,73.46689917564997,-0.19993220956295454,0.49849433964264267,0.925349247945754,0.25346784363177804,-0.00023574514865597575,-0.11720615075299315,0.504535779177606,0.9548609902897031,-0.29783042245591507,-0.01624519483938769,7021.695775440873
H4,27,1.0,D1,20,both,0.0,1297,60.57144227080936,0.153942695918261,0.391314501958256,1.0811188285051627,0.2305319969159599,0.00026723230296410287,0.14049795557711692,0.3784204264266615,1.072550071555094,0.2210258451781446,0.009369445057930026,12210.258451781474
H4,27,1.0,D1,20,both,1.0,1297,60.57144227080936,0.153942695918261,0.391314501958256,1.0811188285051627,0.2305319969159599,0.00026723230296410287,0.14049795557711692,0.3784204264266615,1.072550071555094,0.2210258451781446,0.009369445057930026,12210.258451781474
H4,27,1.0,D1,20,long,0.0,476,22.243986693961105,0.19178237823227706,0.2888871156082792,1.1961757822167918,0.19747899159663865,0.0007100339849699158,0.17906764563432045,0.31084385838670847,1.1758610387474966,0.3027827425176788,0.012437192140634101,13027.82742517682
H4,27,1.0,D1,20,long,1.0,476,22.243986693961105,0.19178237823227706,0.2888871156082792,1.1961757822167918,0.19747899159663865,0.0007100339849699158,0.17906764563432045,0.31084385838670847,1.1758610387474966,0.3027827425176788,0.012437192140634101,13027.82742517682
H4,27,1.0,D1,20,short,0.0,918,42.987115384615386,0.000980464550052449,0.3865915096594177,1.0005288094231237,0.24509803921568626,1.6553748629333667e-06,0.007358132547079553,0.3996792306151732,1.0039937205615415,-0.04313837846892132,-0.002062772690661685,9568.616215310807
H4,27,1.0,D1,20,short,1.0,918,42.987115384615386,0.000980464550052449,0.3865915096594177,1.0005288094231237,0.24509803921568626,1.6553748629333667e-06,0.007358132547079553,0.3996792306151732,1.0039937205615415,-0.04313837846892132,-0.002062772690661685,9568.616215310807
H4,27,1.0,D1,32,both,0.0,1355,63.50747465674323,0.18455100781497605,0.3379762045548952,1.0889386168962085,0.24575645756457565,0.00028566161564460164,0.20799794610376485,0.3299562573921082,1.1063775669853015,0.40365998533579117,0.016019437885782306,14036.59985335793
H4,27,1.0,D1,32,both,1.0,1355,63.50747465674323,0.18455100781497605,0.3379762045548952,1.0889386168962085,0.24575645756457565,0.00028566161564460164,0.20799794610376485,0.3299562573921082,1.1063775669853015,0.40365998533579117,0.016019437885782306,14036.59985335793
H4,27,1.0,D1,32,long,0.0,568,26.69695019945953,0.26022043855428284,0.15517728749367732,1.2148694298183695,0.22359154929577466,0.0007416240036392606,0.2668317175997715,0.19548043513636204,1.2318704340764606,0.5352038796406466,0.020352225870407192,15352.038796406443
H4,27,1.0,D1,32,long,1.0,568,26.69695019945953,0.26022043855428284,0.15517728749367732,1.2148694298183695,0.22359154929577466,0.0007416240036392606,0.2668317175997715,0.19548043513636204,1.2318704340764606,0.5352038796406466,0.020352225870407192,15352.038796406443
H4,27,1.0,D1,32,short,0.0,857,40.1667201334531,0.027381332003052344,0.3839111624449696,1.015480719743987,0.25670945157526254,4.722249341709819e-05,0.04189715064895209,0.37373382925989496,1.0238995995187437,0.013770913714011401,0.0006412305592775613,10137.709137140106
H4,27,1.0,D1,32,short,1.0,857,40.1667201334531,0.027381332003052344,0.3839111624449696,1.015480719743987,0.25670945157526254,4.722249341709819e-05,0.04189715064895209,0.37373382925989496,1.0238995995187437,0.013770913714011401,0.0006412305592775613,10137.709137140106
H4,27,1.0,D1,50,both,0.0,1383,65.154230620405,-0.017855082815539148,0.4862449371755998,0.9914030543563838,0.2292118582791034,-2.834503903957855e-05,0.08027766888748535,0.5099540300932812,1.0424891932514668,0.05520515341111709,0.002534715302043189,10552.051534111175
H4,27,1.0,D1,50,both,1.0,1383,65.154230620405,-0.017855082815539148,0.4862449371755998,0.9914030543563838,0.2292118582791034,-2.834503903957855e-05,0.08027766888748535,0.5099540300932812,1.0424891932514668,0.05520515341111709,0.002534715302043189,10552.051534111175
H4,27,1.0,D1,50,long,0.0,619,29.180401393908106,0.07419549958844295,0.2773534669150767,1.0610397082503338,0.1987075928917609,0.0002131962324796591,0.16384751226820102,0.3631788444986619,1.1481195084956166,0.3149214459734395,0.012989816341891558,13149.214459734385
H4,27,1.0,D1,50,long,1.0,619,29.180401393908106,0.07419549958844295,0.2773534669150767,1.0610397082503338,0.1987075928917609,0.0002131962324796591,0.16384751226820102,0.3631788444986619,1.1481195084956166,0.3149214459734395,0.012989816341891558,13149.214459734385
H4,27,1.0,D1,50,short,0.0,813,38.60481669266771,-0.07756517149900126,0.41473063643203834,0.956630422641111,0.2521525215252153,-0.00013511928156468553,-0.04248433044292294,0.4267882145758194,0.9755619923371522,-0.10724861244242445,-0.00537248552181846,8927.513875575762
H4,27,1.0,D1,50,short,1.0,813,38.60481669266771,-0.07756517149900126,0.41473063643203834,0.956630422641111,0.2521525215252153,-0.00013511928156468553,-0.04248433044292294,0.4267882145758194,0.9755619923371522,-0.10724861244242445,-0.00537248552181846,8927.513875575762
H4,27,1.0,D1,80,both,0.0,1408,66.99739447628974,0.024201398120794474,0.3100655465597014,1.0111850122685762,0.2265625,3.756897286026056e-05,0.09840884941284005,0.27430935244641996,1.0487549137759475,0.11082924009903827,0.005013864002796131,11108.292400990409
H4,27,1.0,D1,80,both,1.0,1408,66.99739447628974,0.024201398120794474,0.3100655465597014,1.0111850122685762,0.2265625,3.756897286026056e-05,0.09840884941284005,0.27430935244641996,1.0487549137759475,0.11082924009903827,0.005013864002796131,11108.292400990409
H4,27,1.0,D1,80,long,0.0,631,30.293473974763405,0.15908781317866905,0.2243052401703669,1.1175369523217418,0.2076069730586371,0.00043666198278023114,0.24664832844062304,0.23297506983091454,1.1963617795954355,0.5309333390192037,0.02065626566722356,15309.333390192032
H4,27,1.0,D1,80,long,1.0,631,30.293473974763405,0.15908781317866905,0.2243052401703669,1.1175369523217418,0.2076069730586371,0.00043666198278023114,0.24664832844062304,0.23297506983091454,1.1963617795954355,0.5309333390192037,0.02065626566722356,15309.333390192032
H4,27,1.0,D1,80,short,0.0,814,38.732868681605005,-0.09039308951041036,0.3935702794606345,0.9495480653544415,0.24447174447174447,-0.0001550358368918973,-0.07805832061646525,0.41549519394431733,0.9562036630336977,-0.15406974907377735,-0.007929963586811417,8459.302509262217
H4,27,1.0,D1,80,short,1.0,814,38.732868681605005,-0.09039308951041036,0.3935702794606345,0.9495480653544415,0.24447174447174447,-0.0001550358368918973,-0.07805832061646525,0.41549519394431733,0.9562036630336977,-0.15406974907377735,-0.007929963586811417,8459.302509262217
H4,27,1.0,D1,120,both,0.0,1433,69.05056068601583,0.2150912918754979,0.22095473259584097,1.1019927374733762,0.23866015352407538,0.00034090650917473035,0.3106752072941592,0.21360084004280355,1.1547839418178922,0.7595266526526694,0.027601307780343864,17595.266526526717
H4,27,1.0,D1,120,both,1.0,1433,69.05056068601583,0.2150912918754979,0.22095473259584097,1.1019927374733762,0.23866015352407538,0.00034090650917473035,0.3106752072941592,0.21360084004280355,1.1547839418178922,0.7595266526526694,0.027601307780343864,17595.266526526717
H4,27,1.0,D1,120,long,0.0,676,32.603855803512474,0.25789128106976966,0.17562507758271828,1.1846722040772082,0.21153846153846154,0.0006916194445681154,0.340952947024121,0.19346372032778836,1.262287222106025,0.8305148814657721,0.029589380535494092,18305.148814657696
H4,27,1.0,D1,120,long,1.0,676,32.603855803512474,0.25789128106976966,0.17562507758271828,1.1846722040772082,0.21153846153846154,0.0006916194445681154,0.340952947024121,0.19346372032778836,1.262287222106025,0.8305148814657721,0.029589380535494092,18305.148814657696
H4,27,1.0,D1,120,short,0.0,779,37.536906332453825,-0.03177302653290355,0.3439924884320146,0.9814452578471012,0.2605905006418485,-5.609630989819061e-05,0.01764650883597808,0.35797934032809875,1.0104088372235973,-0.021213407493099745,-0.0010326539100874443,9787.865925068987
H4,27,1.0,D1,120,short,1.0,779,37.536906332453825,-0.03177302653290355,0.3439924884320146,0.9814452578471012,0.2605905006418485,-5.609630989819061e-05,0.01764650883597808,0.35797934032809875,1.0104088372235973,-0.021213407493099745,-0.0010326539100874443,9787.865925068987
H4,27,1.0,W1,20,both,0.0,1491,71.5433197582764,0.20501227008582526,0.32884180198902624,1.0975904679997865,0.22401073105298458,0.0003363997582072194,0.24314940385859832,0.36580385994888664,1.1227729527196204,0.6290277746260262,0.023691410967360493,16290.277746260228
H4,27,1.0,W1,20,both,1.0,1491,71.5433197582764,0.20501227008582526,0.32884180198902624,1.0975904679997865,0.22401073105298458,0.0003363997582072194,0.24314940385859832,0.36580385994888664,1.1227729527196204,0.6290277746260262,0.023691410967360493,16290.277746260228
H4,27,1.0,W1,20,long,0.0,844,40.498029427220175,0.3124295762076467,0.25626153208493263,1.2173715171191448,0.19075829383886256,0.0008256221679328324,0.3245720659207869,0.2876112107279757,1.233589390641211,0.9029638052650069,0.03135467133430958,19029.638052650054
H4,27,1.0,W1,20,long,1.0,844,40.498029427220175,0.3124295762076467,0.25626153208493263,1.2173715171191448,0.19075829383886256,0.0008256221679328324,0.3245720659207869,0.2876112107279757,1.233589390641211,0.9029638052650069,0.03135467133430958,19029.638052650054
H4,27,1.0,W1,20,short,0.0,698,34.24372061786434,-0.010240970056773612,0.24245514971465465,0.9938211333221025,0.2679083094555874,-1.8618775487276286e-05,0.06432167240863151,0.2729247467987026,1.0416136285225066,0.04536808947020332,0.0021791068662850854,10453.68089470204
H4,27,1.0,W1,20,short,1.0,698,34.24372061786434,-0.010240970056773612,0.24245514971465465,0.9938211333221025,0.2679083094555874,-1.8618775487276286e-05,0.06432167240863151,0.2729247467987026,1.0416136285225066,0.04536808947020332,0.0021791068662850854,10453.68089470204
H4,27,1.0,W1,32,both,0.0,1459,71.72271197846568,0.15974486497055992,0.38357970869712565,1.0748365639401594,0.22549691569568198,0.00026082295258890507,0.2707408821420761,0.3923119206625948,1.1378021088518095,0.8324137370954174,0.030219878835318292,18324.137370954155
H4,27,1.0,W1,32,both,1.0,1459,71.72271197846568,0.15974486497055992,0.38357970869712565,1.0748365639401594,0.22549691569568198,0.00026082295258890507,0.2707408821420761,0.3923119206625948,1.1378021088518095,0.8324137370954174,0.030219878835318292,18324.137370954155
H4,27,1.0,W1,32,long,0.0,871,42.81732839838493,0.22119483277845506,0.285577128826903,1.1431130669859415,0.19517795637198623,0.0005495939576558799,0.29467590555702655,0.33857128773229184,1.201645832586223,0.8673575330892127,0.031177009246908582,18673.575330892112
H4,27,1.0,W1,32,long,1.0,871,42.81732839838493,0.22119483277845506,0.285577128826903,1.1431130669859415,0.19517795637198623,0.0005495939576558799,0.29467590555702655,0.33857128773229184,1.201645832586223,0.8673575330892127,0.031177009246908582,18673.575330892112
H4,27,1.0,W1,32,short,0.0,632,32.47580191333709,0.04275844961067829,0.24106592005139116,1.0269201950525548,0.2689873417721519,7.972414194348451e-05,0.09082031002247397,0.22941119479073357,1.0618898413921765,0.08273708957669523,0.004093120173502829,10827.37089576697
H4,27,1.0,W1,32,short,1.0,632,32.47580191333709,0.04275844961067829,0.24106592005139116,1.0269201950525548,0.2689873417721519,7.972414194348451e-05,0.09082031002247397,0.22941119479073357,1.0618898413921765,0.08273708957669523,0.004093120173502829,10827.37089576697
H4,27,1.0,W1,50,both,0.0,1442,73.23282814238041,0.22900922515197222,0.3733375047926609,1.1053831841467203,0.22260748959778087,0.0003647098043984825,0.36561189564446966,0.3592322859145495,1.1822803159138882,1.2604910116136403,0.04228958755617884,22604.910116136376
H4,27,1.0,W1,50,both,1.0,1442,73.23282814238041,0.22900922515197222,0.3733375047926609,1.1053831841467203,0.22260748959778087,0.0003647098043984825,0.36561189564446966,0.3592322859145495,1.1822803159138882,1.2604910116136403,0.04228958755617884,22604.910116136376
H4,27,1.0,W1,50,long,0.0,906,46.01174916573971,0.2783501756462478,0.2830222615627559,1.1726497473708446,0.2041942604856512,0.0006249612108950686,0.3586376767506516,0.3143918271380034,1.2391994922438305,1.166639997207139,0.04004739422053505,21666.39997207127
H4,27,1.0,W1,50,long,1.0,906,46.01174916573971,0.2783501756462478,0.2830222615627559,1.1726497473708446,0.2041942604856512,0.0006249612108950686,0.3586376767506516,0.3143918271380034,1.2391994922438305,1.166639997207139,0.04004739422053505,21666.39997207127
H4,27,1.0,W1,50,short,0.0,580,30.30253182663424,0.050657115039006634,0.18556758378913107,1.0326502644899922,0.25689655172413794,0.000103161767221344,0.167991471562554,0.1692536462730594,1.1216219484700407,0.20216150208669048,0.009665965135665644,12021.615020866908
H4,27,1.0,W1,50,short,1.0,580,30.30253182663424,0.050657115039006634,0.18556758378913107,1.0326502644899922,0.25689655172413794,0.000103161767221344,0.167991471562554,0.1692536462730594,1.1216219484700407,0.20216150208669048,0.009665965135665644,12021.615020866908
H4,27,1.0,W1,80,both,0.0,1371,74.04373059293214,0.20992694660910405,0.3665893811765949,1.0979719245972597,0.21517140773158278,0.0003314896273297424,0.3208053599321824,0.37607649148615496,1.163627039241929,1.0507309115504921,0.03954975968475227,20507.30911550502
H4,27,1.0,W1,80,both,1.0,1371,74.04373059293214,0.20992694660910405,0.3665893811765949,1.0979719245972597,0.21517140773158278,0.0003314896273297424,0.3208053599321824,0.37607649148615496,1.163627039241929,1.0507309115504921,0.03954975968475227,20507.30911550502
H4,27,1.0,W1,80,long,0.0,881,47.58025284636996,0.2691719978991056,0.29006249904861836,1.170553662803561,0.1872871736662883,0.000596547470213887,0.33270192710303004,0.37224426000165867,1.2272694432887348,1.0564852768926412,0.03970708881059437,20564.85276892638
H4,27,1.0,W1,80,long,1.0,881,47.58025284636996,0.2691719978991056,0.29006249904861836,1.170553662803561,0.1872871736662883,0.000596547470213887,0.33270192710303004,0.37224426000165867,1.2272694432887348,1.0564852768926412,0.03970708881059437,20564.85276892638
H4,27,1.0,W1,80,short,0.0,515,32.521395228215766,0.15417731214070504,0.21529253668770199,1.1051304879854007,0.26990291262135924,0.0003307803534203877,0.2553706360012687,0.1805755284536048,1.1885011107945165,0.28817754864868816,0.016119496965810054,12881.775486486888
H4,27,1.0,W1,80,short,1.0,515,32.521395228215766,0.15417731214070504,0.21529253668770199,1.1051304879854007,0.26990291262135924,0.0003307803534203877,0.2553706360012687,0.1805755284536048,1.1885011107945165,0.28817754864868816,0.016119496965810054,12881.775486486888
H4,27,1.0,W1,120,both,0.0,1267,74.67673874455382,0.24912532017822855,0.3884417018307105,1.1189050652879742,0.20757695343330704,0.0003834565338929547,0.3784425079024743,0.395171337707551,1.1972609716068214,1.2664656226233117,0.04940761282405526,22664.656226233124
H4,27,1.0,W1,120,both,1.0,1267,74.67673874455382,0.24912532017822855,0.3884417018307105,1.1189050652879742,0.20757695343330704,0.0003834565338929547,0.3784425079024743,0.395171337707551,1.1972609716068214,1.2664656226233117,0.04940761282405526,22664.656226233124
H4,27,1.0,W1,120,long,0.0,838,49.391560432467315,0.2283339042602719,0.3524270140731992,1.1357292893417896,0.18854415274463007,0.00046525977378231615,0.3399748785245507,0.454848293269707,1.225669169691229,1.1000494996769166,0.0447013291008902,21000.49499676909
H4,27,1.0,W1,120,long,1.0,838,49.391560432467315,0.2283339042602719,0.3524270140731992,1.1357292893417896,0.18854415274463007,0.00046525977378231615,0.3399748785245507,0.454848293269707,1.225669169691229,1.1000494996769166,0.0447013291008902,21000.49499676909
H4,27,1.0,W1,120,short,0.0,443,31.152435502502886,0.11649950857235267,0.21760644567358434,1.0813388953560417,0.24604966139954854,0.0002286793226752641,0.20254725010590285,0.20367014797225003,1.1574546907161913,0.1986972064973893,0.012826303415054863,11986.97206497386
H4,27,1.0,W1,120,short,1.0,443,31.152435502502886,0.11649950857235267,0.21760644567358434,1.0813388953560417,0.24604966139954854,0.0002286793226752641,0.20254725010590285,0.20367014797225003,1.1574546907161913,0.1986972064973893,0.012826303415054863,11986.97206497386
H4,27,1.5,none,0,both,0.0,1597,73.97644261255549,0.3437868146301759,0.3385410336111456,1.1614624018643906,0.2686286787726988,0.000626994962366747,0.43720153351098284,0.21105516388598378,1.2499436794805563,1.9319904314146843,0.05109014604690709,29319.904314146966
H4,27,1.5,none,0,both,1.0,1597,73.97644261255549,0.3437868146301759,0.3385410336111456,1.1614624018643906,0.2686286787726988,0.000626994962366747,0.43720153351098284,0.21105516388598378,1.2499436794805563,1.9319904314146843,0.05109014604690709,29319.904314146966
H4,27,1.5,none,0,long,0.0,1422,65.88678168210072,0.6652259290030591,0.24740563505211743,1.3805243318896985,0.2587904360056259,0.0014296051246227173,0.675602758391405,0.1698090600885197,1.4205731656794236,3.231620519169547,0.06912500932888244,42316.20519169553
H4,27,1.5,none,0,long,1.0,1422,65.88678168210072,0.6652259290030591,0.24740563505211743,1.3805243318896985,0.2587904360056259,0.0014296051246227173,0.675602758391405,0.1698090600885197,1.4205731656794236,3.231620519169547,0.06912500932888244,42316.20519169553
H4,27,1.5,none,0,short,0.0,1423,65.91639188332277,-0.2154143208946097,0.4256275783817526,0.917318099414867,0.2607167955024596,-0.00030713781335059014,-0.05843839958088993,0.345017408953343,0.9761289241795991,-0.1864245410419314,-0.00951150119344657,8135.754589580645
H4,27,1.5,none,0,short,1.0,1423,65.91639188332277,-0.2154143208946097,0.4256275783817526,0.917318099414867,0.2607167955024596,-0.00030713781335059014,-0.05843839958088993,0.345017408953343,0.9761289241795991,-0.1864245410419314,-0.00951150119344657,8135.754589580645
H4,27,1.5,D1,20,both,0.0,1078,50.38898131558741,0.28340809172118886,0.19276927696431523,1.1481972149970565,0.2680890538033395,0.0005246810505440972,0.36416686538518794,0.16525630375607447,1.2050131861778044,0.7574116605239063,0.02670606706597889,17574.116605239087
H4,27,1.5,D1,20,both,1.0,1078,50.38898131558741,0.28340809172118886,0.19276927696431523,1.1481972149970565,0.2680890538033395,0.0005246810505440972,0.36416686538518794,0.16525630375607447,1.2050131861778044,0.7574116605239063,0.02670606706597889,17574.116605239087
H4,27,1.5,D1,20,long,0.0,467,21.84296965040338,0.5148641859528035,0.15092280749526588,1.4957867423868965,0.2890792291220557,0.001734780756031867,0.5362848737971792,0.08734982837716587,1.5565567263250253,1.0195690549190686,0.03342235404829341,20195.690549190647
H4,27,1.5,D1,20,long,1.0,467,21.84296965040338,0.5148641859528035,0.15092280749526588,1.4957867423868965,0.2890792291220557,0.001734780756031867,0.5362848737971792,0.08734982837716587,1.5565567263250253,1.0195690549190686,0.03342235404829341,20195.690549190647
H4,27,1.5,D1,20,short,0.0,727,34.04317307692308,-0.19531833804619667,0.2955304332661748,0.89940239270339,0.2530949105914718,-0.0003560237009853167,-0.09194717287643205,0.269992717722898,0.9505083020140842,-0.14611617180201497,-0.007369497814323833,8538.838281979832
H4,27,1.5,D1,20,short,1.0,727,34.04317307692308,-0.19531833804619667,0.2955304332661748,0.89940239270339,0.2530949105914718,-0.0003560237009853167,-0.09194717287643205,0.269992717722898,0.9505083020140842,-0.14611617180201497,-0.007369497814323833,8538.838281979832
H4,27,1.5,D1,32,both,0.0,1160,54.368022584370586,0.3869105899713098,0.21190107785038814,1.206458330364211,0.27844827586206894,0.000716060995561174,0.41957608030725885,0.17278117735913234,1.2309998364152779,0.8709184953325881,0.02979537153593781,18709.184953325916
H4,27,1.5,D1,32,both,1.0,1160,54.368022584370586,0.3869105899713098,0.21190107785038814,1.206458330364211,0.27844827586206894,0.000716060995561174,0.41957608030725885,0.17278117735913234,1.2309998364152779,0.8709184953325881,0.02979537153593781,18709.184953325916
H4,27,1.5,D1,32,long,0.0,539,25.38289711191336,0.5603395010655935,0.19134496426542813,1.4996739049190664,0.300556586270872,0.0017601305240221407,0.554102614049148,0.10193439817841055,1.4872536639128677,1.011527193607209,0.033460343107259094,20115.27193607209
H4,27,1.5,D1,32,long,1.0,539,25.38289711191336,0.5603395010655935,0.19134496426542813,1.4996739049190664,0.300556586270872,0.0017601305240221407,0.554102614049148,0.10193439817841055,1.4872536639128677,1.011527193607209,0.033460343107259094,20115.27193607209
H4,27,1.5,D1,32,short,0.0,696,32.62081355062235,-0.034673562907788606,0.2431711020954892,0.9796313941517641,0.2600574712643678,-7.004225602547924e-05,0.11920682071371794,0.18518639289868521,1.0792717401544019,0.13197095833428008,0.0058268047475491525,11319.709583342794
H4,27,1.5,D1,32,short,1.0,696,32.62081355062235,-0.034673562907788606,0.2431711020954892,0.9796313941517641,0.2600574712643678,-7.004225602547924e-05,0.11920682071371794,0.18518639289868521,1.0792717401544019,0.13197095833428008,0.0058268047475491525,11319.709583342794
H4,27,1.5,D1,50,both,0.0,1193,56.20317941442023,0.16839128788209878,0.3209996651313163,1.082252557344225,0.24979044425817268,0.00029724744224292386,0.23708180485059865,0.2847475548805818,1.1261367069876373,0.45943701151371896,0.01796982051078566,14594.370115137162
H4,27,1.5,D1,50,both,1.0,1193,56.20317941442023,0.16839128788209878,0.3209996651313163,1.082252557344225,0.24979044425817268,0.00029724744224292386,0.23708180485059865,0.2847475548805818,1.1261367069876373,0.45943701151371896,0.01796982051078566,14594.370115137162
H4,27,1.5,D1,50,long,0.0,577,27.203982186652897,0.31920043990802505,0.2881806250387834,1.253579149852275,0.24956672443674177,0.0009068424477151885,0.31658487411062836,0.28142622452215926,1.2780894982261624,0.5902257209598767,0.022111403788370287,15902.257209598765
H4,27,1.5,D1,50,long,1.0,577,27.203982186652897,0.31920043990802505,0.2881806250387834,1.253579149852275,0.24956672443674177,0.0009068424477151885,0.31658487411062836,0.28142622452215926,1.2780894982261624,0.5902257209598767,0.022111403788370287,15902.257209598765
H4,27,1.5,D1,50,short,0.0,668,31.72370302951502,-0.1460704121020254,0.2905341365264087,0.9179623441678745,0.24550898203592814,-0.0002960966131309782,-0.0017073901575454038,0.25340902103928964,0.9989932576108069,-0.038022019953261044,-0.001839217773385582,9619.779800467411
H4,27,1.5,D1,50,short,1.0,668,31.72370302951502,-0.1460704121020254,0.2905341365264087,0.9179623441678745,0.24550898203592814,-0.0002960966131309782,-0.0017073901575454038,0.25340902103928964,0.9989932576108069,-0.038022019953261044,-0.001839217773385582,9619.779800467411
H4,27,1.5,D1,80,both,0.0,1222,58.146886399166235,0.20177101937421718,0.20176652529040517,1.1003578788845345,0.26268412438625205,0.00036879845737569503,0.32023811293894455,0.18953566190008808,1.1744660522412755,0.7395974196092299,0.026694803016357627,17395.97419609237
H4,27,1.5,D1,80,both,1.0,1222,58.146886399166235,0.20177101937421718,0.20176652529040517,1.1003578788845345,0.26268412438625205,0.00036879845737569503,0.32023811293894455,0.18953566190008808,1.1744660522412755,0.7395974196092299,0.026694803016357627,17395.97419609237
H4,27,1.5,D1,80,long,0.0,606,29.093257097791795,0.44495075300431397,0.18015702094581776,1.3595680761802118,0.2706270627062706,0.0013416606444166764,0.5365724634921182,0.10470773279387857,1.472500055293883,1.2977528662009945,0.040748260128426805,22977.528662009932
H4,27,1.5,D1,80,long,1.0,606,29.093257097791795,0.44495075300431397,0.18015702094581776,1.3595680761802118,0.2706270627062706,0.0013416606444166764,0.5365724634921182,0.10470773279387857,1.472500055293883,1.2977528662009945,0.040748260128426805,22977.528662009932
H4,27,1.5,D1,80,short,0.0,656,31.2146951537259,-0.1364010924331084,0.28831740648940407,0.9200765427468456,0.25609756097560976,-0.0002897882640488179,0.01760884025737546,0.24633203669881565,1.0116143656759433,-0.01956536955879118,-0.000939772599962363,9804.346304412067
H4,27,1.5,D1,80,short,1.0,656,31.2146951537259,-0.1364010924331084,0.28831740648940407,0.9200765427468456,0.25609756097560976,-0.0002897882640488179,0.01760884025737546,0.24633203669881565,1.0116143656759433,-0.01956536955879118,-0.000939772599962363,9804.346304412067
H4,27,1.5,D1,120,both,0.0,1257,60.56982189973615,0.3926257968918496,0.15706200720789343,1.1982888506824227,0.26650755767700873,0.0007358961923387942,0.543654447520014,0.12496376949813492,1.2977003119858794,1.5078882465056944,0.04530028856499824,25078.88246505699
H4,27,1.5,D1,120,both,1.0,1257,60.56982189973615,0.3926257968918496,0.15706200720789343,1.1982888506824227,0.26650755767700873,0.0007358961923387942,0.543654447520014,0.12496376949813492,1.2977003119858794,1.5078882465056944,0.04530028856499824,25078.88246505699
H4,27,1.5,D1,120,long,0.0,621,29.95117522778291,0.5093381839019221,0.12317530768469453,1.3979002050772602,0.2721417069243156,0.001521294219432909,0.6109987521071695,0.09913841116011957,1.5161273628219964,1.5351456880154934,0.045888253784927224,25351.456880154936
H4,27,1.5,D1,120,long,1.0,621,29.95117522778291,0.5093381839019221,0.12317530768469453,1.3979002050772602,0.2721417069243156,0.001521294219432909,0.6109987521071695,0.09913841116011957,1.5161273628219964,1.5351456880154934,0.045888253784927224,25351.456880154936
H4,27,1.5,D1,120,short,0.0,660,31.802770448548813,-0.02188811679472037,0.24159713111282421,0.9865782207406989,0.2606060606060606,-4.877536137970585e-05,0.14481378449537413,0.21724289159317056,1.1000928764661035,0.17639801130255206,0.007858887211670273,11763.9801130255
H4,27,1.5,D1,120,short,1.0,660,31.802770448548813,-0.02188811679472037,0.24159713111282421,0.9865782207406989,0.2606060606060606,-4.877536137970585e-05,0.14481378449537413,0.21724289159317056,1.1000928764661035,0.17639801130255206,0.007858887211670273,11763.9801130255
H4,27,1.5,W1,20,both,0.0,1319,63.290166841828686,0.31276236598605167,0.24275271595015513,1.1558501665354255,0.2517058377558757,0.0005921715049008138,0.4253960933709464,0.19328963907933994,1.219698355396171,1.1994365319818248,0.03854491256036008,21994.365319818222
H4,27,1.5,W1,20,both,1.0,1319,63.290166841828686,0.31276236598605167,0.24275271595015513,1.1558501665354255,0.2517058377558757,0.0005921715049008138,0.4253960933709464,0.19328963907933994,1.219698355396171,1.1994365319818248,0.03854491256036008,21994.365319818222
H4,27,1.5,W1,20,long,0.0,750,35.98758539148712,0.5402790108770452,0.16362618473494706,1.411356196960548,0.25333333333333335,0.001610146517734928,0.5795177369225317,0.15688331271873268,1.4451708757699897,1.6101642900961362,0.047112054975266826,26101.642900961306
H4,27,1.5,W1,20,long,1.0,750,35.98758539148712,0.5402790108770452,0.16362618473494706,1.411356196960548,0.25333333333333335,0.001610146517734928,0.5795177369225317,0.15688331271873268,1.4451708757699897,1.6101642900961362,0.047112054975266826,26101.642900961306
H4,27,1.5,W1,20,short,0.0,625,30.65412246542232,-0.26234522320447595,0.3084658892418831,0.8579572991078923,0.256,-0.0005247007498593167,-0.06672271617816009,0.23321739282806997,0.9611588036500751,-0.11806371474747523,-0.006143045728413732,8819.362852525222
H4,27,1.5,W1,20,short,1.0,625,30.65412246542232,-0.26234522320447595,0.3084658892418831,0.8579572991078923,0.256,-0.0005247007498593167,-0.06672271617816009,0.23321739282806997,0.9611588036500751,-0.11806371474747523,-0.006143045728413732,8819.362852525222
H4,27,1.5,W1,32,both,0.0,1292,63.40225715437323,0.33606175625656987,0.2533389133421575,1.1718170072581333,0.25077399380804954,0.000652913539402646,0.4346328380752168,0.21763466964878997,1.2329287105159494,1.3269768146681424,0.04231639705712942,23269.768146681454
H4,27,1.5,W1,32,both,1.0,1292,63.40225715437323,0.33606175625656987,0.2533389133421575,1.1718170072581333,0.25077399380804954,0.000652913539402646,0.4346328380752168,0.21763466964878997,1.2329287105159494,1.3269768146681424,0.04231639705712942,23269.768146681454
H4,27,1.5,W1,32,long,0.0,767,37.638956066102374,0.44153180239579676,0.2869151065415865,1.3191236452569388,0.24771838331160365,0.0012614065823637255,0.4677580258163059,0.2453140209055955,1.3386191645763357,1.2549941849202675,0.04071038767220059,22549.941849202605
H4,27,1.5,W1,32,long,1.0,767,37.638956066102374,0.44153180239579676,0.2869151065415865,1.3191236452569388,0.24771838331160365,0.0012614065823637255,0.4677580258163059,0.2453140209055955,1.3386191645763357,1.2549941849202675,0.04071038767220059,22549.941849202605
H4,27,1.5,W1,32,short,0.0,570,29.2898846370287,-0.0564063515990883,0.2077237188483262,0.964672124107533,0.2578947368421053,-0.00012668053967349987,0.04411111449269189,0.20379951745123903,1.0299383900882084,0.015051373766225451,0.0007679582362407622,10150.513737662253
H4,27,1.5,W1,32,short,1.0,570,29.2898846370287,-0.0564063515990883,0.2077237188483262,0.964672124107533,0.2578947368421053,-0.00012668053967349987,0.04411111449269189,0.20379951745123903,1.0299383900882084,0.015051373766225451,0.0007679582362407622,10150.513737662253
H4,27,1.5,W1,50,both,0.0,1269,64.44692018909899,0.5219146492521153,0.24024693280071385,1.2897301086753832,0.26556343577620173,0.0010572599415077553,0.6423638450691541,0.16513814017977113,1.4171911342191832,2.8787838386819424,0.07126583672257158,38787.83838681952
H4,27,1.5,W1,50,both,1.0,1269,64.44692018909899,0.5219146492521153,0.24024693280071385,1.2897301086753832,0.26556343577620173,0.0010572599415077553,0.6423638450691541,0.16513814017977113,1.4171911342191832,2.8787838386819424,0.07126583672257158,38787.83838681952
H4,27,1.5,W1,50,long,0.0,805,40.88240406006674,0.537978524051915,0.2419461046434367,1.4072300943352265,0.26335403726708073,0.0014934681590011416,0.5926579756162359,0.16180919786899528,1.5276964856297415,2.4504685579234957,0.06491871170204222,34504.68557923491
H4,27,1.5,W1,50,long,1.0,805,40.88240406006674,0.537978524051915,0.2419461046434367,1.4072300943352265,0.26335403726708073,0.0014934681590011416,0.5926579756162359,0.16180919786899528,1.5276964856297415,2.4504685579234957,0.06491871170204222,34504.68557923491
H4,27,1.5,W1,50,short,0.0,522,27.241105872267465,0.00412425258312043,0.19041810503249368,1.0027643835107545,0.26436781609195403,1.003798977148483e-05,0.17466112795585204,0.18085015696444373,1.136175753415805,0.2062981465476874,0.009835874732301741,12062.981465476832
H4,27,1.5,W1,50,short,1.0,522,27.241105872267465,0.00412425258312043,0.19041810503249368,1.0027643835107545,0.26436781609195403,1.003798977148483e-05,0.17466112795585204,0.18085015696444373,1.136175753415805,0.2062981465476874,0.009835874732301741,12062.981465476832
H4,27,1.5,W1,80,both,0.0,1202,64.83025694034258,0.4163657304372131,0.26299231713381255,1.2230916886421912,0.25707154742096505,0.0008148474847457554,0.5050766552768715,0.1971893198593091,1.3229656505669056,2.1484392020830603,0.06381211273086418,31484.392020830637
H4,27,1.5,W1,80,both,1.0,1202,64.83025694034258,0.4163657304372131,0.26299231713381255,1.2230916886421912,0.25707154742096505,0.0008148474847457554,0.5050766552768715,0.1971893198593091,1.3229656505669056,2.1484392020830603,0.06381211273086418,31484.392020830637
H4,27,1.5,W1,80,long,0.0,785,42.395571491941446,0.5456901116329504,0.2406609824336723,1.4192254701325118,0.2522292993630573,0.0014691270199891657,0.5355341226938662,0.2524493159018689,1.4879675904517213,2.1415657221742936,0.06377412038409025,31415.657221742724
H4,27,1.5,W1,80,long,1.0,785,42.395571491941446,0.5456901116329504,0.2406609824336723,1.4192254701325118,0.2522292993630573,0.0014691270199891657,0.5355341226938662,0.2524493159018689,1.4879675904517213,2.1415657221742936,0.06377412038409025,31415.657221742724
H4,27,1.5,W1,80,short,0.0,440,26.40650673677292,-0.13812996623985746,0.2672478025471766,0.9194832913720212,0.2681818181818182,-0.00031079127381303354,0.06426071210660086,0.15190555362984726,1.0405072336178935,0.035734348008947814,0.0021093822482425306,10357.34348008946
H4,27,1.5,W1,80,short,1.0,440,26.40650673677292,-0.13812996623985746,0.2672478025471766,0.9194832913720212,0.2681818181818182,-0.00031079127381303354,0.06426071210660086,0.15190555362984726,1.0405072336178935,0.035734348008947814,0.0021093822482425306,10357.34348008946
H4,27,1.5,W1,120,both,0.0,1114,65.59543769143963,0.5831058678193369,0.19403132367760534,1.3371130612528663,0.2513464991023339,0.0011575392857173501,0.6598090533854137,0.1680237647782007,1.4356612903093755,2.790812839765522,0.08162665196285257,37908.12839765501
H4,27,1.5,W1,120,both,1.0,1114,65.59543769143963,0.5831058678193369,0.19403132367760534,1.3371130612528663,0.2513464991023339,0.0011575392857173501,0.6598090533854137,0.1680237647782007,1.4356612903093755,2.790812839765522,0.08162665196285257,37908.12839765501
H4,27,1.5,W1,120,long,0.0,741,43.67439890269485,0.5442940011268501,0.27362649700344843,1.403810916843693,0.24696356275303644,0.001430844470514659,0.5706936207887701,0.25686889974249416,1.4884675918499286,2.254990449615369,0.0720365262557574,32549.90449615359
H4,27,1.5,W1,120,long,1.0,741,43.67439890269485,0.5442940011268501,0.27362649700344843,1.403810916843693,0.24696356275303644,0.001430844470514659,0.5706936207887701,0.25686889974249416,1.4884675918499286,2.254990449615369,0.0720365262557574,32549.90449615359
H4,27,1.5,W1,120,short,0.0,391,27.124928774928772,0.22528410668308838,0.10045791336194698,1.1739461335270447,0.25831202046035806,0.0005587473684178413,0.35961604863008273,0.08351900912727139,1.3210840368875973,0.41622634991417495,0.024435358799489437,14162.263499141729
H4,27,1.5,W1,120,short,1.0,391,27.124928774928772,0.22528410668308838,0.10045791336194698,1.1739461335270447,0.25831202046035806,0.0005587473684178413,0.35961604863008273,0.08351900912727139,1.3210840368875973,0.41622634991417495,0.024435358799489437,14162.263499141729
H4,34,5.0,none,0,both,0.0,252,11.674657534246576,0.09273363140271154,0.4093037931882484,1.0804877280581224,0.36904761904761907,0.0009224457863648963,0.18023226484481866,0.10918958990381311,1.1654207216030954,0.131357815492398,0.005734111292738042,11313.578154923978
H4,34,5.0,none,0,both,1.0,252,11.674657534246576,0.09273363140271154,0.4093037931882484,1.0804877280581224,0.36904761904761907,0.0009224457863648963,0.18023226484481866,0.10918958990381311,1.1654207216030954,0.131357815492398,0.005734111292738042,11313.578154923978
H4,34,5.0,none,0,long,0.0,239,11.083640172676485,0.5798684433689291,0.3582576070017972,1.6425676268937845,0.39748953974895396,0.007112675071854926,0.649056644744653,0.11451425893225431,1.8413431867630128,0.9972507437579226,0.032601093231774625,19972.5074375792
H4,34,5.0,none,0,long,1.0,239,11.083640172676485,0.5798684433689291,0.3582576070017972,1.6425676268937845,0.39748953974895396,0.007112675071854926,0.649056644744653,0.11451425893225431,1.8413431867630128,0.9972507437579226,0.032601093231774625,19972.5074375792
H4,34,5.0,none,0,short,0.0,240,11.117311350665823,-0.33119511437067756,0.5814890938142239,0.7621429679565674,0.3375,-0.0028563504316579474,-0.2957068165648201,0.18407346171643035,0.7923508747638675,-0.16352801196445022,-0.008237269921417156,8364.71988035549
H4,34,5.0,none,0,short,1.0,240,11.117311350665823,-0.33119511437067756,0.5814890938142239,0.7621429679565674,0.3375,-0.0028563504316579474,-0.2957068165648201,0.18407346171643035,0.7923508747638675,-0.16352801196445022,-0.008237269921417156,8364.71988035549
H4,34,5.0,D1,20,both,0.0,156,7.333204633204633,0.06379178294868156,0.3397023079312127,1.062967381200937,0.3525641025641026,0.0007373353181490822,0.11005560889915918,0.09917481076045631,1.117051673642464,0.058772445057870604,0.0026882256392439796,10587.724450578713
H4,34,5.0,D1,20,both,1.0,156,7.333204633204633,0.06379178294868156,0.3397023079312127,1.062967381200937,0.3525641025641026,0.0007373353181490822,0.11005560889915918,0.09917481076045631,1.117051673642464,0.058772445057870604,0.0026882256392439796,10587.724450578713
H4,34,5.0,D1,20,long,0.0,117,5.4999034749034745,0.25138732747648695,0.22304300857145254,1.358617192533283,0.358974358974359,0.0038720655460791004,0.3027719054472932,0.06719615676958801,1.5249809222340245,0.21600807491561191,0.009235850818106961,12160.080749156132
H4,34,5.0,D1,20,long,1.0,117,5.4999034749034745,0.25138732747648695,0.22304300857145254,1.358617192533283,0.358974358974359,0.0038720655460791004,0.3027719054472932,0.06719615676958801,1.5249809222340245,0.21600807491561191,0.009235850818106961,12160.080749156132
H4,34,5.0,D1,20,short,0.0,99,4.779874421678784,-0.1894749152044928,0.34271623454883715,0.7934014671932195,0.3434343434343434,-0.0027281090197003427,-0.04562719382031018,0.09516840753742462,0.945930204421666,-0.0229307459486483,-0.0011193963236353355,9770.692540513517
H4,34,5.0,D1,20,short,1.0,99,4.779874421678784,-0.1894749152044928,0.34271623454883715,0.7934014671932195,0.3434343434343434,-0.0027281090197003427,-0.04562719382031018,0.09516840753742462,0.945930204421666,-0.0229307459486483,-0.0011193963236353355,9770.692540513517
H4,34,5.0,D1,32,both,0.0,135,6.3435932072558865,-0.15085520179565476,0.4411800918857127,0.8500931070960582,0.31851851851851853,-0.0018779341537894017,-0.03361660327894506,0.09313342339813846,0.9648312871955351,-0.02172556387284519,-0.00103159547074827,9782.744361271545
H4,34,5.0,D1,32,both,1.0,135,6.3435932072558865,-0.15085520179565476,0.4411800918857127,0.8500931070960582,0.31851851851851853,-0.0018779341537894017,-0.03361660327894506,0.09313342339813846,0.9648312871955351,-0.02172556387284519,-0.00103159547074827,9782.744361271545
H4,34,5.0,D1,32,long,0.0,92,4.323041296796604,0.18541577877509072,0.31134904219867565,1.304001665913875,0.33695652173913043,0.0037011280066528937,0.2691773993739204,0.07432747786119698,1.4827688741411904,0.15611079558259378,0.00683966842955952,11561.107955825923
H4,34,5.0,D1,32,long,1.0,92,4.323041296796604,0.18541577877509072,0.31134904219867565,1.304001665913875,0.33695652173913043,0.0037011280066528937,0.2691773993739204,0.07432747786119698,1.4827688741411904,0.15611079558259378,0.00683966842955952,11561.107955825923
H4,34,5.0,D1,32,short,0.0,89,4.2970588235294125,-0.4026938620096558,0.3965617243159344,0.5940737983432406,0.29213483146067415,-0.0050721414191817246,-0.3210310958940895,0.11524498223009394,0.6631078271283691,-0.10632578436986717,-0.005412820020445186,8936.742156301336
H4,34,5.0,D1,32,short,1.0,89,4.2970588235294125,-0.4026938620096558,0.3965617243159344,0.5940737983432406,0.29213483146067415,-0.0050721414191817246,-0.3210310958940895,0.11524498223009394,0.6631078271283691,-0.10632578436986717,-0.005412820020445186,8936.742156301336
H4,34,5.0,D1,50,both,0.0,110,5.308164883075704,-0.2355918808668727,0.48482393032899407,0.7635501529454022,0.3181818181818182,-0.003059519348602428,-0.14266981308537907,0.12472430940042978,0.8480599475112428,-0.061216526867328924,-0.003043713047918062,9387.834731326706
H4,34,5.0,D1,50,both,1.0,110,5.308164883075704,-0.2355918808668727,0.48482393032899407,0.7635501529454022,0.3181818181818182,-0.003059519348602428,-0.14266981308537907,0.12472430940042978,0.8480599475112428,-0.061216526867328924,-0.003043713047918062,9387.834731326706
H4,34,5.0,D1,50,long,0.0,76,3.7335574983187625,0.020062170076372055,0.36226118899529913,1.0288052149122768,0.32894736842105265,0.0003729753860600225,0.09519275576855075,0.09646254094819873,1.1562859631321303,0.038030736221952965,0.0018353204260095346,10380.307362219532
H4,34,5.0,D1,50,long,1.0,76,3.7335574983187625,0.020062170076372055,0.36226118899529913,1.0288052149122768,0.32894736842105265,0.0003729753860600225,0.09519275576855075,0.09646254094819873,1.1562859631321303,0.038030736221952965,0.0018353204260095346,10380.307362219532
H4,34,5.0,D1,50,short,0.0,59,2.996350111234705,-0.40259313437530436,0.28109682713498363,0.5416358463020087,0.3389830508474576,-0.0054830142237016115,-0.26455642021164616,0.05595295203974315,0.6707886013635219,-0.05863835860703848,-0.0030641625615791535,9413.616413929612
H4,34,5.0,D1,50,short,1.0,59,2.996350111234705,-0.40259313437530436,0.28109682713498363,0.5416358463020087,0.3389830508474576,-0.0054830142237016115,-0.26455642021164616,0.05595295203974315,0.6707886013635219,-0.05863835860703848,-0.0030641625615791535,9413.616413929612
H4,34,5.0,D1,80,both,0.0,135,6.428780964797913,0.15884858663232382,0.2187844700896988,1.1803074683550536,0.362962962962963,0.002142537095935665,0.3441253209231233,0.04840604411249738,1.4606725549387964,0.21568996709260224,0.009344252014775067,12156.899670926032
H4,34,5.0,D1,80,both,1.0,135,6.428780964797913,0.15884858663232382,0.2187844700896988,1.1803074683550536,0.362962962962963,0.002142537095935665,0.3441253209231233,0.04840604411249738,1.4606725549387964,0.21568996709260224,0.009344252014775067,12156.899670926032
H4,34,5.0,D1,80,long,0.0,80,3.9502501013924562,0.5018037261570819,0.11798509723869344,1.9987194036342788,0.45,0.011318478365360849,0.5606883311252248,0.0475523280385024,2.2071385025159658,0.3592839686738869,0.015272464310170042,13592.839686738875
H4,34,5.0,D1,80,long,1.0,80,3.9502501013924562,0.5018037261570819,0.11798509723869344,1.9987194036342788,0.45,0.011318478365360849,0.5606883311252248,0.0475523280385024,2.2071385025159658,0.3592839686738869,0.015272464310170042,13592.839686738875
H4,34,5.0,D1,80,short,0.0,67,3.2438693001060446,-0.23581270891307113,0.3039418261178848,0.7020778396797287,0.31343283582089554,-0.003481848967097614,-0.025671997286747763,0.07748883107496674,0.9602990441177665,-0.010553738196317664,-0.0005135528904869346,9894.46261803682
H4,34,5.0,D1,80,short,1.0,67,3.2438693001060446,-0.23581270891307113,0.3039418261178848,0.7020778396797287,0.31343283582089554,-0.003481848967097614,-0.025671997286747763,0.07748883107496674,0.9602990441177665,-0.010553738196317664,-0.0005135528904869346,9894.46261803682
H4,34,5.0,D1,120,both,0.0,158,7.634541606032544,0.26809181050852093,0.16042810076024583,1.301996793910484,0.3924050632911392,0.0032797768471665035,0.3729834811568438,0.03689953916638611,1.4584888566621237,0.23689309708122508,0.010325883957572168,12368.930970812233
H4,34,5.0,D1,120,both,1.0,158,7.634541606032544,0.26809181050852093,0.16042810076024583,1.301996793910484,0.3924050632911392,0.0032797768471665035,0.3729834811568438,0.03689953916638611,1.4584888566621237,0.23689309708122508,0.010325883957572168,12368.930970812233
H4,34,5.0,D1,120,long,0.0,84,4.058870220928694,0.4443140468573607,0.10865806046560877,1.8005159677170652,0.44047619047619047,0.008441271754595022,0.45995923996140237,0.029418109651334734,1.8827616592484824,0.24067216441931016,0.010474823230002928,12406.721644193112
H4,34,5.0,D1,120,long,1.0,84,4.058870220928694,0.4443140468573607,0.10865806046560877,1.8005159677170652,0.44047619047619047,0.008441271754595022,0.45995923996140237,0.029418109651334734,1.8827616592484824,0.24067216441931016,0.010474823230002928,12406.721644193112
H4,34,5.0,D1,120,short,0.0,80,4.203711696158826,-0.12113057338982854,0.19985245374895766,0.8513464252139423,0.35,-0.0015974883234888674,0.10627312235432823,0.04231813354106506,1.1587102523555992,0.034342794430115564,0.0017758694169158762,10343.427944301164
H4,34,5.0,D1,120,short,1.0,80,4.203711696158826,-0.12113057338982854,0.19985245374895766,0.8513464252139423,0.35,-0.0015974883234888674,0.10627312235432823,0.04231813354106506,1.1587102523555992,0.034342794430115564,0.0017758694169158762,10343.427944301164
H4,34,5.0,W1,20,both,0.0,177,8.517687747035573,0.1635196398408994,0.2806839855185489,1.1668956054383564,0.3728813559322034,0.001962479925984384,0.25825122702230213,0.049318322294584216,1.278706484804631,0.167803539145148,0.007492923919387939,11678.035391451496
H4,34,5.0,W1,20,both,1.0,177,8.517687747035573,0.1635196398408994,0.2806839855185489,1.1668956054383564,0.3728813559322034,0.001962479925984384,0.25825122702230213,0.049318322294584216,1.278706484804631,0.167803539145148,0.007492923919387939,11678.035391451496
H4,34,5.0,W1,20,long,0.0,101,4.860375494071146,0.5342865105320633,0.11062598853450178,1.9384363000931804,0.43564356435643564,0.010229283883093307,0.5657541966655153,0.033926915264068214,2.0901291723161006,0.41552625637613105,0.016863251306425076,14155.262563761298
H4,34,5.0,W1,20,long,1.0,101,4.860375494071146,0.5342865105320633,0.11062598853450178,1.9384363000931804,0.43564356435643564,0.010229283883093307,0.5657541966655153,0.033926915264068214,2.0901291723161006,0.41552625637613105,0.016863251306425076,14155.262563761298
H4,34,5.0,W1,20,short,0.0,91,4.606756756756757,-0.4090624730163497,0.381523364977727,0.6007644204830827,0.31868131868131866,-0.004790972772481404,-0.45546178987471336,0.11788632134949495,0.590759528653271,-0.11925811926612007,-0.006408118059288759,8807.418807338787
H4,34,5.0,W1,20,short,1.0,91,4.606756756756757,-0.4090624730163497,0.381523364977727,0.6007644204830827,0.31868131868131866,-0.004790972772481404,-0.45546178987471336,0.11788632134949495,0.590759528653271,-0.11925811926612007,-0.006408118059288759,8807.418807338787
H4,34,5.0,W1,32,both,0.0,179,8.801797253634895,0.33373490008726053,0.27859800494497333,1.3726180145892295,0.39664804469273746,0.004500058196138037,0.42517061038533976,0.08160881116926244,1.5106590192338873,0.35608520944711963,0.015090637551714359,13560.852094471196
H4,34,5.0,W1,32,both,1.0,179,8.801797253634895,0.33373490008726053,0.27859800494497333,1.3726180145892295,0.39664804469273746,0.004500058196138037,0.42517061038533976,0.08160881116926244,1.5106590192338873,0.35608520944711963,0.015090637551714359,13560.852094471196
H4,34,5.0,W1,32,long,0.0,108,5.310581583198707,0.5262815985498207,0.19448732322924434,1.9296717726043129,0.42592592592592593,0.010053383017417327,0.5291961310322892,0.05932825605614922,1.9658212523989225,0.3896599341086835,0.01631212272007887,13896.599341086829
H4,34,5.0,W1,32,long,1.0,108,5.310581583198707,0.5262815985498207,0.19448732322924434,1.9296717726043129,0.42592592592592593,0.010053383017417327,0.5291961310322892,0.05932825605614922,1.9658212523989225,0.3896599341086835,0.01631212272007887,13896.599341086829
H4,34,5.0,W1,32,short,0.0,90,4.622117547806524,-0.3375869455396988,0.42322524057890754,0.6565530842871723,0.32222222222222224,-0.004513252685565695,-0.2092104669468385,0.10442206371870011,0.766646049363848,-0.07531379252372661,-0.004013210567661685,9246.86207476273
H4,34,5.0,W1,32,short,1.0,90,4.622117547806524,-0.3375869455396988,0.42322524057890754,0.6565530842871723,0.32222222222222224,-0.004513252685565695,-0.2092104669468385,0.10442206371870011,0.766646049363848,-0.07531379252372661,-0.004013210567661685,9246.86207476273
H4,34,5.0,W1,50,both,0.0,185,9.469065302690582,0.2933763856041546,0.25329913682797656,1.3213786007832913,0.3783783783783784,0.003950366395916656,0.4623206900380824,0.06586672048053688,1.6021662839007986,0.4326312822180154,0.018571701054640455,14326.312822180145
H4,34,5.0,W1,50,both,1.0,185,9.469065302690582,0.2933763856041546,0.25329913682797656,1.3213786007832913,0.3783783783783784,0.003950366395916656,0.4623206900380824,0.06586672048053688,1.6021662839007986,0.4326312822180154,0.018571701054640455,14326.312822180145
H4,34,5.0,W1,50,long,0.0,117,5.996947796800448,0.4481077159264186,0.12723666866644612,1.7441020621869736,0.38461538461538464,0.00802687099096549,0.49545578683290226,0.06029713950628246,1.9385333068438861,0.42269069803412584,0.018234542398803066,14226.906980341264
H4,34,5.0,W1,50,long,1.0,117,5.996947796800448,0.4481077159264186,0.12723666866644612,1.7441020621869736,0.38461538461538464,0.00802687099096549,0.49545578683290226,0.06029713950628246,1.9385333068438861,0.42269069803412584,0.018234542398803066,14226.906980341264
H4,34,5.0,W1,50,short,0.0,83,4.495884621088536,-0.14414154587350886,0.33623231114028196,0.8309948161051867,0.3614457831325301,-0.002374778361378103,0.013165848104254613,0.06783096186877624,1.0166999485354544,0.0013253364397789458,7.17449187788155e-05,10013.253364397799
H4,34,5.0,W1,50,short,1.0,83,4.495884621088536,-0.14414154587350886,0.33623231114028196,0.8309948161051867,0.3614457831325301,-0.002374778361378103,0.013165848104254613,0.06783096186877624,1.0166999485354544,0.0013253364397789458,7.17449187788155e-05,10013.253364397799
H4,34,5.0,W1,80,both,0.0,190,10.28263446436509,0.18771558381305561,0.4057956177978901,1.184037709756994,0.34210526315789475,0.0022686751969890743,0.36102286983865073,0.11306350410979582,1.4111322401662185,0.2976009854632151,0.014198821048605703,12976.009854632182
H4,34,5.0,W1,80,both,1.0,190,10.28263446436509,0.18771558381305561,0.4057956177978901,1.184037709756994,0.34210526315789475,0.0022686751969890743,0.36102286983865073,0.11306350410979582,1.4111322401662185,0.2976009854632151,0.014198821048605703,12976.009854632182
H4,34,5.0,W1,80,long,0.0,125,6.764891094977033,0.3847795887920927,0.29969029491305343,1.5654220093762632,0.352,0.00604912866792519,0.42497226806700067,0.12833698384127734,1.6795642504344839,0.31670555041634607,0.015001356156318035,13167.055504163465
H4,34,5.0,W1,80,long,1.0,125,6.764891094977033,0.3847795887920927,0.29969029491305343,1.5654220093762632,0.352,0.00604912866792519,0.42497226806700067,0.12833698384127734,1.6795642504344839,0.31670555041634607,0.015001356156318035,13167.055504163465
H4,34,5.0,W1,80,short,0.0,70,4.449617124956491,-0.2630302990841743,0.37563950473945606,0.7232366055929446,0.32857142857142857,-0.004116505571600876,-0.09945175943557409,0.07688338746747714,0.8857570574999181,-0.030999795085438042,-0.00199971890125461,9690.002049145614
H4,34,5.0,W1,80,short,1.0,70,4.449617124956491,-0.2630302990841743,0.37563950473945606,0.7232366055929446,0.32857142857142857,-0.004116505571600876,-0.09945175943557409,0.07688338746747714,0.8857570574999181,-0.030999795085438042,-0.00199971890125461,9690.002049145614
H4,34,5.0,W1,120,both,0.0,173,10.256167829897745,0.35157240452575667,0.37555735595271567,1.3879641836347343,0.3815028901734104,0.004293825709927844,0.47599813147361697,0.09185476850155849,1.6030804922942443,0.39546581049128293,0.01995159878894115,13954.658104912816
H4,34,5.0,W1,120,both,1.0,173,10.256167829897745,0.35157240452575667,0.37555735595271567,1.3879641836347343,0.3815028901734104,0.004293825709927844,0.47599813147361697,0.09185476850155849,1.6030804922942443,0.39546581049128293,0.01995159878894115,13954.658104912816
H4,34,5.0,W1,120,long,0.0,114,6.758399610452849,0.46327974721057075,0.30505731594584573,1.7222052693175234,0.40350877192982454,0.007771926594362261,0.5401988302224788,0.09286009332223355,1.9830069540358464,0.412304092764614,0.020677110567534518,14123.040927646141
H4,34,5.0,W1,120,long,1.0,114,6.758399610452849,0.46327974721057075,0.30505731594584573,1.7222052693175234,0.40350877192982454,0.007771926594362261,0.5401988302224788,0.09286009332223355,1.9830069540358464,0.412304092764614,0.020677110567534518,14123.040927646141
H4,34,5.0,W1,120,short,0.0,66,4.883812803889789,-0.17960707385146688,0.15201606131601852,0.8055458437018137,0.3333333333333333,-0.0021632805654452953,-0.06682739175172159,0.05350067867837249,0.920578424330585,-0.01969944300190707,-0.0014711690377045006,9803.005569980922
H4,34,5.0,W1,120,short,1.0,66,4.883812803889789,-0.17960707385146688,0.15201606131601852,0.8055458437018137,0.3333333333333333,-0.0021632805654452953,-0.06682739175172159,0.05350067867837249,0.920578424330585,-0.01969944300190707,-0.0014711690377045006,9803.005569980922
H4,34,4.0,none,0,both,0.0,403,18.670186453576864,0.3212877371773867,0.24936600531969544,1.2624173860603773,0.3399503722084367,0.0024926027609609575,0.43100766966812526,0.09097093914673782,1.3792114289798865,0.7073289772673463,0.025091879531493166,17073.28977267351
H4,34,4.0,none,0,both,1.0,403,18.670186453576864,0.3212877371773867,0.24936600531969544,1.2624173860603773,0.3399503722084367,0.0024926027609609575,0.43100766966812526,0.09097093914673782,1.3792114289798865,0.7073289772673463,0.025091879531493166,17073.28977267351
H4,34,4.0,none,0,long,0.0,378,17.52977399695277,0.4877823767726192,0.2630677740349866,1.444074351760404,0.36507936507936506,0.0039627397146303756,0.5608626283202399,0.11713277296620106,1.564855860621933,1.1081399907732652,0.035191881562110394,21081.399907732637
H4,34,4.0,none,0,long,1.0,378,17.52977399695277,0.4877823767726192,0.2630677740349866,1.444074351760404,0.36507936507936506,0.0039627397146303756,0.5608626283202399,0.11713277296620106,1.564855860621933,1.1081399907732652,0.035191881562110394,21081.399907732637
H4,34,4.0,none,0,short,0.0,379,17.556087507926446,-0.39150992752475006,0.6179134605101815,0.7681231941740214,0.3034300791556728,-0.002256292159975279,-0.4300878420304337,0.2954070738032326,0.7591682904218188,-0.2899790942375944,-0.015738354037731606,7100.209057624048
H4,34,4.0,none,0,short,1.0,379,17.556087507926446,-0.39150992752475006,0.6179134605101815,0.7681231941740214,0.3034300791556728,-0.002256292159975279,-0.4300878420304337,0.2954070738032326,0.7591682904218188,-0.2899790942375944,-0.015738354037731606,7100.209057624048
H4,34,4.0,D1,20,both,0.0,205,9.636583011583012,0.2622483280815927,0.21803489633448647,1.2997568048790817,0.33658536585365856,0.002708548381339469,0.2968210399941485,0.07234927494617249,1.3276372409083828,0.2440617359296462,0.010318494756266894,12440.617359296448
H4,34,4.0,D1,20,both,1.0,205,9.636583011583012,0.2622483280815927,0.21803489633448647,1.2997568048790817,0.33658536585365856,0.002708548381339469,0.2968210399941485,0.07234927494617249,1.3276372409083828,0.2440617359296462,0.010318494756266894,12440.617359296448
H4,34,4.0,D1,20,long,0.0,141,6.6280888030888025,0.3014221477068927,0.1368885762464288,1.4329975372182422,0.3900709219858156,0.0035038823581844537,0.39662815537958707,0.04373573964779143,1.614975794639774,0.28067725655416464,0.011697077416075619,12806.77256554164
H4,34,4.0,D1,20,long,1.0,141,6.6280888030888025,0.3014221477068927,0.1368885762464288,1.4329975372182422,0.3900709219858156,0.0035038823581844537,0.39662815537958707,0.04373573964779143,1.614975794639774,0.28067725655416464,0.011697077416075619,12806.77256554164
H4,34,4.0,D1,20,short,0.0,127,6.134190690293573,-0.08734416100902316,0.2868962929354081,0.8991669734277695,0.28346456692913385,-0.0010514080303216096,-0.11551705124064278,0.12566336397717515,0.8766033368927035,-0.062085149218162994,-0.0030911006374674255,9379.148507818381
H4,34,4.0,D1,20,short,1.0,127,6.134190690293573,-0.08734416100902316,0.2868962929354081,0.8991669734277695,0.28346456692913385,-0.0010514080303216096,-0.11551705124064278,0.12566336397717515,0.8766033368927035,-0.062085149218162994,-0.0030911006374674255,9379.148507818381
H4,34,4.0,D1,32,both,0.0,203,9.521734942853474,-0.015400774709330118,0.2784236101420279,0.9852266001216684,0.2955665024630542,-0.00014601557691194217,0.07274418027009316,0.09004206398593584,1.0720259492454212,0.04146408827148407,0.001907453775009893,10414.640882714833
H4,34,4.0,D1,32,both,1.0,203,9.521734942853474,-0.015400774709330118,0.2784236101420279,0.9852266001216684,0.2955665024630542,-0.00014601557691194217,0.07274418027009316,0.09004206398593584,1.0720259492454212,0.04146408827148407,0.001907453775009893,10414.640882714833
H4,34,4.0,D1,32,long,0.0,127,6.101913970007892,0.05723781098781392,0.247414903241296,1.067690762966568,0.33858267716535434,0.0006276032625924975,0.1923259595642739,0.0787630858958348,1.2564179879617392,0.10828092652812438,0.00495189262017437,11082.80926528123
H4,34,4.0,D1,32,long,1.0,127,6.101913970007892,0.05723781098781392,0.247414903241296,1.067690762966568,0.33858267716535434,0.0006276032625924975,0.1923259595642739,0.0787630858958348,1.2564179879617392,0.10828092652812438,0.00495189262017437,11082.80926528123
H4,34,4.0,D1,32,short,0.0,119,5.675731261425959,-0.2277998232172311,0.3557328238114853,0.7450368132653199,0.25210084033613445,-0.00265929874799428,-0.19728194515470862,0.1297597596268194,0.7847072216596663,-0.0980253570779972,-0.0049085754631201794,9019.746429220035
H4,34,4.0,D1,32,short,1.0,119,5.675731261425959,-0.2277998232172311,0.3557328238114853,0.7450368132653199,0.25210084033613445,-0.00265929874799428,-0.19728194515470862,0.1297597596268194,0.7847072216596663,-0.0980253570779972,-0.0049085754631201794,9019.746429220035
H4,34,4.0,D1,50,both,0.0,206,10.067099277495316,-0.42316738924706127,0.5788858995432118,0.683535114493032,0.2961165048543689,-0.003096980400412693,-0.5194007446693296,0.23800746441505405,0.6529989317749755,-0.23200052086265255,-0.012817027913264334,7679.9947913734695
H4,34,4.0,D1,50,both,1.0,206,10.067099277495316,-0.42316738924706127,0.5788858995432118,0.683535114493032,0.2961165048543689,-0.003096980400412693,-0.5194007446693296,0.23800746441505405,0.6529989317749755,-0.23200052086265255,-0.012817027913264334,7679.9947913734695
H4,34,4.0,D1,50,long,0.0,134,6.588167990308252,-0.2211260427218509,0.4070966025935254,0.7898223719653792,0.30597014925373134,-0.001854664337630679,-0.3697424075492639,0.18118824023981783,0.6877200952778759,-0.14201595972418646,-0.007502374191934225,8579.840402758124
H4,34,4.0,D1,50,long,1.0,134,6.588167990308252,-0.2211260427218509,0.4070966025935254,0.7898223719653792,0.30597014925373134,-0.001854664337630679,-0.3697424075492639,0.18118824023981783,0.6877200952778759,-0.14201595972418646,-0.007502374191934225,8579.840402758124
H4,34,4.0,D1,50,short,0.0,94,4.592495987158909,-0.44697176118954063,0.46696006000520285,0.5491445324696868,0.2978723404255319,-0.005185505032226907,-0.3939303745421509,0.1357045376098206,0.6173747791326735,-0.12806418652551665,-0.006672883564994403,8719.358134744825
H4,34,4.0,D1,50,short,1.0,94,4.592495987158909,-0.44697176118954063,0.46696006000520285,0.5491445324696868,0.2978723404255319,-0.005185505032226907,-0.3939303745421509,0.1357045376098206,0.6173747791326735,-0.12806418652551665,-0.006672883564994403,8719.358134744825
H4,34,4.0,D1,80,both,0.0,248,11.881164742917104,-0.02308831306308598,0.3811527282610424,0.9809851025815861,0.31451612903225806,-0.00018001102166196822,0.16917333855466277,0.10679374347088755,1.1538006906454576,0.12468430890020432,0.005645169245240833,11246.843089002037
H4,34,4.0,D1,80,both,1.0,248,11.881164742917104,-0.02308831306308598,0.3811527282610424,0.9809851025815861,0.31451612903225806,-0.00018001102166196822,0.16917333855466277,0.10679374347088755,1.1538006906454576,0.12468430890020432,0.005645169245240833,11246.843089002037
H4,34,4.0,D1,80,long,0.0,148,7.153235410877333,0.21104414565398896,0.14883391716983163,1.2513213954308566,0.34459459459459457,0.0022688468733026886,0.28651313870880896,0.05606147457924027,1.348662766473777,0.1835608727716369,0.008178652279812404,11835.608727716357
H4,34,4.0,D1,80,long,1.0,148,7.153235410877333,0.21104414565398896,0.14883391716983163,1.2513213954308566,0.34459459459459457,0.0022688468733026886,0.28651313870880896,0.05606147457924027,1.348662766473777,0.1835608727716369,0.008178652279812404,11835.608727716357
H4,34,4.0,D1,80,short,0.0,110,5.32787428722981,-0.26797937643454206,0.3166174867304089,0.7190850748138726,0.2909090909090909,-0.002802573427770285,-0.038718185835149854,0.10760968424962103,0.9505895248342204,-0.023653470222925632,-0.001158756129823857,9763.465297770748
H4,34,4.0,D1,80,short,1.0,110,5.32787428722981,-0.26797937643454206,0.3166174867304089,0.7190850748138726,0.2909090909090909,-0.002802573427770285,-0.038718185835149854,0.10760968424962103,0.9505895248342204,-0.023653470222925632,-0.001158756129823857,9763.465297770748
H4,34,4.0,D1,120,both,0.0,274,13.225650852385357,0.1528723161384008,0.25278416923577063,1.1293601497407078,0.3613138686131387,0.0011371401069658084,0.29862449763826326,0.10007438480258568,1.266326760815228,0.24713190664581952,0.010717012526986425,12471.31906645816
H4,34,4.0,D1,120,both,1.0,274,13.225650852385357,0.1528723161384008,0.25278416923577063,1.1293601497407078,0.3613138686131387,0.0011371401069658084,0.29862449763826326,0.10007438480258568,1.266326760815228,0.24713190664581952,0.010717012526986425,12471.31906645816
H4,34,4.0,D1,120,long,0.0,165,7.9643517906700145,0.23115369053056928,0.22915011620785752,1.2710466889370893,0.3575757575757576,0.0023143253786414627,0.2871327128210749,0.07583370691875757,1.342065238949795,0.18557989686048448,0.008250746414973698,11855.79896860485
H4,34,4.0,D1,120,long,1.0,165,7.9643517906700145,0.23115369053056928,0.22915011620785752,1.2710466889370893,0.3575757575757576,0.0023143253786414627,0.2871327128210749,0.07583370691875757,1.342065238949795,0.18557989686048448,0.008250746414973698,11855.79896860485
H4,34,4.0,D1,120,short,0.0,115,6.041966340621404,-0.026300728509318656,0.2275898482181814,0.9702556662824298,0.3826086956521739,-0.0002645729167544213,0.06895096374039233,0.07342800502309954,1.0826019598820873,0.024855541471597853,0.001290748375150752,10248.555414715982
H4,34,4.0,D1,120,short,1.0,115,6.041966340621404,-0.026300728509318656,0.2275898482181814,0.9702556662824298,0.3826086956521739,-0.0002645729167544213,0.06895096374039233,0.07342800502309954,1.0826019598820873,0.024855541471597853,0.001290748375150752,10248.555414715982
H4,34,4.0,W1,20,both,0.0,315,15.14263622005791,0.253887102755368,0.22543532316777415,1.2146722205373164,0.3492063492063492,0.0019600040072202266,0.3757579301070029,0.08372242387052398,1.3269909956689734,0.39594482445732515,0.016164658830348788,13959.448244573243
H4,34,4.0,W1,20,both,1.0,315,15.14263622005791,0.253887102755368,0.22543532316777415,1.2146722205373164,0.3492063492063492,0.0019600040072202266,0.3757579301070029,0.08372242387052398,1.3269909956689734,0.39594482445732515,0.016164658830348788,13959.448244573243
H4,34,4.0,W1,20,long,0.0,192,9.229797315082916,0.4079545606087508,0.17943077054146017,1.5083613303109111,0.3697916666666667,0.004495985595050026,0.5083481389027724,0.06731853398648735,1.670280733245581,0.5064666439811905,0.019893550188551323,15064.666439811883
H4,34,4.0,W1,20,long,1.0,192,9.229797315082916,0.4079545606087508,0.17943077054146017,1.5083613303109111,0.3697916666666667,0.004495985595050026,0.5083481389027724,0.06731853398648735,1.670280733245581,0.5064666439811905,0.019893550188551323,15064.666439811883
H4,34,4.0,W1,20,short,0.0,149,7.545022875363927,-0.16418926960327576,0.2648586199729156,0.8465848969365551,0.33557046979865773,-0.0014207107817831412,-0.11245679750804896,0.09562836068684644,0.8989191376625632,-0.051385544058139665,-0.0026677190684643026,9486.144559418628
H4,34,4.0,W1,20,short,1.0,149,7.545022875363927,-0.16418926960327576,0.2648586199729156,0.8465848969365551,0.33557046979865773,-0.0014207107817831412,-0.11245679750804896,0.09562836068684644,0.8989191376625632,-0.051385544058139665,-0.0026677190684643026,9486.144559418628
H4,34,4.0,W1,32,both,0.0,318,15.632503364737552,0.20957942683349148,0.3229935128561702,1.178763376946692,0.3238993710691824,0.0017518510592345246,0.36151863492326897,0.09829284779435321,1.3443533792185922,0.45576006210818565,0.018631967535465144,14557.600621081865
H4,34,4.0,W1,32,both,1.0,318,15.632503364737552,0.20957942683349148,0.3229935128561702,1.178763376946692,0.3238993710691824,0.0017518510592345246,0.36151863492326897,0.09829284779435321,1.3443533792185922,0.45576006210818565,0.018631967535465144,14557.600621081865
H4,34,4.0,W1,32,long,0.0,194,9.536810228802155,0.4096613259802507,0.26758316861680986,1.52996337102079,0.3556701030927835,0.004954001215315472,0.4551360367746429,0.10549923616814527,1.625398816033195,0.5093671149775092,0.020444395344983324,15093.6711497751
H4,34,4.0,W1,32,long,1.0,194,9.536810228802155,0.4096613259802507,0.26758316861680986,1.52996337102079,0.3556701030927835,0.004954001215315472,0.4551360367746429,0.10549923616814527,1.625398816033195,0.5093671149775092,0.020444395344983324,15093.6711497751
H4,34,4.0,W1,32,short,0.0,155,7.963672809115207,-0.30655637662955565,0.42908106176922256,0.7378704258783031,0.2967741935483871,-0.0025789372337431445,-0.1218063841969457,0.13268133356974676,0.8823620626260211,-0.06914610224922735,-0.0036746551311288567,9308.538977507733
H4,34,4.0,W1,32,short,1.0,155,7.963672809115207,-0.30655637662955565,0.42908106176922256,0.7378704258783031,0.2967741935483871,-0.0025789372337431445,-0.1218063841969457,0.13268133356974676,0.8823620626260211,-0.06914610224922735,-0.0036746551311288567,9308.538977507733
H4,34,4.0,W1,50,both,0.0,310,15.86708239910314,0.30446308749435735,0.2508076643009318,1.2819427077879952,0.3387096774193548,0.002583911499448078,0.4862495303643453,0.10271059455034148,1.5040780570471648,0.6361394612499278,0.02552017459558753,16361.394612499302
H4,34,4.0,W1,50,both,1.0,310,15.86708239910314,0.30446308749435735,0.2508076643009318,1.2819427077879952,0.3387096774193548,0.002583911499448078,0.4862495303643453,0.10271059455034148,1.5040780570471648,0.6361394612499278,0.02552017459558753,16361.394612499302
H4,34,4.0,W1,50,long,0.0,201,10.301003227164305,0.4227044926668023,0.1660858224891304,1.5608228542513807,0.36318407960199006,0.004709154954795328,0.5119542331852036,0.05887548717108759,1.7841760952759593,0.6347250955195729,0.02550735699993889,16347.25095519574
H4,34,4.0,W1,50,long,1.0,201,10.301003227164305,0.4227044926668023,0.1660858224891304,1.5608228542513807,0.36318407960199006,0.004709154954795328,0.5119542331852036,0.05887548717108759,1.7841760952759593,0.6347250955195729,0.02550735699993889,16347.25095519574
H4,34,4.0,W1,50,short,0.0,132,7.150081566068516,-0.0824986711052909,0.32499361607150024,0.9117595836773943,0.29545454545454547,-0.0008826860061914961,0.061499056127861,0.07192401662872117,1.0700548186333863,0.023932397782795878,0.0012819046626038055,10239.323977827966
H4,34,4.0,W1,50,short,1.0,132,7.150081566068516,-0.0824986711052909,0.32499361607150024,0.9117595836773943,0.29545454545454547,-0.0008826860061914961,0.061499056127861,0.07192401662872117,1.0700548186333863,0.023932397782795878,0.0012819046626038055,10239.323977827966
H4,34,4.0,W1,80,both,0.0,308,16.656351791530945,0.21244207358370398,0.4086421661577121,1.1806254350395409,0.3181818181818182,0.0017038104870593738,0.3388475879221551,0.14506420778998785,1.323843624569681,0.3897304028288029,0.017957275907373393,13897.304028287985
H4,34,4.0,W1,80,both,1.0,308,16.656351791530945,0.21244207358370398,0.4086421661577121,1.1806254350395409,0.3181818181818182,0.0017038104870593738,0.3388475879221551,0.14506420778998785,1.323843624569681,0.3897304028288029,0.017957275907373393,13897.304028287985
H4,34,4.0,W1,80,long,0.0,201,10.869891915901688,0.4400544946342103,0.20273362080913748,1.5643669722182,0.3383084577114428,0.0048298990960400166,0.5280027349808699,0.07745812049868162,1.7612382065249494,0.6596755193112913,0.027776416603845,16596.755193112916
H4,34,4.0,W1,80,long,1.0,201,10.869891915901688,0.4400544946342103,0.20273362080913748,1.5643669722182,0.3383084577114428,0.0048298990960400166,0.5280027349808699,0.07745812049868162,1.7612382065249494,0.6596755193112913,0.027776416603845,16596.755193112916
H4,34,4.0,W1,80,short,0.0,118,7.483851363083868,-0.2380100320892892,0.3660540181482912,0.7868296247942383,0.2966101694915254,-0.0022907959781979883,-0.16036728872445055,0.09577095531717006,0.8566930690617464,-0.06399782714202495,-0.004185817298317462,9360.021728579752
H4,34,4.0,W1,80,short,1.0,118,7.483851363083868,-0.2380100320892892,0.3660540181482912,0.7868296247942383,0.2966101694915254,-0.0022907959781979883,-0.16036728872445055,0.09577095531717006,0.8566930690617464,-0.06399782714202495,-0.004185817298317462,9360.021728579752
H4,34,4.0,W1,120,both,0.0,278,16.481009576367473,0.38796286588127793,0.239992737149625,1.3682974118650595,0.3489208633093525,0.003092412118997712,0.5038042068778383,0.08511566311848162,1.5403423880490563,0.6250336346644769,0.029202440797464924,16250.336346644752
H4,34,4.0,W1,120,both,1.0,278,16.481009576367473,0.38796286588127793,0.239992737149625,1.3682974118650595,0.3489208633093525,0.003092412118997712,0.5038042068778383,0.08511566311848162,1.5403423880490563,0.6250336346644769,0.029202440797464924,16250.336346644752
H4,34,4.0,W1,120,long,0.0,184,10.908294108099335,0.4370517420093411,0.23607555988814555,1.5684871626620651,0.375,0.004770678139794063,0.5649221870871465,0.07857792896512805,1.8867359688735477,0.6459057054564297,0.029981432922071116,16459.057054564295
H4,34,4.0,W1,120,long,1.0,184,10.908294108099335,0.4370517420093411,0.23607555988814555,1.5684871626620651,0.375,0.004770678139794063,0.5649221870871465,0.07857792896512805,1.8867359688735477,0.6459057054564297,0.029981432922071116,16459.057054564295
H4,34,4.0,W1,120,short,0.0,105,7.749292786421499,-0.10293970075043961,0.20567399975116207,0.9014973755678953,0.3047619047619048,-0.0008346951394962864,-0.0024925402975618976,0.08984816604240242,0.9974761582061055,-0.005869823766722515,-0.00043439141506107504,9941.30176233278
H4,34,4.0,W1,120,short,1.0,105,7.749292786421499,-0.10293970075043961,0.20567399975116207,0.9014973755678953,0.3047619047619048,-0.0008346951394962864,-0.0024925402975618976,0.08984816604240242,0.9974761582061055,-0.005869823766722515,-0.00043439141506107504,9941.30176233278
H4,34,3.0,none,0,both,0.0,701,32.471813570069756,0.2997506050667646,0.3269576702201904,1.1966539808181527,0.2796005706134094,0.0012217740524866636,0.3748696677628549,0.15241457645272316,1.2586587824510183,0.7533304044711966,0.02635189646589553,17533.30404471198
H4,34,3.0,none,0,both,1.0,701,32.471813570069756,0.2997506050667646,0.3269576702201904,1.1966539808181527,0.2796005706134094,0.0012217740524866636,0.3748696677628549,0.15241457645272316,1.2586587824510183,0.7533304044711966,0.02635189646589553,17533.30404471198
H4,34,3.0,none,0,long,0.0,667,30.91254282451466,0.6017498968285894,0.256776472055135,1.4587075672289214,0.29985007496251875,0.0026721640673155436,0.6390211698975637,0.1761514645068355,1.5518680013993889,2.101670368250455,0.05386095712625494,31016.703682504623
H4,34,3.0,none,0,long,1.0,667,30.91254282451466,0.6017498968285894,0.256776472055135,1.4587075672289214,0.29985007496251875,0.0026721640673155436,0.6390211698975637,0.1761514645068355,1.5518680013993889,2.101670368250455,0.05386095712625494,31016.703682504623
H4,34,3.0,none,0,short,0.0,668,30.943183259353205,-0.24934039814179754,0.5228734458514988,0.86970762808897,0.2694610778443114,-0.0008321574890064079,-0.23615181718255213,0.2560450360998323,0.879981315757881,-0.24576730544819192,-0.012980376932419602,7542.326945518086
H4,34,3.0,none,0,short,1.0,668,30.943183259353205,-0.24934039814179754,0.5228734458514988,0.86970762808897,0.2694610778443114,-0.0008321574890064079,-0.23615181718255213,0.2560450360998323,0.879981315757881,-0.24576730544819192,-0.012980376932419602,7542.326945518086
H4,34,3.0,D1,20,both,0.0,403,18.936800463141644,0.3151812878044426,0.2776709056429627,1.2828454326631713,0.29280397022332505,0.0016145363977893151,0.36868345945852543,0.10901826889270938,1.3455739980854589,0.4552275909246353,0.01778502203018162,14552.275909246391
H4,34,3.0,D1,20,both,1.0,403,18.936800463141644,0.3151812878044426,0.2776709056429627,1.2828454326631713,0.29280397022332505,0.0016145363977893151,0.36868345945852543,0.10901826889270938,1.3455739980854589,0.4552275909246353,0.01778502203018162,14552.275909246391
H4,34,3.0,D1,20,long,0.0,231,10.868575293056807,0.47282822124457813,0.14295656871118023,1.6169715587300224,0.3333333333333333,0.0032161078418612913,0.5238916825011753,0.08097376909112697,1.7246631406183686,0.5541067547774075,0.020961099231418423,15541.067547774088
H4,34,3.0,D1,20,long,1.0,231,10.868575293056807,0.47282822124457813,0.14295656871118023,1.6169715587300224,0.3333333333333333,0.0032161078418612913,0.5238916825011753,0.08097376909112697,1.7246631406183686,0.5541067547774075,0.020961099231418423,15541.067547774088
H4,34,3.0,D1,20,short,0.0,258,12.143621134020618,0.11957035990323034,0.27339887957590947,1.1211295263242682,0.2868217054263566,0.0007406020846233578,0.13161916469133228,0.09812449106513133,1.1336459732833488,0.09172850553738154,0.004139362240916267,10917.285055373826
H4,34,3.0,D1,20,short,1.0,258,12.143621134020618,0.11957035990323034,0.27339887957590947,1.1211295263242682,0.2868217054263566,0.0007406020846233578,0.13161916469133228,0.09812449106513133,1.1336459732833488,0.09172850553738154,0.004139362240916267,10917.285055373826
H4,34,3.0,D1,32,both,0.0,430,20.260255417956657,0.2509846408493665,0.24464223772797256,1.201536471778906,0.29069767441860467,0.0011709933436429012,0.3610392291682194,0.08742146687773422,1.3120538913250075,0.4454117848777521,0.017509103543374982,14454.117848777534
H4,34,3.0,D1,32,both,1.0,430,20.260255417956657,0.2509846408493665,0.24464223772797256,1.201536471778906,0.29069767441860467,0.0011709933436429012,0.3610392291682194,0.08742146687773422,1.3120538913250075,0.4454117848777521,0.017509103543374982,14454.117848777534
H4,34,3.0,D1,32,long,0.0,238,11.208032490974729,0.32332174202398606,0.18989229314057499,1.3588698283598868,0.31092436974789917,0.001998569057304948,0.31655233980061587,0.11574076876170591,1.3676132967863328,0.28349793719437666,0.011823140965709023,12834.97937194379
H4,34,3.0,D1,32,long,1.0,238,11.208032490974729,0.32332174202398606,0.18989229314057499,1.3588698283598868,0.31092436974789917,0.001998569057304948,0.31655233980061587,0.11574076876170591,1.3676132967863328,0.28349793719437666,0.011823140965709023,12834.97937194379
H4,34,3.0,D1,32,short,0.0,247,11.637867647058824,-0.0008394296752998551,0.28071235361856706,0.9991907054354575,0.27530364372469635,-4.9844028297220025e-06,0.1081300392081761,0.09424435603259695,1.1114737629336482,0.06841031272207587,0.003122676305833405,10684.103127220766
H4,34,3.0,D1,32,short,1.0,247,11.637867647058824,-0.0008394296752998551,0.28071235361856706,0.9991907054354575,0.27530364372469635,-4.9844028297220025e-06,0.1081300392081761,0.09424435603259695,1.1114737629336482,0.06841031272207587,0.003122676305833405,10684.103127220766
H4,34,3.0,D1,50,both,0.0,459,21.755742278743835,-0.10478843117991207,0.5045390676768062,0.929377843104851,0.2679738562091503,-0.0004377060049754001,-0.05748428426184825,0.24952659986058445,0.9612804784571939,-0.0781947878543865,-0.0038517823570737297,9218.052121456147
H4,34,3.0,D1,50,both,1.0,459,21.755742278743835,-0.10478843117991207,0.5045390676768062,0.929377843104851,0.2679738562091503,-0.0004377060049754001,-0.05748428426184825,0.24952659986058445,0.9612804784571939,-0.0781947878543865,-0.0038517823570737297,9218.052121456147
H4,34,3.0,D1,50,long,0.0,263,12.667908479493605,0.20255240048591835,0.26902167494629015,1.2041381032258087,0.27756653992395436,0.001147926070333133,0.16945125630574942,0.17426143579279785,1.167592592569052,0.1369535144841354,0.006201490659338171,11369.535144841357
H4,34,3.0,D1,50,long,1.0,263,12.667908479493605,0.20255240048591835,0.26902167494629015,1.2041381032258087,0.27756653992395436,0.001147926070333133,0.16945125630574942,0.17426143579279785,1.167592592569052,0.1369535144841354,0.006201490659338171,11369.535144841357
H4,34,3.0,D1,50,short,0.0,230,10.984244246861925,-0.3323937992420055,0.4478068990440437,0.7272714929488927,0.2608695652173913,-0.0018682510198525413,-0.28071156492153637,0.1694032048093571,0.7780275727782119,-0.14853871858784273,-0.007650067335459254,8514.612814121569
H4,34,3.0,D1,50,short,1.0,230,10.984244246861925,-0.3323937992420055,0.4478068990440437,0.7272714929488927,0.2608695652173913,-0.0018682510198525413,-0.28071156492153637,0.1694032048093571,0.7780275727782119,-0.14853871858784273,-0.007650067335459254,8514.612814121569
H4,34,3.0,D1,80,both,0.0,490,23.441060903732808,0.14622447072437966,0.35946424064580007,1.0996986788690952,0.2897959183673469,0.000587981567478501,0.3999817341968296,0.10691665373990078,1.314083040504858,0.5498867418004678,0.02118338688302024,15498.867418004711
H4,34,3.0,D1,80,both,1.0,490,23.441060903732808,0.14622447072437966,0.35946424064580007,1.0996986788690952,0.2897959183673469,0.000587981567478501,0.3999817341968296,0.10691665373990078,1.314083040504858,0.5498867418004678,0.02118338688302024,15498.867418004711
H4,34,3.0,D1,80,long,0.0,267,12.89799629678614,0.2735011569040603,0.1408454919440547,1.2593297944281527,0.30711610486891383,0.0015224544669306197,0.45672440034902734,0.05751715863252105,1.5110603969119292,0.4802073597462011,0.019125783654497575,14802.073597462015
H4,34,3.0,D1,80,long,1.0,267,12.89799629678614,0.2735011569040603,0.1408454919440547,1.2593297944281527,0.30711610486891383,0.0015224544669306197,0.45672440034902734,0.05751715863252105,1.5110603969119292,0.4802073597462011,0.019125783654497575,14802.073597462015
H4,34,3.0,D1,80,short,0.0,240,11.481335952848722,-0.04597967289752458,0.31263701482759076,0.9564326645210872,0.2708333333333333,-0.00026270147389165357,0.11943312327492274,0.13078834755464452,1.1275156492169172,0.07985469346811169,0.0036820568868902726,10798.546934681119
H4,34,3.0,D1,80,short,1.0,240,11.481335952848722,-0.04597967289752458,0.31263701482759076,0.9564326645210872,0.2708333333333333,-0.00026270147389165357,0.11943312327492274,0.13078834755464452,1.1275156492169172,0.07985469346811169,0.0036820568868902726,10798.546934681119
H4,34,3.0,D1,120,both,0.0,527,25.42421740853256,0.3149319688924925,0.1794800845695922,1.217983221522855,0.3055028462998102,0.001270251307214571,0.4650956768727062,0.0740774539466077,1.3546339959395313,0.7098417103391386,0.026215478730098107,17098.417103391417
H4,34,3.0,D1,120,both,1.0,527,25.42421740853256,0.3149319688924925,0.1794800845695922,1.217983221522855,0.3055028462998102,0.001270251307214571,0.4650956768727062,0.0740774539466077,1.3546339959395313,0.7098417103391386,0.026215478730098107,17098.417103391417
H4,34,3.0,D1,120,long,0.0,288,13.894069475630696,0.4564786947485997,0.1209037114575533,1.4676034278503212,0.3229166666666667,0.00254430160811622,0.5329366955745583,0.08315737384362587,1.6024075624564296,0.6261360292740987,0.0237334730478298,16261.360292741023
H4,34,3.0,D1,120,long,1.0,288,13.894069475630696,0.4564786947485997,0.1209037114575533,1.4676034278503212,0.3229166666666667,0.00254430160811622,0.5329366955745583,0.08315737384362587,1.6024075624564296,0.6261360292740987,0.0237334730478298,16261.360292741023
H4,34,3.0,D1,120,short,0.0,258,12.856002728512962,-0.03282822278748192,0.262627386212418,0.9714176145098281,0.2868217054263566,-0.00017684305263309514,0.10056524460596736,0.08805126953459641,1.0970018942743545,0.06438391714973624,0.0031140054401617157,10643.839171497355
H4,34,3.0,D1,120,short,1.0,258,12.856002728512962,-0.03282822278748192,0.262627386212418,0.9714176145098281,0.2868217054263566,-0.00017684305263309514,0.10056524460596736,0.08805126953459641,1.0970018942743545,0.06438391714973624,0.0031140054401617157,10643.839171497355
H4,34,3.0,W1,20,both,0.0,584,28.103557312252963,0.2973599479659476,0.2576853592947226,1.1975651636184457,0.2910958904109589,0.0012101358055717744,0.40496999098643877,0.13388481431797683,1.2745061851599,0.6241520260268709,0.02361322562532453,16241.520260268742
H4,34,3.0,W1,20,both,1.0,584,28.103557312252963,0.2973599479659476,0.2576853592947226,1.1975651636184457,0.2910958904109589,0.0012101358055717744,0.40496999098643877,0.13388481431797683,1.2745061851599,0.6241520260268709,0.02361322562532453,16241.520260268742
H4,34,3.0,W1,20,long,0.0,338,16.265415019762845,0.5189456151303732,0.15524291596734519,1.5131603709448103,0.3136094674556213,0.0030097647798782157,0.6063511072171303,0.07835634691338655,1.6386100552465908,0.8938837076112736,0.031209589020907202,18938.837076112715
H4,34,3.0,W1,20,long,1.0,338,16.265415019762845,0.5189456151303732,0.15524291596734519,1.5131603709448103,0.3136094674556213,0.0030097647798782157,0.6063511072171303,0.07835634691338655,1.6386100552465908,0.8938837076112736,0.031209589020907202,18938.837076112715
H4,34,3.0,W1,20,short,0.0,284,14.1496385213477,-0.1508910726130287,0.24711111857945778,0.8799815448124734,0.2676056338028169,-0.0007761649172523986,-0.07130726557509572,0.10234328830944717,0.9441181445597671,-0.0601472486846133,-0.0030858320858049293,9398.527513153887
H4,34,3.0,W1,20,short,1.0,284,14.1496385213477,-0.1508910726130287,0.24711111857945778,0.8799815448124734,0.2676056338028169,-0.0007761649172523986,-0.07130726557509572,0.10234328830944717,0.9441181445597671,-0.0601472486846133,-0.0030858320858049293,9398.527513153887
H4,34,3.0,W1,32,both,0.0,584,28.708748317631226,0.2814975470764892,0.3026692723924218,1.1937190796979382,0.2842465753424658,0.001204251437348989,0.4281031884904551,0.1387843019815559,1.3330927067507126,0.8227799311192712,0.029952951179758935,18227.79931119276
H4,34,3.0,W1,32,both,1.0,584,28.708748317631226,0.2814975470764892,0.3026692723924218,1.1937190796979382,0.2842465753424658,0.001204251437348989,0.4281031884904551,0.1387843019815559,1.3330927067507126,0.8227799311192712,0.029952951179758935,18227.79931119276
H4,34,3.0,W1,32,long,0.0,363,17.84465006729475,0.46429292768034186,0.24671768675605033,1.4614889163402942,0.30303030303030304,0.0027423685868469554,0.5135061738639469,0.13726200980663406,1.5613940490394087,0.8444825039070494,0.030552396323418884,18444.825039070518
H4,34,3.0,W1,32,long,1.0,363,17.84465006729475,0.46429292768034186,0.24671768675605033,1.4614889163402942,0.30303030303030304,0.0027423685868469554,0.5135061738639469,0.13726200980663406,1.5613940490394087,0.8444825039070494,0.030552396323418884,18444.825039070518
H4,34,3.0,W1,32,short,0.0,263,13.512554508369673,-0.15132719321434532,0.31627707953542006,0.8765470096451038,0.2661596958174905,-0.0008011400394724831,0.02258347720712317,0.13171692089341602,1.020810823223918,0.0020562763002147655,0.00010554555932307252,10020.562763002134
H4,34,3.0,W1,32,short,1.0,263,13.512554508369673,-0.15132719321434532,0.31627707953542006,0.8765470096451038,0.2661596958174905,-0.0008011400394724831,0.02258347720712317,0.13171692089341602,1.020810823223918,0.0020562763002147655,0.00010554555932307252,10020.562763002134
H4,34,3.0,W1,50,both,0.0,575,29.205778055903213,0.3208072584636077,0.3492977954425006,1.2387821461202975,0.2817391304347826,0.001452565613134508,0.44379130242367776,0.19709107592785935,1.392490109968895,0.9457226219918504,0.03438732108167675,19457.226219918528
H4,34,3.0,W1,50,both,1.0,575,29.205778055903213,0.3208072584636077,0.3492977954425006,1.2387821461202975,0.2817391304347826,0.001452565613134508,0.44379130242367776,0.19709107592785935,1.392490109968895,0.9457226219918504,0.03438732108167675,19457.226219918528
H4,34,3.0,W1,50,long,0.0,377,19.148831873174803,0.39241750530002834,0.26874868301132426,1.3958622710251452,0.29708222811671087,0.002292691993665673,0.4733332421315531,0.14477893160219846,1.5386321509963676,0.8244719448403384,0.031012312745246406,18244.719448403426
H4,34,3.0,W1,50,long,1.0,377,19.148831873174803,0.39241750530002834,0.26874868301132426,1.3958622710251452,0.29708222811671087,0.002292691993665673,0.4733332421315531,0.14477893160219846,1.5386321509963676,0.8244719448403384,0.031012312745246406,18244.719448403426
H4,34,3.0,W1,50,short,0.0,238,12.406093906093906,0.045744981022324174,0.25037477492308613,1.0438632798296212,0.2647058823529412,0.0002886733179806177,0.1617616865804856,0.12407998151137012,1.1653797047760384,0.1185728663402521,0.0058580498870310915,11185.7286634025
H4,34,3.0,W1,50,short,1.0,238,12.406093906093906,0.045744981022324174,0.25037477492308613,1.0438632798296212,0.2647058823529412,0.0002886733179806177,0.1617616865804856,0.12407998151137012,1.1653797047760384,0.1185728663402521,0.0058580498870310915,11185.7286634025
H4,34,3.0,W1,80,both,0.0,555,29.973939080289814,0.29106601056235487,0.3919977224806612,1.2108866486509968,0.2774774774774775,0.0013086710246209554,0.41971875300448475,0.2068054593169022,1.3407736428683408,0.7775548671459485,0.031554590161839036,17775.54867145954
H4,34,3.0,W1,80,both,1.0,555,29.973939080289814,0.29106601056235487,0.3919977224806612,1.2108866486509968,0.2774774774774775,0.0013086710246209554,0.41971875300448475,0.2068054593169022,1.3407736428683408,0.7775548671459485,0.031554590161839036,17775.54867145954
H4,34,3.0,W1,80,long,0.0,362,19.550569273990835,0.45224534694838736,0.2855202291869793,1.4674957583449553,0.292817679558011,0.0027341122251001823,0.4957659264116521,0.1522682160500911,1.6054264058461318,0.9582300102877765,0.03696168876867434,19582.300102877824
H4,34,3.0,W1,80,long,1.0,362,19.550569273990835,0.45224534694838736,0.2855202291869793,1.4674957583449553,0.292817679558011,0.0027341122251001823,0.4957659264116521,0.1522682160500911,1.6054264058461318,0.9582300102877765,0.03696168876867434,19582.300102877824
H4,34,3.0,W1,80,short,0.0,212,13.436231129619989,-0.04412872966554038,0.2916629229858241,0.9613790844552077,0.25471698113207547,-0.0002609093859067404,-0.029180067972230158,0.12158521286970558,0.9756852340945973,-0.026608102520641053,-0.001707762158358772,9733.918974793572
H4,34,3.0,W1,80,short,1.0,212,13.436231129619989,-0.04412872966554038,0.2916629229858241,0.9613790844552077,0.25471698113207547,-0.0002609093859067404,-0.029180067972230158,0.12158521286970558,0.9756852340945973,-0.026608102520641053,-0.001707762158358772,9733.918974793572
H4,34,3.0,W1,120,both,0.0,508,29.878743961352658,0.36197366891754823,0.31588666087383477,1.266877786322854,0.28937007874015747,0.0015975546855507173,0.4669864436865243,0.18738362542922993,1.378754015574357,0.8285685585371179,0.03613524440155014,18285.685585371175
H4,34,3.0,W1,120,both,1.0,508,29.878743961352658,0.36197366891754823,0.31588666087383477,1.266877786322854,0.28937007874015747,0.0015975546855507173,0.4669864436865243,0.18738362542922993,1.378754015574357,0.8285685585371179,0.03613524440155014,18285.685585371175
H4,34,3.0,W1,120,long,0.0,338,19.92165563982572,0.43678464128436406,0.3229704135994048,1.4330004708784212,0.3076923076923077,0.00258071452346852,0.5098909948445515,0.18879224255255345,1.578131354167267,0.8148744941067212,0.03575340369108937,18148.744941067227
H4,34,3.0,W1,120,long,1.0,338,19.92165563982572,0.43678464128436406,0.3229704135994048,1.4330004708784212,0.3076923076923077,0.00258071452346852,0.5098909948445515,0.18879224255255345,1.578131354167267,0.8148744941067212,0.03575340369108937,18148.744941067227
H4,34,3.0,W1,120,short,0.0,184,12.747723823975722,-0.046387432664920625,0.21757931182782408,0.9596373328935474,0.266304347826087,-0.00023848240805366815,0.04554468235775789,0.11537665867293456,1.0409072384079674,0.01506563481221046,0.0010365162852332688,10150.656348122106
H4,34,3.0,W1,120,short,1.0,184,12.747723823975722,-0.046387432664920625,0.21757931182782408,0.9596373328935474,0.266304347826087,-0.00023848240805366815,0.04554468235775789,0.11537665867293456,1.0409072384079674,0.01506563481221046,0.0010365162852332688,10150.656348122106
H4,34,2.5,none,0,both,0.0,931,43.12590361445783,0.5826366572919539,0.2555131087318463,1.38144609788888,0.2781954887218045,0.001922477287804667,0.5815408668438988,0.15764545745086178,1.4251685790585567,2.0783737242352323,0.05346493630476434,30783.737242352272
H4,34,2.5,none,0,both,1.0,931,43.12590361445783,0.5826366572919539,0.2555131087318463,1.38144609788888,0.2781954887218045,0.001922477287804667,0.5815408668438988,0.15764545745086178,1.4251685790585567,2.0783737242352323,0.05346493630476434,30783.737242352272
H4,34,2.5,none,0,long,0.0,878,40.69147316330415,0.5702417263237873,0.33691795814383907,1.3888469834999617,0.2722095671981777,0.001897786304587442,0.5853897937855282,0.2635121509350472,1.4556659556969405,2.2754211505225617,0.05652648039888142,32754.21150522571
H4,34,2.5,none,0,long,1.0,878,40.69147316330415,0.5702417263237873,0.33691795814383907,1.3888469834999617,0.2722095671981777,0.001897786304587442,0.5853897937855282,0.2635121509350472,1.4556659556969405,2.2754211505225617,0.05652648039888142,32754.21150522571
H4,34,2.5,none,0,short,0.0,879,40.71715282181357,-0.3163794669795906,0.5613908857327181,0.8531809767613929,0.24573378839590443,-0.0007910360036867964,-0.24032618658572277,0.3155100735096039,0.8860472887019643,-0.3036329419567112,-0.0166232604521257,6963.670580432906
H4,34,2.5,none,0,short,1.0,879,40.71715282181357,-0.3163794669795906,0.5613908857327181,0.8531809767613929,0.24573378839590443,-0.0007910360036867964,-0.24032618658572277,0.3155100735096039,0.8860472887019643,-0.3036329419567112,-0.0166232604521257,6963.670580432906
H4,34,2.5,D1,20,both,0.0,581,27.15769772203737,0.2245644979529374,0.26888373162780566,1.1570947663545836,0.2512908777969019,0.0007632421593675137,0.2847811362889472,0.15821853673748798,1.2093407002493943,0.3935736081733847,0.01563361884578418,13935.736081733878
H4,34,2.5,D1,20,both,1.0,581,27.15769772203737,0.2245644979529374,0.26888373162780566,1.1570947663545836,0.2512908777969019,0.0007632421593675137,0.2847811362889472,0.15821853673748798,1.2093407002493943,0.3935736081733847,0.01563361884578418,13935.736081733878
H4,34,2.5,D1,20,long,0.0,297,13.970283322601418,0.5268984507461687,0.10306284030793467,1.6211188874711782,0.31313131313131315,0.0026881465809905367,0.5632615475720005,0.0724612517933303,1.7184067338422147,0.7543286222141266,0.02679202909764733,17543.286222141294
H4,34,2.5,D1,20,long,1.0,297,13.970283322601418,0.5268984507461687,0.10306284030793467,1.6211188874711782,0.31313131313131315,0.0026881465809905367,0.5632615475720005,0.0724612517933303,1.7184067338422147,0.7543286222141266,0.02679202909764733,17543.286222141294
H4,34,2.5,D1,20,short,0.0,388,18.168846153846154,-0.12321925216339881,0.27474334332100625,0.9123789931578636,0.23195876288659795,-0.0004548351587628365,-0.11782469186856959,0.15786552939548004,0.9144760906066872,-0.11315697265615543,-0.005607536688908565,8868.430273438436
H4,34,2.5,D1,20,short,1.0,388,18.168846153846154,-0.12321925216339881,0.27474334332100625,0.9123789931578636,0.23195876288659795,-0.0004548351587628365,-0.11782469186856959,0.15786552939548004,0.9144760906066872,-0.11315697265615543,-0.005607536688908565,8868.430273438436
H4,34,2.5,D1,32,both,0.0,624,29.242494226327945,0.19478065654882576,0.26997048137185076,1.1295212190902153,0.27724358974358976,0.00062071218871182,0.3237762704010567,0.14863275438466328,1.238837743057185,0.5001189594650111,0.01918676104331607,15001.189594650086
H4,34,2.5,D1,32,both,1.0,624,29.242494226327945,0.19478065654882576,0.26997048137185076,1.1295212190902153,0.27724358974358976,0.00062071218871182,0.3237762704010567,0.14863275438466328,1.238837743057185,0.5001189594650111,0.01918676104331607,15001.189594650086
H4,34,2.5,D1,32,long,0.0,313,14.781904577191622,0.3064143434537462,0.15146640890717822,1.31449413733668,0.3003194888178914,0.0014365955347024246,0.3233961535816836,0.1122752856245377,1.3444041007984384,0.3543748391383441,0.014428799602993037,13543.748391383457
H4,34,2.5,D1,32,long,1.0,313,14.781904577191622,0.3064143434537462,0.15146640890717822,1.31449413733668,0.3003194888178914,0.0014365955347024246,0.3233961535816836,0.1122752856245377,1.3444041007984384,0.3543748391383441,0.014428799602993037,13543.748391383457
H4,34,2.5,D1,32,short,0.0,369,17.29243648960739,-0.09904993661477929,0.30719401345355335,0.925492144795596,0.24932249322493225,-0.00037852653721134427,0.06706171935647771,0.11204066149518199,1.0586346021258557,0.04377876285104709,0.002009981012984552,10437.787628510467
H4,34,2.5,D1,32,short,1.0,369,17.29243648960739,-0.09904993661477929,0.30719401345355335,0.925492144795596,0.24932249322493225,-0.00037852653721134427,0.06706171935647771,0.11204066149518199,1.0586346021258557,0.04377876285104709,0.002009981012984552,10437.787628510467
H4,34,2.5,D1,50,both,0.0,660,31.11720666064283,-0.1946192578605559,0.5803050952386233,0.8911823797591508,0.23636363636363636,-0.000557957957628571,-0.1459214598275006,0.379994458398492,0.9153735557812864,-0.1987739086066156,-0.010394013830022364,8012.260913933843
H4,34,2.5,D1,50,both,1.0,660,31.11720666064283,-0.1946192578605559,0.5803050952386233,0.8911823797591508,0.23636363636363636,-0.000557957957628571,-0.1459214598275006,0.379994458398492,0.9153735557812864,-0.1987739086066156,-0.010394013830022364,8012.260913933843
H4,34,2.5,D1,50,long,0.0,354,16.703074538173365,0.1361106995451181,0.33141273255020265,1.1187088859508731,0.2570621468926554,0.0005681859073529547,0.11082077041178223,0.231434883403282,1.0966435850114689,0.09431432100890347,0.004261637845616617,10943.143210089036
H4,34,2.5,D1,50,long,1.0,354,16.703074538173365,0.1361106995451181,0.33141273255020265,1.1187088859508731,0.2570621468926554,0.0005681859073529547,0.11082077041178223,0.231434883403282,1.0966435850114689,0.09431432100890347,0.004261637845616617,10943.143210089036
H4,34,2.5,D1,50,short,0.0,349,16.578521264143582,-0.45301518154542464,0.49374019976832983,0.7022775094022069,0.21203438395415472,-0.0016230235191677408,-0.3800233223888432,0.2544666149877899,0.7482801716553573,-0.23920134169856433,-0.012902697422310982,7607.98658301435
H4,34,2.5,D1,50,short,1.0,349,16.578521264143582,-0.45301518154542464,0.49374019976832983,0.7022775094022069,0.21203438395415472,-0.0016230235191677408,-0.3800233223888432,0.2544666149877899,0.7482801716553573,-0.23920134169856433,-0.012902697422310982,7607.98658301435
H4,34,2.5,D1,80,both,0.0,700,33.30836373110996,0.06911939897618294,0.26495227719369874,1.0400139184703823,0.25142857142857145,0.00020717738267009013,0.2995305301931481,0.15763338161460905,1.1987828652539538,0.49061490470763136,0.019176295260469933,14906.149047076353
H4,34,2.5,D1,80,both,1.0,700,33.30836373110996,0.06911939897618294,0.26495227719369874,1.0400139184703823,0.25142857142857145,0.00020717738267009013,0.2995305301931481,0.15763338161460905,1.1987828652539538,0.49061490470763136,0.019176295260469933,14906.149047076353
H4,34,2.5,D1,80,long,0.0,363,17.533159217138323,0.28495175650902094,0.17490572148862615,1.246107528199611,0.2727272727272727,0.0012302517559883285,0.43936088313343896,0.096404576026062,1.4304465859938567,0.5949311320266197,0.022804382577994664,15949.31132026625
H4,34,2.5,D1,80,long,1.0,363,17.533159217138323,0.28495175650902094,0.17490572148862615,1.246107528199611,0.2727272727272727,0.0012302517559883285,0.43936088313343896,0.096404576026062,1.4304465859938567,0.5949311320266197,0.022804382577994664,15949.31132026625
H4,34,2.5,D1,80,short,0.0,363,17.272765763418448,-0.19845566908603154,0.4103986379912423,0.8542696363624306,0.22865013774104684,-0.0007902117363105637,-0.017542642430707293,0.1481520437163375,0.9849847356553114,-0.03860142653713361,-0.0018714237739564377,9613.985734628666
H4,34,2.5,D1,80,short,1.0,363,17.272765763418448,-0.19845566908603154,0.4103986379912423,0.8542696363624306,0.22865013774104684,-0.0007902117363105637,-0.017542642430707293,0.1481520437163375,0.9849847356553114,-0.03860142653713361,-0.0018714237739564377,9613.985734628666
H4,34,2.5,D1,120,both,0.0,737,35.52246634996041,0.30447737308041944,0.1845330094961115,1.184981115249475,0.27408412483039346,0.0009379204504056335,0.44569245942162133,0.10760283769155976,1.2945248337995348,0.8794241435729289,0.03087889455969628,18794.241435729335
H4,34,2.5,D1,120,both,1.0,737,35.52246634996041,0.30447737308041944,0.1845330094961115,1.184981115249475,0.27408412483039346,0.0009379204504056335,0.44569245942162133,0.10760283769155976,1.2945248337995348,0.8794241435729289,0.03087889455969628,18794.241435729335
H4,34,2.5,D1,120,long,0.0,381,18.378268621236135,0.48337990948067555,0.12708537839988443,1.449793777868246,0.2992125984251969,0.002136643465090771,0.5392847859747009,0.09081259942920195,1.5568232373085567,0.8526930801423531,0.030191628680155125,18526.93080142355
H4,34,2.5,D1,120,long,1.0,381,18.378268621236135,0.48337990948067555,0.12708537839988443,1.449793777868246,0.2992125984251969,0.002136643465090771,0.5392847859747009,0.09081259942920195,1.5568232373085567,0.8526930801423531,0.030191628680155125,18526.93080142355
H4,34,2.5,D1,120,short,0.0,376,18.226144658261447,-0.11833673926499674,0.2762972743185409,0.9113432661914068,0.24468085106382978,-0.00048091131421307363,0.032511102539948544,0.10908804303539199,1.0262518842627666,0.009653228987463791,0.0004657929521236781,10096.532289874633
H4,34,2.5,D1,120,short,1.0,376,18.226144658261447,-0.11833673926499674,0.2762972743185409,0.9113432661914068,0.24468085106382978,-0.00048091131421307363,0.032511102539948544,0.10908804303539199,1.0262518842627666,0.009653228987463791,0.0004657929521236781,10096.532289874633
H4,34,2.5,W1,20,both,0.0,794,38.113878302010775,0.2733623352852503,0.25217487868985433,1.1633794583911492,0.2619647355163728,0.000862853616004174,0.34573886697894,0.21220506470682665,1.2046597348730144,0.6339196833347398,0.02384821683512084,16339.196833347432
H4,34,2.5,W1,20,both,1.0,794,38.113878302010775,0.2733623352852503,0.25217487868985433,1.1633794583911492,0.2619647355163728,0.000862853616004174,0.34573886697894,0.21220506470682665,1.2046597348730144,0.6339196833347398,0.02384821683512084,16339.196833347432
H4,34,2.5,W1,20,long,0.0,462,22.17709291628335,0.47139685614391064,0.1939960377851595,1.4111008264604152,0.2748917748917749,0.0021171970187939524,0.5312657115908702,0.14345343309485414,1.48220254002284,0.978809499432509,0.033303957063580025,19788.0949943251
H4,34,2.5,W1,20,long,1.0,462,22.17709291628335,0.47139685614391064,0.1939960377851595,1.4111008264604152,0.2748917748917749,0.0021171970187939524,0.5312657115908702,0.14345343309485414,1.48220254002284,0.978809499432509,0.033303957063580025,19788.0949943251
H4,34,2.5,W1,20,short,0.0,376,18.4390440386681,-0.17079933371212874,0.29771711117900346,0.8766078388016526,0.2473404255319149,-0.000668869207778367,-0.0812853770377077,0.17220388179241886,0.9426347745894752,-0.08464843378587883,-0.0043280517485612124,9153.515662141212
H4,34,2.5,W1,20,short,1.0,376,18.4390440386681,-0.17079933371212874,0.29771711117900346,0.8766078388016526,0.2473404255319149,-0.000668869207778367,-0.0812853770377077,0.17220388179241886,0.9426347745894752,-0.08464843378587883,-0.0043280517485612124,9153.515662141212
H4,34,2.5,W1,32,both,0.0,788,38.674684224670784,0.24917570731903227,0.3248803715001778,1.1527708741730072,0.2512690355329949,0.0008140442598731289,0.40612681947250795,0.18484868740189342,1.2731310424558555,0.9254435688431435,0.03267732936347012,19254.43568843146
H4,34,2.5,W1,32,both,1.0,788,38.674684224670784,0.24917570731903227,0.3248803715001778,1.1527708741730072,0.2512690355329949,0.0008140442598731289,0.40612681947250795,0.18484868740189342,1.2731310424558555,0.9254435688431435,0.03267732936347012,19254.43568843146
H4,34,2.5,W1,32,long,0.0,485,23.803581026605748,0.4704585703402332,0.34032352349111394,1.4225079238349587,0.2721649484536082,0.0021046602926005882,0.5200158174968579,0.21884191839304323,1.4966274691594932,1.0469075434060424,0.03578247937040846,20469.07543406048
H4,34,2.5,W1,32,long,1.0,485,23.803581026605748,0.4704585703402332,0.34032352349111394,1.4225079238349587,0.2721649484536082,0.0021046602926005882,0.5200158174968579,0.21884191839304323,1.4966274691594932,1.0469075434060424,0.03578247937040846,20469.07543406048
H4,34,2.5,W1,32,short,0.0,350,17.98248698832466,-0.21361176832827677,0.32960466130689936,0.8445392061471096,0.2257142857142857,-0.0008649597990763486,-0.0312770542368944,0.16293786942155541,0.9744130129937393,-0.05279530832873547,-0.002782895413555475,9472.04691671266
H4,34,2.5,W1,32,short,1.0,350,17.98248698832466,-0.21361176832827677,0.32960466130689936,0.8445392061471096,0.2257142857142857,-0.0008649597990763486,-0.0312770542368944,0.16293786942155541,0.9744130129937393,-0.05279530832873547,-0.002782895413555475,9472.04691671266
H4,34,2.5,W1,50,both,0.0,769,39.05955360867752,0.34901695167416724,0.34491177301423814,1.2325531258550488,0.2574772431729519,0.0012046383719789258,0.5010641307225492,0.22456833140225196,1.3990609169041222,1.4924657803141246,0.047480269634980976,24924.657803141294
H4,34,2.5,W1,50,both,1.0,769,39.05955360867752,0.34901695167416724,0.34491177301423814,1.2325531258550488,0.2574772431729519,0.0012046383719789258,0.5010641307225492,0.22456833140225196,1.3990609169041222,1.4924657803141246,0.047480269634980976,24924.657803141294
H4,34,2.5,W1,50,long,0.0,493,25.040780141843975,0.42484983504855867,0.3371967375451854,1.3856298168494179,0.25963488843813387,0.0019022690193939938,0.5036678531456198,0.22984863871830796,1.5380524879621718,1.22412862747546,0.04143740944103658,22241.286274754595
H4,34,2.5,W1,50,long,1.0,493,25.040780141843975,0.42484983504855867,0.3371967375451854,1.3856298168494179,0.25963488843813387,0.0019022690193939938,0.5036678531456198,0.22984863871830796,1.5380524879621718,1.22412862747546,0.04143740944103658,22241.286274754595
H4,34,2.5,W1,50,short,0.0,315,16.42686322101656,0.032714741714525555,0.2610474892869602,1.028772400240977,0.2571428571428571,0.00015789271243271278,0.20313143729796523,0.13108917829263844,1.1955495430291738,0.19013846989362215,0.009118844744780752,11901.384698936192
H4,34,2.5,W1,50,short,1.0,315,16.42686322101656,0.032714741714525555,0.2610474892869602,1.028772400240977,0.2571428571428571,0.00015789271243271278,0.20313143729796523,0.13108917829263844,1.1955495430291738,0.19013846989362215,0.009118844744780752,11901.384698936192
H4,34,2.5,W1,80,both,0.0,731,39.479188230075415,0.31481000868400866,0.40394960484783715,1.2083690918303185,0.24350205198358413,0.0010830579068876762,0.42324794448868225,0.25240010203006946,1.304861146570658,0.9926816853904707,0.03793886325453144,19926.816853904707
H4,34,2.5,W1,80,both,1.0,731,39.479188230075415,0.31481000868400866,0.40394960484783715,1.2083690918303185,0.24350205198358413,0.0010830579068876762,0.42324794448868225,0.25240010203006946,1.304861146570658,0.9926816853904707,0.03793886325453144,19926.816853904707
H4,34,2.5,W1,80,long,0.0,464,25.059293213071125,0.46608031305579517,0.2868740871211426,1.4419590543081267,0.24568965517241378,0.002153822229739887,0.49828683661403433,0.19114326914407087,1.5389615991186272,1.189234781003277,0.04322551769447536,21892.34781003279
H4,34,2.5,W1,80,long,1.0,464,25.059293213071125,0.46608031305579517,0.2868740871211426,1.4419590543081267,0.24568965517241378,0.002153822229739887,0.49828683661403433,0.19114326914407087,1.5389615991186272,1.189234781003277,0.04322551769447536,21892.34781003279
H4,34,2.5,W1,80,short,0.0,289,18.249870331950206,-0.16788633945896014,0.3873608662841219,0.8734744626719047,0.23183391003460208,-0.0007240824532695463,-0.08050783601049483,0.16915311008705203,0.9403535399009502,-0.06986024902504717,-0.004562788929084571,9301.397509749526
H4,34,2.5,W1,80,short,1.0,289,18.249870331950206,-0.16788633945896014,0.3873608662841219,0.8734744626719047,0.23183391003460208,-0.0007240824532695463,-0.08050783601049483,0.16915311008705203,0.9403535399009502,-0.06986024902504717,-0.004562788929084571,9301.397509749526
H4,34,2.5,W1,120,both,0.0,669,39.37989524576954,0.353360770885224,0.36535254783250626,1.2355425279674002,0.24962630792227206,0.0011613322748991561,0.46554606958368505,0.2532029809040157,1.3538418431811026,1.1121094179671753,0.044994605027343315,21121.094179671752
H4,34,2.5,W1,120,both,1.0,669,39.37989524576954,0.353360770885224,0.36535254783250626,1.2355425279674002,0.24962630792227206,0.0011613322748991561,0.46554606958368505,0.2532029809040157,1.3538418431811026,1.1121094179671753,0.044994605027343315,21121.094179671752
H4,34,2.5,W1,120,long,0.0,427,25.167298692915924,0.4881694888909188,0.32981026154025117,1.4514410352897023,0.27400468384074944,0.002207915889042911,0.5601092347774373,0.22735903876360852,1.6059923545047174,1.253026182443183,0.04903982302933563,22530.261824431807
H4,34,2.5,W1,120,long,1.0,427,25.167298692915924,0.4881694888909188,0.32981026154025117,1.4514410352897023,0.27400468384074944,0.002207915889042911,0.5601092347774373,0.22735903876360852,1.6059923545047174,1.253026182443183,0.04903982302933563,22530.261824431807
H4,34,2.5,W1,120,short,0.0,260,18.030187962787164,-0.1820545415617538,0.29553989975583517,0.8626009928696448,0.21153846153846154,-0.0006808756347503661,-0.10071996540288353,0.18958727196746816,0.9220187902332871,-0.08223839473798034,-0.005933510104185302,9177.616052620186
H4,34,2.5,W1,120,short,1.0,260,18.030187962787164,-0.1820545415617538,0.29553989975583517,0.8626009928696448,0.21153846153846154,-0.0006808756347503661,-0.10071996540288353,0.18958727196746816,0.9220187902332871,-0.08223839473798034,-0.005933510104185302,9177.616052620186
H4,34,2.0,none,0,both,0.0,1225,56.74461001902347,0.44123050634778027,0.22947115235506188,1.2436160427847458,0.2563265306122449,0.001025521364219747,0.4758704579594311,0.18635258173630265,1.2927404045004292,1.8019235279276442,0.048883197113276156,28019.235279276378
H4,34,2.0,none,0,both,1.0,1225,56.74461001902347,0.44123050634778027,0.22947115235506188,1.2436160427847458,0.2563265306122449,0.001025521364219747,0.4758704579594311,0.18635258173630265,1.2927404045004292,1.8019235279276442,0.048883197113276156,28019.235279276378
H4,34,2.0,none,0,long,0.0,1142,52.926722497145036,0.6547998267069536,0.15698476543896733,1.4211577471004269,0.2565674255691769,0.0017321895947729363,0.6538319021613531,0.1252683611419937,1.4692367721041781,2.898490903790021,0.06508796766339864,38984.90903790006
H4,34,2.0,none,0,long,1.0,1142,52.926722497145036,0.6547998267069536,0.15698476543896733,1.4211577471004269,0.2565674255691769,0.0017321895947729363,0.6538319021613531,0.1252683611419937,1.4692367721041781,2.898490903790021,0.06508796766339864,38984.90903790006
H4,34,2.0,none,0,short,0.0,1143,52.94619530754598,-0.16276191999101564,0.4003419104429795,0.9279766291251167,0.23972003499562555,-0.00030256109178915583,-0.07265468309316891,0.31159353789255595,0.9668391879634051,-0.16437087654818072,-0.008283583834096664,8356.291234518132
H4,34,2.0,none,0,short,1.0,1143,52.94619530754598,-0.16276191999101564,0.4003419104429795,0.9279766291251167,0.23972003499562555,-0.00030256109178915583,-0.07265468309316891,0.31159353789255595,0.9668391879634051,-0.16437087654818072,-0.008283583834096664,8356.291234518132
H4,34,2.0,D1,20,both,0.0,829,38.740052456499484,0.3040195319819985,0.18267616091326766,1.195016281519892,0.2617611580217129,0.0007575221943428971,0.360510782388692,0.12187598086796714,1.2422680586452275,0.6645139174387702,0.024096771930366634,16645.139174387637
H4,34,2.0,D1,20,both,1.0,829,38.740052456499484,0.3040195319819985,0.18267616091326766,1.195016281519892,0.2617611580217129,0.0007575221943428971,0.360510782388692,0.12187598086796714,1.2422680586452275,0.6645139174387702,0.024096771930366634,16645.139174387637
H4,34,2.0,D1,20,long,0.0,356,16.693927333418923,0.5182561060990206,0.09624999749067564,1.6259940763138456,0.2949438202247191,0.00238936033368462,0.5370161131856108,0.08808661101336757,1.6858644411701043,0.9053185330925706,0.030691122672464655,19053.185330925702
H4,34,2.0,D1,20,long,1.0,356,16.693927333418923,0.5182561060990206,0.09624999749067564,1.6259940763138456,0.2949438202247191,0.00238936033368462,0.5370161131856108,0.08808661101336757,1.6858644411701043,0.9053185330925706,0.030691122672464655,19053.185330925702
H4,34,2.0,D1,20,short,0.0,596,27.90526855531342,-0.0524531157570861,0.22236140660710746,0.9672251146895714,0.2332214765100671,-0.00012962614748380475,-0.02810229443782201,0.17246984032256607,0.98259146789107,-0.05625859367056796,-0.0027074040553871637,9437.414063294294
H4,34,2.0,D1,20,short,1.0,596,27.90526855531342,-0.0524531157570861,0.22236140660710746,0.9672251146895714,0.2332214765100671,-0.00012962614748380475,-0.02810229443782201,0.17246984032256607,0.98259146789107,-0.05625859367056796,-0.0027074040553871637,9437.414063294294
H4,34,2.0,D1,32,both,0.0,885,41.47372979214781,0.19289513720505103,0.2798075898279234,1.1155713335649553,0.26101694915254237,0.0004614961148362829,0.26365232991147736,0.18945049025591898,1.169011088524785,0.4533927999994396,0.017676509667651885,14533.927999994414
H4,34,2.0,D1,32,both,1.0,885,41.47372979214781,0.19289513720505103,0.2798075898279234,1.1155713335649553,0.26101694915254237,0.0004614961148362829,0.26365232991147736,0.18945049025591898,1.169011088524785,0.4533927999994396,0.017676509667651885,14533.927999994414
H4,34,2.0,D1,32,long,0.0,408,19.238574748257165,0.38206847124208265,0.14407649157301705,1.3983131999351441,0.27941176470588236,0.0015387989553725446,0.38705936049918066,0.11343268871824752,1.4175867052843447,0.609283027790573,0.02268860120387428,16092.830277905767
H4,34,2.0,D1,32,long,1.0,408,19.238574748257165,0.38206847124208265,0.14407649157301705,1.3983131999351441,0.27941176470588236,0.0015387989553725446,0.38705936049918066,0.11343268871824752,1.4175867052843447,0.609283027790573,0.02268860120387428,16092.830277905767
H4,34,2.0,D1,32,short,0.0,564,26.430715935334874,-0.06965986669014676,0.2814754493421817,0.9548132101885073,0.2429078014184397,-0.00018534610698468803,0.07037690842599088,0.18058095243384442,1.0504657064646719,0.05318124636170518,0.002431171418913358,10531.81246361706
H4,34,2.0,D1,32,short,1.0,564,26.430715935334874,-0.06965986669014676,0.2814754493421817,0.9548132101885073,0.2429078014184397,-0.00018534610698468803,0.07037690842599088,0.18058095243384442,1.0504657064646719,0.05318124636170518,0.002431171418913358,10531.81246361706
H4,34,2.0,D1,50,both,0.0,918,43.24771056365278,-0.050599915710428774,0.41004584834522906,0.9729033431525905,0.2494553376906318,-0.00010997017200654248,0.04353331785047227,0.3323864187241903,1.0249920081801926,0.007600530939507744,0.0003567767969223645,10076.00530939512
H4,34,2.0,D1,50,both,1.0,918,43.24771056365278,-0.050599915710428774,0.41004584834522906,0.9729033431525905,0.2494553376906318,-0.00010997017200654248,0.04353331785047227,0.3323864187241903,1.0249920081801926,0.007600530939507744,0.0003567767969223645,10076.00530939512
H4,34,2.0,D1,50,long,0.0,440,20.80388349514563,0.16759866592535796,0.2901348323805,1.1486166852480495,0.2636363636363636,0.0005813511813323672,0.1735928883254861,0.26287435281712823,1.166874575226741,0.2233903315231256,0.009578774411041824,12233.903315231286
H4,34,2.0,D1,50,long,1.0,440,20.80388349514563,0.16759866592535796,0.2901348323805,1.1486166852480495,0.2636363636363636,0.0005813511813323672,0.1735928883254861,0.26287435281712823,1.166874575226741,0.2233903315231256,0.009578774411041824,12233.903315231286
H4,34,2.0,D1,50,short,0.0,535,25.20752708978328,-0.34708867161692664,0.40528117286215304,0.7948655379275847,0.2261682242990654,-0.0008541200347629019,-0.2690435666680758,0.23963824793184763,0.8435457849817445,-0.2354203153616945,-0.012567892470220499,7645.79684638304
H4,34,2.0,D1,50,short,1.0,535,25.20752708978328,-0.34708867161692664,0.40528117286215304,0.7948655379275847,0.2261682242990654,-0.0008541200347629019,-0.2690435666680758,0.23963824793184763,0.8435457849817445,-0.2354203153616945,-0.012567892470220499,7645.79684638304
H4,34,2.0,D1,80,both,0.0,961,45.72762506513809,0.2974248795724516,0.1557440659794571,1.1750300106468419,0.2497398543184183,0.0007082304220018187,0.45115675492259955,0.11055364975060233,1.2997866218462995,1.1351045396835415,0.036751984251615744,21351.045396835383
H4,34,2.0,D1,80,both,1.0,961,45.72762506513809,0.2974248795724516,0.1557440659794571,1.1750300106468419,0.2497398543184183,0.0007082304220018187,0.45115675492259955,0.11055364975060233,1.2997866218462995,1.1351045396835415,0.036751984251615744,21351.045396835383
H4,34,2.0,D1,80,long,0.0,480,23.17821258593337,0.4369663980444622,0.11401694172418608,1.4085738218548538,0.25416666666666665,0.0016471926378113604,0.5463485185812665,0.06779226324406296,1.5849879433721537,1.2480888631389115,0.039892267703069084,22480.888631389113
H4,34,2.0,D1,80,long,1.0,480,23.17821258593337,0.4369663980444622,0.11401694172418608,1.4085738218548538,0.25416666666666665,0.0016471926378113604,0.5463485185812665,0.06779226324406296,1.5849879433721537,1.2480888631389115,0.039892267703069084,22480.888631389113
H4,34,2.0,D1,80,short,0.0,515,24.50543903074518,-0.07286952315123164,0.23758972323226568,0.9501794810650347,0.2407766990291262,-0.00020180093700477425,0.09154620355575496,0.12069286768395626,1.0696975447406873,0.0778655745727288,0.0035743058458843624,10778.6557457273
H4,34,2.0,D1,80,short,1.0,515,24.50543903074518,-0.07286952315123164,0.23758972323226568,0.9501794810650347,0.2407766990291262,-0.00020180093700477425,0.09154620355575496,0.12069286768395626,1.0696975447406873,0.0778655745727288,0.0035743058458843624,10778.6557457273
H4,34,2.0,D1,120,both,0.0,988,47.60778364116095,0.3757769154783738,0.15893553401315075,1.218127020576518,0.2540485829959514,0.0008986111819020554,0.5209925600641028,0.12520252451873481,1.3371922411061083,1.3552658708864533,0.04214253600893536,23552.658708864565
H4,34,2.0,D1,120,both,1.0,988,47.60778364116095,0.3757769154783738,0.15893553401315075,1.218127020576518,0.2540485829959514,0.0008986111819020554,0.5209925600641028,0.12520252451873481,1.3371922411061083,1.3552658708864533,0.04214253600893536,23552.658708864565
H4,34,2.0,D1,120,long,0.0,492,23.73256735340729,0.49808841270438986,0.12420529526578339,1.4642788923117693,0.27439024390243905,0.0018969043640343344,0.5941811692315129,0.09477176371636675,1.6160003489518613,1.3244580614887078,0.041526281559079115,23244.580614887152
H4,34,2.0,D1,120,long,1.0,492,23.73256735340729,0.49808841270438986,0.12420529526578339,1.4642788923117693,0.27439024390243905,0.0018969043640343344,0.5941811692315129,0.09477176371636675,1.6160003489518613,1.3244580614887078,0.041526281559079115,23244.580614887152
H4,34,2.0,D1,120,short,0.0,526,25.34584432717678,-0.012698524404544859,0.26071833619939366,0.9914309996320146,0.2338403041825095,-3.554822220922667e-05,0.1078057649549794,0.17788199730120557,1.0782245418568792,0.10015207458690223,0.004609871988754621,11001.520745869024
H4,34,2.0,D1,120,short,1.0,526,25.34584432717678,-0.012698524404544859,0.26071833619939366,0.9914309996320146,0.2338403041825095,-3.554822220922667e-05,0.1078057649549794,0.17788199730120557,1.0782245418568792,0.10015207458690223,0.004609871988754621,11001.520745869024
H4,34,2.0,W1,20,both,0.0,1039,49.86790407358738,0.33495793513546973,0.20151932984868415,1.1888121312279014,0.24542829643888353,0.0008080266113834748,0.4562461809009111,0.1363386248489119,1.266772720841005,1.188009154919738,0.0382956103610026,21880.091549197386
H4,34,2.0,W1,20,both,1.0,1039,49.86790407358738,0.33495793513546973,0.20151932984868415,1.1888121312279014,0.24542829643888353,0.0008080266113834748,0.4562461809009111,0.1363386248489119,1.266772720841005,1.188009154919738,0.0382956103610026,21880.091549197386
H4,34,2.0,W1,20,long,0.0,599,28.749638633377135,0.4866501226203504,0.14840648770912868,1.4114693395428048,0.24874791318864775,0.0017818849962520633,0.5662964213176737,0.12492267863731354,1.5033258177593651,1.4076638059447246,0.043073942417303446,24076.638059447294
H4,34,2.0,W1,20,long,1.0,599,28.749638633377135,0.4866501226203504,0.14840648770912868,1.4114693395428048,0.24874791318864775,0.0017818849962520633,0.5662964213176737,0.12492267863731354,1.5033258177593651,1.4076638059447246,0.043073942417303446,24076.638059447294
H4,34,2.0,W1,20,short,0.0,486,23.849455864570736,-0.05971141498982933,0.20733269820117461,0.9604643349924467,0.2448559670781893,-0.00016617838191746172,0.017263855851302606,0.18459570885621757,1.0114370119687797,-0.008479466884200537,-0.00041779943262532093,9915.205331157982
H4,34,2.0,W1,20,short,1.0,486,23.849455864570736,-0.05971141498982933,0.20733269820117461,0.9604643349924467,0.2448559670781893,-0.00016617838191746172,0.017263855851302606,0.18459570885621757,1.0114370119687797,-0.008479466884200537,-0.00041779943262532093,9915.205331157982
H4,34,2.0,W1,32,both,0.0,1034,50.74143490528013,0.37531213191432744,0.21035951728094837,1.217553884543124,0.23984526112185686,0.000924832631412786,0.4926555411741388,0.16064870256036556,1.3084227371253159,1.4109121819224297,0.04413047097770084,24109.121819224303
H4,34,2.0,W1,32,both,1.0,1034,50.74143490528013,0.37531213191432744,0.21035951728094837,1.217553884543124,0.23984526112185686,0.000924832631412786,0.4926555411741388,0.16064870256036556,1.3084227371253159,1.4109121819224297,0.04413047097770084,24109.121819224303
H4,34,2.0,W1,32,long,0.0,618,30.327085852478838,0.4418907514049019,0.27154982679034334,1.359499847804545,0.23948220064724918,0.001573826995795782,0.49182770887697497,0.19505052334943118,1.4111385875767422,1.1580120555593592,0.038467741084104334,21580.120555593643
H4,34,2.0,W1,32,long,1.0,618,30.327085852478838,0.4418907514049019,0.27154982679034334,1.359499847804545,0.23948220064724918,0.001573826995795782,0.49182770887697497,0.19505052334943118,1.4111385875767422,1.1580120555593592,0.038467741084104334,21580.120555593643
H4,34,2.0,W1,32,short,0.0,456,23.43190770962296,-0.00841827014169159,0.26039895717866,0.9941194678174455,0.24342105263157895,-2.3586343158559268e-05,0.12330804177649024,0.14612174816635526,1.0975066181494073,0.11273697890465728,0.005504260369894043,11127.36978904656
H4,34,2.0,W1,32,short,1.0,456,23.43190770962296,-0.00841827014169159,0.26039895717866,0.9941194678174455,0.24342105263157895,-2.3586343158559268e-05,0.12330804177649024,0.14612174816635526,1.0975066181494073,0.11273697890465728,0.005504260369894043,11127.36978904656
H4,34,2.0,W1,50,both,0.0,1009,51.24979140592408,0.5309278113148432,0.17695747852022936,1.3328569944965714,0.24975222993062438,0.0013656460867655163,0.6312793274241513,0.11056639841952487,1.470354071769999,2.429013172940838,0.0645906890869401,34290.13172940832
H4,34,2.0,W1,50,both,1.0,1009,51.24979140592408,0.5309278113148432,0.17695747852022936,1.3328569944965714,0.24975222993062438,0.0013656460867655163,0.6312793274241513,0.11056639841952487,1.470354071769999,2.429013172940838,0.0645906890869401,34290.13172940832
H4,34,2.0,W1,50,long,0.0,638,32.40571547768044,0.4523236059227734,0.22070510599320747,1.3704480277950097,0.2507836990595611,0.0015295553782483967,0.528659177451295,0.16749447088955605,1.5128353444247638,1.6459157389353178,0.05066377427280111,26459.15738935315
H4,34,2.0,W1,50,long,1.0,638,32.40571547768044,0.4523236059227734,0.22070510599320747,1.3704480277950097,0.2507836990595611,0.0015295553782483967,0.528659177451295,0.16749447088955605,1.5128353444247638,1.6459157389353178,0.05066377427280111,26459.15738935315
H4,34,2.0,W1,50,short,0.0,413,21.543594687232222,0.26518165875650535,0.20831713498275328,1.2325674801183748,0.25181598062953997,0.0009342589513765129,0.33862349456334895,0.13626354444199706,1.316109454226538,0.4303040814884367,0.01884405162498437,14303.040814884363
H4,34,2.0,W1,50,short,1.0,413,21.543594687232222,0.26518165875650535,0.20831713498275328,1.2325674801183748,0.25181598062953997,0.0009342589513765129,0.33862349456334895,0.13626354444199706,1.316109454226538,0.4303040814884367,0.01884405162498437,14303.040814884363
H4,34,2.0,W1,80,both,0.0,956,51.668984906777155,0.5187308782334394,0.19520601462364673,1.3294932679095655,0.24267782426778242,0.0013273985912321516,0.558244616791527,0.1358891272838768,1.393458241950176,1.941933153314408,0.06005457058625341,29419.331533144225
H4,34,2.0,W1,80,both,1.0,956,51.668984906777155,0.5187308782334394,0.19520601462364673,1.3294932679095655,0.24267782426778242,0.0013273985912321516,0.558244616791527,0.1358891272838768,1.393458241950176,1.941933153314408,0.06005457058625341,29419.331533144225
H4,34,2.0,W1,80,long,0.0,637,34.4279742527375,0.49018955309327417,0.21260504006252368,1.416600240732618,0.23233908948194662,0.0016464586673699798,0.5269493889090698,0.19137442659078074,1.5079360787491647,1.6159726239083696,0.05334792577390379,26159.726239083673
H4,34,2.0,W1,80,long,1.0,637,34.4279742527375,0.49018955309327417,0.21260504006252368,1.416600240732618,0.23233908948194662,0.0016464586673699798,0.5269493889090698,0.19137442659078074,1.5079360787491647,1.6159726239083696,0.05334792577390379,26159.726239083673
H4,34,2.0,W1,80,short,0.0,340,21.470435684647303,0.15548951881905743,0.18376547918475916,1.1207514208332292,0.25882352941176473,0.0005080741938794139,0.16485684958335342,0.08291849791822792,1.120277579741216,0.12093549681752247,0.007235291108535602,11209.354968175221
H4,34,2.0,W1,80,short,1.0,340,21.470435684647303,0.15548951881905743,0.18376547918475916,1.1207514208332292,0.25882352941176473,0.0005080741938794139,0.16485684958335342,0.08291849791822792,1.120277579741216,0.12093549681752247,0.007235291108535602,11209.354968175221
H4,34,2.0,W1,120,both,0.0,883,51.98513056092844,0.5474264843296845,0.17195436586859836,1.3496402399203928,0.23895809739524349,0.0013696496377577523,0.6222886185050185,0.1457717676127429,1.464315682617322,2.287764852147171,0.07258484594741588,32877.64852147176
H4,34,2.0,W1,120,both,1.0,883,51.98513056092844,0.5474264843296845,0.17195436586859836,1.3496402399203928,0.23895809739524349,0.0013696496377577523,0.6222886185050185,0.1457717676127429,1.464315682617322,2.287764852147171,0.07258484594741588,32877.64852147176
H4,34,2.0,W1,120,long,0.0,591,34.83342746490237,0.49455560076626714,0.25071533166655413,1.4054309306176593,0.23857868020304568,0.0016258931652399515,0.5536922909253612,0.21324762851072643,1.522756244108044,1.6400301675876672,0.05888683221634117,26400.30167587662
H4,34,2.0,W1,120,long,1.0,591,34.83342746490237,0.49455560076626714,0.25071533166655413,1.4054309306176593,0.23857868020304568,0.0016258931652399515,0.5536922909253612,0.21324762851072643,1.522756244108044,1.6400301675876672,0.05888683221634117,26400.30167587662
H4,34,2.0,W1,120,short,0.0,308,21.362894037219903,0.2354282463847404,0.1148453659123615,1.2003150161362417,0.2435064935064935,0.0007488026156900572,0.31368282015919496,0.09773458804498791,1.2925931243000528,0.29675393539615613,0.01818760667055619,12967.539353961543
H4,34,2.0,W1,120,short,1.0,308,21.362894037219903,0.2354282463847404,0.1148453659123615,1.2003150161362417,0.2435064935064935,0.0007488026156900572,0.31368282015919496,0.09773458804498791,1.2925931243000528,0.29675393539615613,0.01818760667055619,12967.539353961543
H4,34,1.5,none,0,both,0.0,1431,66.28696892834496,0.3935745304028244,0.2887051144558277,1.2069252204294627,0.2557651991614256,0.0008069986384764923,0.41468268435574,0.28360765333555527,1.2625440363577969,1.8413944834423108,0.04956308384445984,28413.94483442311
H4,34,1.5,none,0,both,1.0,1431,66.28696892834496,0.3935745304028244,0.2887051144558277,1.2069252204294627,0.2557651991614256,0.0008069986384764923,0.41468268435574,0.28360765333555527,1.2625440363577969,1.8413944834423108,0.04956308384445984,28413.94483442311
H4,34,1.5,none,0,long,0.0,1275,59.07570087530128,0.6489786143441277,0.2557666983360345,1.4109389581099192,0.23137254901960785,0.0016148303059631969,0.6680761282433916,0.1913712636343443,1.4591104448664949,3.309380627065458,0.07002741221793563,43093.80627065456
H4,34,1.5,none,0,long,1.0,1275,59.07570087530128,0.6489786143441277,0.2557666983360345,1.4109389581099192,0.23137254901960785,0.0016148303059631969,0.6680761282433916,0.1913712636343443,1.4591104448664949,3.309380627065458,0.07002741221793563,43093.80627065456
H4,34,1.5,none,0,short,0.0,1276,59.10703868103995,-0.04589387832337273,0.3593971049549013,0.9799671983708117,0.26253918495297807,-7.269622893898537e-05,0.07817894477888082,0.3342215657917431,1.036248861020586,0.07059708440862722,0.0031649322043110217,10705.97084408627
H4,34,1.5,none,0,short,1.0,1276,59.10703868103995,-0.04589387832337273,0.3593971049549013,0.9799671983708117,0.26253918495297807,-7.269622893898537e-05,0.07817894477888082,0.3342215657917431,1.036248861020586,0.07059708440862722,0.0031649322043110217,10705.97084408627
H4,34,1.5,D1,20,both,0.0,971,45.387477604299974,0.3146141916836546,0.191006345848733,1.1848946960184041,0.26055612770339853,0.0006612818962190267,0.33984792697762006,0.20331837421178922,1.205557715220092,0.6927486664034714,0.024908521630219838,16927.48666403469
H4,34,1.5,D1,20,both,1.0,971,45.387477604299974,0.3146141916836546,0.191006345848733,1.1848946960184041,0.26055612770339853,0.0006612818962190267,0.33984792697762006,0.20331837421178922,1.205557715220092,0.6927486664034714,0.024908521630219838,16927.48666403469
H4,34,1.5,D1,20,long,0.0,338,15.809258547829426,0.42991781739598917,0.14930315266605332,1.5197357325858536,0.2692307692307692,0.001917691760603776,0.41398323399943837,0.13392151532493468,1.5317844149247477,0.7210262034602077,0.025719181541491443,17210.262034602114
H4,34,1.5,D1,20,long,1.0,338,15.809258547829426,0.42991781739598917,0.14930315266605332,1.5197357325858536,0.2692307692307692,0.001917691760603776,0.41398323399943837,0.13392151532493468,1.5317844149247477,0.7210262034602077,0.025719181541491443,17210.262034602114
H4,34,1.5,D1,20,short,0.0,734,34.37096153846154,0.1259211852648956,0.2422132157896305,1.0785014352368094,0.26021798365122617,0.00027238652951773804,0.1894306768236964,0.20338189633360204,1.1282575801704442,0.2625799389323309,0.01097785342143398,12625.799389323269
H4,34,1.5,D1,20,short,1.0,734,34.37096153846154,0.1259211852648956,0.2422132157896305,1.0785014352368094,0.26021798365122617,0.00027238652951773804,0.1894306768236964,0.20338189633360204,1.1282575801704442,0.2625799389323309,0.01097785342143398,12625.799389323269
H4,34,1.5,D1,32,both,0.0,1033,48.415661491081735,0.4527364200966928,0.1443310127997981,1.2846686839376018,0.27202323330106487,0.0010056872685283863,0.46705148959706627,0.12202298899173725,1.3109202992241424,1.1175152187007646,0.035788677296196836,21175.152187007643
H4,34,1.5,D1,32,both,1.0,1033,48.415661491081735,0.4527364200966928,0.1443310127997981,1.2846686839376018,0.27202323330106487,0.0010056872685283863,0.46705148959706627,0.12202298899173725,1.3109202992241424,1.1175152187007646,0.035788677296196836,21175.152187007643
H4,34,1.5,D1,32,long,0.0,397,18.71747127920485,0.4954726559065278,0.14701803906314614,1.5755053264196048,0.26448362720403024,0.0021991581227459255,0.4825951717276148,0.13694400187958256,1.610062466034375,1.0468412740164421,0.034348224128855076,20468.4127401644
H4,34,1.5,D1,32,long,1.0,397,18.71747127920485,0.4954726559065278,0.14701803906314614,1.5755053264196048,0.26448362720403024,0.0021991581227459255,0.4825951717276148,0.13694400187958256,1.610062466034375,1.0468412740164421,0.034348224128855076,20468.4127401644
H4,34,1.5,D1,32,short,0.0,711,33.323848325420244,0.11410026202018685,0.2339944643314109,1.0732411294196673,0.270042194092827,0.00024713556984048025,0.19220419089727753,0.1800586033466669,1.1326728493242586,0.25473904338926134,0.010692628986576524,12547.390433892648
H4,34,1.5,D1,32,short,1.0,711,33.323848325420244,0.11410026202018685,0.2339944643314109,1.0732411294196673,0.270042194092827,0.00024713556984048025,0.19220419089727753,0.1800586033466669,1.1326728493242586,0.25473904338926134,0.010692628986576524,12547.390433892648
H4,34,1.5,D1,50,both,0.0,1056,49.74900038694699,0.22558532125243377,0.2857862286165064,1.127530744992815,0.2471590909090909,0.0004668080552053499,0.26673981522886664,0.2503623449316066,1.161892089810226,0.5697276211793298,0.021469582411091093,15697.276211793298
H4,34,1.5,D1,50,both,1.0,1056,49.74900038694699,0.22558532125243377,0.2857862286165064,1.127530744992815,0.2471590909090909,0.0004668080552053499,0.26673981522886664,0.2503623449316066,1.161892089810226,0.5697276211793298,0.021469582411091093,15697.276211793298
H4,34,1.5,D1,50,long,0.0,457,21.5463082483542,0.22601660482740188,0.2812774074708463,1.2140103375697586,0.22538293216630198,0.0008136281818963661,0.24463572653007448,0.29732466407028457,1.2606765859128688,0.45238211586646737,0.01775131849440914,14523.821158664687
H4,34,1.5,D1,50,long,1.0,457,21.5463082483542,0.22601660482740188,0.2812774074708463,1.2140103375697586,0.22538293216630198,0.0008136281818963661,0.24463572653007448,0.29732466407028457,1.2606765859128688,0.45238211586646737,0.01775131849440914,14523.821158664687
H4,34,1.5,D1,50,short,0.0,651,30.9163632817579,0.10972540484760053,0.21213819308719806,1.0751908039658298,0.25960061443932414,0.00026358815609621845,0.19554522678255662,0.2021591176308566,1.1467356534971047,0.26185816997244893,0.011106840718420719,12618.581699724495
H4,34,1.5,D1,50,short,1.0,651,30.9163632817579,0.10972540484760053,0.21213819308719806,1.0751908039658298,0.25960061443932414,0.00026358815609621845,0.19554522678255662,0.2021591176308566,1.1467356534971047,0.26185816997244893,0.011106840718420719,12618.581699724495
H4,34,1.5,D1,80,both,0.0,1093,52.00863079729026,0.279472904346701,0.191644670433201,1.1579644679033403,0.24702653247941445,0.0005943806650690176,0.38883891064941145,0.1823247905790415,1.2446936032114473,1.033380621065537,0.0343465865842405,20333.806210655348
H4,34,1.5,D1,80,both,1.0,1093,52.00863079729026,0.279472904346701,0.191644670433201,1.1579644679033403,0.24702653247941445,0.0005943806650690176,0.38883891064941145,0.1823247905790415,1.2446936032114473,1.033380621065537,0.0343465865842405,20333.806210655348
H4,34,1.5,D1,80,long,0.0,492,23.62026813880126,0.4686885828387272,0.15543631896121135,1.4607257804388571,0.23983739837398374,0.0018454939062492787,0.5597707192507109,0.1278094366516711,1.6084384257060627,1.5213333330731982,0.04539817336178564,25213.33333073209
H4,34,1.5,D1,80,long,1.0,492,23.62026813880126,0.4686885828387272,0.15543631896121135,1.4607257804388571,0.23983739837398374,0.0018454939062492787,0.5597707192507109,0.1278094366516711,1.6084384257060627,1.5213333330731982,0.04539817336178564,25213.33333073209
H4,34,1.5,D1,80,short,0.0,636,30.26302761855133,-0.029735157223434,0.2335329183742051,0.981605794886643,0.2578616352201258,-6.528964058115633e-05,0.09700174158541804,0.1964831402120023,1.066617870849827,0.0944859964396847,0.004305299004845997,10944.859964396872
H4,34,1.5,D1,80,short,1.0,636,30.26302761855133,-0.029735157223434,0.2335329183742051,0.981605794886643,0.2578616352201258,-6.528964058115633e-05,0.09700174158541804,0.1964831402120023,1.066617870849827,0.0944859964396847,0.004305299004845997,10944.859964396872
H4,34,1.5,D1,120,both,0.0,1126,54.257453825857525,0.4183973153616341,0.2102398568937277,1.2356897631496875,0.25754884547069273,0.0008931526390290357,0.5392964920778827,0.14453177235301695,1.3367395996863338,1.5008280136133885,0.04515829931287252,25008.280136133824
H4,34,1.5,D1,120,both,1.0,1126,54.257453825857525,0.4183973153616341,0.2102398568937277,1.2356897631496875,0.25754884547069273,0.0008931526390290357,0.5392964920778827,0.14453177235301695,1.3367395996863338,1.5008280136133885,0.04515829931287252,25008.280136133824
H4,34,1.5,D1,120,long,0.0,519,25.031658523702625,0.4880712198289848,0.1341221053133479,1.44491772794087,0.26011560693641617,0.0018059683127715788,0.5773579512816265,0.11358138847239974,1.5775142049664992,1.4696395597285306,0.04456852499973851,24696.395597285355
H4,34,1.5,D1,120,long,1.0,519,25.031658523702625,0.4880712198289848,0.1341221053133479,1.44491772794087,0.26011560693641617,0.0018059683127715788,0.5773579512816265,0.11358138847239974,1.5775142049664992,1.4696395597285306,0.04456852499973851,24696.395597285355
H4,34,1.5,D1,120,short,0.0,629,30.30900395778364,0.04297261960273695,0.25752873858956227,1.0279536899039972,0.2543720190779014,0.00010008031832626365,0.19978329694500496,0.2187894829938013,1.1467769784882837,0.2645409652127093,0.011373896854139698,12645.40965212709
H4,34,1.5,D1,120,short,1.0,629,30.30900395778364,0.04297261960273695,0.25752873858956227,1.0279536899039972,0.2543720190779014,0.00010008031832626365,0.19978329694500496,0.2187894829938013,1.1467769784882837,0.2645409652127093,0.011373896854139698,12645.40965212709
H4,34,1.5,W1,20,both,0.0,1182,56.71643457698371,0.4272440512294678,0.1956858298059817,1.2455167590100276,0.24450084602368866,0.0009462877186438559,0.4777874076757234,0.17607138756127672,1.2757414257313249,1.407350175212863,0.043055864729470095,24073.501752128657
H4,34,1.5,W1,20,both,1.0,1182,56.71643457698371,0.4272440512294678,0.1956858298059817,1.2455167590100276,0.24450084602368866,0.0009462877186438559,0.4777874076757234,0.17607138756127672,1.2757414257313249,1.407350175212863,0.043055864729470095,24073.501752128657
H4,34,1.5,W1,20,long,0.0,663,31.81302548607462,0.5895561683887076,0.16247207931418062,1.5161694715122842,0.24434389140271492,0.0021128040504464147,0.6332151945182347,0.13023853437322008,1.5698704933046055,1.94721967342495,0.05323196266577401,29472.19673424944
H4,34,1.5,W1,20,long,1.0,663,31.81302548607462,0.5895561683887076,0.16247207931418062,1.5161694715122842,0.24434389140271492,0.0021128040504464147,0.6332151945182347,0.13023853437322008,1.5698704933046055,1.94721967342495,0.05323196266577401,29472.19673424944
H4,34,1.5,W1,20,short,0.0,568,27.8584664965758,0.041198520833006354,0.22745533479850566,1.0291380547982223,0.25704225352112675,0.00010352597893436232,0.13912310474367798,0.2462127600098325,1.1066116204196585,0.1577382958532203,0.007209639527634426,11577.3829585322
H4,34,1.5,W1,20,short,1.0,568,27.8584664965758,0.041198520833006354,0.22745533479850566,1.0291380547982223,0.25704225352112675,0.00010352597893436232,0.13912310474367798,0.2462127600098325,1.1066116204196585,0.1577382958532203,0.007209639527634426,11577.3829585322
H4,34,1.5,W1,32,both,0.0,1156,56.728335348649736,0.43008616406754663,0.24273003902232848,1.2479515052140302,0.24394463667820068,0.000962512722937835,0.5301648680546187,0.2141076585648629,1.3242286129247127,1.746351892135896,0.05082661078287076,27463.51892135884
H4,34,1.5,W1,32,both,1.0,1156,56.728335348649736,0.43008616406754663,0.24273003902232848,1.2479515052140302,0.24394463667820068,0.000962512722937835,0.5301648680546187,0.2141076585648629,1.3242286129247127,1.746351892135896,0.05082661078287076,27463.51892135884
H4,34,1.5,W1,32,long,0.0,691,33.909411527609834,0.4641185768909718,0.3059998942429555,1.3736263278796454,0.2272069464544139,0.0015476081772329343,0.49373463308264465,0.2663644742653458,1.4001414554829297,1.4035228848042949,0.04397319861967919,24035.228848042923
H4,34,1.5,W1,32,long,1.0,691,33.909411527609834,0.4641185768909718,0.3059998942429555,1.3736263278796454,0.2272069464544139,0.0015476081772329343,0.49373463308264465,0.2663644742653458,1.4001414554829297,1.4035228848042949,0.04397319861967919,24035.228848042923
H4,34,1.5,W1,32,short,0.0,509,26.15535312324142,0.025387340863921172,0.17178991708183633,1.0174477186644557,0.26129666011787817,6.194622485666686e-05,0.18171756858402502,0.14097889064535662,1.1450922784893576,0.21622818460771054,0.010109751724411753,12162.281846077094
H4,34,1.5,W1,32,short,1.0,509,26.15535312324142,0.025387340863921172,0.17178991708183633,1.0174477186644557,0.26129666011787817,6.194622485666686e-05,0.18171756858402502,0.14097889064535662,1.1450922784893576,0.21622818460771054,0.010109751724411753,12162.281846077094
H4,34,1.5,W1,50,both,0.0,1134,57.590864849833146,0.5798663282239569,0.2342804615053532,1.3576491769545187,0.25044091710758376,0.0013354737245275653,0.6648510839575944,0.14749772290710017,1.4790979356067435,2.883937131690641,0.07133807266832881,38839.371316906436
H4,34,1.5,W1,50,both,1.0,1134,57.590864849833146,0.5798663282239569,0.2342804615053532,1.3576491769545187,0.25044091710758376,0.0013354737245275653,0.6648510839575944,0.14749772290710017,1.4790979356067435,2.883937131690641,0.07133807266832881,38839.371316906436
H4,34,1.5,W1,50,long,0.0,701,35.60070216907675,0.5471677673000119,0.24629979436868532,1.4544400491605163,0.24393723252496433,0.001752127992221778,0.5966373684887368,0.16742249646824492,1.5869774247139947,2.4132162375819655,0.06433180704048569,34132.16237581953
H4,34,1.5,W1,50,long,1.0,701,35.60070216907675,0.5471677673000119,0.24629979436868532,1.4544400491605163,0.24393723252496433,0.001752127992221778,0.5966373684887368,0.16742249646824492,1.5869774247139947,2.4132162375819655,0.06433180704048569,34132.16237581953
H4,34,1.5,W1,50,short,0.0,485,25.31022288898414,0.11838320968087858,0.18818245869785022,1.0917839703222412,0.2515463917525773,0.00032665022322647436,0.22909829827004166,0.16071089001077676,1.1996274765909218,0.29446131172283496,0.013560048078456344,12944.613117228313
H4,34,1.5,W1,50,short,1.0,485,25.31022288898414,0.11838320968087858,0.18818245869785022,1.0917839703222412,0.2515463917525773,0.00032665022322647436,0.22909829827004166,0.16071089001077676,1.1996274765909218,0.29446131172283496,0.013560048078456344,12944.613117228313
H4,34,1.5,W1,80,both,0.0,1083,58.53296093518793,0.5205493416076625,0.2561183883967839,1.3228867394817503,0.24284395198522624,0.0011991053298733585,0.560731651803471,0.21700273485059496,1.3950788491448753,2.4074800697000884,0.06850474065299372,34074.800697000814
H4,34,1.5,W1,80,both,1.0,1083,58.53296093518793,0.5205493416076625,0.2561183883967839,1.3228867394817503,0.24284395198522624,0.0011991053298733585,0.560731651803471,0.21700273485059496,1.3950788491448753,2.4074800697000884,0.06850474065299372,34074.800697000814
H4,34,1.5,W1,80,long,0.0,709,38.31936223734833,0.5445215384801112,0.2633766405673441,1.4671205960700864,0.22425952045133993,0.0017174245211122165,0.5495166292896156,0.27888731964490576,1.5444338828686626,2.2604276798735277,0.06596017430160317,32604.276798735213
H4,34,1.5,W1,80,long,1.0,709,38.31936223734833,0.5445215384801112,0.2633766405673441,1.4671205960700864,0.22425952045133993,0.0017174245211122165,0.5495166292896156,0.27888731964490576,1.5444338828686626,2.2604276798735277,0.06596017430160317,32604.276798735213
H4,34,1.5,W1,80,short,0.0,396,25.00674273858921,0.20743276209652328,0.14498696619624418,1.160869438063935,0.2803030303030303,0.0006035875838306129,0.31883771473705447,0.12296010140932412,1.2781052684626641,0.377913887687537,0.02044979579544126,13779.138876875393
H4,34,1.5,W1,80,short,1.0,396,25.00674273858921,0.20743276209652328,0.14498696619624418,1.160869438063935,0.2803030303030303,0.0006035875838306129,0.31883771473705447,0.12296010140932412,1.2781052684626641,0.377913887687537,0.02044979579544126,13779.138876875393
H4,34,1.5,W1,120,both,0.0,998,58.82192996611263,0.6044443261600787,0.22408421955777202,1.388125490161776,0.23647294589178355,0.0013768773169011814,0.6669944226649449,0.20984502285808837,1.4872460288915617,2.8813731707472687,0.0832150547489452,38813.73170747252
H4,34,1.5,W1,120,both,1.0,998,58.82192996611263,0.6044443261600787,0.22408421955777202,1.388125490161776,0.23647294589178355,0.0013768773169011814,0.6669944226649449,0.20984502285808837,1.4872460288915617,2.8813731707472687,0.0832150547489452,38813.73170747252
H4,34,1.5,W1,120,long,0.0,662,39.01815394545748,0.5082992009018136,0.3096005282475135,1.4139600171381468,0.2190332326283988,0.0015517618418431829,0.5393735704009851,0.3101260885903475,1.5039061708040207,2.1976555586528583,0.07091421464127956,31976.555586528673
H4,34,1.5,W1,120,long,1.0,662,39.01815394545748,0.5082992009018136,0.3096005282475135,1.4139600171381468,0.2190332326283988,0.0015517618418431829,0.5393735704009851,0.3101260885903475,1.5039061708040207,2.1976555586528583,0.07091421464127956,31976.555586528673
H4,34,1.5,W1,120,short,0.0,353,24.82349826723142,0.33262092323554865,0.09870651683196385,1.2858543428200802,0.26345609065155806,0.0009065387081881578,0.4366669207952094,0.08020012893747253,1.4489577535647369,0.5311554514968186,0.030411835051823655,15311.554514968182
H4,34,1.5,W1,120,short,1.0,353,24.82349826723142,0.33262092323554865,0.09870651683196385,1.2858543428200802,0.26345609065155806,0.0009065387081881578,0.4366669207952094,0.08020012893747253,1.4489577535647369,0.5311554514968186,0.030411835051823655,15311.554514968182
H4,34,1.0,none,0,both,0.0,1743,80.73947368421054,0.21837778743668965,0.446242178297548,1.1017686928113675,0.22375215146299485,0.00036142892419815595,0.23009473883492434,0.3830486362522658,1.1112305502661242,0.5719961647349487,0.021174711208076236,15719.961647349486
H4,34,1.0,none,0,both,1.0,1743,80.73947368421054,0.21837778743668965,0.446242178297548,1.1017686928113675,0.22375215146299485,0.00036142892419815595,0.23009473883492434,0.3830486362522658,1.1112305502661242,0.5719961647349487,0.021174711208076236,15719.961647349486
H4,34,1.0,none,0,long,0.0,1387,64.48596614052953,0.3484118534772898,0.42505942774067096,1.2003324773257618,0.17159336697909156,0.000756586303484237,0.3442973709602528,0.3778236237578435,1.2009575024797154,1.1643737617719032,0.03655092881607058,21643.73761771896
H4,34,1.0,none,0,long,1.0,1387,64.48596614052953,0.3484118534772898,0.42505942774067096,1.2003324773257618,0.17159336697909156,0.000756586303484237,0.3442973709602528,0.3778236237578435,1.2009575024797154,1.1643737617719032,0.03655092881607058,21643.73761771896
H4,34,1.0,none,0,short,0.0,1388,64.29511731135067,-0.05868135201457409,0.4433013997725972,0.9760115880017071,0.2615273775216138,-7.489618589300593e-05,-0.014489462104674146,0.42457841145958397,0.9939989144803295,-0.09631614075216588,-0.004680318891814861,9036.838592478329
H4,34,1.0,none,0,short,1.0,1388,64.29511731135067,-0.05868135201457409,0.4433013997725972,0.9760115880017071,0.2615273775216138,-7.489618589300593e-05,-0.014489462104674146,0.42457841145958397,0.9939989144803295,-0.09631614075216588,-0.004680318891814861,9036.838592478329
H4,34,1.0,D1,20,both,0.0,1139,53.26075406478044,0.08858001290944481,0.45485385405783596,1.050489402429405,0.22651448639157157,0.00016790262654492065,-0.011894917471268059,0.4710515638903229,0.9938473448717577,-0.09232147610639141,-0.004519259962347588,9076.785238936096
H4,34,1.0,D1,20,both,1.0,1139,53.26075406478044,0.08858001290944481,0.45485385405783596,1.050489402429405,0.22651448639157157,0.00016790262654492065,-0.011894917471268059,0.4710515638903229,0.9938473448717577,-0.09232147610639141,-0.004519259962347588,9076.785238936096
H4,34,1.0,D1,20,long,0.0,338,15.809258547829426,0.08883858062788494,0.32354619262941287,1.1098548920874434,0.17159763313609466,0.0004179570755956089,-0.03637516535966284,0.3393067747989541,0.9618964526932992,-0.10050453571716789,-0.004941998572043915,8994.954642828316
H4,34,1.0,D1,20,long,1.0,338,15.809258547829426,0.08883858062788494,0.32354619262941287,1.1098548920874434,0.17159763313609466,0.0004179570755956089,-0.03637516535966284,0.3393067747989541,0.9618964526932992,-0.10050453571716789,-0.004941998572043915,8994.954642828316
H4,34,1.0,D1,20,short,0.0,890,41.691996921893036,-0.013655552769698239,0.410967989423906,0.9926462429049597,0.24831460674157305,-2.2981459488929933e-05,-0.014087789004461245,0.42999399670517724,0.992516708948263,-0.06653416167939574,-0.003220121116460306,9334.65838320607
H4,34,1.0,D1,20,short,1.0,890,41.691996921893036,-0.013655552769698239,0.410967989423906,0.9926462429049597,0.24831460674157305,-2.2981459488929933e-05,-0.014087789004461245,0.42999399670517724,0.992516708948263,-0.06653416167939574,-0.003220121116460306,9334.65838320607
H4,34,1.0,D1,32,both,0.0,1187,55.65491014120667,0.26281037397824997,0.28163011425811413,1.1437811280403947,0.2401010951979781,0.00046859082476860206,0.2861864605365769,0.2662765422976897,1.1752843694130175,0.6220069206567118,0.022936672317745765,16220.069206567096
H4,34,1.0,D1,32,both,1.0,1187,55.65491014120667,0.26281037397824997,0.28163011425811413,1.1437811280403947,0.2401010951979781,0.00046859082476860206,0.2861864605365769,0.2662765422976897,1.1752843694130175,0.6220069206567118,0.022936672317745765,16220.069206567096
H4,34,1.0,D1,32,long,0.0,418,19.70502065049045,0.30283124646730697,0.179130523404178,1.3172228921346125,0.18660287081339713,0.0011491506828995687,0.303696665010833,0.20899375127616782,1.3665489946849647,0.6288911558076973,0.0232667107510518,16288.91155807696
H4,34,1.0,D1,32,long,1.0,418,19.70502065049045,0.30283124646730697,0.179130523404178,1.3172228921346125,0.18660287081339713,0.0011491506828995687,0.303696665010833,0.20899375127616782,1.3665489946849647,0.6288911558076973,0.0232667107510518,16288.91155807696
H4,34,1.0,D1,32,short,0.0,841,39.43199614890886,0.02471838603399973,0.3400173485304756,1.0138481093476002,0.26397146254458975,4.254021902047643e-05,0.06803292286856474,0.31734066001110195,1.0383942153901837,0.052250057222708035,0.002390846917273981,10522.500572227089
H4,34,1.0,D1,32,short,1.0,841,39.43199614890886,0.02471838603399973,0.3400173485304756,1.0138481093476002,0.26397146254458975,4.254021902047643e-05,0.06803292286856474,0.31734066001110195,1.0383942153901837,0.052250057222708035,0.002390846917273981,10522.500572227089
H4,34,1.0,D1,50,both,0.0,1204,56.743354838709685,0.07267687426934605,0.4670157379984772,1.040305667870362,0.21760797342192692,0.0001356659139941572,0.14884278514918234,0.44128681310245754,1.0936252346984674,0.26370359419514666,0.011091456904609442,12637.035941951484
H4,34,1.0,D1,50,both,1.0,1204,56.743354838709685,0.07267687426934605,0.4670157379984772,1.040305667870362,0.21760797342192692,0.0001356659139941572,0.14884278514918234,0.44128681310245754,1.0936252346984674,0.26370359419514666,0.011091456904609442,12637.035941951484
H4,34,1.0,D1,50,long,0.0,466,21.96779814145586,0.1551423684556186,0.21129823818108862,1.1644887603403942,0.16523605150214593,0.0005951383964267806,0.21226399285330502,0.23606701177240108,1.2504662553999193,0.43674233507688,0.017229694280044505,14367.42335076877
H4,34,1.0,D1,50,long,1.0,466,21.96779814145586,0.1551423684556186,0.21129823818108862,1.1644887603403942,0.16523605150214593,0.0005951383964267806,0.21226399285330502,0.23606701177240108,1.2504662553999193,0.43674233507688,0.017229694280044505,14367.42335076877
H4,34,1.0,D1,50,short,0.0,781,37.09978540772532,-0.13117867223229315,0.42000120087778303,0.9280907530613491,0.2471190781049936,-0.00022987121871939948,-0.09003399438399523,0.43998835410159065,0.9501838974772723,-0.1625722706425775,-0.00839256811987188,8374.27729357427
H4,34,1.0,D1,50,short,1.0,781,37.09978540772532,-0.13117867223229315,0.42000120087778303,0.9280907530613491,0.2471190781049936,-0.00022987121871939948,-0.09003399438399523,0.43998835410159065,0.9501838974772723,-0.1625722706425775,-0.00839256811987188,8374.27729357427
H4,34,1.0,D1,80,both,0.0,1232,58.645640557800085,0.177974559790409,0.21926178641089167,1.0952160520090108,0.21753246753246752,0.00032519901243596163,0.23667543284862894,0.17846241559209863,1.1388230369471466,0.5156973375343472,0.019993753684513615,15156.973375343454
H4,34,1.0,D1,80,both,1.0,1232,58.645640557800085,0.177974559790409,0.21926178641089167,1.0952160520090108,0.21753246753246752,0.00032519901243596163,0.23667543284862894,0.17846241559209863,1.1388230369471466,0.5156973375343472,0.019993753684513615,15156.973375343454
H4,34,1.0,D1,80,long,0.0,476,22.85212933753943,0.29036180854456967,0.20932671397966707,1.2790427284338446,0.1722689075630252,0.0011142373374225729,0.3482535893628042,0.24355280201224627,1.3628411918708179,0.8447717588288635,0.029834777523837896,18447.717588288648
H4,34,1.0,D1,80,long,1.0,476,22.85212933753943,0.29036180854456967,0.20932671397966707,1.2790427284338446,0.1722689075630252,0.0011142373374225729,0.3482535893628042,0.24355280201224627,1.3628411918708179,0.8447717588288635,0.029834777523837896,18447.717588288648
H4,34,1.0,D1,80,short,0.0,788,37.51036100612538,-0.025119407272525197,0.38244123530154706,0.9856551418968945,0.24746192893401014,-4.373091435225684e-05,-0.031216505947157767,0.3891710691995459,0.9825463811724875,-0.08292129507403867,-0.004112044104006896,9170.78704925962
H4,34,1.0,D1,80,short,1.0,788,37.51036100612538,-0.025119407272525197,0.38244123530154706,0.9856551418968945,0.24746192893401014,-4.373091435225684e-05,-0.031216505947157767,0.3891710691995459,0.9825463811724875,-0.08292129507403867,-0.004112044104006896,9170.78704925962
H4,34,1.0,D1,120,both,0.0,1251,60.30457305001979,0.3090710868713318,0.20601815639204524,1.1665587831072377,0.22621902478017586,0.0005690732994304001,0.38327096735340904,0.17543417607497358,1.2195621181424796,0.9676513363725492,0.03316526806402664,19676.51336372551
H4,34,1.0,D1,120,both,1.0,1251,60.30457305001979,0.3090710868713318,0.20601815639204524,1.1665587831072377,0.22621902478017586,0.0005690732994304001,0.38327096735340904,0.17543417607497358,1.2195621181424796,0.9676513363725492,0.03316526806402664,19676.51336372551
H4,34,1.0,D1,120,long,0.0,544,26.23742242176152,0.35667749513890856,0.18148690858271055,1.3140827042373984,0.18566176470588236,0.0012409944279121075,0.4256807319728714,0.14649813055702043,1.4042932975891542,1.073236517802456,0.03579104043139769,20732.365178024567
H4,34,1.0,D1,120,long,1.0,544,26.23742242176152,0.35667749513890856,0.18148690858271055,1.3140827042373984,0.18566176470588236,0.0012409944279121075,0.4256807319728714,0.14649813055702043,1.4042932975891542,1.073236517802456,0.03579104043139769,20732.365178024567
H4,34,1.0,D1,120,short,0.0,727,35.0451036030091,0.00976781334950362,0.32468798437268886,1.0058692408739358,0.25722145804676755,1.7771615412104194e-05,0.04140453566949495,0.33761415180021415,1.0247364595658017,0.014136222148938282,0.0006768953493923036,10141.362221489373
H4,34,1.0,D1,120,short,1.0,727,35.0451036030091,0.00976781334950362,0.32468798437268886,1.0058692408739358,0.25722145804676755,1.7771615412104194e-05,0.04140453566949495,0.33761415180021415,1.0247364595658017,0.014136222148938282,0.0006768953493923036,10141.362221489373
H4,34,1.0,W1,20,both,0.0,1307,62.937607119314436,0.26259653791576215,0.30452389648945977,1.1384147853069249,0.20964039785768937,0.0004878320675872469,0.2816046095422546,0.26554119646713137,1.1564302181357884,0.6698995185835837,0.0249991061956083,16698.995185835905
H4,34,1.0,W1,20,both,1.0,1307,62.937607119314436,0.26259653791576215,0.30452389648945977,1.1384147853069249,0.20964039785768937,0.0004878320675872469,0.2816046095422546,0.26554119646713137,1.1564302181357884,0.6698995185835837,0.0249991061956083,16698.995185835905
H4,34,1.0,W1,20,long,0.0,732,35.248912326961104,0.28669819581780265,0.24924489525103244,1.2136340416592772,0.16256830601092895,0.000859048569777314,0.307117979370395,0.23549142036082693,1.2390469921171092,0.7602748989445876,0.02760390284275127,17602.7489894459
H4,34,1.0,W1,20,long,1.0,732,35.248912326961104,0.28669819581780265,0.24924489525103244,1.2136340416592772,0.16256830601092895,0.000859048569777314,0.307117979370395,0.23549142036082693,1.2390469921171092,0.7602748989445876,0.02760390284275127,17602.7489894459
H4,34,1.0,W1,20,short,0.0,614,30.1226997985225,0.018978716023048355,0.22375661021845916,1.012106676270282,0.2671009771986971,3.587489815749018e-05,0.07805933849727961,0.2456351590525402,1.0533948481107465,0.06382361758775312,0.003039919869955332,10638.236175877553
H4,34,1.0,W1,20,short,1.0,614,30.1226997985225,0.018978716023048355,0.22375661021845916,1.012106676270282,0.2671009771986971,3.587489815749018e-05,0.07805933849727961,0.2456351590525402,1.0533948481107465,0.06382361758775312,0.003039919869955332,10638.236175877553
H4,34,1.0,W1,32,both,0.0,1277,63.02178759627078,0.15386980867006772,0.352882440251558,1.0769455480184136,0.20751761942051683,0.00027803229188106256,0.2336001222487465,0.3095884896439943,1.1253426410475702,0.5560637262695005,0.022061025331123973,15560.637262695021
H4,34,1.0,W1,32,both,1.0,1277,63.02178759627078,0.15386980867006772,0.352882440251558,1.0769455480184136,0.20751761942051683,0.00027803229188106256,0.2336001222487465,0.3095884896439943,1.1253426410475702,0.5560637262695005,0.022061025331123973,15560.637262695021
H4,34,1.0,W1,32,long,0.0,755,37.26033644102148,0.21893225783304618,0.2763083760034324,1.153790881484768,0.16423841059602648,0.0006194427736292586,0.2750093932246834,0.28915486923732214,1.202812470921204,0.6762958407401642,0.02582204599963167,16762.95840740159
H4,34,1.0,W1,32,long,1.0,755,37.26033644102148,0.21893225783304618,0.2763083760034324,1.153790881484768,0.16423841059602648,0.0006194427736292586,0.2750093932246834,0.28915486923732214,1.202812470921204,0.6762958407401642,0.02582204599963167,16762.95840740159
H4,34,1.0,W1,32,short,0.0,558,28.673255486775464,0.05799887736749342,0.20737602146093292,1.0379230171541982,0.2670250896057348,0.00011369965101980796,0.11070073699129433,0.20326698046834168,1.0783392593718375,0.10738433779847578,0.0052551480693672215,11073.843377984773
H4,34,1.0,W1,32,short,1.0,558,28.673255486775464,0.05799887736749342,0.20737602146093292,1.0379230171541982,0.2670250896057348,0.00011369965101980796,0.11070073699129433,0.20326698046834168,1.0783392593718375,0.10738433779847578,0.0052551480693672215,11073.843377984773
H4,34,1.0,W1,50,both,0.0,1258,64.12903000697837,0.19194890526321898,0.31186237729221356,1.0917205660015528,0.20747217806041335,0.00032472981751364597,0.3051699607462322,0.25482525331509354,1.1600681530627117,0.7900711570774284,0.03012650534188621,17900.711570774278
H4,34,1.0,W1,50,both,1.0,1258,64.12903000697837,0.19194890526321898,0.31186237729221356,1.0917205660015528,0.20747217806041335,0.00032472981751364597,0.3051699607462322,0.25482525331509354,1.1600681530627117,0.7900711570774284,0.03012650534188621,17900.711570774278
H4,34,1.0,W1,50,long,0.0,785,40.016922540125606,0.18924864334626074,0.2837365535602,1.1214143475708083,0.17070063694267515,0.00046222061458682187,0.2606690765157192,0.2880477931308023,1.1809199171687794,0.6119757617125103,0.024638119129045233,16119.757617125091
H4,34,1.0,W1,50,long,1.0,785,40.016922540125606,0.18924864334626074,0.2837365535602,1.1214143475708083,0.17070063694267515,0.00046222061458682187,0.2606690765157192,0.2880477931308023,1.1809199171687794,0.6119757617125103,0.024638119129045233,16119.757617125091
H4,34,1.0,W1,50,short,0.0,512,26.75364806866953,0.1320236479581128,0.15525463981351895,1.090593805129794,0.267578125,0.0002819344415774315,0.22973176913333812,0.13276337056074505,1.1758469423767859,0.281182805448855,0.013031678612049236,12811.828054488551
H4,34,1.0,W1,50,short,1.0,512,26.75364806866953,0.1320236479581128,0.15525463981351895,1.090593805129794,0.267578125,0.0002819344415774315,0.22973176913333812,0.13276337056074505,1.1758469423767859,0.281182805448855,0.013031678612049236,12811.828054488551
H4,34,1.0,W1,80,both,0.0,1197,64.92489604989605,0.2805192747139345,0.4005918504114657,1.1478146371831557,0.20300751879699247,0.0005132598781875703,0.3526372630758688,0.3729975237157439,1.2063125201808504,1.0049212803803562,0.0384501706475755,20049.212803803537
H4,34,1.0,W1,80,both,1.0,1197,64.92489604989605,0.2805192747139345,0.4005918504114657,1.1478146371831557,0.20300751879699247,0.0005132598781875703,0.3526372630758688,0.3729975237157439,1.2063125201808504,1.0049212803803562,0.0384501706475755,20049.212803803537
H4,34,1.0,W1,80,long,0.0,768,41.65607365607365,0.2761140599779422,0.3302384455132883,1.1941902879696515,0.16276041666666666,0.0007086923677232984,0.3053630376029426,0.41752352380863955,1.2337620111062455,0.8178976545255412,0.032949197522652796,18178.97654525538
H4,34,1.0,W1,80,long,1.0,768,41.65607365607365,0.2761140599779422,0.3302384455132883,1.1941902879696515,0.16276041666666666,0.0007086923677232984,0.3053630376029426,0.41752352380863955,1.2337620111062455,0.8178976545255412,0.032949197522652796,18178.97654525538
H4,34,1.0,W1,80,short,0.0,448,28.29045643153527,0.22457519527846367,0.18627777445659166,1.1655393170235975,0.27455357142857145,0.0005186780154469877,0.30625276410735164,0.15317301421370877,1.241732718892208,0.33288245437457253,0.018310913581232713,13328.824543745726
H4,34,1.0,W1,80,short,1.0,448,28.29045643153527,0.22457519527846367,0.18627777445659166,1.1655393170235975,0.27455357142857145,0.0005186780154469877,0.30625276410735164,0.15317301421370877,1.241732718892208,0.33288245437457253,0.018310913581232713,13328.824543745726
H4,34,1.0,W1,120,both,0.0,1100,65.11750405186385,0.29705897824925415,0.3370335047392766,1.1555398184380776,0.2009090909090909,0.000512690139962229,0.40671919869979145,0.28856424896548116,1.2411062873814078,1.162515800025834,0.046715920666614785,21625.158000258245
H4,34,1.0,W1,120,both,1.0,1100,65.11750405186385,0.29705897824925415,0.3370335047392766,1.1555398184380776,0.2009090909090909,0.000512690139962229,0.40671919869979145,0.28856424896548116,1.2411062873814078,1.162515800025834,0.046715920666614785,21625.158000258245
H4,34,1.0,W1,120,long,0.0,728,43.095948136142624,0.18094485043489555,0.357637956727927,1.1163244896123692,0.16483516483516483,0.00041726036500243146,0.29203964057913606,0.3866261855750319,1.2163440487054502,0.7515839910374786,0.03373818984843768,17515.8399103747
H4,34,1.0,W1,120,long,1.0,728,43.095948136142624,0.18094485043489555,0.357637956727927,1.1163244896123692,0.16483516483516483,0.00041726036500243146,0.29203964057913606,0.3866261855750319,1.2163440487054502,0.7515839910374786,0.03373818984843768,17515.8399103747
H4,34,1.0,W1,120,short,0.0,386,27.18074031231926,0.25662219025704675,0.1406844702553759,1.1963163299697734,0.26424870466321243,0.0005430129842633805,0.30971338911029495,0.1230830721748436,1.2644528577968328,0.31879124308211115,0.0196764008863497,13187.912430821107
H4,34,1.0,W1,120,short,1.0,386,27.18074031231926,0.25662219025704675,0.1406844702553759,1.1963163299697734,0.26424870466321243,0.0005430129842633805,0.30971338911029495,0.1230830721748436,1.2644528577968328,0.31879124308211115,0.0196764008863497,13187.912430821107
H4,50,5.0,none,0,both,0.0,285,13.201807228915664,0.07472891365591054,0.4194114438074291,1.0616091024726795,0.34035087719298246,0.0006477951798624183,0.13264055455400334,0.16410494439291134,1.113124691768274,0.09198302725568963,0.004084450096901726,10919.830272556905
H4,50,5.0,none,0,both,1.0,285,13.201807228915664,0.07472891365591054,0.4194114438074291,1.0616091024726795,0.34035087719298246,0.0006477951798624183,0.13264055455400334,0.16410494439291134,1.113124691768274,0.09198302725568963,0.004084450096901726,10919.830272556905
H4,50,5.0,none,0,long,0.0,271,12.558075361583354,0.5255827550852433,0.3518307119836023,1.5489088835191447,0.34686346863468637,0.005697861810262185,0.6032615536077237,0.11003935235140505,1.7162719788041962,0.8437607086679895,0.028756721488385706,18437.607086679935
H4,50,5.0,none,0,long,1.0,271,12.558075361583354,0.5255827550852433,0.3518307119836023,1.5489088835191447,0.34686346863468637,0.005697861810262185,0.6032615536077237,0.11003935235140505,1.7162719788041962,0.8437607086679895,0.028756721488385706,18437.607086679935
H4,50,5.0,none,0,short,0.0,271,12.593225190839695,-0.40283858086552243,0.5950566736814975,0.7285883897004634,0.2915129151291513,-0.0029745515393299754,-0.3888716280559591,0.20027328635674546,0.7439550605138523,-0.20424371516322504,-0.010560365329529642,7957.5628483677765
H4,50,5.0,none,0,short,1.0,271,12.593225190839695,-0.40283858086552243,0.5950566736814975,0.7285883897004634,0.2915129151291513,-0.0029745515393299754,-0.3888716280559591,0.20027328635674546,0.7439550605138523,-0.20424371516322504,-0.010560365329529642,7957.5628483677765
H4,50,5.0,D1,20,both,0.0,180,8.465748132886942,0.0065331130004170936,0.4261290829309786,1.0063346809467593,0.3277777777777778,7.128715599800538e-05,0.002908316707576723,0.1562924435496551,1.002717831284368,-0.005476033913454081,-0.00025822287777432784,9945.239660865445
H4,50,5.0,D1,20,both,1.0,180,8.465748132886942,0.0065331130004170936,0.4261290829309786,1.0063346809467593,0.3277777777777778,7.128715599800538e-05,0.002908316707576723,0.1562924435496551,1.002717831284368,-0.005476033913454081,-0.00025822287777432784,9945.239660865445
H4,50,5.0,D1,20,long,0.0,131,6.158011583011582,0.2236322114741242,0.2770916260728783,1.3052335684707104,0.3282442748091603,0.0032513200815545867,0.21954116982709862,0.08262796344069745,1.3091619143714135,0.12906272406507302,0.005722477050513541,11290.627240650743
H4,50,5.0,D1,20,long,1.0,131,6.158011583011582,0.2236322114741242,0.2770916260728783,1.3052335684707104,0.3282442748091603,0.0032513200815545867,0.21954116982709862,0.08262796344069745,1.3091619143714135,0.12906272406507302,0.005722477050513541,11290.627240650743
H4,50,5.0,D1,20,short,0.0,122,5.830999738288407,-0.15091796635616747,0.3593320472765864,0.8366615579876655,0.319672131147541,-0.0019673706675841962,-0.14950539229787424,0.10111325806918081,0.8479273706587545,-0.062045560719873105,-0.00305677992920228,9379.544392801286
H4,50,5.0,D1,20,short,1.0,122,5.830999738288407,-0.15091796635616747,0.3593320472765864,0.8366615579876655,0.319672131147541,-0.0019673706675841962,-0.14950539229787424,0.10111325806918081,0.8479273706587545,-0.062045560719873105,-0.00305677992920228,9379.544392801286
H4,50,5.0,D1,32,both,0.0,160,7.504815718505201,-0.07057644911260502,0.45214795707511035,0.9296137333662031,0.2875,-0.0008041010975805326,-0.018244922171695915,0.10787614111063137,0.9820485303160917,-0.015256703443557784,-0.0007208723671381367,9847.43296556441
H4,50,5.0,D1,32,both,1.0,160,7.504815718505201,-0.07057644911260502,0.45214795707511035,0.9296137333662031,0.2875,-0.0008041010975805326,-0.018244922171695915,0.10787614111063137,0.9820485303160917,-0.015256703443557784,-0.0007208723671381367,9847.43296556441
H4,50,5.0,D1,32,long,0.0,105,4.933905827865689,0.110488386634274,0.38213591307220507,1.1616321727673204,0.3047619047619048,0.0018612398333229595,0.19054088449099293,0.1000763951423379,1.3004783978107113,0.10212460143362101,0.0045797109839320616,11021.246014336197
H4,50,5.0,D1,32,long,1.0,105,4.933905827865689,0.110488386634274,0.38213591307220507,1.1616321727673204,0.3047619047619048,0.0018612398333229595,0.19054088449099293,0.1000763951423379,1.3004783978107113,0.10212460143362101,0.0045797109839320616,11021.246014336197
H4,50,5.0,D1,32,short,0.0,110,5.244419788539355,-0.18353366204312538,0.32726179960097257,0.7940090697263105,0.2636363636363636,-0.0022966421249980707,-0.21412759517641658,0.09424271339360568,0.7772329398290416,-0.08021590647589205,-0.003978601308284979,9197.840935241085
H4,50,5.0,D1,32,short,1.0,110,5.244419788539355,-0.18353366204312538,0.32726179960097257,0.7940090697263105,0.2636363636363636,-0.0022966421249980707,-0.21412759517641658,0.09424271339360568,0.7772329398290416,-0.08021590647589205,-0.003978601308284979,9197.840935241085
H4,50,5.0,D1,50,both,0.0,134,6.433162460567823,-0.11270096612217206,0.50081896414897,0.8782530236526596,0.26865671641791045,-0.0013673736265336074,-0.08761849875471532,0.14567327423845933,0.9073487655706669,-0.04202475488132751,-0.0020590500847370574,9579.752451186729
H4,50,5.0,D1,50,both,1.0,134,6.433162460567823,-0.11270096612217206,0.50081896414897,0.8782530236526596,0.26865671641791045,-0.0013673736265336074,-0.08761849875471532,0.14567327423845933,0.9073487655706669,-0.04202475488132751,-0.0020590500847370574,9579.752451186729
H4,50,5.0,D1,50,long,0.0,88,4.224763406940063,0.04822600898563734,0.3583815008747441,1.071229791655538,0.2840909090909091,0.0008463513492672766,0.09368090200212413,0.11752069779731289,1.1494735436111554,0.03969417739689329,0.0018705622806498567,10396.941773968938
H4,50,5.0,D1,50,long,1.0,88,4.224763406940063,0.04822600898563734,0.3583815008747441,1.071229791655538,0.2840909090909091,0.0008463513492672766,0.09368090200212413,0.11752069779731289,1.1494735436111554,0.03969417739689329,0.0018705622806498567,10396.941773968938
H4,50,5.0,D1,50,short,0.0,72,3.6831932773109246,-0.20598602738636268,0.29656752672318865,0.733906928330893,0.2916666666666667,-0.0028744218001675267,-0.24875236207469212,0.07295218363718547,0.7107530106209536,-0.059044996471551925,-0.0031084779402026363,9409.55003528448
H4,50,5.0,D1,50,short,1.0,72,3.6831932773109246,-0.20598602738636268,0.29656752672318865,0.733906928330893,0.2916666666666667,-0.0028744218001675267,-0.24875236207469212,0.07295218363718547,0.7107530106209536,-0.059044996471551925,-0.0031084779402026363,9409.55003528448
H4,50,5.0,D1,80,both,0.0,165,7.904807187827911,0.22005691578059322,0.29451916120237187,1.262636501868337,0.3090909090909091,0.002817318279030013,0.3240223359326643,0.07658310443916161,1.4180697671773814,0.22398751091614577,0.009729891457296524,12239.875109161467
H4,50,5.0,D1,80,both,1.0,165,7.904807187827911,0.22005691578059322,0.29451916120237187,1.262636501868337,0.3090909090909091,0.002817318279030013,0.3240223359326643,0.07658310443916161,1.4180697671773814,0.22398751091614577,0.009729891457296524,12239.875109161467
H4,50,5.0,D1,80,long,0.0,97,4.819650387702353,0.442288532502632,0.20681822542729134,1.7954447480256235,0.3711340206185567,0.008478010786973217,0.4905451620902794,0.05220696360086041,1.917490877861333,0.3148143979822078,0.013692030019970103,13148.143979822065
H4,50,5.0,D1,80,long,1.0,97,4.819650387702353,0.442288532502632,0.20681822542729134,1.7954447480256235,0.3711340206185567,0.008478010786973217,0.4905451620902794,0.05220696360086041,1.917490877861333,0.3148143979822078,0.013692030019970103,13148.143979822065
H4,50,5.0,D1,80,short,0.0,81,3.9216927359490987,-0.25674301684147605,0.29084636734157143,0.69240522563136,0.25925925925925924,-0.0032455979690749993,-0.12284291112836675,0.07337420330262523,0.8332650020127335,-0.04069348005399842,-0.0020094016057998765,9593.065199460016
H4,50,5.0,D1,80,short,1.0,81,3.9216927359490987,-0.25674301684147605,0.29084636734157143,0.69240522563136,0.25925925925925924,-0.0032455979690749993,-0.12284291112836675,0.07337420330262523,0.8332650020127335,-0.04069348005399842,-0.0020094016057998765,9593.065199460016
H4,50,5.0,D1,120,both,0.0,187,9.035818229924592,0.19914965952812527,0.1964261279191254,1.2099600701869364,0.3155080213903743,0.002114717045569852,0.2846803655901177,0.04866430479620276,1.3178366334199019,0.1781147206803586,0.007951825411827596,11781.147206803573
H4,50,5.0,D1,120,both,1.0,187,9.035818229924592,0.19914965952812527,0.1964261279191254,1.2099600701869364,0.3155080213903743,0.002114717045569852,0.2846803655901177,0.04866430479620276,1.3178366334199019,0.1781147206803586,0.007951825411827596,11781.147206803573
H4,50,5.0,D1,120,long,0.0,97,4.687028707500992,0.32372784175712993,0.1458643356315601,1.5200155691739123,0.38144329896907214,0.00550031212491673,0.3296594287483256,0.053670341690783774,1.5464033126612502,0.1678392181820909,0.007525255614623694,11678.392181820907
H4,50,5.0,D1,120,long,1.0,97,4.687028707500992,0.32372784175712993,0.1458643356315601,1.5200155691739123,0.38144329896907214,0.00550031212491673,0.3296594287483256,0.053670341690783774,1.5464033126612502,0.1678392181820909,0.007525255614623694,11678.392181820907
H4,50,5.0,D1,120,short,0.0,100,5.142917488031541,-0.10228299818710654,0.20166112230440636,0.8790212220295176,0.27,-0.0011389525506481524,-0.03277628706669945,0.05362743100439671,0.9586662541962144,-0.013827070936245467,-0.0007158206391524313,9861.729290637557
H4,50,5.0,D1,120,short,1.0,100,5.142917488031541,-0.10228299818710654,0.20166112230440636,0.8790212220295176,0.27,-0.0011389525506481524,-0.03277628706669945,0.05362743100439671,0.9586662541962144,-0.013827070936245467,-0.0007158206391524313,9861.729290637557
H4,50,5.0,W1,20,both,0.0,205,9.863818996179686,0.17149050855946713,0.28234687101984235,1.1717612115939964,0.3170731707317073,0.0018364890065549755,0.2272717025809613,0.06674321848569276,1.2355160351592096,0.1510314050483048,0.006790901331797272,11510.314050483057
H4,50,5.0,W1,20,both,1.0,205,9.863818996179686,0.17149050855946713,0.28234687101984235,1.1717612115939964,0.3170731707317073,0.0018364890065549755,0.2272717025809613,0.06674321848569276,1.2355160351592096,0.1510314050483048,0.006790901331797272,11510.314050483057
H4,50,5.0,W1,20,long,0.0,115,5.533361875905678,0.44072014854052494,0.17656286431739732,1.7158613813045327,0.3739130434782609,0.00739673011817808,0.4828414413176033,0.050205060513570654,1.830230206516217,0.3212621713389263,0.013494811702139842,13212.621713389228
H4,50,5.0,W1,20,long,1.0,115,5.533361875905678,0.44072014854052494,0.17656286431739732,1.7158613813045327,0.3739130434782609,0.00739673011817808,0.4828414413176033,0.050205060513570654,1.830230206516217,0.3212621713389263,0.013494811702139842,13212.621713389228
H4,50,5.0,W1,20,short,0.0,107,5.409987541528239,-0.3883692688569201,0.3570514523450773,0.633141122487334,0.24299065420560748,-0.003956067731769457,-0.4179820742270531,0.11479310541145082,0.6195270596416975,-0.1190571977007786,-0.006388700910933687,8809.428022992215
H4,50,5.0,W1,20,short,1.0,107,5.409987541528239,-0.3883692688569201,0.3570514523450773,0.633141122487334,0.24299065420560748,-0.003956067731769457,-0.4179820742270531,0.11479310541145082,0.6195270596416975,-0.1190571977007786,-0.006388700910933687,8809.428022992215
H4,50,5.0,W1,32,both,0.0,204,10.02974828375286,0.25451196214031035,0.28920001339759804,1.2660194418597068,0.3137254901960784,0.002969350368608425,0.34142541606863847,0.08170385405240466,1.3828870209700403,0.2777341617811504,0.012122765686813919,12777.341617811488
H4,50,5.0,W1,32,both,1.0,204,10.02974828375286,0.25451196214031035,0.28920001339759804,1.2660194418597068,0.3137254901960784,0.002969350368608425,0.34142541606863847,0.08170385405240466,1.3828870209700403,0.2777341617811504,0.012122765686813919,12777.341617811488
H4,50,5.0,W1,32,long,0.0,118,5.801521066092341,0.4605825238435116,0.20802857838004774,1.7599009970661323,0.3644067796610169,0.008062061587061058,0.481551945456342,0.05761309236528833,1.8345888994226531,0.345295736549305,0.014690002057421214,13452.957365493032
H4,50,5.0,W1,32,long,1.0,118,5.801521066092341,0.4605825238435116,0.20802857838004774,1.7599009970661323,0.3644067796610169,0.008062061587061058,0.481551945456342,0.05761309236528833,1.8345888994226531,0.345295736549305,0.014690002057421214,13452.957365493032
H4,50,5.0,W1,32,short,0.0,105,5.393228800450006,-0.32642303766582353,0.3924590076015303,0.6741203312329715,0.23809523809523808,-0.0036284284685468198,-0.247676868057519,0.09452281760082937,0.7359242744689964,-0.08663925087027935,-0.004644019819586065,9133.60749129721
H4,50,5.0,W1,32,short,1.0,105,5.393228800450006,-0.32642303766582353,0.3924590076015303,0.6741203312329715,0.23809523809523808,-0.0036284284685468198,-0.247676868057519,0.09452281760082937,0.7359242744689964,-0.08663925087027935,-0.004644019819586065,9133.60749129721
H4,50,5.0,W1,50,both,0.0,209,10.697484585201794,0.25966390755421465,0.30063479221420764,1.2701297581473279,0.32057416267942584,0.0030662479921636995,0.3955403444822123,0.07369979812619198,1.477416306251811,0.3576115971699634,0.015771448331592053,13576.115971699644
H4,50,5.0,W1,50,both,1.0,209,10.697484585201794,0.25966390755421465,0.30063479221420764,1.2701297581473279,0.32057416267942584,0.0030662479921636995,0.3955403444822123,0.07369979812619198,1.477416306251811,0.3576115971699634,0.015771448331592053,13576.115971699644
H4,50,5.0,W1,50,long,0.0,128,6.559842851129507,0.47330845979676645,0.13347553579393157,1.7668065428422286,0.3515625,0.007786542460145144,0.4931159216928335,0.06420848571782112,1.8803000557224145,0.4110580196659268,0.01780361970036548,14110.580196659277
H4,50,5.0,W1,50,long,1.0,128,6.559842851129507,0.47330845979676645,0.13347553579393157,1.7668065428422286,0.3515625,0.007786542460145144,0.4931159216928335,0.06420848571782112,1.8803000557224145,0.4110580196659268,0.01780361970036548,14110.580196659277
H4,50,5.0,W1,50,short,0.0,95,4.981158484065461,-0.17072632042579747,0.3358254261785035,0.803378154262289,0.2736842105263158,-0.00242248400909209,-0.10908586323796678,0.08089377882765292,0.8725074775009737,-0.04190346430897818,-0.0022419792846254394,9580.965356910225
H4,50,5.0,W1,50,short,1.0,95,4.981158484065461,-0.17072632042579747,0.3358254261785035,0.803378154262289,0.2736842105263158,-0.00242248400909209,-0.10908586323796678,0.08089377882765292,0.8725074775009737,-0.04190346430897818,-0.0022419792846254394,9580.965356910225
H4,50,5.0,W1,80,both,0.0,212,11.471555555555556,0.23342290372156374,0.3566777265936123,1.2269575415795748,0.3113207547169811,0.0024949890237229272,0.367269772419406,0.11267174982550254,1.3998771977756308,0.2906427675744021,0.013901670496501373,12906.427675744046
H4,50,5.0,W1,80,both,1.0,212,11.471555555555556,0.23342290372156374,0.3566777265936123,1.2269575415795748,0.3113207547169811,0.0024949890237229272,0.367269772419406,0.11267174982550254,1.3998771977756308,0.2906427675744021,0.013901670496501373,12906.427675744046
H4,50,5.0,W1,80,long,0.0,139,7.521444444444445,0.3876743586214603,0.29621405279470125,1.5543032765165914,0.3237410071942446,0.005435596977535614,0.4248807488590676,0.11617070408115682,1.6492899927243876,0.3026372517773168,0.014409310974649037,13026.37251777319
H4,50,5.0,W1,80,long,1.0,139,7.521444444444445,0.3876743586214603,0.29621405279470125,1.5543032765165914,0.3237410071942446,0.005435596977535614,0.4248807488590676,0.11617070408115682,1.6492899927243876,0.3026372517773168,0.014409310974649037,13026.37251777319
H4,50,5.0,W1,80,short,0.0,79,5.021710755308041,-0.19486937271848365,0.3230000180865221,0.7950419712250774,0.2911392405063291,-0.0026711764547566364,-0.12063344883957466,0.07653234775512796,0.8688062467861026,-0.03783943688600766,-0.002448985606997023,9621.605631139919
H4,50,5.0,W1,80,short,1.0,79,5.021710755308041,-0.19486937271848365,0.3230000180865221,0.7950419712250774,0.2911392405063291,-0.0026711764547566364,-0.12063344883957466,0.07653234775512796,0.8688062467861026,-0.03783943688600766,-0.002448985606997023,9621.605631139919
H4,50,5.0,W1,120,both,0.0,195,11.560420386300926,0.3533992004517038,0.3818904697153849,1.3740545938223965,0.3384615384615385,0.003749785366479008,0.4724532170794552,0.11173611307923281,1.572683380143754,0.39537119303528745,0.01994749878290536,13953.711930352896
H4,50,5.0,W1,120,both,1.0,195,11.560420386300926,0.3533992004517038,0.3818904697153849,1.3740545938223965,0.3384615384615385,0.003749785366479008,0.4724532170794552,0.11173611307923281,1.572683380143754,0.39537119303528745,0.01994749878290536,13953.711930352896
H4,50,5.0,W1,120,long,0.0,131,7.766231131309853,0.4088459740919112,0.3545547604619208,1.5753466998403058,0.3435114503816794,0.005854052602893677,0.4898393518210955,0.1118169402668121,1.8103911291760297,0.3710207521869804,0.01888354063058717,13710.207521869797
H4,50,5.0,W1,120,long,1.0,131,7.766231131309853,0.4088459740919112,0.3545547604619208,1.5753466998403058,0.3435114503816794,0.005854052602893677,0.4898393518210955,0.1118169402668121,1.8103911291760297,0.3710207521869804,0.01888354063058717,13710.207521869797
H4,50,5.0,W1,120,short,0.0,70,5.180851063829787,-0.080054756574522,0.15900790163156153,0.9073058942141681,0.3142857142857143,-0.0009044941677426631,-0.11330372594175589,0.0593867423395984,0.8724794915465117,-0.030226480218489837,-0.0022690561985223567,9697.735197815107
H4,50,5.0,W1,120,short,1.0,70,5.180851063829787,-0.080054756574522,0.15900790163156153,0.9073058942141681,0.3142857142857143,-0.0009044941677426631,-0.11330372594175589,0.0593867423395984,0.8724794915465117,-0.030226480218489837,-0.0022690561985223567,9697.735197815107
H4,50,1.0,none,0,both,0.0,1347,62.63421387651177,0.2765154022938491,0.27797801880718975,1.156286627239599,0.22271714922049,0.0005465942701529576,0.2404301258595818,0.2532118993945275,1.1274740368159726,0.5391906900172387,0.020255439898625438,15391.90690017239
H4,50,1.0,none,0,both,1.0,1347,62.63421387651177,0.2765154022938491,0.27797801880718975,1.156286627239599,0.22271714922049,0.0005465942701529576,0.2404301258595818,0.2532118993945275,1.1274740368159726,0.5391906900172387,0.020255439898625438,15391.90690017239
H4,50,1.0,none,0,long,0.0,1086,50.49796308084023,0.5065810594487969,0.29484035749942017,1.38895155284263,0.15653775322283608,0.0015068679950985874,0.5214019956840488,0.22060842486400867,1.4035972505050536,2.0655831627939607,0.05347053885713304,30655.83162793944
H4,50,1.0,none,0,long,1.0,1086,50.49796308084023,0.5065810594487969,0.29484035749942017,1.38895155284263,0.15653775322283608,0.0015068679950985874,0.5214019956840488,0.22060842486400867,1.4035972505050536,2.0655831627939607,0.05347053885713304,30655.83162793944
H4,50,1.0,none,0,short,0.0,1086,50.49796308084023,0.08984487047765344,0.2780162761929933,1.0442106808390768,0.26703499079189685,0.00013510106465674024,0.1301770338524188,0.2778351811092139,1.0659761689367684,0.16419567788149103,0.0070943167323482825,11641.956778814934
H4,50,1.0,none,0,short,1.0,1086,50.49796308084023,0.08984487047765344,0.2780162761929933,1.0442106808390768,0.26703499079189685,0.00013510106465674024,0.1301770338524188,0.2778351811092139,1.0659761689367684,0.16419567788149103,0.0070943167323482825,11641.956778814934
H4,50,1.0,D1,20,both,0.0,933,43.70632935744517,-0.027264689081376556,0.3108985978103185,0.9850944337847162,0.2347266881028939,-4.9210212723638175e-05,0.009733134430816498,0.3411809585787049,1.0054009797992653,-0.05212814500713969,-0.0025047467237651055,9478.718549928626
H4,50,1.0,D1,20,both,1.0,933,43.70632935744517,-0.027264689081376556,0.3108985978103185,0.9850944337847162,0.2347266881028939,-4.9210212723638175e-05,0.009733134430816498,0.3411809585787049,1.0054009797992653,-0.05212814500713969,-0.0025047467237651055,9478.718549928626
H4,50,1.0,D1,20,long,0.0,209,9.852510325245225,0.01794240271845206,0.21153758067245865,1.0218702740351653,0.1674641148325359,8.604887030531863e-05,0.0002898068031169788,0.20826387226075804,1.0003514520765273,-0.02707603048767604,-0.001293157920083221,9729.239695123237
H4,50,1.0,D1,20,long,1.0,209,9.852510325245225,0.01794240271845206,0.21153758067245865,1.0218702740351653,0.1674641148325359,8.604887030531863e-05,0.0002898068031169788,0.20826387226075804,1.0003514520765273,-0.02707603048767604,-0.001293157920083221,9729.239695123237
H4,50,1.0,D1,20,short,0.0,787,36.86696806464025,0.025256578550609997,0.3089974805764205,1.0147924672065083,0.25285895806861497,4.624801022292222e-05,0.049190383400920995,0.33652240763305474,1.0292890738072364,0.023719840304012862,0.001098784274016218,10237.198403040116
H4,50,1.0,D1,20,short,1.0,787,36.86696806464025,0.025256578550609997,0.3089974805764205,1.0147924672065083,0.25285895806861497,4.624801022292222e-05,0.049190383400920995,0.33652240763305474,1.0292890738072364,0.023719840304012862,0.001098784274016218,10237.198403040116
H4,50,1.0,D1,32,both,0.0,943,44.214473684210525,0.13481430659097093,0.265375191136214,1.077755567911502,0.24390243902439024,0.0002493641200137635,0.1500573579615844,0.2670390876803084,1.090519870975232,0.21684404285448,0.009244549533601543,12168.440428544784
H4,50,1.0,D1,32,both,1.0,943,44.214473684210525,0.13481430659097093,0.265375191136214,1.077755567911502,0.24390243902439024,0.0002493641200137635,0.1500573579615844,0.2670390876803084,1.090519870975232,0.21684404285448,0.009244549533601543,12168.440428544784
H4,50,1.0,D1,32,long,0.0,239,11.266746257098607,0.17595390532048974,0.14251745398999738,1.2488086511354703,0.1589958158995816,0.0009361085374135111,0.16474479724201277,0.18643802196181447,1.242532606586398,0.21891413622181632,0.009375770564994612,12189.141362218146
H4,50,1.0,D1,32,long,1.0,239,11.266746257098607,0.17595390532048974,0.14251745398999738,1.2488086511354703,0.1589958158995816,0.0009361085374135111,0.16474479724201277,0.18643802196181447,1.242532606586398,0.21891413622181632,0.009375770564994612,12189.141362218146
H4,50,1.0,D1,32,short,0.0,761,35.68103337612323,0.11502141737108144,0.26110225198133263,1.0706078654971374,0.2680683311432326,0.0002125508139704512,0.1394652321546082,0.2437302167857508,1.0864319443366321,0.16051587164660974,0.0070042364690570125,11605.1587164661
H4,50,1.0,D1,32,short,1.0,761,35.68103337612323,0.11502141737108144,0.26110225198133263,1.0706078654971374,0.2680683311432326,0.0002125508139704512,0.1394652321546082,0.2437302167857508,1.0864319443366321,0.16051587164660974,0.0070042364690570125,11605.1587164661
H4,50,1.0,D1,50,both,0.0,936,44.11277419354839,0.04193060434091882,0.3886266546804952,1.0240963387076734,0.22008547008547008,7.983719331807188e-05,0.09632250539806743,0.42927118052302804,1.0624938181125532,0.10972587377560283,0.004918803870908484,11097.258737756052
H4,50,1.0,D1,50,both,1.0,936,44.11277419354839,0.04193060434091882,0.3886266546804952,1.0240963387076734,0.22008547008547008,7.983719331807188e-05,0.09632250539806743,0.42927118052302804,1.0624938181125532,0.10972587377560283,0.004918803870908484,11097.258737756052
H4,50,1.0,D1,50,long,0.0,271,12.77526458440888,0.04768475783233514,0.19641270684448764,1.0573158775176377,0.14022140221402213,0.00020804922410542614,0.07285612988126108,0.2872763710353943,1.1018386037539711,0.06308744867025107,0.0028881367675752667,10630.874486702503
H4,50,1.0,D1,50,long,1.0,271,12.77526458440888,0.04768475783233514,0.19641270684448764,1.0573158775176377,0.14022140221402213,0.00020804922410542614,0.07285612988126108,0.2872763710353943,1.1018386037539711,0.06308744867025107,0.0028881367675752667,10630.874486702503
H4,50,1.0,D1,50,short,0.0,706,33.53706593835349,0.004922643428162816,0.3071872922053748,1.0029781958295017,0.2507082152974504,9.441871134447257e-06,0.05672958963267521,0.3116920153560868,1.0356669846386426,0.03551135067057132,0.0016590065021448996,10355.113506705713
H4,50,1.0,D1,50,short,1.0,706,33.53706593835349,0.004922643428162816,0.3071872922053748,1.0029781958295017,0.2507082152974504,9.441871134447257e-06,0.05672958963267521,0.3116920153560868,1.0356669846386426,0.03551135067057132,0.0016590065021448996,10355.113506705713
H4,50,1.0,D1,80,both,0.0,960,45.69790173335071,0.3004296108009734,0.23137067531869937,1.2019193544142028,0.22291666666666668,0.0006711309691278447,0.28264363344156557,0.2249237252392845,1.1843509777506673,0.544056416740542,0.02089420916976481,15440.564167405442
H4,50,1.0,D1,80,both,1.0,960,45.69790173335071,0.3004296108009734,0.23137067531869937,1.2019193544142028,0.22291666666666668,0.0006711309691278447,0.28264363344156557,0.2249237252392845,1.1843509777506673,0.544056416740542,0.02089420916976481,15440.564167405442
H4,50,1.0,D1,80,long,0.0,289,13.911076700052716,0.3743978159432365,0.15241836194918723,1.5409230499736035,0.16608996539792387,0.002223860621250944,0.39175196307889837,0.14186883917569748,1.553130289341996,0.7824193706335769,0.028211400302663447,17824.19370633571
H4,50,1.0,D1,80,long,1.0,289,13.911076700052716,0.3743978159432365,0.15241836194918723,1.5409230499736035,0.16608996539792387,0.002223860621250944,0.39175196307889837,0.14186883917569748,1.553130289341996,0.7824193706335769,0.028211400302663447,17824.19370633571
H4,50,1.0,D1,80,short,0.0,694,33.035774794734785,0.08310972386181241,0.28815341257226945,1.0535610754921443,0.24927953890489912,0.00015972752095578524,0.06164824059045221,0.31218575426645734,1.0392846697576894,0.04233239533562605,0.0019755693631891003,10423.323953356285
H4,50,1.0,D1,80,short,1.0,694,33.035774794734785,0.08310972386181241,0.28815341257226945,1.0535610754921443,0.24927953890489912,0.00015972752095578524,0.06164824059045221,0.31218575426645734,1.0392846697576894,0.04233239533562605,0.0019755693631891003,10423.323953356285
H4,50,1.0,D1,120,both,0.0,975,46.99996700541111,0.37911863741199076,0.23966469509397648,1.2543814070471075,0.23076923076923078,0.0008451243616269394,0.44156435368871294,0.22510683191662262,1.3125513759210112,1.1178548025248616,0.036835494532487134,21178.548025248598
H4,50,1.0,D1,120,both,1.0,975,46.99996700541111,0.37911863741199076,0.23966469509397648,1.2543814070471075,0.23076923076923078,0.0008451243616269394,0.44156435368871294,0.22510683191662262,1.3125513759210112,1.1178548025248616,0.036835494532487134,21178.548025248598
H4,50,1.0,D1,120,long,0.0,353,17.0231383681014,0.364433450129689,0.16924023848004954,1.4511864090806486,0.17847025495750707,0.001818082760711931,0.4318744459048035,0.13385815654975497,1.5738262611516816,0.9796313103409771,0.0334810974753883,19796.313103409782
H4,50,1.0,D1,120,long,1.0,353,17.0231383681014,0.364433450129689,0.16924023848004954,1.4511864090806486,0.17847025495750707,0.001818082760711931,0.4318744459048035,0.13385815654975497,1.5738262611516816,0.9796313103409771,0.0334810974753883,19796.313103409782
H4,50,1.0,D1,120,short,0.0,637,30.706645110201926,0.09622805332802051,0.2301615355760427,1.0650322094159825,0.25588697017268447,0.0001930385454828012,0.10488893144490055,0.25920388270170536,1.0721287302535,0.10396533645253414,0.004779280450734946,11039.653364525358
H4,50,1.0,D1,120,short,1.0,637,30.706645110201926,0.09622805332802051,0.2301615355760427,1.0650322094159825,0.25588697017268447,0.0001930385454828012,0.10488893144490055,0.25920388270170536,1.0721287302535,0.10396533645253414,0.004779280450734946,11039.653364525358
H4,50,1.0,W1,20,both,0.0,1021,49.165491100856954,0.4220427606573239,0.22598487208680884,1.3133088177133478,0.20763956904995104,0.0010966828348768422,0.43339352459204905,0.2177520521102656,1.3209912547001719,1.2131061735404192,0.03899468329221367,22131.061735404197
H4,50,1.0,W1,20,both,1.0,1021,49.165491100856954,0.4220427606573239,0.22598487208680884,1.3133088177133478,0.20763956904995104,0.0010966828348768422,0.43339352459204905,0.2177520521102656,1.3209912547001719,1.2131061735404192,0.03899468329221367,22131.061735404197
H4,50,1.0,W1,20,long,0.0,556,26.773764007910348,0.39633748205487457,0.20345269003994237,1.4387615836602807,0.1528776978417266,0.0017736125608979263,0.39572376409552457,0.22333052959159994,1.4207312970910115,1.052845086721574,0.035240557659431904,20528.450867215703
H4,50,1.0,W1,20,long,1.0,556,26.773764007910348,0.39633748205487457,0.20345269003994237,1.4387615836602807,0.1528776978417266,0.0017736125608979263,0.39572376409552457,0.22333052959159994,1.4207312970910115,1.052845086721574,0.035240557659431904,20528.450867215703
H4,50,1.0,W1,20,short,0.0,496,24.33364674278039,0.14745209611978524,0.12139096856018594,1.1134763903685878,0.2661290322580645,0.00033298115524602647,0.2085937806990311,0.14444689438232305,1.1783578438065732,0.250856951305918,0.011041506022333225,12508.569513059181
H4,50,1.0,W1,20,short,1.0,496,24.33364674278039,0.14745209611978524,0.12139096856018594,1.1134763903685878,0.2661290322580645,0.00033298115524602647,0.2085937806990311,0.14444689438232305,1.1783578438065732,0.250856951305918,0.011041506022333225,12508.569513059181
H4,50,1.0,W1,32,both,0.0,993,49.158748983464356,0.36920682703059066,0.20900022188796108,1.2690129882842138,0.19939577039274925,0.0009721109527602678,0.41850453856873876,0.2043968838210234,1.31486913254204,1.2772533187670674,0.0415826828349688,22772.533187670746
H4,50,1.0,W1,32,both,1.0,993,49.158748983464356,0.36920682703059066,0.20900022188796108,1.2690129882842138,0.19939577039274925,0.0009721109527602678,0.41850453856873876,0.2043968838210234,1.31486913254204,1.2772533187670674,0.0415826828349688,22772.533187670746
H4,50,1.0,W1,32,long,0.0,580,28.713065871509894,0.44281532371913684,0.22331626985853326,1.4847202835007483,0.15172413793103448,0.0019551821514204267,0.47735366304151405,0.21044674945627062,1.5268288724012324,1.612560530537296,0.04868966864993207,26125.605305373014
H4,50,1.0,W1,32,long,1.0,580,28.713065871509894,0.44281532371913684,0.22331626985853326,1.4847202835007483,0.15172413793103448,0.0019551821514204267,0.47735366304151405,0.21044674945627062,1.5268288724012324,1.612560530537296,0.04868966864993207,26125.605305373014
H4,50,1.0,W1,32,short,0.0,439,22.56152384972562,0.14228451766133363,0.13405639407805603,1.1114988794904614,0.27107061503416857,0.0003347726090579307,0.20092663483084675,0.11965102901835512,1.1761556854820447,0.22331981014470292,0.01041304143385613,12233.19810144704
H4,50,1.0,W1,32,short,1.0,439,22.56152384972562,0.14228451766133363,0.13405639407805603,1.1114988794904614,0.27107061503416857,0.0003347726090579307,0.20092663483084675,0.11965102901835512,1.1761556854820447,0.22331981014470292,0.01041304143385613,12233.19810144704
H4,50,1.0,W1,50,both,0.0,987,50.31427076064201,0.37474048506875407,0.1846237542214657,1.2468988489535038,0.2006079027355623,0.0008731277221162276,0.45859603786767905,0.14222346880601167,1.3413405801438112,1.4640123922168349,0.047043604205880385,24640.123922168397
H4,50,1.0,W1,50,both,1.0,987,50.31427076064201,0.37474048506875407,0.1846237542214657,1.2468988489535038,0.2006079027355623,0.0008731277221162276,0.45859603786767905,0.14222346880601167,1.3413405801438112,1.4640123922168349,0.047043604205880385,24640.123922168397
H4,50,1.0,W1,50,long,0.0,616,31.401814375436146,0.36015105375527284,0.19242459331074413,1.3357023247416515,0.15422077922077923,0.00128180841571598,0.42307923466067554,0.18296290688659744,1.432510647481182,1.4250234751325235,0.04619262410480762,24250.234751325213
H4,50,1.0,W1,50,long,1.0,616,31.401814375436146,0.36015105375527284,0.19242459331074413,1.3357023247416515,0.15422077922077923,0.00128180841571598,0.42307923466067554,0.18296290688659744,1.432510647481182,1.4250234751325235,0.04619262410480762,24250.234751325213
H4,50,1.0,W1,50,short,0.0,399,20.908859397417505,0.2371371508473816,0.12043622127277076,1.1986884966405744,0.2756892230576441,0.0006178473043695177,0.3265567435066159,0.09033020366540723,1.3188737203334076,0.4155732596487549,0.01837875706960279,14155.732596487533
H4,50,1.0,W1,50,short,1.0,399,20.908859397417505,0.2371371508473816,0.12043622127277076,1.1986884966405744,0.2756892230576441,0.0006178473043695177,0.3265567435066159,0.09033020366540723,1.3188737203334076,0.4155732596487549,0.01837875706960279,14155.732596487533
H4,50,1.0,W1,80,both,0.0,936,50.768339768339764,0.47658459263855285,0.22177545565430667,1.3364504050723731,0.20085470085470086,0.0011390753274179892,0.5295675599350926,0.2223252941906606,1.4166934015931278,1.7412367893816687,0.05621925506416514,27412.367893816623
H4,50,1.0,W1,80,both,1.0,936,50.768339768339764,0.47658459263855285,0.22177545565430667,1.3364504050723731,0.20085470085470086,0.0011390753274179892,0.5295675599350926,0.2223252941906606,1.4166934015931278,1.7412367893816687,0.05621925506416514,27412.367893816623
H4,50,1.0,W1,80,long,0.0,583,31.621732996732995,0.39847942223532323,0.24717492202796654,1.3867851743005917,0.1509433962264151,0.00140403407631954,0.43383062528020266,0.3013087408665023,1.4459349806636335,1.3580207427010085,0.04762743590606444,23580.207427009995
H4,50,1.0,W1,80,long,1.0,583,31.621732996732995,0.39847942223532323,0.24717492202796654,1.3867851743005917,0.1509433962264151,0.00140403407631954,0.43383062528020266,0.3013087408665023,1.4459349806636335,1.3580207427010085,0.04762743590606444,23580.207427009995
H4,50,1.0,W1,80,short,0.0,367,23.296272158498436,0.3446859635963842,0.08944616835358266,1.3105746726770946,0.2779291553133515,0.0009315541705454127,0.40437837767140933,0.06643439320022526,1.4062157967218731,0.4587793178611417,0.024258703314037122,14587.79317861142
H4,50,1.0,W1,80,short,1.0,367,23.296272158498436,0.3446859635963842,0.08944616835358266,1.3105746726770946,0.2779291553133515,0.0009315541705454127,0.40437837767140933,0.06643439320022526,1.4062157967218731,0.4587793178611417,0.024258703314037122,14587.79317861142
H4,50,1.0,W1,120,both,0.0,853,50.635177961969774,0.4453112055855164,0.20533220788983297,1.3180208557081414,0.18757327080890973,0.001026583630134015,0.5166838758522553,0.16308149994136412,1.420063723023971,1.6978794086755937,0.060684084618327194,26978.794086755915
H4,50,1.0,W1,120,both,1.0,853,50.635177961969774,0.4453112055855164,0.20533220788983297,1.3180208557081414,0.18757327080890973,0.001026583630134015,0.5166838758522553,0.16308149994136412,1.420063723023971,1.6978794086755937,0.060684084618327194,26978.794086755915
H4,50,1.0,W1,120,long,0.0,549,32.58934666016577,0.30973534782710405,0.3068423203139754,1.2771449342369419,0.14389799635701275,0.00100341880125972,0.3868815557179696,0.3345611152749477,1.382942859559536,1.1816331939292408,0.04739505637656105,21816.331939292344
H4,50,1.0,W1,120,long,1.0,549,32.58934666016577,0.30973534782710405,0.3068423203139754,1.2771449342369419,0.14389799635701275,0.00100341880125972,0.3868815557179696,0.3345611152749477,1.382942859559536,1.1816331939292408,0.04739505637656105,21816.331939292344
H4,50,1.0,W1,120,short,0.0,316,22.25159051474841,0.3660203352572887,0.1016387744368753,1.3511320641451017,0.25949367088607594,0.0008973320952756081,0.40355580809887437,0.09370119782263864,1.4391870522846801,0.41066392158307674,0.024523378444633703,14106.63921583077
H4,50,1.0,W1,120,short,1.0,316,22.25159051474841,0.3660203352572887,0.1016387744368753,1.3511320641451017,0.25949367088607594,0.0008973320952756081,0.40355580809887437,0.09370119782263864,1.4391870522846801,0.41066392158307674,0.024523378444633703,14106.63921583077
H4,50,4.0,none,0,both,0.0,480,22.234622701331645,0.17918376653544957,0.41732926289335925,1.1336839900956173,0.2625,0.0010739009009772733,0.23654460491097115,0.15441881312017136,1.1936371951309643,0.3039305786396911,0.012368987341315751,13039.30578639691
H4,50,4.0,none,0,both,1.0,480,22.234622701331645,0.17918376653544957,0.41732926289335925,1.1336839900956173,0.2625,0.0010739009009772733,0.23654460491097115,0.15441881312017136,1.1936371951309643,0.3039305786396911,0.012368987341315751,13039.30578639691
H4,50,4.0,none,0,long,0.0,457,21.171898782343987,0.4945969781808233,0.2871045180117249,1.4557575502161724,0.3041575492341357,0.003359571893467202,0.5539867731289436,0.11596014204935057,1.5611777051107667,1.1127693472279265,0.03526075150392116,21127.69347227926
H4,50,4.0,none,0,long,1.0,457,21.171898782343987,0.4945969781808233,0.2871045180117249,1.4557575502161724,0.3041575492341357,0.003359571893467202,0.5539867731289436,0.11596014204935057,1.5611777051107667,1.1127693472279265,0.03526075150392116,21127.69347227926
H4,50,4.0,none,0,short,0.0,457,21.239247995928235,-0.37382398831313374,0.6036109294979028,0.7824088566337953,0.25164113785557984,-0.0017443149602963692,-0.44553395300958626,0.28878786607182394,0.7558706284446599,-0.29125286687498764,-0.01587213838949708,7087.471331250138
H4,50,4.0,none,0,short,1.0,457,21.239247995928235,-0.37382398831313374,0.6036109294979028,0.7824088566337953,0.25164113785557984,-0.0017443149602963692,-0.44553395300958626,0.28878786607182394,0.7558706284446599,-0.29125286687498764,-0.01587213838949708,7087.471331250138
H4,50,4.0,D1,20,both,0.0,288,13.52082262210797,0.2244423422525247,0.26705530640786024,1.2377952416226892,0.28125,0.0018624479086128008,0.30922647521978636,0.08751396918970267,1.3456846932875826,0.3150053061499234,0.012939076439645092,13150.053061499235
H4,50,4.0,D1,20,both,1.0,288,13.52082262210797,0.2244423422525247,0.26705530640786024,1.2377952416226892,0.28125,0.0018624479086128008,0.30922647521978636,0.08751396918970267,1.3456846932875826,0.3150053061499234,0.012939076439645092,13150.053061499235
H4,50,4.0,D1,20,long,0.0,176,8.271230056613485,0.2780231548795514,0.17789253928162763,1.4114030449980532,0.2840909090909091,0.003200183019386195,0.3495021949995753,0.06090541843362074,1.5712724075446194,0.3205767867520082,0.013153767353251578,13205.767867520051
H4,50,4.0,D1,20,long,1.0,176,8.271230056613485,0.2780231548795514,0.17789253928162763,1.4114030449980532,0.2840909090909091,0.003200183019386195,0.3495021949995753,0.06090541843362074,1.5712724075446194,0.3205767867520082,0.013153767353251578,13205.767867520051
H4,50,4.0,D1,20,short,0.0,194,9.13242685913133,-0.149707862035856,0.3387809714139218,0.8534271148828704,0.26804123711340205,-0.0012337877665717903,-0.10191149964798463,0.15687018980292955,0.9002621845655385,-0.06244568131802919,-0.003030780394718824,9375.543186819707
H4,50,4.0,D1,20,short,1.0,194,9.13242685913133,-0.149707862035856,0.3387809714139218,0.8534271148828704,0.26804123711340205,-0.0012337877665717903,-0.10191149964798463,0.15687018980292955,0.9002621845655385,-0.06244568131802919,-0.003030780394718824,9375.543186819707
H4,50,4.0,D1,32,both,0.0,288,13.569659442724458,-0.14186506393568088,0.3988457464513815,0.8822545752765344,0.2326388888888889,-0.0008978773234128853,-0.15447110352557883,0.13445863946151315,0.8771653632983932,-0.10552717675448087,-0.005240728638049363,8944.72823245518
H4,50,4.0,D1,32,both,1.0,288,13.569659442724458,-0.14186506393568088,0.3988457464513815,0.8822545752765344,0.2326388888888889,-0.0008978773234128853,-0.15447110352557883,0.13445863946151315,0.8771653632983932,-0.10552717675448087,-0.005240728638049363,8944.72823245518
H4,50,4.0,D1,32,long,0.0,157,7.538352832917051,-0.04279112125819356,0.31538493119327304,0.9513036127489426,0.2484076433121019,-0.0003722978424683442,-0.010130948002096685,0.14199150380578185,0.9878812784678613,-0.013169269159551522,-0.0006363202697529102,9868.307308404486
H4,50,4.0,D1,32,long,1.0,157,7.538352832917051,-0.04279112125819356,0.31538493119327304,0.9513036127489426,0.2484076433121019,-0.0003722978424683442,-0.010130948002096685,0.14199150380578185,0.9878812784678613,-0.013169269159551522,-0.0006363202697529102,9868.307308404486
H4,50,4.0,D1,32,short,0.0,181,8.528154024767801,-0.19954693656124917,0.33829200714236973,0.8026762261144967,0.23204419889502761,-0.0016322658921932224,-0.12433432560471006,0.09783334546483369,0.8749211064137264,-0.06968345279318378,-0.003397484966043862,9303.16547206818
H4,50,4.0,D1,32,short,1.0,181,8.528154024767801,-0.19954693656124917,0.33829200714236973,0.8026762261144967,0.23204419889502761,-0.0016322658921932224,-0.12433432560471006,0.09783334546483369,0.8749211064137264,-0.06968345279318378,-0.003397484966043862,9303.16547206818
H4,50,4.0,D1,50,both,0.0,278,13.287032190526041,-0.19962256162608827,0.5619363476411554,0.8166258874443874,0.23741007194244604,-0.0013265298845100686,-0.19278404452006806,0.23883809800919364,0.8211637910154511,-0.13358717649790874,-0.006830085491733251,8664.128235020922
H4,50,4.0,D1,50,both,1.0,278,13.287032190526041,-0.19962256162608827,0.5619363476411554,0.8166258874443874,0.23741007194244604,-0.0013265298845100686,-0.19278404452006806,0.23883809800919364,0.8211637910154511,-0.13358717649790874,-0.006830085491733251,8664.128235020922
H4,50,4.0,D1,50,long,0.0,163,7.870934690639873,-0.018188946011433293,0.36400266566452444,0.975481213285602,0.25153374233128833,-0.0001730389638721727,-0.05571811171185171,0.174420961818197,0.9247438123122017,-0.0435665003433775,-0.0021486273462852923,9564.334996566235
H4,50,4.0,D1,50,long,1.0,163,7.870934690639873,-0.018188946011433293,0.36400266566452444,0.975481213285602,0.25153374233128833,-0.0001730389638721727,-0.05571811171185171,0.174420961818197,0.9247438123122017,-0.0435665003433775,-0.0021486273462852923,9564.334996566235
H4,50,4.0,D1,50,short,0.0,149,7.121466893483382,-0.3872045335743757,0.43224038021501787,0.6266981364748161,0.22818791946308725,-0.002875805173254598,-0.35562631874418543,0.13910707072083417,0.6680266233394517,-0.12091725357406913,-0.006140718838160253,8790.827464259322
H4,50,4.0,D1,50,short,1.0,149,7.121466893483382,-0.3872045335743757,0.43224038021501787,0.6266981364748161,0.22818791946308725,-0.002875805173254598,-0.35562631874418543,0.13910707072083417,0.6680266233394517,-0.12091725357406913,-0.006140718838160253,8790.827464259322
H4,50,4.0,D1,80,both,0.0,326,15.595481335952847,-0.026577518009529413,0.39287929395876575,0.9765830035645197,0.24539877300613497,-0.00017516961933091568,0.15409212209673165,0.13470884572338526,1.1570049182911522,0.1281919144317738,0.005786829299339269,11281.919144317724
H4,50,4.0,D1,80,both,1.0,326,15.595481335952847,-0.026577518009529413,0.39287929395876575,0.9765830035645197,0.24539877300613497,-0.00017516961933091568,0.15409212209673165,0.13470884572338526,1.1570049182911522,0.1281919144317738,0.005786829299339269,11281.919144317724
H4,50,4.0,D1,80,long,0.0,182,8.788405605499737,0.23344925668471964,0.20966899281389662,1.3283528521853565,0.27472527472527475,0.0024120216240701886,0.29132245623294717,0.07202923566538699,1.4364951364353524,0.2421067771535983,0.010524252713909998,12421.067771535967
H4,50,4.0,D1,80,long,1.0,182,8.788405605499737,0.23344925668471964,0.20966899281389662,1.3283528521853565,0.27472527472527475,0.0024120216240701886,0.29132245623294717,0.07202923566538699,1.4364951364353524,0.2421067771535983,0.010524252713909998,12421.067771535967
H4,50,4.0,D1,80,short,0.0,163,7.797740667976424,-0.25500889248032604,0.29426197345546934,0.751232025009604,0.2331288343558282,-0.001820273409571287,-0.015850699548710732,0.12121177864154187,0.9808280847215883,-0.012647407018404278,-0.0006087113474551042,9873.52592981596
H4,50,4.0,D1,80,short,1.0,163,7.797740667976424,-0.25500889248032604,0.29426197345546934,0.751232025009604,0.2331288343558282,-0.001820273409571287,-0.015850699548710732,0.12121177864154187,0.9808280847215883,-0.012647407018404278,-0.0006087113474551042,9873.52592981596
H4,50,4.0,D1,120,both,0.0,346,16.701004361041363,0.059841074996263545,0.2820718035350297,1.0472158403320182,0.27167630057803466,0.0003363087801980153,0.18997953762786082,0.110632557468331,1.1674234982659422,0.1465815782640394,0.00662429062388048,11465.815782640397
H4,50,4.0,D1,120,both,1.0,346,16.701004361041363,0.059841074996263545,0.2820718035350297,1.0472158403320182,0.27167630057803466,0.0003363087801980153,0.18997953762786082,0.110632557468331,1.1674234982659422,0.1465815782640394,0.00662429062388048,11465.815782640397
H4,50,4.0,D1,120,long,0.0,192,9.267609356416017,0.2322439243428804,0.17238722001033024,1.2750146778265414,0.2916666666666667,0.0019032155835786932,0.2557997397392292,0.06622536929683764,1.3221758307992166,0.16913338886558216,0.007571133915865724,11691.333888655818
H4,50,4.0,D1,120,long,1.0,192,9.267609356416017,0.2322439243428804,0.17238722001033024,1.2750146778265414,0.2916666666666667,0.0019032155835786932,0.2557997397392292,0.06622536929683764,1.3221758307992166,0.16913338886558216,0.007571133915865724,11691.333888655818
H4,50,4.0,D1,120,short,0.0,165,8.395966843131792,-0.05776278526691853,0.18868137564093368,0.9414138656348957,0.2787878787878788,-0.0004188582747040432,0.07426478039757749,0.07729175426101331,1.0838412954035996,0.02918361192642771,0.0014648133647812145,10291.836119264275
H4,50,4.0,D1,120,short,1.0,165,8.395966843131792,-0.05776278526691853,0.18868137564093368,0.9414138656348957,0.2787878787878788,-0.0004188582747040432,0.07426478039757749,0.07729175426101331,1.0838412954035996,0.02918361192642771,0.0014648133647812145,10291.836119264275
H4,50,4.0,W1,20,both,0.0,384,18.45716541650217,0.1889794769827764,0.2039150245651815,1.1523723728394173,0.2682291666666667,0.0011251611732190881,0.27386413281698646,0.08096084798532344,1.236448829362247,0.26026678214880694,0.011180726728202472,12602.6678214881
H4,50,4.0,W1,20,both,1.0,384,18.45716541650217,0.1889794769827764,0.2039150245651815,1.1523723728394173,0.2682291666666667,0.0011251611732190881,0.27386413281698646,0.08096084798532344,1.236448829362247,0.26026678214880694,0.011180726728202472,12602.6678214881
H4,50,4.0,W1,20,long,0.0,217,10.43022108172128,0.3924223330247618,0.18469087330723544,1.4996500607084255,0.29493087557603687,0.0035509570150237912,0.4650382305886981,0.06222496282250223,1.6556298669991618,0.44064011104655854,0.017703000712954164,14406.401110465573
H4,50,4.0,W1,20,long,1.0,217,10.43022108172128,0.3924223330247618,0.18469087330723544,1.4996500607084255,0.29493087557603687,0.0035509570150237912,0.4650382305886981,0.06222496282250223,1.6556298669991618,0.44064011104655854,0.017703000712954164,14406.401110465573
H4,50,4.0,W1,20,short,0.0,189,9.57053237210592,-0.24499585874238813,0.32957392649752404,0.7891559488262005,0.23809523809523808,-0.0016462391842871102,-0.2287952753243079,0.1277581825992249,0.8116116996913018,-0.09555422161507166,-0.005072785698682747,9044.457783849291
H4,50,4.0,W1,20,short,1.0,189,9.57053237210592,-0.24499585874238813,0.32957392649752404,0.7891559488262005,0.23809523809523808,-0.0016462391842871102,-0.2287952753243079,0.1277581825992249,0.8116116996913018,-0.09555422161507166,-0.005072785698682747,9044.457783849291
H4,50,4.0,W1,32,both,0.0,383,18.83036074841836,0.11672405500370321,0.36530833004887076,1.0937807989370565,0.25326370757180156,0.0007316256789170021,0.20792563669963773,0.1262491516463976,1.1791954400994893,0.19802992252506346,0.008922707621700443,11980.299225250632
H4,50,4.0,W1,32,both,1.0,383,18.83036074841836,0.11672405500370321,0.36530833004887076,1.0937807989370565,0.25326370757180156,0.0007316256789170021,0.20792563669963773,0.1262491516463976,1.1791954400994893,0.19802992252506346,0.008922707621700443,11980.299225250632
H4,50,4.0,W1,32,long,0.0,219,10.767229775205276,0.4028518621350817,0.2696582911846528,1.529826776766492,0.3105022831050228,0.0038358816418273094,0.43394825126968783,0.09209736741771002,1.6061650461771821,0.41720145573165013,0.017290993780071595,14172.014557316486
H4,50,4.0,W1,32,long,1.0,219,10.767229775205276,0.4028518621350817,0.2696582911846528,1.529826776766492,0.3105022831050228,0.0038358816418273094,0.43394825126968783,0.09209736741771002,1.6061650461771821,0.41720145573165013,0.017290993780071595,14172.014557316486
H4,50,4.0,W1,32,short,0.0,191,9.813300042200028,-0.35965467725526384,0.431238593118242,0.7052255246567245,0.20418848167539266,-0.002401391206395524,-0.2051372294634468,0.14250311941438665,0.8105667894474647,-0.10678109202015074,-0.0057850503381498,8932.189079798512
H4,50,4.0,W1,32,short,1.0,191,9.813300042200028,-0.35965467725526384,0.431238593118242,0.7052255246567245,0.20418848167539266,-0.002401391206395524,-0.2051372294634468,0.14250311941438665,0.8105667894474647,-0.10678109202015074,-0.0057850503381498,8932.189079798512
H4,50,4.0,W1,50,both,0.0,381,19.430361630829378,0.2884959677056438,0.23890492444366662,1.2509854558420317,0.27296587926509186,0.0018895927295991158,0.45013226513523946,0.09280503120256611,1.4498095692113175,0.5598767054667386,0.022933214632565146,15598.767054667387
H4,50,4.0,W1,50,both,1.0,381,19.430361630829378,0.2884959677056438,0.23890492444366662,1.2509854558420317,0.27296587926509186,0.0018895927295991158,0.45013226513523946,0.09280503120256611,1.4498095692113175,0.5598767054667386,0.022933214632565146,15598.767054667387
H4,50,4.0,W1,50,long,0.0,232,11.889715167672232,0.4309541524632086,0.1293733507521444,1.5531487346576691,0.3103448275862069,0.003880895323498364,0.5046982459378908,0.046338754743516675,1.7367521482516453,0.5608245574850159,0.02307897500672529,15608.245574850167
H4,50,4.0,W1,50,long,1.0,232,11.889715167672232,0.4309541524632086,0.1293733507521444,1.5531487346576691,0.3103448275862069,0.003880895323498364,0.5046982459378908,0.046338754743516675,1.7367521482516453,0.5608245574850159,0.02307897500672529,15608.245574850167
H4,50,4.0,W1,50,short,0.0,172,9.282358156028367,-0.04823221242423067,0.260862603007449,0.949946726706868,0.22674418604651161,-0.0003970972493126771,0.09718924811345007,0.07906766746192839,1.1086992526538513,0.04376239967026874,0.0023141900273235816,10437.623996702687
H4,50,4.0,W1,50,short,1.0,172,9.282358156028367,-0.04823221242423067,0.260862603007449,0.949946726706868,0.22674418604651161,-0.0003970972493126771,0.09718924811345007,0.07906766746192839,1.1086992526538513,0.04376239967026874,0.0023141900273235816,10437.623996702687
H4,50,4.0,W1,80,both,0.0,377,20.360675735620287,0.1744475149215405,0.4255191291282714,1.1398728137750216,0.2572944297082228,0.0010669393490981302,0.30036166576871165,0.1750403517876734,1.2784621065810822,0.3223564193230686,0.015204845076609352,13223.564193230692
H4,50,4.0,W1,80,both,1.0,377,20.360675735620287,0.1744475149215405,0.4255191291282714,1.1398728137750216,0.2572944297082228,0.0010669393490981302,0.30036166576871165,0.1750403517876734,1.2784621065810822,0.3223564193230686,0.015204845076609352,13223.564193230692
H4,50,4.0,W1,80,long,0.0,232,12.529646606535563,0.4303283874246704,0.2546729781285699,1.5409744071722713,0.28879310344827586,0.003814411400409989,0.43513002292873765,0.11955824860746123,1.5965107127458196,0.468425305216591,0.02096577695461188,14684.253052165916
H4,50,4.0,W1,80,long,1.0,232,12.529646606535563,0.4303283874246704,0.2546729781285699,1.5409744071722713,0.28879310344827586,0.003814411400409989,0.43513002292873765,0.11955824860746123,1.5965107127458196,0.468425305216591,0.02096577695461188,14684.253052165916
H4,50,4.0,W1,80,short,0.0,155,9.820251517779704,-0.2555182526647985,0.34852537686078733,0.7857449352365834,0.21935483870967742,-0.0018108495629476813,-0.1616972458521993,0.09996627047082729,0.8613277609816958,-0.06331127227291944,-0.004135208404212332,9366.887277270804
H4,50,4.0,W1,80,short,1.0,155,9.820251517779704,-0.2555182526647985,0.34852537686078733,0.7857449352365834,0.21935483870967742,-0.0018108495629476813,-0.1616972458521993,0.09996627047082729,0.8613277609816958,-0.06331127227291944,-0.004135208404212332,9366.887277270804
H4,50,4.0,W1,120,both,0.0,331,19.61988802336904,0.34404918630937115,0.3501558780839291,1.3084686208889238,0.283987915407855,0.002178790745488773,0.42469571664304817,0.14202918899569683,1.4190980587654922,0.45621064083451746,0.02252761797420888,14562.106408345151
H4,50,4.0,W1,120,both,1.0,331,19.61988802336904,0.34404918630937115,0.3501558780839291,1.3084686208889238,0.283987915407855,0.002178790745488773,0.42469571664304817,0.14202918899569683,1.4190980587654922,0.45621064083451746,0.02252761797420888,14562.106408345151
H4,50,4.0,W1,120,long,0.0,212,12.566212268743916,0.4129845618656199,0.30758876609611285,1.514420200092179,0.3113207547169811,0.0036422219246965903,0.4720316418318996,0.11155226802218987,1.6689084132330692,0.4611091271487384,0.022731179206310292,14611.091271487352
H4,50,4.0,W1,120,long,1.0,212,12.566212268743916,0.4129845618656199,0.30758876609611285,1.514420200092179,0.3113207547169811,0.0036422219246965903,0.4720316418318996,0.11155226802218987,1.6689084132330692,0.4611091271487384,0.022731179206310292,14611.091271487352
H4,50,4.0,W1,120,short,0.0,127,9.393833535844472,-0.10032524200667955,0.19739242935561618,0.9050148124477443,0.2283464566929134,-0.000684575772140497,-0.032108355351308314,0.0921125119325884,0.9684845995449497,-0.01669272798258059,-0.0012443608886387736,9833.072720174187
H4,50,4.0,W1,120,short,1.0,127,9.393833535844472,-0.10032524200667955,0.19739242935561618,0.9050148124477443,0.2283464566929134,-0.000684575772140497,-0.032108355351308314,0.0921125119325884,0.9684845995449497,-0.01669272798258059,-0.0012443608886387736,9833.072720174187
H4,50,1.5,none,0,both,0.0,1174,54.38907914764079,0.32018729108862637,0.2629779418335413,1.1883197887462924,0.2453151618398637,0.0007419995295127061,0.3533556034752135,0.3023039324679778,1.2453709609874513,1.2279809013325949,0.03781046193590254,22279.80901332606
H4,50,1.5,none,0,both,1.0,1174,54.38907914764079,0.32018729108862637,0.2629779418335413,1.1883197887462924,0.2453151618398637,0.0007419995295127061,0.3533556034752135,0.3023039324679778,1.2453709609874513,1.2279809013325949,0.03781046193590254,22279.80901332606
H4,50,1.5,none,0,long,0.0,1055,48.88224660662184,0.6482608271361493,0.21884248484108781,1.5144412236376243,0.20568720379146918,0.0020950748440301172,0.6569462159301339,0.1584782981910864,1.5475031882340757,3.2825399102443624,0.06971769453039123,42825.39910244381
H4,50,1.5,none,0,long,1.0,1055,48.88224660662184,0.6482608271361493,0.21884248484108781,1.5144412236376243,0.20568720379146918,0.0020950748440301172,0.6569462159301339,0.1584782981910864,1.5475031882340757,3.2825399102443624,0.06971769453039123,42825.39910244381
H4,50,1.5,none,0,short,0.0,1055,49.03776406210232,0.028718595028041756,0.3325010761683437,1.013838402432148,0.2559241706161137,4.942797112548021e-05,0.17349669043050972,0.256506482936232,1.0919097510220572,0.2541377866596002,0.010581199518624906,12541.377866596042
H4,50,1.5,none,0,short,1.0,1055,49.03776406210232,0.028718595028041756,0.3325010761683437,1.013838402432148,0.2559241706161137,4.942797112548021e-05,0.17349669043050972,0.256506482936232,1.0919097510220572,0.2541377866596002,0.010581199518624906,12541.377866596042
H4,50,1.5,D1,20,both,0.0,855,40.03701923076923,0.18234807195583483,0.32711662990600043,1.1105332213239996,0.247953216374269,0.0004120828124553008,0.28511794249587125,0.2549709638732305,1.1939498053119961,0.554358911843386,0.02086839409532848,15543.58911843388
H4,50,1.5,D1,20,both,1.0,855,40.03701923076923,0.18234807195583483,0.32711662990600043,1.1105332213239996,0.247953216374269,0.0004120828124553008,0.28511794249587125,0.2549709638732305,1.1939498053119961,0.554358911843386,0.02086839409532848,15543.58911843388
H4,50,1.5,D1,20,long,0.0,235,11.021282742681048,0.30597040915177487,0.1766483479118467,1.4519802010828118,0.23829787234042554,0.001695044658597153,0.3087495286681431,0.13795310526031257,1.4993300043689253,0.451836235125193,0.01763910472435537,14518.362351251943
H4,50,1.5,D1,20,long,1.0,235,11.021282742681048,0.30597040915177487,0.1766483479118467,1.4519802010828118,0.23829787234042554,0.001695044658597153,0.3087495286681431,0.13795310526031257,1.4993300043689253,0.451836235125193,0.01763910472435537,14518.362351251943
H4,50,1.5,D1,20,short,0.0,702,32.8725,-0.04739782904365455,0.29954668512360383,0.9728281367818058,0.25071225071225073,-9.935970260700561e-05,0.0887449741149726,0.254026585853243,1.0557345562022769,0.08373875559914423,0.003772773815565511,10837.387555991432
H4,50,1.5,D1,20,short,1.0,702,32.8725,-0.04739782904365455,0.29954668512360383,0.9728281367818058,0.25071225071225073,-9.935970260700561e-05,0.0887449741149726,0.254026585853243,1.0557345562022769,0.08373875559914423,0.003772773815565511,10837.387555991432
H4,50,1.5,D1,32,both,0.0,867,40.63540998331836,0.2704456385850487,0.21721046014838974,1.1738011883663044,0.2675893886966551,0.0005986129182271077,0.32227880672274833,0.19555137966072267,1.2229969262758729,0.6249659473898803,0.023015129655956645,16249.659473898868
H4,50,1.5,D1,32,both,1.0,867,40.63540998331836,0.2704456385850487,0.21721046014838974,1.1738011883663044,0.2675893886966551,0.0005986129182271077,0.32227880672274833,0.19555137966072267,1.2229969262758729,0.6249659473898803,0.023015129655956645,16249.659473898868
H4,50,1.5,D1,32,long,0.0,247,11.643875838926174,0.28075682167668126,0.11282885301665513,1.4109568697787354,0.23481781376518218,0.0015327264186787242,0.27312106742158737,0.14925982970311924,1.435706595368236,0.4194720415819564,0.016649945211336448,14194.720415819549
H4,50,1.5,D1,32,long,1.0,247,11.643875838926174,0.28075682167668126,0.11282885301665513,1.4109568697787354,0.23481781376518218,0.0015327264186787242,0.27312106742158737,0.14925982970311924,1.435706595368236,0.4194720415819564,0.016649945211336448,14194.720415819549
H4,50,1.5,D1,32,short,0.0,690,32.33959964070319,0.05062902600559349,0.21486391360668822,1.030873400214246,0.26666666666666666,0.0001044815710574603,0.1968039550230957,0.1580533865620667,1.1311043451281724,0.25108870473259093,0.010554626395179456,12510.887047325934
H4,50,1.5,D1,32,short,1.0,690,32.33959964070319,0.05062902600559349,0.21486391360668822,1.030873400214246,0.26666666666666666,0.0001044815710574603,0.1968039550230957,0.1580533865620667,1.1311043451281724,0.25108870473259093,0.010554626395179456,12510.887047325934
H4,50,1.5,D1,50,both,0.0,869,40.93928156842513,-0.027313400681528283,0.2910986723702622,0.9844016005653221,0.238204833141542,-5.860583863867004e-05,0.09616557929966338,0.24531582801617313,1.0630047996012635,0.10834972680705324,0.004858152842764252,11083.497268070552
H4,50,1.5,D1,50,both,1.0,869,40.93928156842513,-0.027313400681528283,0.2910986723702622,0.9844016005653221,0.238204833141542,-5.860583863867004e-05,0.09616557929966338,0.24531582801617313,1.0630047996012635,0.10834972680705324,0.004858152842764252,11083.497268070552
H4,50,1.5,D1,50,long,0.0,304,14.330924109447599,0.022907909952951895,0.20977526193119223,1.0249235192711055,0.21710526315789475,9.307169689063875e-05,-0.004585652055262299,0.23678012215918443,0.994618672171433,-0.050680900604626156,-0.0024488240367898095,9493.190993953764
H4,50,1.5,D1,50,long,1.0,304,14.330924109447599,0.022907909952951895,0.20977526193119223,1.0249235192711055,0.21710526315789475,9.307169689063875e-05,-0.004585652055262299,0.23678012215918443,0.994618672171433,-0.050680900604626156,-0.0024488240367898095,9493.190993953764
H4,50,1.5,D1,50,short,0.0,619,29.39666493303862,-0.09560270700145693,0.29924658586351627,0.9407947394839351,0.24717285945072698,-0.00022030072026617048,0.10651249857517293,0.19131859182503475,1.0743572092239961,0.10828130962704297,0.004894465973319884,11082.813096270416
H4,50,1.5,D1,50,short,1.0,619,29.39666493303862,-0.09560270700145693,0.29924658586351627,0.9407947394839351,0.24717285945072698,-0.00022030072026617048,0.10651249857517293,0.19131859182503475,1.0743572092239961,0.10828130962704297,0.004894465973319884,11082.813096270416
H4,50,1.5,D1,80,both,0.0,911,43.348456227201666,0.20055187081848355,0.27375460538822893,1.1272102827949737,0.23600439077936333,0.0004743512939114282,0.2482801725702224,0.21669356786220206,1.1633843990272108,0.4680370283783901,0.018436392717546823,14680.370283783888
H4,50,1.5,D1,80,both,1.0,911,43.348456227201666,0.20055187081848355,0.27375460538822893,1.1272102827949737,0.23600439077936333,0.0004743512939114282,0.2482801725702224,0.21669356786220206,1.1633843990272108,0.4680370283783901,0.018436392717546823,14680.370283783888
H4,50,1.5,D1,80,long,0.0,338,16.231199053378912,0.4308623696740007,0.13435945840690722,1.5738025327060334,0.23076923076923078,0.002192183958759022,0.4571315319331302,0.13159572646947315,1.6095727708865177,0.8891605276941434,0.031019287163515985,18891.605276941435
H4,50,1.5,D1,80,long,1.0,338,16.231199053378912,0.4308623696740007,0.13435945840690722,1.5738025327060334,0.23076923076923078,0.002192183958759022,0.4571315319331302,0.13159572646947315,1.6095727708865177,0.8891605276941434,0.031019287163515985,18891.605276941435
H4,50,1.5,D1,80,short,0.0,606,28.835526315789476,-0.02377287011765152,0.2676148415979931,0.9847978806008171,0.2508250825082508,-5.4545798044320575e-05,0.11137514844569818,0.2156149646337231,1.0767367543928152,0.11197509124574201,0.005063169457435457,11119.75091245739
H4,50,1.5,D1,80,short,1.0,606,28.835526315789476,-0.02377287011765152,0.2676148415979931,0.9847978806008171,0.2508250825082508,-5.4545798044320575e-05,0.11137514844569818,0.2156149646337231,1.0767367543928152,0.11197509124574201,0.005063169457435457,11119.75091245739
H4,50,1.5,D1,120,both,0.0,926,44.63202692003167,0.43939070854206397,0.17365784039345844,1.2908322268029508,0.24946004319654427,0.0010756800960772769,0.530486484674328,0.12626791889381883,1.39085964893166,1.4228837264730458,0.04357662579158239,24228.837264730577
H4,50,1.5,D1,120,both,1.0,926,44.63202692003167,0.43939070854206397,0.17365784039345844,1.2908322268029508,0.24946004319654427,0.0010756800960772769,0.530486484674328,0.12626791889381883,1.39085964893166,1.4228837264730458,0.04357662579158239,24228.837264730577
H4,50,1.5,D1,120,long,0.0,361,17.41123068797042,0.4358546178638316,0.1417069682712523,1.5298669641625318,0.2409972299168975,0.002148130777928192,0.4900846751458435,0.1259735976893438,1.6562558485368506,1.0833237182098348,0.03603354094935285,20833.237182098394
H4,50,1.5,D1,120,long,1.0,361,17.41123068797042,0.4358546178638316,0.1417069682712523,1.5298669641625318,0.2409972299168975,0.002148130777928192,0.4900846751458435,0.1259735976893438,1.6562558485368506,1.0833237182098348,0.03603354094935285,20833.237182098394
H4,50,1.5,D1,120,short,0.0,583,28.260218978102188,0.09992699448519289,0.2491601291408404,1.0681798980490698,0.24871355060034306,0.00024281656235692736,0.2659883712965731,0.1795183464880581,1.2027237523571481,0.3700307300199883,0.015378202773575156,13700.307300199913
H4,50,1.5,D1,120,short,1.0,583,28.260218978102188,0.09992699448519289,0.2491601291408404,1.0681798980490698,0.24871355060034306,0.00024281656235692736,0.2659883712965731,0.1795183464880581,1.2027237523571481,0.3700307300199883,0.015378202773575156,13700.307300199913
H4,50,1.5,W1,20,both,0.0,974,46.73587756174461,0.3726078355418206,0.24418021817381796,1.2454268247103297,0.22792607802874743,0.0009636216062158735,0.475090542657012,0.1550891715872087,1.338615754669734,1.4553597806905367,0.04404464241962325,24553.59780690543
H4,50,1.5,W1,20,both,1.0,974,46.73587756174461,0.3726078355418206,0.24418021817381796,1.2454268247103297,0.22792607802874743,0.0009636216062158735,0.475090542657012,0.1550891715872087,1.338615754669734,1.4553597806905367,0.04404464241962325,24553.59780690543
H4,50,1.5,W1,20,long,0.0,512,24.567524960588543,0.5139993111574344,0.17476065293562804,1.5813616926013827,0.216796875,0.0025585807443444784,0.520955617110308,0.15113236093818128,1.5585958074386885,1.4466507011059746,0.043866649811155733,24466.507011059704
H4,50,1.5,W1,20,long,1.0,512,24.567524960588543,0.5139993111574344,0.17476065293562804,1.5813616926013827,0.216796875,0.0025585807443444784,0.520955617110308,0.15113236093818128,1.5585958074386885,1.4466507011059746,0.043866649811155733,24466.507011059704
H4,50,1.5,W1,20,short,0.0,502,24.621391164227205,-0.0033974674088701642,0.2718339021736026,0.9975770447664637,0.2410358565737052,-8.486451707583938e-06,0.19324778900436662,0.163443430734726,1.1589665417722064,0.23089233566944034,0.010240993236293239,12308.923356694393
H4,50,1.5,W1,20,short,1.0,502,24.621391164227205,-0.0033974674088701642,0.2718339021736026,0.9975770447664637,0.2410358565737052,-8.486451707583938e-06,0.19324778900436662,0.163443430734726,1.1589665417722064,0.23089233566944034,0.010240993236293239,12308.923356694393
H4,50,1.5,W1,32,both,0.0,950,46.80797248077701,0.4363247377187243,0.22635731316700514,1.2969759242146557,0.23157894736842105,0.001174893771387778,0.5241842442105908,0.2047834788406293,1.3927812516554623,1.8187330173547371,0.05238549922173519,28187.330173547372
H4,50,1.5,W1,32,both,1.0,950,46.80797248077701,0.4363247377187243,0.22635731316700514,1.2969759242146557,0.23157894736842105,0.001174893771387778,0.5241842442105908,0.2047834788406293,1.3927812516554623,1.8187330173547371,0.05238549922173519,28187.330173547372
H4,50,1.5,W1,32,long,0.0,555,27.34571023876973,0.5230831907329286,0.2909622633664698,1.5722465293069867,0.21081081081081082,0.002464890995730655,0.5451827393487848,0.25699902503688477,1.5858167467137778,1.8668232634589148,0.05326305853669666,28668.232634589134
H4,50,1.5,W1,32,long,1.0,555,27.34571023876973,0.5230831907329286,0.2909622633664698,1.5722465293069867,0.21081081081081082,0.002464890995730655,0.5451827393487848,0.25699902503688477,1.5858167467137778,1.8668232634589148,0.05326305853669666,28668.232634589134
H4,50,1.5,W1,32,short,0.0,432,22.198649409116488,0.14429086582382375,0.1670148019806521,1.1132628718626778,0.26157407407407407,0.0003963467084294578,0.2872057320747474,0.09944271417601125,1.2616722323551814,0.3619298853525532,0.01599985067514864,13619.298853525548
H4,50,1.5,W1,32,short,1.0,432,22.198649409116488,0.14429086582382375,0.1670148019806521,1.1132628718626778,0.26157407407407407,0.0003963467084294578,0.2872057320747474,0.09944271417601125,1.2616722323551814,0.3619298853525532,0.01599985067514864,13619.298853525548
H4,50,1.5,W1,50,both,0.0,949,48.188829417489224,0.5022695661973643,0.1948593457046266,1.3556878938357215,0.24446786090621708,0.0013574906611451857,0.606890864031312,0.13037803785811908,1.5195393070576821,2.6491990843966935,0.0679417575128285,36491.99084396707
H4,50,1.5,W1,50,both,1.0,949,48.188829417489224,0.5022695661973643,0.1948593457046266,1.3556878938357215,0.24446786090621708,0.0013574906611451857,0.606890864031312,0.13037803785811908,1.5195393070576821,2.6491990843966935,0.0679417575128285,36491.99084396707
H4,50,1.5,W1,50,long,0.0,584,29.654664256916448,0.49206241192204414,0.17740024660835152,1.4899114835141258,0.22945205479452055,0.0019714967152405964,0.5613056491347735,0.11430216788997405,1.657816881001031,2.4491783578710478,0.06488917651351311,34491.78357871041
H4,50,1.5,W1,50,long,1.0,584,29.654664256916448,0.49206241192204414,0.17740024660835152,1.4899114835141258,0.22945205479452055,0.0019714967152405964,0.5613056491347735,0.11430216788997405,1.657816881001031,2.4491783578710478,0.06488917651351311,34491.78357871041
H4,50,1.5,W1,50,short,0.0,400,20.86844736466219,0.17768610634624385,0.15367185961849839,1.1493233742977893,0.26,0.0005332151637997425,0.3434033726000198,0.11229279115223556,1.3402639958213738,0.4575320109912262,0.01984962222785791,14575.32010991227
H4,50,1.5,W1,50,short,1.0,400,20.86844736466219,0.17768610634624385,0.15367185961849839,1.1493233742977893,0.26,0.0005332151637997425,0.3434033726000198,0.11229279115223556,1.3402639958213738,0.4575320109912262,0.01984962222785791,14575.32010991227
H4,50,1.5,W1,80,both,0.0,895,48.37211453092631,0.5381275844429991,0.2089024246812191,1.3934644290197964,0.23016759776536314,0.0014919108444134816,0.6046791950659326,0.17419156496654498,1.5163730591341498,2.6212286720780487,0.07202402522344631,36212.28672078044
H4,50,1.5,W1,80,both,1.0,895,48.37211453092631,0.5381275844429991,0.2089024246812191,1.3934644290197964,0.23016759776536314,0.0014919108444134816,0.6046791950659326,0.17419156496654498,1.5163730591341498,2.6212286720780487,0.07202402522344631,36212.28672078044
H4,50,1.5,W1,80,long,0.0,584,31.563480319621192,0.4777036546675709,0.2338557998878067,1.4747011560193035,0.2071917808219178,0.0018200432918350116,0.48638885332204074,0.26026998594464246,1.5553625835505105,1.9217257917864732,0.05965975708445104,29217.2579178647
H4,50,1.5,W1,80,long,1.0,584,31.563480319621192,0.4777036546675709,0.2338557998878067,1.4747011560193035,0.2071917808219178,0.0018200432918350116,0.48638885332204074,0.26026998594464246,1.5553625835505105,1.9217257917864732,0.05965975708445104,29217.2579178647
H4,50,1.5,W1,80,short,0.0,332,21.074556830031284,0.2602820681339116,0.17891899431462077,1.2179071357737712,0.2740963855421687,0.000808929520280463,0.4077708485484099,0.10906272810970463,1.396719954093864,0.46649656133218986,0.024601809963604504,14664.965613321896
H4,50,1.5,W1,80,short,1.0,332,21.074556830031284,0.2602820681339116,0.17891899431462077,1.2179071357737712,0.2740963855421687,0.000808929520280463,0.4077708485484099,0.10906272810970463,1.396719954093864,0.46649656133218986,0.024601809963604504,14664.965613321896
H4,50,1.5,W1,120,both,0.0,831,49.10576767513348,0.5259314618554282,0.20032335257489553,1.3809524572396523,0.21780986762936222,0.001391759626435942,0.6007597551798453,0.20618966227808166,1.5194437182268632,2.545600070636621,0.07766176704637107,35456.000706366285
H4,50,1.5,W1,120,both,1.0,831,49.10576767513348,0.5259314618554282,0.20032335257489553,1.3809524572396523,0.21780986762936222,0.001391759626435942,0.6007597551798453,0.20618966227808166,1.5194437182268632,2.545600070636621,0.07766176704637107,35456.000706366285
H4,50,1.5,W1,120,long,0.0,554,32.73717845008898,0.3728756618538861,0.321696468114966,1.3358810272616877,0.19133574007220217,0.0013292845602992575,0.4496032128466081,0.3072778965056181,1.4830643983408072,1.6494305337799564,0.059266141010122064,26494.30533779962
H4,50,1.5,W1,120,long,1.0,554,32.73717845008898,0.3728756618538861,0.321696468114966,1.3358810272616877,0.19133574007220217,0.0013292845602992575,0.4496032128466081,0.3072778965056181,1.4830643983408072,1.6494305337799564,0.059266141010122064,26494.30533779962
H4,50,1.5,W1,120,short,0.0,291,20.463563727377743,0.4356623290050075,0.0746900321690599,1.435201270994727,0.2646048109965636,0.0013373650259728654,0.5035108687546909,0.0603994943941657,1.5928408547648063,0.5731656367756788,0.03237500083093847,15731.656367756828
H4,50,1.5,W1,120,short,1.0,291,20.463563727377743,0.4356623290050075,0.0746900321690599,1.435201270994727,0.2646048109965636,0.0013373650259728654,0.5035108687546909,0.0603994943941657,1.5928408547648063,0.5731656367756788,0.03237500083093847,15731.656367756828
H4,50,2.5,none,0,both,0.0,964,44.802264919200915,0.16387693472632545,0.3624833230293818,1.0942283212018922,0.22614107883817428,0.00044048357685009035,0.1832998144835085,0.2435800773936283,1.1088619393086878,0.28617641891219736,0.011765308278589348,12861.764189122017
H4,50,2.5,none,0,both,1.0,964,44.802264919200915,0.16387693472632545,0.3624833230293818,1.0942283212018922,0.22614107883817428,0.00044048357685009035,0.1832998144835085,0.2435800773936283,1.1088619393086878,0.28617641891219736,0.011765308278589348,12861.764189122017
H4,50,2.5,none,0,long,0.0,928,42.9923896499239,0.5724248687584585,0.3104783433550141,1.4385243887055814,0.23814655172413793,0.0019215771718204188,0.5761326465396199,0.24845423275237655,1.4798169951965878,2.22428412681941,0.055734469145719556,32242.84126819402
H4,50,2.5,none,0,long,1.0,928,42.9923896499239,0.5724248687584585,0.3104783433550141,1.4385243887055814,0.23814655172413793,0.0019215771718204188,0.5761326465396199,0.24845423275237655,1.4798169951965878,2.22428412681941,0.055734469145719556,32242.84126819402
H4,50,2.5,none,0,short,0.0,928,43.12915129151291,-0.27026315670568235,0.5024945170108223,0.871124323489256,0.21443965517241378,-0.000601867343607634,-0.1930668388867389,0.2592378479704448,0.9048812632891234,-0.2513223567555293,-0.013362072459823349,7486.776432444709
H4,50,2.5,none,0,short,1.0,928,43.12915129151291,-0.27026315670568235,0.5024945170108223,0.871124323489256,0.21443965517241378,-0.000601867343607634,-0.1930668388867389,0.2592378479704448,0.9048812632891234,-0.2513223567555293,-0.013362072459823349,7486.776432444709
H4,50,2.5,D1,20,both,0.0,686,32.020638977635784,0.05848693864729583,0.3020749586178909,1.0398724282210732,0.21720116618075802,0.00018227741317997182,0.13597649351428123,0.17591148202943596,1.0939766088158185,0.15497429967977738,0.006747843482397542,11549.742996797719
H4,50,2.5,D1,20,both,1.0,686,32.020638977635784,0.05848693864729583,0.3020749586178909,1.0398724282210732,0.21720116618075802,0.00018227741317997182,0.13597649351428123,0.17591148202943596,1.0939766088158185,0.15497429967977738,0.006747843482397542,11549.742996797719
H4,50,2.5,D1,20,long,0.0,283,13.219817112162682,0.3202764500893393,0.19003244636696748,1.434210364194233,0.2579505300353357,0.0019199645849216035,0.36017273796285887,0.11323994349598665,1.4809783085151866,0.44113456926362615,0.017216945548828022,14411.345692636296
H4,50,2.5,D1,20,long,1.0,283,13.219817112162682,0.3202764500893393,0.19003244636696748,1.434210364194233,0.2579505300353357,0.0019199645849216035,0.36017273796285887,0.11323994349598665,1.4809783085151866,0.44113456926362615,0.017216945548828022,14411.345692636296
H4,50,2.5,D1,20,short,0.0,517,24.13217252396166,-0.16988049329249816,0.32342077552707105,0.8907546171710057,0.20889748549323017,-0.0004999513918986668,-0.13864090359565504,0.16465277262363132,0.9098752889303563,-0.1373143880022839,-0.006870758374718844,8626.856119977152
H4,50,2.5,D1,20,short,1.0,517,24.13217252396166,-0.16988049329249816,0.32342077552707105,0.8907546171710057,0.20889748549323017,-0.0004999513918986668,-0.13864090359565504,0.16465277262363132,0.9098752889303563,-0.1373143880022839,-0.006870758374718844,8626.856119977152
H4,50,2.5,D1,32,both,0.0,695,32.55723355136591,0.0482470061336306,0.3107658068429823,1.0338364544255159,0.2302158273381295,0.00014881673622117985,0.17192406300278848,0.1497047328668255,1.1293265831916672,0.22232916374882095,0.009448866719693028,12223.291637488175
H4,50,2.5,D1,32,both,1.0,695,32.55723355136591,0.0482470061336306,0.3107658068429823,1.0338364544255159,0.2302158273381295,0.00014881673622117985,0.17192406300278848,0.1497047328668255,1.1293265831916672,0.22232916374882095,0.009448866719693028,12223.291637488175
H4,50,2.5,D1,32,long,0.0,293,14.00212612848358,0.17535022982577003,0.19079544941193505,1.2315049071918007,0.24914675767918087,0.0009658840053669599,0.15675558995756167,0.14249658202378257,1.1965904095581381,0.14572184216147877,0.006522123717173756,11457.21842161478
H4,50,2.5,D1,32,long,1.0,293,14.00212612848358,0.17535022982577003,0.19079544941193505,1.2315049071918007,0.24914675767918087,0.0009658840053669599,0.15675558995756167,0.14249658202378257,1.1965904095581381,0.14572184216147877,0.006522123717173756,11457.21842161478
H4,50,2.5,D1,32,short,0.0,479,22.438726433243552,-0.0502724124512996,0.27968599231021274,0.9644052159595797,0.2254697286012526,-0.00015792023770632902,0.1177868188153457,0.14344065132077866,1.0961296809654302,0.09964335513550315,0.004459523247157371,10996.433551354983
H4,50,2.5,D1,32,short,1.0,479,22.438726433243552,-0.0502724124512996,0.27968599231021274,0.9644052159595797,0.2254697286012526,-0.00015792023770632902,0.1177868188153457,0.14344065132077866,1.0961296809654302,0.09964335513550315,0.004459523247157371,10996.433551354983
H4,50,2.5,D1,50,both,0.0,714,33.66315993287724,-0.2715957911139811,0.597628428166926,0.8291542225012081,0.19467787114845939,-0.0007841755445462193,-0.26990824353002657,0.39762047599502726,0.8320605026317613,-0.3200536739368324,-0.01802228036131992,6799.463260631686
H4,50,2.5,D1,50,both,1.0,714,33.66315993287724,-0.2715957911139811,0.597628428166926,0.8291542225012081,0.19467787114845939,-0.0007841755445462193,-0.26990824353002657,0.39762047599502726,0.8320605026317613,-0.3200536739368324,-0.01802228036131992,6799.463260631686
H4,50,2.5,D1,50,long,0.0,335,15.80454017049858,0.06782274561764955,0.304598126854147,1.0786032467617275,0.22686567164179106,0.00034064345322337296,0.02114636161278657,0.22613154036939487,1.0226116686585842,-0.003626100467060467,-0.00017136742292822582,9963.738995329422
H4,50,2.5,D1,50,long,1.0,335,15.80454017049858,0.06782274561764955,0.304598126854147,1.0786032467617275,0.22686567164179106,0.00034064345322337296,0.02114636161278657,0.22613154036939487,1.0226116686585842,-0.003626100467060467,-0.00017136742292822582,9963.738995329422
H4,50,2.5,D1,50,short,0.0,438,20.806281701131486,-0.5037190202466333,0.5366204382412454,0.6911289356313357,0.17579908675799086,-0.0014588876232174601,-0.45468449079729,0.30429456258833354,0.71895945228845,-0.2887750584600912,-0.0160570951537512,7112.249415399093
H4,50,2.5,D1,50,short,1.0,438,20.806281701131486,-0.5037190202466333,0.5366204382412454,0.6911289356313357,0.17579908675799086,-0.0014588876232174601,-0.45468449079729,0.30429456258833354,0.71895945228845,-0.2887750584600912,-0.0160570951537512,7112.249415399093
H4,50,2.5,D1,80,both,0.0,764,36.35369984366858,0.07806771952562447,0.25651233057424716,1.0523889821165147,0.20680628272251309,0.00023770349485384667,0.22690987884756114,0.15289921138151363,1.1683963898358183,0.36449552997911083,0.01489807580560365,13644.955299791109
H4,50,2.5,D1,80,both,1.0,764,36.35369984366858,0.07806771952562447,0.25651233057424716,1.0523889821165147,0.20680628272251309,0.00023770349485384667,0.22690987884756114,0.15289921138151363,1.1683963898358183,0.36449552997911083,0.01489807580560365,13644.955299791109
H4,50,2.5,D1,80,long,0.0,362,17.383710228766763,0.3217782590890885,0.16756392908194873,1.3824858538297016,0.23204419889502761,0.0016669911566517558,0.4291131708446576,0.07895386396836901,1.5595880102909485,0.6840738964647957,0.025345326330005857,16840.738964647993
H4,50,2.5,D1,80,long,1.0,362,17.383710228766763,0.3217782590890885,0.16756392908194873,1.3824858538297016,0.23204419889502761,0.0016669911566517558,0.4291131708446576,0.07895386396836901,1.5595880102909485,0.6840738964647957,0.025345326330005857,16840.738964647993
H4,50,2.5,D1,80,short,0.0,430,20.46085200625326,-0.2120015437203095,0.3721341583586544,0.8484286646279449,0.19069767441860466,-0.0007049484256851157,-0.07751785755755412,0.15832545734186265,0.9365388574261865,-0.09432842672005382,-0.004703395752702733,9056.715732799472
H4,50,2.5,D1,80,short,1.0,430,20.46085200625326,-0.2120015437203095,0.3721341583586544,0.8484286646279449,0.19069767441860466,-0.0007049484256851157,-0.07751785755755412,0.15832545734186265,0.9365388574261865,-0.09432842672005382,-0.004703395752702733,9056.715732799472
H4,50,2.5,D1,120,both,0.0,793,38.2266398310677,0.2346854493852422,0.277096047675064,1.148462788677561,0.22698612862547288,0.0006545300756278347,0.3335775639568861,0.14767405783945609,1.2286634418493716,0.5830705810672565,0.022390792735162535,15830.70581067256
H4,50,2.5,D1,120,both,1.0,793,38.2266398310677,0.2346854493852422,0.277096047675064,1.148462788677561,0.22698612862547288,0.0006545300756278347,0.3335775639568861,0.14767405783945609,1.2286634418493716,0.5830705810672565,0.022390792735162535,15830.70581067256
H4,50,2.5,D1,120,long,0.0,386,18.61945324881141,0.341043574898052,0.23884728738815453,1.346668571194312,0.2538860103626943,0.0015040756664667502,0.4061443760641588,0.12601869785986375,1.4539120191949058,0.5734930651782157,0.022106509743514913,15734.930651782153
H4,50,2.5,D1,120,long,1.0,386,18.61945324881141,0.341043574898052,0.23884728738815453,1.346668571194312,0.2538860103626943,0.0015040756664667502,0.4061443760641588,0.12601869785986375,1.4539120191949058,0.5734930651782157,0.022106509743514913,15734.930651782153
H4,50,2.5,D1,120,short,0.0,436,21.13457199734572,0.009365219783163669,0.2282759931618319,1.0070582613123968,0.20642201834862386,3.155609489698013e-05,0.09739363419202389,0.09622142137162581,1.079053563191716,0.07537274480356171,0.0035286725032304123,10753.727448035599
H4,50,2.5,D1,120,short,1.0,436,21.13457199734572,0.009365219783163669,0.2282759931618319,1.0070582613123968,0.20642201834862386,3.155609489698013e-05,0.09739363419202389,0.09622142137162581,1.079053563191716,0.07537274480356171,0.0035286725032304123,10753.727448035599
H4,50,2.5,W1,20,both,0.0,838,40.2206964520368,0.240579931456913,0.24266779233574143,1.1499675152531412,0.22673031026252982,0.0006898894633019603,0.30899029074095924,0.18210278188782003,1.1978074714791904,0.5469687134259835,0.021161344558380035,15469.687134259846
H4,50,2.5,W1,20,both,1.0,838,40.2206964520368,0.240579931456913,0.24266779233574143,1.1499675152531412,0.22673031026252982,0.0006898894633019603,0.30899029074095924,0.18210278188782003,1.1978074714791904,0.5469687134259835,0.021161344558380035,15469.687134259846
H4,50,2.5,W1,20,long,0.0,474,22.75013140604468,0.34386060063205587,0.2258325101054297,1.3138466082857578,0.24050632911392406,0.0014848126355320285,0.41285515183577265,0.1414447498591842,1.4024561031168605,0.6895700945452179,0.025492197411164597,16895.7009454522
H4,50,2.5,W1,20,long,1.0,474,22.75013140604468,0.34386060063205587,0.2258325101054297,1.3138466082857578,0.24050632911392406,0.0014848126355320285,0.41285515183577265,0.1414447498591842,1.4024561031168605,0.6895700945452179,0.025492197411164597,16895.7009454522
H4,50,2.5,W1,20,short,0.0,404,19.81216433941998,-0.09012720852710109,0.23594730091857208,0.9328109597255066,0.20297029702970298,-0.0003009656270062694,-0.1013761437040721,0.1835719951695578,0.9290309850239523,-0.09312003093624599,-0.00478195435778106,9068.799690637552
H4,50,2.5,W1,20,short,1.0,404,19.81216433941998,-0.09012720852710109,0.23594730091857208,0.9328109597255066,0.20297029702970298,-0.0003009656270062694,-0.1013761437040721,0.1835719951695578,0.9290309850239523,-0.09312003093624599,-0.00478195435778106,9068.799690637552
H4,50,2.5,W1,32,both,0.0,833,40.98238820043103,0.16396592967839113,0.3554146740087073,1.1021704966318326,0.21008403361344538,0.00047991790290598913,0.24920787171445566,0.2154490568008406,1.1665737124049491,0.4288933396910368,0.017714038452633307,14288.933396910395
H4,50,2.5,W1,32,both,1.0,833,40.98238820043103,0.16396592967839113,0.3554146740087073,1.1021704966318326,0.21008403361344538,0.00047991790290598913,0.24920787171445566,0.2154490568008406,1.1665737124049491,0.4288933396910368,0.017714038452633307,14288.933396910395
H4,50,2.5,W1,32,long,0.0,493,24.2548828125,0.3120557214231073,0.31219899135535756,1.2802150514131274,0.2332657200811359,0.0012959940441520405,0.3728596731647747,0.19881998011928836,1.3635623522289229,0.6106165319619505,0.02372595143726053,16106.165319619515
H4,50,2.5,W1,32,long,1.0,493,24.2548828125,0.3120557214231073,0.31219899135535756,1.2802150514131274,0.2332657200811359,0.0012959940441520405,0.3728596731647747,0.19881998011928836,1.3635623522289229,0.6106165319619505,0.02372595143726053,16106.165319619515
H4,50,2.5,W1,32,short,0.0,380,19.523843015895345,-0.19406372361488047,0.28043238768938383,0.8560274905190877,0.18421052631578946,-0.0006694017375197331,-0.07389776585236575,0.14776502386110812,0.9383471255438336,-0.08811749536412394,-0.004728155100655385,9118.825046358757
H4,50,2.5,W1,32,short,1.0,380,19.523843015895345,-0.19406372361488047,0.28043238768938383,0.8560274905190877,0.18421052631578946,-0.0006694017375197331,-0.07389776585236575,0.14776502386110812,0.9383471255438336,-0.08811749536412394,-0.004728155100655385,9118.825046358757
H4,50,2.5,W1,50,both,0.0,820,41.644187986651836,0.3573443351585212,0.2633902974016953,1.2464751827314635,0.23414634146341465,0.0010983923055681896,0.480438523148659,0.15986594754460504,1.3837336259955941,1.261661247142472,0.04231698390938088,22616.612471424753
H4,50,2.5,W1,50,both,1.0,820,41.644187986651836,0.3573443351585212,0.2633902974016953,1.2464751827314635,0.23414634146341465,0.0010983923055681896,0.480438523148659,0.15986594754460504,1.3837336259955941,1.261661247142472,0.04231698390938088,22616.612471424753
H4,50,2.5,W1,50,long,0.0,511,25.951439098998886,0.3617067689349941,0.2637292216882715,1.3384719805983447,0.2446183953033268,0.0014704534050748832,0.46857000251829606,0.19561569548987756,1.5180632145271962,0.9936380333387889,0.03566122394105076,19936.380333387962
H4,50,2.5,W1,50,long,1.0,511,25.951439098998886,0.3617067689349941,0.2637292216882715,1.3384719805983447,0.2446183953033268,0.0014704534050748832,0.46857000251829606,0.19561569548987756,1.5180632145271962,0.9936380333387889,0.03566122394105076,19936.380333387962
H4,50,2.5,W1,50,short,0.0,343,17.887028840662477,0.05680201172104926,0.23074088195933928,1.0512028466702814,0.2099125364431487,0.00023845354124006572,0.13839746696098099,0.10547243239815951,1.1320106931377754,0.11380198091189886,0.005636386834643847,11138.019809118956
H4,50,2.5,W1,50,short,1.0,343,17.887028840662477,0.05680201172104926,0.23074088195933928,1.0512028466702814,0.2099125364431487,0.00023845354124006572,0.13839746696098099,0.10547243239815951,1.1320106931377754,0.11380198091189886,0.005636386834643847,11138.019809118956
H4,50,2.5,W1,80,both,0.0,776,41.95914137675796,0.32734005217537876,0.36885693100142725,1.226864672519311,0.22164948453608246,0.0010091370218925139,0.3868132385069409,0.26035652636077267,1.2945994165814962,0.8495012555588743,0.03380809036090948,18495.012555588655
H4,50,2.5,W1,80,both,1.0,776,41.95914137675796,0.32734005217537876,0.36885693100142725,1.226864672519311,0.22164948453608246,0.0010091370218925139,0.3868132385069409,0.26035652636077267,1.2945994165814962,0.8495012555588743,0.03380809036090948,18495.012555588655
H4,50,2.5,W1,80,long,0.0,513,27.738452997779426,0.42035450226154,0.3150608387947812,1.4092960510316148,0.22612085769980506,0.0017203670508074062,0.4598337471165332,0.19457278810530176,1.495037436627388,0.9686734426769898,0.037304548864795395,19686.734426769865
H4,50,2.5,W1,80,long,1.0,513,27.738452997779426,0.42035450226154,0.3150608387947812,1.4092960510316148,0.22612085769980506,0.0017203670508074062,0.4598337471165332,0.19457278810530176,1.495037436627388,0.9686734426769898,0.037304548864795395,19686.734426769865
H4,50,2.5,W1,80,short,0.0,281,17.8124349184311,-0.12960970081519868,0.302487119291021,0.8996167108139025,0.20640569395017794,-0.0005016349633755484,-0.09071303732614677,0.15838214494018876,0.9298928247970966,-0.0713786619283776,-0.004683255645319573,9286.213380716235
H4,50,2.5,W1,80,short,1.0,281,17.8124349184311,-0.12960970081519868,0.302487119291021,0.8996167108139025,0.20640569395017794,-0.0005016349633755484,-0.09071303732614677,0.15838214494018876,0.9298928247970966,-0.0713786619283776,-0.004683255645319573,9286.213380716235
H4,50,2.5,W1,120,both,0.0,710,41.840513068731845,0.4451623581840008,0.2835949302165027,1.3207792396624192,0.2323943661971831,0.0013570070301880302,0.514362617121634,0.20658357763566915,1.4127685920863187,1.2349334099752989,0.0485333949981519,22349.33409975304
H4,50,2.5,W1,120,both,1.0,710,41.840513068731845,0.4451623581840008,0.2835949302165027,1.3207792396624192,0.2323943661971831,0.0013570070301880302,0.514362617121634,0.20658357763566915,1.4127685920863187,1.2349334099752989,0.0485333949981519,22349.33409975304
H4,50,2.5,W1,120,long,0.0,459,27.049007744433688,0.5308202908233376,0.2989371395914119,1.5420187694015748,0.25054466230936817,0.0022302157646371433,0.5810772214846422,0.22797355035189182,1.6737141976056709,1.27117449645307,0.049527805628867494,22711.744964530677
H4,50,2.5,W1,120,long,1.0,459,27.049007744433688,0.5308202908233376,0.2989371395914119,1.5420187694015748,0.25054466230936817,0.0022302157646371433,0.5810772214846422,0.22797355035189182,1.6737141976056709,1.27117449645307,0.049527805628867494,22711.744964530677
H4,50,2.5,W1,120,short,0.0,263,18.494561031959954,-0.0936807666982052,0.20774416662515383,0.927890596435892,0.19771863117870722,-0.0003210890603632554,-0.03962260659759608,0.1393254086401189,0.967919192732425,-0.041077722048140086,-0.0029453081438022277,9589.222779518588
H4,50,2.5,W1,120,short,1.0,263,18.494561031959954,-0.0936807666982052,0.20774416662515383,0.927890596435892,0.19771863117870722,-0.0003210890603632554,-0.03962260659759608,0.1393254086401189,0.967919192732425,-0.041077722048140086,-0.0029453081438022277,9589.222779518588
H4,50,3.0,none,0,both,0.0,807,37.381959416613824,0.3996250012469321,0.3536385640608184,1.2761889235153372,0.23048327137546468,0.0014193307771944875,0.4193172794436403,0.20790429564830348,1.3060572044446295,0.9074459010447111,0.030365111242150133,19074.459010447117
H4,50,3.0,none,0,both,1.0,807,37.381959416613824,0.3996250012469321,0.3536385640608184,1.2761889235153372,0.23048327137546468,0.0014193307771944875,0.4193172794436403,0.20790429564830348,1.3060572044446295,0.9074459010447111,0.030365111242150133,19074.459010447117
H4,50,3.0,none,0,long,0.0,786,36.41381278538813,0.5990540151383682,0.24643282878356199,1.4692797319672801,0.24045801526717558,0.002264424340476789,0.6032914469642567,0.16510369099211786,1.5211150238688622,1.8682460574963895,0.05002697367594888,28682.46057496394
H4,50,3.0,none,0,long,1.0,786,36.41381278538813,0.5990540151383682,0.24643282878356199,1.4692797319672801,0.24045801526717558,0.002264424340476789,0.6032914469642567,0.16510369099211786,1.5211150238688622,1.8682460574963895,0.05002697367594888,28682.46057496394
H4,50,3.0,none,0,short,0.0,786,36.529647537854686,-0.26710934716341633,0.5344436090401798,0.8616751721005751,0.21374045801526717,-0.0007361644439444604,-0.28147976929116075,0.27873662893324913,0.8602372575781633,-0.27384127144577897,-0.014761466226280273,7261.587285542199
H4,50,3.0,none,0,short,1.0,786,36.529647537854686,-0.26710934716341633,0.5344436090401798,0.8616751721005751,0.21374045801526717,-0.0007361644439444604,-0.28147976929116075,0.27873662893324913,0.8602372575781633,-0.27384127144577897,-0.014761466226280273,7261.587285542199
H4,50,3.0,D1,20,both,0.0,544,25.526207605344297,0.013121582623539362,0.4338225526004156,1.0095792932411511,0.20404411764705882,5.059723624596944e-05,0.10196930135814136,0.1544225079689474,1.0785946464378735,0.09011422738699437,0.004056855126872927,10901.14227386998
H4,50,3.0,D1,20,both,1.0,544,25.526207605344297,0.013121582623539362,0.4338225526004156,1.0095792932411511,0.20404411764705882,5.059723624596944e-05,0.10196930135814136,0.1544225079689474,1.0785946464378735,0.09011422738699437,0.004056855126872927,10901.14227386998
H4,50,3.0,D1,20,long,0.0,266,12.496012861736334,0.34537128854464877,0.16415968503852174,1.4518172845835828,0.23308270676691728,0.0021943538001853373,0.4167331889792109,0.09322146684183197,1.5835016932743493,0.46409147651077265,0.01807079540966927,14640.914765107738
H4,50,3.0,D1,20,long,1.0,266,12.496012861736334,0.34537128854464877,0.16415968503852174,1.4518172845835828,0.23308270676691728,0.0021943538001853373,0.4167331889792109,0.09322146684183197,1.5835016932743493,0.46409147651077265,0.01807079540966927,14640.914765107738
H4,50,3.0,D1,20,short,0.0,383,17.971576310380268,-0.05352100652252366,0.31698237328574275,0.9577689171412325,0.2245430809399478,-0.00022190338385139774,0.027570086033512634,0.12208711525017357,1.0229868717442459,0.007265658769616046,0.00033975292050270056,10072.656587696169
H4,50,3.0,D1,20,short,1.0,383,17.971576310380268,-0.05352100652252366,0.31698237328574275,0.9577689171412325,0.2245430809399478,-0.00022190338385139774,0.027570086033512634,0.12208711525017357,1.0229868717442459,0.007265658769616046,0.00033975292050270056,10072.656587696169
H4,50,3.0,D1,32,both,0.0,556,26.193602476460725,0.05556908793831888,0.279679253495964,1.0404259326614236,0.22661870503597123,0.00019627152781181154,0.1744407965714318,0.11891122189134473,1.1340279462644418,0.17189286120857572,0.00750071773408556,11718.928612085781
H4,50,3.0,D1,32,both,1.0,556,26.193602476460725,0.05556908793831888,0.279679253495964,1.0404259326614236,0.22661870503597123,0.00019627152781181154,0.1744407965714318,0.11891122189134473,1.1340279462644418,0.17189286120857572,0.00750071773408556,11718.928612085781
H4,50,3.0,D1,32,long,0.0,252,12.044360115153102,0.218637734020029,0.2694819946980398,1.2660640958960985,0.25793650793650796,0.0011784132431259188,0.15012672261492904,0.16519197047383927,1.1755836003641815,0.1025912672655247,0.0046787272190200735,11025.912672655277
H4,50,3.0,D1,32,long,1.0,252,12.044360115153102,0.218637734020029,0.2694819946980398,1.2660640958960985,0.25793650793650796,0.0011784132431259188,0.15012672261492904,0.16519197047383927,1.1755836003641815,0.1025912672655247,0.0046787272190200735,11025.912672655277
H4,50,3.0,D1,32,short,0.0,377,17.760770024506645,-0.13134110301687718,0.38480812672492326,0.8971202826360201,0.21220159151193635,-0.0005378573921923611,-0.009041954136375593,0.1558652610165635,0.9923953057531871,-0.021174014686322518,-0.0010077288682251995,9788.259853136782
H4,50,3.0,D1,32,short,1.0,377,17.760770024506645,-0.13134110301687718,0.38480812672492326,0.8971202826360201,0.21220159151193635,-0.0005378573921923611,-0.009041954136375593,0.1558652610165635,0.9923953057531871,-0.021174014686322518,-0.0010077288682251995,9788.259853136782
H4,50,3.0,D1,50,both,0.0,583,27.63311056319751,-0.19874278363871406,0.5689422688547251,0.866480305133293,0.19725557461406518,-0.0006785448486788597,-0.16529653867517957,0.32094242883639856,0.8897283663256789,-0.17754897750427578,-0.009221954036227387,8224.510224957243
H4,50,3.0,D1,50,both,1.0,583,27.63311056319751,-0.19874278363871406,0.5689422688547251,0.866480305133293,0.19725557461406518,-0.0006785448486788597,-0.16529653867517957,0.32094242883639856,0.8897283663256789,-0.17754897750427578,-0.009221954036227387,8224.510224957243
H4,50,3.0,D1,50,long,0.0,287,13.823915336937887,0.08128803745689808,0.2929947364904938,1.0902480885693249,0.21254355400696864,0.00042772661404095796,0.09548445524926039,0.17466536546355094,1.109683510591246,0.07048861347768032,0.0032862892746536865,10704.88613477681
H4,50,3.0,D1,50,long,1.0,287,13.823915336937887,0.08128803745689808,0.2929947364904938,1.0902480885693249,0.21254355400696864,0.00042772661404095796,0.09548445524926039,0.17466536546355094,1.109683510591246,0.07048861347768032,0.0032862892746536865,10704.88613477681
H4,50,3.0,D1,50,short,0.0,347,16.571881537656903,-0.4637123928806087,0.5389579515825762,0.6717000088859607,0.1786743515850144,-0.001776992226038583,-0.41296147708112063,0.23786384145648287,0.7198676758277109,-0.21810864715788525,-0.011681486597628354,7818.9135284211525
H4,50,3.0,D1,50,short,1.0,347,16.571881537656903,-0.4637123928806087,0.5389579515825762,0.6717000088859607,0.1786743515850144,-0.001776992226038583,-0.41296147708112063,0.23786384145648287,0.7198676758277109,-0.21810864715788525,-0.011681486597628354,7818.9135284211525
H4,50,3.0,D1,80,both,0.0,621,29.70795677799607,0.18300254233774027,0.33314763858695795,1.1323961821758555,0.2286634460547504,0.0006421415053549222,0.4065326255696011,0.12307594635128749,1.3402945747105621,0.6406097011318408,0.023966187098350522,16406.09701131845
H4,50,3.0,D1,80,both,1.0,621,29.70795677799607,0.18300254233774027,0.33314763858695795,1.1323961821758555,0.2286634460547504,0.0006421415053549222,0.4065326255696011,0.12307594635128749,1.3402945747105621,0.6406097011318408,0.023966187098350522,16406.09701131845
H4,50,3.0,D1,80,long,0.0,306,14.778064260214201,0.37093708106226303,0.16127275224776172,1.4391751196176163,0.24836601307189543,0.0020463074276731706,0.5254343339146839,0.07417740878268964,1.7291707960192162,0.669158772625182,0.025050765682710363,16691.587726251808
H4,50,3.0,D1,80,long,1.0,306,14.778064260214201,0.37093708106226303,0.16127275224776172,1.4391751196176163,0.24836601307189543,0.0020463074276731706,0.5254343339146839,0.07417740878268964,1.7291707960192162,0.669158772625182,0.025050765682710363,16691.587726251808
H4,50,3.0,D1,80,short,0.0,343,16.408742632612967,-0.18971435919606483,0.39641559319319275,0.8477567252892075,0.20699708454810495,-0.0007693146799416953,-0.03796375792984553,0.1299736678799036,0.9662631408239718,-0.042373592382255354,-0.002069163395885254,9576.264076177436
H4,50,3.0,D1,80,short,1.0,343,16.408742632612967,-0.18971435919606483,0.39641559319319275,0.8477567252892075,0.20699708454810495,-0.0007693146799416953,-0.03796375792984553,0.1299736678799036,0.9662631408239718,-0.042373592382255354,-0.002069163395885254,9576.264076177436
H4,50,3.0,D1,120,both,0.0,650,31.358142913749834,0.2793694119624484,0.17300879026411708,1.198990690122464,0.2353846153846154,0.0009617746477974656,0.38180243206872116,0.07495057252964421,1.2905589866141147,0.5712551662300025,0.022039283170895763,15712.551662300051
H4,50,3.0,D1,120,both,1.0,650,31.358142913749834,0.2793694119624484,0.17300879026411708,1.198990690122464,0.2353846153846154,0.0009617746477974656,0.38180243206872116,0.07495057252964421,1.2905589866141147,0.5712551662300025,0.022039283170895763,15712.551662300051
H4,50,3.0,D1,120,long,0.0,323,15.582584863294148,0.44052354684520617,0.13483863342446856,1.5203716471167488,0.2631578947368421,0.002427806106685571,0.49783216099751054,0.06772226836778705,1.6408699274696925,0.6403052213769727,0.024162039061302876,16403.05221376972
H4,50,3.0,D1,120,long,1.0,323,15.582584863294148,0.44052354684520617,0.13483863342446856,1.5203716471167488,0.2631578947368421,0.002427806106685571,0.49783216099751054,0.06772226836778705,1.6408699274696925,0.6403052213769727,0.024162039061302876,16403.05221376972
H4,50,3.0,D1,120,short,0.0,357,17.73830091144062,-0.06324776821865759,0.2595552068096487,0.9504357680668851,0.2184873949579832,-0.0002460447234976359,0.08387096828418542,0.1075050296712502,1.0737944642276025,0.05229075923367699,0.002535735255438487,10522.907592336778
H4,50,3.0,D1,120,short,1.0,357,17.73830091144062,-0.06324776821865759,0.2595552068096487,0.9504357680668851,0.2184873949579832,-0.0002460447234976359,0.08387096828418542,0.1075050296712502,1.0737944642276025,0.05229075923367699,0.002535735255438487,10522.907592336778
H4,50,3.0,W1,20,both,0.0,704,33.873797918587805,0.36893168919785674,0.15610244548247276,1.265249424691205,0.23579545454545456,0.0013144391111142926,0.423892335310831,0.08568618497091496,1.3094297413424256,0.7197532019500412,0.026430936025917617,17197.53201950047
H4,50,3.0,W1,20,both,1.0,704,33.873797918587805,0.36893168919785674,0.15610244548247276,1.265249424691205,0.23579545454545456,0.0013144391111142926,0.423892335310831,0.08568618497091496,1.3094297413424256,0.7197532019500412,0.026430936025917617,17197.53201950047
H4,50,3.0,W1,20,long,0.0,386,18.57284942695297,0.4676036033617996,0.1404408181331397,1.5067824979269724,0.25647668393782386,0.002545219064081629,0.524642711679628,0.07320240188758331,1.6049790135537312,0.8001425423196875,0.02868970894104317,18001.425423196888
H4,50,3.0,W1,20,long,1.0,386,18.57284942695297,0.4676036033617996,0.1404408181331397,1.5067824979269724,0.25647668393782386,0.002545219064081629,0.524642711679628,0.07320240188758331,1.6049790135537312,0.8001425423196875,0.02868970894104317,18001.425423196888
H4,50,3.0,W1,20,short,0.0,352,17.770283344851418,-0.08877847810366642,0.23260124719159692,0.9294598781486063,0.21022727272727273,-0.00034826418258960114,-0.0680270645118425,0.1284281564024582,0.9481049587132081,-0.05628187485055325,-0.0029201388606405754,9437.181251494447
H4,50,3.0,W1,20,short,1.0,352,17.770283344851418,-0.08877847810366642,0.23260124719159692,0.9294598781486063,0.21022727272727273,-0.00034826418258960114,-0.0680270645118425,0.1284281564024582,0.9481049587132081,-0.05628187485055325,-0.0029201388606405754,9437.181251494447
H4,50,3.0,W1,32,both,0.0,701,34.4881802262931,0.26733196413533994,0.2681407758788872,1.1899568571081827,0.21683309557774608,0.0009560229748292659,0.3660038710070263,0.1466667825171356,1.2803951787020529,0.6289900056112621,0.024297417992706682,16289.900056112607
H4,50,3.0,W1,32,both,1.0,701,34.4881802262931,0.26733196413533994,0.2681407758788872,1.1899568571081827,0.21683309557774608,0.0009560229748292659,0.3660038710070263,0.1466667825171356,1.2803951787020529,0.6289900056112621,0.024297417992706682,16289.900056112607
H4,50,3.0,W1,32,long,0.0,420,20.66338900862069,0.41563255576878216,0.2828287775445022,1.427547997832438,0.2357142857142857,0.0021299063938513114,0.4634349913542253,0.15350482738708526,1.5187022171616782,0.7137423257263209,0.026856554064496718,17137.423257263217
H4,50,3.0,W1,32,long,1.0,420,20.66338900862069,0.41563255576878216,0.2828287775445022,1.427547997832438,0.2357142857142857,0.0021299063938513114,0.4634349913542253,0.15350482738708526,1.5187022171616782,0.7137423257263209,0.026856554064496718,17137.423257263217
H4,50,3.0,W1,32,short,0.0,322,16.543888029258685,-0.14961765746720634,0.3238273772280402,0.8768448375494339,0.1956521739130435,-0.0006176109001688187,-0.048340384987657706,0.14602409469847843,0.9561862335043512,-0.050532452735639666,-0.0026606330449940874,9494.67547264359
H4,50,3.0,W1,32,short,1.0,322,16.543888029258685,-0.14961765746720634,0.3238273772280402,0.8768448375494339,0.1956521739130435,-0.0006176109001688187,-0.048340384987657706,0.14602409469847843,0.9561862335043512,-0.050532452735639666,-0.0026606330449940874,9494.67547264359
H4,50,3.0,W1,50,both,0.0,691,35.09284621802002,0.39446791706055817,0.2573830246686982,1.2972996520928628,0.23589001447178004,0.0014717873090538275,0.48861028462033285,0.12301539500204461,1.4136392068167993,1.024394443095611,0.036466765180497074,20243.94443095612
H4,50,3.0,W1,50,both,1.0,691,35.09284621802002,0.39446791706055817,0.2573830246686982,1.2972996520928628,0.23589001447178004,0.0014717873090538275,0.48861028462033285,0.12301539500204461,1.4136392068167993,1.024394443095611,0.036466765180497074,20243.94443095612
H4,50,3.0,W1,50,long,0.0,444,22.548804226918797,0.38871068794926894,0.2819502021970811,1.395400610098276,0.24549549549549549,0.0018624224167669064,0.4566549645293282,0.1299370303322661,1.5313320747482309,0.7649338814060038,0.029272218392230265,17649.338814060073
H4,50,3.0,W1,50,long,1.0,444,22.548804226918797,0.38871068794926894,0.2819502021970811,1.395400610098276,0.24549549549549549,0.0018624224167669064,0.4566549645293282,0.1299370303322661,1.5313320747482309,0.7649338814060038,0.029272218392230265,17649.338814060073
H4,50,3.0,W1,50,short,0.0,285,14.856036820322533,0.048926391073712494,0.25478822053840877,1.047015814704053,0.20701754385964913,0.00025172323710763293,0.1358509280129353,0.10049590136256059,1.1351769660965703,0.09356599539481603,0.004673279011626175,10935.659953948158
H4,50,3.0,W1,50,short,1.0,285,14.856036820322533,0.048926391073712494,0.25478822053840877,1.047015814704053,0.20701754385964913,0.00025172323710763293,0.1358509280129353,0.10049590136256059,1.1351769660965703,0.09356599539481603,0.004673279011626175,10935.659953948158
H4,50,3.0,W1,80,both,0.0,668,36.11946706143598,0.2828378198530242,0.3741667433812843,1.2056697428532217,0.2155688622754491,0.001037808821576294,0.3504994084457431,0.19412180167047188,1.2753988960294091,0.5843729321474671,0.025195053157908376,15843.729321474673
H4,50,3.0,W1,80,both,1.0,668,36.11946706143598,0.2828378198530242,0.3741667433812843,1.2056697428532217,0.2155688622754491,0.001037808821576294,0.3504994084457431,0.19412180167047188,1.2753988960294091,0.5843729321474671,0.025195053157908376,15843.729321474673
H4,50,3.0,W1,80,long,0.0,443,23.953478904515176,0.4275540524891397,0.3477395301483933,1.4407344410681107,0.2234762979683973,0.002089095690562155,0.46217056544755114,0.17915124298780716,1.5230601746046726,0.7881734081207976,0.03192481451652185,17881.73408120795
H4,50,3.0,W1,80,long,1.0,443,23.953478904515176,0.4275540524891397,0.3477395301483933,1.4407344410681107,0.2234762979683973,0.002089095690562155,0.46217056544755114,0.17915124298780716,1.5230601746046726,0.7881734081207976,0.03192481451652185,17881.73408120795
H4,50,3.0,W1,80,short,0.0,244,15.464341488807912,-0.15921927283933385,0.27305314816098647,0.8685270133031985,0.20491803278688525,-0.0007349126406392028,-0.1381360544223866,0.11929061183400747,0.8906427534118474,-0.07817890640809333,-0.005145980429174024,9218.210935919056
H4,50,3.0,W1,80,short,1.0,244,15.464341488807912,-0.15921927283933385,0.27305314816098647,0.8685270133031985,0.20491803278688525,-0.0007349126406392028,-0.1381360544223866,0.11929061183400747,0.8906427534118474,-0.07817890640809333,-0.005145980429174024,9218.210935919056
H4,50,3.0,W1,120,both,0.0,616,36.301064859632135,0.3593877500054563,0.34063974469468883,1.2683395857566866,0.22402597402597402,0.0012895219145321998,0.4096001829443016,0.19824447303734272,1.3256292098141338,0.6575928219485843,0.03022929722044232,16575.928219485853
H4,50,3.0,W1,120,both,1.0,616,36.301064859632135,0.3593877500054563,0.34063974469468883,1.2683395857566866,0.22402597402597402,0.0012895219145321998,0.4096001829443016,0.19824447303734272,1.3256292098141338,0.6575928219485843,0.03022929722044232,16575.928219485853
H4,50,3.0,W1,120,long,0.0,416,24.515004840271054,0.4319124662135398,0.31953220280802086,1.436006549840591,0.23317307692307693,0.002025995170067242,0.4661226515729733,0.19278779940647406,1.514210318943503,0.677727908563752,0.030962591394195105,16777.27908563752
H4,50,3.0,W1,120,long,1.0,416,24.515004840271054,0.4319124662135398,0.31953220280802086,1.436006549840591,0.23317307692307693,0.002025995170067242,0.4661226515729733,0.19278779940647406,1.514210318943503,0.677727908563752,0.030962591394195105,16777.27908563752
H4,50,3.0,W1,120,short,0.0,210,14.758995574369829,-0.04542618437090247,0.1800058090650829,0.9591098852607197,0.20952380952380953,-0.00020649744008702264,0.03645441924454691,0.09241094656387938,1.0337910054222939,0.009725118271458388,0.000680419629077722,10097.251182714568
H4,50,3.0,W1,120,short,1.0,210,14.758995574369829,-0.04542618437090247,0.1800058090650829,0.9591098852607197,0.20952380952380953,-0.00020649744008702264,0.03645441924454691,0.09241094656387938,1.0337910054222939,0.009725118271458388,0.000680419629077722,10097.251182714568
H4,50,2.0,none,0,both,0.0,1110,51.42408675799087,0.39534850407416067,0.17406301268952062,1.242938473200193,0.23693693693693693,0.0010157464055889167,0.4193300600403059,0.151477896789886,1.285605812769047,1.428761099659393,0.04196734689756232,24287.61099659396
H4,50,2.0,none,0,both,1.0,1110,51.42408675799087,0.39534850407416067,0.17406301268952062,1.242938473200193,0.23693693693693693,0.0010157464055889167,0.4193300600403059,0.151477896789886,1.285605812769047,1.428761099659393,0.04196734689756232,24287.61099659396
H4,50,2.0,none,0,long,0.0,1042,48.2860314640954,0.6426392222450885,0.18517538071554118,1.4985927533958934,0.21689059500959693,0.0020377153762961646,0.6404922236539269,0.14676409158295212,1.5252198881745218,2.9830404460659086,0.06613894208684457,39830.40446065897
H4,50,2.0,none,0,long,1.0,1042,48.2860314640954,0.6426392222450885,0.18517538071554118,1.4985927533958934,0.21689059500959693,0.0020377153762961646,0.6404922236539269,0.14676409158295212,1.5252198881745218,2.9830404460659086,0.06613894208684457,39830.40446065897
H4,50,2.0,none,0,short,0.0,1042,48.43350725375414,-0.05703992910389426,0.3663617382354122,0.9719132656336145,0.23416506717850288,-0.00011213629782233567,0.036460804121672435,0.25745102942252485,1.0186060197142583,0.0022724990204634476,0.00010551441992467936,10022.724990204593
H4,50,2.0,none,0,short,1.0,1042,48.43350725375414,-0.05703992910389426,0.3663617382354122,0.9719132656336145,0.23416506717850288,-0.00011213629782233567,0.036460804121672435,0.25745102942252485,1.0186060197142583,0.0022724990204634476,0.00010551441992467936,10022.724990204593
H4,50,2.0,D1,20,both,0.0,805,37.58004217791411,0.2670263829042227,0.24279332869569636,1.1952458215256863,0.2372670807453416,0.0007703485623423539,0.29066847249881983,0.1885942637904775,1.2118219576255533,0.5259182750622522,0.019924072602905296,15259.18275062255
H4,50,2.0,D1,20,both,1.0,805,37.58004217791411,0.2670263829042227,0.24279332869569636,1.1952458215256863,0.2372670807453416,0.0007703485623423539,0.29066847249881983,0.1885942637904775,1.2118219576255533,0.5259182750622522,0.019924072602905296,15259.18275062255
H4,50,2.0,D1,20,long,0.0,282,13.173103977490728,0.39807242698625056,0.10905347961205969,1.6265851281842805,0.25177304964539005,0.0024028044190192274,0.4318175254409906,0.10058102451745732,1.6659378667396856,0.6658959686594783,0.024127120605849317,16658.959686594815
H4,50,2.0,D1,20,long,1.0,282,13.173103977490728,0.39807242698625056,0.10905347961205969,1.6265851281842805,0.25177304964539005,0.0024028044190192274,0.4318175254409906,0.10058102451745732,1.6659378667396856,0.6658959686594783,0.024127120605849317,16658.959686594815
H4,50,2.0,D1,20,short,0.0,637,29.828750000000003,-0.010542387125375587,0.30245687082230643,0.9929656508177935,0.22919937205651492,-2.8152350699374062e-05,-0.028959023238589184,0.24677866618532052,0.98142409035275,-0.06675615039945015,-0.0032299859878673898,9332.438496005541
H4,50,2.0,D1,20,short,1.0,637,29.828750000000003,-0.010542387125375587,0.30245687082230643,0.9929656508177935,0.22919937205651492,-2.8152350699374062e-05,-0.028959023238589184,0.24677866618532052,0.98142409035275,-0.06675615039945015,-0.0032299859878673898,9332.438496005541
H4,50,2.0,D1,32,both,0.0,817,38.287047729022326,0.1040282066542882,0.21230589184901227,1.065930666580709,0.23990208078335373,0.00025610102466079544,0.19248046769924512,0.1579895753326711,1.1284295906626978,0.28970015060541154,0.011993751932107388,12897.001506054141
H4,50,2.0,D1,32,both,1.0,817,38.287047729022326,0.1040282066542882,0.21230589184901227,1.065930666580709,0.23990208078335373,0.00025610102466079544,0.19248046769924512,0.1579895753326711,1.1284295906626978,0.28970015060541154,0.011993751932107388,12897.001506054141
H4,50,2.0,D1,32,long,0.0,297,14.002742997289273,0.20922698150599486,0.11847165387884884,1.2529856432038202,0.24579124579124578,0.0009002152525075842,0.23802642960838677,0.11345300943859904,1.316303357865878,0.28126859258423464,0.011754027887249885,12812.685925842352
H4,50,2.0,D1,32,long,1.0,297,14.002742997289273,0.20922698150599486,0.11847165387884884,1.2529856432038202,0.24579124579124578,0.0009002152525075842,0.23802642960838677,0.11345300943859904,1.316303357865878,0.28126859258423464,0.011754027887249885,12812.685925842352
H4,50,2.0,D1,32,short,0.0,612,28.68013856812933,0.07749506109092705,0.21434512387057147,1.0535122370473191,0.24509803921568626,0.00021201247336683773,0.16888556651054343,0.14417475873932373,1.1185629426323664,0.18973483646993294,0.00817475774565768,11897.348364699332
H4,50,2.0,D1,32,short,1.0,612,28.68013856812933,0.07749506109092705,0.21434512387057147,1.0535122370473191,0.24509803921568626,0.00021201247336683773,0.16888556651054343,0.14417475873932373,1.1185629426323664,0.18973483646993294,0.00817475774565768,11897.348364699332
H4,50,2.0,D1,50,both,0.0,843,39.71440087707984,-0.062167632474753376,0.4565308433977491,0.9594056561124333,0.2158956109134045,-0.00015771287681912716,-0.11158969858237082,0.3560677161233783,0.9339609416776451,-0.2087297040145547,-0.010968774281584492,7912.702959854443
H4,50,2.0,D1,50,both,1.0,843,39.71440087707984,-0.062167632474753376,0.4565308433977491,0.9594056561124333,0.2158956109134045,-0.00015771287681912716,-0.11158969858237082,0.3560677161233783,0.9339609416776451,-0.2087297040145547,-0.010968774281584492,7912.702959854443
H4,50,2.0,D1,50,long,0.0,339,15.982928875693815,0.14378631296067726,0.2863237972699815,1.1874099813905725,0.2153392330383481,0.0006853260451211529,0.07843720730428189,0.2733492701677047,1.0894953459594088,0.06580640235117685,0.0030092952531717287,10658.064023511766
H4,50,2.0,D1,50,long,1.0,339,15.982928875693815,0.14378631296067726,0.2863237972699815,1.1874099813905725,0.2153392330383481,0.0006853260451211529,0.07843720730428189,0.2733492701677047,1.0894953459594088,0.06580640235117685,0.0030092952531717287,10658.064023511766
H4,50,2.0,D1,50,short,0.0,562,26.4796826625387,-0.25414122871021305,0.3754782435382362,0.8293702452342779,0.2117437722419929,-0.0006942290247979655,-0.2170723705895764,0.25185889927894267,0.858166997903308,-0.22347829042458167,-0.011846572871868855,7765.21709575419
H4,50,2.0,D1,50,short,1.0,562,26.4796826625387,-0.25414122871021305,0.3754782435382362,0.8293702452342779,0.2117437722419929,-0.0006942290247979655,-0.2170723705895764,0.25185889927894267,0.858166997903308,-0.22347829042458167,-0.011846572871868855,7765.21709575419
H4,50,2.0,D1,80,both,0.0,881,41.92095492443981,0.24505535433288653,0.22275659619252808,1.161116193418027,0.23496027241770714,0.0006190578336568332,0.393503751230525,0.11642078082481144,1.2912680491442572,0.9084103590173425,0.0312294575645653,19084.103590173418
H4,50,2.0,D1,80,both,1.0,881,41.92095492443981,0.24505535433288653,0.22275659619252808,1.161116193418027,0.23496027241770714,0.0006190578336568332,0.393503751230525,0.11642078082481144,1.2912680491442572,0.9084103590173425,0.0312294575645653,19084.103590173418
H4,50,2.0,D1,80,long,0.0,377,18.104029713384172,0.43090212833877667,0.15797153413907494,1.5347780835508686,0.23872679045092837,0.002012962239151555,0.4993088203604118,0.08725411730874377,1.6854532860610174,1.051143931369669,0.03510036027808039,20511.4393136967
H4,50,2.0,D1,80,long,1.0,377,18.104029713384172,0.43090212833877667,0.15797153413907494,1.5347780835508686,0.23872679045092837,0.002012962239151555,0.4993088203604118,0.08725411730874377,1.6854532860610174,1.051143931369669,0.03510036027808039,20511.4393136967
H4,50,2.0,D1,80,short,0.0,534,25.40952318916102,-0.1009771513955077,0.24291889541195322,0.9315937915807783,0.2340823970037453,-0.0002667690528507965,0.07880057030172398,0.13567529581282434,1.0598965982513406,0.061742315595715525,0.002854847045691944,10617.42315595714
H4,50,2.0,D1,80,short,1.0,534,25.40952318916102,-0.1009771513955077,0.24291889541195322,0.9315937915807783,0.2340823970037453,-0.0002667690528507965,0.07880057030172398,0.13567529581282434,1.0598965982513406,0.061742315595715525,0.002854847045691944,10617.42315595714
H4,50,2.0,D1,120,both,0.0,907,43.71625098970704,0.31410345040291443,0.2674246999834323,1.1987944712990062,0.22822491730981256,0.0007835471296258494,0.4567866068696894,0.13445729775414184,1.329211933174247,1.1172760474094994,0.03681688689146245,21172.76047409499
H4,50,2.0,D1,120,both,1.0,907,43.71625098970704,0.31410345040291443,0.2674246999834323,1.1987944712990062,0.22822491730981256,0.0007835471296258494,0.4567866068696894,0.13445729775414184,1.329211933174247,1.1172760474094994,0.03681688689146245,21172.76047409499
H4,50,2.0,D1,120,long,0.0,419,20.208602931467052,0.3403093707159375,0.19203384568668824,1.3550508753252832,0.2243436754176611,0.0014174777987957744,0.43064411650269424,0.1017118252521223,1.5132706385219679,0.8288668402247594,0.029544653792405784,18288.66840224764
H4,50,2.0,D1,120,long,1.0,419,20.208602931467052,0.3403093707159375,0.19203384568668824,1.3550508753252832,0.2243436754176611,0.0014174777987957744,0.43064411650269424,0.1017118252521223,1.5132706385219679,0.8288668402247594,0.029544653792405784,18288.66840224764
H4,50,2.0,D1,120,short,0.0,514,24.915527538155274,0.11829091896999941,0.24649167845732467,1.0872231154511536,0.23346303501945526,0.00033825736981557444,0.23080470532259528,0.14213508712323997,1.1877858194426976,0.2769909218392226,0.01192267003593006,12769.909218392242
H4,50,2.0,D1,120,short,1.0,514,24.915527538155274,0.11829091896999941,0.24649167845732467,1.0872231154511536,0.23346303501945526,0.00033825736981557444,0.23080470532259528,0.14213508712323997,1.1877858194426976,0.2769909218392226,0.01192267003593006,12769.909218392242
H4,50,2.0,W1,20,both,0.0,949,45.54227433977139,0.3877168155753779,0.2720567816170234,1.2544467959653904,0.22233930453108536,0.0010498119738628364,0.4881780557867409,0.13827254614563766,1.330742941442103,1.2851058385480427,0.04045625437461853,22851.058385480406
H4,50,2.0,W1,20,both,1.0,949,45.54227433977139,0.3877168155753779,0.2720567816170234,1.2544467959653904,0.22233930453108536,0.0010498119738628364,0.4881780557867409,0.13827254614563766,1.330742941442103,1.2851058385480427,0.04045625437461853,22851.058385480406
H4,50,2.0,W1,20,long,0.0,543,26.05843515963737,0.3794774507043368,0.2050419138752163,1.35267949971113,0.20626151012891344,0.0015472939625275676,0.4452125194845378,0.14677153554492528,1.4346897950800923,1.0107868209029203,0.034090290678504775,20107.868209029173
H4,50,2.0,W1,20,long,1.0,543,26.05843515963737,0.3794774507043368,0.2050419138752163,1.35267949971113,0.20626151012891344,0.0015472939625275676,0.4452125194845378,0.14677153554492528,1.4346897950800923,1.0107868209029203,0.034090290678504775,20107.868209029173
H4,50,2.0,W1,20,short,0.0,446,21.877719580983076,0.18286949112185785,0.17029784125164626,1.1576678525719604,0.2399103139013453,0.0006108066182473844,0.24174593430183763,0.13322848198255166,1.2142380028974917,0.27847836856393915,0.012123829649694828,12784.783685639391
H4,50,2.0,W1,20,short,1.0,446,21.877719580983076,0.18286949112185785,0.17029784125164626,1.1576678525719604,0.2399103139013453,0.0006108066182473844,0.24174593430183763,0.13322848198255166,1.2142380028974917,0.27847836856393915,0.012123829649694828,12784.783685639391
H4,50,2.0,W1,32,both,0.0,942,46.357518189167344,0.3134128881972699,0.2346615260087852,1.2003979581427642,0.2197452229299363,0.0008358400406625264,0.3956989009672011,0.178257499702138,1.27929751687438,1.024248573905291,0.035313306278354606,20242.485739052896
H4,50,2.0,W1,32,both,1.0,942,46.357518189167344,0.3134128881972699,0.2346615260087852,1.2003979581427642,0.2197452229299363,0.0008358400406625264,0.3956989009672011,0.178257499702138,1.27929751687438,1.024248573905291,0.035313306278354606,20242.485739052896
H4,50,2.0,W1,32,long,0.0,556,27.36176232821342,0.32791247556104514,0.2738105674910004,1.2920861085911877,0.2068345323741007,0.0012892538703567504,0.3723429405996003,0.21410535327121483,1.3497586044811376,0.7829977000094126,0.02886781722162257,17829.97700009412
H4,50,2.0,W1,32,long,1.0,556,27.36176232821342,0.32791247556104514,0.2738105674910004,1.2920861085911877,0.2068345323741007,0.0012892538703567504,0.3723429405996003,0.21410535327121483,1.3497586044811376,0.7829977000094126,0.02886781722162257,17829.97700009412
H4,50,2.0,W1,32,short,0.0,423,21.73617754642656,0.010958905026127072,0.24508893775053586,1.0083715326291836,0.23167848699763594,3.175725149223346e-05,0.07196392152299969,0.147849173146809,1.0595383107086356,0.049298140936548274,0.002475819941979207,10492.981409365442
H4,50,2.0,W1,32,short,1.0,423,21.73617754642656,0.010958905026127072,0.24508893775053586,1.0083715326291836,0.23167848699763594,3.175725149223346e-05,0.07196392152299969,0.147849173146809,1.0595383107086356,0.049298140936548274,0.002475819941979207,10492.981409365442
H4,50,2.0,W1,50,both,0.0,934,47.43374582869855,0.4754120032077234,0.16175143241930467,1.337822016475492,0.23233404710920771,0.0013555029011567171,0.5883647590496918,0.11319879227423091,1.508731393156017,2.307134899393441,0.06262657868883825,33071.34899393437
H4,50,2.0,W1,50,both,1.0,934,47.43374582869855,0.4754120032077234,0.16175143241930467,1.337822016475492,0.23233404710920771,0.0013555029011567171,0.5883647590496918,0.11319879227423091,1.508731393156017,2.307134899393441,0.06262657868883825,33071.34899393437
H4,50,2.0,W1,50,long,0.0,589,29.912715517241377,0.38031510026684345,0.1840802462639214,1.3539650139673447,0.21901528013582344,0.0014535402580609493,0.4792357206366462,0.15715516888915093,1.5441918932224528,1.5169862123126334,0.047994423809540665,25169.86212312638
H4,50,2.0,W1,50,long,1.0,589,29.912715517241377,0.38031510026684345,0.1840802462639214,1.3539650139673447,0.21901528013582344,0.0014535402580609493,0.4792357206366462,0.15715516888915093,1.5441918932224528,1.5169862123126334,0.047994423809540665,25169.86212312638
H4,50,2.0,W1,50,short,0.0,378,19.717866323907458,0.28539476562027555,0.11544083219857704,1.2824621188404979,0.25132275132275134,0.0010964640024559488,0.3286762745456953,0.1121276823880345,1.331283673366632,0.3952588809259827,0.01752649073426693,13952.588809259827
H4,50,2.0,W1,50,short,1.0,378,19.717866323907458,0.28539476562027555,0.11544083219857704,1.2824621188404979,0.25132275132275134,0.0010964640024559488,0.3286762745456953,0.1121276823880345,1.331283673366632,0.3952588809259827,0.01752649073426693,13952.588809259827
H4,50,2.0,W1,80,both,0.0,885,47.831643977508136,0.5395135213290755,0.1617369987093208,1.3962527767665551,0.22372881355932203,0.0015396641048202027,0.5845168377436186,0.15120685753497243,1.4947027829805009,2.2325321229833324,0.06546525183886631,32325.321229833455
H4,50,2.0,W1,80,both,1.0,885,47.831643977508136,0.5395135213290755,0.1617369987093208,1.3962527767665551,0.22372881355932203,0.0015396641048202027,0.5845168377436186,0.15120685753497243,1.4947027829805009,2.2325321229833324,0.06546525183886631,32325.321229833455
H4,50,2.0,W1,80,long,0.0,584,31.563480319621192,0.45302535489803236,0.2035446974581857,1.4417139655796154,0.2089041095890411,0.0017118143071692832,0.5109371702610691,0.15773636690845794,1.5805957772769246,1.6385956836570537,0.05383825967810374,26385.956836570575
H4,50,2.0,W1,80,long,1.0,584,31.563480319621192,0.45302535489803236,0.2035446974581857,1.4417139655796154,0.2089041095890411,0.0017118143071692832,0.5109371702610691,0.15773636690845794,1.5805957772769246,1.6385956836570537,0.05383825967810374,26385.956836570575
H4,50,2.0,W1,80,short,0.0,320,20.30224075039083,0.3305222675060317,0.14075972476899035,1.322778790818662,0.25625,0.0012836826370577902,0.3419012698100623,0.08684168262414227,1.3162917584690954,0.32690359208090736,0.018107138860006478,13269.035920809065
H4,50,2.0,W1,80,short,1.0,320,20.30224075039083,0.3305222675060317,0.14075972476899035,1.322778790818662,0.25625,0.0012836826370577902,0.3419012698100623,0.08684168262414227,1.3162917584690954,0.32690359208090736,0.018107138860006478,13269.035920809065
H4,50,2.0,W1,120,both,0.0,818,48.38453441295547,0.562557197698816,0.1479606269753403,1.4100584210343095,0.2273838630806846,0.0015304351139873078,0.6243277000939027,0.11827306666585091,1.5419370456861088,2.309077039233807,0.07334801296390214,33090.77039233803
H4,50,2.0,W1,120,both,1.0,818,48.38453441295547,0.562557197698816,0.1479606269753403,1.4100584210343095,0.2273838630806846,0.0015304351139873078,0.6243277000939027,0.11827306666585091,1.5419370456861088,2.309077039233807,0.07334801296390214,33090.77039233803
H4,50,2.0,W1,120,long,0.0,529,31.290242914979757,0.48117099772367583,0.21532807418060318,1.458620077263407,0.22495274102079396,0.0018001992361477133,0.5472784204792317,0.19125684808008847,1.6135884565401108,1.6355836867087632,0.05899711789575335,26355.83686708764
H4,50,2.0,W1,120,long,1.0,529,31.290242914979757,0.48117099772367583,0.21532807418060318,1.458620077263407,0.22495274102079396,0.0018001992361477133,0.5472784204792317,0.19125684808008847,1.6135884565401108,1.6355836867087632,0.05899711789575335,26355.83686708764
H4,50,2.0,W1,120,short,0.0,299,21.02613592606854,0.29501024703439255,0.126156422766588,1.2714467188043164,0.23411371237458195,0.0009290063575482319,0.30922066027881673,0.10913392052303406,1.3044040589102863,0.28123081753049695,0.01757990311961133,12812.308175304972
H4,50,2.0,W1,120,short,1.0,299,21.02613592606854,0.29501024703439255,0.126156422766588,1.2714467188043164,0.23411371237458195,0.0009290063575482319,0.30922066027881673,0.10913392052303406,1.3044040589102863,0.28123081753049695,0.01757990311961133,12812.308175304972
