timeframe,atr_period,atr_mult,bias_tf,zlsma_len,direction,min_atr,n_trades,trades_per_year,sharpe_px,max_dd_px,profit_factor_px,win_rate,expectancy_px,sharpe_acct,max_dd_acct,profit_factor_acct,total_return_acct,cagr_acct,equity_final
M15,5,5.0,none,0,both,0.0,4107,190.6318147159741,-0.1785600256014419,0.7223489626596087,0.9627277073327121,0.34234234234234234,-0.00011390651227705986,-0.13840022166751687,0.8504169252073536,0.9682685086792041,-0.5534626265650082,-0.03673076667204289,4465.373734349914
M15,5,5.0,none,0,both,1.0,3452,160.2291269538696,-0.3036826174290174,0.7206201538406709,0.9338410947749209,0.35081112398609504,-0.00021532397556996128,-0.12198336033999305,0.7702297510830558,0.9709633003565309,-0.46972880008115736,-0.029015686885143666,5302.711999188415
M15,5,5.0,none,0,long,0.0,3783,175.59292794510102,0.33544158238349797,0.35120615134628763,1.0767254392416679,0.3621464446206714,0.00021526998460207704,0.3280303904120663,0.49900652211260466,1.0774296608072815,1.018663606044918,0.03314182890777473,20186.63606044884
M15,5,5.0,none,0,long,1.0,2971,137.90287838353032,0.21904103019458962,0.3951089063640597,1.0552181191866559,0.3736115785930663,0.0001648895003546864,0.24541085447592065,0.5891593634765925,1.0646411887113512,0.6563182182689125,0.02369798194901951,16563.182182689114
M15,5,5.0,none,0,short,0.0,3784,175.61702668360863,-0.5254119782785202,0.7956599388027604,0.8839921828257538,0.32082452431289643,-0.00036846949111731886,-0.3686597893264852,0.764001677832198,0.9112668426407972,-0.7480997857571765,-0.061982879033716354,2519.002142428217
M15,5,5.0,none,0,short,1.0,2977,138.28681800839374,-0.47229487339121456,0.7469532395766083,0.8840825295144302,0.3285186429291233,-0.0003953320628557865,-0.3465257134289386,0.7367929708997047,0.9037942724170516,-0.7184609121144544,-0.057177111859759155,2815.3908788554477
M15,5,5.0,H4,20,both,0.0,2190,101.75518381885257,-0.050883406574381666,0.4206415899326019,0.9848761490178402,0.3470319634703196,-4.770956490810528e-05,0.018558565680149307,0.41083365947752715,1.0059898773813993,-0.06600802901255254,-0.0031678487866471094,9339.919709874435
M15,5,5.0,H4,20,both,1.0,1765,82.00817326039945,-0.17019418635052896,0.461037902652947,0.9454332652376194,0.35524079320113316,-0.0001838864499592214,-0.04364828068644785,0.45113373209290275,0.9845376876376813,-0.1792306658175098,-0.009135182067033343,8207.693341824957
M15,5,5.0,H4,20,long,0.0,1330,61.86735863474274,0.047915884133670934,0.3440783724125963,1.017403864192136,0.3706766917293233,5.1070563719124566e-05,0.11406058816508166,0.36514672860143405,1.044483993776541,0.12885512327800086,0.005653944970196667,11288.551232779984
M15,5,5.0,H4,20,long,1.0,1044,48.6006882487892,-0.0509256629546457,0.35224791102651876,0.9797146946933145,0.38122605363984674,-6.373561409204315e-05,0.037916554196698926,0.35153798968257854,1.0160350811601369,0.006723096331605172,0.00031197742019650754,10067.230963316062
M15,5,5.0,H4,20,short,0.0,1189,55.245166009413566,-0.15345277236015398,0.30873564548616217,0.9367515082224136,0.3153910849453322,-0.0002081711178129835,-0.13185182684540403,0.329439043452864,0.9396478085381754,-0.24983678111035656,-0.013267817192046949,7501.632188896469
M15,5,5.0,H4,20,short,1.0,936,43.489886782852054,-0.21728933430408187,0.3278286630095083,0.9023725126708462,0.3215811965811966,-0.00034569441479739827,-0.16637904112172874,0.35380846919445164,0.9159267177294148,-0.2824828958282164,-0.015305631212050863,7175.171041717833
M15,5,5.0,H4,32,both,0.0,2484,115.51833460656991,-0.1210672897193384,0.5889912395035591,0.9647488571314456,0.35185185185185186,-0.00011201327419251034,-0.016663038881464053,0.4741668845195184,0.994387278099056,-0.19739736712551115,-0.010174124406725271,8026.0263287448715
M15,5,5.0,H4,32,both,1.0,1982,92.17284186401834,-0.2554111921395739,0.6208845601327225,0.9190659793767277,0.35166498486377396,-0.0002794075453198413,-0.08075267179382449,0.5031723195569682,0.9699761474465555,-0.3265245195989426,-0.01821563715831609,6734.754804010573
M15,5,5.0,H4,32,long,0.0,1398,65.09682559918409,0.13375083577197527,0.42244967104262876,1.048969268041589,0.37839771101573677,0.00013907871030750801,0.2282582522527479,0.3719825028083613,1.0900123372183665,0.3547205090380616,0.014237077548504562,13547.20509038064
M15,5,5.0,H4,32,long,1.0,1082,50.38252167261601,-0.07500851305756798,0.46499461262140507,0.9701462030079725,0.3789279112754159,-9.15454287858975e-05,0.11829923251872677,0.39684709390203965,1.050837236671088,0.1357794099603591,0.005946128163191844,11357.794099603565
M15,5,5.0,H4,32,short,0.0,1296,60.27043544690604,-0.25221291152556835,0.503920143575534,0.8963557457966109,0.32021604938271603,-0.0003606615008588887,-0.17188095796747205,0.46595388131239235,0.9167274731140751,-0.36504701524181726,-0.020901233454892254,6349.529847581831
M15,5,5.0,H4,32,short,1.0,1030,47.900114591291064,-0.26781266473306525,0.504620591801183,0.8787825416688421,0.3213592233009709,-0.0004607471732419081,-0.17587693303498114,0.4534181211632953,0.905440426132388,-0.3667566395551912,-0.021023989546184674,6332.433604448084
M15,5,5.0,H4,50,both,0.0,2773,129.0897591129238,-0.0733880808805509,0.48854198677516003,0.9799145106620174,0.3451135953840606,-6.289687751879648e-05,-0.07656708490569107,0.5476988653593673,0.9757966528829025,-0.34143938847190847,-0.019257038746549826,6585.606115280881
M15,5,5.0,H4,50,both,1.0,2198,102.76747311827957,-0.1266779097865725,0.5235469784708895,0.961547792185943,0.35122838944494994,-0.00012953352437947236,-0.09017355654696263,0.5768189956659746,0.9695316343954423,-0.3387132331973889,-0.019150606277518523,6612.867668026108
M15,5,5.0,H4,50,long,0.0,1548,72.0906540864465,0.2926285941257144,0.3180921581240159,1.1085183658504267,0.3733850129198966,0.00029519086065126404,0.22276608784757124,0.4353700037250442,1.0862032886273363,0.3572014358190505,0.0143253295298289,13572.01435819044
M15,5,5.0,H4,50,long,1.0,1204,56.35071758072784,0.2590691626634212,0.30745983712513125,1.10831898997307,0.38372093023255816,0.0003132050092219566,0.20150933091943476,0.4406883448249639,1.0859897718769524,0.30018280832719246,0.012361778019156278,13001.828083271972
M15,5,5.0,H4,50,short,0.0,1385,64.52439413265306,-0.3845103625980804,0.5560885451322389,0.8566588865169206,0.311913357400722,-0.0005101461846593108,-0.23225061722913734,0.48542931359166774,0.8924138525060183,-0.4618239739287394,-0.028451913490017078,5381.7602607126
M15,5,5.0,H4,50,short,1.0,1100,51.43049155145929,-0.4362341314617613,0.5709238430000692,0.8212914142316099,0.3118181818181818,-0.0006919280411659178,-0.2834198307212137,0.5395638639970264,0.854207334528921,-0.5170090191095353,-0.03345390320370778,4829.909808904655
M15,5,5.0,H4,80,both,0.0,2943,137.2485635852911,0.025682286405212324,0.4708463610631196,1.0067010425151912,0.3513421678559293,2.0894693963079194e-05,-0.02216154766027428,0.5650064272178881,0.9936736373052223,-0.20391222184218005,-0.010578701091292997,7960.87778157816
M15,5,5.0,H4,80,both,1.0,2310,108.00403225806451,-0.189986429966941,0.5466600774594096,0.9467744058243571,0.3510822510822511,-0.00018026206175904784,-0.15157415471733104,0.6775286983724808,0.9524124356534716,-0.4555617978677593,-0.02802682680828228,5444.382021322439
M15,5,5.0,H4,80,long,0.0,1589,74.20818948983506,0.3877929126515779,0.1762935142912483,1.141970858947601,0.3744493392070485,0.00039807856663468037,0.37878845343304735,0.266101492991485,1.143208824564592,0.7198715468238239,0.02564707017813439,17198.71546823816
M15,5,5.0,H4,80,long,1.0,1210,56.660576923076924,0.12664341789795486,0.2613607950785849,1.0494852310686682,0.3752066115702479,0.00015124910574417478,0.19017183925058256,0.4215176088443703,1.0787036123763964,0.28835436141913373,0.011934997268792324,12883.543614191303
M15,5,5.0,H4,80,short,0.0,1434,66.87544688457609,-0.2582266877084023,0.5345464299482993,0.9057748464380924,0.3277545327754533,-0.00032246111264823304,-0.2811156307527122,0.5534146381901224,0.8866093182739885,-0.46873059015155394,-0.029065591692561954,5312.694098484464
M15,5,5.0,H4,80,short,1.0,1155,54.002016129032256,-0.31574254323589246,0.5367860805266129,0.8757616732544714,0.32987012987012987,-0.00045728046981376034,-0.29195354995981043,0.5430539373514505,0.8719142988189238,-0.468394916145643,-0.02911023759442022,5316.05083854356
M15,5,5.0,H4,120,both,0.0,3131,146.3711442467682,0.2416452432914279,0.32698764991509344,1.0614456147030287,0.35292238901309486,0.00018797186318133104,0.3849513179570341,0.26908812555721606,1.1073715775965682,1.1411625068613236,0.0362332945625794,21411.62506861302
M15,5,5.0,H4,120,both,1.0,2482,116.07560819462228,0.13939471502712295,0.3358697587316771,1.0389273248052824,0.3561643835616438,0.00012778110939124459,0.3036547045500103,0.2762070842483494,1.0929157744398497,0.8054115372326849,0.0280146196289055,18054.115372326814
M15,5,5.0,H4,120,long,0.0,1699,79.45707426376441,0.3208038329240149,0.18814509894293274,1.1073625939801333,0.3755150088287228,0.0003074122156288817,0.3957801832976247,0.22394832332837067,1.1417335519744032,0.8175971466876748,0.028338076446781546,18175.97146687658
M15,5,5.0,H4,120,long,1.0,1331,62.27075060842834,0.18494071364798598,0.2092395464168172,1.0669704566680143,0.38016528925619836,0.0002057132396310099,0.31525541535404705,0.22529599408988232,1.1232347413522297,0.5923667131173123,0.022003947288540715,15923.667131173062
M15,5,5.0,H4,120,short,0.0,1496,70.08003078106964,-0.051711518910320754,0.32846325437039114,0.9809467211057218,0.32219251336898397,-6.308823557911267e-05,0.07151683897449246,0.2574735540997769,1.0300969387236285,0.057182290870897656,0.0026083094845474886,10571.822908708971
M15,5,5.0,H4,120,short,1.0,1199,57.12689146882337,-0.03515908459081636,0.34010036866826643,0.9856844793397168,0.32610508757297746,-5.0610052100980226e-05,0.03579703242947544,0.26637305492246144,1.0160984356984148,-0.00739473061966156,-0.00035357186066820034,9926.052693803404
M15,5,5.0,D1,20,both,0.0,3382,158.12538402457756,0.015301442103940572,0.5025927234024457,1.0036370397680319,0.34328799526907156,1.104059469554938e-05,0.18353865100617126,0.4123045188884089,1.049385615159452,0.39801799374355307,0.015788865507074368,13980.179937435554
M15,5,5.0,D1,20,both,1.0,2688,125.72570111409911,-0.036189678263363764,0.4700331376018918,0.9905409784583717,0.34933035714285715,-3.074397828358464e-05,0.17240026270147218,0.4058410328063835,1.0507482977407678,0.3510398378760702,0.014172279267997023,13510.398378760601
M15,5,5.0,D1,20,long,0.0,2026,94.7256144393241,0.3260956020713718,0.2827214920781421,1.1011014638432133,0.368213228035538,0.0002860231244952383,0.37531129504489485,0.27935923510614324,1.1244156568961858,0.8566895825482681,0.029354349459442153,18566.895825482577
M15,5,5.0,D1,20,long,1.0,1591,74.41577026507875,0.2073322980413868,0.31674325558242244,1.0700288714532047,0.3758642363293526,0.0002119605360992518,0.31015196149794394,0.28615123634453954,1.1129340883908927,0.6544107972954445,0.023827040690744372,16544.107972954323
M15,5,5.0,D1,20,short,0.0,1773,83.30180730640596,-0.2291428947160626,0.40661723596620714,0.9257894739987127,0.3158488437676255,-0.00023689571871447117,-0.09293194688528225,0.43091677859638067,0.9665010938880477,-0.23105685006468413,-0.012268492030575895,7689.431499353183
M15,5,5.0,D1,20,short,1.0,1400,66.93062827225131,-0.18587539409849616,0.36430823845031446,0.9332514872039877,0.3264285714285714,-0.00022879298181573558,-0.07975244820471748,0.3901890268098184,0.9686276171595422,-0.19857319000583074,-0.010526965826767598,8014.268099941673
M15,5,5.0,D1,32,both,0.0,3456,162.3124598174103,-0.019899007152937277,0.5063035464847699,0.995347765344979,0.3431712962962963,-1.408428238938251e-05,0.06357167485061248,0.35209893683181126,1.0160609630610324,0.011970535694334927,0.0005590190097910508,10119.70535694326
M15,5,5.0,D1,32,both,1.0,2762,130.06968798349664,-0.14450512279171143,0.4996948766216329,0.963662665634316,0.34866039102099927,-0.0001179790445485013,0.014701559516308495,0.3644131507320316,1.004033714963733,-0.10811580812618704,-0.005373793673490446,8918.841918738157
M15,5,5.0,D1,32,long,0.0,2048,96.29660144181257,0.2272091631929817,0.32725680162434345,1.0697739564441493,0.3525390625,0.0002018539075414863,0.2523528180246648,0.316654132637197,1.0811537561695301,0.48837544094952334,0.01887501207127329,14883.754409495088
M15,5,5.0,D1,32,long,1.0,1616,76.10159876224859,0.0513486582704361,0.3271057616105485,1.016913233546905,0.35767326732673266,5.2559086141834825e-05,0.15813120739710076,0.3135332905863828,1.0557051286596646,0.24756002355779572,0.010470829891347178,12475.600235577904
M15,5,5.0,D1,32,short,0.0,1697,79.77210424710424,-0.34729017177696236,0.5850494032634694,0.8876604016967437,0.3199764289923394,-0.0003561131086240757,-0.3795299679665756,0.6147381775507572,0.871055795823314,-0.514769817258258,-0.03342151977545793,4852.30182741742
M15,5,5.0,D1,32,short,1.0,1341,63.42919580419581,-0.36258778629681293,0.5395107192954866,0.8729656849636691,0.32811334824757643,-0.0004364031209773972,-0.32773378544495235,0.5685576833415195,0.8779219438673295,-0.45470056159984185,-0.02827615859396848,5452.994384001601
M15,5,5.0,D1,50,both,0.0,3485,164.7335641257927,-0.05430184237649259,0.5074500513658082,0.987709041905604,0.34461979913916785,-3.709796781519464e-05,0.12879399580387377,0.4026823910514934,1.0311593431402724,0.19360400282171075,0.008400685378571637,11936.040028217081
M15,5,5.0,D1,50,both,1.0,2783,131.5845631067961,-0.10090785688353816,0.44908675896772254,0.9751276490612937,0.3550125763564499,-8.04532341287414e-05,0.14373481770581675,0.3510628490986639,1.0377531884090152,0.2356550987930719,0.010055052634694084,12356.550987930623
M15,5,5.0,D1,50,long,0.0,2055,97.13844312152195,0.28738288058306527,0.21231319705707385,1.0870056610245193,0.3630170316301703,0.0002443829955016314,0.3124765261998087,0.23997317502290572,1.0996798337498384,0.6418187739045704,0.023713134930789526,16418.187739045603
M15,5,5.0,D1,50,long,1.0,1619,76.54883495145631,0.20073125943438244,0.22150043508554318,1.0671239479218617,0.37554045707226685,0.0002009141435253432,0.2748892205913572,0.2609110503711315,1.095963835335789,0.5255868313869814,0.020171491441115297,15255.868313869772
M15,5,5.0,D1,50,short,0.0,1669,79.468420023465,-0.3614031071635319,0.5375149909331829,0.8814963361545516,0.3145596165368484,-0.00038394116296978003,-0.1667416542078348,0.4894774502167104,0.9370199628139155,-0.32570790505500724,-0.018589489342187737,6742.920949449926
M15,5,5.0,D1,50,short,1.0,1340,63.978431372549025,-0.31259185451541577,0.47414108385178944,0.8884442767159423,0.32313432835820893,-0.00038938134425611575,-0.10414399394755214,0.45167590303118865,0.9564310025319345,-0.22971764428220698,-0.01238406006840398,7702.823557177939
M15,5,5.0,D1,80,both,0.0,3482,166.5532346778418,-0.09975589156179503,0.4977400330149395,0.9773271687451656,0.3446295232624928,-6.81447120568739e-05,0.10476128795898688,0.38618640548949734,1.026340163862688,0.11996999199095759,0.005434240243847865,11199.699919909535
M15,5,5.0,D1,80,both,1.0,2801,134.5076584275572,-0.09163690459662664,0.4591219648068783,0.9770945589981926,0.35451624419850053,-7.338875832705403e-05,0.11854207626043886,0.3610929026316272,1.032523947067531,0.16274546435930204,0.007267121274943555,11627.454643592973
M15,5,5.0,D1,80,long,0.0,2017,96.66831780606219,0.2521063395533809,0.3003837332266608,1.0752017048187172,0.3639067922657412,0.00021683582113881243,0.349748926739851,0.2658927465985218,1.1115772203593568,0.7702098500750463,0.027748917646754245,17702.098500750373
M15,5,5.0,D1,80,long,1.0,1603,76.9781422561136,0.18891242767928607,0.30370561242446636,1.0620634730984553,0.3767935121646912,0.00019056272136518595,0.3051756187119824,0.24980148121080026,1.1065539370269988,0.6136346571996576,0.02324369255088654,16136.346571996577
M15,5,5.0,D1,80,short,0.0,1647,78.85263468344475,-0.4204955295404905,0.5580195841801019,0.8623480724212863,0.31815421979356406,-0.00043264636156639446,-0.26224180589876284,0.5441027576200654,0.9051727629791213,-0.430954933626325,-0.026631531846888157,5690.450663736765
M15,5,5.0,D1,80,short,1.0,1320,65.56023932553713,-0.3717179563648692,0.486942457244779,0.8683312532067031,0.32727272727272727,-0.0004443097443417399,-0.2043171023352451,0.4850313289970153,0.9192332918116612,-0.34590533612311125,-0.020863027389256716,6540.946638768933
M15,5,5.0,D1,120,both,0.0,3489,169.39482254419778,-0.09618643487864151,0.5311216179606613,0.9786520887848693,0.34279163083978215,-6.368854082353436e-05,0.03253196672150456,0.43243804353525883,1.0074976544174226,-0.0778512760756449,-0.0039272753891012036,9221.487239243657
M15,5,5.0,D1,120,both,1.0,2844,140.37445945945944,-0.18473100828485528,0.5566319445449244,0.9564200836101255,0.3509142053445851,-0.00013801038752126593,0.03150997314961442,0.38234851836956574,1.0078286434906856,-0.07026374588389339,-0.003589494242504321,9297.362541161143
M15,5,5.0,D1,120,long,0.0,1989,96.56815764987371,0.278160282960787,0.35772066595723007,1.0836753607095122,0.36450477626948213,0.00024103878537921856,0.348094805084917,0.40452426022141985,1.1099337227165988,0.7627485973679788,0.027904615407916555,17627.485973679824
M15,5,5.0,D1,120,long,1.0,1608,79.36783783783784,0.21944105286250662,0.33333826800056976,1.0717714424865024,0.3756218905472637,0.00021756401173013334,0.34790574091610016,0.3539359938443495,1.1194601147472671,0.7198842902048448,0.027126174128363045,17198.842902048476
M15,5,5.0,D1,120,short,0.0,1637,80.93046155928532,-0.40534066356708637,0.5269162340287994,0.8675732525077882,0.31459987782529014,-0.0004098270108597527,-0.21996694588786125,0.5159636631556304,0.9200703938819588,-0.382508714888245,-0.023551935647275535,6174.912851117531
M15,5,5.0,D1,120,short,1.0,1332,67.23507462686567,-0.42092686984416133,0.5049616753054714,0.8543039705861705,0.3235735735735736,-0.0004810599207576604,-0.2030193126648941,0.4847159152717946,0.9195760406715319,-0.34854067680049694,-0.021399057123573817,6514.59323199505
M15,5,4.0,none,0,both,0.0,5819,270.0622299872935,-0.4524463696596373,0.8006714346102908,0.9214303904855751,0.3344217219453514,-0.00021015061633208973,-0.2362080967945945,0.9264849390697256,0.9489415661895376,-0.8973496211070311,-0.10026041346552828,1026.5037889297078
M15,5,4.0,none,0,both,1.0,4793,222.44513977128335,-0.6144074356112974,0.8529397629187285,0.8854973510392062,0.3373669935322345,-0.0003306407028315692,-0.10615433293648678,0.989223837124068,0.9657929318253595,-0.972929072089406,-0.15423090132069617,270.709279105936
M15,5,4.0,none,0,long,0.0,5214,241.9839263024142,0.04826732871923716,0.5963385013174927,1.0091578953336222,0.3488684311469122,2.2444656180866645e-05,0.10097223131630016,0.8172954048614298,1.0216558635175241,0.049942059266199657,0.002264370727122822,10499.420592662009
M15,5,4.0,none,0,long,1.0,4016,186.38424396442184,-0.034224419648311556,0.6019377880964607,0.99278240498123,0.3600597609561753,-1.9194270658926626e-05,0.06850134763914147,0.8476390897567166,1.0161966987903372,-0.07603201767128731,-0.003663310246132867,9239.679823286968
M15,5,4.0,none,0,short,0.0,5214,241.9839263024142,-0.8422542153183218,0.9111838712895932,0.842662539682254,0.3036056770233985,-0.0004275586163192595,-0.5692957772969502,1.0064438878261706,0.7057802243404739,-0.9997671233196047,-0.32173908032145315,-271.47297546942445
M15,5,4.0,none,0,short,1.0,4016,186.57389977105063,-0.6755048218565478,0.8710319131944178,0.8571006820677256,0.3157370517928287,-0.0004227133097683976,-0.41491806163299144,0.9830957207281401,0.8657345903333171,-0.9656707605345306,-0.14499154904672984,343.29239465469493
M15,5,4.0,H4,20,both,0.0,3591,166.82940091579752,-0.23000716271255148,0.5487846247503636,0.9468803868161539,0.3338902812587023,-0.00014196582705641142,-0.14899444415665639,0.6911612509944893,0.9626940192158733,-0.4913696216079958,-0.030918858400572735,5086.303783920023
M15,5,4.0,H4,20,both,1.0,2870,133.48624729402778,-0.3555171873115119,0.58462075391763,0.9111963218456965,0.33797909407665505,-0.0002578557662724172,-0.22501731400948952,0.7410799209045017,0.9390964952398649,-0.600456828971854,-0.04177306445324369,3995.4317102814366
M15,5,4.0,H4,20,long,0.0,2133,99.22035787060621,0.0979140214769996,0.2792212355459194,1.0288817776407926,0.35489920300046884,7.229676027626906e-05,0.14519546543094672,0.36715501954138874,1.0451118773753696,0.20573742148365648,0.008740873137722094,12057.374214836482
M15,5,4.0,H4,20,long,1.0,1668,77.64937547795056,-0.0036883216337445066,0.2956014161463937,0.9988144535662493,0.3645083932853717,-3.231014874410978e-06,0.06993516059165994,0.44880563269171714,1.0234373309479834,0.05288408086346719,0.002401870484172841,10528.840808634639
M15,5,4.0,H4,20,short,0.0,1878,87.24745611803613,-0.3738833209585747,0.5106047840015305,0.8787834291740731,0.30724174653887115,-0.00034034695010291035,-0.3294192268169773,0.603524659023837,0.8813912728228829,-0.571181820894617,-0.03857307926711229,4288.181791053808
M15,5,4.0,H4,20,short,1.0,1478,68.91861355802375,-0.3628939353352042,0.5130103995089939,0.869470856952212,0.3125845737483085,-0.000395432618683095,-0.34144908351566106,0.6058225383958361,0.8667310056574606,-0.563495255283413,-0.0379163949885839,4365.047447165855
M15,5,4.0,H4,32,both,0.0,3912,181.95059213039602,-0.13902858123166031,0.6189194111504246,0.9676939346300675,0.3399795501022495,-8.704527186897832e-05,-0.09191705561144518,0.6492651564876866,0.9753120141380629,-0.46485022159242984,-0.02866028162598333,5351.497784075683
M15,5,4.0,H4,32,both,1.0,3087,143.57910989430792,-0.2626188855715038,0.6643137554221104,0.9332298959187693,0.34272756721736314,-0.00019624288074456868,-0.1794632224164248,0.7372520778896645,0.9476370588980703,-0.624424798532367,-0.04452621547980262,3755.752014676303
M15,5,4.0,H4,32,long,0.0,2155,100.34596506884242,0.1742857425919951,0.43426644091166455,1.0529915567019321,0.3619489559164733,0.00013154875112328656,0.26737810152625496,0.36428242367415087,1.0839581039047472,0.5075215131057971,0.019296909794763062,15075.215131057868
M15,5,4.0,H4,32,long,1.0,1649,76.78445308516064,0.0320164307657784,0.411879672235556,1.0107608232861822,0.3705275924802911,2.908425644602696e-05,0.15337312544906112,0.42172747679685196,1.0522050277428576,0.22865590954990833,0.009634666350726295,12286.559095499024
M15,5,4.0,H4,32,short,0.0,2005,93.25432955558385,-0.2822554156075453,0.5602395826086057,0.9066836455421137,0.31521197007481294,-0.00026869941516406254,-0.23141849617842103,0.6202815305230927,0.9098834926015162,-0.5327170206677513,-0.034767645978470374,4672.829793322513
M15,5,4.0,H4,32,short,1.0,1597,74.27788743155482,-0.27347442062886224,0.5655590432830114,0.9003372504994575,0.31809643080776456,-0.00031225119032087374,-0.24389826921253863,0.6247654860104842,0.8985096946163689,-0.5268937775094271,-0.03421147999053842,4731.062224905711
M15,5,4.0,H4,50,both,0.0,4176,194.4027529951568,-0.26696038666766064,0.6862090412154505,0.9408158228601594,0.3311781609195402,-0.00015791495355217718,-0.2970070833763746,0.8954271085012023,0.9261034483587188,-0.8038829515295196,-0.07303165590579874,1961.1704847047802
M15,5,4.0,H4,50,both,1.0,3251,152.00048003072195,-0.3253221236838757,0.6857990778435834,0.9202114227864571,0.3371270378345125,-0.00023242851234025715,-0.330192580901986,0.8632829089468439,0.9112893851867998,-0.7979753454416414,-0.07205083184134298,2020.246545583561
M15,5,4.0,H4,50,long,0.0,2302,107.20457733010326,0.1706374815742646,0.3475456767318691,1.0508144658128444,0.3549087749782798,0.00012313171327631189,0.19987984214756468,0.4684295409835998,1.0626926644827168,0.3499606776703721,0.01407267214580954,13499.606776703626
M15,5,4.0,H4,50,long,1.0,1750,81.9051127626858,0.1057765879912274,0.3481048690976424,1.0352754854126043,0.36457142857142855,9.296015634121213e-05,0.12571400858614448,0.5039963166494232,1.0428649160068377,0.17039580260105414,0.007391245962295123,11703.958026010527
M15,5,4.0,H4,50,short,0.0,2083,97.03044892233133,-0.42682538132927644,0.6152227437094044,0.8658691507896292,0.3072491598655785,-0.00039001775635507166,-0.4073177821741565,0.7234255737878537,0.8577710822745376,-0.6863492732563006,-0.052578083577616286,3136.507267436996
M15,5,4.0,H4,50,short,1.0,1636,76.49116743471582,-0.45514227850782263,0.6260659872772278,0.8424466591375963,0.3105134474327628,-0.0005015319669225658,-0.4301765425118722,0.7282266204920447,0.8363341296360002,-0.6920978408410843,-0.053586903758997995,3079.0215915891577
M15,5,4.0,H4,80,both,0.0,4361,203.3778409090909,-0.25495456793456495,0.7315011257987847,0.9465822832908731,0.33157532675991747,-0.0001427300176293784,-0.25343284970582003,0.8677959614641929,0.9380272718684965,-0.7619617360845063,-0.06474605272758704,2380.382639154888
M15,5,4.0,H4,80,both,1.0,3369,157.41681591403352,-0.39167753779589354,0.7585928909211692,0.9099227828257813,0.3345206292668448,-0.0002648814425756457,-0.3568839645525448,0.900370668155628,0.9073491912455773,-0.8354327476178932,-0.08085595344698793,1645.6725238210433
M15,5,4.0,H4,80,long,0.0,2400,112.08285385500575,0.09391850582031146,0.3683559537702048,1.026555197462437,0.3491666666666667,6.664565723517555e-05,0.15174163981295472,0.5455418555723492,1.045605874151403,0.24257780507656101,0.0101945563790653,12425.778050765479
M15,5,4.0,H4,80,long,1.0,1813,84.74510493985154,-0.04706683952957324,0.41230081254687845,0.9852603525758129,0.3530060672917816,-4.071676005218779e-05,0.06448905932932116,0.6178329164923232,1.0213507751420368,0.033147690047955924,0.0015254594875608873,10331.476900479542
M15,5,4.0,H4,80,short,0.0,2087,97.32849208375893,-0.3020629824119884,0.622486604393218,0.9058810125829275,0.31528509822712025,-0.0002662357388466569,-0.3604502697041407,0.7019544163504599,0.8776899644275683,-0.6271212285469334,-0.044963869850777605,3728.7877145306384
M15,5,4.0,H4,80,short,1.0,1649,77.09898233486942,-0.33726236257139236,0.6325383634734109,0.8849295509597778,0.31958762886597936,-0.0003560338395020163,-0.38454557315360793,0.7130173578701666,0.8575463021111377,-0.6393063017353342,-0.04655857641035899,3606.9369826466454
M15,5,4.0,H4,120,both,0.0,4538,212.17415514592932,-0.05696977758873728,0.5407512344406527,0.9883830062814977,0.33516967827236666,-3.061602718987309e-05,0.028671531475201302,0.6272206629908844,1.00642331574369,-0.13901832782043522,-0.006973951973901382,8609.81672179561
M15,5,4.0,H4,120,both,1.0,3523,164.76001920614596,-0.16291418493263082,0.5987753342213031,0.9633392456751597,0.3400510928186205,-0.00010546813627953456,-0.03782829890009403,0.6964939470522794,0.9907698382135511,-0.30808698808926316,-0.017076555427070872,6919.130119107306
M15,5,4.0,H4,120,long,0.0,2465,115.28056978233035,0.15466685944876812,0.31515166563511754,1.04192399161373,0.35253549695740366,0.00010429598261625695,0.19799864939145187,0.4144917874147461,1.0568080249089937,0.35481907840707017,0.01430294948852695,13548.190784070559
M15,5,4.0,H4,120,long,1.0,1886,88.23639041885488,-0.03263522030519864,0.3774393504853083,0.9903419019925348,0.3579003181336161,-2.6275860988331298e-05,0.07980122946114085,0.542397364275018,1.025268858616946,0.06776609741363426,0.0030723377678048003,10677.660974136268
M15,5,4.0,H4,120,short,0.0,2178,102.02828010773374,-0.2852972666441858,0.49853891846954723,0.9158097926715424,0.31267217630853994,-0.00023590242807641337,-0.22821455728063197,0.5373856446573827,0.9256178607890098,-0.4700301639127512,-0.029305516190150427,5299.698360872493
M15,5,4.0,H4,120,short,1.0,1720,80.64569961489089,-0.24704915059780858,0.5168396120826609,0.9189939437895869,0.3174418604651163,-0.0002465003442252557,-0.24425323725781714,0.5572088087996181,0.915722342100243,-0.45499901510533025,-0.028057773958436893,5450.009848946703
M15,5,4.0,D1,20,both,0.0,4760,222.5537634408602,-0.2885108240775013,0.7397302297434025,0.9440158394588001,0.33214285714285713,-0.00014620944178266656,-0.16367964766677504,0.8617818253862306,0.9629558958626823,-0.651669332575409,-0.048112056771783096,3483.3066742459214
M15,5,4.0,D1,20,both,1.0,3702,173.15347675758738,-0.3903238849296115,0.7421626661727942,0.9166119361094273,0.33630470016207453,-0.00023756901931621202,-0.24162685321495456,0.8905023753485708,0.941796470978495,-0.727965252600358,-0.05907347411840391,2720.347473996394
M15,5,4.0,D1,20,long,0.0,2774,129.69834869431642,0.11158365626101292,0.33974524355252367,1.0284093921853474,0.3500360490266763,6.918912827105288e-05,0.12747615163206039,0.48822464787294584,1.0345515328896624,0.18219118043200533,0.007856064861531786,11821.91180431998
M15,5,4.0,D1,20,long,1.0,2127,99.48607376104495,-0.06961173715255911,0.4076172104437613,0.980604666992337,0.35637047484720263,-5.134785625255572e-05,0.02363381081333222,0.6127103344374762,1.007095834714435,-0.06580689276541773,-0.0031788703098617477,9341.931072345767
M15,5,4.0,D1,20,short,0.0,2437,114.49887445330589,-0.42790144071714625,0.5953990923504064,0.8833072813513374,0.30734509643003693,-0.00031977619906501726,-0.319810094909382,0.6137514480856323,0.9033089354335635,-0.5956569811533521,-0.041650937081865624,4043.430188466501
M15,5,4.0,D1,20,short,1.0,1880,88.39727085478889,-0.34891542885970733,0.5528305607399879,0.8929745661891494,0.3170212765957447,-0.00032044402677048554,-0.2785431002130545,0.5742783878757116,0.9095920410359235,-0.5087191461750765,-0.03286659744276321,4912.8085382492745
M15,5,4.0,D1,32,both,0.0,4845,227.54741545583133,-0.26826870334548686,0.7419515990151234,0.9479535635978852,0.33250773993808047,-0.0001367538950135888,-0.24975530435837284,0.813854879965557,0.9466512370526667,-0.7056502791484942,-0.05581964061842648,2943.497208515054
M15,5,4.0,D1,32,both,1.0,3799,178.90468669417226,-0.40630522360387195,0.7514567414641822,0.9141240408150034,0.3387733614108976,-0.0002460997413390125,-0.32181177566472574,0.8233957059889335,0.9272347661120361,-0.762232971675735,-0.06540947283470855,2377.6702832426195
M15,5,4.0,D1,32,long,0.0,2834,133.25418383110195,0.06846772599816763,0.3316822287440975,1.0178696622460348,0.3450952717007763,4.4632563442454994e-05,0.030022166438463328,0.39212172244352583,1.0079432084778353,-0.03878191525191654,-0.001858091905299064,9612.180847480646
M15,5,4.0,D1,32,long,1.0,2207,103.93330969571944,-0.10766122918260577,0.3606539534600891,0.9694598813522904,0.35160851835070234,-8.299830527201523e-05,-0.0710650605676958,0.49534229227707083,0.9796859636600377,-0.2363194783273982,-0.012616168632213598,7636.8052167259975
M15,5,4.0,D1,32,short,0.0,2341,110.04507722007722,-0.49781512242536263,0.6940844714158569,0.8619886097612603,0.30542503203759075,-0.00037811532085537617,-0.4776951440981284,0.7308166797023219,0.8593518124352701,-0.6912681473836588,-0.05374892438213985,3087.3185261634094
M15,5,4.0,D1,32,short,1.0,1803,85.21554736024844,-0.4894741067128532,0.6691695146604064,0.8492071273477364,0.3122573488630061,-0.00045591712045911894,-0.489572479728473,0.7201246717775718,0.8454141535543496,-0.6677898940464011,-0.05075036259342036,3322.1010595360094
M15,5,4.0,D1,50,both,0.0,4865,229.93546195652172,-0.2926303546114408,0.7110630553495898,0.9450277562867611,0.331551901336074,-0.0001429437293054878,-0.17113434774808636,0.8255016011759913,0.9648585620073942,-0.6009796716753968,-0.04249346128814602,3990.2032832460272
M15,5,4.0,D1,50,both,1.0,3795,179.41027051514368,-0.3078246520138967,0.7232457219389367,0.9361070855785418,0.3401844532279315,-0.00018125437820243906,-0.18837255482176465,0.8136646870582654,0.9583181985651802,-0.5792816513263341,-0.04010432934776098,4207.183486736645
M15,5,4.0,D1,50,long,0.0,2845,134.46380046583852,0.09092352000358993,0.3509692523558453,1.0234502766201672,0.3458699472759227,5.747147978540227e-05,0.11392066182976116,0.44958778908234076,1.030764879093126,0.1482685448270038,0.006555778397981937,11482.685448269935
M15,5,4.0,D1,50,long,1.0,2194,103.72230132021745,0.04905838019785717,0.3327104098349327,1.014161084583418,0.3568824065633546,3.760357158667523e-05,0.12272148619550852,0.45361947027402605,1.0363715509266183,0.1687538934233166,0.007399283252985667,11687.538934233042
M15,5,4.0,D1,50,short,0.0,2275,108.32274149393821,-0.46919248305924743,0.6407899745435678,0.8680306032367437,0.30505494505494507,-0.00036271289493069406,-0.3035467328187988,0.6008230623465285,0.9041989329995337,-0.5527386087464399,-0.03758652717785438,4472.613912535589
M15,5,4.0,D1,50,short,1.0,1786,85.28389331938816,-0.3960248597934507,0.6445156537354408,0.8764344147025649,0.3135498320268757,-0.0003724679521188754,-0.30100702239591337,0.6058922672184611,0.8995397339483748,-0.5105088505850768,-0.03353773805408555,4894.911494149247
M15,5,4.0,D1,80,both,0.0,4860,232.46660555264535,-0.3947779634005122,0.7459546576171769,0.9250696088157788,0.3337448559670782,-0.00019546537797969585,-0.2660090493344202,0.8607969576114566,0.9441609983218687,-0.768558351146878,-0.0676058006148037,2314.4164885311775
M15,5,4.0,D1,80,both,1.0,3854,184.39527115535762,-0.365679547120122,0.734108894805326,0.9232578472967478,0.3435391800726518,-0.00021669155548102855,-0.29092053963666026,0.8499326593367258,0.9355775925162421,-0.7360496238865522,-0.06174121919869868,2639.503761134443
M15,5,4.0,D1,80,long,0.0,2799,134.147060753182,0.15495680227338224,0.26889209394918856,1.0390815728763916,0.3515541264737406,9.682634630945588e-05,0.21993596775782379,0.3366880108486813,1.0581014197032272,0.429353589659105,0.017267911350130616,14293.53589659084
M15,5,4.0,D1,80,long,1.0,2198,105.4399133175729,0.13789587681309196,0.2968202806064777,1.0384865881424,0.3653321201091902,0.00010259402698240988,0.18260048677258228,0.360858916114844,1.0520903626097202,0.31214390275773307,0.01311715770716626,13121.439027577293
M15,5,4.0,D1,80,short,0.0,2263,108.34457333857648,-0.7550860895217123,0.7508720185284543,0.7936712298432055,0.3075563411400795,-0.0005663781380661457,-0.5733424136879551,0.7985906953026698,0.8246208862767195,-0.7851942555196331,-0.07098937879992051,2148.057444803672
M15,5,4.0,D1,80,short,1.0,1789,85.67356103317162,-0.6737739035271012,0.7315700731693356,0.7957879450922539,0.31525992174399103,-0.0006128801006586157,-0.5669268112847164,0.7790524580454624,0.8153251100900166,-0.7425713525225189,-0.0629194992473695,2574.2864747748213
M15,5,4.0,D1,120,both,0.0,4846,235.2786787185963,-0.417399760260312,0.7775511414842141,0.9236071617209436,0.3293437886917045,-0.00019862150944849875,-0.2097053738442215,0.8887719896488473,0.9579604732542125,-0.734717539202616,-0.06239393091967205,2652.8246079738683
M15,5,4.0,D1,120,both,1.0,3878,191.38488042156465,-0.3906895774888117,0.7468798437174032,0.9219072767227866,0.33857658586900463,-0.00021856572746999144,-0.2387446382560577,0.8423851273026508,0.949839895300363,-0.6767350189400035,-0.054207176918605326,3232.6498105999217
M15,5,4.0,D1,120,long,0.0,2733,132.69018343745844,0.15302145829335664,0.4102685540580874,1.0384830988613694,0.3556531284302964,9.57445825537711e-05,0.24683662234979048,0.4942356497744109,1.066780731330665,0.5457908202369273,0.02137089395303371,15457.908202369223
M15,5,4.0,D1,120,long,1.0,2184,107.78354276449129,0.15591719773176851,0.3584746774897928,1.043147066543219,0.3663003663003663,0.00011426253339799596,0.2719106484396461,0.4037880125149147,1.0792955731867517,0.5887814270104366,0.023111120910473737,15887.81427010422
M15,5,4.0,D1,120,short,0.0,2277,112.52526721688541,-0.6610049844988962,0.7150861970803901,0.8202345641204528,0.2977602108036891,-0.0004866953344326308,-0.47780211876803863,0.7315791665530389,0.857580381748249,-0.7051053122069332,-0.05856164204751524,2948.9468779306835
M15,5,4.0,D1,120,short,1.0,1803,91.00963930348259,-0.560736499617023,0.6656792891264511,0.8318770997194156,0.30782029950083195,-0.0004952611691153016,-0.4155344920724569,0.6847570185867691,0.8670301476045876,-0.6158677289895664,-0.04714695252161105,3841.322710104328
M15,5,3.0,none,0,both,0.0,8211,429.8506163107353,-0.7461292792089571,0.8714713029174773,0.8941805137098375,0.30763609791742785,-0.00022034837311805995,-0.13983196027522718,1.0029781104962572,0.8193454387147241,-0.9997857631390071,-0.3574303909203631,-1202.6851283085239
M15,5,3.0,none,0,both,1.0,6393,335.0133787661406,-0.7838166443569651,0.8661772937541502,0.8772275915054812,0.3155013295792273,-0.00028316026878526105,0.21481926312918026,1.0016118865679198,8.184309367324744,-0.999999999548533,-0.6762029391975789,-967.8038105455269
M15,5,3.0,none,0,long,0.0,7961,369.47334815756034,-0.21670611292455996,0.7267986760744909,0.9660331711236642,0.32809948498932295,-6.589740049660787e-05,0.25410562888059807,1.0014325368784978,1.4442742648743188,-0.9999999974709459,-0.6009680402688147,2131.1247777628755
M15,5,3.0,none,0,long,1.0,5933,275.9490958869222,-0.3591323786559865,0.7078701404414173,0.9371101176321442,0.3333895162649587,-0.00013523329759842855,-0.17852038064136946,1.0004276933801282,0.795362117179441,-0.9999996810966122,-0.501288456969913,482.9783712820605
M15,5,3.0,none,0,short,0.0,7126,373.21071121307716,-0.9447432538253497,0.8972181954888166,0.8550475448602236,0.2969407802413696,-0.0002993511749307208,-0.014889479627662528,1.0235957793661306,0.9851513545038268,-1.000000004877229,,-324.0645409245184
M15,5,3.0,none,0,short,1.0,5359,271.81985140952645,-0.8337135897605896,0.8688356063269858,0.8528498071764112,0.30845306960253777,-0.0003358180750450183,-0.5554355426087543,1.0003048406422188,0.24854282802767064,-0.9999809732427933,-0.4238184273725183,-262.353152436309
M15,5,3.0,H4,20,both,0.0,6380,296.39977105062326,-0.2564496026195502,0.6521995099292601,0.954406818134393,0.31880877742946706,-9.353137981966686e-05,-0.22571027590973458,0.9139095682316593,0.9542505103742508,-0.8630844111595353,-0.08823768938811183,1369.1558884047085
M15,5,3.0,H4,20,both,1.0,4876,226.7870877371705,-0.3632750851562923,0.6373077765590865,0.9285276872061167,0.32670221493027074,-0.00016190225581635053,-0.29796399280615876,0.8973664164871874,0.9378582304583777,-0.8735946591851305,-0.09171464320601652,1264.053408148712
M15,5,3.0,H4,20,long,0.0,3722,173.11352349420605,-0.11976981202100867,0.47275243382169396,0.9729169687829572,0.3277807630306287,-5.403385113483815e-05,-0.01069351496807846,0.6590008686442372,0.9973157983723582,-0.21455501201434846,-0.011169755134311177,7854.449879856487
M15,5,3.0,H4,20,long,1.0,2756,128.29836859546268,-0.2147027543731711,0.4429313159168581,0.9458299942026709,0.3341799709724238,-0.00012051732489855322,-0.03354074848191069,0.6066237991013184,0.9909376274097881,-0.24634896647925064,-0.013079921368093328,7536.510335207441
M15,5,3.0,H4,20,short,0.0,3323,154.37875222589673,-0.2782014176401071,0.47809631970899513,0.9294781081670815,0.308155281372254,-0.00014547308356938196,-0.4797793134867681,0.7727746377018543,0.8836556394110705,-0.740002655129403,-0.06066428799835366,2599.973448705991
M15,5,3.0,H4,20,short,1.0,2534,118.15951742627345,-0.2708881493820931,0.4862384924365486,0.9229394442582157,0.32044198895027626,-0.0001749281493976201,-0.49082005355712555,0.7640159331278756,0.8698939703059173,-0.723184031365382,-0.05813302029028733,2768.159686346182
M15,5,3.0,H4,32,both,0.0,6682,310.66706975560083,-0.32595572930667394,0.7216593209334687,0.9415960010090318,0.31981442681831784,-0.00012016439382332193,-0.2630128360967595,1.048505652456296,0.9255029685647818,-1.0624820744776247,,-487.36596690744705
M15,5,3.0,H4,32,both,1.0,5062,235.4081359816654,-0.4185227263620054,0.7051124619058968,0.9159528730432428,0.3261556696957724,-0.0001915282778200568,-0.34247896055492255,1.0340505925789247,0.8971816960780769,-1.0386385394477962,,-248.93061660914537
M15,5,3.0,H4,32,long,0.0,3714,172.85149082568807,-0.1307971714568672,0.5606932269176211,0.97047458067456,0.3295638126009693,-5.838476784799565e-05,0.002256293070699661,0.7332802872621678,1.0005624746117032,-0.18806439415526321,-0.009649129578003235,8119.356058447318
M15,5,3.0,H4,32,long,1.0,2739,127.53948878123406,-0.3158813836739538,0.5648685461635835,0.9206280463791304,0.3329682365826944,-0.00017533260863241074,-0.14219375446400428,0.7927046698660862,0.9617564945002138,-0.49275603104543975,-0.031111848867995673,5072.439689545668
M15,5,3.0,H4,32,short,0.0,3428,159.41902215431628,-0.27827242261389973,0.5432218426712762,0.926652236801972,0.3106767794632439,-0.00015442758041554457,-0.30376253287823984,0.922540057501722,0.8800973637024825,-0.8848814311243043,-0.09564572006575489,1151.1856887569493
M15,5,3.0,H4,32,short,1.0,2617,121.7034950343774,-0.22237458606523394,0.5191931013121402,0.933406975736722,0.32136033626289645,-0.00015447936797870391,-0.2905182975019227,0.9045758854947199,0.8711527730049324,-0.860645841910616,-0.08757468353845277,1393.5415808938362
M15,5,3.0,H4,50,both,0.0,6971,324.516664542442,-0.28153724652469503,0.7437884787273681,0.9518002552137693,0.31401520585281884,-9.847434486494202e-05,0.23155887704206238,1.0013549173906977,1.3424153051518302,-0.9999948313051231,-0.43259222740615766,774.3821349588594
M15,5,3.0,H4,50,both,1.0,5264,245.709392971246,-0.3726086669851633,0.742134473680863,0.9287364118246904,0.319338905775076,-0.00016113617776678638,0.024087504440252025,1.0001000964100466,1.0395519664459907,-1.0000000000083287,,478.75006117984736
M15,5,3.0,H4,50,long,0.0,3853,179.43494198648474,-0.02591800683955288,0.49198070392125026,0.9940307888891764,0.32831559823514145,-1.164314487967258e-05,0.045496978554939387,0.7135780015840072,1.0118601476323248,-0.07616563415511324,-0.003682608501669571,9238.343658448926
M15,5,3.0,H4,50,long,1.0,2825,131.91399258501662,-0.14416280070974982,0.4724642422459314,0.9626172676716186,0.33309734513274336,-8.161761446704059e-05,-0.02103349221762361,0.7354265540816856,0.9940865726192742,-0.25167776133526054,-0.01344672624591059,7483.2223866474
M15,5,3.0,H4,50,short,0.0,3488,162.47825532457594,-0.27745329884950276,0.5422186131146636,0.9320842073208455,0.30045871559633025,-0.00014313395125529755,-0.45741623864090525,0.7838869484808036,0.8910223770122345,-0.7210641356515475,-0.05774067102877989,2789.358643484519
M15,5,3.0,H4,50,short,1.0,2675,125.06960445468509,-0.26881316946487077,0.5370777089832662,0.926223756477979,0.30878504672897195,-0.00017034128733901696,-0.4541091097650483,0.7624565515285772,0.8827384195846146,-0.6991706180925912,-0.05461465150074574,3008.293819074087
M15,5,3.0,H4,80,both,0.0,7170,334.37723442288046,-0.3013320316181268,0.7732642087979864,0.9479235992838287,0.3174337517433752,-0.00010700108177541743,-0.12871999898858089,1.0004184656419361,0.7163399962453437,-1.0000000043965465,,-811.3762403301298
M15,5,3.0,H4,80,both,1.0,5356,250.00370607028754,-0.5340608376155094,0.7951192275036549,0.8974737761345287,0.3162808065720687,-0.00023716203743474342,0.21558851723394618,1.553901540345066,36.326416638933104,-1.0000000000404548,,-313.62109059085924
M15,5,3.0,H4,80,long,0.0,3944,184.16594221426746,-0.22844612967132044,0.5997028739843626,0.9498475887925084,0.32226166328600403,-9.957453962577394e-05,-0.03626859130075268,0.8875599447531273,0.9901003791983171,-0.4214600209817557,-0.025230111430748492,5785.399790182486
M15,5,3.0,H4,80,long,1.0,2866,133.8284965481974,-0.49944475822647605,0.6433474823592944,0.8789983382296307,0.3182135380321005,-0.00027292394096743657,-0.28161950656578244,0.9156955415498982,0.9238124985119462,-0.7641835666606037,-0.06523550377257092,2358.16433339397
M15,5,3.0,H4,80,short,0.0,3474,162.01206588355464,-0.21750212109379896,0.619595127895745,0.943314012578749,0.3126079447322971,-0.00012052298925424526,-0.38994890052642245,0.9517785735779934,0.8375187018420549,-0.9348760451188634,-0.11960393695116367,651.2395488113667
M15,5,3.0,H4,80,short,1.0,2659,124.32152457757296,-0.3154337770230749,0.6324796731953806,0.9088265230202356,0.3140278300112824,-0.00021642824634696435,-0.4264246296519289,0.9551467241980753,0.8146906279685063,-0.942590274047,-0.12506382062730415,574.097259530001
M15,5,3.0,H4,120,both,0.0,7289,340.7535197747344,-0.29328137347932864,0.7186739366881023,0.9513710418012673,0.3158183564274935,-9.940763562165803e-05,0.032673313881767085,0.9736253490519647,1.0073744785076784,-0.7314196877471653,-0.059606141949079205,2685.8031225284735
M15,5,3.0,H4,120,both,1.0,5451,254.926728553137,-0.4937513519131417,0.7502016793704344,0.9090640115486454,0.3182902219776188,-0.00020722456935597062,-0.09594545475428157,0.9919430494208906,0.9770733849774776,-0.9576838590174002,-0.1374865897077182,423.16140982600524
M15,5,3.0,H4,120,long,0.0,3976,185.94545454545454,-0.09543720199939154,0.5042934128716803,0.9787892315031677,0.32947686116700203,-4.13780800881186e-05,0.04481311330611884,0.678379679492674,1.0110738748379913,-0.09419762636275619,-0.004616161538622321,9058.023736372435
M15,5,3.0,H4,120,long,1.0,2910,136.14416549250674,-0.3515456814980914,0.5252340780396487,0.9137842306162514,0.3326460481099656,-0.00018866344186372494,-0.05574319843129995,0.7157213436198453,0.9847847665816879,-0.3740907591590449,-0.02168255665258878,6259.092408409624
M15,5,3.0,H4,120,short,0.0,3516,164.70681031165833,-0.34491759620455364,0.5371015084471942,0.9176884263132076,0.2989192263936291,-0.00017666580285915676,-0.3958135300299689,0.7347076572897536,0.904611230828176,-0.7052021010207489,-0.05561321472160086,2947.978989792518
M15,5,3.0,H4,120,short,1.0,2687,125.88850051308364,-0.3684033134671498,0.568795778961857,0.9017281271836761,0.3033122441384444,-0.00023284175334531407,-0.47060606564254964,0.7813885184782168,0.8774727809226371,-0.7450603375312932,-0.062025505667615666,2549.396624687075
M15,5,3.0,D1,20,both,0.0,7440,347.8126199923205,-0.397606483246519,0.7781907067770971,0.9358322753059205,0.3147849462365591,-0.00013042565603061927,-0.011953602269923338,1.0006481379339995,0.9908344859814294,-0.9999697794695855,-0.385235748150731,572.1725339582595
M15,5,3.0,D1,20,both,1.0,5600,261.89500640204864,-0.5850187214974601,0.805832068087643,0.8954841417196934,0.31857142857142856,-0.00023510030089885956,-0.37964350669989,1.001188653301399,0.400911764702885,-1.0000030725315805,,-56.30174045951002
M15,5,3.0,D1,20,long,0.0,4232,197.86712749615972,-0.03869964199901037,0.49499130275264125,0.9917431983152454,0.33034026465028354,-1.5740387574007046e-05,0.048589116563824745,0.7488619361748945,1.0120039967977488,-0.07864672563913744,-0.003822458478633828,9213.532743608605
M15,5,3.0,D1,20,long,1.0,3124,146.1187091817134,-0.31734408266586484,0.5324977414678334,0.9259703242140093,0.3345070422535211,-0.00015656561894216724,-0.08635329262582751,0.8290840926719265,0.9769526727007267,-0.45396457004148516,-0.027904256322151433,5460.3542995851985
M15,5,3.0,D1,20,short,0.0,3697,173.18574451712195,-0.6059423767672031,0.6841400339297555,0.8622062126660012,0.2899648363538004,-0.00029215492985153977,-0.645003344945031,0.8803480225391741,0.852671787739723,-0.8779653485730079,-0.09383693106717916,1220.3465142699276
M15,5,3.0,D1,20,short,1.0,2784,130.4330425859415,-0.5702926440819279,0.6695393295598275,0.8536131972785145,0.29561781609195403,-0.0003443060440802395,-0.7260436049158003,0.8898213587001814,0.822200697219216,-0.8835717684458908,-0.09584280027573577,1164.2823155410958
M15,5,3.0,D1,32,both,0.0,7526,353.4162381074826,-0.4158797554224039,0.8081439893666313,0.9327163809568245,0.31264948179643903,-0.00013691716231436002,-0.2593447211594625,1.0469407283182126,0.30529290110892965,-1.0011281387397608,,-649.3778627168268
M15,5,3.0,D1,32,both,1.0,5695,267.5024112654321,-0.6592619911659646,0.835704418930266,0.8827541599283856,0.31624231782265144,-0.00026459047198593546,0.048382992492580386,1.2561129562288738,1.0659210930869991,-1.000012914951477,,-804.5548835407664
M15,5,3.0,D1,32,long,0.0,4335,203.8309410401648,-0.11310976389439455,0.4990403529161377,0.9756990516103309,0.32087658592848906,-4.7303926982620375e-05,-0.08241851245926633,0.6610868508659449,0.9806279883222725,-0.38707532037315273,-0.022753959517994526,6129.246796268447
M15,5,3.0,D1,32,long,1.0,3266,153.86385915129628,-0.4066194175374394,0.5378672067965852,0.9052112236892991,0.32333129210042866,-0.00020406660420515743,-0.22706605399698399,0.8127838413137777,0.9419010745028893,-0.6880655232406614,-0.053403437320608815,3119.3447675933708
M15,5,3.0,D1,32,short,0.0,3559,167.12840704551297,-0.5453129143445139,0.6975804393667495,0.8729488935667405,0.29896038212981174,-0.00026591883388351386,-0.7838392475918463,0.9025467821661051,0.8229950083027369,-0.8910730617923234,-0.09887616382638909,1089.2693820767706
M15,5,3.0,D1,32,short,1.0,2669,125.36680169753087,-0.6185051420358975,0.7070273281501326,0.8393399363566673,0.30198576245784936,-0.0003770835356828917,-0.8185504922842471,0.9044457084257773,0.7987952370412637,-0.8936085064079047,-0.0998965925434383,1063.9149359209619
M15,5,3.0,D1,50,both,0.0,7530,355.8918866459627,-0.49300843047047194,0.8184680517091232,0.921724729525151,0.3079681274900398,-0.00015991227701951958,-0.49346904153546356,1.0145985070477446,0.2609096837442221,-1.000004623537463,,-499.8706394486101
M15,5,3.0,D1,50,both,1.0,5706,269.7536241263267,-0.6382941767514234,0.813666627624366,0.8878596737615454,0.31230283911671924,-0.0002539151498217976,-0.36381173751722684,1.0120079331024794,0.527860994438553,-0.9999999986657133,-0.6194232039495273,-502.9224450817266
M15,5,3.0,D1,50,long,0.0,4315,203.94070263975155,-0.038445435944004396,0.47462407120912076,0.9917146205937019,0.32074159907300115,-1.6171259703512237e-05,0.004508210938503602,0.6490226135050949,1.0010668938905032,-0.1951960177534019,-0.010211022199859143,8048.039822465924
M15,5,3.0,D1,50,long,1.0,3225,152.46327336267152,-0.2401971539703487,0.4278434430725703,0.9429059059198984,0.32372093023255816,-0.0001234381276116478,-0.07418300865056136,0.6612009453186842,0.981067627966397,-0.394485632161786,-0.02343795946182614,6055.143678382099
M15,5,3.0,D1,50,short,0.0,3493,166.25205238467552,-0.7239578260370235,0.7321272813286812,0.8370748314492736,0.290008588605783,-0.00034423607236197713,-0.8797671513765823,0.9360744702951392,0.8010152027116052,-0.9323610680627266,-0.12032489027692717,676.3893193727356
M15,5,3.0,D1,50,short,1.0,2663,127.16181853837104,-0.6808038474487633,0.7197924264080204,0.8286615267418679,0.2977844536237326,-0.00040213968103287385,-0.8588127280373377,0.9181954501462541,0.7889636944491515,-0.907498307996607,-0.10745060147965801,925.0169200339312
M15,5,3.0,D1,80,both,0.0,7522,359.7028672427337,-0.5563525444872368,0.8070425838586397,0.9122112115105236,0.3153416644509439,-0.0001770681149537867,-0.1409818907796191,1.000424336886585,0.6335281147819614,-0.9999898500708417,-0.42295655492976414,-675.2191738855109
M15,5,3.0,D1,80,both,1.0,5757,275.8420897284534,-0.6436245961235548,0.7993960446041543,0.8875848087163192,0.319610908459267,-0.0002504246683812064,-0.277538925521352,1.07715479629449,0.4431428455721112,-1.0000054981831332,,-361.93193763825315
M15,5,3.0,D1,80,long,0.0,4255,203.92845427109305,0.006818037093565503,0.3949578997757025,1.0014550358080692,0.327614571092832,2.8189776665878935e-06,0.07203576225413853,0.48916228613010015,1.0166251028371724,0.022087015709627122,0.0010475870286916766,10220.870157096213
M15,5,3.0,D1,80,long,1.0,3231,154.99379432624113,-0.1672520470532689,0.39322365958388317,0.9607936770215783,0.3283813060971835,-8.398567517685197e-05,0.0010416386789707261,0.5712693369734516,1.0002637798204492,-0.1892750198092561,-0.01001506095903204,8107.2498019074055
M15,5,3.0,D1,80,short,0.0,3486,166.70090337784762,-0.8269585007528413,0.7629990787362684,0.8117400650378218,0.29948364888123924,-0.00039215526525388634,-0.8633451422302612,0.9466184459844429,0.8024447039748158,-0.9464392365007412,-0.13061265897297614,535.6076349925838
M15,5,3.0,D1,80,short,1.0,2660,127.45179063360882,-0.7715072843472998,0.7301447493845662,0.8033186072012601,0.30714285714285716,-0.0004551108300535614,-0.9091483187069395,0.9337362915404042,0.7783163854510333,-0.9317640841938846,-0.12070893774768587,682.3591580611445
M15,5,3.0,D1,120,both,0.0,7466,362.4825867340157,-0.4562588083169576,0.8084978910438836,0.9277827172828255,0.3126171979641039,-0.00014604250569619142,-0.1710653339345115,1.0000113651105909,0.9461360375847606,-1.0000137732159964,,-132.1606193910133
M15,5,3.0,D1,120,both,1.0,5784,283.72360999194194,-0.5745131018924992,0.8035608833693891,0.9005209740575899,0.3200207468879668,-0.00022132984977372505,-0.40425655412473943,1.000867488705589,0.6992607955308424,-0.999068577980274,-0.2898877757129843,284.70121770506097
M15,5,3.0,D1,120,long,0.0,4137,200.85594177854577,0.023790275881587955,0.47957762058033115,1.0050928428119092,0.3306744017403916,1.0080309584990827e-05,0.11107030646354966,0.6398117047252299,1.0266734431067066,0.12263910527374033,0.0056323041173429456,11226.391052737237
M15,5,3.0,D1,120,long,1.0,3197,156.8230257856567,-0.1884541583679693,0.4615519984624087,0.9564033275834958,0.3331248045042227,-9.48171766915964e-05,0.014046588671536638,0.6704837668965719,1.0036309804928767,-0.2012373886985227,-0.010961314642372932,7987.626113014782
M15,5,3.0,D1,120,short,0.0,3501,173.01315789473685,-0.7354508653348225,0.7338836455510263,0.8332396673593531,0.28963153384747214,-0.000343154025278232,-0.6978264809812029,0.9210500338073981,0.8424189771308028,-0.9090725620970819,-0.11173905567222608,909.2743790291801
M15,5,3.0,D1,120,short,1.0,2694,136.09730290456432,-0.6780111083261298,0.6980747045396962,0.8300740742596142,0.30252412769116555,-0.0003866269422646822,-0.7081703602094158,0.8908020224890066,0.8279759646981121,-0.8740756757708456,-0.09938591795928386,1259.2432422915413
M15,5,2.5,none,0,both,0.0,10273,569.2071070995146,-0.8160849162015158,0.8739339859905932,0.8972281692360339,0.3098413316460625,-0.00018642597083804954,0.08363040441032138,1.0464505998555196,1.101550646344123,-1.0000057836668572,,-1126.5652036834827
M15,5,2.5,none,0,both,1.0,5535,420.3032744282744,-1.2800626661257237,0.9046862867873574,0.8261672309652142,0.3076784101174345,-0.0003894196414692756,-0.1399552627286805,1.000399358326371,0.8524924121098335,-1.0000000069597976,,-686.7740033842107
M15,5,2.5,none,0,long,0.0,10424,483.78221092757303,-0.4722091948574706,0.8449905464998092,0.9353437059491638,0.32290867229470455,-0.00010980321691389167,-0.34167531518721866,1.0006131791997965,0.5586116436681182,-1.00000000006793,,-830.409821359209
M15,5,2.5,none,0,long,1.0,7695,357.90127976569465,-0.6124703333766522,0.8439896742625265,0.9062007538842779,0.3299545159194282,-0.00017780176434971875,-0.45024064813034353,1.0010291407370835,0.46785482945139284,-1.00007245041622,,-340.4164397735573
M15,5,2.5,none,0,short,0.0,6019,498.85176991150445,-1.4006375445672412,0.89858166826615,0.8151285096258796,0.2819405216813424,-0.000362529785182077,-0.48422695162058166,1.0001026370228394,0.5338931740965743,-0.9999997245210848,-0.7140318019284331,-257.0770306611797
M15,5,2.5,none,0,short,1.0,4801,319.52719569970844,-1.1767542034267726,0.885180762797154,0.8110257966756439,0.2984794834409498,-0.00040363085973270233,-0.3046823734381017,1.0003193059039603,0.18898275440749257,-1.0000000023173266,,-192.7188981324317
M15,5,2.5,H4,20,both,0.0,8857,411.5277000381631,-0.6502885589787029,0.8294753698894084,0.9039301802293239,0.30969854352489556,-0.00017068407955815262,-0.021344920932912795,1.001711745096291,0.9813393856386056,-0.9999999999991429,-0.7250036867175449,-951.3252995000026
M15,5,2.5,H4,20,both,1.0,6647,309.1185064935065,-0.7514913975784775,0.8410444907875683,0.876437168054122,0.31608244320746204,-0.00024397302212408824,0.17537105498040495,1.6388862895290417,1.8258122816425755,-1.000000003610906,,-638.168056448793
M15,5,2.5,H4,20,long,0.0,5164,240.1822233541322,-0.3484734706009589,0.6263316350603981,0.9339057337803981,0.3220371804802479,-0.0001138233513941082,0.0009151254196325625,0.9816602805923658,1.000268033514047,-0.8860040775462754,-0.09606940701055044,1139.9592245372774
M15,5,2.5,H4,20,long,1.0,3799,176.85250446087178,-0.4894916942756775,0.6391748620889157,0.8969122716665123,0.32640168465385627,-0.00019875262934564294,-0.21093992118992494,0.9672552652355527,0.9446920550474864,-0.9068989115445419,-0.10463031403115475,931.0108845545872
M15,5,2.5,H4,20,short,0.0,4582,212.89600559725227,-0.5293419105804178,0.657766702348316,0.8877765625913927,0.30052378873854213,-0.0002025559145175745,-0.644716093227244,0.9456200530888628,0.8576318262020429,-0.9356522689481312,-0.11968070793451324,643.4773105186927
M15,5,2.5,H4,20,short,1.0,3416,158.86096256684493,-0.5101059232953219,0.661643748568369,0.8775973842325588,0.3100117096018735,-0.0002446032256086142,-0.7147590814810649,0.94222188458591,0.8315210636222408,-0.9285696759940382,-0.1154958994235914,714.3032400596109
M15,5,2.5,H4,32,both,0.0,9090,426.8606968372332,-0.693541009690793,0.8415543024198245,0.8953189806691235,0.31034103410341035,-0.00018657598370322998,0.02825562078357549,1.0397318442113208,1.0097280655098413,-0.9981913529510291,-0.2566265322328305,-1131.7185151829306
M15,5,2.5,H4,32,both,1.0,6776,318.23762376237624,-0.7252564324651715,0.8363145622875565,0.8762391586641562,0.31567296340023615,-0.0002455284249164799,0.15553424455950676,1.0003329353379293,1.0773434778534894,-1.0003522115197239,,-934.6091111175181
M15,5,2.5,H4,32,long,0.0,5172,240.6155903706534,-0.3450458744907131,0.6454783646187221,0.9335178577086988,0.32211910286156226,-0.00011353278880016227,-0.07185449584109002,0.979132594701569,0.9815248116045038,-0.8538595082941738,-0.08558605293857169,1461.4049170582875
M15,5,2.5,H4,32,long,1.0,3761,175.06120173314642,-0.4648344830656525,0.654479911366831,0.8992826214554137,0.32650890720553044,-0.00019297233071693585,-0.1993995876310337,0.9764879322602057,0.9478700406206007,-0.8795281067617863,-0.09381161146505146,1204.7189323821592
M15,5,2.5,H4,32,short,0.0,4675,217.38303628262253,-0.5673811788742825,0.7035683287515404,0.8744974616760742,0.30032085561497324,-0.00023059433948776186,-0.438970098287187,1.0350376093336822,0.7134334720887958,-0.9997127786724139,-0.3155992802741826,-140.77823325649317
M15,5,2.5,H4,32,short,1.0,3512,163.30464672183322,-0.49837905713190234,0.6897998323715455,0.8743266889771383,0.30894077448747154,-0.0002562722341227201,0.03558288655600141,0.9958926634645856,1.049651476958704,-0.9867023687090978,-0.18199248078401276,132.97631290902243
M15,5,2.5,H4,50,both,0.0,8437,442.63347457627117,-0.7698222809676171,0.8617656486457542,0.8887433172680228,0.30378096479791394,-0.00020054439140753413,-0.21147300677902933,1.007897940646077,0.6619841293549453,-0.999999999091202,-0.6645323050447269,-1103.345259398084
M15,5,2.5,H4,50,both,1.0,6026,317.92524916943523,-0.8363405194144002,0.8618683005183139,0.8621593942679316,0.30750082973780285,-0.00028193653688250475,-0.4834819967479187,1.0002908342536345,0.6631355571153074,-1.0003361056468367,,-773.8037049846149
M15,5,2.5,H4,50,long,0.0,5261,245.06826297666115,-0.3481724126307585,0.6766977760848143,0.9330963745998815,0.3208515491351454,-0.00011398760074477739,0.22018726999896848,0.9978600543129685,1.1065350691457247,-0.8909791919739258,-0.0980858580830134,1090.2080802607666
M15,5,2.5,H4,50,long,1.0,3821,178.46806265984654,-0.4303148220776165,0.6706940791654625,0.9065386849336484,0.3239989531536247,-0.00017899049503631952,-0.07748640613946366,0.9846864590600151,0.9765827201465864,-0.8799785271925171,-0.09427824480439795,1200.214728074852
M15,5,2.5,H4,50,short,0.0,4698,218.8704719387755,-0.6135412202567848,0.7295621297291246,0.8721064734143986,0.29246487867177523,-0.00023622719968675556,-0.7962380378990079,0.9832953731899188,0.8191338178958731,-0.9803696438760765,-0.16733382945254038,196.30356123923139
M15,5,2.5,H4,50,short,1.0,3554,166.16724270353302,-0.5863855368083879,0.7254794233400288,0.8624448029875091,0.3016319639842431,-0.0002804501105579998,-0.7750042687644012,0.9625587117597508,0.8185691020203717,-0.9545752927282597,-0.1345904086329336,454.24707271739544
M15,5,2.5,H4,80,both,0.0,9648,449.8828035235542,-0.4819311414333843,0.8428722000491125,0.9275478621720286,0.3117744610281924,-0.00012859565741299092,-0.6883527959801352,1.0028328363365384,0.5361688092762508,-0.9999999999997449,-0.7413077638523307,-1011.625590595893
M15,5,2.5,H4,80,both,1.0,5652,314.5022851919561,-0.8765420529997192,0.8626864931603706,0.8554765901655488,0.3039631988676575,-0.0003010805955546811,-0.44297481719436393,1.0003264542009518,0.657617698658033,-1.0003660406639758,,-708.6561440817657
M15,5,2.5,H4,80,long,0.0,5345,249.64977621483374,-0.3309114013252434,0.6515474111676747,0.9368178901309304,0.3169317118802619,-0.00010774772911344239,0.031294962728806254,0.9736118925908848,1.0091097165333809,-0.7172319269654298,-0.05729052957524927,2827.6807303457563
M15,5,2.5,H4,80,long,1.0,3867,180.61659207161125,-0.6421255594749122,0.7394962522557769,0.8651188474513339,0.3136798551848978,-0.0002614266222827182,0.0779576945214018,1.0001337663907237,1.0688933386639412,-0.9999997742119435,-0.5107056058153544,737.2911153903619
M15,5,2.5,H4,80,short,0.0,4649,218.707785935085,-0.3938845775419076,0.7273316947709313,0.9115708923300646,0.303506130350613,-0.0001634329512323615,-0.47090800472870054,1.0150303364354236,0.812140665028821,-1.0201693620476715,,-319.6329503933819
M15,5,2.5,H4,80,short,1.0,3528,164.9516129032258,-0.5428711237391859,0.744825916705528,0.8652037075912857,0.3052721088435374,-0.00028009992867213704,-0.23360497633089058,1.0215878383599897,0.32663836131088436,-0.9954734463592723,-0.22304577000401027,-145.13779354043575
M15,5,2.5,H4,120,both,0.0,9722,454.4938563931908,-0.5833869321448071,0.8418325921568519,0.9159553532857331,0.30981279572104503,-0.0001483968473410276,-0.08889269171477142,1.000220832507348,0.7734455831456046,-0.9999999795174263,-0.5629160559643067,-806.7862401791155
M15,5,2.5,H4,120,both,1.0,7193,337.0421103271328,-0.7668896323225383,0.8549791484551373,0.8767573890103251,0.3125260670095927,-0.00024294947832603314,-0.2909285131241915,1.0003036730592068,0.7593438286672124,-0.9999536411681522,-0.3734898015142091,-765.6368257283782
M15,5,2.5,H4,120,long,0.0,5306,248.2090804303279,-0.15538578199095673,0.5938215042869701,0.96938083919919,0.3262344515642669,-5.13033933788037e-05,0.044897160649897475,0.879791422869683,1.0107445767986363,-0.2924748635736847,-0.016054410343110614,7075.251364263635
M15,5,2.5,H4,120,long,1.0,3860,181.89459424590373,-0.4006884935453062,0.6282519092149521,0.9126277239612097,0.32746113989637304,-0.00016411907841702892,-0.09977191411040943,0.933661505681913,0.9735641563330023,-0.7061459783454247,-0.05607651227293531,2938.5402165457763
M15,5,2.5,H4,120,short,0.0,4740,222.04501731435167,-0.7299764636162756,0.7479809091243869,0.8527232292502848,0.29050632911392404,-0.0002739755509219867,-0.7840959591174484,0.988547793498316,0.8183705328316272,-0.9877188956414402,-0.18625105040714918,122.81104358559759
M15,5,2.5,H4,120,short,1.0,3570,167.25788866085173,-0.711193379658814,0.7467091098233372,0.8384430797177501,0.29635854341736695,-0.0003330677391826859,-0.8438058465868248,0.9808911895511236,0.798639691124239,-0.9780996903427946,-0.1639186822587928,219.00309657204855
M15,5,2.5,D1,20,both,0.0,9885,462.1139447075387,-0.6529679059001138,0.8619645914632543,0.9084118266729845,0.3098634294385432,-0.00016036377880435435,-0.15877475251718695,1.0001568687623816,0.8977167648175662,-1.0000061978213801,,-914.2285874887081
M15,5,2.5,D1,20,both,1.0,5546,322.4059366544644,-1.046216118632539,0.8772480344179635,0.8351084425659621,0.3079697078975838,-0.0003406605744423694,-0.019422551653580363,1.0005100326007557,0.9756429141753423,-0.9999769139872928,-0.462402430035426,-736.5731419438151
M15,5,2.5,D1,20,long,0.0,5512,257.71351766513055,-0.15192946434960133,0.6119163746685318,0.9713808246730287,0.329100145137881,-4.72811454874853e-05,0.055089448814076264,0.9194336080399893,1.0143598884133544,-0.3955394844255433,-0.02326250533921681,6044.605155744853
M15,5,2.5,D1,20,long,1.0,4036,190.09013539651838,-0.47710890680398804,0.6607296057066566,0.9023827792242376,0.3315163528245788,-0.0001805202050515069,-0.05433269547107926,0.9695302306667299,0.9840172274118375,-0.7787006769067661,-0.06857165765830409,2212.993230932363
M15,5,2.5,D1,20,short,0.0,4865,227.90063485956136,-0.8333326032027996,0.784513511708914,0.8347368035353906,0.28776978417266186,-0.00030083881744888814,-0.6087510086332144,0.9865957230630309,0.8432940454941181,-0.9865960561419695,-0.1829091957920047,134.03943858030496
M15,5,2.5,D1,20,short,1.0,3616,169.41303232426887,-0.8288151865650251,0.780553978206979,0.8150051492534526,0.2942477876106195,-0.0003755112856747203,-0.654770543578108,0.9875750609593895,0.8146030745257749,-0.9867716154603857,-0.18343490603582446,132.28384539614072
M15,5,2.5,D1,32,both,0.0,9684,470.857428115016,-0.6935552374773,0.889022621025668,0.9023851935041964,0.30782734407269724,-0.00017121202178475397,0.14219092692414292,1.0004823736508528,1.2266646418505107,-1.0000011802100008,,-1507.0299185039319
M15,5,2.5,D1,32,both,1.0,6411,340.0054813416582,-0.9180035223153256,0.8861640585348197,0.8548211183025748,0.3127437217282795,-0.00029097579165806464,-0.41116243191687574,1.0003820146423577,0.5956440570040297,-0.9993799193810953,-0.32409067133864944,-834.5463580489335
M15,5,2.5,D1,32,long,0.0,5688,267.4487641606591,-0.32772289073357214,0.683229505272799,0.9389343043587706,0.32049929676511957,-0.00010350542441366042,-0.06579347076678102,0.9763865829347148,0.9805902405703273,-0.925575523125991,-0.11498980424180116,744.2447687401185
M15,5,2.5,D1,32,long,1.0,4269,201.06411992263054,-0.6460053362179081,0.6982711501773393,0.8695164412296411,0.32208948231435935,-0.0002465816757209371,-0.5083922669641534,1.0001214981415605,0.5537666063745418,-1.000000000155556,,-241.9072441544829
M15,5,2.5,D1,32,short,0.0,4668,219.20635124710722,-0.7631580528600256,0.7778085491063504,0.8445554553523898,0.29477292202227934,-0.00028053975331999905,-0.5653261796555341,1.000159354793322,0.7586342538734365,-1.0001746773733888,,-47.536750650554794
M15,5,2.5,D1,32,short,1.0,3426,160.9241898148148,-0.8103301710495456,0.7831329766666775,0.8143794539637004,0.3023934617629889,-0.00037562098560409173,-0.9009699170725503,0.9971207376931903,0.7376662116383107,-0.9967748490016084,-0.23621173440989074,32.25150998391609
M15,5,2.5,D1,50,both,0.0,8544,474.84723067559344,-0.8194618317397566,0.8825798671796647,0.887209130842232,0.3012640449438202,-0.00020125808841795143,-0.23224558001457413,1.000529156709925,0.7935210619598447,-1.0000001056944303,,-1170.3623436951502
M15,5,2.5,D1,50,both,1.0,5912,334.9919329816941,-1.0046769560156066,0.8840971004110466,0.8431824059538708,0.3068335588633288,-0.0003196536614078043,-0.3876037982083446,1.000023784661434,0.4864123263534507,-1.000000000118394,,-785.3376647425562
M15,5,2.5,D1,50,long,0.0,5640,266.5644409937888,-0.1401141810617972,0.6196362835925684,0.9733868059057669,0.32358156028368795,-4.481338840187058e-05,0.013405604242869143,0.8984190918208177,1.003264869189432,-0.515429587727285,-0.03366221731151742,4845.704122727358
M15,5,2.5,D1,50,long,1.0,4193,198.22589308827338,-0.4062160092842514,0.6191529311623818,0.9152241624505341,0.32673503458144526,-0.00015905752446553875,-0.08635357991945604,0.9452161360376298,0.9766363559817518,-0.7918980947459869,-0.07152288242886351,2081.019052540148
M15,5,2.5,D1,50,short,0.0,4606,219.19758957654724,-1.02060544261184,0.8265446951359038,0.8010885295673479,0.28679982631350415,-0.00036074368273469236,0.26076781106402974,1.0925091034132712,2.565542782939159,-0.9992376820229634,-0.28940494620390067,-255.28517312940932
M15,5,2.5,D1,50,short,1.0,3451,164.78987449339783,-0.9894404425967539,0.8121766084735433,0.7844396857835068,0.2958562735439003,-0.00043459029274846994,-0.27276344530807267,1.0011239466120225,0.33209054544402067,-1.0012130635009875,,-137.6560425744803
M15,5,2.5,D1,80,both,0.0,9915,474.1363904163394,-0.8185320692628987,0.8942760507332445,0.8879016158161738,0.31104387291981844,-0.00019505856342683466,-0.2422602884593252,1.0009048691917797,0.30561073376289205,-1.000000005684987,,-915.7840931160247
M15,5,2.5,D1,80,both,1.0,5831,339.89351260772423,-1.0773330136857635,0.8799939208258392,0.8338132631468739,0.31212484993997597,-0.0003370870932282665,-0.6346554725985897,1.0001662176720412,0.7059387973491379,-0.9999779157536055,-0.4646929505716997,-770.112004660405
M15,5,2.5,D1,80,long,0.0,5593,268.0544876000525,-0.22633293785109626,0.560126589675237,0.9582711280241906,0.3257643482925085,-7.071848182625042e-05,-0.04744509501343653,0.8474232234605561,0.9896264001894995,-0.5843796480538883,-0.04120587283493804,4156.203519461487
M15,5,2.5,D1,80,long,1.0,4217,202.69236083695225,-0.4495958462121447,0.6194956298425455,0.9094513286603826,0.3308038890206308,-0.00017048151106077258,-0.17616895751090816,0.9391225487780317,0.957038089245495,-0.8386210164196439,-0.08393826790863845,1613.7898358035848
M15,5,2.5,D1,80,short,0.0,4551,217.62932050274944,-1.0300656239900705,0.8210452866634083,0.7957868218843288,0.2931223906833663,-0.0003629400434287067,-0.4970640907716816,1.001263991916191,0.7863903473506201,-1.0012797861353484,,-83.11500952015152
M15,5,2.5,D1,80,short,1.0,3423,163.98881820566632,-0.981144799905616,0.8012418452911794,0.7821025526311784,0.30090563832895123,-0.0004312730502232482,-0.90309627886538,0.9973223074028851,0.7354676467798476,-0.9971783183185616,-0.24515264757967659,28.216816814383343
M15,5,2.5,D1,120,both,0.0,7477,483.01631588256106,-0.8804547709303129,0.870114452466157,0.8795696906430435,0.30199277785207973,-0.00021834351945776214,-0.6068055785225455,1.0004396836651324,0.3619216470281105,-0.9999272081780431,-0.4596323214378222,-1007.2669689181873
M15,5,2.5,D1,120,both,1.0,5337,344.10225066195943,-1.0859117554278293,0.8708963541699083,0.8331033086268382,0.30916245081506466,-0.0003470621984451118,-0.5995449071915329,1.000215936565581,0.6420624474780491,-0.9994531389355772,-0.38386607290006725,-740.6396514544359
M15,5,2.5,D1,120,long,0.0,5462,265.1861624351987,-0.11558744599056954,0.5873524356708171,0.9783715807453865,0.32900036616623946,-3.715756933609705e-05,0.012930217665251396,0.8548715641401214,1.002928760992262,-0.42573285806699845,-0.026570024214683574,5742.6714193303715
M15,5,2.5,D1,120,long,1.0,4193,205.67999597099111,-0.36798449020403096,0.6125568834502693,0.9255828815126259,0.33460529453851656,-0.00014088622270296353,-0.12416967144376788,0.912881689636922,0.9696692307489899,-0.7555479553271984,-0.0667694390814646,2444.5204467280446
M15,5,2.5,D1,120,short,0.0,4564,225.54471654715195,-0.9824653540051159,0.8142661028022556,0.8059536772243707,0.2828659070990359,-0.000343935691215753,-0.3807367922491435,0.99023982123157,0.8878101867195489,-0.985683629944418,-0.18929180835447967,143.1637005558201
M15,5,2.5,D1,120,short,1.0,3437,173.60866408518876,-0.8768931800068099,0.766736565010151,0.8067643022236295,0.2970613907477451,-0.00037985233849578535,-0.7205290345773406,0.9636374233344585,0.830684401022655,-0.9570060891724299,-0.14695669009454104,429.939108275696
M15,5,1.5,none,0,both,0.0,8170,1298.5607049608354,-2.293497821626494,0.8961289372677848,0.8126286498297711,0.28604651162790695,-0.0002664489640658814,-0.4871436901184128,1.000147760395651,0.7094715895822997,-0.9999985858385333,-0.8824384391359738,-690.4015206810412
M15,5,1.5,none,0,both,1.0,5168,737.6365767878077,-1.9850162294035754,0.865134511581994,0.7982865624878097,0.29721362229102166,-0.0003616389597040207,-0.6263394212425267,1.0002943125836499,0.499626989500147,-1.0003106614684059,,-489.9963056090511
M15,5,1.5,none,0,long,0.0,9527,1009.2043938515081,-1.2877220547080466,0.8289801753443149,0.8758111027877088,0.3066022882334418,-0.00016709149638797726,0.32614815935471947,1.0040643541652379,4.317589596046602,-0.999999022431393,-0.7691284379462435,-1502.199758260827
M15,5,1.5,none,0,long,1.0,6432,644.8772989294538,-1.2530227654808324,0.8111783555152212,0.8556344969054835,0.31156716417910446,-0.00023029053311711926,-0.8886930546264133,1.0002590460840444,0.7817343993630106,-1.0002765884673777,,-1057.9284347380296
M15,5,1.5,none,0,short,0.0,6517,1039.901376146789,-2.4695112650248445,0.8809427722644922,0.7750154997874656,0.2751265919901795,-0.00031571512339539996,-0.1574924399325338,1.0003159522480514,0.863874894106433,-1.0000224748438133,,-179.77807530305253
M15,5,1.5,none,0,short,1.0,4440,582.7200862378728,-1.9571139465978362,0.843418702649992,0.7741286856777112,0.2853603603603604,-0.00040272517851683195,-0.5594551336295294,1.0000586574972838,0.492425001259618,-1.000000008700026,,-120.64099539483908
M15,5,1.5,H4,20,both,0.0,9556,935.4942374698472,-1.434299041720691,0.8510283921264562,0.8590476909794511,0.2888237756383424,-0.00018928036123347147,-0.31130550329797463,1.0634763286799087,0.3486049713915668,-0.9999999969119625,-0.853150014206682,-733.1911870348279
M15,5,1.5,H4,20,both,1.0,6176,600.2618414050027,-1.367366392004683,0.8124307458598373,0.8414583863914138,0.297279792746114,-0.00025590041236841165,-0.6928399357987685,1.00855753922001,0.36911828790894946,-1.0087030104953203,,-494.3930486108959
M15,5,1.5,H4,20,long,0.0,6504,521.4192273924494,-1.3099196558225956,0.7770697956777576,0.8343575618700221,0.2958179581795818,-0.00021335189805835007,-0.13942411544272793,1.0002067757567759,0.8337816211259542,-1.000001428935411,,-933.6101813722224
M15,5,1.5,H4,20,long,1.0,5047,328.0100978647687,-1.3004414586071795,0.7848946348501,0.8035080957302926,0.29918763621953637,-0.00028580625015313545,0.15909657702924213,1.0001439889928985,1.322730576088222,-1.0001128393824406,,-699.2580737231162
M15,5,1.5,H4,20,short,0.0,8410,465.3465384032723,-1.0180007837642224,0.7923323261078523,0.8553129136844719,0.28834720570749106,-0.000176006589425032,-0.17427598733808003,1.0029785207968935,0.6390081133983985,-1.0000014492939242,,-183.08009798493987
M15,5,1.5,H4,20,short,1.0,6264,325.2667045777651,-1.0004986560955862,0.7654053036722843,0.8374468614199004,0.29725415070242656,-0.0002236531123780405,-0.5487304107967804,1.0002316408767735,0.607038401081037,-0.9999989089045728,-0.5097609209008489,-142.46185170910385
M15,5,1.5,H4,32,both,0.0,9815,951.6667772763473,-1.414122778110781,0.8592003040810515,0.8582291199546753,0.2922058074375955,-0.0001892060622717777,-0.5384988666084818,1.000324733731461,0.3308078385849601,-1.0000046797181352,,-739.7693957354589
M15,5,1.5,H4,32,both,1.0,6347,607.9836742722266,-1.308921357168603,0.81506253887123,0.8434162601746027,0.3010871277769025,-0.0002516828853555556,0.017394403618347175,1.0002756070174594,1.0133053391270026,-0.9999748992159556,-0.6374793487144778,-500.80566312692554
M15,5,1.5,H4,32,long,0.0,6550,520.9903092334495,-1.448172113289096,0.8079060747471708,0.8132665630978918,0.29083969465648857,-0.00024025360025805204,-0.5104263222132568,1.0007620857282336,0.24943089321148992,-0.9999323452417398,-0.5340494552139524,-848.0299912689362
M15,5,1.5,H4,32,long,1.0,4666,323.5111047835991,-1.3679824885113288,0.7972214777523068,0.7861163155514763,0.2957565366480926,-0.00031652219222143144,-0.8109841704975685,1.0002010397363401,0.5900984512431965,-0.9999999809115374,-0.7083935078049117,-611.9266801614249
M15,5,1.5,H4,32,short,0.0,8630,469.62269070321815,-0.9759742616577467,0.7855992961829227,0.8595048598158221,0.29130938586326766,-0.0001700273095371002,0.16879475960092274,1.0018083895730454,1.1401844888280068,-1.0000000055134832,,-211.61943469441655
M15,5,1.5,H4,32,short,1.0,6518,329.82813798836247,-0.8519406214204411,0.7322813787659643,0.8582470073332621,0.3000920527769254,-0.00019340053630906987,-0.24690023614326112,1.0028203040222037,0.29071799705459556,-0.9998411166372848,-0.35766074598865116,-179.8514239586244
M15,5,1.5,H4,50,both,0.0,9660,962.9680676855895,-1.391382329940366,0.8496544862845876,0.8615096153336622,0.2936853002070393,-0.00018621886642400005,-0.1584758644466788,1.0001752953301948,0.91095025570649,-1.0000028017471998,,-792.2597883574975
M15,5,1.5,H4,50,both,1.0,6062,616.2386585026441,-1.2017740695749364,0.7880216200568226,0.8571257445318754,0.3020455295282085,-0.0002329716105918619,-0.9054305905800841,1.000092015490399,0.7352852510929835,-0.999988337593575,-0.6848557196341825,-559.1993204331435
M15,5,1.5,H4,50,long,0.0,6436,525.0723698905517,-1.224589641342437,0.7681594488773378,0.8382404451166658,0.2969235550031075,-0.00020596482983043142,-0.6109236392429965,1.0042177581897902,0.35597707446089827,-0.9999905103794663,-0.6107526818551711,-973.8658871712637
M15,5,1.5,H4,50,long,1.0,4232,338.68054338299737,-1.2748867515838016,0.7561281864232681,0.8015846268973297,0.29584120982986767,-0.0003028598111947529,-0.8623052154583406,1.0004167279368852,0.606753802416048,-1.000436797179439,,-713.3231307043565
M15,5,1.5,H4,50,short,0.0,8558,467.58556469708304,-0.962238684986512,0.7739830097375128,0.8627277537167625,0.2892030848329049,-0.00016694075536429192,0.20703401042267633,1.0000367124334546,1.6535002256817655,-0.9999999999999892,-0.8274702231580114,-199.47183619332625
M15,5,1.5,H4,50,short,1.0,6354,329.5184580434474,-0.8566300554558172,0.744075175312997,0.8592182359550197,0.29949638023292413,-0.00019298702409062277,-0.37551938926172235,1.000324567620314,0.7404109923994068,-1.0000675866608897,,-171.15211833073872
M15,5,1.5,H4,80,both,0.0,9696,975.0726872246697,-1.2425801472004316,0.8454153864045657,0.8763646001393374,0.29651402640264024,-0.0001661023409120495,-0.3687262416227535,1.000062952499614,0.621166639997084,-0.9999992217340457,-0.7569672567497117,-867.5183959763411
M15,5,1.5,H4,80,both,1.0,5978,623.847,-1.407444874566429,0.8344574161847149,0.8362974987683478,0.29943124790899966,-0.0002697241782344426,-0.34072266012716146,1.0028416357910088,0.0736339716319764,-0.9999871380485849,-0.6912398538610083,-542.9518796125344
M15,5,1.5,H4,80,long,0.0,7903,524.2591264075554,-1.0946743423223182,0.7753153836946572,0.8545244306547393,0.30089839301531063,-0.0001736946496553537,-0.12852651469084553,1.000825582140269,0.8129615382538005,-1.0000001025260796,,-1022.8773634946833
M15,5,1.5,H4,80,long,1.0,4937,327.5044042862332,-1.2232337853684454,0.7780694638833657,0.8064888407577188,0.30403078792789145,-0.00027995182387237404,-0.11112389140601021,1.0010839493882089,0.8068299373619509,-0.9995517526290048,-0.40038476526766364,-701.1498438003796
M15,5,1.5,H4,80,short,0.0,7241,459.88093375065205,-0.9904310096237509,0.7639950218429516,0.8562133148962775,0.28601021958293055,-0.0001796351698887089,-0.6356577553762467,1.0004666601980419,0.4307092519720095,-1.0005214008716896,,-172.79763820018215
M15,5,1.5,H4,80,short,1.0,4830,301.4623205741627,-1.108012665335628,0.7668422801211445,0.8152964625590955,0.2942028985507246,-0.00027669847074968324,-0.20007365519728976,1.0000378218945143,0.8364629162609772,-0.9999793387792895,-0.4899678818057648,-123.99281810133905
M15,5,1.5,H4,120,both,0.0,9828,987.5314993122421,-1.3277144751517604,0.8470318261030649,0.86724600601992,0.29212454212454214,-0.00017956688375498102,-0.4715057808395839,1.0001680333345968,0.5986739344567547,-1.000000003635095,,-850.568099342059
M15,5,1.5,H4,120,both,1.0,6221,629.2495846026032,-1.3115672610862548,0.817570427627982,0.843915279058206,0.2960938755827037,-0.00025579078191201906,-0.4286790677179168,1.0002967343859435,0.39050278569212327,-0.9997695331621426,-0.5713720240897553,-545.6982295372381
M15,5,1.5,H4,120,long,0.0,8125,521.8315895902937,-1.0351023196350952,0.7836605230700302,0.8598602414936524,0.30006153846153844,-0.00016634577771422105,0.2126028942720446,1.002863653701161,1.7575480340176746,-1.000000012926251,,-1103.160822639119
M15,5,1.5,H4,120,long,1.0,5112,328.9566596194503,-1.1880546520735946,0.7806292714481398,0.8100910422194755,0.3004694835680751,-0.00027232469391459034,-0.45221559351456964,1.0015657788293413,0.6206325029869578,-1.0016368632442076,,-713.2901182503482
M15,5,1.5,H4,120,short,0.0,7021,465.91937681686045,-1.2619752879344364,0.805531807787326,0.820407345907613,0.2814413901153682,-0.00022597003330054465,-0.46268333082933577,1.0001574063840075,0.5630973545740098,-0.999872371132625,-0.44844662827853043,-160.53381678523604
M15,5,1.5,H4,120,short,1.0,6064,325.04784267684175,-0.9596777134269069,0.7677070909098946,0.8391889669572496,0.295679419525066,-0.00022805911017164787,-0.17771924174022893,1.0009562298477253,0.4322949061681995,-0.9999999999999544,-0.8072941619834086,-136.27002328421028
M15,5,1.5,D1,20,both,0.0,8200,1003.7030831099196,-1.6634179141314245,0.8479226648978877,0.8427357549163077,0.29292682926829267,-0.00021807365256892844,-1.14511630489025,1.0002063831675299,0.6028886385617246,-0.9998792349039572,-0.6685495585512262,-835.3949570192142
M15,5,1.5,D1,20,both,1.0,5134,615.6249179251478,-1.6470410447171568,0.8251218494563546,0.8132423872709585,0.29645500584339696,-0.00031497801515537006,-0.0940568634781989,1.000067072529793,0.9357096370997665,-1.0000000311224442,,-548.2872458812126
M15,5,1.5,D1,20,long,0.0,8273,527.4416564845523,-0.9916236653320046,0.7690972567377461,0.8713623974530136,0.30339659132116525,-0.00015231495675621464,-0.5642318333349289,1.0001900639703363,0.6920731062868087,-1.0002082190800952,,-1178.5662283261702
M15,5,1.5,D1,20,long,1.0,5298,340.0271481286241,-1.1612666180122462,0.758468330719116,0.8253612067536674,0.30690826727066817,-0.0002443079616361709,-0.7311215542861208,1.0003016252227555,0.48119236668349735,-0.9999998650754915,-0.6376841987497178,-785.5172569249908
M15,5,1.5,D1,20,short,0.0,6987,463.8316521264994,-1.3709196627299882,0.822563282580524,0.8062464229639595,0.2886789752397309,-0.00023931351858380467,-0.6830640558638519,1.0000114223600287,0.6533587416341837,-0.9999992297422071,-0.6072061878346287,-144.73669511571282
M15,5,1.5,D1,20,short,1.0,4698,299.36226448011166,-1.2345544938728472,0.7890518917003435,0.7915852076739462,0.29672200936568754,-0.00031163473444632454,-0.5124793969427356,1.0004385629286285,0.4021650526182794,-0.9993811676111696,-0.37546736403308945,-123.11848831962553
M15,5,1.5,D1,32,both,0.0,9334,1001.2462555066079,-1.3872252376128191,0.8658029090685436,0.8647340551719171,0.2948360831369188,-0.00018407201749002966,-0.09826634184662356,1.0104246442318414,0.8333401517941843,-0.9999999999986401,-0.9466544357391127,-830.3159939686047
M15,5,1.5,D1,32,both,1.0,5694,636.9781010719755,-1.524692655914546,0.8413654767735346,0.8257924136126502,0.299438004917457,-0.0002884381159670112,-0.17537845786535758,1.0002649237519043,0.8255009734089539,-1.0000008420334117,,-551.4289432624512
M15,5,1.5,D1,32,long,0.0,8390,540.4669312169312,-0.9041272451273448,0.7692844510789084,0.8796510120943021,0.3044100119189511,-0.000142788101333226,-0.502700283694135,1.0009306688391963,0.33718708426521693,-0.9983047627686181,-0.3370014195957991,-1131.042709172304
M15,5,1.5,D1,32,long,1.0,5482,354.1387513264945,-1.0318059534107027,0.7543199310327491,0.8399926074299713,0.3075519883254287,-0.00022553127440710078,-0.32270435946268244,1.0004387103360064,0.7430401255911361,-1.0000568756595845,,-820.8031054661656
M15,5,1.5,D1,32,short,0.0,6855,450.80820129636294,-1.2973460902319045,0.8006283911221171,0.8146935620090402,0.2882567469000729,-0.00022538338959430553,-0.6747171096477409,1.00019769422388,0.6721688547074947,-0.9993064080283733,-0.38018765906555485,-145.09370260100286
M15,5,1.5,D1,32,short,1.0,4534,285.1314566115703,-1.2857476756218726,0.7957638866866049,0.7824135380466503,0.29708866343184825,-0.0003225470038810683,-0.09499294341228662,1.0004812245963766,0.8839409432006978,-1.0005115960226914,,-103.67771631469878
M15,5,1.5,D1,50,both,0.0,8237,1013.3257830919503,-1.5471953900269204,0.8425173722233399,0.8502705660117531,0.2946461090202744,-0.00020741403336840732,-0.6359010446057127,1.0001604980667873,0.692780537955915,-0.9999853962038894,-0.7458285993892493,-839.992386201349
M15,5,1.5,D1,50,both,1.0,5327,636.8860065466448,-1.53181561079307,0.8219232365703195,0.8227756313832616,0.3003566735498404,-0.00029561004111912777,0.1327129668248784,1.0011753930519653,1.129722443352124,-1.0000000000005165,,-589.0745324678045
M15,5,1.5,D1,50,long,0.0,8404,544.8280085197018,-0.9493163243525458,0.7775236852278078,0.8741062393388026,0.3035459305092813,-0.00015026212867244308,-0.7099205109924455,1.0000622645640618,0.7474175716580991,-1.0000700321567828,,-1221.1922860510967
M15,5,1.5,D1,50,long,1.0,5436,353.29163701067614,-1.0644839052753017,0.7558585241012569,0.8343691879878584,0.30868285504047094,-0.00023485096150491309,0.0020022066829635146,1.0003192476975007,1.0033794967970622,-0.9996359510485479,-0.40226872402684855,-901.5516792418204
M15,5,1.5,D1,50,short,0.0,6637,449.3353568118628,-1.3663561540487468,0.8040928384165209,0.8057672670659558,0.2876299532921501,-0.00023836175522676036,-0.3312093150384536,1.000340958372597,0.44931058442726973,-1.0000257937794468,,-125.75686892243877
M15,5,1.5,D1,50,short,1.0,5317,307.6246237921749,-1.1530340725484964,0.7844067953325592,0.8090200362548722,0.30280233214218544,-0.00026937318058364125,-0.15206348277322665,1.0000115685998996,0.8282516866061514,-0.9999999999647707,-0.7515624613664672,-122.00226640463711
M15,5,1.5,D1,80,both,0.0,7375,1020.3480113636364,-1.9309550563583455,0.8630185060698263,0.8239240993763647,0.2983050847457627,-0.00025216938622793164,-0.5378050251922802,1.000375413972646,0.31136887698042626,-1.000000016488202,,-764.8710392659221
M15,5,1.5,D1,80,both,1.0,4960,646.5524625267666,-1.8680156536003687,0.8481189316193033,0.7992902418482994,0.30181451612903226,-0.0003487479652795769,-0.4297551396210543,1.0002217781169707,0.7255370065894664,-0.9999999999861694,-0.9615874781012883,-559.7736867830627
M15,5,1.5,D1,80,long,0.0,8142,538.74375,-1.171229982871835,0.8116987540994554,0.8513253645041592,0.3036109064112012,-0.00018157841718902795,-0.43845967541798403,1.0006723147753995,0.3402893976238333,-0.9999999366557649,-0.6660358013038006,-1004.7291629893864
M15,5,1.5,D1,80,long,1.0,5394,358.7324289876184,-1.252388029676868,0.7901472704735099,0.8166856230981403,0.3084909158324064,-0.0002651580988307264,-0.8303736645010796,1.0000035862208148,0.3775968021940354,-1.0000003249398302,,-746.5857762091227
M15,5,1.5,D1,80,short,0.0,6872,452.741341991342,-1.319655817828532,0.8016300354490024,0.8120341037059298,0.29059953434225844,-0.00022769931647049476,-0.13805498977459943,1.0001050928845523,0.7797409417422595,-0.9999953343890727,-0.5545726843455151,-145.11256444723946
M15,5,1.5,D1,80,short,1.0,4818,302.2628821710752,-1.244689798264782,0.7816989840341071,0.7944875307899966,0.2982565379825654,-0.00029579336628059513,0.0013347681550650444,1.0004962806726463,1.0014663356213613,-0.9999877270010845,-0.5080742453055023,-136.5875319627064
M15,5,1.5,D1,120,both,0.0,7045,1036.3214861055176,-1.7227348013394166,0.8396903159337235,0.8418453452026169,0.29595457771469125,-0.00022959568792107178,-1.413302405724977,1.000176809178774,0.5511403710535107,-0.9999418400715238,-0.7617817793831979,-789.4901349212723
M15,5,1.5,D1,120,both,1.0,4885,697.243552168816,-1.8328192958358456,0.8275523899235979,0.8088371493066882,0.3037871033776868,-0.0003302719086087468,-0.41299571181670924,1.000045047644379,0.724529389748007,-0.9999952259655092,-0.826016059440188,-591.1348968311232
M15,5,1.5,D1,120,long,0.0,7963,539.2075917686318,-1.0040692991350826,0.7798991776133718,0.8705361421522807,0.30729624513374354,-0.00015758550388158442,-0.5050278449372347,1.0014013918612545,0.6161062198659534,-0.9999995834988386,-0.6302076833076315,-1090.4724138457034
M15,5,1.5,D1,120,long,1.0,5470,375.19577464788733,-1.2064954402941526,0.7760252688119617,0.824917247523066,0.3126142595978062,-0.00024954509295541967,-0.30527135452933285,1.0178233464639475,0.6421880404123415,-0.9997636058301989,-0.4360220466698689,-823.2648581241539
M15,5,1.5,D1,120,short,0.0,5624,463.79905170467373,-1.4963243379547475,0.7889165382940703,0.7913403632658185,0.28236130867709813,-0.0002691569631358603,-0.300954810990669,1.0003736230309996,0.10704469683343312,-0.9999776630022195,-0.5865298249103117,-107.31781163893889
M15,5,1.5,D1,120,short,1.0,4540,306.1168543474248,-1.3531460966949531,0.7844674850303182,0.7798184846440984,0.2947136563876652,-0.00031785121400133864,-0.5874447119044055,1.00023219007487,0.6481195555335955,-1.000239546905534,,-104.20869468083299
M15,5,2.0,none,0,both,0.0,9357,823.528734939759,-1.162347341372952,0.8876811464161187,0.8776631070367967,0.30063054397777067,-0.0002019602311867814,-0.36340376659060597,1.0006529176449646,0.1822714589423971,-0.999999609811375,-0.7271305273120098,-1008.85283000082
M15,5,2.0,none,0,both,1.0,6605,568.1762246820537,-1.3041730462206464,0.8851765521806321,0.8447646997153183,0.3093111279333838,-0.0002997435996843731,-0.009843084327945444,1.002187322637405,0.9905254941315146,-1.0,,-648.7932866470485
M15,5,2.0,none,0,long,0.0,9957,668.8972319293728,-0.8664781512563322,0.8448592530361982,0.8973239315966522,0.31696294064477254,-0.00015218559388875,-0.12116949902502347,1.0000387164840943,0.8770099173413063,-0.9999965976967059,-0.5708074094240738,-1843.6020829631407
M15,5,2.0,none,0,long,1.0,6852,436.16120599512027,-1.0111754866446026,0.8428484722115251,0.8591430339081942,0.3212200817279626,-0.0002459026996056611,-0.8345468175965542,1.0002559768753745,0.7051417599076282,-1.000269177530548,,-1270.4726790928344
M15,5,2.0,none,0,short,0.0,5046,701.5803197563761,-2.127195564298281,0.8733474967071334,0.7696513146866882,0.2736821244550139,-0.00039599698938269623,-0.18606269980001863,1.0042678447424127,0.7888808214933168,-1.0002113575173373,,-212.83892105220298
M15,5,2.0,none,0,short,1.0,3641,420.04903663929247,-1.7176174517955445,0.8547083674318563,0.7698488452111436,0.28041746772864595,-0.000479141336155794,-0.4976367187500085,1.0002540403753883,0.8243964237088665,-1.0000001489961046,,-141.91255088901477
M15,5,2.0,H4,20,both,0.0,10290,593.1853693181818,-0.8951518662748931,0.8608474015548867,0.8894788367022154,0.301846452866861,-0.00016696910516491038,-0.29573496065643784,1.0002367191227683,0.1923137626372066,-1.0000000042871888,,-1020.6035259215446
M15,5,2.0,H4,20,both,1.0,6460,398.3648488941415,-1.0682440137535254,0.8546941686971389,0.8482702811281643,0.3041795665634675,-0.00027363531441504163,-0.4733292896613304,1.0001330107970416,0.8023512557079604,-1.0001415299340592,,-657.3101754733065
M15,5,2.0,H4,20,long,0.0,7325,340.6922513689036,-0.5831499110147388,0.7242597718721964,0.9060724874188594,0.3174061433447099,-0.00013548139446643994,-0.6351841567666181,1.0010360821368331,0.32292309194822283,-0.9999999999998668,-0.7481445929772518,-725.682819933328
M15,5,2.0,H4,20,long,1.0,5370,249.9862987509559,-0.7071896962701094,0.7109879995266832,0.8730343712127612,0.31899441340782125,-0.00020656256246595473,-0.13145204143100647,1.0012622062460281,0.9016521169661016,-0.999995295596332,-0.4350729233329276,-295.7179710312737
M15,5,2.0,H4,20,short,0.0,6317,310.410904076416,-0.8275905533590142,0.7632700105421227,0.858521058657255,0.29127750514484724,-0.00021162666326294906,-0.015752847540147167,1.000171773019724,0.9824398292925788,-0.999966480941183,-0.39727746828796484,-252.86424115525472
M15,5,2.0,H4,20,short,1.0,4851,225.56686823679183,-0.7929768618884057,0.7658660847966913,0.8468203579080548,0.2958152958152958,-0.00025860106252679647,-0.38964389791151477,1.0000951762681942,0.47813354282725057,-0.9999999897193552,-0.574826122881791,-69.58944716336805
M15,5,2.0,H4,32,both,0.0,11311,610.3328039592259,-0.9517513791467319,0.880671291596312,0.882781593454502,0.3024489435063213,-0.00017627005575449563,0.24207267253284226,1.0007277458230888,3.7811797500165625,-1.0,-0.946784598599024,-1057.064601515376
M15,5,2.0,H4,32,both,1.0,7462,419.9530816640986,-0.9579560138999009,0.8633015710403682,0.8631619607167135,0.3062181720718306,-0.00024053717347745376,0.2602148127455119,1.0004985799947754,1.2107043921388434,-1.00000001107351,,-674.366104956126
M15,5,2.0,H4,32,long,0.0,7339,341.4303591899121,-0.541719131498291,0.7270195831728101,0.9111178422252274,0.317209429077531,-0.00012734572589169187,-0.13156691243441765,1.0003924748668385,0.9108937863928324,-1.0000041395748522,,-4.349586903419379
M15,5,2.0,H4,32,long,1.0,5304,246.88237543010067,-0.6115031168072212,0.7297936706888117,0.8863538946656282,0.3201357466063348,-0.00018391258661206022,-0.234776277939976,1.000419784020612,0.6008039945543301,-0.9999986748966732,-0.467387215838466,281.02030926518734
M15,5,2.0,H4,32,short,0.0,6605,310.206538510994,-0.7583753153173163,0.7727458717272486,0.8605410097181303,0.2906888720666162,-0.00021164086508323435,-0.20981603092051876,1.0007828824304297,0.41159355859204977,-1.0000882359033394,,-421.5457391875815
M15,5,2.0,H4,32,short,1.0,4857,228.11100038575287,-0.7059456465131049,0.7674140058628944,0.8521920578064229,0.2956557545810171,-0.0002531278395480448,-0.1718549975271628,1.0000675243788426,0.8899634119415947,-1.0000779910081488,,-328.69727559851196
M15,5,2.0,H4,50,both,0.0,10758,622.0293652050024,-0.9591592855127503,0.8827518714667718,0.8820806340805672,0.3016359918200409,-0.00017785001444535985,-0.42701191698144453,1.00022912232441,0.8194484873177167,-1.0002542883041996,,-1104.6669130469204
M15,5,2.0,H4,50,both,1.0,6164,405.43868179362505,-1.127189696071195,0.8722899350718397,0.8386873481904451,0.3056456846203764,-0.0002919958312873314,0.25075453751403826,1.000205512099251,3.5506874745541257,-1.0000448719791217,,-736.3167044107778
M15,5,2.0,H4,50,long,0.0,7390,344.24148705522254,-0.5545807475455746,0.7588583880238162,0.9086128641476473,0.31569688768606224,-0.00012991130567399382,-0.0748766309156121,1.006503410402514,0.8353399638553849,-0.9999896999936564,-0.4142832365716179,-416.0037178701649
M15,5,2.0,H4,50,long,1.0,5327,248.52302337463277,-0.6584936684750575,0.7580679194633317,0.8772083289847137,0.3157499530692698,-0.00019832927844650662,-0.4601400398073446,1.000537293336197,0.6182241780780017,-1.000253848375098,,-161.48413927488147
M15,5,2.0,H4,50,short,0.0,6638,309.72528104241184,-0.7862160244042755,0.780334688183396,0.8647916050791704,0.29195540825549865,-0.00020490925068918322,-0.4039769972656961,1.0150772539929058,0.5888509012911144,-0.9999627024348022,-0.37859156277630646,-283.6192915824798
M15,5,2.0,H4,50,short,1.0,4926,229.8737064009199,-0.8240958160501052,0.7910320638553925,0.8416139168189387,0.29922858302882666,-0.0002692360295454636,-0.3118364349388435,1.0003867804165254,0.212493130176363,-1.0000006130993224,,-201.57834684013832
M15,5,2.0,H4,80,both,0.0,10222,633.4552935188327,-0.8022908159653682,0.8701122671171563,0.9007431392934685,0.30072392878106047,-0.0001514525798782478,-0.5876855721144586,1.000140054889454,0.8106102221748083,-1.000173578973864,,-1175.8712073521494
M15,5,2.0,H4,80,both,1.0,6291,409.36892036344204,-1.0671048181117748,0.8716922899308424,0.8462509803654575,0.30074709903036084,-0.00027997315950702763,0.04529520949132868,1.0001620545951107,1.0916718707873252,-1.0000020967545913,,-669.7763710469085
M15,5,2.0,H4,80,long,0.0,7460,348.4354219948849,-0.5388684614397884,0.770417605637357,0.9115658778705374,0.314343163538874,-0.00012600987229778097,-0.13753690297167026,1.001202443381815,0.8591449276173688,-1.001315705051622,,-175.6687249246413
M15,5,2.0,H4,80,long,1.0,5367,250.67733375959077,-0.7465386164736584,0.7901009735577351,0.8627503864067623,0.3139556549282653,-0.00022263381553636055,-0.6709896789387823,1.0005603489248873,0.6368483749865692,-0.9999991265932794,-0.47879157856990595,48.05278491752715
M15,5,2.0,H4,80,short,0.0,6536,307.836750483559,-0.7249478008579635,0.8284427968198441,0.8658389829805662,0.28870869033047736,-0.0002074800823383138,-0.5260549850167687,1.0000853045138007,0.7011161837615016,-1.0001074157542464,,-655.0515684383722
M15,5,2.0,H4,80,short,1.0,4577,225.9425935937289,-0.9039833513324681,0.8096762850560568,0.8254709047916706,0.290146384094385,-0.00030370484558319994,-0.22163221691221285,1.0002031013787718,0.8417707524956388,-1.0002395220987863,,-166.2389340865468
M15,5,2.0,H4,120,both,0.0,10170,638.465537985562,-0.9204906768729811,0.8845197431143371,0.8864153115105111,0.2975417895771878,-0.00017293567398208445,0.2506202442215085,1.0072585532193667,7.283062224288856,-0.9999998435603942,-0.6261083102537988,-1115.4882643117905
M15,5,2.0,H4,120,both,1.0,6283,415.66124796232566,-1.0918770391477757,0.8728283405225161,0.8419473652428353,0.2998567563265956,-0.00028684257653726204,-0.2896181507996263,1.0000231897790492,0.6661132605848219,-1.0000000000011002,,-698.3750187012716
M15,5,2.0,H4,120,long,0.0,7482,350.00006403688525,-0.35763253431827263,0.693634453479743,0.940129733013816,0.3201015771184175,-8.474797754281642e-05,-0.18070216269939382,1.000202189481632,0.9103251826903801,-0.9999963531266294,-0.4433113221595676,543.7733742254873
M15,5,2.0,H4,120,long,1.0,5414,254.49980694980692,-0.6232089708146721,0.7429671855539535,0.8844261191130928,0.3186183967491688,-0.00018563948970333596,-0.3714281269212089,1.0035298496558567,0.4690135076074915,-0.9999999999010645,-0.661386469269793,-12.15984748823837
M15,5,2.0,H4,120,short,0.0,6553,308.0019624243984,-0.8134685869811379,0.7923878346960893,0.8584787024957061,0.2850602777353884,-0.00021661986474230476,-0.2448114155781606,1.0003394431352766,0.6334427728240888,-0.9999999878388213,-0.5753993881100437,-241.69588000678294
M15,5,2.0,H4,120,short,1.0,4860,227.695613134941,-0.7950496754011245,0.7852564413834425,0.8435099468100797,0.29156378600823046,-0.0002690459005443321,-0.17203367250290713,1.0100894878194837,0.821807722950823,-0.9980717663165353,-0.25388262542709084,-179.39577749819472
M15,5,2.0,D1,20,both,0.0,10510,645.6067103935419,-1.0214104732299125,0.8983044127172967,0.8785972767410496,0.3,-0.00018482421382802545,-0.2713597057759204,1.0004807326344953,0.6639700725695081,-0.9999999999999988,-0.8788297436872006,-1197.484779658781
M15,5,2.0,D1,20,both,1.0,6057,428.4119384198296,-1.266796785402214,0.8741018201813541,0.8270311270662536,0.30460624071322434,-0.0003154669222698795,-0.3710771050593022,1.0001391103148727,0.7942649139410821,-0.9999703260241781,-0.5216333545158554,-630.06025858943
M15,5,2.0,D1,20,long,0.0,7599,355.29118663594465,-0.39332682594749785,0.7210279859889988,0.9371832580329876,0.3230688248453744,-8.88532056617627e-05,-0.1532801461518864,1.0009341533670484,0.84182258645259,-0.9999981401954969,-0.4604036697770295,211.4740028398716
M15,5,2.0,D1,20,long,1.0,5560,261.2620609803165,-0.7444541465724914,0.7756896331850134,0.871005498165671,0.3232014388489209,-0.00020637228110207128,-0.23331031975171154,1.0008286563040194,0.062470585759075596,-0.9999945859102742,-0.43437242146161736,-156.82602655010987
M15,5,2.0,D1,20,short,0.0,6593,310.2413359958773,-0.979511059975518,0.8237640523899868,0.8319043270138107,0.28317912937964507,-0.000253060659077303,0.04625578158607197,1.0006241914270584,1.0562158922556353,-1.0006288042434408,,-254.8616499879272
M15,5,2.0,D1,20,short,1.0,4685,227.25049800796813,-1.0043290576742012,0.8171261724128994,0.8051534176872025,0.29071504802561365,-0.00033001157902543644,-0.3490248144066992,1.000134495022729,0.654610338792719,-0.9999998390719675,-0.5317464919327517,-187.7553574936104
M15,5,2.0,D1,32,both,0.0,10456,653.1646998460749,-0.9520189908890415,0.9069041683181198,0.8850367794635762,0.30269701606732974,-0.00017430027511108537,-0.8044393265868032,1.0005444450518521,0.5113794239340966,-1.0000012133040252,,-1239.0579727789907
M15,5,2.0,D1,32,both,1.0,6666,430.7778662420382,-1.1933148137121818,0.9002440710036385,0.8329188564812466,0.3085808580858086,-0.00029699160516006017,0.012183158642990535,1.000248318351452,1.0093819674198314,-1.000286626225041,,-739.2522742749435
M15,5,2.0,D1,32,long,0.0,7805,366.9897335221421,-0.4832645862521066,0.7447317368127089,0.9223220843889118,0.3201793721973094,-0.00011115810512365839,-0.2765336077838915,1.014098545872536,0.6930316772126849,-0.9999499536759735,-0.3722521513682773,-501.8268893253332
M15,5,2.0,D1,32,long,1.0,5818,274.0199226305609,-0.7413653848754529,0.7662411351450238,0.8691592550738141,0.3215881746304572,-0.00020993162648381668,-0.35631867070542195,1.0001022526063934,0.7126995383673603,-1.0000000000237892,,-636.5070997081353
M15,5,2.0,D1,32,short,0.0,6204,301.57186585041256,-0.9545329005273462,0.8214110916621262,0.8339536966935379,0.2869116698903933,-0.00024806638749719565,-0.2912316431459214,1.0004242389436147,0.5837150994826353,-1.000210936572531,,-265.4492092138883
M15,5,2.0,D1,32,short,1.0,4464,217.1362365161806,-1.036009858418587,0.8268049454775933,0.7977229025565374,0.29435483870967744,-0.000343922600005991,-0.5369823398477771,1.000039725142163,0.6363732260923365,-0.9999992142830749,-0.4952738659279705,-189.07947928581848
M15,5,2.0,D1,50,both,0.0,9971,659.1688235294118,-0.9336027596218643,0.8790519629413961,0.8876083301975308,0.3016748570855481,-0.00016904701113444772,-0.09603432401063147,1.0006230433147794,0.9011165533068619,-1.0000000279893944,,-1077.4729018066323
M15,5,2.0,D1,50,both,1.0,6510,434.1386708051853,-1.1515614972430408,0.8845916722077252,0.8391167390082716,0.30721966205837176,-0.0002876065192084277,-0.5372031221070482,1.0003588746761765,0.4024659448379315,-0.9999999999986084,-0.8380750894861403,-702.411388199079
M15,5,2.0,D1,50,long,0.0,7781,367.7549495341615,-0.36723404769719353,0.7319289056626854,0.9405547090789165,0.3201387996401491,-8.519251037009849e-05,-0.42512074062557575,1.00145472780834,0.5554906699839155,-0.9999990337008366,-0.4803425783126294,-45.752045407140216
M15,5,2.0,D1,50,long,1.0,5757,272.1646712399689,-0.6026687685049621,0.7383905198161113,0.8921106924247526,0.32117422268542645,-0.00017329110934479513,0.20625939019607784,1.0014789667305717,1.5084235283977794,-0.999963795111511,-0.38334991694684273,-268.7042361641832
M15,5,2.0,D1,50,short,0.0,5896,307.3375196232339,-1.1615167230578523,0.8364762860599565,0.8038875311597439,0.2837516960651289,-0.00029486483022831545,-0.13265716075549974,1.0012230347282665,0.884533389084162,-1.0000202958385027,,-222.92526254120727
M15,5,2.0,D1,50,short,1.0,4306,221.82884344146686,-1.1347631831528437,0.8303610421710502,0.7831057657793539,0.2951695308871342,-0.00037020033753301304,-0.42345016165806854,1.0003438089515277,0.4159556572891573,-1.0000258878765214,,-157.79691269622535
M15,5,2.0,D1,80,both,0.0,10542,657.9742822966507,-1.1692504160589376,0.9165103137993131,0.8640217047895821,0.30497059381521535,-0.00020647218210099,-0.25340229465680814,1.0005681066454075,0.8134944373481854,-1.0006421191181958,,-1111.440523775298
M15,5,2.0,D1,80,both,1.0,6679,442.50040812624707,-1.3000026999202754,0.8967323691791617,0.825190367365595,0.3115735888606079,-0.0003097553691337061,0.01990095986719389,1.1721011364679685,1.0305372154139052,-0.999998288836787,-0.5851021590960297,-708.4182599638144
M15,5,2.0,D1,80,long,0.0,7695,368.7965818134103,-0.5259786082406257,0.745010064591699,0.9179217107494302,0.32410656270305394,-0.00011969724697111922,-0.20608569076311628,1.0483158032172,0.678095684623054,-0.999573560734019,-0.31058631088033506,-51.37500349567748
M15,5,2.0,D1,80,long,1.0,5782,277.9149230161864,-0.713392712161023,0.7608763675244936,0.877631239739863,0.32653061224489793,-0.00019936702602130042,-0.04622972252586635,1.0003115294556195,0.9242439885837711,-1.0000008995754568,,-109.21354798242484
M15,5,2.0,D1,80,short,0.0,6114,302.7163481089874,-1.072906041442248,0.8235272963804596,0.8179271604791221,0.2906444226365718,-0.00026764375904337636,-0.28679816227057203,1.0003076295003432,0.14383559426626763,-1.000000000393841,,-252.2176248928116
M15,5,2.0,D1,80,short,1.0,4504,222.45922920892497,-1.1079941603639378,0.8223567340133401,0.7898297704221477,0.29862344582593253,-0.00035001301211460753,0.17665179483208265,1.0001157388744595,1.2437504545736828,-1.0001227200740401,,-175.20954381018635
M15,5,2.0,D1,120,both,0.0,7294,683.1111538461539,-1.2880599221184819,0.8807562647058792,0.8541922627593157,0.2948999177406087,-0.00024055005403258707,-0.900715147530807,1.0008446536584437,0.5688069575606335,-0.9999999999931448,-0.9099568780387977,-956.2115431731344
M15,5,2.0,D1,120,both,1.0,5361,483.7216526679842,-1.4326379988591773,0.8699948517992966,0.8182365742514551,0.3042342846483865,-0.0003451800221896953,-0.205319123052534,1.0000660874161789,0.6857584162107664,-0.9999999999999832,-0.9428525173322753,-700.1869140878676
M15,5,2.0,D1,120,long,0.0,7543,366.1723484848485,-0.46909684803422186,0.7598264700551953,0.9262964090018435,0.32414158822749567,-0.00010923604325175234,0.13928102550876773,1.0038578999466972,1.3016238549190342,-0.9999999990819453,-0.6358372214749876,259.66071384525765
M15,5,2.0,D1,120,long,1.0,5775,283.2821313456889,-0.6916150388125375,0.7642644230430256,0.8821741259635882,0.3277922077922078,-0.00019354675488219907,-0.15090924961757754,1.0004342767414405,0.7639460023417114,-0.9999999999999997,-0.8249621975218007,-1.9875764336177753
M15,5,2.0,D1,120,short,0.0,5931,309.338533485649,-1.0899913284119467,0.8154367901863915,0.8147116594099352,0.28089698195919743,-0.00026987166709318926,-0.5244940464275222,1.0000726485289897,0.831243251007268,-1.0000746254806876,,-209.70443346886432
M15,5,2.0,D1,120,short,1.0,4631,233.91961692711934,-0.9952473331040305,0.7912019263179408,0.8122865348947347,0.2947527531850572,-0.00030532974178457643,-0.37904967840269355,1.000741834580086,0.6771882213761361,-1.000786540060543,,-105.9511381114344
M15,5,1.0,none,0,both,0.0,11129,2237.1311227297747,-3.409968492853176,0.9308556803692588,0.7843977823843697,0.2589630694581723,-0.00023461010915281673,-0.2270460242145221,1.0001388297140121,0.7705445884823486,-1.0000000000002762,,-570.9354202028877
M15,5,1.0,none,0,both,1.0,6749,1131.2860256998624,-2.1913088275204853,0.8421940012982244,0.817978355070584,0.2895243739813306,-0.0002597787047985132,-0.6814055409010029,1.000032576428661,0.6652097396184248,-0.9999990375950024,-0.9019440788851232,-333.5778639924877
M15,5,1.0,none,0,long,0.0,10953,1654.5009305210917,-2.6796915782616275,0.8985961317083171,0.8065634126247794,0.27198027937551356,-0.00020340603785681712,-0.5057869474479668,1.0000131281652314,0.4298542134540007,-0.9999999999863709,-0.9771591987929613,-892.446186303379
M15,5,1.0,none,0,long,1.0,7747,964.0857751277682,-1.6375227667175143,0.8060638933952082,0.8491940520602234,0.29805085839679873,-0.00019188128319684033,-0.29377520701865556,1.0002649027904749,0.7818817767703148,-1.000018332555787,,-656.6674810007653
M15,5,1.0,none,0,short,0.0,8475,1675.9576340010826,-3.578222455693074,0.9099219047131446,0.7435364991696737,0.2542772861356932,-0.0002791779382896173,-1.3534445741413133,1.0000129052560394,0.5832218582135845,-1.0000011405510285,,-143.0592081634511
M15,5,1.0,none,0,short,1.0,5191,827.9531659388647,-2.4156179198891015,0.8244646015683321,0.7680135307639777,0.27547678674629167,-0.0003275842140161934,-0.12092372827110505,1.0000504730630344,0.9034925507357877,-1.0000505159684128,,-87.30725739764661
M15,5,1.0,H4,20,both,0.0,9643,1597.3268707482994,-2.668817606218999,0.8829187978476178,0.7997129745220027,0.26049984444674895,-0.0002171872182426915,-1.3912208842661875,1.0001725149124465,0.7189376577989041,-1.0001724966089018,,-477.15157315917327
M15,5,1.0,H4,20,both,1.0,7174,909.1962179042332,-1.6347739734504911,0.7905183420955533,0.8403893793375657,0.2840814050738779,-0.0002089203170907161,-0.6205795238908961,1.0077138347382653,0.4328889349482876,-1.0000408020076712,,-367.9382577950986
M15,5,1.0,H4,20,long,0.0,7809,869.3194910088388,-1.8944582833897299,0.7824427115828823,0.8107755883512827,0.2704571648098348,-0.00019040235582768472,-1.0067562616650585,1.000341906244761,0.6730808996874741,-1.000000084210944,,-693.6089889930065
M15,5,1.0,H4,20,long,1.0,6203,536.2475147928994,-1.3777594008464102,0.7362805115043233,0.8273436522088374,0.2801870062872803,-0.00019823241504001398,-0.38683276237374087,1.000248405698007,0.7193427809675851,-0.9999962005802716,-0.6600475605753187,-606.7006998445373
M15,5,1.0,H4,20,short,0.0,7967,772.4838731085745,-1.7971054530566137,0.8158495968869833,0.7991523661409978,0.26007280030124263,-0.00020714631407210788,0.23884269549033707,1.000056551551443,1.6402423065934786,-0.9999999999995669,-0.9367244911625723,-109.82936820751146
M15,5,1.0,H4,20,short,1.0,6772,499.28805006055717,-1.2549931462111672,0.7436321763684415,0.830169932111264,0.2793857058476078,-0.00019333380981905745,-0.27120609849729876,1.0000356420542833,0.6683099069402836,-0.9999999999924736,-0.8486823421351873,-77.82710874267309
M15,5,1.0,H4,32,both,0.0,8975,1614.8368226600987,-3.245820945891731,0.905109679885542,0.7652778362092453,0.25805013927576603,-0.00025692057966535256,-0.09945319005349527,1.0118225241509708,0.9146777353937057,-1.0118401565994375,,-482.9918150085324
M15,5,1.0,H4,32,both,1.0,5586,834.8144435351882,-2.255523991638966,0.8168003743455443,0.7862694044552698,0.2824919441460795,-0.00029601825543890933,-1.3510113495396163,1.0000776761753207,0.7049505595731912,-1.0000780416616954,,-315.1030907313639
M15,5,1.0,H4,32,long,0.0,7143,890.741123250256,-2.4092652270265416,0.8187570139372762,0.7713770105059283,0.2662746745065099,-0.00023480354935868423,-0.4011077065703184,1.0192131454421787,0.5723924384530931,-0.999956344543596,-0.7140386771522486,-617.562224669579
M15,5,1.0,H4,32,long,1.0,4660,524.0347906403941,-1.918724540018354,0.7442621761559143,0.7721467319904985,0.27854077253218884,-0.00027758770953977354,0.23867149157671666,1.0006460465786078,2.509031464482844,-0.9998913443020392,-0.6417064657399127,-414.55435715622633
M15,5,1.0,H4,32,short,0.0,8103,763.9702503871966,-1.7525427260277,0.8181145497537218,0.8034776017513958,0.2634826607429347,-0.00020370027072846934,-0.1391629550876894,1.0001019342990507,0.884195960513779,-0.9999999999998836,-0.9396698132294394,-104.76975440243103
M15,5,1.0,H4,32,short,1.0,6584,501.00125,-1.2113815580018499,0.7261925661911155,0.8357092636322534,0.2799210206561361,-0.00019007464974900713,0.026883274626958293,1.000353261488559,1.0522853628237439,-1.0003688354816684,,-93.44614112118177
M15,5,1.0,H4,50,both,0.0,9845,1626.3619402985075,-2.812285509087305,0.892915416345325,0.7945109998784966,0.2607414931437278,-0.00022148925682096245,-0.6314873589283609,1.0004700680794627,0.5128282801751745,-1.0004708359993506,,-518.6712280294255
M15,5,1.0,H4,50,both,1.0,7798,946.2523255813953,-1.609991768966104,0.8126232117863701,0.845376744962065,0.28327776352911005,-0.00019750069815500457,-0.4563128877523104,1.002148203969585,0.7111829466588032,-1.000233594087877,,-362.1626923653129
M15,5,1.0,H4,50,long,0.0,7924,880.2436131386861,-2.0422855764646126,0.8055657755462307,0.7987827284977634,0.2659010600706714,-0.00020186670807017444,0.0009099147738766293,1.0001108212060383,1.000838290897295,-0.9999999999999378,-0.9658838944013917,-664.3839511555141
M15,5,1.0,H4,50,long,1.0,5449,534.7252149382052,-1.5747293565739007,0.7405025076623937,0.8061085884126925,0.27179298953936504,-0.00022859656053939273,-1.0825276500602221,1.0000150215549044,0.7072080220288008,-1.0000155641690416,,-504.6880498894558
M15,5,1.0,H4,50,short,0.0,8509,766.8177276091784,-1.5072489227272985,0.785923007567936,0.8277672289652452,0.2658361734633917,-0.00017604997853954652,-0.532822975576295,1.000001828049188,0.8148271890219184,-1.0000018274462292,,-111.48364934798437
M15,5,1.0,H4,50,short,1.0,7903,492.2528564120055,-1.0164665843846505,0.7323268806497325,0.8559394458103834,0.28242439579906364,-0.0001589618208993728,-0.3306347620207781,1.0001036659500058,0.37582127835069606,-0.9999999943133477,-0.6934960197288655,-140.77742458563773
M15,5,1.0,H4,80,both,0.0,9774,1642.1129254829807,-2.6440690211884017,0.8807901328822131,0.8041365887332727,0.26253325148352774,-0.00021232074143341775,-1.4072652328335216,1.0001914654063857,0.6389889528577418,-1.0000210387970565,,-556.5775775670288
M15,5,1.0,H4,80,both,1.0,5921,868.1835608189482,-2.176393990758161,0.8333857460700596,0.7941086355662275,0.2808647187975004,-0.0002803962198993004,-0.2585666603730057,1.000080136789927,0.711268100220586,-1.0000074516616575,,-334.6006064791377
M15,5,1.0,H4,80,long,0.0,7869,925.0570485999356,-2.1122369352257975,0.8025309066810077,0.797634058536613,0.267251239039268,-0.0002012378410396345,-0.5162890108227637,1.000486258751432,0.5941358736652519,-0.9999999994518856,-0.9184754719092064,-683.9744511277701
M15,5,1.0,H4,80,long,1.0,5257,551.9170020120724,-1.6883377240339854,0.7375951644652767,0.7993116289084728,0.2782956058588549,-0.0002386290120225252,-0.7783199906537461,1.000134724915585,0.7558246228396848,-1.0001384274701943,,-476.2787905885114
M15,5,1.0,H4,80,short,0.0,7908,736.6480489671003,-1.4545009838307392,0.7643161936613505,0.8286909073794587,0.266944865958523,-0.00017731007885639553,-0.8277582276110387,1.0000025337394294,0.7665242754744673,-0.9999979994632889,-0.7054636259246347,-106.47115105357199
M15,5,1.0,H4,80,short,1.0,6728,493.05818619582664,-1.160511723237495,0.7377781520619127,0.8389687595301305,0.2789833531510107,-0.00018333297689290714,0.18242339897051021,1.0002102877718888,1.2642454385026007,-0.9998843180361662,-0.48536614745170326,-88.67709970580177
M15,5,1.0,H4,120,both,0.0,9650,1645.500700280112,-2.6976903434871335,0.8806708756184474,0.8008949816786862,0.2607253886010363,-0.0002150531344089587,-0.7678808786269794,1.0002116550813902,0.7007607702222141,-0.9992605208836364,-0.707520885018195,-533.9793871094106
M15,5,1.0,H4,120,both,1.0,5984,872.5173652694612,-2.1215146427107725,0.8214818778476151,0.7975799883018603,0.27857620320855614,-0.00027368072563884534,-0.868340298423135,1.000147993146865,0.4041370487972371,-1.0000312078155795,,-335.9088388249832
M15,5,1.0,H4,120,long,0.0,7576,913.2455445544555,-2.190893983884228,0.8056785644972604,0.7898239371482731,0.2655755015839493,-0.00021192917622630067,-0.3410313371648818,1.0002037868120768,0.8762636403948016,-1.000203823360279,,-644.7258311598688
M15,5,1.0,H4,120,long,1.0,5148,551.4096774193548,-1.817676913646897,0.7585723910621838,0.784624134622693,0.2773892773892774,-0.0002578877608883014,-0.6732631482679634,1.0000854402869794,0.7198382163184766,-0.9999880312623162,-0.7029683785154413,-430.95913974663404
M15,5,1.0,H4,120,short,0.0,8560,753.5647143890094,-1.4890530130579658,0.7834508341998516,0.8271784563382464,0.26413551401869156,-0.00017390621812354937,0.3827130854611851,1.000285479432351,1.8491644639383342,-0.9999970005889521,-0.6735659393797226,-114.27814514644481
M15,5,1.0,H4,120,short,1.0,7265,482.1990278030165,-1.1190133509218068,0.7324349411856161,0.8424805927774819,0.2795595320027529,-0.0001738229596167562,-0.5167956159662616,1.0000704084084706,0.8353692607157612,-1.000071404539203,,-109.67341840690074
M15,5,1.0,D1,20,both,0.0,9725,1662.9476825842698,-2.8477654410261315,0.8863799040418155,0.7955809350810116,0.26591259640102827,-0.00021881400421866457,-1.452688699922149,1.0000948909583238,0.6015951242064728,-1.0000147987312222,,-550.0531864709824
M15,5,1.0,D1,20,both,1.0,7559,963.6735602094241,-1.7743390770163003,0.817422402084304,0.8348622600919618,0.2889271067601535,-0.00021228216164755013,-0.33102621538068056,1.000311705379971,0.7518071922530803,-1.0003212017743368,,-366.0282423964284
M15,5,1.0,D1,20,long,0.0,8047,904.359,-1.912700956089859,0.7788752141767418,0.814610699339142,0.2738908910152852,-0.00018346177968984093,-0.510716409007479,1.0063865595920671,0.7380127960132388,-0.9999998308883853,-0.8266392104827434,-727.9773052972391
M15,5,1.0,D1,20,long,1.0,5626,563.1396272951494,-1.6377582195124434,0.7412058386620668,0.8074579410394102,0.2883043014575187,-0.00022161039750547053,-1.011677424029877,1.0002784302794439,0.6061687059355435,-0.9995779144510741,-0.5405731551686305,-554.3516867586939
M15,5,1.0,D1,20,short,0.0,8811,740.6715189873418,-1.5030100931694024,0.7865476221056898,0.8263670856431851,0.27125184428555216,-0.0001703766762518143,-0.5518316475783528,1.0005966837750455,0.5938607972333352,-1.000597037462834,,-121.83432648372514
M15,5,1.0,D1,20,short,1.0,7368,477.0717957808899,-1.1280016035363176,0.7289739733061789,0.8419376454256244,0.28745928338762217,-0.00016966326604847437,0.23229985939225353,1.0007921752103446,2.6127092183242975,-0.9999871821454549,-0.5177911656344131,-133.70220176248023
M15,5,1.0,D1,32,both,0.0,9596,1668.2241789623988,-2.6962792375825693,0.8729547447255257,0.8028294122065679,0.26990412671946645,-0.00020982093471632595,-0.5066039214386163,1.000285642028342,0.2934974522639943,-1.0000204380395286,,-537.1702582171481
M15,5,1.0,D1,32,both,1.0,5746,882.9307951198991,-2.109618385501638,0.8263612457193789,0.8013464843608238,0.2888966237382527,-0.0002676778653936218,-0.8995434152716221,1.0000650573905527,0.6132880062532001,-0.9999928701158305,-0.8381456920124305,-352.98862178315744
M15,5,1.0,D1,32,long,0.0,8203,918.4996167995096,-1.7215204433843008,0.7585351529654201,0.830524156312996,0.2805071315372425,-0.00016788211786080643,-0.30242714243894175,1.0003826679033558,0.8083535103371271,-1.00000000784854,,-759.4935758792905
M15,5,1.0,D1,32,long,1.0,6355,581.0172090112641,-1.4144903317176836,0.7367906338716785,0.8301391679523924,0.29000786782061366,-0.00019204297115812583,0.2654845496177731,1.0151985385237579,1.7899934160896218,-0.9961196669605334,-0.3980532856269462,-615.3903457299149
M15,5,1.0,D1,32,short,0.0,8370,727.5446216087578,-1.63194967124834,0.7978701012366813,0.8105154165338508,0.27060931899641577,-0.0001861379396856758,0.18909871979255455,1.0000936480006575,1.1812353990989355,-0.9999999999999999,-0.9601659042673643,-101.65598222471536
M15,5,1.0,D1,32,short,1.0,6818,456.5122823098075,-1.2503979378147463,0.7676457787218833,0.8228305016985252,0.2858609562921678,-0.00019241745496004106,-0.7410661611223608,1.0000241986059977,0.7424491765084312,-0.999954373455474,-0.4879002337480485,-90.94437771872677
M15,5,1.0,D1,50,both,0.0,9561,1672.488146551724,-2.7837911733523515,0.881911650364609,0.8001501202315204,0.26900951783286264,-0.00021393216446571666,-0.7810806621009977,1.0003001454711353,0.4506518153374437,-0.999999747292503,-0.9298654326957785,-563.2764608439214
M15,5,1.0,D1,50,both,1.0,5734,901.5684459750323,-2.138486215567354,0.8174978234880179,0.8034781519477173,0.2901988140913847,-0.0002651559184934023,-1.2145057200942164,1.0000770793177092,0.6198121993382796,-1.00000013463591,,-374.09076148638
M15,5,1.0,D1,50,long,0.0,8687,915.7075757575757,-1.6713605943077707,0.7750334310081248,0.8353765262984961,0.27938298607114076,-0.0001623757157098116,-1.0454450634003123,1.000466854838007,0.7258842766758975,-1.0004757488521911,,-857.7433192364593
M15,5,1.0,D1,50,long,1.0,6246,573.9249056603774,-1.5021649762811893,0.7543161133916996,0.8217105554949998,0.29010566762728146,-0.00020309022316628315,-0.6367916345352549,1.0004494055049278,0.5403141581332929,-1.0004773325237164,,-660.041461237802
M15,5,1.0,D1,50,short,0.0,7249,737.9312290969899,-1.8942617615785657,0.7966588253742761,0.7872330511060298,0.26845082080286936,-0.00021488383162318408,0.054954782845950186,1.0000727294439655,1.1069498714179689,-1.0000000000412985,,-95.46549920121299
M15,5,1.0,D1,50,short,1.0,6569,489.05977374643294,-1.3515305393375827,0.7545597311747837,0.8184459137372393,0.2852793423656569,-0.00019929624731710406,-0.6042365671397284,1.0000617538758425,0.8324337661006194,-1.0000642425651713,,-77.14956683103213
M15,5,1.0,D1,80,both,0.0,9264,1683.420895522388,-2.818798480201041,0.8719761263591318,0.7982881011483078,0.27202072538860106,-0.00021695595142858114,-1.2587811729797558,1.0003319844814644,0.6291633005550412,-1.0003319295716517,,-523.0082931402441
M15,5,1.0,D1,80,both,1.0,6126,952.9478279386713,-2.13052289139325,0.8137157949125122,0.8062950800409991,0.292360430950049,-0.0002548133290179136,0.08525101141697629,1.0002923717341428,1.070947655453271,-1.0000004388138588,,-405.31249443422473
M15,5,1.0,D1,80,long,0.0,8634,917.2683246073298,-1.9646368199844688,0.8129986998838992,0.8111002725942504,0.28179291174426685,-0.0001895309462413881,-0.4755065959065128,1.0003726151083971,0.508633618784767,-0.9999999999886618,-0.9312671316721491,-712.6374641112527
M15,5,1.0,D1,80,long,1.0,6106,595.0417556029882,-1.6706170788455295,0.7731684916717068,0.8069240406425123,0.29118899443170654,-0.00022566211559805,-0.14114211981232525,1.0010018201833297,0.8369992167069167,-1.0000006011055256,,-575.7844722654652
M15,5,1.0,D1,80,short,0.0,7244,736.8061821219716,-1.8188226958850624,0.7838619114376388,0.7919019659317406,0.26836002208724463,-0.00020678127295872763,-0.5578973228706791,1.0000466927563447,0.3748076682942745,-1.0000272954434815,,-93.92039070203609
M15,5,1.0,D1,80,short,1.0,6411,504.9854970886349,-1.3474073919293392,0.7397885607478667,0.8181462289763742,0.2824832319450944,-0.00019856186554048852,0.19247282287943918,1.00229955850417,1.557543145406333,-1.0000168174201376,,-85.72966056604274
M15,5,1.0,D1,120,both,0.0,8969,1694.7373254009312,-2.5680072149756197,0.8449307511093962,0.813786396242285,0.2699297580555246,-0.0002024621638889023,0.42245251957835206,1.0204139340642124,8.95897018230639,-1.000280319320522,,-538.8337633673443
M15,5,1.0,D1,120,both,1.0,7394,1081.9945913461538,-1.8196472551303293,0.8173553889453425,0.8395940824868068,0.29375169055991346,-0.000204155986402918,-1.3818035724347986,1.0004089042640807,0.4169769108527087,-1.0000652816061193,,-428.8432091957738
M15,5,1.0,D1,120,long,0.0,8524,905.8455048006983,-1.531306054205871,0.7486074601180124,0.8463900090383889,0.28320037541060533,-0.00015384604566034374,-0.3534095627530629,1.0003031286119537,0.8795624937412599,-0.9999999466039936,-0.8312855282557285,-823.1306589711484
M15,5,1.0,D1,120,long,1.0,7198,602.3068728522336,-1.3112198443097511,0.7528847284958015,0.844331097614693,0.2935537649347041,-0.0001728132084568374,0.04096891332391852,1.000812344627698,1.0430937553757476,-1.0000005398764213,,-710.3277973232327
M15,5,1.0,D1,120,short,0.0,5901,725.4595254123192,-2.0114090373477413,0.7645184775031316,0.7712246428334235,0.257244534824606,-0.0002389705117117688,-0.37963866168877536,1.0000248934311928,0.7516088430739386,-0.9999999302994158,-0.8681260838474572,-78.60045201352021
M15,5,1.0,D1,120,short,1.0,5275,532.3829096435479,-1.505456175668427,0.7196484260264127,0.8024745210479028,0.2741232227488152,-0.00022492729302362447,-0.5981103133437398,1.0000543195199558,0.6066305109678578,-1.000000000000947,,-67.89837600899214
M15,8,5.0,none,0,both,0.0,3984,184.92260770110562,-0.13453381334881298,0.5634222964012408,0.9720043899616726,0.35115461847389556,-8.673559431111154e-05,-0.006552123061523963,0.47624536174808496,0.9985562546638841,-0.2134134266581248,-0.011080506350848673,7865.865733418799
M15,8,5.0,none,0,both,1.0,3303,153.6059014514897,-0.2232603254295163,0.5903704078246759,0.9503063762811593,0.35603996366939145,-0.0001632963188775923,-0.037913649544848764,0.47888266848475736,0.991064651473665,-0.280095852388735,-0.015167065540716562,7199.041476112588
M15,8,5.0,none,0,long,0.0,3614,167.74857033930616,0.3559780829302758,0.2993903414836311,1.0840146396174466,0.3669064748201439,0.00024234872678409125,0.42621331795487083,0.3438958923229247,1.1025170356557195,1.3746145298406893,0.04095906001164584,23746.14529840664
M15,8,5.0,none,0,long,1.0,2824,131.380206343141,0.24117601924669768,0.3359334352046248,1.0628964803982068,0.375,0.0001942343915837106,0.36120081923902697,0.42640482479895114,1.0959718073995985,1.1114293603289345,0.035380996019055644,21114.293603289167
M15,8,5.0,none,0,short,0.0,3615,167.77366581956798,-0.5766984708137466,0.8197315151602298,0.8710579142864681,0.31618257261410787,-0.0004217869797436273,-0.35358488276909833,0.7579259148053265,0.9138211862052283,-0.7431923661963977,-0.06114255083407205,2568.0763380360117
M15,8,5.0,none,0,short,1.0,2816,130.9246435845214,-0.5325882505167587,0.776692891675161,0.8670868053774221,0.32386363636363635,-0.0004648976800789694,-0.3615249746624782,0.7677787960377493,0.8964856773087545,-0.750912547541422,-0.06257936247325768,2490.8745245857685
M15,8,5.0,H4,20,both,0.0,2061,95.76138531993385,-0.034531962263938676,0.38151523903821016,0.9894674328499125,0.3532265890344493,-3.3932197319580386e-05,0.04945840632027088,0.37900709008786093,1.016161264760417,0.0024647698469770773,0.00011438760561133243,10024.647698469762
M15,8,5.0,H4,20,both,1.0,1656,77.03183902190524,-0.14463265398186229,0.44516155072149255,0.9519465892428154,0.3532608695652174,-0.00016593248996639193,-0.028819716557210138,0.3889419797762901,0.9897125403599368,-0.15198791051574,-0.007639449389880482,8480.120894842586
M15,8,5.0,H4,20,long,0.0,1257,58.47163143148242,0.24692581388958865,0.3072181309141866,1.0962575109583996,0.38424821002386633,0.00028113791871619203,0.27830880603944463,0.34316903825047407,1.114204202775516,0.43078892662290547,0.01680314165003538,14307.88926622906
M15,8,5.0,H4,20,long,1.0,981,45.679532126466086,0.17022828122380274,0.27850392529182544,1.0740259153317282,0.3873598369011213,0.00023408968140569344,0.21400648125069005,0.3308288459491211,1.0960444439161474,0.30079225469520177,0.012320443810876602,13007.922546951964
M15,8,5.0,H4,20,short,0.0,1134,52.68967052537845,-0.28896929566607094,0.4147353637259763,0.8820830832878369,0.31569664902998235,-0.000403531122995949,-0.18646330829700136,0.36749437133224205,0.9144460244471513,-0.3192804745739912,-0.017711387752905372,6807.195254260099
M15,8,5.0,H4,20,short,1.0,883,41.27937412005632,-0.3433440895396362,0.4674645361647114,0.8460369572144364,0.3171007927519819,-0.0005647115305173217,-0.28259136648222205,0.4619731225754766,0.8606122546226717,-0.4023013123903424,-0.02377310259629628,5976.986876096589
M15,8,5.0,H4,32,both,0.0,2352,109.37967914438504,-0.16907609674197843,0.5662780051931948,0.9501898727701208,0.35374149659863946,-0.0001632417902996626,-0.01810925321571551,0.4115661582379204,0.9938238316707846,-0.20510253663118905,-0.010618075762080514,7948.974633688094
M15,8,5.0,H4,32,both,1.0,1864,86.68525592055005,-0.2906572160236867,0.591456704023698,0.905967808522742,0.3546137339055794,-0.00033292084784817687,-0.0826241374034537,0.4316252442175984,0.9688577810374741,-0.33278672685092525,-0.01864207302814691,6672.132731490734
M15,8,5.0,H4,32,long,0.0,1313,61.138864099949004,0.06292717497586088,0.41132330576941256,1.0233900074957119,0.37852246763137853,6.85086367610488e-05,0.19849052022726735,0.31593682134501666,1.0796658735992444,0.2899232373575369,0.011924996240895158,12899.232373575278
M15,8,5.0,H4,32,long,1.0,1007,46.8902027027027,-0.10689473437606566,0.44453732696267056,0.9562907456632849,0.38033763654419067,-0.000138305937639753,0.07186264528577872,0.3567450169587393,1.031125983548928,0.05806121392776964,0.0026314583749811327,10580.612139277644
M15,8,5.0,H4,32,short,0.0,1231,57.247612681436216,-0.28080416080530746,0.4859637580868935,0.8837741760331994,0.32250203086921203,-0.00041809999847717796,-0.17822080352087938,0.4626758948138181,0.9133764182179033,-0.3786026500397184,-0.021883351912146187,6213.973499602788
M15,8,5.0,H4,32,short,1.0,979,45.52836134453782,-0.2887017750197594,0.483576622887524,0.8674347229404976,0.32277834525025534,-0.0005144507551801209,-0.19023141461055615,0.46717668341546714,0.8975137702284983,-0.38644067434453067,-0.02246058671613127,6135.593256554712
M15,8,5.0,H4,50,both,0.0,2614,121.68793015549325,-0.046531345463030366,0.3773528737235481,0.9867948111996194,0.35080336648814076,-4.226203599462653e-05,0.0014528226249882824,0.39512286627646487,1.0004728045929088,-0.1545257625315668,-0.007783719215663898,8454.742374684365
M15,8,5.0,H4,50,both,1.0,2053,96.04947483028052,-0.16432945564426918,0.43462546807333746,0.948532435367281,0.35314174378957625,-0.00017899749624143512,-0.1250103477789071,0.5507054929440278,0.9549966886480171,-0.41762818008685243,-0.02497688127862452,5823.718199131495
M15,8,5.0,H4,50,long,0.0,1470,68.45817926813719,0.21126533122953298,0.2952318414963493,1.0792333076424316,0.3782312925170068,0.0002280544383104494,0.18848005209204358,0.35581166484951166,1.0727459018354908,0.27571064587961036,0.011404540784119677,12757.106458796043
M15,8,5.0,H4,50,long,1.0,1128,52.79369554074834,0.14708243806043664,0.27263789039349684,1.0619011189674497,0.38652482269503546,0.00019251142951894588,0.15630892123996754,0.3566946620908389,1.0666258211098243,0.20857851304365638,0.008905998664388237,12085.78513043655
M15,8,5.0,H4,50,short,0.0,1291,60.15279372368924,-0.28982467642219156,0.4742573453486004,0.8858005891301963,0.313710302091402,-0.00040867015993090487,-0.15605153297235708,0.4543254354801287,0.9235397382114687,-0.3675685739680883,-0.021122311847144748,6324.314260319137
M15,8,5.0,H4,50,short,1.0,1025,48.26366507670491,-0.36191741204283207,0.5051938454674956,0.8437287422962261,0.3131707317073171,-0.0006073815072069873,-0.22238106275638317,0.4963490578414719,0.8854963828199219,-0.4316732122844317,-0.02625579951653434,5683.267877155696
M15,8,5.0,H4,80,both,0.0,2789,130.06668156281918,0.028653621215344458,0.32953636870731107,1.0076832998409866,0.35424883470778057,2.452919869036246e-05,0.05521589990018553,0.29820391937987156,1.016544529643532,-0.024317073980545056,-0.001147398477640782,9756.829260194534
M15,8,5.0,H4,80,both,1.0,2156,100.7392861711654,-0.1546832147486647,0.426459495826498,0.9548980420421277,0.35435992578849723,-0.00015775455634642075,-0.04084674345878176,0.4266757953557656,0.986907826070645,-0.25058892922462805,-0.013388243866427008,7494.11070775373
M15,8,5.0,H4,80,long,0.0,1520,70.98580744150364,0.3544469961012406,0.16454645840847548,1.1308102482133189,0.37894736842105264,0.0003802193827665296,0.4123978696952693,0.21425045371665163,1.158547893046975,0.8288700897478509,0.028594626533316347,18288.700897478353
M15,8,5.0,H4,80,long,1.0,1145,53.520764013309446,0.22752320300893542,0.17663038200530468,1.09292508803206,0.38777292576419214,0.0002954064665668394,0.3146877892028807,0.28966217770539393,1.133413731912293,0.5732629650773953,0.021407609567227315,15732.629650773953
M15,8,5.0,H4,80,short,0.0,1354,63.14459908069458,-0.2093181525544085,0.49110150301083433,0.9199600304588978,0.327178729689808,-0.000278171855856008,-0.17044942476568783,0.43471707482125543,0.9263915708157524,-0.35491120611164395,-0.020235969283983635,6450.887938883566
M15,8,5.0,H4,80,short,1.0,1070,50.98062875032611,-0.36149563733915907,0.5085291996955361,0.8533952490366167,0.3186915887850467,-0.000556606792837622,-0.27158335085951946,0.4778927687057055,0.8791913476864852,-0.4515799150012938,-0.028215564562926954,5484.200849987086
M15,8,5.0,H4,120,both,0.0,2980,139.32987711213516,0.2670594854759181,0.3183053657226447,1.069146450589401,0.35570469798657717,0.0002153982220539611,0.41006556832415003,0.2390435849665401,1.1167262168534515,1.2477871939067566,0.0385952005094965,22477.87193906758
M15,8,5.0,H4,120,both,1.0,2333,109.10733034571062,0.11783924735790934,0.310276949442424,1.0334816564576366,0.35447921131590227,0.0001129961494591269,0.3186585599373586,0.24077313423983004,1.1004577825425539,0.8896880894839467,0.030210394487175662,18896.880894839538
M15,8,5.0,H4,120,long,0.0,1624,75.95927775643489,0.4177337207397615,0.1614966018120867,1.1455399659278573,0.3811576354679803,0.0004238597054249833,0.49441148484734304,0.17488854326934766,1.1824593777794152,1.0899779911280802,0.03508013476029381,20899.77991128066
M15,8,5.0,H4,120,long,1.0,1252,58.574740617394646,0.30632094452140174,0.15891527549223017,1.1173446650457988,0.38498402555910544,0.0003682208701808868,0.4391812771713821,0.18331407800400756,1.1798311277411273,0.9295024505966605,0.031227632821678508,19295.024505966456
M15,8,5.0,H4,120,short,0.0,1419,66.47297037322046,-0.12635023877493654,0.4137029281111,0.9535713413227693,0.3178294573643411,-0.00015696218290068233,0.0264834312014155,0.29505816753655456,1.0115043304173255,-0.03197292887284475,-0.0015210789116748558,9680.270711271613
M15,8,5.0,H4,120,short,1.0,1127,53.696419253848156,-0.18729874123801674,0.3585962579223878,0.9249177529574605,0.31410825199645076,-0.00027466497511217003,-0.07095136304473748,0.3000055752030961,0.9671220272914882,-0.1939678219596216,-0.010221268862816935,8060.321780403787
M15,8,5.0,D1,20,both,0.0,3230,151.03795928818334,0.09206185099553613,0.46951707365662987,1.0225455074799221,0.3498452012383901,6.95718595518171e-05,0.24517820734056317,0.376193082193072,1.0665354199448256,0.6136106105276218,0.02262609895009704,16136.106105276198
M15,8,5.0,D1,20,both,1.0,2536,118.61621206300423,-0.05813257352435935,0.47320849462605763,0.9844797281720709,0.3505520504731861,-5.176588257814262e-05,0.16591483406635124,0.4111698090158511,1.0496031207180234,0.3285990543563406,0.013378063833450415,13285.99054356332
M15,8,5.0,D1,20,long,0.0,1928,90.15516579183203,0.38831632130508315,0.20653108512090101,1.124737265900498,0.3755186721991701,0.0003597977002589936,0.42813969849664474,0.22271494022499183,1.1443965072101603,0.9692394051263868,0.03219484679755835,19692.39405126377
M15,8,5.0,D1,20,long,1.0,1501,70.20620437956204,0.2239916012807361,0.26163779007605215,1.0778441756785313,0.3770819453697535,0.00024199652580498445,0.34086537105216164,0.2709154182887201,1.1266704203491864,0.7342389467650536,0.02608616347846726,17342.389467650417
M15,8,5.0,D1,20,short,0.0,1697,79.731058657062,-0.2730111008370735,0.45194940335638256,0.9106034561456002,0.3164407778432528,-0.00029432481634404086,-0.10919566357193507,0.46474829070423107,0.959931087749755,-0.2632129528649444,-0.014248929450985215,7367.87047135059
M15,8,5.0,D1,20,short,1.0,1327,63.44067408376963,-0.3057020179954495,0.4443402428772615,0.8900257981168188,0.32102486812358705,-0.0003913493158580962,-0.16371305962751043,0.45604762027894863,0.9351201640406824,-0.32741626046160266,-0.018783215635926553,6725.837395383972
M15,8,5.0,D1,32,both,0.0,3304,155.17371737173718,0.04327381022364625,0.41403180689446284,1.010447866910486,0.34624697336561744,3.222908654741272e-05,0.11038150973761482,0.32923328741994207,1.0282198521675372,0.14189417107277724,0.006251224819267209,11418.94171072778
M15,8,5.0,D1,32,both,1.0,2611,122.95870938628158,-0.09751393942202766,0.38599515872658996,0.9746053118407587,0.35005744925315974,-8.423119215798955e-05,0.06902703496719638,0.3060378594271005,1.019170366495013,0.031011560196059884,0.0014392616034732963,10310.11560196063
M15,8,5.0,D1,32,long,0.0,1954,91.87673789907312,0.24815425496765328,0.28165220858357376,1.078253642040695,0.3592630501535312,0.0002317744747139088,0.2728962063526235,0.24557419926012947,1.0894120034713852,0.5227353065031688,0.019968989954108674,15227.353065031697
M15,8,5.0,D1,32,long,1.0,1534,72.24000773594636,0.1175032496188884,0.25909718451814334,1.0401113681695766,0.3624511082138201,0.0001279104531191317,0.2207329235318361,0.24434772572522823,1.0794580176078168,0.3911792000741736,0.015669188984975824,13911.792000741723
M15,8,5.0,D1,32,short,0.0,1615,75.91747104247104,-0.29177986325466443,0.5494947846985988,0.9021676318765568,0.3188854489164087,-0.0003172203912423701,-0.2656010265632141,0.536343566194395,0.9059090154010162,-0.4221909970111426,-0.025454719125831304,5778.090029888603
M15,8,5.0,D1,32,short,1.0,1258,60.000587620788714,-0.3779381750595528,0.5076316595058186,0.8638203621218942,0.3251192368839428,-0.0004783596083547085,-0.2798149316499619,0.5142421272973134,0.8914183953467404,-0.42925810416102794,-0.02639377883316374,5707.4189583897305
M15,8,5.0,D1,50,both,0.0,3330,157.40682024071438,-0.05352633370480048,0.46908105761029883,0.9876331388351044,0.34564564564564565,-3.831102028337311e-05,0.06091987439210466,0.3959344579338787,1.0146806127763646,0.008935103005839995,0.00042056888318842134,10089.351030058333
M15,8,5.0,D1,50,both,1.0,2647,125.15427184466019,-0.20173017584741298,0.4726949801278637,0.9498399273434046,0.3498299962221383,-0.00016743568636368004,0.010599648588395998,0.40795553465748546,1.002762964555838,-0.1163798133823869,-0.00583297200878008,8836.201866176132
M15,8,5.0,D1,50,long,0.0,1954,92.36424226737415,0.4239291167589497,0.1768276016679763,1.1345924727643846,0.372057318321392,0.0003837119998130406,0.4482530583428738,0.17186091366786227,1.1477995456547752,0.948907523216338,0.03204404709497832,19489.075232163166
M15,8,5.0,D1,50,long,1.0,1537,72.67174757281553,0.2804939982730385,0.21414796298348493,1.097735303157491,0.3793103448275862,0.00029888754044000873,0.36005030224684725,0.22561671658568794,1.1294577988815397,0.7277263987316465,0.026190962163398668,17277.263987316324
M15,8,5.0,D1,50,short,0.0,1597,76.04018380915134,-0.4820913964001376,0.6305091725277889,0.8419813833557858,0.30807764558547274,-0.0005320713100368394,-0.28229020840809793,0.5582764962732779,0.8953597020309569,-0.48019228743371944,-0.030673638423665772,5198.077125662789
M15,8,5.0,D1,50,short,1.0,1275,60.882958556674076,-0.5175591776903236,0.5929061852779116,0.818184817009111,0.31137254901960787,-0.0006624977930570424,-0.28007599900223223,0.5327936162706324,0.8856844189496094,-0.46719438851989137,-0.02961674586695273,5328.056114801094
M15,8,5.0,D1,80,both,0.0,3328,159.18700890518596,-0.08188293974180862,0.3952708829039233,0.9809423234635757,0.3473557692307692,-5.8699456035055904e-05,0.11811336361142447,0.3209148720647337,1.0297457877276777,0.16142439416677967,0.007183698671959116,11614.243941667793
M15,8,5.0,D1,80,both,1.0,2660,131.45244215938305,-0.12014448546257794,0.41552432720990073,0.9697929797552487,0.3548872180451128,-9.95371429417363e-05,0.10552162593819649,0.3249828322740309,1.0286850752734182,0.12033947347548413,0.0056312737238068955,11203.394734754833
M15,8,5.0,D1,80,long,0.0,1930,92.49868783624196,0.29569466407666145,0.20994764031512625,1.0905732516484437,0.37305699481865284,0.00026731236748667143,0.3641783922153971,0.23612401195106403,1.1171769567166863,0.7738204927008974,0.027849287598687544,17738.20492700888
M15,8,5.0,D1,80,long,1.0,1532,75.70869976999053,0.18151753037892696,0.24967568759961833,1.059871344043236,0.37989556135770236,0.00018908842505653277,0.303687161939078,0.2750751001704469,1.1054763639097172,0.5951359237743072,0.023344593346076525,15951.359237743058
M15,8,5.0,D1,80,short,0.0,1564,74.87888320880849,-0.4507825146056406,0.586429715599039,0.8490721877844017,0.3126598465473146,-0.0004893551350479122,-0.31406705494744996,0.5917039423732,0.8877774987100542,-0.4858437484542003,-0.03134697586352608,5141.562515457999
M15,8,5.0,D1,80,short,1.0,1240,61.637180185084375,-0.4514710488131762,0.5345484086718217,0.8375970889078583,0.32016129032258067,-0.0005680826452118344,-0.26868070961111706,0.5362700832505987,0.894406868647571,-0.42117075459367137,-0.026811428484177724,5788.292454063293
M15,8,5.0,D1,120,both,0.0,3331,161.745247274661,-0.11902210248116762,0.5678661128467184,0.9730047469842841,0.34314019813869706,-8.27841874518758e-05,0.013722675562261498,0.4752105684819192,1.0031893673747643,-0.12950433025324903,-0.006711943337890824,8704.956697467524
M15,8,5.0,D1,120,both,1.0,2684,132.63847923149777,-0.2510854507272342,0.6015482050412807,0.9394506883546928,0.3479880774962742,-0.00019826651795332745,-0.04107263991820344,0.4984274026574541,0.9897097016252373,-0.24457848928436898,-0.013765171471784354,7554.215107156288
M15,8,5.0,D1,120,long,0.0,1896,92.06514224940176,0.3550465951297778,0.2061473024344468,1.1113310849406872,0.37183544303797467,0.0003266537769276447,0.4173254514346886,0.22035108067694886,1.1337718998141022,0.9217903302727892,0.03222903889613682,19217.903302727813
M15,8,5.0,D1,120,long,1.0,1523,75.26393586794751,0.26241841318056425,0.20615740957621942,1.089720892664677,0.3768877216021011,0.00027917403465552105,0.3748443666269671,0.24443980047809177,1.1308824321096467,0.7903983129444745,0.02920128495397889,17903.98312944468
M15,8,5.0,D1,120,short,0.0,1567,77.46978207904709,-0.4721721686663852,0.5959301466325415,0.8440129361966916,0.30887045309508615,-0.0005008821372629143,-0.22692057267262639,0.5222250147738698,0.9172439561199803,-0.40225552900643136,-0.025119655070020452,5977.444709935689
M15,8,5.0,D1,120,short,1.0,1261,63.70404564315352,-0.5261245580923477,0.57355002816351,0.8166972300429456,0.3156225218080888,-0.000630205559395329,-0.23615853284516375,0.4999642023832839,0.9056659860005505,-0.4003818592561832,-0.02550743944424505,5996.18140743817
M15,8,1.0,none,0,both,0.0,11634,2210.883714880333,-3.3184557273227924,0.940030719998085,0.7827527526892688,0.24832387828777722,-0.00023572113152385308,0.3675841672370055,1.0000015208436783,1.3719849607391996,-0.999999710384604,-0.9427852519825302,-589.1164231807553
M15,8,1.0,none,0,both,1.0,7081,1157.7149731423456,-2.016614948735108,0.8313817726713586,0.8242177634020651,0.26931224403332865,-0.00024280853168618522,0.4688497624017933,1.0006822545661778,4.134172211765744,-0.9999999999999999,-0.9976388664422816,-460.5873618705116
M15,8,1.0,none,0,long,0.0,11296,1671.743922204214,-2.399710837585562,0.8926652296583952,0.8191438879294244,0.24982294617563738,-0.00019058000558176664,-0.7748781722139473,1.0005454790640618,0.47092978153583803,-0.9999790888261896,-0.7970249997483438,-1057.1126552151663
M15,8,1.0,none,0,long,1.0,6658,936.0409930715936,-1.7213985603169526,0.7851226034806257,0.8325054428352675,0.26599579453289274,-0.00021408603754103988,-0.7975061111741669,1.0000027070156685,0.7419865166024631,-0.9999996770682343,-0.8776925453075866,-815.0641672427272
M15,8,1.0,none,0,short,0.0,9106,1685.7407501267107,-3.356632364351794,0.9075010900927708,0.7559372243620445,0.25280035141664836,-0.0002565909853489767,-1.2184735154590913,1.0000292668814381,0.7650272807737765,-1.0000292592406497,,-152.49586233771794
M15,8,1.0,none,0,short,1.0,5769,878.335660691955,-2.1783454687835926,0.8113570287976929,0.7876888159003393,0.2610504420176807,-0.0002808767629284808,-1.150501207782351,1.0001117714236898,0.5546913958542365,-1.0001157090265687,,-111.53227101807616
M15,8,1.0,H4,20,both,0.0,10109,1613.0678243774576,-2.5909205758240104,0.88614590647938,0.8027593910891475,0.2429518251063409,-0.0002093384306153875,0.09346761028886325,1.0002446387514154,1.0733967884117415,-1.0000000000107012,,-574.9726242803279
M15,8,1.0,H4,20,both,1.0,6272,885.5229996134519,-1.841083670918347,0.791102162074126,0.8175326205157162,0.2590880102040816,-0.00023591015432204872,-1.1918179857722098,1.000068436338199,0.6683505055180372,-1.0000706971619795,,-433.0678251755493
M15,8,1.0,H4,20,long,0.0,7937,886.8122514530437,-1.8051042558507602,0.7837334801678726,0.8137054852486513,0.2441728612826005,-0.00018747908913922597,0.03813923883064196,1.0000961972339777,1.0488228671629,-0.9999986035010648,-0.7782737588342099,-765.224809610619
M15,8,1.0,H4,20,long,1.0,5848,563.5836411609499,-1.4236794214429396,0.7388785461094967,0.818206573549019,0.2484610123119015,-0.00020678959506316172,-0.4168489208604604,1.0006383298232975,0.6973776917137,-0.999997891101438,-0.7162095900943642,-635.4022182605387
M15,8,1.0,H4,20,short,0.0,8119,791.423738991193,-1.7218152657763317,0.797083730213898,0.8102171406982634,0.2517551422588989,-0.00018994062547188358,-0.21887197486800583,1.0000202551325235,0.898234898036492,-1.0000006637799985,,-110.16138231179043
M15,8,1.0,H4,20,short,1.0,7096,537.4977187888843,-1.298799718451884,0.742493477797566,0.8296674954730245,0.2602874859075536,-0.00018588394063223743,-0.5957651898639776,1.0000655631392636,0.627741433694452,-0.9999997516509452,-0.6839916297427138,-89.4652214677981
M15,8,1.0,H4,32,both,0.0,9811,1625.1554421768708,-2.912139461040866,0.9030299951377949,0.7859950578196464,0.2476811741922332,-0.00023091409148490166,-0.8155954916378754,1.0000133687765111,0.38553974550916753,-0.9999999997028802,-0.9735834094950746,-570.8797673620991
M15,8,1.0,H4,32,both,1.0,6072,882.5300437723836,-2.1336226324372904,0.8114658516701388,0.7973280807176869,0.2631752305665349,-0.00026675296053201724,-0.4016050837507608,1.0007077530247515,0.5941797754131408,-1.0007196274172332,,-413.4841607330215
M15,8,1.0,H4,32,long,0.0,7473,908.9288211788212,-2.226260485474039,0.8200309747644965,0.7824101245507483,0.24434631339488827,-0.0002223557224146862,-0.16766993052443685,1.000013115361587,0.8442367541549699,-1.0000000023120026,,-693.1447246428603
M15,8,1.0,H4,32,long,1.0,4944,550.5475609756097,-1.8011521848400651,0.7476269133443645,0.7808584501296717,0.2532362459546926,-0.0002594247664288573,-0.5875884728967949,1.0000772570715835,0.7981184247121036,-1.0000801227892984,,-525.5172155539619
M15,8,1.0,H4,32,short,0.0,8866,786.1875455207575,-1.5778294047475803,0.7964677240666306,0.8244561312394485,0.2559214978569817,-0.00017272571603977674,-0.1416569563421955,1.00026037194899,0.879592633963482,-1.0000000010637582,,-110.24810553354857
M15,8,1.0,H4,32,short,1.0,7269,530.5759892086331,-1.2113300135883767,0.7287827213982343,0.8393289038720235,0.26220938230843305,-0.00017360306804252527,-0.5215271838550574,1.000008807760984,0.8159286683122438,-0.9999997278513613,-0.6682614411233203,-111.77676827244994
M15,8,1.0,H4,50,both,0.0,10634,1622.4179197994988,-2.5913473364714448,0.8959127235953706,0.8046344685359424,0.24826029716005266,-0.0002064780526921994,-1.0659036891292133,1.000005193768236,0.7650265080862058,-1.000005219596339,,-630.3220861580252
M15,8,1.0,H4,50,both,1.0,7435,962.3082034018427,-1.7157649456740114,0.8107556189635742,0.8348389651730673,0.2597175521183591,-0.00021113424832956137,-0.3178799137800693,1.0006210260494777,0.6694415190206987,-1.0006445560364976,,-473.12640128673536
M15,8,1.0,H4,50,long,0.0,8121,901.579103343465,-1.9575533422563978,0.8118459196258239,0.8005268884138164,0.24356606329269795,-0.0001995214652052531,-0.2741386771543762,1.0010798780187733,0.5761827507690844,-1.0000041033308038,,-769.7963744138469
M15,8,1.0,H4,50,long,1.0,5561,571.995283018868,-1.6318205893621047,0.7479334530429967,0.796497600104748,0.24563927351195827,-0.00023567029174616276,0.130048845225301,1.0003094415814193,1.1785031249409952,-1.0000347322752279,,-576.1112557895059
M15,8,1.0,H4,50,short,0.0,9047,781.3707141168125,-1.4787480083667783,0.7835600105334153,0.8331386543351519,0.25555432740134854,-0.0001644482030928422,-0.972303604696872,1.0000028167540613,0.6871465547567893,-1.0000000814718963,,-124.2325849101602
M15,8,1.0,H4,50,short,1.0,8104,518.6588400210268,-1.1181309107673782,0.7412457483192523,0.8481093889736964,0.2639437314906219,-0.00015941707252529184,-1.2113548253150719,1.0000057320742586,0.7394895608155281,-1.0000058942629657,,-149.6973940941244
M15,8,1.0,H4,80,both,0.0,10922,1638.9730895645027,-2.3960195038426013,0.8829725609901213,0.8183948890574985,0.249221754257462,-0.0001912893966958485,-0.2823346241929735,1.000281014386919,0.8747118407540839,-0.9999998967432271,-0.9105341584874088,-683.0142456367607
M15,8,1.0,H4,80,both,1.0,6295,910.2330760095012,-2.104562927039791,0.8312950700087461,0.7985189433255588,0.255758538522637,-0.0002637924560380816,-0.41210901146319684,1.0002520216989714,0.15005471968381895,-0.9998414306250824,-0.7177940580107269,-437.1107830113483
M15,8,1.0,H4,80,long,0.0,7947,953.8750410778836,-2.1014528531882215,0.8132073556144823,0.794850713157042,0.24386560966402415,-0.00020560688127910928,-0.5811720826651564,1.0000187739628594,0.7094963626401879,-1.0000000565191185,,-753.2503849161445
M15,8,1.0,H4,80,long,1.0,4804,568.4033041788143,-1.9404978253686775,0.7464719660310984,0.7673806955889905,0.2472939217318901,-0.00027730470578695354,0.10981528329125077,1.1091396116048573,1.104493432585254,-1.0004172352275373,,-506.951643686028
M15,8,1.0,H4,80,short,0.0,8226,752.8304936106239,-1.3067067009093605,0.7276186126179991,0.8471048866933749,0.25857038657913933,-0.00015305560089182448,-0.4534497953427381,1.0000225874613953,0.6133973846340371,-0.9999962770976296,-0.6814807490646174,-113.24192101639815
M15,8,1.0,H4,80,short,1.0,7375,522.240936409461,-1.1201338650051393,0.7482472590111908,0.8468918355584095,0.26210169491525426,-0.00016450300753772013,-0.4895385586245437,1.0002908004478368,0.7374360903782018,-1.0000027560447367,,-104.21906476705493
M15,8,1.0,H4,120,both,0.0,10562,1640.2085459183672,-2.4089422329412704,0.8820131508270537,0.8141052507099388,0.24805907971975005,-0.00019635370768106828,-0.6423811080598872,1.0000406605037622,0.5871893603230127,-0.9999999771089206,-0.9349111126507074,-651.7095605676008
M15,8,1.0,H4,120,both,1.0,6320,917.844930417495,-1.9561239044913457,0.811627922152895,0.8077866628884016,0.2568037974683544,-0.00024990990127312333,-0.8717068503900902,1.000229940915636,0.5723049291311031,-0.9991813757724125,-0.6438019725737798,-453.33056984987695
M15,8,1.0,H4,120,long,0.0,7739,936.2933918516065,-2.039534546564054,0.8015227999588783,0.7970953284525403,0.24447603049489597,-0.0002035229509256914,-0.33869087489464295,1.0005817683539775,0.7528190298578278,-1.0005831991417105,,-731.1161363888864
M15,8,1.0,H4,120,long,1.0,4834,564.636552606332,-1.9533049694289089,0.7590517609970582,0.7632218731611039,0.24968969797269341,-0.00028056936422315,0.35381312426220374,1.0002399685476662,4.297441894800704,-0.9999815354490961,-0.7200480225222371,-494.14178263737995
M15,8,1.0,H4,120,short,0.0,8716,770.6412490922295,-1.4388730003614605,0.7716529515031417,0.8328847496199726,0.25493345571363013,-0.00016472329651767692,0.202643860540168,1.0000252408608885,1.451645673947085,-1.0000252146743136,,-114.3219963795967
M15,8,1.0,H4,120,short,1.0,7383,523.7212565546708,-1.124897242672749,0.7445039481164915,0.8441107688460243,0.2591087633753217,-0.00016736078272497972,-0.7771866080135813,1.0000319664087007,0.7677370826111762,-0.9999982311147886,-0.6092002982101636,-110.26308673766388
M15,8,1.0,D1,20,both,0.0,10171,1679.4564873417721,-2.5313231933612257,0.8757369560655514,0.8105044142841696,0.25002457968734637,-0.00019937625081031495,-1.227497327801139,1.0002507013943511,0.6364912373020382,-1.0000059466281073,,-640.1091824381026
M15,8,1.0,D1,20,both,1.0,6393,931.4093538093339,-1.9801521402841546,0.8075762720866179,0.8101326735698811,0.26310026591584545,-0.00024279102905173488,-0.8577178449788229,1.0000223088185156,0.7492060747533437,-1.0000231145623992,,-465.59783670082805
M15,8,1.0,D1,20,long,0.0,8103,928.9456214689266,-1.8185679956660317,0.7779694100130237,0.8176939996724866,0.2499074416882636,-0.0001805754850022855,0.09731498021174977,1.0002062094798367,1.0873128602502562,-1.0002066108310954,,-806.3567293957035
M15,8,1.0,D1,20,long,1.0,5197,584.0628461538462,-1.8272217970769467,0.7440507733806683,0.7831055427583383,0.2555320377140658,-0.00025227399498854063,-0.3972087083104388,1.000261789561581,0.8835585257209336,-1.000265056277867,,-551.7465388814153
M15,8,1.0,D1,20,short,0.0,8729,760.1972460658083,-1.512498933149484,0.7778940055698014,0.8254650956226883,0.25993813724367054,-0.0001675637922239496,-0.16611013312816905,1.0000141257279973,0.8111694311116935,-0.9999998883475781,-0.7519450558298062,-114.50375602058149
M15,8,1.0,D1,20,short,1.0,7523,506.03604972375695,-1.1175009957656727,0.7391271723784847,0.8436927643916367,0.26744649740794896,-0.00016162204888895483,-0.4107940069438097,1.0001751319601566,0.3155591421160493,-0.9940881034089432,-0.2918670967400627,-130.93137164506112
M15,8,1.0,D1,32,both,0.0,9966,1682.1079020332718,-2.543009900086301,0.8700545885067348,0.8108204933751257,0.25366245233794904,-0.0001994615046760798,-0.4336481392111516,1.0006905120937035,0.6759280488186945,-0.9999999999938471,-0.9871835242546139,-607.4729814501293
M15,8,1.0,D1,32,both,1.0,5819,910.6211439588689,-2.1315280917522523,0.8262582489111919,0.7971028861254152,0.26190067021825053,-0.00026878926640371123,0.17582281469997446,1.0001484825376796,1.2533570513747798,-1.0001633524233768,,-421.1218197513739
M15,8,1.0,D1,32,long,0.0,8241,942.9903665413534,-1.7368739347998676,0.7715451324176285,0.8257035445744635,0.25458075476277153,-0.00017317557178544643,-0.7146588876173475,1.000107881292325,0.6192195596573339,-0.9999999999900784,-0.9449299685471511,-788.7158881997312
M15,8,1.0,D1,32,long,1.0,5518,610.5572553771584,-1.7194058974386932,0.7433207593862483,0.79688399838934,0.2606016672707503,-0.00023511241039817152,-0.7716762081541835,1.000142067972643,0.6756039115458808,-1.0000008266061573,,-588.8225277227692
M15,8,1.0,D1,32,short,0.0,8309,747.3189485348436,-1.747387113793618,0.8045889521315741,0.8016147293681631,0.2568299434348297,-0.00019183131520891496,-0.8341694925457371,1.000064741902803,0.3175193779448294,-0.999999999787949,-0.8651188278589554,-99.98509616483948
M15,8,1.0,D1,32,short,1.0,6798,500.8006252521178,-1.25530813092233,0.7517058515458948,0.8276885448719533,0.26434245366284204,-0.0001823926174025926,-0.5847513828081957,1.0001238237168992,0.7088705019908311,-0.9999502659899887,-0.5180771173728131,-82.42779711985372
M15,8,1.0,D1,50,both,0.0,9879,1686.123714953271,-2.5906145680951456,0.8771705019221826,0.8081712705791781,0.250936329588015,-0.0002038397411557864,-0.058768513707322424,1.0001384323159823,0.9679260160451205,-0.9999999881202096,-0.9556036138954234,-668.7749085912511
M15,8,1.0,D1,50,both,1.0,5973,939.5513565891473,-2.0383969280776473,0.8174692288789658,0.8083756109922301,0.2621798091411351,-0.0002522001521612633,-0.7263963785007572,1.0002778778664183,0.4304704800673163,-0.9999991506061666,-0.8890696378754974,-492.28354340479837
M15,8,1.0,D1,50,long,0.0,9043,935.9466562765656,-1.5676215008424896,0.7751224115174307,0.840443668224438,0.2550038703969921,-0.00015682552732218064,-0.5195096249687455,1.0002410343097734,0.7760358641318662,-0.9993975485158252,-0.5357805808544736,-959.6012374227838
M15,8,1.0,D1,50,long,1.0,6509,602.7921526369169,-1.45714065797312,0.7553368196762126,0.8223195059193423,0.2604086649254878,-0.00019780780331156954,-1.0432904744916442,1.000086014442444,0.6954178888601578,-0.9999994795919693,-0.7381354348014761,-744.4317982199971
M15,8,1.0,D1,50,short,0.0,6352,727.2940438871474,-2.0748174306174643,0.7925822192553724,0.767627432025289,0.24653652392947104,-0.00024209653238140583,-0.5846799231178078,1.000003123889669,0.6715924958526241,-1.000000000001773,,-90.33963915043887
M15,8,1.0,D1,50,short,1.0,5877,533.5755033557048,-1.4785169744275952,0.7481149743279283,0.8084737748521013,0.2610175259486132,-0.00021285701886265398,-0.19528182646403003,1.000045094925285,0.9032223190593884,-1.0000478392976369,,-73.29832514307077
M15,8,1.0,D1,80,both,0.0,9838,1692.5715967969854,-2.559222889490909,0.8699754017316566,0.8102164454677866,0.2534051636511486,-0.00020163831455534176,-0.5803389453402306,1.0001470064455906,0.7492756549533963,-0.9997560710199556,-0.7609716884286346,-621.6246475661992
M15,8,1.0,D1,80,both,1.0,6260,1001.9566170026293,-2.00782497876352,0.794184326316079,0.8149691756116947,0.26485623003194886,-0.00023845323696224872,-0.6309207844391677,1.000376057726692,0.45549168487067215,-1.000387707449366,,-528.6374449444892
M15,8,1.0,D1,80,long,0.0,8345,944.2414033457248,-1.9233984491822906,0.8087157339950357,0.8109949357413816,0.2529658478130617,-0.00019304876367294286,-0.11509297136924876,1.0005664623675494,0.8784120121060177,-0.9999999999863652,-0.9410370604467251,-801.6544227653148
M15,8,1.0,D1,80,long,1.0,6111,625.5725196188341,-1.6902974013878103,0.7729279128832854,0.8025569119284879,0.2570774014072983,-0.00022768605622793358,-0.6232412341748246,1.0002767410476094,0.5901429260339295,-1.0002866707632605,,-663.306582204528
M15,8,1.0,D1,80,short,0.0,7060,740.7828210284401,-1.820422682136398,0.7735607243163307,0.7921380467310578,0.25538243626062324,-0.0002050157890379994,-0.0813037775451111,1.0000643738875012,0.9366442740115051,-0.999999999346126,-0.8912824434467483,-92.92860506946184
M15,8,1.0,D1,80,short,1.0,6199,545.8497468659596,-1.4298869400005476,0.7331658747879668,0.8135305857449363,0.2624616873689305,-0.00020066558305145918,-0.6035437303492698,1.0000504561133146,0.3826039094665102,-1.0000000215299838,,-81.84784387007988
M15,8,1.0,D1,120,both,0.0,9632,1682.490674318508,-2.239146655394958,0.8369161053262373,0.8306028924481298,0.2542566445182724,-0.00018232745787585036,-0.26414363219975395,1.000102718915194,0.9418103331046875,-1.000105463780604,,-670.3642005425041
M15,8,1.0,D1,120,both,1.0,6423,1089.6427078495124,-1.9834929464043047,0.786504845374345,0.8224330757431814,0.2671648762260626,-0.00022557559851552858,-0.8664058485123304,1.0000315338779684,0.595010724137915,-1.000000968904384,,-540.7318615773995
M15,8,1.0,D1,120,long,0.0,8980,927.5862556561085,-1.404561758817147,0.7555448037965691,0.8542806644696551,0.2574610244988864,-0.00014607021655995743,0.07160105973978734,1.0002401460738362,1.0862622173946639,-0.9999837676369675,-0.679920470757949,-995.1624404467874
M15,8,1.0,D1,120,long,1.0,6580,645.5398871877518,-1.4514013210392547,0.7463816047281145,0.8272947351622325,0.26185410334346504,-0.00019465865647405522,-0.7720990947283973,1.0000030703885239,0.7782601417992469,-1.0000031718187998,,-795.8375470967217
M15,8,1.0,D1,120,short,0.0,6033,742.6873104145602,-2.061872775713545,0.7727936800308993,0.7662638879121025,0.2443228907674457,-0.00023975982457118562,-0.10166993862088614,1.0006889234405394,0.8970574683387446,-1.0000002056038715,,-84.84306823912277
M15,8,1.0,D1,120,short,1.0,5628,579.8665726375176,-1.5984977060834633,0.7368934409574772,0.7956115757907933,0.2572850035536603,-0.00022260274205596815,0.1895205118984222,1.0002119216046048,1.4750614595405995,-0.9999999971764528,-0.8684307034395113,-72.82795706065797
M15,8,4.0,none,0,both,0.0,5752,266.95273189326554,-0.2899457644025222,0.7613559722812772,0.9472985112199295,0.33240611961057026,-0.00013911341932367348,0.015005867470274914,0.9905658640493866,1.0046666054934263,-0.9760390048434312,-0.15900746534962606,239.6099515656876
M15,8,4.0,none,0,both,1.0,4694,218.2387347250509,-0.379986844835759,0.7530411296757888,0.925857948356781,0.34256497656582874,-0.00020991245808787428,-0.23728466151575206,0.9569240332282298,0.9421059075439017,-0.9389834277603488,-0.12192488045206562,610.16572239651
M15,8,4.0,none,0,long,0.0,5087,236.08980304955526,0.1944260551140441,0.4595506993377534,1.0380424109557547,0.35128759583251423,9.278962136359841e-05,0.26883745978962387,0.4922148430146025,1.0548572169434278,0.785376298851598,0.027265928307680154,17853.762988515773
M15,8,4.0,none,0,long,1.0,3896,181.20641792945372,0.07797816262440384,0.4513776932301382,1.017028298955649,0.3603696098562628,4.490406473674212e-05,0.19473626981680783,0.6259931136972284,1.0439650885010872,0.46756778401554944,0.01800199414437298,14675.677840155337
M15,8,4.0,none,0,short,0.0,5087,236.08980304955526,-0.6673265421051549,0.8582698597998707,0.8707245823751629,0.3031256143109888,-0.0003463223343900276,-0.3127750076858249,1.0007089201091703,0.795045245683834,-0.9993854562667477,-0.29049511724714616,76.88815164047199
M15,8,4.0,none,0,short,1.0,3857,179.34681731381283,-0.6016017254865387,0.8357101842226917,0.8675554884204515,0.31164117189525536,-0.0003881365079227088,-0.3162166006764145,0.9865890151177592,0.8807467233541626,-0.9707671394763155,-0.15147531553057625,292.3286052368409
M15,8,4.0,H4,20,both,0.0,3478,161.60024169952933,-0.17310433008226708,0.5908521454882851,0.958796119146931,0.3312248418631397,-0.00010915375956391459,-0.2055677563771585,0.7396337813028513,0.9486826871941831,-0.589864690326015,-0.04056574510090394,4101.353096739801
M15,8,4.0,H4,20,both,1.0,2745,127.67238634916593,-0.3250635778821084,0.6145982223071078,0.9154434863403984,0.33114754098360655,-0.0002439133274709493,-0.29724766500978156,0.7885187535125913,0.91851311902182,-0.7028627037023911,-0.054880399212632214,2971.3729629760846
M15,8,4.0,H4,20,long,0.0,2050,95.35946255731024,0.015199536582864836,0.38904692548295494,1.0044791233741024,0.35073170731707315,1.1257212680077301e-05,0.05556883941566579,0.4244948130057802,1.0170974306931508,0.022347215068480253,0.001028604825107804,10223.472150684725
M15,8,4.0,H4,20,long,1.0,1586,73.83208004078512,-0.11001900801882265,0.35803747135021347,0.9643252799974855,0.35498108448928123,-9.704149309139254e-05,-0.028501686724450057,0.465084657256858,0.9904865750868566,-0.13127409837382642,-0.006529793827130259,8687.259016261698
M15,8,4.0,H4,20,short,0.0,1829,84.98184073273121,-0.2777511123507426,0.4784062863595758,0.9063378310751381,0.3056314926189174,-0.0002567271393655375,-0.31701259312011704,0.6002903116818508,0.8864779191165187,-0.5511726735047631,-0.03653849478024973,4488.273264952353
M15,8,4.0,H4,20,short,1.0,1413,66.06480414746544,-0.29341309585235315,0.4906938996030723,0.8892850770138164,0.3050247699929229,-0.0003313203019819015,-0.35021168744241976,0.6222240333930867,0.8629761272700208,-0.5687179862900114,-0.03855760268382158,4312.820137099869
M15,8,4.0,H4,32,both,0.0,3794,176.46230739844646,-0.05992065758835414,0.5817572545961149,0.9855879089281434,0.3386926726410121,-3.842066008077825e-05,-0.055314023367937754,0.6272657930749133,0.9842510542991667,-0.3966367489919491,-0.023225017446640628,6033.632510080533
M15,8,4.0,H4,32,both,1.0,2944,136.92805297338597,-0.276753928440591,0.6522786083254568,0.9267465499503453,0.3389945652173913,-0.00021364902946062312,-0.20121333282854303,0.7829376817522928,0.9416372691531042,-0.6581040060048717,-0.04869233325781874,3418.959939951224
M15,8,4.0,H4,32,long,0.0,2099,97.73836690464049,0.09762219413348971,0.4820539878031662,1.0296643927879392,0.36160076226774657,7.506801498357754e-05,0.24151560973236932,0.4268854592736737,1.0766344486185189,0.46626296209812934,0.017980669642999603,14662.629620981086
M15,8,4.0,H4,32,long,1.0,1595,74.26998342682305,-0.1344540331229151,0.48577503666342736,0.9551917787645055,0.36551724137931035,-0.0001238640608634038,0.028816731615533997,0.5873952746081856,1.0097835231137533,-0.037786135798191345,-0.0017919795679293138,9622.138642018064
M15,8,4.0,H4,32,short,0.0,1938,90.13810008913791,-0.16477446461756712,0.48949368603438204,0.9422680270289757,0.30701754385964913,-0.00016032416788604363,-0.2147900833811451,0.6262912039147295,0.9113186647725793,-0.5144527982303246,-0.033044815006295525,4855.472017696744
M15,8,4.0,H4,32,short,1.0,1500,69.76633133834204,-0.21643311011475497,0.5264277668623871,0.9154073039896086,0.306,-0.0002586461249403493,-0.26498327395656707,0.6512760549436527,0.886351607129844,-0.550199701897539,-0.03647798938286806,4498.0029810246015
M15,8,4.0,H4,50,both,0.0,4076,189.74751465715016,-0.1175665503969061,0.6237347494774543,0.9729343206255224,0.3336604514229637,-7.13065668903176e-05,-0.20615859144816165,0.8458614587988854,0.9466950890998603,-0.6987467308104993,-0.054322552912758004,3012.5326918950004
M15,8,4.0,H4,50,both,1.0,3130,146.43685154348663,-0.21923280683089447,0.6453237959259068,0.9436115164602017,0.33865814696485624,-0.0001622981531205149,-0.26057279782631854,0.8548634295501792,0.9279119791300644,-0.7428357185985874,-0.06155949933438998,2571.6428140140874
M15,8,4.0,H4,50,long,0.0,2247,104.64321688129542,0.12101817928752875,0.416652100953518,1.0360911291887351,0.35647530040053405,8.860887428014992e-05,0.15484967235258226,0.5343426835708652,1.048181372522963,0.251691358528632,0.01050965096077694,12516.913585286278
M15,8,4.0,H4,50,long,1.0,1694,79.28414915427986,0.02108820828033465,0.42169754849236685,1.0070600058122638,0.3624557260920897,1.884790566548238e-05,0.0579866935546332,0.5839129843912048,1.0196381781941735,0.02075863009946266,0.0009620802833192332,10207.586300994592
M15,8,4.0,H4,50,short,0.0,2029,94.51501721719168,-0.2684991262640558,0.5235254931140081,0.9109042799520934,0.30409068506653525,-0.0002517343093976542,-0.3416934330875787,0.6915369965636451,0.8734217126976985,-0.6408621259151154,-0.04658243874147483,3591.378740848844
M15,8,4.0,H4,50,short,1.0,1564,73.64328993167462,-0.3096091672070469,0.5599972404702994,0.8853765034099335,0.3101023017902813,-0.00035515996353662643,-0.41267072456990833,0.7503320000151219,0.8290842795820434,-0.7083103654102765,-0.056362913258029224,2916.896345897216
M15,8,4.0,H4,80,both,0.0,4260,198.69301494062063,-0.010389787592469822,0.6009537468430222,0.9976867657677585,0.3312206572769953,-6.097600067447757e-06,-0.12635623675787505,0.7594422070371096,0.9670757477027982,-0.5407528472609542,-0.035644142571507276,4592.471527390445
M15,8,4.0,H4,80,both,1.0,3233,151.81965158138337,-0.28392748402058976,0.6953858055538774,0.9307247460462889,0.32663161150634085,-0.0002029418470782669,-0.3339184199032101,0.9110329803266101,0.9121048318130202,-0.826279140949482,-0.07890605931363737,1737.208590505161
M15,8,4.0,H4,80,long,0.0,2347,109.60769083237437,0.15588127307781685,0.3789830840578837,1.0450104022881,0.3510864933958245,0.0001131278175861327,0.19168813210952892,0.4761741173683399,1.0578034745508251,0.3439425292402538,0.013900952922338838,13439.425292402424
M15,8,4.0,H4,80,long,1.0,1752,82.29398148148148,-0.10140487570523703,0.4548869940740834,0.9679592375789522,0.3464611872146119,-8.94530684385196e-05,-0.02567426183212074,0.665693217163497,0.9915617309011522,-0.16480415998192988,-0.00842336653495579,8351.958400180625
M15,8,4.0,H4,80,short,0.0,2044,95.33533392925553,-0.083513008635599,0.4643392993617992,0.9719679352325282,0.312133072407045,-7.696601175982464e-05,-0.21287294068755477,0.6068006906094108,0.918934570241834,-0.486066290869251,-0.030570439397957117,5139.337091307488
M15,8,4.0,H4,80,short,1.0,1576,75.0990215264188,-0.2112267705342335,0.5393055016840573,0.922617680415684,0.309010152284264,-0.00023552885388512858,-0.31505308718864683,0.688085567198014,0.8730060632246095,-0.6061332255228162,-0.04342787036696638,3938.667744771829
M15,8,4.0,H4,120,both,0.0,4428,207.0311059907834,0.08308038211171073,0.4713628177989546,1.0175705480419073,0.3333333333333333,4.5744909668268556e-05,0.17631794349092597,0.4714546640126739,1.0398952313322627,0.3749121151374586,0.014997666272956733,13749.121151374598
M15,8,4.0,H4,120,both,1.0,3386,158.35294494238155,-0.14600813328719733,0.5708228126889479,0.9660171592311184,0.33431777909037214,-9.720366211154431e-05,-0.026696880221735192,0.711365802978907,0.9933221462591096,-0.30043448528925243,-0.01657081001403682,6995.655147107397
M15,8,4.0,H4,120,long,0.0,2404,112.42778489116517,0.19961228795923686,0.3062054439654026,1.055029853015084,0.3544093178036606,0.00013659964759971243,0.23676650097701565,0.34854574119578796,1.069116099273831,0.44670013520105356,0.017420342607413986,14467.00135201045
M15,8,4.0,H4,120,long,1.0,1833,85.75678877930063,-0.062375787274427025,0.3471139186415585,0.9813819064941465,0.3557010365521004,-5.043094156647647e-05,0.07383871724973876,0.4914265995231153,1.023402173919683,0.05465337629313338,0.0024926289628777187,10546.533762931236
M15,8,4.0,H4,120,short,0.0,2123,99.45180838784147,-0.1597453871581739,0.3783850153078052,0.9504563190154479,0.3052284503061705,-0.0001362901790522782,-0.11299536299752728,0.41312100379148986,0.9624979482964424,-0.30084180955725115,-0.016625038422460103,6991.581904427485
M15,8,4.0,H4,120,short,1.0,1626,76.17964340687533,-0.20477896095300935,0.44953969860592546,0.9289845167358194,0.3075030750307503,-0.00021510464068678778,-0.18127608978537638,0.5164495973565207,0.9348193359268493,-0.388830526019563,-0.022804472636594575,6111.694739804369
M15,8,4.0,D1,20,both,0.0,4636,216.75614439324116,-0.08342091059716177,0.596769910249982,0.9830458971546034,0.3328300258843831,-4.349611168692379e-05,-0.03136924205418985,0.7438943749371381,0.9929324113415682,-0.33246555902436037,-0.018719275141852676,6675.344409756427
M15,8,4.0,D1,20,both,1.0,3564,166.69880906646176,-0.23757418952813864,0.6255130238883244,0.9465090882965339,0.33613916947250283,-0.0001498040965126793,-0.14268211518056506,0.8171027912736565,0.9650827418578906,-0.5666414741124728,-0.03835610797788691,4333.585258875248
M15,8,4.0,D1,20,long,0.0,2703,126.37874423963133,0.25928427772027396,0.23876739874945974,1.0685817650325886,0.3547909729929708,0.00016488675404521144,0.24645979843889282,0.3391899909029934,1.068425299902286,0.4705565296284926,0.01819417163682968,14705.565296284767
M15,8,4.0,D1,20,long,1.0,2060,96.35228582404918,0.045810652006465696,0.30305518979812696,1.0133131830625313,0.3587378640776699,3.469061630615338e-05,0.12838755504675228,0.4652805813835573,1.0390886762858733,0.18268427337526538,0.007878753225810886,11826.842733752492
M15,8,4.0,D1,20,short,0.0,2379,111.77382943143812,-0.3013715411369874,0.5054866383524652,0.9136388924011231,0.30222782681799076,-0.0002317056648374518,-0.19564851453511742,0.5469391374970081,0.9397772565351122,-0.441893183136153,-0.02702902539786267,5581.068168638485
M15,8,4.0,D1,20,short,1.0,1806,84.86318023928986,-0.2974615744818507,0.4997909168974559,0.9038965805280325,0.30952380952380953,-0.0002836107557986073,-0.2736358948370656,0.5957855441211084,0.9096499136304991,-0.514544010028293,-0.033387706727118105,4854.559899717047
M15,8,4.0,D1,32,both,0.0,4722,221.7706699241353,-0.07958035823407535,0.6195799915569411,0.9838199348001502,0.3354510800508259,-4.19754388334731e-05,-0.07512183576497532,0.6148654354133397,0.9838776515427511,-0.36207395180462776,-0.020891189408566935,6379.260481953624
M15,8,4.0,D1,32,both,1.0,3650,171.88789324394017,-0.2671309367213834,0.653355577627827,0.9404002323691055,0.33945205479452056,-0.00016889460845542377,-0.20352979191641327,0.7453665535654124,0.9525366285531994,-0.6214168228577437,-0.044711541942445754,3785.831771422537
M15,8,4.0,D1,32,long,0.0,2774,130.43299433573637,0.15067789087289782,0.270044801414412,1.040414979566565,0.3449891852919971,0.00010058893132896792,0.13599792330904903,0.32157970356015975,1.0370822041772505,0.19947372988188738,0.008588775913696889,11994.737298818794
M15,8,4.0,D1,32,long,1.0,2151,101.29612558019598,-0.07065804709522303,0.3093922785323443,0.9793801866453149,0.34774523477452346,-5.5835572961684747e-05,0.002299881503953762,0.4683397495007957,1.0006780207902124,-0.1074141505026951,-0.00533695819049107,8925.858494973005
M15,8,4.0,D1,32,short,0.0,2268,106.61351351351351,-0.3168377983803106,0.58006452254556,0.9065182474854673,0.3152557319223986,-0.00025028733707713077,-0.3178170799613742,0.6112501223030193,0.9041683772254877,-0.5363839117262449,-0.03548969631054477,4636.160882737565
M15,8,4.0,D1,32,short,1.0,1703,81.22496082528075,-0.3744316615829484,0.5978272629886947,0.876942882069476,0.31943628890193776,-0.00036642708192503805,-0.37359840130451744,0.6466521062038202,0.8786411320634606,-0.570951019442287,-0.03955536646559399,4290.489805577123
M15,8,4.0,D1,50,both,0.0,4744,224.2166149068323,-0.18500566333965388,0.6557823599165742,0.9638720471321273,0.33284148397976393,-9.337056898872873e-05,-0.11692415638108176,0.7968078042451808,0.9756225315601337,-0.4897458449785709,-0.031300540028493695,5102.541550214306
M15,8,4.0,D1,50,both,1.0,3668,173.40629044783847,-0.30286292175414087,0.6797724158585177,0.9348204569675315,0.3377862595419847,-0.00018458479359186622,-0.20404850487945014,0.8466831595228893,0.9539107750413981,-0.6386341367014203,-0.0469805621643693,3613.658632985774
M15,8,4.0,D1,50,long,0.0,2783,131.53348214285714,0.19414625074402256,0.2636635911452314,1.0518947061026434,0.3485447358965146,0.00012651835538953694,0.22152916065391776,0.3293692137628955,1.0607289898888115,0.4199721894136794,0.016710321046671472,14199.721894136605
M15,8,4.0,D1,50,long,1.0,2146,101.45308050737769,0.09114688699695213,0.2646198802690465,1.0270944376394247,0.35880708294501396,7.145164544686836e-05,0.17850801300085536,0.361754721547636,1.0535521665776824,0.3058706099020263,0.012696315152885829,13058.706099020112
M15,8,4.0,D1,50,short,0.0,2212,105.32303480641376,-0.37516819630836756,0.5840650690156073,0.8892246315674205,0.30560578661844484,-0.0003016113600603919,-0.26731407790818473,0.5753695440612754,0.9148033525641542,-0.5140662615552963,-0.03377881152545947,4859.337384447013
M15,8,4.0,D1,50,short,1.0,1702,81.27278075565434,-0.3732394107002849,0.6210309729044634,0.8773010047023814,0.30669800235017625,-0.00037091939571442574,-0.30892095855235796,0.6206890475862525,0.8940370026055315,-0.5372507878355963,-0.036127015174628685,4627.492121644008
M15,8,4.0,D1,80,both,0.0,4737,226.5535223255205,-0.2702196882822785,0.6650577521431533,0.9468479321078005,0.3324889170360988,-0.00013761176341278578,-0.18935953493024185,0.8421552594484538,0.9598240782715075,-0.6590921685454552,-0.050165975885828495,3409.0783145454056
M15,8,4.0,D1,80,both,1.0,3703,177.449586722645,-0.34588717411482617,0.6948636212899875,0.9247979873971487,0.33648393194706994,-0.00021218619930373915,-0.2586398106789555,0.8693361913140376,0.9409213117735645,-0.7270240312325216,-0.060322552401378626,2729.759687674774
M15,8,4.0,D1,80,long,0.0,2735,131.0797467523947,0.1773880103930126,0.27200770880204883,1.0455930191153227,0.3491773308957952,0.00011285432436087375,0.23514172349360446,0.32776066843741747,1.0631751263953955,0.4676155680018612,0.01855665744094659,14676.15568001852
M15,8,4.0,D1,80,long,1.0,2134,104.69355271994628,0.08892319709293359,0.2942635450546688,1.0249481069986772,0.35660731021555764,6.668363754193785e-05,0.18722984522446043,0.365543538523333,1.0542110705231864,0.32703189878755,0.013977998247687307,13270.318987875358
M15,8,4.0,D1,80,short,0.0,2199,105.26667758846658,-0.5594832726130433,0.6596542100725308,0.8378810586940202,0.30877671668940426,-0.00043797979588883516,-0.43548404646432837,0.70270464604924,0.8653388744037871,-0.6818778267587491,-0.05335085261377537,3181.2217324124967
M15,8,4.0,D1,80,short,1.0,1695,81.29990151017729,-0.5839653857038366,0.6718175931124972,0.8124100403679122,0.30855457227138644,-0.0005625802509484817,-0.505482326423269,0.7372422959562863,0.832137921832558,-0.7035462844982711,-0.056650434898284696,2964.537155017276
M15,8,4.0,D1,120,both,0.0,4725,229.4039944171208,-0.21714193731101641,0.682465084317997,0.9583436048691486,0.32994708994708993,-0.00010702968863447977,-0.16998449852712738,0.8309445042096134,0.9656938551771317,-0.6179328166428606,-0.04563957825212539,3820.671833571355
M15,8,4.0,D1,120,both,1.0,3719,182.42878726833197,-0.35867136967478386,0.6962164175550916,0.9249941512390616,0.3339607421349825,-0.00020892445104822235,-0.25229632687852077,0.8694779958968479,0.94473576587997,-0.7215350954442634,-0.060786720959697726,2784.649045557348
M15,8,4.0,D1,120,long,0.0,2686,130.40828127076963,0.18501042682662397,0.40464866393182863,1.047539922646322,0.35331347728965,0.00011874356996738238,0.27637237320122915,0.46979851773750847,1.0757255547776456,0.62960678902319,0.02399269052297126,16296.067890231769
M15,8,4.0,D1,120,long,1.0,2128,104.38517324738113,0.04861642770460116,0.36865061312872804,1.0135834722174502,0.3576127819548872,3.642642043069888e-05,0.1828925221933881,0.4888625405211544,1.0541752404403746,0.3396989738309466,0.014448743647469842,13396.98973830942
M15,8,4.0,D1,120,short,0.0,2201,108.76948315518875,-0.44553448584834465,0.5948804520329819,0.8702619945884695,0.3012267151294866,-0.0003417679315129788,-0.34939504547971806,0.6621470191549766,0.8940553620069731,-0.5759088419716875,-0.04150533286704361,4240.911580283133
M15,8,4.0,D1,120,short,1.0,1695,85.62914937759335,-0.4393583882253901,0.5766305048814238,0.857911000081105,0.30796460176991153,-0.0004109165575634175,-0.34544381401258456,0.6481833016419826,0.8852254163824435,-0.5504470189916703,-0.03958496277859758,4495.529810083298
M15,8,1.5,none,0,both,0.0,8922,1313.4866989117293,-2.040421087753365,0.879326362311207,0.8360517955275344,0.28379287155346333,-0.00022821030966561177,-0.2508031644924337,1.005537543767858,0.83926159972865,-1.0000278075915858,,-761.1564058367885
M15,8,1.5,none,0,both,1.0,5498,774.448322406479,-2.0409909504101496,0.8568710065247085,0.8008749978054136,0.2888323026555111,-0.0003412795689304716,-1.0562848636601447,1.0003043821385644,0.472645647943528,-1.0000000000384304,,-524.4038735921823
M15,8,1.5,none,0,long,0.0,9946,1044.5015813686027,-1.3623155448418132,0.833782684372975,0.8728831375093418,0.29408807560828476,-0.0001678444298396645,-0.5332276490854411,1.002107977420349,0.7482623709838042,-1.0021811444264608,,-1407.2739594236018
M15,8,1.5,none,0,long,1.0,6839,689.84942004971,-1.3665868481758656,0.8109318822602776,0.8498620137829987,0.294195057756982,-0.00023020493230205025,-0.17575966863283451,1.0013108575490124,0.7370756833021159,-0.9998743637370172,-0.5958728557660125,-987.5808168058495
M15,8,1.5,none,0,short,0.0,6635,1078.5196929238984,-2.6678179694023405,0.890078686168283,0.7681065770247589,0.27309721175584023,-0.0003245416757824421,-0.900251641454199,1.0000977008855778,0.504074926360628,-0.9999145860107479,-0.7818929175679287,-178.47036540771228
M15,8,1.5,none,0,short,1.0,4189,592.1177438080496,-2.273260302151311,0.8460004395285863,0.7491898485731239,0.27405108617808543,-0.0004337879395560066,-1.3042231904020556,1.000019874758929,0.5593936895158975,-1.000019945723094,,-124.98611558100148
M15,8,1.5,H4,20,both,0.0,10156,969.7984313725491,-1.4120779413093785,0.8604582260765802,0.8627087460287842,0.28111461205198895,-0.00018055571826382734,0.03287523335039352,1.030385996197457,1.0279766790951739,-0.9999956417934365,-0.6923149098145207,-733.373137112876
M15,8,1.5,H4,20,both,1.0,6900,644.0646562739586,-1.3676660087056902,0.8239760034069131,0.844398539556144,0.2842028985507246,-0.00023941319472062166,-0.40136553633897304,1.000374374886269,0.1394646771804199,-1.0000000057758158,,-507.41226787955753
M15,8,1.5,H4,20,long,0.0,7979,534.4452136438658,-1.180626293789383,0.7976807466215483,0.8483837177609587,0.2856247650081464,-0.0001796498704175602,-0.287739504794309,1.0327563121303454,0.15223878365044277,-0.9989669688589675,-0.36904134353617624,-987.7671450885342
M15,8,1.5,H4,20,long,1.0,5259,346.9743045520231,-1.287354222000173,0.7747949546405318,0.8066835118463234,0.2833238258223997,-0.00027121491147882095,-0.6521960419387961,1.0003333945846424,0.5738437171573055,-0.9989573679037614,-0.36428198358401365,-712.249483148503
M15,8,1.5,H4,20,short,0.0,8824,484.07419645539204,-1.0192651260011598,0.7929915504284394,0.8582835316878519,0.2842248413417951,-0.00017027730670710978,-0.12852144446748143,1.0002448982533318,0.8161585336689701,-0.9999977196836762,-0.5096724580144962,-201.8420668794413
M15,8,1.5,H4,20,short,1.0,6812,349.0086968719316,-0.9261711983316332,0.7483149522337675,0.8530389047144439,0.29095713446858484,-0.00019507655478274055,-0.1906198592380453,1.0000592332872011,0.7184654993903729,-1.00000000002538,,-190.0961234915692
M15,8,1.5,H4,32,both,0.0,8257,999.293986083499,-1.9148855068731514,0.8741662038526875,0.8241194631459273,0.28000484437447015,-0.00024176517707249576,-0.06590761805731427,1.0004535140162882,0.9317588622798223,-0.9999996866980134,-0.836748802709878,-666.3256181610706
M15,8,1.5,H4,32,both,1.0,5395,625.7617497618292,-1.784620146998634,0.8374132782094228,0.8026754484881639,0.27859128822984247,-0.0003218995399142732,-0.4167973595379817,1.0001154337069635,0.5946048542395661,-1.0000000000296887,,-463.69441617060926
M15,8,1.5,H4,32,long,0.0,7162,537.3706861133936,-1.559900512306706,0.8288053518445764,0.8096387022190891,0.28064786372521644,-0.00023725947467763173,-1.0323384059758551,1.0001475385914704,0.6731051963554251,-1.0001487978522516,,-819.4716670249186
M15,8,1.5,H4,32,long,1.0,4782,351.4337022132797,-1.5297448446911746,0.7970459843040778,0.7804920597919011,0.280426599749059,-0.00031742581808702806,-1.0313220008949053,1.0000863513639473,0.4722297831572485,-0.999999996895328,-0.7630044512909696,-603.239423996181
M15,8,1.5,H4,32,short,0.0,8816,488.47754854368935,-1.072936284053396,0.8050444402205748,0.85169395903835,0.286070780399274,-0.00017807888260896088,-0.24591740654245464,1.0005893541291655,0.01946563093046286,-0.9999999999220315,-0.724621037672226,-195.0361002127482
M15,8,1.5,H4,32,short,1.0,6637,350.1609490105445,-0.9771411843108279,0.7655073766945008,0.8457829030411278,0.28989001054693386,-0.00020834738589193272,-0.20658088819812537,1.0002565823618113,0.8678601481018708,-0.9998796409102765,-0.3788302453658896,-169.1156946042669
M15,8,1.5,H4,50,both,0.0,9988,998.6632904462086,-1.5207469484923857,0.8655049212337449,0.8553449326011988,0.28103724469363234,-0.00019160386252741764,-0.3201051182489481,1.0154571992450832,0.0074337868962493425,-1.0017280842944138,,-759.1744871197964
M15,8,1.5,H4,50,both,1.0,6476,658.3242415808517,-1.4159148689978982,0.8141851484386645,0.8416002464013066,0.28289067325509576,-0.00024869795702480796,-0.8446883939517168,1.0028713958209037,0.5883517509897619,-0.9999999997757848,-0.8955069912831513,-537.3591071275448
M15,8,1.5,H4,50,long,0.0,6549,545.75,-1.4843004415823522,0.8036363620434659,0.8176436379636676,0.28019544968697513,-0.00023025608135283134,-0.320821124145961,1.0004662564118687,0.7556848070104887,-0.9999999688345966,-0.7631503597903779,-921.4660546526994
M15,8,1.5,H4,50,long,1.0,4316,359.09316628701595,-1.5853529050459982,0.7800637882301437,0.7738014201909051,0.27455977757182576,-0.00033585489758602733,0.08814954877659932,1.0003131065950228,1.2131661942039351,-0.9999964677228308,-0.6481191167480467,-664.7528272977163
M15,8,1.5,H4,50,short,0.0,8878,486.5980642256902,-0.9707415889505762,0.7790540331767817,0.8646718889441919,0.2819328677630097,-0.00016295109479928354,-0.3256278133188263,1.0000859214630062,0.25723956152290833,-1.000000000000043,,-198.59800462095964
M15,8,1.5,H4,50,short,1.0,6833,352.5573174177144,-0.8584079849729508,0.7334397813808188,0.8634370893830363,0.28933118688716525,-0.00018212334913753645,-0.5638623981535835,1.0000607027785988,0.6945292572825145,-1.0000003933124109,,-190.32288857301086
M15,8,1.5,H4,80,both,0.0,8850,1018.0984251968505,-1.4738798469741028,0.8387502977822265,0.8605143869474339,0.28214689265536724,-0.0001863417532278051,-0.3724793316947922,1.0004772686504706,0.29018247097907324,-0.9999941838849846,-0.7501227736526312,-824.4981194427429
M15,8,1.5,H4,80,both,1.0,5416,640.1922330097087,-1.704284507645974,0.8339851474415172,0.8107184708429647,0.275480059084195,-0.0003096049426832153,-0.12803662326101822,1.000097801465242,0.8969750426010182,-1.00000000109842,,-517.8500813334707
M15,8,1.5,H4,80,long,0.0,8017,540.6590195716395,-1.1923045178000284,0.7747801175027316,0.8492024965417896,0.2850193339154297,-0.00017612803346049908,-0.2817279965219061,1.0006532428086437,0.09094416848931695,-0.9999981293655356,-0.5891263748325938,-1039.2199690691941
M15,8,1.5,H4,80,long,1.0,4947,347.4791826923077,-1.4173597179962962,0.7751573843902404,0.7920030256581949,0.27996765716595917,-0.0002925147662131902,-0.5591078743678367,1.000562755418646,0.5949211233451548,-0.9999240870362439,-0.48639196697823806,-697.2565937418841
M15,8,1.5,H4,80,short,0.0,7579,478.68403077987205,-0.9929583794735015,0.7721883833700012,0.8593810595264998,0.27945639266393985,-0.00017408986536818287,-0.24036115122156024,1.0002646139019935,0.8381933882020551,-0.9999986356537839,-0.5738463839755388,-170.81326676125792
M15,8,1.5,H4,80,short,1.0,5265,326.1050110225538,-1.056566445286506,0.7696378439317948,0.8281449025704806,0.28129154795821465,-0.0002507930654064949,-0.5037187705020945,1.0009290377631277,0.36007492244047445,-1.0000070929255944,,-129.25595420946502
M15,8,1.5,H4,120,both,0.0,8515,1031.5435323383085,-1.6808163541049508,0.8569470327280744,0.8427904293548476,0.28068115091015855,-0.0002145620122892608,-0.7988762539595868,1.0020427084046062,0.6854229261600271,-1.0001609765486035,,-799.8122069928537
M15,8,1.5,H4,120,both,1.0,5300,644.6303696303696,-1.7066439402533464,0.8276185333990056,0.8088413664437014,0.27679245283018866,-0.0003170836101432325,-0.3699158217942321,1.0001682668642267,0.4091027743772502,-0.999999908195418,-0.8606571622200018,-540.556044661223
M15,8,1.5,H4,120,long,0.0,8260,539.8040794417606,-1.1951933818366924,0.8080536282647475,0.8463336253632563,0.2860774818401937,-0.00017882827134545464,-0.3888493748426254,1.0022248486081797,0.4510300629119579,-0.999999999998896,-0.8345792085718777,-1030.888810096694
M15,8,1.5,H4,120,long,1.0,4979,351.14496041706894,-1.3798512084548653,0.7770414032905542,0.7945546320754908,0.2819843342036554,-0.0002887199337155992,-0.4825117543932111,1.0004044026492882,0.6622531288327633,-0.9999590731428039,-0.5096163027395377,-725.2081092616916
M15,8,1.5,H4,120,short,0.0,7445,481.28960176991154,-1.2701608019157964,0.810513024266203,0.8247938132648375,0.2764271323035594,-0.00021616662983020633,-0.469758946012592,1.000082477432283,0.822352436818244,-1.0000825606305617,,-169.97045991887404
M15,8,1.5,H4,120,short,1.0,6820,354.08742004264394,-0.9812811676543038,0.7832703979854148,0.8436165560298227,0.2868035190615836,-0.00021114230302922703,0.2674691738886379,1.0016197461284488,5.45899844389176,-0.9999999999999847,-0.8082478415484289,-150.9882901324938
M15,8,1.5,D1,20,both,0.0,8589,1039.1295958926798,-1.6558206587404076,0.8481376640839104,0.8461293969188589,0.28292001397135874,-0.00020852821522183241,-0.9526382335415063,1.0005181603015447,0.5956185661562058,-0.9999758042687112,-0.7236195538941157,-844.9689820077609
M15,8,1.5,D1,20,both,1.0,5526,658.5225122349103,-1.668063105003441,0.8216040244949758,0.8153456133512246,0.2815779949330438,-0.0002980641207195304,-0.4140088439142888,1.000285436884168,0.29882309035898813,-0.9999999999659852,-0.9434399784156942,-575.0322463731668
M15,8,1.5,D1,20,long,0.0,8992,547.8445371142619,-0.9609249400156851,0.7772373499201514,0.8759366352045005,0.289479537366548,-0.0001445371429403269,0.05266655893881509,1.011962400089692,1.1377413774731662,-1.000000000000475,,-1260.564419462905
M15,8,1.5,D1,20,long,1.0,5474,359.8593412526998,-1.207534645662375,0.7521896004069909,0.8200493882732562,0.28735842162952135,-0.00024344226338881663,-0.6957095544846128,1.0003442330245989,0.5794289597269244,-0.9998700629354768,-0.44471260128569823,-828.5649793760864
M15,8,1.5,D1,20,short,0.0,7441,479.24973549638514,-1.3853859505323598,0.827936969704467,0.8099676119747894,0.281951350624916,-0.00022950947305120135,-0.5819255817996939,1.0003334000920638,0.5684797085177982,-0.9976150123509667,-0.32221380465713423,-166.4564166811038
M15,8,1.5,D1,20,short,1.0,5686,331.49425379090184,-1.1578151817976075,0.7933331654101321,0.8134159841767304,0.28614139992965176,-0.00026131413834163444,-0.0074881641259204375,1.000988717513868,0.979216271536775,-1.000000000543969,,-162.2442164424617
M15,8,1.5,D1,32,both,0.0,9290,1037.0331601466992,-1.5462278799314746,0.8624623247025515,0.8558055379239793,0.28654467168998926,-0.00019344414745741404,-0.8473680518880256,1.0000369681223178,0.5960693142664761,-1.0000000024552869,,-792.6627045305636
M15,8,1.5,D1,32,both,1.0,5707,668.103125,-1.6931920875081812,0.8353676708932586,0.8150306606708079,0.28684072192044857,-0.00029371631440326635,-0.018426764310570543,1.001871923046535,0.9704115929492227,-0.9999999999983573,-0.9582720763313916,-534.2024123382456
M15,8,1.5,D1,32,long,0.0,8546,563.7396604659563,-1.0761742157649328,0.7856604935307048,0.8646956601057786,0.2893751462672595,-0.0001580519229346365,-0.12949382517836436,1.0018666818602284,0.8207790271477159,-0.9997438344290808,-0.42045534125204154,-1079.094715771597
M15,8,1.5,D1,32,long,1.0,5718,378.83176129149285,-1.2742581985143584,0.7752633226191361,0.8169558766738741,0.2876880027981812,-0.00024925853235598013,-0.24469162149741996,1.0001021161417756,0.5319073953662201,-1.0000855450495634,,-771.6415681239945
M15,8,1.5,D1,32,short,0.0,7332,457.23288372887146,-1.2211204761367835,0.7969257788112226,0.8257632115155473,0.285733769776323,-0.00021028782425199985,-0.45160254562278707,1.0000804223364688,0.8474801761029762,-1.0000823100291174,,-181.16018574100653
M15,8,1.5,D1,32,short,1.0,4941,306.4007215619694,-1.1808243054617087,0.7832604860644935,0.8031365061864613,0.2892127099777373,-0.0002799635034157344,-0.35817058231871257,1.0002637093487965,0.6906211222978391,-1.000005717925978,,-138.42799934993312
M15,8,1.5,D1,50,both,0.0,8170,1053.33303918108,-1.7713632117668459,0.8577950061554437,0.8377318360192919,0.28225214198286414,-0.00022495128884046048,-1.1222328770140644,1.0001755548389106,0.4933010342444576,-0.9999962331635178,-0.8001531430158562,-788.6607438420851
M15,8,1.5,D1,50,both,1.0,5503,678.81484295846,-1.7161304681514986,0.8329539331030578,0.8134489765948343,0.2831182991095766,-0.00030340923142788985,0.3296128537687887,1.0003225825708832,2.35929660509792,-1.0003358036330818,,-586.1848116864331
M15,8,1.5,D1,50,long,0.0,8737,565.1123162741278,-1.08136632117399,0.7912444374932772,0.8639315298445097,0.28922971271603526,-0.00016053342911841518,-0.19707441872760895,1.000038628984951,0.8612775799795327,-1.0000009685709883,,-1186.1851511804653
M15,8,1.5,D1,50,long,1.0,5810,378.4737827715356,-1.2151699785811167,0.7742613472236026,0.8231535688578083,0.29036144578313255,-0.00024174832914168468,-0.4947755141642811,1.000741539154429,0.6032366655648655,-1.0007627749238943,,-921.5284553542284
M15,8,1.5,D1,50,short,0.0,7054,464.8157135125383,-1.3686565384435685,0.8100149838465232,0.8094647274530388,0.28225120499007655,-0.0002282993390898386,-0.551661459960393,1.0001520099437038,0.5457027762302002,-1.0000385875073166,,-126.22943712542899
M15,8,1.5,D1,50,short,1.0,5156,322.9684445206654,-1.2152798880152198,0.7838647755750053,0.8037943657880378,0.29111714507370057,-0.00027423253766575606,-0.6104686698908255,1.0004248138707759,0.29846073136340356,-0.9999999264879498,-0.6426009477423011,-122.78792623346484
M15,8,1.5,D1,80,both,0.0,7849,1057.0970685840707,-1.906775659725731,0.8588648681940347,0.8282920135825546,0.2878073639954134,-0.000240247700686451,-0.6620439242172743,1.0002749874639205,0.21871921108093095,-1.0000052269347977,,-770.1580756897354
M15,8,1.5,D1,80,both,1.0,5596,705.2929606625258,-1.8621552361365052,0.8489884423222542,0.8037768007567034,0.2864546104360257,-0.00031792742942011955,-0.7581495230393185,1.000665415985425,0.528649807552558,-1.000006109494516,,-589.5279668779417
M15,8,1.5,D1,80,long,0.0,8909,562.685846446481,-1.0674577119340165,0.7997541740365651,0.8653622434519248,0.2898192838702436,-0.00016183046275665053,-0.32994936682224946,1.0003740368923697,0.4831966441821539,-1.000013828681898,,-1107.6211544552368
M15,8,1.5,D1,80,long,1.0,5843,385.08764886322626,-1.1613798677202667,0.7707004539077275,0.8312889101430766,0.28889269211021734,-0.0002337831623901167,0.21620229212757125,1.0008158230934348,2.3809528106620923,-1.0000238542550677,,-842.6222939286645
M15,8,1.5,D1,80,short,0.0,7149,462.72767145135566,-1.3460992051331748,0.8117596192165883,0.8107843280193626,0.28703315148971886,-0.00022615675688220462,-0.09593065803194313,1.0005964989595142,0.9406841548789014,-1.0005982208258353,,-143.30113216729814
M15,8,1.5,D1,80,short,1.0,5140,327.18455907981877,-1.2659531778651139,0.7870544455524912,0.7967542971253925,0.28949416342412454,-0.0002832665989998349,-0.15940156479139442,1.0000586780553935,0.9139868325410526,-1.0000604749162163,,-135.63163850279454
M15,8,1.5,D1,120,both,0.0,7439,1073.5261754247333,-1.7245851610109457,0.8390451809056645,0.8424316318092695,0.280682887484877,-0.00022350912956381786,-0.6588787616148948,1.0002980177459315,0.3992589919837648,-0.9998091250496021,-0.7094152379999255,-747.0247988363755
M15,8,1.5,D1,120,both,1.0,5735,750.5226621282694,-1.7500757426861822,0.8306086133197691,0.817174032271201,0.2842197035745423,-0.00029088266656346237,0.37252954371747654,1.001130857518138,1.5312062918616138,-1.000000004240671,,-616.9575351790076
M15,8,1.5,D1,120,long,0.0,8390,562.9036554004409,-0.9892415816271031,0.7887844796700213,0.8729479075190343,0.2893921334922527,-0.0001541125976568989,-0.6537261573690532,1.0004015619696836,0.6277588036573191,-1.0004473427655056,,-1150.348483560533
M15,8,1.5,D1,120,long,1.0,5876,401.61096556886224,-1.19021122181445,0.7774664894006296,0.8284936585855052,0.28982300884955753,-0.00023755391514267255,-0.4752038511335269,1.0003856253563783,0.763372503479068,-0.9999437048692393,-0.4876643909929975,-914.0418937065998
M15,8,1.5,D1,120,short,0.0,6025,468.81790583723904,-1.5000690004087973,0.8014541484952085,0.7908432170601354,0.2745228215767635,-0.00026144710375798164,-0.32008927106573687,1.004715447222082,0.37569092870119963,-0.9998331155306968,-0.49177239817791585,-111.07520413749745
M15,8,1.5,D1,120,short,1.0,4940,330.88850174216026,-1.269730029419146,0.7750596534900234,0.796479842364055,0.28481781376518217,-0.0002813670733585445,-0.6228259631529143,1.0000664061242888,0.5032310691695713,-1.0000689274258325,,-118.90897792804532
M15,8,3.0,none,0,both,0.0,9264,429.94612452350697,-0.6224033417272375,0.855069515812637,0.9094880805202463,0.3166018998272884,-0.00018652254261095804,0.22999118270082344,1.0004355879072422,1.7367202046375763,-1.0,,-1185.2588919880059
M15,8,3.0,none,0,both,1.0,7340,344.0625,-0.7666255350601188,0.884993824271761,0.8787117747216266,0.32057220708446865,-0.0002713363258667868,-0.5292034718275769,1.0004245896089077,0.7839896348468366,-1.0004338075026864,,-1170.9028569965674
M15,8,3.0,none,0,long,0.0,7965,369.6589898348157,-0.1214923388051737,0.689428217094814,0.9809506396930459,0.33044569993722533,-3.69745307909845e-05,0.07856788144553417,1.001909585948931,1.0384437370325357,-0.9987726020997958,-0.26734656405946255,2079.647703836122
M15,8,3.0,none,0,long,1.0,5997,278.9257926906915,-0.2583213617713397,0.6845115907035664,0.9547210736580829,0.3360013340003335,-9.64732545653037e-05,0.025694635238685197,1.00016879184912,1.0250870971037689,-0.9999663720880348,-0.3806404447515418,1059.4162271995217
M15,8,3.0,none,0,short,0.0,7335,371.8402151283831,-0.9424281732201355,0.9005234872273393,0.8550589085464063,0.2991138377641445,-0.0002952893134270787,0.18069658901608712,1.0000409235000227,1.3102884445392238,-0.9999999757927543,-0.5889335689838588,-322.3926698878543
M15,8,3.0,none,0,short,1.0,5383,271.8668072455752,-0.8637981612863874,0.8711582085001075,0.8479994316497064,0.30763514768716327,-0.0003421504623457051,-0.24090945425819277,1.0002868926865391,0.5501831384597259,-0.9999998639104329,-0.5499861565092757,-249.89671715064182
M15,8,3.0,H4,20,both,0.0,6395,297.0966357161028,-0.281755376988042,0.6181995946353208,0.9502448594950575,0.31915559030492574,-0.00010166522903799495,-0.23660787197536354,0.9616138227799459,0.9488662931871983,-0.9468889372173406,-0.12748058858226186,531.1106278266158
M15,8,3.0,H4,20,both,1.0,4918,228.7114209320092,-0.4072983961970772,0.6505728238266826,0.9205151442902566,0.32655551037006914,-0.00017766792454632348,-0.3110827472530037,0.9694659222041875,0.9290113965848517,-0.9657601689044075,-0.14523163001577055,342.3983109559255
M15,8,3.0,H4,20,long,0.0,3709,172.53085201222618,-0.005454498103425415,0.4040139208064051,0.998757175782252,0.33243461849555134,-2.4602271894837346e-06,0.05116087581510655,0.5981204902929547,1.0124289236846815,-0.03836438574486756,-0.0018180680430893714,9616.356142551263
M15,8,3.0,H4,20,long,1.0,2784,129.6018353301045,-0.14267966266787363,0.44264352374609417,0.9639623195525433,0.34087643678160917,-7.861464257371077e-05,-0.03493309293223383,0.6301422479935667,0.9906908315511094,-0.27871840802418624,-0.015094772528400191,7212.815919758179
M15,8,3.0,H4,20,short,0.0,3328,154.61104044772324,-0.37504759259862164,0.5436204599804738,0.9059617047761244,0.3058894230769231,-0.00019482307975746558,-0.5616379940942454,0.8202319364564704,0.8639174731391627,-0.7985757086322439,-0.0717377791552416,2014.2429136775643
M15,8,3.0,H4,20,short,1.0,2546,118.4016424751719,-0.39085149674727204,0.5667184367149443,0.8901261908297804,0.31421838177533384,-0.0002485909956997941,-0.5934165753870773,0.822900477088321,0.8434224379075339,-0.7983355421062193,-0.07175672299119684,2016.6445789377951
M15,8,3.0,H4,32,both,0.0,6697,311.3644666496945,-0.3502169660949726,0.6895248577131676,0.937158533606046,0.3162610123936091,-0.00012896906092520847,-0.0010155222225770922,1.0492067631519733,0.9995789243622987,-1.0591401168614663,,-492.5727173953535
M15,8,3.0,H4,32,both,1.0,5110,237.6101209420751,-0.4853629111076243,0.7274988744073883,0.9031549339892581,0.3207436399217221,-0.0002176466970768441,0.11857223296082411,1.20686427311565,1.1798004040751626,-1.0000665166457676,,-115.50515756447948
M15,8,3.0,H4,32,long,0.0,3708,172.57224770642202,0.02168608730912583,0.4637547542533139,1.0050431902274581,0.33117583603020495,9.847966061681439e-06,0.09039789415279319,0.6057404006141673,1.0223265300133448,0.07832355673712277,0.0035156731755781045,10783.235567371135
M15,8,3.0,H4,32,long,1.0,2762,128.61046659867415,-0.15535495526264315,0.48457095894176494,0.9597494579923442,0.33526430123099205,-8.679361241243113e-05,-0.04108022177341919,0.7246349737143088,0.988961997104521,-0.2934011352263367,-0.016041344464473584,7065.9886477366645
M15,8,3.0,H4,32,short,0.0,3437,159.81721833227243,-0.4234936632563532,0.6146242808093081,0.8901806458883224,0.3049170788478324,-0.0002311208950009994,-0.4104451777680419,0.9451138111680175,0.8457615204575779,-0.933218226096787,-0.1182454346441747,667.8177390321271
M15,8,3.0,H4,32,short,1.0,2636,122.5714831317632,-0.4247914721589244,0.6355784525349804,0.8764562972624641,0.3099393019726859,-0.0002834622613971949,-0.4228679863258957,0.9472533781162168,0.8227113735848474,-0.9336459604431024,-0.11850884787951788,663.5403955689717
M15,8,3.0,H4,50,both,0.0,6987,325.2615026765231,-0.30908369293608146,0.7215005415660303,0.947932685929553,0.31572921139258625,-0.00010593307554042265,-0.22881313458080127,1.0041079223803089,0.43252034407299683,-1.000000346318007,,354.443193318772
M15,8,3.0,H4,50,both,1.0,5293,248.5240069417663,-0.41310819195643034,0.7485832203512178,0.9225469674978207,0.31872284148875873,-0.00017333617552613568,0.2857173123672951,1.0003298048155769,1.5035355582777865,-1.0000072717567252,,215.63697762333044
M15,8,3.0,H4,50,long,0.0,3860,179.80678484887133,0.03094728266409648,0.42851948934581297,1.00708845897099,0.3321243523316062,1.3763715811751294e-05,0.08807006807023261,0.6519227394011682,1.0221083792306995,0.06150755276040987,0.002784358285365496,10615.075527604045
M15,8,3.0,H4,50,long,1.0,2843,133.57418960638023,-0.10867533927801146,0.44974693058379045,0.9720195227679436,0.3341540626099191,-6.034067755607281e-05,-0.013779939856471943,0.7605851692205741,0.9962017880210421,-0.25953204736813096,-0.01401809858382963,7404.6795263187105
M15,8,3.0,H4,50,short,0.0,3501,163.083822216554,-0.2583122688335391,0.5299153214819898,0.9358361107981436,0.2996286775207084,-0.00013510676808032175,-0.4384247269021655,0.7589167245829957,0.8940907407780336,-0.7048424216035662,-0.0552562745767331,2951.5757839643366
M15,8,3.0,H4,50,short,1.0,2685,126.13456591639871,-0.304789483941222,0.5730422609135256,0.9162537105289565,0.3054003724394786,-0.00019232983042380178,-0.5440968363335468,0.8124169409202133,0.8609255143594144,-0.7680488559537582,-0.06634179086834946,2319.511440462406
M15,8,3.0,H4,80,both,0.0,7170,334.37723442288046,-0.2872108520658084,0.7591461359753395,0.9504336678892042,0.3195258019525802,-0.00010138714771137469,-0.5147865759394615,1.0001946176251915,0.708185008633915,-0.9999999472244671,-0.5422732467252855,-965.556619911622
M15,8,3.0,H4,80,both,1.0,5379,251.33423947806062,-0.5892357571641744,0.8277015245718318,0.8878079898187741,0.3151143335192415,-0.00025652171345514057,-0.23185690245300347,1.0001763091544755,0.841706043335181,-1.000009808563521,,-612.7598736767745
M15,8,3.0,H4,80,long,0.0,3961,185.03072643560557,-0.18750535028315318,0.5671741252431575,0.9591577574090694,0.3221408735167887,-8.116771533317356e-05,-0.054305623350868,0.8940251810109896,0.9855911716348215,-0.46931463065758405,-0.02916309051021193,5306.853693424161
M15,8,3.0,H4,80,long,1.0,2911,136.10378264208907,-0.48031706279339026,0.6614715483824081,0.8847408520710882,0.31569907248368256,-0.00025691709534109034,-0.21383485393802215,0.9725141018301839,0.9355850288980484,-0.8223505769795585,-0.07761260102448586,1776.494230204434
M15,8,3.0,H4,80,short,0.0,3449,160.84617594484166,-0.18740086920763008,0.5922312866982259,0.9500309924826918,0.31661351116265585,-0.00010514256500370617,-0.3798352667573347,0.9164940726667232,0.8482592034189144,-0.8859910565155912,-0.09630936213551011,1140.0894348440952
M15,8,3.0,H4,80,short,1.0,2643,124.61026849102878,-0.3179168357124353,0.6387812064703462,0.9067193410416147,0.31517215285660233,-0.00021811725787786317,-0.4674496746531201,0.9281000648934046,0.8173087503638974,-0.9063009987242066,-0.10562408084199248,936.9900127579374
M15,8,3.0,H4,120,both,0.0,7309,341.68849993600406,-0.22060584091405708,0.6755727487932349,0.9633049396767032,0.31536461896292245,-7.481518598902174e-05,-0.025965395448713798,0.9503455091170228,0.9946671096096384,-0.70644487669226,-0.055689062745328366,2935.5512330774977
M15,8,3.0,H4,120,both,1.0,5503,257.35861075544176,-0.42493781172102707,0.7293175180786974,0.9215182889712628,0.3167363256405597,-0.00017669733112773235,-0.22099603351796265,1.00026464059863,0.39859624846455527,-0.8756965926243367,-0.09290720090227234,588.7192430400883
M15,8,3.0,H4,120,long,0.0,3992,186.74154713114757,-0.017812204314688725,0.447544306214247,0.9960405868141203,0.32740480961923846,-7.77112926363554e-06,0.0825212317615122,0.6100878516366948,1.0198533508912884,0.03380668573126111,0.00155650714052058,10338.06685731267
M15,8,3.0,H4,120,long,1.0,2961,138.56569506726456,-0.29522804762591864,0.545842827663737,0.9276438675871718,0.325903411009794,-0.0001575760717905623,-0.06120575485679121,0.8176110873547136,0.9832144966287812,-0.4385219627221869,-0.02664885393590044,5614.780372778188
M15,8,3.0,H4,120,short,0.0,3520,164.89419007310502,-0.32117175096033596,0.515710291366924,0.9227204261179385,0.30170454545454545,-0.00016345257592957182,-0.35352811887833296,0.7032716956745497,0.9139330091122041,-0.6534330498113381,-0.04842865339697611,3465.6695018865985
M15,8,3.0,H4,120,short,1.0,2692,126.77320783909232,-0.33836330726313113,0.5672952485586045,0.9092428836222355,0.3072065378900446,-0.0002103831927696461,-0.423981700351717,0.7535991457248976,0.8886485702203277,-0.6964295373227223,-0.0545941875853414,3035.7046267727733
M15,8,3.0,D1,20,both,0.0,7448,348.1866120568283,-0.37914594080722497,0.7613906729219038,0.9391384934538205,0.3160580021482277,-0.0001230307351245885,-0.35159277022870705,1.0002963169330623,0.5896843585096281,-1.0,,13.008345270280117
M15,8,3.0,D1,20,both,1.0,5642,263.859218950064,-0.5522952260605412,0.798476514783163,0.901522159447709,0.31832683445586674,-0.000217823987637344,-0.058190301077279856,1.0007286927341996,0.8351475588341695,-0.9999998220648451,-0.5165681884930875,-72.16801907752335
M15,8,3.0,D1,20,long,0.0,4239,198.1944124423963,-0.03741362392634288,0.4783325105914774,0.9921185948421258,0.32885114413776834,-1.5119890604512136e-05,0.054530292665223176,0.7320555322718533,1.0132332236706247,-0.06101674822125969,-0.002939255700281862,9389.832517787378
M15,8,3.0,D1,20,long,1.0,3158,147.70898962735305,-0.3195474541796612,0.5509508440929942,0.9262336240133856,0.3302723242558581,-0.00015530027316361887,-0.06330386224632145,0.8860028429485239,0.9823111602491378,-0.4782761047997268,-0.02997289863092656,5217.238952002803
M15,8,3.0,D1,20,short,0.0,3691,172.9046748749519,-0.5468729003168038,0.6472761897196304,0.8743673333998393,0.29504199403955567,-0.00026252447296528595,-0.5606346569137185,0.8404971748700203,0.8689386403052857,-0.8359299193362737,-0.08118495332247855,1640.7008066372541
M15,8,3.0,D1,20,short,1.0,2793,131.68236091390216,-0.5048474643710311,0.6438800917840919,0.8695475735644764,0.30110991765127104,-0.0002990328336143051,-0.6222945509858321,0.8522921034484833,0.8434162594160693,-0.8365412735193195,-0.08184853874126008,1634.5872648067939
M15,8,3.0,D1,32,both,0.0,7547,354.40238493185905,-0.35345594861359086,0.7727459532651697,0.9425431438883808,0.31323704783357625,-0.00011612571673846024,-0.32167904784172296,1.0043282324190739,0.4043726184630676,-0.999999971389225,-0.557652717226379,-656.8404647546157
M15,8,3.0,D1,32,both,1.0,5738,269.5568488745981,-0.6037185115880941,0.8196101247399077,0.8919069571965724,0.3143952596723597,-0.00023999652483513417,-0.6283544100790975,1.0002087911878237,0.6651113209309166,-0.9999952648442991,-0.4378392004866344,-920.5715182428071
M15,8,3.0,D1,32,long,0.0,4360,205.00643666323379,-0.07688001136538927,0.4985296043879992,0.983549318099341,0.32224770642201833,-3.2082471649123866e-05,-0.0751016902913103,0.6778751664603087,0.9826488202419582,-0.36963612469700147,-0.021463975281020287,6303.638753029967
M15,8,3.0,D1,32,long,1.0,3312,156.81980814104227,-0.3509298183864159,0.5324464996979674,0.9180594652274624,0.321256038647343,-0.0001750272153405064,-0.17898771626414306,0.8271164952264165,0.9531927793876782,-0.6602218343040749,-0.04982721858151529,3397.781656959264
M15,8,3.0,D1,32,short,0.0,3537,166.09530084854717,-0.5036146702320227,0.6658535916382335,0.8809586543181314,0.29742719819055696,-0.0002463421761428872,-0.6062062369056611,0.8473851892749207,0.8578194154983879,-0.8303913582764272,-0.07994167269426844,1696.0864172357344
M15,8,3.0,D1,32,short,1.0,2655,124.72524115755627,-0.5569081391698386,0.6782796984744972,0.8530834689616944,0.30056497175141245,-0.0003376755455350495,-0.791489419471749,0.8976502682394583,0.8050435152149756,-0.8823825971066256,-0.09565719767227565,1176.1740289337465
M15,8,3.0,D1,50,both,0.0,7543,356.50630822981367,-0.4557437513423818,0.786507893114308,0.9278219486184793,0.31260771576295904,-0.00014553522473534312,-0.41688711778146836,1.0010229136840996,0.7494570654119904,-1.000282556456354,,-719.4020101447817
M15,8,3.0,D1,50,both,1.0,5756,272.1173958063681,-0.6137259241344897,0.8094563774326385,0.8926285672500359,0.31514940931202223,-0.00023765608510068308,-0.540795880694629,1.0012666292263634,0.5420567810256963,-1.0000009615886327,,-768.7325892047992
M15,8,3.0,D1,50,long,0.0,4336,204.93322981366458,0.01093845861684537,0.4478912997843626,1.0023413408142063,0.32656826568265684,4.528702136422354e-06,0.04948685850382654,0.6136534561284752,1.0115335470685507,-0.06089031680831314,-0.00296481208331556,9391.096831916791
M15,8,3.0,D1,50,long,1.0,3278,154.96887134351542,-0.19674558482241572,0.45724390611308274,0.9535142986402977,0.3270286760219646,-9.85300467174171e-05,-0.01612534951919383,0.7148441871774082,0.9958138621800368,-0.30105882573028186,-0.016790959674452544,6989.4117426972425
M15,8,3.0,D1,50,short,0.0,3497,166.42074918566774,-0.7220217100511367,0.7183440877789578,0.8376412827459159,0.2928224192164713,-0.0003382526566481079,-0.8106234063545869,0.921073816497278,0.8154092595875683,-0.9186586967595167,-0.11255352656128537,813.4130324048326
M15,8,3.0,D1,50,short,1.0,2677,127.83033729899334,-0.6979237434647042,0.7190346680683721,0.8255868936230306,0.2988419872992155,-0.00040047230810351484,-0.9022296406890857,0.9289969115309986,0.7813045424436449,-0.9195809953296057,-0.11339656258468456,804.1900467039407
M15,8,3.0,D1,80,both,0.0,7537,360.4201688923802,-0.48290886837331515,0.7772964106548312,0.9240045698204546,0.31816372562027334,-0.0001524409352111548,-0.17524703177103476,1.0129403580689356,0.6039590367235924,-1.0000000177568773,,-708.8741093104395
M15,8,3.0,D1,80,both,1.0,5802,277.99822904368364,-0.6171076679419263,0.7960806722610684,0.8928956522688017,0.31937263012754225,-0.00023532650127833124,0.01803457477847442,1.0000905442214774,1.019243084784243,-1.000096000165288,,-610.1406625946438
M15,8,3.0,D1,80,long,0.0,4277,204.98284345886367,0.03060783546759302,0.3460641751284276,1.0064736038451638,0.33083937339256486,1.254070206549265e-05,0.08873628210125004,0.479325092184575,1.0200739095162048,0.07006741413994355,0.0032509536483218415,10700.674141399331
M15,8,3.0,D1,80,long,1.0,3278,157.80802688809806,-0.13903701942045213,0.3746972171935553,0.9677034584837477,0.33160463697376447,-6.838817317450723e-05,0.0017728957990513165,0.623655780054317,1.0004392040953871,-0.19792526357245988,-0.010561618772367831,8020.747364275372
M15,8,3.0,D1,80,short,0.0,3478,166.31834249803615,-0.7814237567010471,0.738967128136607,0.8225141475225215,0.3004600345025877,-0.0003665180489522127,-0.793438777781981,0.9306038178188742,0.8186115282986983,-0.9301537929812833,-0.119505225556098,698.4620701871597
M15,8,3.0,D1,80,short,1.0,2655,127.21221959858325,-0.7852717136715981,0.7347122111423933,0.8016481870741184,0.30282485875706217,-0.0004526379100073567,-0.933160622199882,0.9463446202702489,0.7704596678871708,-0.9432390804379437,-0.12843202094156714,567.6091956205569
M15,8,3.0,D1,120,both,0.0,7488,363.55071115246574,-0.3958431402763293,0.7836532123525553,0.937579942254612,0.3174412393162393,-0.00012492466045193205,-0.007659421671140025,1.0000117465087364,0.9868531924621319,-0.99999999999999,-0.7909777706601229,31.99749700091597
M15,8,3.0,D1,120,both,1.0,5851,287.01017324738115,-0.5581483633471053,0.8007394596169023,0.9038937978380671,0.3216544180481969,-0.00020969648163446134,-0.5180943620652146,1.0002123031866268,0.5296180497819233,-1.0000000000004106,,94.19439461407194
M15,8,3.0,D1,120,long,0.0,4170,202.4581284062209,0.113042328998187,0.4380873001482435,1.024192817041154,0.3371702637889688,4.753881549070878e-05,0.19415382050434388,0.5596450296151634,1.0452804467201173,0.42898621466420583,0.0174821133814429,14289.862146641943
M15,8,3.0,D1,120,long,1.0,3281,160.94349315068493,-0.1059833603032254,0.43862327438231874,0.9754773286235894,0.33739713501981106,-5.225868606821408e-05,0.074982976147968,0.6793325048391781,1.0192256750249185,-0.018846882802901255,-0.0009328871804528127,9811.531171971039
M15,8,3.0,D1,120,short,0.0,3490,172.4695575700176,-0.7567833832054208,0.7324839025265371,0.8301882307969618,0.29111747851002867,-0.00034606756453535594,-0.6766487041554011,0.9146760339818397,0.8459647737571596,-0.9021573189918217,-0.10851566469615637,978.4268100817784
M15,8,3.0,D1,120,short,1.0,2676,135.16927119347255,-0.7291501420909627,0.7143751936545237,0.8187832538459271,0.3000747384155456,-0.00040634034707956007,-0.7078355501313794,0.898619898523761,0.824347130405405,-0.8828496276661802,-0.10265246732206279,1171.5037233382006
M15,8,2.0,none,0,both,0.0,9384,841.725442043222,-1.2493268540134712,0.8921345325032812,0.8717620476894438,0.2988064791133845,-0.00021325414569136404,0.2845793261362035,1.9247977640663774,6.770858201569109,-0.9999791015847507,-0.6196146153873635,-941.4248293304306
M15,8,2.0,none,0,both,1.0,4871,563.1949192782527,-1.7890768097129783,0.8902304555350556,0.7968264765124713,0.3017860808868815,-0.0004209974974017045,-0.7702441718182607,1.000545545989217,0.3657289056169055,-1.0004513767528653,,-557.5402154611172
M15,8,2.0,none,0,long,0.0,10123,679.9238230967268,-0.9000072781604405,0.8555431829106674,0.8958294098306927,0.31354341598340413,-0.00015534198330700058,-0.7230072187437194,1.0009975319154272,0.6520226239887089,-0.9994675352212646,-0.3972776782295635,-1874.2453179855727
M15,8,2.0,none,0,long,1.0,6942,450.7672,-1.0784799564426766,0.8488792084226889,0.8545852380385537,0.31748775569000287,-0.0002535115315222808,-0.19460962700929685,1.0004049932980028,0.8452403751179293,-1.0000241239004304,,-1308.3128489068897
M15,8,2.0,none,0,short,0.0,5089,712.4404944423151,-2.1811748324863514,0.8797121655785474,0.7670017664438051,0.2737276478679505,-0.0004022204256947967,-0.6740063768127438,1.0002426177258952,0.3975949978851483,-1.0000042922713157,,-189.3342182618839
M15,8,2.0,none,0,short,1.0,3182,416.717640731445,-1.959312818013768,0.8496310312742735,0.7416229050260396,0.2752985543683218,-0.0005719833585603409,-0.4809102861954677,1.000150450438801,0.6610834144528528,-1.000000121017808,,-127.2955138999865
M15,8,2.0,H4,20,both,0.0,9827,604.6684214959569,-0.9662199878160874,0.8660429035058396,0.8822995622596064,0.3016179912486008,-0.00018119080490928892,-0.258945824427892,1.0005976040087048,0.7933755538620557,-1.0000000002086165,,-1003.8883260597385
M15,8,2.0,H4,20,both,1.0,6785,412.76170053297795,-1.1380262621949788,0.8712805796012493,0.8415230369835758,0.3027266028002948,-0.0002850344846879215,0.09083036604335709,1.0027578865903801,1.1541425894981296,-1.0000000018766981,,-701.4163841034914
M15,8,2.0,H4,20,long,0.0,7416,344.7052685161619,-0.5315816293756188,0.7315122141753723,0.9152540032721539,0.31782632146709816,-0.00012155124857190681,-0.4613043421029869,1.0199907922772902,0.3570944080993952,-0.993870334057864,-0.21085428614400403,-420.50789616839006
M15,8,2.0,H4,20,long,1.0,5472,254.5724111578143,-0.6665632822597609,0.7272511671892129,0.8819691517291898,0.31889619883040937,-0.00018991365902295946,-0.14685328039606804,1.0006906377280205,0.8007889840351233,-0.997191551354715,-0.23915589496694512,421.7292077083148
M15,8,2.0,H4,20,short,0.0,6312,315.21164889253487,-0.9279134575458067,0.796482087037549,0.8446966872713747,0.29340937896070973,-0.00023724986573014423,-0.4276490026214787,1.000606202523115,0.637988889675781,-0.9998567441328625,-0.3572499496928674,-231.36496766942722
M15,8,2.0,H4,20,short,1.0,4726,232.44970374360358,-0.9599795332467175,0.7862375680292331,0.8190600172013585,0.2958104104951333,-0.0003079764141938561,-0.22202510593191785,1.000398850129535,0.6766229868701853,-1.0004290913863838,,-180.38219505292597
M15,8,2.0,H4,32,both,0.0,11186,620.1709927140255,-1.0345255356355667,0.8965776775658653,0.8745739561112628,0.3014482388700161,-0.00019079983937570104,-0.03653605175030526,1.0001712258447168,0.9637477846311594,-1.0000000000000138,,-1001.632368603388
M15,8,2.0,H4,32,both,1.0,7498,431.14680415617124,-1.053868979349464,0.8758916341126456,0.8525214377939591,0.30394771939183785,-0.00026005163437683586,-0.4270345143595831,1.0010485284120534,0.46767309586698363,-0.9999820484538049,-0.4665381269350518,-681.7490307501196
M15,8,2.0,H4,32,long,0.0,7447,346.32247899159665,-0.5562284340423912,0.7412736708643315,0.9102620326118219,0.31542903182489596,-0.00012896193181533285,0.17249208049599243,1.07364437410564,1.6118404919048939,-0.7621710422044761,-0.06460894427533093,206.4051267277671
M15,8,2.0,H4,32,long,1.0,5474,254.7303478150083,-0.6270253762177525,0.7479771998645401,0.8861377622530985,0.3176835951772013,-0.0001829741363176202,0.19147062104882295,1.0071323184666796,2.1135771791570446,-1.0068898587436952,,516.8813964017379
M15,8,2.0,H4,32,short,0.0,6705,314.9030795936737,-0.8120361222208601,0.7963307045008898,0.8529073903339314,0.2953020134228188,-0.00022463011268304255,-0.17231672486606345,1.0072326152849236,0.7334467668008936,-0.986584526180351,-0.18330057971375902,-458.8855639810904
M15,8,2.0,H4,32,short,1.0,5014,235.48456988556,-0.7620727039592919,0.7726713101040507,0.8431374228999986,0.29876346230554446,-0.0002669825561033728,0.15877238707938257,1.0000760108656144,1.6740528646031578,-1.0000000026394955,,-392.3887274591383
M15,8,2.0,H4,50,both,0.0,10378,634.0857310137169,-1.0775737559255687,0.8878236066887173,0.8702641117349631,0.3019849682019657,-0.00019871950840070555,-0.6420719585451098,1.0003640618451397,0.3446919039172974,-1.0000000082655516,,-1048.3508839619801
M15,8,2.0,H4,50,both,1.0,5445,438.54162072767366,-1.27236401472223,0.8564125683335815,0.8259434702664037,0.29990817263544534,-0.0003297405900175936,-0.5572690345313233,1.0001679815356572,0.8135202926574813,-1.0001758798090465,,-686.963528601168
M15,8,2.0,H4,50,long,0.0,7498,349.1387684854666,-0.5653662561360544,0.7732382414334813,0.9083037760662378,0.3152840757535343,-0.00013063871526029785,0.21022183675396774,1.001264358365371,1.6701661285552678,-1.0000000000004168,,-148.7285315923568
M15,8,2.0,H4,50,long,1.0,5489,256.0154833354616,-0.7031320946591285,0.7777116733372685,0.8717443166793434,0.313171798141738,-0.0002055163149788022,-0.18628216480438828,1.0057895653744513,0.3678654023582421,-0.9999540521355751,-0.37240233459674865,-100.18022489109657
M15,8,2.0,H4,50,short,0.0,6695,315.0004830606724,-0.806890370166718,0.8001965679425427,0.8542327465754412,0.29395070948469004,-0.00022421732565070372,-0.33255590317483813,1.0000025556928789,0.5979262781958862,-1.0000001597322645,,-639.1942756735712
M15,8,2.0,H4,50,short,1.0,4782,235.6483405288721,-0.9040787718097654,0.7910775404357862,0.8284299239970527,0.2975742367210372,-0.00029106446105045384,-0.5470379730107607,1.0010933237128976,0.6392378535235473,-1.001241984891873,,-195.11916749200057
M15,8,2.0,H4,80,both,0.0,10423,644.5988401625466,-0.87361251939847,0.877884419675168,0.8940332732137343,0.3026000191883335,-0.0001623769613385665,-0.6232289986549033,1.0000195971718981,0.43292682258928666,-1.0000000000148124,,-1141.6662272784454
M15,8,2.0,H4,80,both,1.0,6064,428.0780827212988,-1.2068386236270243,0.8721230312829895,0.8316424355082819,0.29815303430079154,-0.00031081713882686,0.26371533749083725,1.000420937025079,17.597855919007532,-0.9999996453872582,-0.6495262128950362,-644.5980133090294
M15,8,2.0,H4,80,long,0.0,7577,353.80967143952955,-0.4529175470769155,0.7708919203585236,0.9260361842493581,0.3150323346971097,-0.00010532046845712799,-0.13404519296095513,1.0045399197513327,0.795733228781413,-1.0040443128630228,,812.6440264018452
M15,8,2.0,H4,80,long,1.0,4195,239.48479993748046,-1.1787098492605053,0.7944544499283592,0.7886420858717181,0.2970202622169249,-0.000363331681733023,0.3030491538754249,1.001564164822665,3.920452189775614,-0.9992915018384135,-0.3390149195865174,-786.0762415337286
M15,8,2.0,H4,80,short,0.0,6498,313.775052882073,-0.7585396781426682,0.7980636275666035,0.869521822209141,0.2931671283471837,-0.00019955162306303624,-0.692637180682136,1.0002090259127472,0.7578311684706056,-1.0002513918819556,,-265.1382836652946
M15,8,2.0,H4,80,short,1.0,4666,234.2620618556701,-0.9322250790409271,0.7935637167536879,0.8236609600106866,0.29232747535362197,-0.00030465973059296605,-0.32769570133067866,1.0010338367990792,0.825411080712339,-0.999982334185243,-0.42273302684477965,-163.41656923036325
M15,8,2.0,H4,120,both,0.0,10294,650.3863518422419,-1.009790143374199,0.8905456913388353,0.877847041394609,0.29871769963085293,-0.0001873033972516739,0.1438811410910591,1.0004524539653663,1.2841515556134142,-1.0,-0.9342225113423156,-1101.148996337293
M15,8,2.0,H4,120,both,1.0,6362,429.04735967503694,-1.210215259167555,0.8790736217468069,0.82888329648844,0.29660484124489156,-0.0003111794493137544,-0.878411712721869,1.000321851600865,0.4231910058685321,-1.000000000000006,,-691.585077383854
M15,8,2.0,H4,120,long,0.0,7604,355.6160051216389,-0.3929282999937614,0.7396717992667918,0.9353876262449483,0.31838506049447657,-9.196802822804833e-05,-0.22860383223852623,1.0001567790921013,0.8853432152043057,-0.9999999999515826,-0.6706946389337551,1126.215145933978
M15,8,2.0,H4,120,long,1.0,4465,247.88588691290468,-1.1280393787723089,0.7974639766002751,0.7995128958475437,0.2980963045912654,-0.00034086741160177096,-0.3478951315106413,1.0005826208498487,0.3271932154178603,-1.000002966218786,,-884.2486783324001
M15,8,2.0,H4,120,short,0.0,6629,310.45547506090526,-0.7805549319933888,0.7700611580731563,0.8643064986041812,0.29039070749736007,-0.00020855824311229827,-0.3464382860730198,1.0046867681944123,0.7697783853820307,-1.0003086182375804,,-219.79963864551593
M15,8,2.0,H4,120,short,1.0,5017,235.20206006931073,-0.7474681519340904,0.7570640808577123,0.8539022857994318,0.29539565477376917,-0.000248892672939792,-0.3919752770657007,1.0013159763009924,0.7288052580517126,-1.001438569216048,,-147.63991535238472
M15,8,2.0,D1,20,both,0.0,10689,656.7127417998319,-1.0512156797228107,0.9030217575895644,0.8770733024935997,0.3005893909626719,-0.00018727928398739203,0.0916725219970869,1.0063303945465418,1.2725545315461702,-1.0,,-1259.963979969613
M15,8,2.0,D1,20,both,1.0,6648,440.766382283536,-1.2896652253816858,0.885608934925699,0.8262884743109786,0.3018953068592058,-0.00030813560502988027,0.17335257768045584,1.0007718920747843,1.5773290212108104,-0.9999996643218384,-0.6278098951807238,-692.58246856882
M15,8,2.0,D1,20,long,0.0,7715,360.71476574500764,-0.33905238659393105,0.7260773496802233,0.9462464874091613,0.32300712896953987,-7.578986422372037e-05,-0.2165243666235534,1.4566203659816102,0.008928113381298763,-1.000186170330795,,1092.9641752696034
M15,8,2.0,D1,20,long,1.0,5726,269.0623311462756,-0.7012081562745391,0.78837984339591,0.8797127579663611,0.3216905344044708,-0.0001900504582523726,-0.20454891805623643,1.0007527927760727,0.3502326563416443,-0.9999946358853551,-0.4346188424599473,77.08605036879777
M15,8,2.0,D1,20,short,0.0,6695,313.6268757214313,-0.9704284266034866,0.8239009965722899,0.8350926010369412,0.2885735623599701,-0.00024903353537057324,0.14201639449577805,1.015101919745847,1.2965101120183966,-0.9999901414529058,-0.417245729753261,-209.4495370904123
M15,8,2.0,D1,20,short,1.0,5038,236.91637697952876,-0.9397582336397987,0.805884473720152,0.8211015952361995,0.2927749106788408,-0.00029964103946540123,0.18824903547117372,1.0004641531150587,3.6060136495275,-1.0000000003835865,,-201.90083313481887
M15,8,2.0,D1,32,both,0.0,10475,664.1197274778684,-1.1059825030100996,0.919725597568076,0.8702504245736219,0.3014797136038186,-0.00019787822804483474,0.34984941515876583,1.0229047117656291,1.3761958564902896,-1.000000004982741,,-1141.18899928723
M15,8,2.0,D1,32,both,1.0,6308,448.7723022984028,-1.3047781386036064,0.889124516838501,0.8239879750501117,0.30500951173113505,-0.00031890467693137034,-0.3824925975147186,1.0060679243633337,0.4720860584596491,-0.9999999693633871,-0.7079575819738779,-644.017656978472
M15,8,2.0,D1,32,long,0.0,7939,373.290390061792,-0.48410584143537794,0.761900441821761,0.9236647846038883,0.3189318553974052,-0.0001094966077132484,0.12883398061390694,1.0003450400927396,1.2078705782255843,-1.0000016098251574,,-263.7118787600932
M15,8,2.0,D1,32,long,1.0,5982,282.76504464863467,-0.7652492055033341,0.7846846979608624,0.8681154920605917,0.32012704781009693,-0.00021044576704783627,-0.27650391656644,1.0015594621019237,0.7161045843449058,-1.0015822643204235,,-297.5457242050874
M15,8,2.0,D1,32,short,0.0,6382,302.18116411718955,-0.9955277870452482,0.8272356962942506,0.8294936771463373,0.29003447195236604,-0.0002556918500497981,-0.46968087827080746,1.0012815844979466,0.8080257863000854,-1.0013572115059501,,-259.6900664098979
M15,8,2.0,D1,32,short,1.0,4620,223.94890510948903,-1.0468308236830326,0.8202851741641842,0.7997457142261466,0.29393939393939394,-0.0003367236533126525,-0.6537436985955002,1.0005428888785997,0.7216972380575243,-0.9999984059472489,-0.47643170619308495,-174.08628415143147
M15,8,2.0,D1,50,both,0.0,10225,669.4176823803549,-1.0342323176563089,0.8872569475584631,0.8781489236713348,0.2996577017114914,-0.00018296766815538467,0.005217709751496823,1.000032669685208,1.006257269468109,-0.9999999999929309,-0.8137989762952591,-1066.4424422178286
M15,8,2.0,D1,50,both,1.0,6865,448.55836314847943,-1.1924649693285936,0.8833897475165055,0.8371492940722939,0.30517115804806993,-0.0002864289752773978,-0.6092568998868911,1.0000122349958558,0.6658901586291749,-1.0000000000000013,,-780.4783540489689
M15,8,2.0,D1,50,long,0.0,7902,373.4737965838509,-0.3909034152994668,0.7623382463340858,0.937749244969885,0.3178942039989876,-8.952579876788028e-05,-0.15611905482433405,1.0005743553740438,0.9162347790878447,-0.9999962879720131,-0.4462133822724068,863.7216103242222
M15,8,2.0,D1,50,long,1.0,5926,280.15421951850897,-0.6012924767509119,0.7646717646522387,0.8941581483693357,0.32062099223759705,-0.0001692979937641139,0.21164858669753198,1.0001674494269404,6.159163140074232,-1.0000003417479753,,211.0665643640387
M15,8,2.0,D1,50,short,0.0,6012,309.4536358511838,-1.1889682435234172,0.8413997845016886,0.8022402939885541,0.2874251497005988,-0.0002950417934392272,0.04319882873173901,1.000624499920815,1.0553322484055294,-1.0000038555699517,,-223.32821804352434
M15,8,2.0,D1,50,short,1.0,4537,228.57093103448275,-1.1102929071565806,0.8176380120937067,0.7906752383479465,0.2944677099404893,-0.00034857689214671194,-0.776930253432214,1.0003531256520597,0.5625990847652506,-0.9999983517366667,-0.4887211964519498,-196.4558966136097
M15,8,2.0,D1,80,both,0.0,10300,670.2431854623196,-1.2582826904926594,0.9151222541787933,0.8570816316721896,0.3030097087378641,-0.0002183315697430346,-0.5337480058503231,1.0005700740343821,0.54722672736747,-1.0,-0.9561596521662984,-1056.8821199950273
M15,8,2.0,D1,80,both,1.0,6928,462.9440175631174,-1.3566217520627721,0.897765757127763,0.8234131065803182,0.3078810623556582,-0.0003118486340101433,0.17148986343723516,1.0159224320795897,1.2687969893605686,-0.9999999999994403,-0.8481946295604296,-762.3746924814171
M15,8,2.0,D1,80,long,0.0,7825,375.02706337750953,-0.493330917255845,0.7650599393049726,0.9243536843554914,0.3217891373801917,-0.00011061036566556796,-0.3222068544592897,1.0037240788114241,0.5472551875267546,-1.0000000033262877,,674.7371518450993
M15,8,2.0,D1,80,long,1.0,5968,287.3088177145117,-0.6995909325234757,0.78440596952956,0.8828381686074961,0.3237265415549598,-0.0001898917068659282,-0.010156848144934998,1.0019984412644447,0.9804336731196409,-0.9999999999999999,-0.8293563067945965,166.65135749074895
M15,8,2.0,D1,80,short,0.0,6267,305.89626486703196,-1.1130334146962453,0.8323168553591076,0.8141038580306638,0.2913674804531674,-0.0002737195746361367,-0.3373430678751556,1.000041453725589,0.5676399570612024,-0.9999996963112863,-0.5193010340285997,-239.42887739870613
M15,8,2.0,D1,80,short,1.0,4671,233.35832991382847,-1.1014605301349354,0.8089064028729758,0.7958786210255341,0.2960822093770071,-0.00033549742347140505,-0.5959797719384203,1.0003664290116407,0.6324681502005096,-1.0000000004709755,,-193.32945239699643
M15,8,2.0,D1,120,both,0.0,7647,691.8669185038395,-1.2732576312044421,0.8751960316354452,0.8577827439025725,0.29331764090493,-0.0002346310019179256,-0.14635366028370309,1.0032994967720936,0.8847569044873824,-1.0000000000138596,,-932.1489199983421
M15,8,2.0,D1,120,both,1.0,5512,508.01362604087814,-1.485055767294094,0.8686718552370594,0.8170209211904625,0.30025399129172714,-0.0003461787627242514,-0.28127635081061375,1.0000069795067597,0.7622441174978942,-0.9999998304405318,-0.7623267597877357,-725.6200926647937
M15,8,2.0,D1,120,long,0.0,7665,372.0947966507177,-0.41497052600705214,0.7637766721924191,0.9352447329104002,0.3202870189171559,-9.589691662811139e-05,-0.23340822608552358,1.00092263841764,0.4561886732329848,-1.0000000006612364,,796.2700761509127
M15,8,2.0,D1,120,long,1.0,5950,293.08664868509777,-0.6017702190020927,0.7677425226336665,0.898292310526162,0.32554621848739496,-0.000165706007239116,-0.2567555068072103,1.0013774511138218,0.3032629245909798,-1.000000000000978,,389.057421290246
M15,8,2.0,D1,120,short,0.0,6302,311.39143668831167,-1.070013738684429,0.8183056487932161,0.8205372599931826,0.2848302126309108,-0.00026072464739672905,-0.23168434256832177,1.3756448516474513,0.06284830082837194,-1.000813990202364,,-204.7776848922812
M15,8,2.0,D1,120,short,1.0,4818,243.3653021712073,-1.0215342639542524,0.7899655430271959,0.8121764722271658,0.2936903279369033,-0.0003023452341154901,-0.2701651401602194,1.0012205515757848,0.5419272529690915,-1.0012578141677666,,-69.00253340349192
M15,8,2.5,none,0,both,0.0,12245,573.7634701731879,-0.6731350420083853,0.8941372949953627,0.9144637377991273,0.3176806859942834,-0.00015064066614097575,-0.3636407774363212,1.0007652878713524,0.7538895009395138,-0.9999816735281756,-0.40015053239988163,-1623.108008665712
M15,8,2.5,none,0,both,1.0,7839,434.87162059538275,-0.9425117732416689,0.8976807989597709,0.8724501466939987,0.31891822936599057,-0.00025597807663053717,-0.6911999047955465,1.0003263215790625,0.6358796912204789,-1.0000038930366457,,-893.5250464335295
M15,8,2.5,none,0,long,0.0,10461,485.49939644218546,-0.25630826669434065,0.7909027019555873,0.964609899382165,0.32922282764554056,-5.952520379194398e-05,0.09334988359332827,1.0013519127159394,1.48345794187378,-1.0000000566175378,,-469.1838567266082
M15,8,2.5,none,0,long,1.0,7820,363.7151407105565,-0.43718128342694973,0.8026290815370264,0.9327058703799549,0.3343989769820972,-0.000125076232978111,-0.6392627698272589,1.0008060046822806,0.4909955191262873,-0.9999994809296424,-0.48985974633995033,42.17447417182278
M15,8,2.5,none,0,short,0.0,7880,488.98572884811415,-1.2520287059535808,0.9136279029083898,0.8355157047058095,0.2951776649746193,-0.0002961837638115034,-0.6362100786047391,1.000496413074028,0.7898162350854991,-0.9999999887011901,-0.6787385015213104,-270.7897633542654
M15,8,2.5,none,0,short,1.0,5251,327.2355826650743,-1.202342558898196,0.8940655880689935,0.8150013291251405,0.3022281470196153,-0.00038536655728132406,-0.3913304013302673,1.00057951094008,0.8229943537344544,-1.0006337974157007,,-188.8506177161533
M15,8,2.5,H4,20,both,0.0,8905,413.7053230730094,-0.55723206918183,0.7842716010650224,0.9189093277200379,0.3124087591240876,-0.0001429526091201657,-0.21097650691404007,1.0003784836416372,0.6545875906608156,-0.9999985331951754,-0.4642238213876806,-831.3618286102992
M15,8,2.5,H4,20,both,1.0,6716,312.3273491214668,-0.7043779633069062,0.8032655164077216,0.886357386626431,0.31670637284097675,-0.00022177994056245764,0.20919932053403698,1.0006945390012323,1.3282685287069134,-1.0000000000019815,,-625.7345417313277
M15,8,2.5,H4,20,long,0.0,5251,244.22867057175603,-0.28997071400417057,0.5881309883074517,0.9454534143777471,0.3235574176347362,-9.286433805312497e-05,-0.07158209300483805,0.9570909116625899,0.9820103912982491,-0.792370045079155,-0.07050608194413155,2076.2995492085092
M15,8,2.5,H4,20,long,1.0,3874,180.34393321437676,-0.43923648586698133,0.6319878395868035,0.9081248898140852,0.3280846670108415,-0.0001740685876288475,-0.10827337356820117,0.9783382838139719,0.9694038702672951,-0.856791881815296,-0.08650056748180879,1432.081181847067
M15,8,2.5,H4,20,short,0.0,4579,212.72955354871536,-0.4311365664257423,0.5782590885042476,0.9101023066720141,0.3070539419087137,-0.00016122201877833664,-0.5263073005743878,0.8829719329828417,0.8882541271254631,-0.8690628031860668,-0.09012689334463309,1309.3719681393413
M15,8,2.5,H4,20,short,1.0,3444,160.1631016042781,-0.44224656799241785,0.5864865738081166,0.8963606072325822,0.3127177700348432,-0.00020551780008371497,-0.6241847505955546,0.9030729807476676,0.8583812927772421,-0.8886484231309907,-0.0970438765656092,1113.515768690093
M15,8,2.5,H4,32,both,0.0,9205,427.96922734215883,-0.5267090601984398,0.7997828721803368,0.9202005902300174,0.31243889190657254,-0.00014099187555643736,-0.28090340192668156,1.0005250149245584,0.9083702543177679,-1.0006156259900818,,-764.9386094564595
M15,8,2.5,H4,32,both,1.0,6846,321.52520252025204,-0.6638511991635536,0.8218483342786309,0.8879330222493764,0.3144902132632194,-0.00021888876567596941,0.11394327912140659,1.0134822893404933,1.1137548369383403,-1.0000703421108004,,-918.3322740449685
M15,8,2.5,H4,32,long,0.0,5188,241.35995414596866,-0.19502099169882575,0.611680929921238,0.9620504571200115,0.3255589822667695,-6.408302407991229e-05,-0.02514404479129235,0.908901224963739,0.994367455102139,-0.5118705248887344,-0.03281445414085282,4881.294751112955
M15,8,2.5,H4,32,long,1.0,3818,177.71434943290427,-0.32006047077056904,0.6031876552858741,0.9300532634362227,0.3289680460974332,-0.00013114785916076735,-0.17253697124193854,0.9529954416978818,0.9586803186539952,-0.7748069265525048,-0.06703847400720808,2251.9307344750214
M15,8,2.5,H4,32,short,0.0,4706,218.82450668364098,-0.4658663985642759,0.6744652929826832,0.8975769230311924,0.30280492987675306,-0.0001856597187118147,-0.22001825933924077,0.9848459916971698,0.8961227705178862,-0.9689521874123885,-0.1490953799443666,310.47812587611344
M15,8,2.5,H4,32,short,1.0,3549,165.02511139401653,-0.47894967945415584,0.6929848462043026,0.8816104569933649,0.306283460129614,-0.00023805650765979753,-0.18789387456535883,0.9873897297486838,0.8907468141529432,-0.9715743082842865,-0.1525793555907179,284.25691715713634
M15,8,2.5,H4,50,both,0.0,9480,441.3165944430283,-0.5850871642535372,0.8378155325577703,0.91626557563751,0.3133966244725738,-0.00014704470158002816,-0.30780472723616314,1.000080703523006,0.6837762756676086,-0.9999999999999996,-0.8077806696482593,-679.1599410255623
M15,8,2.5,H4,50,both,1.0,6012,320.52007006276455,-0.8855751809743981,0.8466767725408909,0.8580169628257539,0.3065535595475715,-0.0002875949039610985,-0.37170845566026484,1.0012257517415581,0.7283081141223668,-1.0000003091800287,,-743.497840485609
M15,8,2.5,H4,50,long,0.0,5289,246.37256089784466,-0.18437332479594093,0.5919221105181911,0.9643358667546585,0.3284174702212138,-5.989316560910998e-05,-0.031966765325939554,0.9643086149659182,0.99185777029707,-0.6716777525711952,-0.05055837500936311,3283.222474288205
M15,8,2.5,H4,50,long,1.0,3873,180.89683503836315,-0.3328984548820327,0.615881583788857,0.9274334106904362,0.3286857733023496,-0.00013593361826674564,-0.00704483097526496,0.9938166836889989,0.9976479112588773,-0.8687631808612937,-0.09049124227815697,1312.3681913870962
M15,8,2.5,H4,50,short,0.0,4727,220.22152423469387,-0.5771745859135596,0.6909914331135838,0.8829519437313922,0.29744023693674637,-0.00021301475802372905,-0.7155492219349588,0.9595566464642922,0.8498862759021069,-0.9532988373718834,-0.1330248990428179,467.0116262811648
M15,8,2.5,H4,50,short,1.0,3584,168.3673311897106,-0.6585551739167742,0.7181282802303727,0.8532611119628799,0.30189732142857145,-0.00029535418436563117,-0.8138146340706631,0.9736791456772969,0.8135693757603797,-0.9694952774765762,-0.15121173484934902,305.0472252342339
M15,8,2.5,H4,80,both,0.0,9682,451.46821141325165,-0.3551604495342271,0.795642459734812,0.9468310812993191,0.3159471183639744,-9.30914003829414e-05,-0.14772850672774412,1.0016707070583253,0.7596837924313404,-1.0005698534512855,,-1217.3376951607527
M15,8,2.5,H4,80,both,1.0,6139,325.343840684852,-0.8072433208073496,0.8414425556876254,0.8697800469204414,0.30412119237660856,-0.00026172550467589567,-0.4709712756780491,1.000960867314046,0.6134539822561543,-0.9998664619540708,-0.37673651745677583,-784.9912711366644
M15,8,2.5,H4,80,long,0.0,5389,251.7048913043478,-0.2041821018283624,0.6064811223589647,0.9608880517258034,0.3212098719614029,-6.581613832275204e-05,0.05742751308382916,0.9719783444495459,1.016336580230381,-0.5521978265025587,-0.03682937967818245,4478.021734974702
M15,8,2.5,H4,80,long,1.0,3937,183.88609335038362,-0.49773533842698225,0.7068257924829788,0.8943072725734005,0.31648463296926593,-0.00019957742925489773,-0.050944583109110396,1.00003390354717,0.9633581241144581,-1.000000022018331,,1106.5925071049676
M15,8,2.5,H4,80,short,0.0,4681,218.27336269628495,-0.31976024238021566,0.7009164832093076,0.9287559376578334,0.3084810937833796,-0.00012994506751373794,-0.5166759955580554,1.0000719648599987,0.7502310702781925,-1.0001013420602922,,-40.83683455260304
M15,8,2.5,H4,80,short,1.0,3550,166.4276087793608,-0.5159979595175131,0.7332811159437951,0.8738562952622385,0.3056338028169014,-0.00025790483874053996,-0.2224277350587394,1.000239947562109,0.06884771338695915,-0.941200336939591,-0.12439740223097107,-71.75380847377897
M15,8,2.5,H4,120,both,0.0,9748,455.7093306028414,-0.40263272485386603,0.8040063650600504,0.9421032807571653,0.314936397209684,-0.00010092877499980399,-0.21907940536845305,1.0001225831368494,0.796385463418715,-0.9999999999999997,-0.8120144465623353,-234.98522607933668
M15,8,2.5,H4,120,both,1.0,7259,340.0910402770652,-0.6659588965974477,0.840853751920301,0.8937687707738595,0.3139550902328144,-0.00020594995943731408,-0.2565646568303377,1.0001430530523507,0.5444604915392603,-0.9998057468068265,-0.3299510584277785,-488.96756218254234
M15,8,2.5,H4,120,long,0.0,5361,250.7819223872951,-0.10823776370459245,0.6002183726072539,0.9789258786432297,0.3292296213393024,-3.5415471086145054e-05,0.03982646815182717,0.8849436456576941,1.009430700379963,-0.3377610001406224,-0.019094298116802078,6622.389998594203
M15,8,2.5,H4,120,long,1.0,3940,185.32968448164843,-0.4184174774332743,0.6674507043636494,0.9102887948488716,0.32614213197969544,-0.0001681509157681584,-0.01606264904245877,0.9819299744402321,0.9950163873573993,-0.8037427188590638,-0.07373352562841029,1962.5728114093793
M15,8,2.5,H4,120,short,0.0,4719,221.06127356675643,-0.5410457477056293,0.6570865382384105,0.8901548538809482,0.2975206611570248,-0.00019915776933154204,-0.6927725728040698,0.9417387237915338,0.8551186281816902,-0.9341350721246157,-0.11964075879866531,658.6492787538454
M15,8,2.5,H4,120,short,1.0,3570,167.25788866085173,-0.580493544598746,0.684309885419939,0.868167358633166,0.29971988795518206,-0.00026422489663766643,-0.7475738289916217,0.9490005709406191,0.8308179065634249,-0.940166060618843,-0.1236071333301797,598.3393938115648
M15,8,2.5,D1,20,both,0.0,9907,463.14242288493534,-0.47804175417595485,0.814887640796895,0.9333089770210641,0.3167457353386494,-0.00011505118885702707,-0.6304757236093507,1.0005043172627437,0.4092535771944792,-0.9999999999999457,-0.7601863040122857,-856.8102757205153
M15,8,2.5,D1,20,both,1.0,5603,325.40876927969475,-0.9607168897965426,0.8511723771261299,0.8507350679017565,0.3103694449402106,-0.0003018383683708706,0.17310264503259468,1.0004561737164954,2.3189838053646032,-1.0000148640131612,,-818.9720806872118
M15,8,2.5,D1,20,long,0.0,5553,259.6304723502304,-0.053017798175757226,0.566343927623948,0.99006538152481,0.33297316765712226,-1.6357165957601065e-05,0.061745603646838114,0.9159431898464686,1.015342372603179,-0.253606251775394,-0.013582838348494608,7463.9374822464215
M15,8,2.5,D1,20,long,1.0,4109,193.204460607621,-0.41226634371527315,0.6464997985071306,0.9159706680093153,0.33317108785592603,-0.0001533806110174843,0.21688535939988074,1.023305929568318,5.7006282399955595,-1.0237830131827403,,1747.5722236227946
M15,8,2.5,D1,20,short,0.0,4856,227.47903039630626,-0.6863421714859362,0.7168034743911178,0.8644782751171526,0.29674629324546953,-0.00024051599876320366,-0.6509821185991224,0.9423603976364138,0.8619519902220275,-0.9403376800398927,-0.12371022142130828,596.6231996010663
M15,8,2.5,D1,20,short,1.0,3645,170.77170985120577,-0.7096487069969668,0.7307714439316904,0.8431882312964727,0.3015089163237311,-0.0003082324852002721,-0.7537870869351907,0.9670034037841899,0.8232202474531469,-0.9642598382837063,-0.1445118281125306,357.4016171629348
M15,8,2.5,D1,32,both,0.0,10001,469.6406852661352,-0.6215645020300244,0.8547735113573744,0.9143905016148685,0.3177682231776822,-0.0001487368746469721,0.1190120007932844,1.0005128611528253,1.0564656893228592,-1.000630110256233,,-1309.7316714263902
M15,8,2.5,D1,32,both,1.0,5776,332.1813887576759,-1.0384640118925295,0.8783293945110374,0.8394543363321872,0.31319252077562326,-0.000324616714766424,-0.055682542901313754,1.0002760094881185,0.9507889813920829,-0.9999684659102233,-0.44902483052773867,-799.995732833531
M15,8,2.5,D1,32,long,0.0,5725,269.18849768280126,-0.2155821779255819,0.6384913531147263,0.9600796978505292,0.3292576419213974,-6.699539811848369e-05,-0.08985011965935429,0.9444888837954067,0.9780774217697801,-0.7660985064162781,-0.06603190239392664,2339.0149358373733
M15,8,2.5,D1,32,long,1.0,4321,204.6214507973551,-0.549632678706966,0.6927758498109486,0.8894043357445754,0.32816477667206667,-0.00020482044366427476,-0.5538848263637022,1.000489295972797,0.6574870560701525,-1.0000000137991882,,313.57671651397254
M15,8,2.5,D1,32,short,0.0,4657,218.6897981486243,-0.7504022234239767,0.7490256260402586,0.8516357445431263,0.3008374490015031,-0.00026391942172488824,-0.953459807499357,0.9888730360950083,0.7896075602972473,-0.9881298019574188,-0.18795937997498158,118.7019804258108
M15,8,2.5,D1,32,short,1.0,3454,162.26025723472668,-0.8704745836997071,0.7725488034504413,0.8097440281278215,0.3045744064852345,-0.00037874203344621954,-0.29108375761443683,1.0010524044344167,0.38834779466234093,-1.001134616899804,,-30.79449191470773
M15,8,2.5,D1,50,both,0.0,9996,472.4429347826087,-0.676918708883514,0.8666965555602547,0.9069263711567603,0.31312525010004,-0.00016200344598494263,0.0936553760924823,1.0001729552113354,1.1153471110907769,-1.0,-0.956759670729291,-1287.1026728291547
M15,8,2.5,D1,50,both,1.0,6047,340.47583628796053,-0.9203187636159864,0.8570021244553458,0.8577925989673338,0.3127170497767488,-0.0002855084041705353,-0.32077975677573173,1.0000004995021523,0.7509069070288775,-0.9999997973022994,-0.580103093637395,-902.8172036485856
M15,8,2.5,D1,50,long,0.0,5700,269.4002329192546,-0.10011654576165518,0.5923360450349767,0.9811346598455734,0.3270175438596491,-3.169942634328846e-05,0.032300715060955706,0.9240426119972555,1.0078767817383074,-0.4553401437840755,-0.02830841703966025,5446.598562159641
M15,8,2.5,D1,50,long,1.0,4286,202.6225084131504,-0.38623448928308785,0.6422906537109465,0.9201309596209633,0.3278114792347177,-0.0001483087934432543,0.15623975062448522,0.9966853450587043,1.0968007975088643,-0.8221154475741177,-0.07838409742739794,1778.8455242588561
M15,8,2.5,D1,50,short,0.0,4573,217.6271335504886,-0.9417828861335913,0.7940732922634365,0.8172042846912847,0.2949923463809316,-0.0003268480960392307,-0.8064572083048721,1.0003301690540733,0.6947057127394793,-1.0003341176376153,,-3.341176376152198
M15,8,2.5,D1,50,short,1.0,3458,165.12413387370898,-0.88021677445526,0.7599076538047868,0.8090555595450993,0.30451127819548873,-0.00037803870754407685,-1.0558590399338523,0.9871610001827793,0.7581658991346945,-0.986314093073371,-0.18528715032000387,136.8590692662885
M15,8,2.5,D1,80,both,0.0,9952,475.9057344854674,-0.7011743155065261,0.8648748235098789,0.9056358361533401,0.31852893890675243,-0.0001626715430056245,-0.010499270401713298,1.000213855463793,0.9930061124702684,-1.0000020339624198,,-647.7144763306559
M15,8,2.5,D1,80,both,1.0,6035,347.67882492113563,-1.065289423120592,0.8725099928248841,0.8413585131312978,0.3156586578293289,-0.00031643827671693067,-0.4188123868413062,1.0001682189249397,0.7542912961020439,-1.0001743875657683,,-820.9390851552929
M15,8,2.5,D1,80,long,0.0,5627,269.68399816297074,-0.18607917582878017,0.5529194744448691,0.9661162126617794,0.33108228185534033,-5.73940438533442e-05,-0.02422205826747069,0.881153630370627,0.9947952909088194,-0.5307911161389711,-0.03561678922487066,4692.088838610724
M15,8,2.5,D1,80,long,1.0,4309,207.44197311190194,-0.46758227524253565,0.6475879011926475,0.9078719210921871,0.332791831051288,-0.0001716400870190024,-0.0919379699474634,0.982933356115872,0.9762628326759591,-0.8484130155740224,-0.0868212682962124,1515.8698442597886
M15,8,2.5,D1,80,short,0.0,4550,217.581500392773,-0.9152522576575308,0.7703148136999747,0.8226790777385067,0.3021978021978022,-0.0003090070709426005,-0.8277426080021866,0.9733814284342714,0.8276307991206666,-0.9732806500626312,-0.1590490975812069,267.1934993736913
M15,8,2.5,D1,80,short,1.0,3424,165.9081984611303,-0.8952597933595755,0.7443926512897874,0.8071640199190965,0.3098714953271028,-0.00037266152950795147,-0.9664589129292003,0.9804487099919343,0.7818214628635239,-0.979615253238785,-0.17190866675199534,203.84746761215192
M15,8,2.5,D1,120,both,0.0,9877,479.5393127741592,-0.5996485682111994,0.8649609427938287,0.9184247188447672,0.31568289966589047,-0.00014114852608585856,-0.3520666729026,1.0007425590407057,0.47892096751313407,-0.9884455242452509,-0.19472470756682503,-149.69011752367138
M15,8,2.5,D1,120,both,1.0,5805,354.50196455442233,-1.0382127419218,0.8566295093563412,0.8453164914589844,0.31507321274763134,-0.0003107793763804808,-0.45042454822086475,1.0001922166815043,0.514569566392787,-0.9999989532849779,-0.56867901082451,-828.1483397029209
M15,8,2.5,D1,120,long,0.0,5501,267.07965572245115,0.011827634828796589,0.5321506154724471,1.0022163616594777,0.3357571350663516,3.7851913373434668e-06,0.12026838808722537,0.7571106722173394,1.0259927764058927,0.09573004859925627,0.004448448946876127,10957.30048599314
M15,8,2.5,D1,120,long,1.0,4282,210.04572925060432,-0.270054763391542,0.5911374321053378,0.9455632134344336,0.3393274170948155,-0.00010158837065104815,-0.010704521168474118,0.9243832285917897,0.9973134554955001,-0.5693964854904254,-0.04048815561167485,4306.03514509582
M15,8,2.5,D1,120,short,0.0,4561,225.3964619131376,-0.9274065862270467,0.7761609748657818,0.8215411051521345,0.29072571804428854,-0.0003116305975971989,-0.648337838651865,0.9726815409885812,0.859520831839208,-0.9716374913823942,-0.16143369513584127,283.6250861760628
M15,8,2.5,D1,120,short,1.0,3477,175.62913151707923,-0.8691272948612733,0.7312359754842962,0.8155874059434831,0.3031348863963187,-0.0003552035082075595,-0.759654631488389,0.9538617009014443,0.8309335758943178,-0.9528008214339984,-0.14292625169101703,471.99178566000506
M15,10,5.0,none,0,both,0.0,3976,184.55127716355318,-0.22591363982051982,0.6818872883818596,0.9532888344742787,0.3501006036217304,-0.00014621250352957158,-0.04891580057522097,0.6855989402863762,0.9888804413817204,-0.3884527385761509,-0.022567290823640618,6115.472614238496
M15,10,5.0,none,0,both,1.0,3273,152.21075248281133,-0.33644657691071367,0.7242111296491143,0.9254394189002894,0.3507485487320501,-0.0002481261357387804,-0.16855991865880093,0.7172597247431786,0.9597506310592547,-0.5661269487418339,-0.03808751038354086,4338.730512581643
M15,10,5.0,none,0,long,0.0,3567,165.56700343118567,0.3807752250056335,0.25658610684231153,1.09070686635919,0.368376787216148,0.0002643323817711224,0.47776488066242356,0.26042915515659404,1.1157126917084603,1.587334855243514,0.0451126370037791,25873.348552434996
M15,10,5.0,none,0,long,1.0,2778,129.24016048910966,0.23954281862242877,0.26422148537198853,1.0630183562310325,0.3754499640028798,0.00019744472017815974,0.3586431140946381,0.3487841953702645,1.095181553625208,1.0894127091889132,0.03487620871172292,20894.127091888848
M15,10,5.0,none,0,short,0.0,3568,165.592376111817,-0.5019575265002097,0.7783736566852986,0.8862955395231765,0.31754484304932734,-0.00037010100269799137,-0.3462805011954206,0.785313996946014,0.9096480733233049,-0.7710075560516028,-0.06612439399514769,2289.9244394839707
M15,10,5.0,none,0,short,1.0,2765,128.55349414460284,-0.41722593232968,0.7261535315980017,0.8929189890234347,0.32622061482820974,-0.00037268549173944,-0.31878087143932365,0.7360784939800709,0.9094082459797717,-0.7002444461453956,-0.054474440644455724,2997.555538546071
M15,10,5.0,H4,20,both,0.0,2044,94.97150489759574,0.06320038701565497,0.3880996073403685,1.0197493978603194,0.3532289628180039,6.398321114351635e-05,0.15622350107915867,0.3529072012471395,1.0520376596973346,0.26097361771695504,0.01083241137469404,12609.7361771696
M15,10,5.0,H4,20,both,1.0,1635,76.05498599083036,-0.06805384806494175,0.4450239471798294,0.9768244000283194,0.3522935779816514,-8.116374006542158e-05,0.03366052832429183,0.4237068572691146,1.0121569889541078,-0.03508473600570461,-0.001659968204678841,9649.152639942944
M15,10,5.0,H4,20,long,0.0,1242,57.773879266428935,0.3333620288360533,0.29387126828935217,1.1341861160542472,0.3832528180354267,0.0003959799648284392,0.39297353514121264,0.303830197655632,1.1675316679114391,0.6862327109282986,0.024602659747629874,16862.327109282825
M15,10,5.0,H4,20,long,1.0,964,44.88793982661907,0.2419439098598578,0.28364663319700745,1.108864992922589,0.38589211618257263,0.0003498372849058053,0.3316738753686269,0.3164487302115051,1.1567415071021718,0.5517244469754141,0.02066950512683796,15517.244469754065
M15,10,5.0,H4,20,short,0.0,1115,51.80686299452996,-0.1729123422706926,0.34021046441158076,0.9265063628304544,0.3183856502242152,-0.0002490926672943713,-0.07267144484506785,0.29419925066787944,0.9651657817699727,-0.17819909162114234,-0.009077353013832501,8218.00908378862
M15,10,5.0,H4,20,short,1.0,865,40.437891974913605,-0.23243354280679412,0.3875951825309487,0.8909896368122651,0.3190751445086705,-0.00039728141745559985,-0.17602690120687303,0.3696197030334456,0.9091286712552915,-0.30053804858132804,-0.016571306761536175,6994.619514186748
M15,10,5.0,H4,32,both,0.0,2317,107.7520053475936,-0.1323421910717459,0.5579270068778945,0.9608595518382302,0.35606387570133796,-0.00012867499357260774,0.018776898873432868,0.41174890000701536,1.0065140533699575,-0.12288009525035726,-0.006078788213209951,8771.19904749643
M15,10,5.0,H4,32,both,1.0,1823,84.77855233002292,-0.21700151312980437,0.5491240724056273,0.9289814454808718,0.35820076796489303,-0.00025295910666000193,-0.05544258415846053,0.4262665727038173,0.9789946304579472,-0.27997788792095435,-0.015159561338935257,7200.221120790425
M15,10,5.0,H4,32,long,0.0,1295,60.30070754716981,0.11377223026390262,0.3899620167436152,1.0433315000061008,0.37683397683397685,0.00012915514854879882,0.2942745955156434,0.2947489850294447,1.123026095913062,0.502958885432518,0.01915305237943299,15029.588854325028
M15,10,5.0,H4,32,long,1.0,988,46.00548189699133,-0.08213213425052412,0.43651315983832284,0.9661088925297542,0.37955465587044535,-0.00010956146101940279,0.12871030811453799,0.33168860401751044,1.0569021929387858,0.15514357521540378,0.006738313757370218,11551.435752153984
M15,10,5.0,H4,32,short,0.0,1214,56.4570282658518,-0.22433438608950987,0.4619672954873051,0.9056530842174091,0.328665568369028,-0.00033527068792035624,-0.1541532798941278,0.4617087988588682,0.9210331688952856,-0.3686000290951549,-0.021156704940513693,6313.999709048465
M15,10,5.0,H4,32,short,1.0,957,44.50525210084034,-0.20025982936382855,0.4294411607574524,0.9059959230489107,0.3322884012539185,-0.0003620336496897492,-0.14944254242837748,0.4497412085474184,0.9159512173786903,-0.34972928672873427,-0.019815226063641056,6502.707132712654
M15,10,5.0,H4,50,both,0.0,2577,119.9654919704308,0.04322693272599497,0.3022943391540387,1.0125722001499717,0.35118354675979824,4.0204848089244404e-05,0.0625298714541699,0.31798172159425986,1.0212052031507373,-0.009290704883406886,-0.00043443172998092194,9907.092951165845
M15,10,5.0,H4,50,both,1.0,2013,94.178077366466,-0.03310996059035436,0.3198327587611447,0.989277951641414,0.35568802781917536,-3.718992365181404e-05,-0.00397818841655533,0.3951448703508815,0.9985213922248258,-0.17911263900884133,-0.009191412092690254,8208.873609911545
M15,10,5.0,H4,50,long,0.0,1440,67.06107356878745,0.24665291070152232,0.27660070548374915,1.0942030648809855,0.37777777777777777,0.00027207652415703364,0.24454436426270762,0.31881337859146797,1.0964161860549606,0.3995426020380288,0.01577752976953417,13995.426020380184
M15,10,5.0,H4,50,long,1.0,1097,51.34280497180933,0.16910617826773305,0.2646790829229999,1.0725581228234118,0.3846855059252507,0.00022712386747318717,0.17633950056708064,0.33517126189878677,1.076417168069054,0.2512175717216816,0.010544542623071695,12512.175717216718
M15,10,5.0,H4,50,short,0.0,1264,58.89475698430922,-0.16021859733533345,0.36998282791270765,0.9339215081597559,0.31962025316455694,-0.0002326894640845749,-0.08717812261476685,0.4139715085629857,0.9554537951740396,-0.2650964572707496,-0.014249189672827067,7349.035427292497
M15,10,5.0,H4,50,short,1.0,998,46.992329508830736,-0.1893904663883908,0.34457851279280516,0.91349459261767,0.3226452905811623,-0.00033080614702566996,-0.13480490527233863,0.46580507280628936,0.9238827005893822,-0.34144537349218984,-0.01947623854671543,6585.546265078071
M15,10,5.0,H4,80,both,0.0,2743,127.92144407558733,0.10070874609093634,0.3307161691950805,1.0275180502022991,0.35216915785636166,8.794570493063235e-05,0.0945484858810328,0.3256249952858594,1.029567979493989,0.07741630561598023,0.003483476940855601,10774.16305615971
M15,10,5.0,H4,80,both,1.0,2095,97.8890559037994,-0.051755289983206575,0.3992968411934058,0.984306600318971,0.3522673031026253,-5.5097790970133864e-05,-0.0046614207431576495,0.42796266532977,0.9984638043911974,-0.17298094411596632,-0.008835119710049133,8270.190558840311
M15,10,5.0,H4,80,long,0.0,1494,69.77157652474108,0.3577859578599098,0.15835610058278682,1.1332127606837825,0.3768406961178046,0.00039298902815684464,0.4304015393047313,0.18768661702774458,1.1666383088626355,0.871563579385408,0.029703710740898615,18715.635793853988
M15,10,5.0,H4,80,long,1.0,1114,52.071730227796266,0.20927739953624455,0.16620994696469515,1.0862430158470162,0.38420107719928187,0.000281524585519258,0.3004677905606479,0.24969277012742697,1.127791089195693,0.5382490962090778,0.02033360922730454,15382.490962090664
M15,10,5.0,H4,80,short,0.0,1327,61.88543794688457,-0.12298937862809214,0.3882853689922111,0.9515436113617525,0.3285606631499623,-0.00016639145310681888,-0.1024589701197014,0.4101144070473759,0.9538636395443425,-0.27101423485806175,-0.014633437588619347,7289.857651419412
M15,10,5.0,H4,80,short,1.0,1042,49.66599243116273,-0.17381283169710163,0.423600721617976,0.9244737725553422,0.32341650671785027,-0.00028160844840063393,-0.14316456540347364,0.40877233537536384,0.9329698530505279,-0.30558979711307743,-0.017232528026759786,6944.102028869227
M15,10,5.0,H4,120,both,0.0,2942,137.55318740399383,0.2680220934581503,0.34940802944488136,1.0695759732055652,0.3575798776342624,0.00021678387775567843,0.3978486644036833,0.295221908664968,1.1141164406105186,1.2431770299643428,0.03849550849325212,22431.77029964349
M15,10,5.0,H4,120,both,1.0,2296,107.41821442295377,0.15694486690770795,0.31606955694961936,1.0450796500183093,0.3593205574912892,0.00015189250530165535,0.32815881678962894,0.2550386961151736,1.1032261458264485,0.9255362150910063,0.0311283624629366,19255.362150909976
M15,10,5.0,H4,120,long,0.0,1590,74.36899731079524,0.4675797193116863,0.15588666635476855,1.1675797336780167,0.3849056603773585,0.0004890791050343379,0.5125835119125935,0.16481947161788768,1.1898978777527542,1.1144901290760698,0.035644801559437056,21144.901290760572
M15,10,5.0,H4,120,long,1.0,1218,57.00595848282932,0.3508141865971828,0.1517950279197955,1.1389331394360112,0.3916256157635468,0.00043872825664003945,0.4432665669750115,0.16919317815690826,1.181955422690012,0.9104649506620577,0.03076136049390188,19104.6495066205
M15,10,5.0,H4,120,short,0.0,1406,65.86398614851866,-0.13442650277412266,0.4507229758523238,0.9510020034198341,0.32219061166429586,-0.00016404818371512615,0.050989844364178374,0.32499459731914915,1.022496386745827,0.013291535654907705,0.0006187309059111357,10132.915356549163
M15,10,5.0,H4,120,short,1.0,1117,53.24079994780112,-0.1471057358006494,0.37737369894614337,0.9408839639490406,0.3213965980304387,-0.00021305358328286295,0.003539624478076151,0.2765802041652249,1.00165308617235,-0.0720289229888198,-0.003556775799952394,9279.710770111842
M15,10,5.0,D1,20,both,0.0,3186,148.98047625144028,0.15656974047548042,0.42053194240712,1.0388589381965538,0.3534212178279975,0.00011945951645567781,0.2923168287686077,0.30061557943911554,1.079128431783122,0.7792339592730129,0.027309117616266976,17792.339592730023
M15,10,5.0,D1,20,both,1.0,2497,116.8369523443505,0.00914999219235919,0.39494760416911656,1.0024897184691575,0.35562675210252304,8.249888042522098e-06,0.1964720100261468,0.34057444346794286,1.0582431243051473,0.4240876284514503,0.016679638014734488,14240.876284514417
M15,10,5.0,D1,20,long,0.0,1896,88.65881449238255,0.44193653893210827,0.19048942801932112,1.1454644470494406,0.37658227848101267,0.00042112314966848266,0.47021784164893893,0.17597967159744954,1.1591870986600767,1.0677286460321693,0.03455310078911955,20677.28646032158
M15,10,5.0,D1,20,long,1.0,1471,68.82945810914681,0.28371395087999224,0.18647586407062777,1.1017055930611634,0.3813732154996601,0.00031730930537284604,0.3702133071796532,0.22347386882919862,1.1374187423506434,0.7887233579910484,0.027582572593871202,17887.233579910313
M15,10,5.0,D1,20,short,0.0,1679,78.8853550295858,-0.20440639434151217,0.41118837340292813,0.9325531282905387,0.3240023823704586,-0.0002178426347779626,-0.05758176523836938,0.398843908133351,0.9787186299549847,-0.18219693121155123,-0.0094054624007186,8178.030687884455
M15,10,5.0,D1,20,short,1.0,1311,62.675752617801045,-0.21330030079819123,0.3674348945530381,0.9218671272023687,0.3287566742944317,-0.00027115310639778316,-0.07991880664231589,0.36960196963123415,0.9679814544624531,-0.2064133169122172,-0.010991899498943858,7935.86683087782
M15,10,5.0,D1,32,both,0.0,3260,153.12692901234567,0.08330222310267471,0.3751205023565568,1.0204261756628317,0.3441717791411043,6.321890049845417e-05,0.14629678326021636,0.28638870762518165,1.0376473361373415,0.24287328889606985,0.01026513711933763,12428.732888960702
M15,10,5.0,D1,32,both,1.0,2562,121.0100219837062,-0.062055143198093944,0.41622566784224757,0.9834089296661997,0.34660421545667447,-5.544160574820006e-05,0.07113210107756018,0.34686976976567097,1.0199377243164802,0.03692541954614681,0.0017141232763451253,10369.254195461517
M15,10,5.0,D1,32,long,0.0,1934,90.93634140061792,0.2662833353161442,0.23762900040519752,1.0863425502087767,0.3572905894519131,0.00025920002957552406,0.2925897326953489,0.21630770302230506,1.0969482878911718,0.5703215537572834,0.021445852312250713,15703.215537572805
M15,10,5.0,D1,32,long,1.0,1515,71.55744859692228,0.09680758276716805,0.21180230639925435,1.0338990396254661,0.3590759075907591,0.00011039611103810513,0.19943294983302906,0.22139150428526833,1.07197809349776,0.33779581208978415,0.013840708490944875,13377.958120897745
M15,10,5.0,D1,32,short,0.0,1592,74.84592611661733,-0.21901385015358002,0.4623537920254419,0.9248761699031358,0.31909547738693467,-0.00024060067184016376,-0.20962128806830346,0.49435172961148444,0.9241305753820285,-0.3632068254428481,-0.020994288848455334,6367.931745571544
M15,10,5.0,D1,32,short,1.0,1230,58.68811234487263,-0.2138738518422206,0.4410451428950901,0.9177751938737545,0.3252032520325203,-0.00028359272983946056,-0.215530068243823,0.48871794355586495,0.9148673972885636,-0.3532198041853647,-0.020576630239468874,6467.801958146361
M15,10,5.0,D1,50,both,0.0,3282,155.1378931021095,0.007247629696800532,0.407029242162235,1.0017055198411804,0.34430225472273,5.2896785314517325e-06,0.1026800288117018,0.3540914004082407,1.0250267788406857,0.11909433342072817,0.0053329000349098266,11190.943334207215
M15,10,5.0,D1,50,both,1.0,2599,122.88475728155339,-0.09387331269201483,0.43561932747454,0.9757794300873246,0.3474413235859946,-8.108434477447303e-05,0.05353105137510418,0.38708626410958713,1.0141919639461312,-0.008284451143611982,-0.0003932559077727271,9917.15548856385
M15,10,5.0,D1,50,long,0.0,1924,90.9461628057461,0.4325499332571903,0.17238126448579683,1.1420189201502764,0.369022869022869,0.00041163064773560177,0.4573701051207376,0.16536746242570444,1.1532358055660707,0.9694468163401069,0.03255561220683867,19694.468163400925
M15,10,5.0,D1,50,long,1.0,1507,71.25330097087378,0.2906795596222645,0.18989344439150546,1.105223875023884,0.37491705374917056,0.0003294850631870765,0.36654767641219915,0.18737600625859574,1.1342386992761668,0.7361394753837405,0.026426681073733027,17361.3947538373
M15,10,5.0,D1,50,short,0.0,1574,74.9450527962456,-0.3263457690353091,0.5187675363616613,0.8888761877982385,0.3119440914866582,-0.00036618565880099275,-0.17732153880920282,0.4658223045309968,0.932947115202491,-0.34957616115919543,-0.020272129718650556,6504.238388408084
M15,10,5.0,D1,50,short,1.0,1251,59.760364896678006,-0.3099937360259336,0.484685728520889,0.8833922646232543,0.31254996003197444,-0.00041487960035552674,-0.16588065509054714,0.4484301081973153,0.931278674999442,-0.32318122266963956,-0.018474349471686136,6768.187773303608
M15,10,5.0,D1,80,both,0.0,3278,156.79537716081717,0.003291901410713128,0.37314569218663274,1.0007839949769328,0.34807809640024406,2.4050097185258776e-06,0.20542023989068262,0.2507416899481154,1.0531201905717158,0.4433314881224175,0.017707323687136345,14433.314881224069
M15,10,5.0,D1,80,both,1.0,2625,129.75791717417783,-0.03976967247595164,0.3796601393971031,0.989692899984959,0.3535238095238095,-3.396063347731868e-05,0.17294120518291112,0.2662090363186077,1.0481175647654328,0.3219933786810709,0.013894006432141781,13219.933786810645
M15,10,5.0,D1,80,long,0.0,1904,91.25259152342213,0.2909093035047087,0.23376824800372564,1.0905401130017434,0.3697478991596639,0.00026984913964108863,0.3838939547360941,0.22108401168517544,1.1249855463900995,0.845507024431869,0.029802801759109654,18455.070244318595
M15,10,5.0,D1,80,long,1.0,1518,75.03714981729598,0.16397102031396166,0.26892738952066597,1.0547126848840842,0.37549407114624506,0.00017558540795653273,0.3028950404312231,0.25889942585400616,1.1056306438491526,0.6010533145449497,0.023538310912839533,16010.533145449499
M15,10,5.0,D1,80,short,0.0,1535,73.49046401887534,-0.314819980089203,0.4733402641876534,0.8908639713940874,0.3172638436482085,-0.00034610026518735597,-0.17130815782894251,0.4856323399008894,0.9354030770734498,-0.3261363974634449,-0.018720732279180252,6738.636025365538
M15,10,5.0,D1,80,short,1.0,1213,61.101675630947454,-0.29463203967912416,0.433915831215013,0.8882726709311392,0.3215169002473207,-0.0003817503397835359,-0.17195815934901845,0.4744774291372049,0.9298317750456293,-0.3099578133294626,-0.01851473151915284,6900.421866705387
M15,10,5.0,D1,120,both,0.0,3282,159.3659266152619,-0.036339534079897595,0.505839343612884,0.9915828151354172,0.3397318708104814,-2.6005667596576107e-05,0.09441822675588027,0.42255657586837747,1.02206869496205,0.08750298957703295,0.004081520864195776,10875.02989577037
M15,10,5.0,D1,120,both,1.0,2647,130.84541209906618,-0.15915197720931948,0.555980865742504,0.9603724420708256,0.34189648658859084,-0.00013117377714033722,0.007449825669500636,0.4514832837174242,1.0018877806819841,-0.13662507047825312,-0.007235505098301953,8633.749295217476
M15,10,5.0,D1,120,long,0.0,1871,90.85120313746344,0.3391516519174096,0.23454055023606146,1.1072106995440505,0.36611437733832175,0.0003223075293896987,0.4226302451895435,0.21382481931380948,1.1362674730687439,0.9437630083425235,0.03279901787783368,19437.630083425203
M15,10,5.0,D1,120,long,1.0,1505,74.39453917986195,0.19133040907444596,0.22620066758392232,1.0652268116400512,0.3667774086378738,0.0002102123853734669,0.3179012692599212,0.23317016531784396,1.1100812350296057,0.6399012012562029,0.024752010721178053,16399.012012561914
M15,10,5.0,D1,120,short,0.0,1543,76.28326340010828,-0.3181139437142254,0.4788395247826388,0.8908798084949735,0.3104342190537913,-0.0003457401413056383,-0.12824231214076676,0.4289645325034801,0.951694080182038,-0.2778329643890127,-0.01596331490840519,7221.670356109883
M15,10,5.0,D1,120,short,1.0,1238,63.39261180428993,-0.3253004708625437,0.47076185598323583,0.8795650663996138,0.3158319870759289,-0.00040666770384491257,-0.13654860593648774,0.43334667546101835,0.9443180641812159,-0.2724371244981325,-0.016154306795307827,7275.628755018703
M15,10,4.0,none,0,both,0.0,5719,265.4211880559085,-0.14201270317652814,0.6424489096318222,0.9735085882789832,0.33956985486973246,-6.845221230387653e-05,-0.16937468536730493,0.8961870569936229,0.9628571535643372,-0.8350194882220635,-0.08022686381994759,1649.805117779375
M15,10,4.0,none,0,both,1.0,4680,217.22836446816623,-0.18578640983223532,0.6298861718847285,0.9620653152426161,0.34807692307692306,-0.00010521433182512131,-0.17989264126903412,0.8468280127290729,0.9597240326865268,-0.7932006755768406,-0.07054084253037529,2067.993244231583
M15,10,4.0,none,0,long,0.0,5053,234.51184879288436,0.33996792342199234,0.33187090400055863,1.0678698113984333,0.3552345141500099,0.0001631472776305056,0.4101540366632741,0.35372438709177845,1.0836952454388005,1.3350140607638123,0.04014160955823942,23350.14060763772
M15,10,4.0,none,0,long,1.0,3888,180.83433082898256,0.22630026318227023,0.3185793010840944,1.0504696178484432,0.36522633744855965,0.00013093063818987602,0.3409877027666891,0.4100236722064917,1.0759342289810419,1.0545957686255414,0.034058673933009764,20545.95768625515
M15,10,4.0,none,0,short,0.0,5053,234.51184879288436,-0.5334458392312802,0.8011268535489582,0.8942706207714424,0.30892539085691667,-0.0002797996893767693,-0.3887757528696548,0.9333156730225567,0.907053270612199,-0.9169549344698643,-0.10906729463140241,830.4506553013457
M15,10,4.0,none,0,short,1.0,3852,178.79565383149068,-0.4827435431362506,0.7840868297722499,0.8912549230741457,0.31568016614745587,-0.0003135099060696204,-0.4196265806832049,0.9278524137770463,0.8911226787271243,-0.9049367073240407,-0.10347352226893791,950.6329267595927
M15,10,4.0,H4,20,both,0.0,3455,160.5315799516601,0.031301822224939366,0.44224059795868464,1.007691381551226,0.33892908827785817,1.9984737370184958e-05,0.05212929168220925,0.45171213212639216,1.013230083985614,-0.01949378310658101,-0.0009142769290084729,9805.062168934246
M15,10,4.0,H4,20,both,1.0,2722,126.60263593531135,-0.14026259447747888,0.509318683885644,0.9621328062987838,0.34019103600293904,-0.0001068870983506984,-0.09136479646640697,0.6053244767771783,0.974656833653666,-0.39407632242145696,-0.023032617239393094,6059.2367757853635
M15,10,4.0,H4,20,long,0.0,2040,94.89429444727458,0.2101509703831904,0.2868478729228574,1.0643805791984533,0.36176470588235293,0.00015819613819534827,0.26458619915177267,0.32617758300735034,1.0832559678759779,0.46919342840591693,0.01805673464751334,14691.934284059136
M15,10,4.0,H4,20,long,1.0,1575,73.3200038236044,0.16139050648958844,0.23577224520743012,1.0557132692702,0.37206349206349204,0.00014756007172455054,0.23249177683863279,0.28862629463564693,1.079379238102306,0.3871641015179559,0.015351441562234891,13871.641015179426
M15,10,4.0,H4,20,short,0.0,1825,84.79598651571047,-0.2129767800656216,0.44495177959843646,0.9268758821141031,0.30575342465753425,-0.0001983033810883744,-0.2907213405943287,0.5730064478687945,0.8959062698384277,-0.5197217560940679,-0.03350184630889452,4802.782439059327
M15,10,4.0,H4,20,short,1.0,1399,65.41023425499232,-0.3018666952988633,0.4982920660585962,0.8845958274722024,0.3037884203002144,-0.0003425340041864397,-0.36008874251961265,0.6313157826691398,0.8579295957489824,-0.5896543676006938,-0.04079193292365513,4103.456323993051
M15,10,4.0,H4,32,both,0.0,3764,175.06698077167962,-0.0015619046819076432,0.5136882974718746,0.9996176302944694,0.34112646121147716,-1.0099070395222872e-06,-0.001748406762582522,0.5389302368540563,0.999488330469408,-0.26258960154304356,-0.014067823872134344,7374.103984569495
M15,10,4.0,H4,32,both,1.0,2932,136.36992232267923,-0.18758018407428062,0.586874254711802,0.9492077779201772,0.3427694406548431,-0.00014609733297471,-0.14368988857990117,0.693212543543892,0.9580625386961338,-0.5650604951193214,-0.03798242727305401,4349.395048806751
M15,10,4.0,H4,32,long,0.0,2084,97.03990311065782,0.18747331228815892,0.43669743807606387,1.058118352661636,0.368042226487524,0.00014411206612881966,0.3496648627990697,0.3598875777929056,1.112908320430941,0.7515941565609368,0.026444089974147822,17515.9415656093
M15,10,4.0,H4,32,long,1.0,1592,74.13029066802652,0.0016952736117068908,0.4387486142346092,1.0005822870821308,0.375,1.5701799674908453e-06,0.20736406088481682,0.3969550065673312,1.0722769135233003,0.3735222402470162,0.014888230776456846,13735.222402470108
M15,10,4.0,H4,32,short,0.0,1929,89.71950210110786,-0.16616438276045528,0.49456375593679647,0.9411692166224876,0.30533955417314673,-0.00016294669985086202,-0.23427087107039235,0.6626874617128726,0.9014734102419381,-0.5583210230787012,-0.03729417644265243,4416.789769212984
M15,10,4.0,H4,32,short,1.0,1501,69.81284222590094,-0.22374302512791036,0.5327489454518526,0.9118162886319352,0.3037974683544304,-0.00026759304152181224,-0.26581902617821407,0.6658512047211601,0.8841219821308459,-0.570417390963089,-0.03853677864064742,4295.826090369107
M15,10,4.0,H4,50,both,0.0,4056,188.81646698954881,0.024785927391099152,0.4756820106323296,1.0058596031931164,0.33456607495069035,1.5284077360048768e-05,-0.02452042765771677,0.5506699945263034,0.9932890566026767,-0.3064913005500728,-0.01689345428368605,6935.086994499194
M15,10,4.0,H4,50,both,1.0,3132,146.53042141667734,-0.04997915725633676,0.495750036329901,0.9867390020607696,0.3425925925925926,-3.762502050202764e-05,-0.11513262321333843,0.6755914507313262,0.9663437105947928,-0.5261342424500409,-0.034337080976549195,4738.657575499556
M15,10,4.0,H4,50,long,0.0,2226,103.6652428917506,0.31773644946234153,0.29498424585628213,1.0991531629015534,0.36163522012578614,0.00023728137325148372,0.377877373504272,0.27443633852771665,1.1219020229351615,0.8126777469705913,0.02808740709744395,18126.77746970579
M15,10,4.0,H4,50,long,1.0,1690,79.09693746796515,0.2617144966962682,0.2859589678006338,1.0929248571381358,0.3727810650887574,0.00024039144403866552,0.31954514652993166,0.3057232018663689,1.1126674155532554,0.6494940287237589,0.023699874395040288,16494.940287237496
M15,10,4.0,H4,50,short,0.0,2020,94.0957785996684,-0.25465734587030026,0.48353810484078563,0.9146613714440404,0.30297029702970296,-0.00024144124041966915,-0.31465304802941185,0.6698047408518689,0.8820827962052047,-0.6261292323445731,-0.044795226648843944,3738.707676554292
M15,10,4.0,H4,50,short,1.0,1566,73.73746293670234,-0.28695483751467954,0.5077674138510416,0.8928608252880471,0.30970625798212004,-0.0003311888974185405,-0.3581175403539199,0.7076790948679317,0.8513804664437775,-0.6716694279543125,-0.05109050586090458,3283.305720456881
M15,10,4.0,H4,80,both,0.0,4236,197.57361767334953,0.12848572208621944,0.4555747863980055,1.0292025452325806,0.3368744098205855,7.600617929486286e-05,0.0056149637086201735,0.5143070257163693,1.001495579742381,-0.20514918926985348,-0.010651803211345623,7948.508107301431
M15,10,4.0,H4,80,both,1.0,3222,151.30309848290048,-0.15791883990557942,0.5764695996859006,0.9605591242165217,0.33271260086902543,-0.00011375977979905541,-0.17937843835481518,0.7841034861347079,0.9522979956772593,-0.6410822956439983,-0.046978191748148546,3589.1770435599856
M15,10,4.0,H4,80,long,0.0,2331,108.86047180667434,0.23823694126778197,0.32266006957163496,1.0699542015289463,0.3556413556413556,0.00017343824907067217,0.269905425864604,0.367078287949118,1.0816200491099768,0.5386650721496156,0.020328110410122502,15386.65072149612
M15,10,4.0,H4,80,long,1.0,1750,82.20003858024691,0.011836304275931965,0.3835779368102632,1.0038358733587358,0.35428571428571426,1.0548314921632576e-05,0.10085914478951336,0.5197432885154081,1.03297015258515,0.11662732726425529,0.005195000981457865,11166.273272642506
M15,10,4.0,H4,80,short,0.0,2040,95.14876771804369,-0.008425923425555088,0.3834294563863586,0.9971251484665501,0.31813725490196076,-7.784350942109078e-06,-0.13847197126638908,0.5271786664162157,0.9454591023057705,-0.38501839393166715,-0.02242023900461443,6149.81606068331
M15,10,4.0,H4,80,short,1.0,1570,75.9325344279661,-0.16869968456688755,0.467787400253452,0.9376500303957761,0.31337579617834393,-0.00018644613782120407,-0.26542749894191003,0.6200197183842788,0.8964553369805056,-0.5423346509197358,-0.037097050409089394,4576.6534908026415
M15,10,4.0,H4,120,both,0.0,4391,205.30117127496158,0.15130843962486473,0.368877238361624,1.0326071155971406,0.33454793896606694,8.417392769277498e-05,0.25225992829268773,0.31965866964502365,1.0576413747344664,0.6641938433004004,0.024100049567538306,16641.938433003943
M15,10,4.0,H4,120,both,1.0,3370,157.6652363263738,-0.09806681364748254,0.49390462519176603,0.9767646885699435,0.3347181008902077,-6.589749298732752e-05,0.059907287064333785,0.5714916192612887,1.0152150329060732,-0.06049754609701907,-0.002915348959322106,9395.024539029784
M15,10,4.0,H4,120,long,0.0,2378,111.21184379001281,0.3233003026348779,0.20122198837000949,1.091890607221467,0.3595458368376787,0.00022381828581824158,0.3664281524252938,0.22271893073064686,1.108811867517158,0.7525696801728357,0.0265874578750942,17525.6968017283
M15,10,4.0,H4,120,long,1.0,1814,84.90049974372117,0.05556570373837533,0.22190459799441753,1.0171763051467109,0.36163175303197354,4.5836263471136794e-05,0.21719186250870315,0.28383036316444743,1.0700789117671936,0.3999179800218522,0.015869749515002418,13999.179800218428
M15,10,4.0,H4,120,short,0.0,2110,98.84282416313967,-0.17451854240371675,0.4194239727346347,0.9454539956613454,0.3023696682464455,-0.0001500737825871502,-0.12644518081639528,0.4122702936986774,0.9574458193963572,-0.3389395390592552,-0.0192028190764979,6610.604609407481
M15,10,4.0,H4,120,short,1.0,1627,78.68932070974576,-0.24446118758645227,0.45104243729066085,0.9162612941376201,0.30239704978488013,-0.00025254414796936354,-0.22274585789927956,0.538740284841233,0.9200781817719758,-0.4658522730049277,-0.02987335624413534,5341.4772699507475
M15,10,4.0,D1,20,both,0.0,4603,215.21322964669739,-0.0006545641887431153,0.47174639608505753,0.9998674865466852,0.3356506626113404,-3.35376564583788e-07,0.08108847505450999,0.5131513996559434,1.0173704594382547,0.03485895410483164,0.0016033504077912486,10348.589541048354
M15,10,4.0,D1,20,both,1.0,3545,165.8738470407379,-0.18973167733205154,0.5770379113552502,0.9577408532211609,0.33737658674188997,-0.00011681724817852026,-0.05383894105291331,0.7155440192025377,0.9874101902453966,-0.375287413364928,-0.021772901875584005,6247.12586635069
M15,10,4.0,D1,20,long,0.0,2691,125.81768433179722,0.34536581427500057,0.2177435801281099,1.0930683194192647,0.35785953177257523,0.0002207206886703853,0.34750429084506174,0.26079083464276365,1.0975518287576127,0.7206267221213405,0.025698045930577562,17206.267221213417
M15,10,4.0,D1,20,long,1.0,2055,96.1553612605688,0.1299868127005073,0.23496197579200118,1.0385234716288114,0.3605839416058394,9.915222927617366e-05,0.23201729708353713,0.3180345879489569,1.0710323172330134,0.44392641317941384,0.01733798839860956,14439.264131794023
M15,10,4.0,D1,20,short,0.0,2361,110.92812580396192,-0.2229135296867858,0.4695007249074403,0.9349230393050012,0.30749682337992373,-0.00017239616579338004,-0.10877759416046355,0.4681060078358745,0.9658330202759075,-0.3072909838796982,-0.017101856327131237,6927.090161203009
M15,10,4.0,D1,20,short,1.0,1806,90.3866127706221,-0.24828668576978244,0.44998906239503855,0.9211844859932175,0.3133997785160576,-0.0002287962570644379,-0.1611754719943458,0.47364618748295584,0.9466624608126527,-0.37271104751298845,-0.023069499452499143,6272.8895248701065
M15,10,4.0,D1,32,both,0.0,4694,220.45563842098497,0.06889148391984434,0.4313668140570419,1.014363776143169,0.3363868768640818,3.6585282751487855e-05,0.13828750414523777,0.32502656965178955,1.0300142931563971,0.22487994252217813,0.009572119457649908,12248.799425221872
M15,10,4.0,D1,32,both,1.0,3636,172.38434579439252,-0.1070828331288036,0.5128504150209825,0.9754900912379346,0.33993399339933994,-6.805623686493222e-05,0.03693174161837476,0.42723568412171176,1.0086516655496067,-0.08064014504817463,-0.003978224391306795,9193.598549518205
M15,10,4.0,D1,32,long,0.0,2752,129.39855818743564,0.2811005509163709,0.16590520337398018,1.077339590889076,0.3488372093023256,0.00018854469514203797,0.29052123567524946,0.19649236518050306,1.0810422813311782,0.5767846095194407,0.021643137922642497,15767.846095194305
M15,10,4.0,D1,32,long,1.0,2146,101.74279595015575,0.07886846350242568,0.17725847759565172,1.0236214578214091,0.35181733457595527,6.261178520437502e-05,0.193611770912913,0.22553648255032888,1.0581079840140166,0.34164574723462393,0.014031314021002661,13416.457472346134
M15,10,4.0,D1,32,short,0.0,2260,106.23745173745174,-0.22687037635742102,0.4905817795314853,0.9314436637179349,0.3141592920353982,-0.00018126847062529178,-0.17246208251233086,0.4796109196236855,0.9459235557072649,-0.3674009759730483,-0.021295681489055696,6325.990240269491
M15,10,4.0,D1,32,short,1.0,1704,85.11843544857767,-0.29958696388704764,0.5201449300172047,0.9013321520322457,0.31572769953051644,-0.00028846435059732726,-0.23775683389964947,0.5291669842367727,0.9205271733942222,-0.43986640282195355,-0.02853618306234096,5601.335971780467
M15,10,4.0,D1,50,both,0.0,4710,222.60966614906832,0.007347654315335257,0.4634952244199664,1.0014730003931858,0.33673036093418257,3.7313231304107453e-06,0.08535246593673597,0.4056632179594861,1.017628016989295,0.06469427348734347,0.002967214281513586,10646.942734873468
M15,10,4.0,D1,50,both,1.0,3650,172.55533264302358,-0.12537866085920013,0.48956982955568706,0.9723021021801358,0.3427397260273973,-7.646802986101244e-05,0.0022687586770304066,0.501028337159079,1.000507936480723,-0.17350557243117526,-0.0089684474845948,8264.944275688194
M15,10,4.0,D1,50,long,0.0,2769,130.87179736024845,0.3246038407259149,0.2533703730944713,1.0882840282652457,0.3503069700252799,0.00021122771249627373,0.36235529605406924,0.2698739201615854,1.100791876946228,0.7734671210400148,0.02744877239670962,17734.671210400098
M15,10,4.0,D1,50,long,1.0,2137,101.02760160497023,0.2060680330513623,0.22417388278784078,1.062140166600237,0.3612540945250351,0.00016039977883771237,0.30706905340807467,0.2612925579498623,1.0933516352762214,0.6375904332830815,0.023591446442402964,16375.904332830754
M15,10,4.0,D1,50,short,0.0,2196,104.5612045365663,-0.2930820638365157,0.5163370676502581,0.9113588886498541,0.3105646630236794,-0.0002367747608739297,-0.2278708427694997,0.531568157014698,0.9269058159302012,-0.45473335857193875,-0.028464231676673002,5452.666414280625
M15,10,4.0,D1,50,short,1.0,1700,85.43271876719868,-0.32142683048758286,0.5638427149252252,0.894597569099616,0.3111764705882353,-0.00031029846105119123,-0.2950924412153093,0.5942316484482779,0.9007503978214284,-0.5104789060272276,-0.03526151228271868,4895.210939727702
M15,10,4.0,D1,80,both,0.0,4715,225.50134215005892,-0.09485747073084053,0.4911028544258903,0.9808865583330637,0.33700954400848354,-4.8651925709171324e-05,0.053148479152835375,0.47346549613766276,1.0112947846614595,-0.05561761934109377,-0.002733080850463643,9443.823806589007
M15,10,4.0,D1,80,both,1.0,3689,183.7707651391162,-0.20947279715671696,0.5726420655273121,0.9544144979111708,0.3407427487123882,-0.00012630042523483214,-0.038783541875554585,0.5890511480999425,0.9911754728302085,-0.3181330532151534,-0.018894745003797286,6818.669467848383
M15,10,4.0,D1,80,long,0.0,2709,129.83365043957485,0.3391117176238354,0.26075237719021005,1.0898198557806673,0.3547434477667036,0.00021833842454707569,0.38967642453848905,0.30346134003682124,1.1072430373680902,0.9039301161405058,0.031342162230162396,19039.301161404903
M15,10,4.0,D1,80,long,1.0,2121,105.65947217675941,0.2049051698564997,0.26227320737115145,1.0581228438481953,0.36115040075436117,0.0001526819547443882,0.3179932624412721,0.329450872139345,1.092714506208221,0.6856989496542376,0.026354155627844378,16856.9894965423
M15,10,4.0,D1,80,short,0.0,2194,105.02732634338139,-0.46840702502787346,0.5974822273329152,0.8616563523131685,0.31267092069279856,-0.0003687070528028578,-0.330842414316653,0.6224918812945005,0.895848811888553,-0.5885615249959099,-0.041622344557995405,4114.384750040883
M15,10,4.0,D1,80,short,1.0,1694,84.75801369863014,-0.4997699204590737,0.6163495580600966,0.8393708408545456,0.3116883116883117,-0.00047349141833331784,-0.37813622747165454,0.648088415787537,0.8723964275630163,-0.60901795363347,-0.045900049021917355,3909.820463665296
M15,10,4.0,D1,120,both,0.0,4694,227.89891000930479,0.01333825968853259,0.5020248294742209,1.002640246444881,0.3368129527055816,6.6331934220014666e-06,0.15981260204973424,0.45700955147883937,1.0325344017623186,0.29507553141927545,0.012632942748809883,12950.755314192644
M15,10,4.0,D1,120,both,1.0,3728,185.66293973275154,-0.11132566092902213,0.49471152918174655,0.9761758831763139,0.34146995708154504,-6.458155735645835e-05,0.09503880399946313,0.4523987635936303,1.0206320553866033,0.07180921438755372,0.0034596638680171043,10718.092143875507
M15,10,4.0,D1,120,long,0.0,2668,129.53436129203774,0.3353686247289335,0.3453910892717955,1.088454188402672,0.3583208395802099,0.00021702886873747754,0.3979174248343181,0.40938153076850425,1.1100635592884687,0.9963980436543032,0.03413522559261106,19963.980436543032
M15,10,4.0,D1,120,long,1.0,2129,106.0290769020998,0.1785151964826727,0.3210097655608801,1.0504560826254092,0.36214185063410054,0.00013270242128448798,0.34025516715029536,0.41040459813436203,1.1005838930510183,0.8283350732870531,0.03050707704317368,18283.350732870455
M15,10,4.0,D1,120,short,0.0,2182,107.83053713976459,-0.3004756126488867,0.4707649520391832,0.9096183148578924,0.3093492208982585,-0.00023262792559677407,-0.18873101055656594,0.5505763235229788,0.9410392163702493,-0.3836476705712393,-0.023631572885970065,6163.523294287625
M15,10,4.0,D1,120,short,1.0,1704,87.25445114257676,-0.2563355754619348,0.4520246306236114,0.9145774769565386,0.3174882629107981,-0.00023864703732381484,-0.16196808691647857,0.5142847175719956,0.9446069760127502,-0.3303393676662967,-0.020323303079831323,6696.606323337064
M15,10,2.5,none,0,both,0.0,10881,581.8013833992095,-0.8559328485081474,0.894581095766529,0.8962157570775819,0.313941733296572,-0.00018709980060005387,0.13605417572883383,1.0002371722060281,1.2461909640944135,-0.9999963717155351,-0.4881884606882618,-1182.4824227902936
M15,10,2.5,none,0,both,1.0,6642,425.83649289099526,-1.1733237289904725,0.9052319222489359,0.8425506550320796,0.3127070159590485,-0.00032563356893351985,-0.1576673756356671,1.000021052267932,0.9074280871425114,-1.000022224316155,,-755.357297851275
M15,10,2.5,none,0,long,0.0,10572,490.65095298602284,-0.34084182834616916,0.8164880024325814,0.9536837949105235,0.3283200908059024,-7.883497876831492e-05,-0.3220844947643261,1.0021732828162684,0.5446511327007096,-0.999902788412578,-0.3486891521311526,-268.87028316433646
M15,10,2.5,none,0,long,1.0,8001,372.13361135871645,-0.5155634897261758,0.834622349590773,0.9223175105000943,0.3312085989251344,-0.00014517712599897698,-0.42230035911921915,1.0000662943898966,0.6587122040379463,-0.9999999908031427,-0.5771155286339918,222.67790596442626
M15,10,2.5,none,0,short,0.0,7962,493.8224656138563,-1.247870622346839,0.9159197472257468,0.8364706058516034,0.2925144436071339,-0.0002956314307022111,-0.2808912676355733,1.0005344288113835,0.9116032250711598,-1.000537049721977,,-265.72746397319315
M15,10,2.5,none,0,short,1.0,5403,337.1106508370345,-1.1822646423813203,0.8986268914489974,0.8185719494408802,0.2972422728114011,-0.00037479484201601146,-0.5608376660212928,1.000484567265394,0.8197158963546511,-1.0005428077511234,,-188.75262951654804
M15,10,2.5,H4,20,both,0.0,9002,418.2117145764437,-0.572036215603524,0.8005840920615198,0.9171196087266809,0.3110419906687403,-0.00014626280896822165,-0.28521676757207187,1.0001798114029377,0.8300914472410195,-0.9999461317101205,-0.3665857998301535,-521.3201642893123
M15,10,2.5,H4,20,both,1.0,6876,319.8088628549599,-0.7300438773716382,0.8306498547466795,0.8834859926924853,0.31311809191390344,-0.0002258399307859758,-0.237528479315441,1.0006174299954285,0.7843166771980559,-0.999999981497105,-0.5631398260006515,-349.8839162401868
M15,10,2.5,H4,20,long,0.0,5290,246.04259518655292,-0.3717160701250285,0.634851591626479,0.9312262234465939,0.3217391304347826,-0.00011815281336622541,-0.0356298487300668,0.9724046704634017,0.9909576494080464,-0.8589175148024216,-0.0870620954752761,1410.8248519757983
M15,10,2.5,H4,20,long,1.0,3948,183.78880958450168,-0.5480387624808338,0.6915490062456676,0.8886300896591066,0.3234549138804458,-0.00021194546044212795,-0.16309171539353148,0.9810345854444178,0.9591678501858607,-0.9018476049821054,-0.10242533787159058,981.5239501789646
M15,10,2.5,H4,20,short,0.0,4634,215.28472398880695,-0.42153335265162983,0.5834896728049362,0.9120198685909592,0.3034095813552007,-0.00015749856405751036,-0.47970741648765647,0.857253703508469,0.8981899176810958,-0.8397444929846406,-0.08154584456401481,1602.5550701536047
M15,10,2.5,H4,20,short,1.0,3530,164.45567602040816,-0.4364123972613436,0.5892143180706944,0.8981746497999901,0.30708215297450425,-0.00019973149486311135,-0.5433442680237284,0.8666662692866682,0.876115274490493,-0.8481660694375923,-0.08407143629900016,1518.3393056240707
M15,10,2.5,H4,32,both,0.0,9325,433.5484024949084,-0.5114828300630665,0.800898148790469,0.923348326636603,0.3145308310991957,-0.0001355142348619654,-0.14737381073591577,1.0001948527425446,0.8501129895665719,-1.0000000024429279,,-962.7932417984985
M15,10,2.5,H4,32,both,1.0,7095,329.952731092437,-0.602228284030065,0.8125185643785888,0.8989220160993828,0.316138125440451,-0.00019642078512408407,-0.17363693185587223,1.0001881197500762,0.8769742765588333,-0.9999889741494715,-0.41190492127401135,-307.66288547624924
M15,10,2.5,H4,32,long,0.0,5243,243.91870462361481,-0.21886545094656343,0.6404225054639456,0.957743490199962,0.3257676902536716,-7.188745183094608e-05,-0.0026791829408930297,0.9076470303259012,0.9994118031303282,-0.46366016863030757,-0.02856709310024419,5363.398313697265
M15,10,2.5,H4,32,long,1.0,3902,181.62425130623166,-0.3298497090379158,0.6490488299335618,0.9285690693543509,0.32624295233213735,-0.00013426241227094236,-0.10049261665430521,0.9098271856978769,0.976785609797859,-0.6273287497708274,-0.0449046258952962,3726.7125022918644
M15,10,2.5,H4,32,short,0.0,4772,221.8934436664545,-0.44739683104978806,0.6562077289278008,0.9029140977692878,0.30511316010058676,-0.00017523003457839504,-0.34511227118130583,0.9590825168867019,0.884046315887071,-0.9386924929959252,-0.1217451784508421,613.0750700407443
M15,10,2.5,H4,32,short,1.0,3647,169.60360962566847,-0.43642203894354664,0.6630307364459098,0.8931433078130404,0.308746915272827,-0.00021171393166525147,-0.33903403827193884,0.9657162660568129,0.8682898353428228,-0.9455576657506981,-0.12659679463572193,544.4233424930158
M15,10,2.5,H4,50,both,0.0,9587,446.2976994646954,-0.5446897935217914,0.8466598505680245,0.9218718289562925,0.31302805882966517,-0.00013704310213835105,0.00574937981094616,1.0009105476622364,1.0043766989753884,-1.0002872909851168,,-282.4711281764645
M15,10,2.5,H4,50,both,1.0,6132,327.06089369158883,-0.8863445765615977,0.8588133258566601,0.8585066630936578,0.30463144161774297,-0.0002849380621000264,-0.3998627968923847,1.0005083438216424,0.5931104013842077,-0.9998682547913573,-0.37907477560074865,-764.7331258290238
M15,10,2.5,H4,50,long,0.0,5313,247.4905305445734,-0.19151777776341647,0.5916310436925021,0.9629615357875877,0.3282514586862413,-6.272571367909296e-05,-0.016230131150208046,0.9169822810822374,0.996293742061195,-0.5271862529607825,-0.03429074911637642,4728.137470392523
M15,10,2.5,H4,50,long,1.0,3947,184.35316496163682,-0.3745894131509231,0.6415791686062189,0.9192506392661485,0.3253103623004814,-0.00015171856324820414,-0.05080172835411461,0.993758752053339,0.985346244803355,-0.8701746831808881,-0.09095049593462079,1298.2531681911519
M15,10,2.5,H4,50,short,0.0,4795,223.38950892857142,-0.524317709774102,0.680664387496727,0.8932781375230539,0.29635036496350364,-0.0001928717365785457,-0.620156798324399,0.9233484439694565,0.8702380088700109,-0.9093312184272324,-0.10580953943854998,906.687815727689
M15,10,2.5,H4,50,short,1.0,3675,171.2109375,-0.5509859314440414,0.6999445119875018,0.87510044161018,0.30095238095238097,-0.00024717217638899253,-0.7200165086405732,0.9426013451199311,0.8394382175605846,-0.9305342615429554,-0.11683794867912578,694.657384570446
M15,10,2.5,H4,80,both,0.0,9780,456.0961440245148,-0.35489318591762986,0.7913519678359112,0.9471149250654193,0.3164621676891616,-9.325600014975218e-05,-0.32745832911966305,1.007441286884765,0.4811420656500557,-0.9999999913052464,-0.5791934931499554,-910.6973431780917
M15,10,2.5,H4,80,both,1.0,7369,343.96514376996805,-0.6685750430093828,0.8630874846848522,0.8900962845117589,0.31157551906635905,-0.00021583112175047267,-0.15673705337027238,1.0000650836717908,0.688253731169888,-1.0000016634491002,,-514.2989103292392
M15,10,2.5,H4,80,long,0.0,5432,253.71329923273655,-0.3132985440331909,0.6591451111008615,0.9410790124341883,0.32087628865979384,-0.00010088983955900628,0.30086817241858493,0.999825608337944,1.2842609560134004,-0.7118734995524116,-0.056463585880980105,2881.265004476014
M15,10,2.5,H4,80,long,1.0,4008,187.20230179028133,-0.6039437395430696,0.754707337149961,0.8749272263405377,0.313872255489022,-0.00023944270069679817,-0.3890555736620447,1.000294228144876,0.7136460728831231,-0.9999998929254825,-0.5274623395166542,1229.852213698841
M15,10,2.5,H4,80,short,0.0,4731,220.6330120020429,-0.226470513303004,0.6580525670364674,0.9490371759155243,0.310716550412175,-9.244334186508813e-05,-0.4038750508216673,0.9695096298825233,0.8517625917253715,-0.9562874534892207,-0.1358207114839175,437.12546510779003
M15,10,2.5,H4,80,short,1.0,3639,170.60001925298423,-0.39635160721200563,0.693360127508643,0.9022443264862127,0.3083264633140973,-0.00019672480345079082,-0.17775776552962338,1.000870251284755,0.8506573035802042,-1.0011502720845733,,-157.7017890816395
M15,10,2.5,H4,120,both,0.0,9866,461.2257135543325,-0.43832688529118535,0.814114893369227,0.9376984845888398,0.3152240016217312,-0.0001091904078017129,-0.2129250829111589,1.0016793792186485,0.8713172478557834,-1.0,-0.9024552946392521,2.5437283806170328
M15,10,2.5,H4,120,both,1.0,6475,339.99335106382983,-0.9268046626862942,0.8639934285036157,0.8555657730444822,0.30532818532818534,-0.0002875970260453831,-0.43372421938153566,1.0004474626417514,0.5529527747069908,-0.9958947576833481,-0.25065864666182347,-729.2766489210532
M15,10,2.5,H4,120,long,0.0,5415,253.3079853995902,-0.18992436107466398,0.6054208903801983,0.9635858142763413,0.32779316712834716,-6.175539748143693e-05,0.03832320817173578,0.9059872267412394,1.0090600845841469,-0.42170499585768284,-0.02529408444277237,5782.950041423584
M15,10,2.5,H4,120,long,1.0,4018,188.99864777849325,-0.5172308215803784,0.7114320531550369,0.8916714150903916,0.32254853160776503,-0.00020413209964573073,0.23642389888227303,0.998403941852426,1.1288671260241017,-0.8698127774499398,-0.09144530998064648,1301.8722255006408
M15,10,2.5,H4,120,short,0.0,4768,223.35667564447863,-0.4992172740466803,0.6311764656757874,0.8990853468971872,0.2997063758389262,-0.00018319090979525537,-0.5187194717649408,0.8724139362454911,0.8916338436463189,-0.85857475719934,-0.08755544298703588,1414.2524280066093
M15,10,2.5,H4,120,short,1.0,3669,172.0064497497112,-0.5725432922756629,0.6598896660425293,0.8722198737650038,0.30253475061324614,-0.0002547532516748496,-0.7161525826601691,0.9284381897563776,0.8448195584473182,-0.9205600639650924,-0.11195963880928073,794.399360349077
M15,10,2.5,D1,20,both,0.0,10018,468.33156277998205,-0.5730340993137402,0.8600555048734269,0.921432812392012,0.3138350968257137,-0.00013712810297221423,-0.14443995982391716,1.0009661170159545,0.8951231139145542,-0.9999999999196113,-0.6626521930321059,-607.0999563995125
M15,10,2.5,D1,20,both,1.0,5448,330.49028400597905,-1.152297767313414,0.8821517124416731,0.8260739849967295,0.30580029368575623,-0.00036079878399186097,-0.3331368810777072,1.0021446629757422,0.6825803944310727,-0.9999601055354129,-0.4590718677733676,-740.7377630604266
M15,10,2.5,D1,20,long,0.0,5594,261.54742703533026,-0.0955038819145683,0.579764608127771,0.9823500465695868,0.33285663210582767,-2.9363334625266983e-05,0.05772379431294307,0.9228720190366222,1.0140063978795184,-0.3256790574682601,-0.018255082878801954,6743.209425317822
M15,10,2.5,D1,20,long,1.0,4198,197.38922502574667,-0.46949879684892765,0.6873928136203312,0.9065119374374241,0.33182467841829444,-0.00017101627378392177,0.16354879556606383,1.0255454712133827,1.1703497637123674,-1.0256847439890227,,1849.957485344345
M15,10,2.5,D1,20,short,0.0,4928,230.85186610234703,-0.7570262680776454,0.7541492626868228,0.8532011920453864,0.2924107142857143,-0.0002637050188133029,-0.6681955035012952,0.9535817833756767,0.8597915250445405,-0.9517584431874532,-0.13238919893086232,482.41556812546384
M15,10,2.5,D1,20,short,1.0,3769,176.69455140546785,-0.8363279207788247,0.7786388546592826,0.8215366000552692,0.29503847174316794,-0.00035269759776467696,-0.7933975944026361,0.9877842942556,0.8070361489616432,-0.9867805276035075,-0.18356689153480465,132.19472396492299
M15,10,2.5,D1,32,both,0.0,10116,475.041013113911,-0.6339759092331713,0.8690230582590258,0.9126732063121324,0.3156385923289838,-0.0001530429911984606,0.03975307836117635,1.0008201327222686,1.0248707172254639,-1.000000324155239,,-1185.3739321509634
M15,10,2.5,D1,32,both,1.0,6277,346.325415407855,-1.0364141257702932,0.8982367481438202,0.8414556037318661,0.31145451648876854,-0.00031874593404485665,-0.028272291122961004,1.0004088190214042,0.9816761171385862,-0.9999876908211249,-0.4640679943292265,-773.371725629277
M15,10,2.5,D1,32,long,0.0,5769,271.2573699794027,-0.23182913209495212,0.6295791513519245,0.9572849370087388,0.328653146125845,-7.264473264176308e-05,-0.08067066629836253,0.9201903700484367,0.9815639518981265,-0.7116421711553664,-0.05679501960674327,2883.5782884465893
M15,10,2.5,D1,32,long,1.0,4398,208.26779463243872,-0.5576524709071141,0.6970271178586112,0.8887789721954903,0.3262846748522055,-0.00020770075727994514,-0.0580305385472466,0.9919057052534705,0.9822896368984237,-0.9362606328828377,-0.12222624467763965,637.3936711716334
M15,10,2.5,D1,32,short,0.0,4735,222.35262921059396,-0.7361783573154888,0.7649672774779621,0.8536027793495062,0.29841605068637805,-0.000260761310396874,-0.8969717376310321,0.9756970796507448,0.8173625278507379,-0.9731037370905653,-0.1561615336598211,268.9626290943432
M15,10,2.5,D1,32,short,1.0,3569,167.66266881028938,-0.8741716774473502,0.7955595336314402,0.8087499395624673,0.2992434855701877,-0.00037817707400679326,-0.6626466375961377,1.0005359377377747,0.695264756117557,-1.0006014745846536,,-65.25244280148061
M15,10,2.5,D1,50,both,0.0,10108,477.73641304347825,-0.699181023680999,0.8792990176396203,0.904135343530858,0.31024930747922436,-0.0001688022028338979,-0.15146794267284494,1.0105632332963417,0.7343940011899839,-1.0,,-1140.3039243164976
M15,10,2.5,D1,50,both,1.0,6323,352.10790516847084,-1.0260487895718284,0.8904741588789178,0.844069396959306,0.3063419263008066,-0.00031401278924527494,-0.05080421498644932,1.0000918243871497,0.9573130019675231,-1.0000012399297864,,-836.7588726753632
M15,10,2.5,D1,50,long,0.0,5754,271.9524456521739,-0.09865030450416182,0.6159577168505099,0.9815114233274659,0.32638164754953075,-3.147989759983539e-05,0.05801715740280423,0.871614242373764,1.0130587287594415,-0.29436206020763656,-0.016343429264021214,7056.379397924297
M15,10,2.5,D1,50,long,1.0,4381,207.40897602073883,-0.4117782116243882,0.6683013940980265,0.9159346160830628,0.3238986532755079,-0.0001573627078404037,0.006605086962732208,0.9817328152677487,1.0019636983086526,-0.7839385108816583,-0.06996990204008469,2160.6148911834352
M15,10,2.5,D1,50,short,0.0,4641,220.8920054730258,-0.9677099245085646,0.8101247469191352,0.8119889354621679,0.2893772893772894,-0.0003396619760734571,-0.2613138986354099,1.0001783927237669,0.298922964435378,-0.9999108749594813,-0.3584402833068886,-75.3047836664133
M15,10,2.5,D1,50,short,1.0,3569,172.84238265712014,-0.9398411155948121,0.7993457813845211,0.7988410556671134,0.294480246567666,-0.00039921369554742406,-0.8846125624167248,1.0001339090001629,0.6712313157858839,-1.0001445957441566,,-5.600228608233338
M15,10,2.5,D1,80,both,0.0,10068,481.45286724273376,-0.679997750073223,0.871862404104108,0.9083796992397642,0.31714342471195867,-0.0001590927897176224,-0.07387458912574053,1.000090420110121,0.9503543978897971,-1.0000000001930482,,-264.88913152982656
M15,10,2.5,D1,80,both,1.0,6738,366.7194903889137,-1.055650436489973,0.8895493228837584,0.8454601134140668,0.31151677055506083,-0.00030235926761416405,0.06453554038831556,1.0001117931967227,1.0681792207978615,-0.9999995552335329,-0.5488759653075005,-810.870982423021
M15,10,2.5,D1,80,long,0.0,5700,273.18265319511875,-0.15925938826278496,0.563854969210739,0.9710978694913955,0.33228070175438595,-4.945149408867764e-05,0.06132841345210325,0.794383872555453,1.012842941059974,-0.22219667885133865,-0.011970889571480958,7778.033211487319
M15,10,2.5,D1,80,long,1.0,4415,212.54497825227364,-0.4207306627182318,0.6542101263966462,0.9175066644158602,0.33137032842582104,-0.00015446611802882648,-0.07745575250498989,0.9488092539535307,0.9820472988430825,-0.7225188284219984,-0.059851636904158956,2774.811715780078
M15,10,2.5,D1,80,short,0.0,4596,219.78122545168893,-0.9128259282697413,0.7795829121108415,0.8220994515264848,0.29765013054830286,-0.00031157947473401597,-0.8062969301872197,0.9707587644928126,0.8343263318855069,-0.9701480914010341,-0.15457906445501435,298.51908598966133
M15,10,2.5,D1,80,short,1.0,3532,176.40680979078354,-0.9491552561233085,0.7765730621832603,0.7996335331027803,0.3012457531143828,-0.00038641194226546983,-0.9512870825470833,0.9841555113505068,0.7849074771628646,-0.9833557985192336,-0.1849946868176997,166.44201480766353
M15,10,2.5,D1,120,both,0.0,9997,485.36544596570513,-0.6091767613760278,0.879253140676264,0.9175921936824429,0.31389416825047517,-0.00014398089633036872,-0.3582567646044547,1.0045043392063844,0.49616073660949395,-1.0,-0.8491239905152038,20.306186638371187
M15,10,2.5,D1,120,both,1.0,5961,367.7174885998987,-1.104174664501239,0.8803071271418602,0.8383920782841964,0.30867304143600066,-0.00032626774318143944,-0.46846511506802807,1.0001959492705885,0.8090394269109362,-1.000205805459358,,-779.0792407014998
M15,10,2.5,D1,120,long,0.0,5564,270.13837564801275,-0.06470307211385849,0.5904401812296551,0.9880971423281834,0.33519051042415526,-2.0684374065607384e-05,0.10052958530174341,0.8106315923792866,1.0217625141784903,-0.054975222127799594,-0.002741515525713334,9450.247778722776
M15,10,2.5,D1,120,long,1.0,4390,216.6820945945946,-0.35887096513664213,0.6488623549899712,0.9296703689485997,0.3350797266514806,-0.0001328142449194543,-0.030997075360468144,0.9213872749781686,0.9926166027222765,-0.6242679732123593,-0.047166993227408804,3757.3202678764737
M15,10,2.5,D1,120,short,0.0,4614,228.01562711405765,-0.8582660375664037,0.7663155025545513,0.8333003081994007,0.28781967923710444,-0.0002910431769605881,-0.5963029299060743,0.9516721270073165,0.8765326502839802,-0.9416558922904944,-0.1310039966419696,583.4410770950491
M15,10,2.5,D1,120,short,1.0,3569,182.72739697224557,-0.8353605067559227,0.7444088357538761,0.8231250322804091,0.29812272345194735,-0.00033746205582979745,-0.712344483164313,0.9489630493041329,0.8446799490997858,-0.9381217903327761,-0.13278144443808382,618.7820966722193
M15,10,3.0,none,0,both,0.0,9099,437.17571033938435,-0.8132369107952695,0.8964102418302444,0.8882627783278647,0.3128915265413782,-0.00022868339419958574,0.026381756601970806,1.005076558269896,1.0446759490868784,-0.9999999999993997,-0.741301360350404,-1277.4303818167741
M15,10,3.0,none,0,both,1.0,6589,343.31415834522113,-0.9539051370472333,0.8962071440293277,0.8571534259050554,0.32053422370617696,-0.00032256305484773106,-0.5444948189474369,1.0000578747800704,0.6839026965802303,-1.0000008844542805,,-811.5114362199188
M15,10,3.0,none,0,long,0.0,8042,373.2325921219822,-0.18975322907689118,0.7138564996142063,0.9706643531214816,0.33001740860482465,-5.722376651332008e-05,0.18480625358714958,1.0030636546217568,3.084070018285794,-1.0,,628.3572264271261
M15,10,3.0,none,0,long,1.0,6116,284.4605883101999,-0.31664020725116165,0.7046818711920739,0.9454884380739471,0.33731196860693263,-0.00011563979433717366,-0.12620430211846817,1.0009284780187224,0.8910632441615248,-1.00000307526352,,798.1859760797593
M15,10,3.0,none,0,short,0.0,7231,376.3355300655457,-0.9955043595827847,0.9073629780370311,0.8489862331655064,0.29871387083390954,-0.00030968872172749804,0.2011689004461006,1.0002399144786762,1.3618192163733625,-1.0000000000000033,,-305.6024611843276
M15,10,3.0,none,0,short,1.0,5221,273.5183950086058,-0.9093857475924106,0.8816903252136545,0.8415268990378852,0.30837004405286345,-0.0003585855054294086,-0.2380038770359197,1.0003378645198036,0.7314934344909344,-1.0000994745554495,,-220.3911210598943
M15,10,3.0,H4,20,both,0.0,6468,300.4880437547698,-0.3296411042021684,0.6405939203382689,0.9425097852983787,0.3177179962894249,-0.00011765487206972826,-0.18162789897168785,0.9682922069095251,0.9605594738590129,-0.9503360030676773,-0.13019646660363904,496.63996932324704
M15,10,3.0,H4,20,both,1.0,4978,231.53119826817777,-0.44796869033056347,0.6624900161128451,0.9135335590932792,0.3258336681398152,-0.00019224227350305903,-0.2772565429715568,0.9751607756699621,0.9359018766487384,-0.9701277101267952,-0.15065646509688257,298.72289873205284
M15,10,3.0,H4,20,long,0.0,3761,174.94972618441162,-0.05140846349600009,0.44110492843091054,0.9884713972151477,0.3302313214570593,-2.2831756321065738e-05,0.03758184418239075,0.6397901763674008,1.0090506354865167,-0.08498664189861882,-0.00412294292126536,9150.133581013795
M15,10,3.0,H4,20,long,1.0,2837,132.06911164924804,-0.15377533283454123,0.44553849246864663,0.9617174270177983,0.3412054987663024,-8.27239803630423e-05,-0.0184791929664244,0.6009544602416108,0.9952236788147821,-0.22822175895134666,-0.011987340831465687,7717.782410486468
M15,10,3.0,H4,20,short,0.0,3367,156.42288857796999,-0.4192089591014103,0.5707295198077926,0.8960900061922047,0.30353430353430355,-0.00021639099943067237,-0.5991700548644558,0.8571741805105035,0.8576371994382049,-0.8417303317475971,-0.08207773811809471,1582.6966825240356
M15,10,3.0,H4,20,short,1.0,2570,120.1603302611367,-0.4123608094901038,0.5746109522189556,0.8850980866838665,0.31439688715953307,-0.000259285134857093,-0.6549408751077975,0.8596098908486016,0.831587611020406,-0.8410355224962438,-0.08239284415442738,1589.6447750375658
M15,10,3.0,H4,32,both,0.0,6781,315.26988925661914,-0.3810131478332019,0.702995988502507,0.9327066951806479,0.3166199675564076,-0.00013756526108531448,0.08524244561791391,1.017286718168677,1.174999497371616,-1.008860123658997,,-797.3385903925033
M15,10,3.0,H4,32,both,1.0,5172,240.5236822001528,-0.5160904765067552,0.729119546022489,0.898606324876764,0.32269914926527454,-0.0002258211910832696,-0.10509455008115652,1.0002184771210305,0.8560268085212616,-1.000000188190833,,-343.1825626183238
M15,10,3.0,H4,32,long,0.0,3765,175.22505733944953,0.019145103189031423,0.5056603038202467,1.0043858090678528,0.33359893758300135,8.56514536445062e-06,0.11457798648339533,0.6591811425431449,1.0279806177092123,0.1518047498738575,0.006599254214764594,11518.047498738533
M15,10,3.0,H4,32,long,1.0,2807,130.70585798062214,-0.08931376708385072,0.48741111575930185,0.9770157446753501,0.34093338083363023,-4.922520190805856e-05,0.0796757309758492,0.6738089086087892,1.02122077102468,0.03775769115378558,0.0017272692240055676,10377.57691153786
M15,10,3.0,H4,32,short,0.0,3480,161.8166772756206,-0.4189771694839961,0.613599399833334,0.8927437882094892,0.30344827586206896,-0.00022500007823221844,-0.3542915047430739,0.9641202604783302,0.8535420282994607,-0.9510244171959346,-0.13086887537197078,489.755828040653
M15,10,3.0,H4,32,short,1.0,2666,123.98223834988542,-0.4318406557149882,0.6324039334815472,0.8760140931275092,0.3113278319579895,-0.00028171441867725836,-0.4855731762780084,0.9216145694938777,0.8306469384423464,-0.9005674369014891,-0.10178541323829349,994.3256309851073
M15,10,3.0,H4,50,both,0.0,7067,328.9856933469284,-0.37251026097806017,0.7476175126169873,0.9379941060923712,0.31625866704400735,-0.0001260949258125045,-0.19455120716543903,1.0010082351943377,0.45030631523644793,-1.0000032010553908,,-133.94517717379608
M15,10,3.0,H4,50,both,1.0,5357,250.05038338658147,-0.44535427665333616,0.7628541957977413,0.9168664348539038,0.3208885570281874,-0.00018459312112727858,-0.15307234214536847,1.0018069054336933,0.876331956424962,-0.9986348270545278,-0.2650153840847971,171.5634377320546
M15,10,3.0,H4,50,long,0.0,3894,181.39057518173703,0.06659569280592446,0.3832915339229602,1.0152141053839474,0.33487416538264,2.9284403621746437e-05,0.13455769012760924,0.5374898873312182,1.032782505255432,0.21801250328094302,0.009229265240564999,12180.12503280931
M15,10,3.0,H4,50,long,1.0,2882,134.61003836317136,-0.04196100402866682,0.3915780189814253,0.9891518619303037,0.3393476752255378,-2.294739606556429e-05,0.043146467719661415,0.6555224260582149,1.011590889448603,-0.07448681598507412,-0.0036089287398417547,9255.131840149195
M15,10,3.0,H4,50,short,0.0,3544,165.086851166943,-0.42608736845303324,0.6392337717165448,0.898296200035729,0.29853273137697517,-0.00021563489645457868,-0.6289276973851532,0.8810083405720344,0.8550140206890433,-0.8557276392899055,-0.08623817281399959,1442.723607100947
M15,10,3.0,H4,50,short,1.0,2716,127.59086816720257,-0.478780950092413,0.6620127938553797,0.8739026546357154,0.30596465390279826,-0.00029043348693305414,-0.747758652695944,0.9039691456525076,0.8184297623256518,-0.8836402382717278,-0.09611379220100524,1163.5976172827195
M15,10,3.0,H4,80,both,0.0,7229,337.12873467824306,-0.2888270947867014,0.7609788120447833,0.950493400418559,0.3203762622769401,-0.00010106508454921023,-0.24541627710652764,1.000614279640165,0.8492162863687293,-0.9999967134795391,-0.44501055615627194,-1023.0892002686267
M15,10,3.0,H4,80,both,1.0,5438,253.83124600638976,-0.5443487909828834,0.8013359617907551,0.896473634719619,0.31978668628172124,-0.00023383111841752995,-0.10823346609103107,1.0008515081880027,0.8646218192184734,-0.9997716076264191,-0.3238656047895171,-411.2943219959807
M15,10,3.0,H4,80,long,0.0,4014,187.48254475703322,-0.1908662392244754,0.560374401275039,0.9588520093891066,0.3216243148978575,-8.172256312531025e-05,-0.055867727329912485,0.8841192139505647,0.9855427307677288,-0.4742378630742087,-0.029581960593561996,5257.621369257977
M15,10,3.0,H4,80,long,1.0,2964,138.44002557544755,-0.4057235623304927,0.6283556268325632,0.9025851075212528,0.31950067476383265,-0.00021410873794799242,-0.2013611960554738,0.9227144226660333,0.9454402606384433,-0.7173964749879884,-0.05731615931084,2826.035250120155
M15,10,3.0,H4,80,short,0.0,3468,161.73225229826352,-0.1799954393966317,0.6162555251099981,0.9521624678494011,0.31833910034602075,-0.00010037055242188381,-0.38006237532785664,0.9170789563550565,0.8516218784868982,-0.8834936504838244,-0.09539568409878973,1165.0634951617521
M15,10,3.0,H4,80,short,1.0,2663,128.77806831722495,-0.32110295630423297,0.6523666899728622,0.9072653774512707,0.3199399173864063,-0.0002147857867027316,-0.4802477821587327,0.9331056387403917,0.8164163932077485,-0.9116594274945089,-0.11072080343011137,883.4057250549143
M15,10,3.0,H4,120,both,0.0,7378,344.9141814923845,-0.2822981224433711,0.7071206713345899,0.9538273974096813,0.31621035510978585,-9.383136948333851e-05,0.002846027307549551,0.9902612304837127,1.0006918038037742,-0.8974026594091101,-0.10097536223188097,1025.973405908945
M15,10,3.0,H4,120,both,1.0,5582,264.26772521062867,-0.5109543553944178,0.7544184517224258,0.9081307718952059,0.31762809029021855,-0.0002046899545370988,-0.1809425357434718,1.0632575360903562,0.5392774282312647,-1.029403902864695,,269.3556791049497
M15,10,3.0,H4,120,long,0.0,4031,188.56592597336066,-0.038254946422789524,0.41836199335509205,0.9915903116477823,0.3284544777970727,-1.6393575796952826e-05,0.07147116240266822,0.5772101924014479,1.016748261672569,0.010344684485726452,0.0004815434909963834,10103.446844857148
M15,10,3.0,H4,120,long,1.0,3012,142.68910505836575,-0.2833714425815357,0.51072052219143,0.9314992378178871,0.32768924302788843,-0.00014636101959503682,-0.0517968745828223,0.7516597508001399,0.9863376339821317,-0.3879763835530452,-0.022991248956656496,6120.236164469637
M15,10,3.0,H4,120,short,0.0,3558,166.67429780684878,-0.4079233230800508,0.5865177288449372,0.9042808722445294,0.3012928611579539,-0.0002026826398103754,-0.48512997561893534,0.8117917777409854,0.8856041365104148,-0.7846167999968303,-0.06939721541249266,2153.8320000316685
M15,10,3.0,H4,120,short,1.0,2725,131.7762809479677,-0.4650742163217638,0.6189217674872636,0.8808406037253796,0.30678899082568806,-0.0002759719006611205,-0.5626657229843469,0.8370218227072552,0.8588736122910634,-0.8088765372390869,-0.0769067188944782,1911.2346276091316
M15,10,3.0,D1,20,both,0.0,7525,351.7862856777166,-0.42886490642681696,0.7792349010660904,0.9323021330747656,0.31548172757475085,-0.00013624777387929912,-0.2970547998800107,1.0001231341785926,0.30345009050248634,-1.000006862332728,,-214.91777693681337
M15,10,3.0,D1,20,both,1.0,5748,272.1266364225535,-0.6630133463160945,0.8303427933700652,0.885705234260513,0.3168058455114823,-0.0002500379655456631,-0.11757922886573485,1.000140940517147,0.9288956500566784,-0.9998498260916653,-0.3408426036325932,-267.1012472410178
M15,10,3.0,D1,20,long,0.0,4283,200.25163210445467,-0.07595728544275247,0.4829735048935472,0.9842186942058979,0.32850805510156433,-3.0352108878343258e-05,0.03944733464413832,0.7626268491856663,1.009488183920444,-0.12497330234624071,-0.006222392918482589,8750.266976537563
M15,10,3.0,D1,20,long,1.0,3226,152.74779621467462,-0.3406499179516137,0.5593207850673124,0.9229192793036095,0.33075015499070054,-0.00016072035494171645,-0.10459735404501123,0.8951637865703701,0.9721997453090548,-0.5623880476667555,-0.03837456918873805,4376.1195233325025
M15,10,3.0,D1,20,short,0.0,3735,174.9658522508657,-0.6105997535169293,0.678266025895335,0.8633736338273829,0.29477911646586347,-0.00028303229561246236,-0.6627605812359975,0.8893357497878357,0.8515015446758446,-0.8854527667084553,-0.09652073497455349,1145.47233291544
M15,10,3.0,D1,20,short,1.0,2847,142.03889495970498,-0.6659754730194873,0.7068992752270131,0.8394027932775916,0.2985598876009835,-0.00036389336731165625,-0.8204611910082256,0.9208523573577118,0.8096752373051459,-0.9134003209857949,-0.114900864233201,865.9967901420437
M15,10,3.0,D1,32,both,0.0,7624,358.0182566212394,-0.40384966863095373,0.803542245525559,0.9350298210665379,0.3136149003147954,-0.00013119527416573988,-0.22997647132407992,1.0004772512725582,0.7676150015417564,-0.9999999932383753,-0.5866248897147659,-848.2902205536308
M15,10,3.0,D1,32,both,1.0,5822,273.5029581993569,-0.6611877851951367,0.8422116932376185,0.8830600999238583,0.3134661628306424,-0.0002581892940936178,-0.32807072901573475,1.0060593505879438,0.5617468747406141,-1.0068372153191354,,-724.5899491600793
M15,10,3.0,D1,32,long,0.0,4407,207.2163684346035,-0.12580563757116048,0.5364974363014714,0.973459603950096,0.32176083503517133,-5.2022568329323365e-05,-0.08316754497277853,0.7493081452116975,0.9805931262751961,-0.45558959323356374,-0.028185652736741007,5444.104067664379
M15,10,3.0,D1,32,long,1.0,3365,159.32930386310605,-0.33248455329320953,0.5431166073016089,0.92292021751301,0.3236255572065379,-0.000163993066903661,-0.17565114042957003,0.8404373441957822,0.9551181220801398,-0.675164965794479,-0.05184849953209458,3248.3503420552543
M15,10,3.0,D1,32,short,0.0,3573,167.78583826176393,-0.5797659012964027,0.716607421271932,0.8649496166723462,0.2966694654352085,-0.0002790617235972106,-0.7932033339950074,0.920374479732355,0.8228751807513325,-0.9097346473106386,-0.10679339602429516,902.6535268936115
M15,10,3.0,D1,32,short,1.0,2697,126.6982958199357,-0.7092933287753251,0.7489472786757738,0.8177753668420783,0.2944011865035224,-0.00041722697145477874,-0.9319423958966515,0.9456228796594375,0.7767095442673152,-0.9382633293345259,-0.12263005516410497,617.3667066547374
M15,10,3.0,D1,50,both,0.0,7621,360.19283773291926,-0.4818269853225034,0.791470297656486,0.9240815171715502,0.31229497441280674,-0.00015304188382102087,-0.3807185639093845,1.0011268842459287,0.512436608242604,-0.9999957570990728,-0.442703695220955,-904.1207617678834
M15,10,3.0,D1,50,both,1.0,5857,277.2870058327933,-0.6724401220084667,0.8252002710864925,0.8836222778106589,0.31517841898582893,-0.0002558401843570219,-0.1006887752291926,1.0006865431654448,0.8971456366052695,-0.9999546177354058,-0.37714828800210765,-723.1986083408465
M15,10,3.0,D1,50,long,0.0,4374,206.72923136645963,-0.03358398693402372,0.47226535927742186,0.9928937379042662,0.3262459990855053,-1.3826955431793383e-05,0.02940814687192937,0.6469412820181033,1.0067821992224495,-0.14069271367211922,-0.007140839343146577,8593.072863278805
M15,10,3.0,D1,50,long,1.0,3338,158.0303953337654,-0.27034549071480524,0.5019711167740764,0.9373645475864193,0.3271420011983224,-0.00013254107949533977,-0.049255429877197124,0.7807612780844341,0.987256036790648,-0.42949057065186647,-0.026220134965739383,5705.0942934814
M15,10,3.0,D1,50,short,0.0,3533,168.13397394136808,-0.7464879638332841,0.7309706617033603,0.832487030955873,0.2932352108689499,-0.00034760436543831584,-0.863718041374107,0.9387491795928278,0.8069258282553842,-0.9372238200080858,-0.12342805327256878,627.7617999191392
M15,10,3.0,D1,50,short,1.0,2721,136.74260456796918,-0.7595407341031519,0.7353040896759729,0.8160096305178801,0.2984196986402058,-0.0004182136560450218,-0.9879088426719504,0.9448794997303415,0.7714323852470307,-0.9401819461619537,-0.13197892779362885,598.1805383804641
M15,10,3.0,D1,80,both,0.0,7613,364.0544972505892,-0.5655832463136963,0.8141423117564269,0.9123012440140158,0.3177459608564298,-0.00017595849257850515,-0.4436617007908879,1.039279089842317,0.583736075981786,-0.9950248374942919,-0.224001162965476,-651.9892705475314
M15,10,3.0,D1,80,both,1.0,5914,284.6716526093833,-0.7014032655363511,0.8295327845637188,0.880833279933436,0.32042610754142714,-0.00026002391998596074,-0.45331523454240197,1.0002228106509667,0.7243684839086677,-1.0001335707920458,,-546.1743322045386
M15,10,3.0,D1,80,long,0.0,4316,206.85198792809342,-0.034629931210586676,0.4556245222345826,0.9927781806307832,0.3315569972196478,-1.410562465359905e-05,0.08970409561637893,0.6181872896572911,1.0204831166992854,0.04564878998783328,0.0021416238353890726,10456.48789987817
M15,10,3.0,D1,80,long,1.0,3337,160.64837880585213,-0.21366352886495873,0.4692556884869826,0.9513996472688409,0.3341324543002697,-0.00010320298894025708,-0.018731182697401073,0.7364276355542623,0.99535491475578,-0.3132796830406209,-0.017930259170204188,6867.203169593882
M15,10,3.0,D1,80,short,0.0,3514,168.03986645718777,-0.7902955244180909,0.7445564812173542,0.8218362279284783,0.30051223676721683,-0.0003640721899382611,-0.8419807543808935,0.9500781799241881,0.8101598845731254,-0.9489267589885697,-0.13258751826085147,510.73241011429997
M15,10,3.0,D1,80,short,1.0,2707,135.29443760262726,-0.7957584292064198,0.7389779073366805,0.8046716524501808,0.3036571850757296,-0.00043728933867584295,-0.9789524400448003,0.9537650844120493,0.7683125520734032,-0.949963298402795,-0.1390238298192542,500.36701597204564
M15,10,3.0,D1,120,both,0.0,7570,367.5319021666888,-0.48736044987907384,0.8238362988627839,0.9243356697523296,0.3173051519154557,-0.00015203643856885287,-0.0956155853765684,1.0126695516340425,0.7719459463658236,-1.0000000000092966,,-123.84859143963763
M15,10,3.0,D1,120,both,1.0,5952,293.7794594594594,-0.6666498331463879,0.8427082318415627,0.8878220697504542,0.3219086021505376,-0.0002445923476433774,0.24144964449478595,1.000045580468817,1.7270017184549635,-1.00000000005955,,112.05135349809888
M15,10,3.0,D1,120,long,0.0,4212,204.49727502326198,0.038359217820923365,0.49833993734404947,1.0080919637341261,0.3359449192782526,1.603704015062562e-05,0.1564664375500603,0.6436879035119487,1.036285718204083,0.29302205479626964,0.012554928543859312,12930.220547962477
M15,10,3.0,D1,120,long,1.0,3333,164.51057432432432,-0.18787862176829379,0.5079895524339777,0.9575162927752869,0.3384338433843384,-9.088620805417207e-05,0.051400457828633145,0.7155225633843458,1.0129686844482413,-0.12189174800221358,-0.006395295867490991,8781.082519978036
M15,10,3.0,D1,120,short,0.0,3526,174.2486131781897,-0.8108353206620637,0.7565314577895248,0.8205414205622235,0.29154849688031764,-0.0003655564058229212,-0.6987779607540171,0.9402371127425319,0.8422532384778382,-0.9281912351349553,-0.12204079650917854,718.0876486504504
M15,10,3.0,D1,120,short,1.0,2729,139.72066862910006,-0.7966709836097964,0.7397397218644279,0.8065641896490494,0.29937706119457674,-0.00043066545120979874,-0.8115680552859342,0.9351693143440639,0.8064797780237953,-0.9213203854243719,-0.12204993082772808,786.7961457562685
M15,10,1.5,none,0,both,0.0,9020,1333.827935222672,-2.2607483058817195,0.9003876245215654,0.8205914419641656,0.2727272727272727,-0.00024668372867564064,-0.9848319924924624,1.0010856979902183,0.5750291526487635,-0.9999986724541886,-0.8648086448341866,-681.1394068797182
M15,10,1.5,none,0,both,1.0,5261,775.1433037515127,-2.260218208327388,0.8705110818501246,0.7812223919651334,0.2750427675346892,-0.0003748899250367144,-1.1060692154915677,1.0003017042045872,0.5488950627947148,-1.0000276626431999,,-462.5112732426724
M15,10,1.5,none,0,long,0.0,9616,1087.382043343653,-1.424234708089754,0.8279718691752456,0.8676036172050371,0.2793261231281198,-0.00016949745772135578,-0.6215505282493476,1.001053909197956,0.51630095254989,-1.0001060740823104,,-1440.583586664255
M15,10,1.5,none,0,long,1.0,6208,703.0920930232559,-1.4897872009061517,0.8049360745534947,0.83537956269345,0.2773840206185567,-0.0002463392347726861,-0.6346186988181186,1.0022897296340643,0.09020636875774614,-1.0000000000000155,,-990.0321446529827
M15,10,1.5,none,0,short,0.0,6735,1109.0887060414789,-2.679722190542627,0.8858609638886936,0.7701550327909654,0.26859688195991094,-0.0003135614473940338,-1.564375904862518,1.0000337396619583,0.5777665680636882,-1.0000058057809122,,-176.12129641920646
M15,10,1.5,none,0,short,1.0,4353,621.06767578125,-2.2745286392251813,0.8408420068318027,0.7528121840199145,0.26671261199172985,-0.000409350942400023,-0.8616348543746308,1.0001280379856832,0.48646826471349197,-1.0001291416605906,,-130.39184789590942
M15,10,1.5,H4,20,both,0.0,10019,1003.1358963815788,-1.4717283586584353,0.8617659224807269,0.8578293696061304,0.2713843696975746,-0.00018466228431908164,-0.5501803467516907,1.00008710801105,0.6994666003879226,-0.9999999999999375,-0.9523587362825233,-722.3065391183117
M15,10,1.5,H4,20,both,1.0,6818,671.7762341516051,-1.4944449395937085,0.8346994260773057,0.8308543158058167,0.26826048694631854,-0.00025302132324344094,-0.6367638853596693,1.000475517827992,0.7692965710105261,-0.9999996298232198,-0.7675676422028288,-499.16276011123176
M15,10,1.5,H4,20,long,0.0,7982,551.8503691084611,-1.2083690639637525,0.7920317463014241,0.8450184206669056,0.27186168879979955,-0.0001814744141640315,-0.3351460796996979,1.0004105346616547,0.7034612848433908,-0.9999999995528763,-0.7742644395654349,-959.1787786491857
M15,10,1.5,H4,20,long,1.0,5506,364.52175095160413,-1.3189077278961756,0.7802246184547639,0.8024107771158897,0.26988739556847074,-0.000265553593374991,-0.35173688595329183,1.0000004426141804,0.8461744809525685,-1.0000004465465413,,-694.9794613151637
M15,10,1.5,H4,20,short,0.0,8824,501.6289494163424,-1.0633343245367937,0.7951619740035509,0.8536187131060089,0.27810516772438804,-0.0001721423011553326,-0.3114907268863183,1.0000093072509402,0.679166787705706,-1.00000019156129,,-172.34106301638877
M15,10,1.5,H4,20,short,1.0,6630,361.920116574503,-1.0257603346344883,0.7658505813187819,0.8395947985906129,0.2799396681749623,-0.00021137483836662738,-0.2262404599185008,1.0016920826288787,0.26158685457820224,-1.0000000175559005,,-154.49226541035074
M15,10,1.5,H4,32,both,0.0,7234,1039.016319307904,-2.293363285412545,0.8720214126455623,0.796958005084943,0.2677633397843517,-0.000274557646327439,-0.5566229175957358,1.0005468228265626,0.6721871301157418,-1.0005504301056343,,-644.1377916619534
M15,10,1.5,H4,32,both,1.0,5398,651.7750413223141,-1.873853809064244,0.8393042104978345,0.7952966843196353,0.26639496109670247,-0.00032688347529936603,-0.2844891846277791,1.0001065099194646,0.7498919349197881,-1.0000193995172255,,-450.9379647177439
M15,10,1.5,H4,32,long,0.0,6020,571.8608582574773,-1.8648823129549421,0.8236383899617242,0.7812033779335413,0.26561461794019936,-0.0002776352728651348,-0.38895605439426384,1.0007333192712156,0.38601889061261446,-1.0000600834752529,,-740.634389553022
M15,10,1.5,H4,32,long,1.0,4714,378.165714913244,-1.70502816682031,0.8055256034284917,0.7629721798393365,0.262834111158252,-0.0003370575613285733,-1.0503014345442199,1.0002661618413535,0.5641028210312979,-1.0002676110833641,,-539.8335324022663
M15,10,1.5,H4,32,short,0.0,9367,506.4086367673179,-1.0646923152484753,0.8088670100290869,0.8546969394293966,0.27885128643108786,-0.00016962464048094207,-0.2678957484828633,1.0001265865858062,0.8038222349560515,-1.0000000000001357,,-205.0375611707992
M15,10,1.5,H4,32,short,1.0,7027,369.1373148281317,-0.9682665853526337,0.7610918085421008,0.8488891653533912,0.2803472321047389,-0.00019597665695151445,-0.5264703498779287,1.000171064136226,0.6064168071244117,-1.000005132121412,,-177.85863957336198
M15,10,1.5,H4,50,both,0.0,10342,1034.624897288414,-1.5363865585236312,0.8694414720547213,0.8548166245747947,0.26958035196286984,-0.0001881213571628291,-0.16100873810977073,1.0002821387765024,0.8916316713598326,-1.000283360590492,,-736.1595441132409
M15,10,1.5,H4,50,both,1.0,6867,691.7186293436293,-1.4152773344637066,0.8160519176199531,0.8423762035285994,0.2689675258482598,-0.00023746445760368463,-0.4121480000228647,1.0037753875886017,0.543191776826692,-0.9999999997403276,-0.8917477038918594,-548.7534702887414
M15,10,1.5,H4,50,long,0.0,6852,564.0507099391481,-1.4516955363257555,0.7990151814389916,0.8210313809460122,0.26532399299474607,-0.0002205412026453172,-0.28923078211701714,1.0015824140374239,0.022849433753176808,-0.9101898319158586,-0.17995315558640113,-891.4523840274489
M15,10,1.5,H4,50,long,1.0,4618,381.7846310547759,-1.5283509306014111,0.7749498578823022,0.782119842685857,0.2602858380251191,-0.0003092381853758489,-0.9268052489077647,1.0000184529467708,0.5501515229246651,-1.0000000129311946,,-662.7778127654465
M15,10,1.5,H4,50,short,0.0,8869,503.1690354147251,-0.959068316935333,0.7656294170975613,0.8668928806196725,0.273649791408276,-0.0001565195141537345,0.2120402866277819,1.002561704812272,1.5191914577837726,-0.9999147109939192,-0.4123137988828066,-207.70958044442278
M15,10,1.5,H4,50,short,1.0,7208,371.5909668313338,-0.8525013745387021,0.7348451840911945,0.8658235115196447,0.2801054384017758,-0.0001719500914723762,-0.6156301176392212,1.0001058885918999,0.8162198395939811,-1.0001139611014283,,-192.39947057894406
M15,10,1.5,H4,80,both,0.0,8973,1057.2220161290322,-1.4884977178466887,0.8382822367649592,0.8605445207635343,0.2715925554441101,-0.00018290542833007816,-0.9292864405439406,1.000573837940825,0.39538053739703344,-1.0000025986110752,,-806.5754481901197
M15,10,1.5,H4,80,both,1.0,5623,672.2752045826514,-1.664536683422985,0.8308577885043631,0.8158582626056835,0.26622799217499554,-0.000289517885863579,-0.7165842516191188,1.000045010634917,0.5607069947953748,-0.9999999999999994,-0.98496070273915,-504.50325799359524
M15,10,1.5,H4,80,long,0.0,8172,559.0603109196479,-1.1779361820921055,0.7719114304428207,0.850881325850424,0.27251590797846303,-0.00017082365814923556,-0.4119837326141976,1.0001273529246018,0.7500118390439972,-1.0001295555645326,,-986.5504954594311
M15,10,1.5,H4,80,long,1.0,4947,378.1690560904144,-1.4993785104926236,0.7769967684293613,0.7854753901568141,0.2644026682838084,-0.00029500178284792736,-0.9543377534942722,1.0003108816937092,0.3116031508713629,-0.9999996888105469,-0.6818880238385763,-638.1906427084908
M15,10,1.5,H4,80,short,0.0,7856,497.46948682385573,-0.9607571249034091,0.75995749571217,0.8648505422535938,0.2713849287169043,-0.0001626481016966245,-0.14578835275500213,1.000046829804461,0.659727575823085,-1.000006977113127,,-172.9386794210579
M15,10,1.5,H4,80,short,1.0,5537,343.7683579806221,-1.0283082804617696,0.760598085911309,0.8346514126241749,0.27000180603214735,-0.00023158443381305927,-0.32824986602495043,1.000097598735449,0.7128204093314322,-0.9999829680521436,-0.4942570383952458,-133.5457934367645
M15,10,1.5,H4,120,both,0.0,8793,1068.4109281437125,-1.6353541788237862,0.8528539342365191,0.8467281365800452,0.2701012168770613,-0.00020413764137568812,-0.3121959095751545,1.0004604918301128,0.8709172744609271,-1.0004771168775597,,-812.3081775731956
M15,10,1.5,H4,120,both,1.0,5530,676.434192900201,-1.7199711724778284,0.8274539711010148,0.807786589772088,0.2636528028933092,-0.0003071120168517147,-0.7060636284770738,1.0028424320993412,0.48763755756982374,-0.9999999970735315,-0.9096025681122009,-557.1914838838748
M15,10,1.5,H4,120,long,0.0,8674,558.8602046216264,-1.1373701490486459,0.7998884075507657,0.8530066180193668,0.27196218584274845,-0.00016632855782609528,-0.22100804732966883,1.0006252143968224,0.6870367300610596,-1.0000000000013354,,-1022.1061631404891
M15,10,1.5,H4,120,long,1.0,5258,370.82149063525776,-1.3723298955071384,0.7742757761064573,0.7957715392583273,0.26435907189045266,-0.00027535677356505905,-0.21888570174794622,1.0613522245473186,0.7085265805572198,-0.9500912278987959,-0.19055253522746318,-712.7010534396215
M15,10,1.5,H4,120,short,0.0,7820,496.48096645228577,-1.21929404744195,0.8100561613521653,0.8311701577540141,0.2690537084398977,-0.0002056727762870486,-0.5655936866240285,1.0001308782440679,0.7161599640128232,-1.0000052313081258,,-173.48579240437317
M15,10,1.5,H4,120,short,1.0,5874,350.6829846355018,-1.1011348755186494,0.7810904780494494,0.8242347962224277,0.26898195437521283,-0.0002449160651037408,-0.48194127201437365,1.0000785073327527,0.5917907454536542,-0.9999103485816715,-0.4267235647586761,-136.0225908120425
M15,10,1.5,D1,20,both,0.0,8911,1074.1725247524753,-1.5843048939350695,0.8444151029350739,0.8525747158168555,0.2715744585343957,-0.00019426998132595835,-0.5601007791778617,1.0000231767524115,0.16763466845738814,-1.0000000000731297,,-875.6286725020607
M15,10,1.5,D1,20,both,1.0,5763,691.2761083743842,-1.7016408296810637,0.8227944532145532,0.8131784563219551,0.2698247440569148,-0.00029006672485911437,-0.07354914573509089,1.0000963836236678,0.847815673114966,-1.0,,-585.0019001174879
M15,10,1.5,D1,20,long,0.0,9767,565.356061806656,-0.9038407402198265,0.790132593004774,0.8828445064788952,0.27644107709634486,-0.0001322205086848181,0.051610092456019836,1.0004318510438845,1.0634523413752675,-1.000020108985754,,-1351.0752299798144
M15,10,1.5,D1,20,long,1.0,5895,378.94205385427665,-1.1906184000665276,0.7535920785744874,0.8222912511891691,0.2715860899067006,-0.00023030707994188958,-0.5211874702421483,1.0026943842755671,0.6682790604982934,-1.00001249303045,,-839.9597991546682
M15,10,1.5,D1,20,short,0.0,7775,496.55862038817975,-1.353617600346658,0.8294149192189366,0.8150084495637924,0.27459807073954984,-0.00022066778363838706,-0.6638021523510266,1.0000619226220804,0.6482702639978372,-1.0000535138341509,,-170.82249330029418
M15,10,1.5,D1,20,short,1.0,5668,344.6948051948052,-1.1766027312073402,0.7883613221670984,0.8127303099644496,0.2775229357798165,-0.0002578298643900909,-0.2752119476339577,1.000198409662904,0.7811306643027728,-0.9996263895068788,-0.3811940853043838,-152.16534847565012
M15,10,1.5,D1,32,both,0.0,9249,1079.9863331202046,-1.5926238924630336,0.8671101123868455,0.8519238021748134,0.2725700075683858,-0.00019203131649090844,-0.48723213734747695,1.0014615525552164,0.24839014149101818,-1.0004308547805294,,-792.607487804636
M15,10,1.5,D1,32,both,1.0,5674,698.2575808625337,-1.702123695809343,0.8344929730767101,0.8147473312444079,0.2698272823405005,-0.000290236882014843,-1.0118550956667443,1.0035832383808996,0.6256971774783946,-1.003830015545214,,-554.7423350260648
M15,10,1.5,D1,32,long,0.0,9048,582.751190266267,-1.024508684161694,0.7965637446336267,0.8704966548286704,0.27508841732979666,-0.00014801387430780842,-0.21534903004568187,1.0001140644357536,0.29601579893485425,-1.000000028345298,,-1107.5421588704023
M15,10,1.5,D1,32,long,1.0,6162,398.77223600283486,-1.2261260315697213,0.7809014848631605,0.8232217189429463,0.272963323596235,-0.0002308217525238999,-0.6784815668951097,1.0000356103024326,0.32736622003900945,-1.0000001152830165,,-802.3452364371102
M15,10,1.5,D1,32,short,0.0,7633,476.1662254483347,-1.253070203664048,0.8060745076809149,0.8233613500235275,0.27695532556006813,-0.00020841517544816743,-0.6291668071472828,1.000211570743232,0.7770931007793282,-1.0002163147822505,,-164.65470289266312
M15,10,1.5,D1,32,short,1.0,5210,324.6251279426817,-1.204503166063975,0.7835822559865273,0.8023782772489533,0.2779270633397313,-0.0002712963246847158,-0.8325260580668546,1.0003040640097192,0.6792789927538979,-1.0003190056952809,,-117.94348459823176
M15,10,1.5,D1,50,both,0.0,7239,1098.0252284053156,-2.0365327264462536,0.8458486905196004,0.8189571980299242,0.27103191048487363,-0.00024396890446785332,-0.545587503704141,1.0000480067055717,0.7753857580949357,-1.0000502303666663,,-785.6038896931486
M15,10,1.5,D1,50,both,1.0,5624,711.7692307692307,-1.7756174345557527,0.8341615348032926,0.8088650822737898,0.27009246088193456,-0.000301099176400882,-0.4341501966197805,1.0004858673823767,0.5090799812308617,-1.0005022182655254,,-597.4124145056097
M15,10,1.5,D1,50,long,0.0,8976,581.8072759538597,-0.9973596409930781,0.7783581751003367,0.8735848595513602,0.2757352941176471,-0.00014512144748885398,-0.5546613897168781,1.0003729087069986,0.7230420167910219,-1.0004087459690958,,-1201.8088127754606
M15,10,1.5,D1,50,long,1.0,6121,398.09388354700855,-1.1925361642455632,0.7705462187970622,0.8271292144515526,0.2752818166966182,-0.00022699249482177535,-0.20135956519197853,1.000238621889799,0.5905863793489758,-0.9999996617046488,-0.6205432507572624,-907.840156456441
M15,10,1.5,D1,50,short,0.0,7176,485.2867987409739,-1.422556875988151,0.8156406960910265,0.805338749680442,0.27605908584169453,-0.00022869855149324687,-0.33685426590965706,1.0008823658308643,0.8473737455162245,-0.9999984831332464,-0.5959095150645493,-118.86371476910247
M15,10,1.5,D1,50,short,1.0,5203,333.1105609114812,-1.2806823348129204,0.7841115313767539,0.7948546296895307,0.2800307514895253,-0.0002782332345545583,-0.12273415428093647,1.0007732826594038,0.7959396648033933,-1.0007947182952708,,-112.96312942910939
M15,10,1.5,D1,80,both,0.0,7863,1094.0802857142858,-2.0046009318088656,0.8645253691442798,0.8209185808718414,0.273050998346687,-0.000245468470942046,-0.6055220903019451,1.0000722801376938,0.3140381730015602,-1.0000000003481915,,-754.7986280443049
M15,10,1.5,D1,80,both,1.0,5675,745.8775638718963,-1.9316443161753718,0.8481427783570432,0.7997089618202748,0.2699559471365639,-0.000315170084631044,-0.03807529024744201,1.0000090108732158,0.9556987292193437,-0.999999999999049,-0.9737003855757703,-605.5391458042833
M15,10,1.5,D1,80,long,0.0,8915,581.7766214043237,-1.071260063970795,0.7928005797985307,0.8650008426039522,0.2763881099270892,-0.0001577654220341979,-0.01340455856733366,1.0007190808191817,0.9733382934897303,-1.0000071791853269,,-1082.8389613469694
M15,10,1.5,D1,80,long,1.0,6152,406.92104310032596,-1.1413082442363882,0.7647141825821813,0.8353821538356492,0.2761703511053316,-0.00021915635823309087,-0.2435868395126932,1.0003641209725103,0.6949085496626166,-1.000016333093381,,-854.1555899483553
M15,10,1.5,D1,80,short,0.0,7408,482.48430813124105,-1.443845279673617,0.8291810445800544,0.8018954584312362,0.27699784017278617,-0.00023173070632951528,-0.7517163726883267,1.0003122197429768,0.7427236185246789,-0.9999988121551139,-0.5887668777837132,-129.52031395950553
M15,10,1.5,D1,80,short,1.0,5411,348.2586343612335,-1.3085857847719964,0.7896822906254402,0.7948399472414472,0.2779523193494733,-0.00027561824319071506,-1.0943998103893406,1.0000277592879487,0.6074479143281801,-1.0000004878997089,,-114.59830975602239
M15,10,1.5,D1,120,both,0.0,7695,1109.5928740623767,-1.6997554692424715,0.8371579936638244,0.8449934956592088,0.2674463937621832,-0.00021420799587451683,0.12289565546050574,1.0002572370961476,1.232557674762467,-1.000275136635908,,-790.8064412829846
M15,10,1.5,D1,120,both,1.0,5629,799.3749027993779,-1.7869189590441337,0.8197283370789338,0.8170359334165324,0.26914194350683956,-0.00028735877772396307,-1.0387010907713372,1.0001039754592849,0.4189119979127858,-0.9999524937542354,-0.7567488523995707,-640.2510768667718
M15,10,1.5,D1,120,long,0.0,8709,582.7005403920132,-0.9546836534904182,0.7822422663977924,0.8772469099669368,0.27580663681249284,-0.0001454651705111849,-0.5123822542258262,1.000252034697783,0.7740950798075954,-0.9999644624913583,-0.4961445116600973,-1209.219561835738
M15,10,1.5,D1,120,long,1.0,6173,425.17221384122195,-1.17125527573216,0.7714805999830091,0.8318918062083924,0.2762028187267131,-0.00022360617444181679,-0.07761758837505216,1.000104213903773,0.798881866160591,-1.000009525836411,,-939.7546563492095
M15,10,1.5,D1,120,short,0.0,6945,496.1199393702327,-1.4857442723065468,0.8159318507616606,0.7966471929269626,0.2691144708423326,-0.00023742413336523937,-0.3951125437522971,1.000151328492971,0.5048811288753502,-0.9999984688267695,-0.6157587581475552,-112.44221315275516
M15,10,1.5,D1,120,short,1.0,5065,355.6991443953086,-1.3555744775260246,0.7789534567238411,0.789512350771829,0.2746298124383021,-0.0002817437684932933,0.3263631612371901,1.000192514072704,1.759363964707075,-1.0001847039352711,,-109.51715297554586
M15,10,1.0,none,0,both,0.0,11851,2150.3118479880773,-3.1474286595424745,0.9348252109589802,0.7929216476083236,0.2462239473462155,-0.00022411477886499407,-0.4445235434489227,1.0002418098952797,0.5205306330315909,-1.0000059757695239,,-597.4087242131457
M15,10,1.0,none,0,both,1.0,6468,1101.8829291044776,-2.2634866926428536,0.8377361310472387,0.8035415517177641,0.2598948670377242,-0.00027340288564063083,0.37924843885561643,1.0039161820882476,6.22604802984246,-1.0000014130593253,,-414.7741625606321
M15,10,1.0,none,0,long,0.0,11522,1643.2684498242875,-2.119666915356432,0.8779160354387365,0.8332559312460709,0.2385002603714633,-0.00017488150287535778,-0.9685460047596206,1.001621733859932,0.30094174805265167,-0.999999723665039,-0.8839574890258608,-1103.331741187619
M15,10,1.0,none,0,long,1.0,6618,930.4174364896073,-1.7469758324954816,0.7805821349019124,0.8255649897880171,0.2481112118464793,-0.00022189661447588282,0.09421731120109042,1.0006089316799711,1.0792982515669538,-1.000000789228344,,-820.4296737592408
M15,10,1.0,none,0,short,0.0,8946,1646.9387600806451,-3.4462605688763714,0.905186238704787,0.7501773677947806,0.2532975631567181,-0.00025866925403303197,-1.9150169854298984,1.0000256206132208,0.6915894313783983,-1.0000256240709975,,-157.16571826919466
M15,10,1.0,none,0,short,1.0,5441,860.313961038961,-2.357594229068615,0.8164954709369538,0.7708991830237696,0.2573056423451571,-0.00029827177245607905,-1.7175407223483854,1.0001147070015792,0.5765137775753925,-1.0001196085187942,,-107.03163597704318
M15,10,1.0,H4,20,both,0.0,9915,1580.7305761676125,-2.5086004703947418,0.8772799488930862,0.8063789377924501,0.2383257690368129,-0.0002052961023274053,-0.2618461448474296,1.0025711070340197,0.5836804154320867,-1.0000000005091008,,-592.9918938450086
M15,10,1.0,H4,20,both,1.0,6087,873.5861493123772,-2.016446028163232,0.7996376499745066,0.8004373364903996,0.25119106292097915,-0.00025633664169986064,-0.43183230800700706,1.0003409497666134,0.4082054190912978,-1.0003449330969567,,-428.3003293304435
M15,10,1.0,H4,20,long,0.0,8206,875.3625876168225,-1.6112710124156815,0.7720923566473155,0.8278361645462977,0.2321472093590056,-0.00017351979962519463,-1.0717314463008183,1.0000955959430784,0.7324736581751154,-1.0000961115464104,,-823.392309526291
M15,10,1.0,H4,20,long,1.0,5819,566.7706,-1.476218635149632,0.7319892907571652,0.8094767301754807,0.23251417769376181,-0.00021447258679509266,-0.026505083526738464,1.0020929916607153,0.9639483803662564,-0.9998799629406167,-0.5849262058691946,-641.3650743566088
M15,10,1.0,H4,20,short,0.0,7666,777.7795833333333,-1.7883986634074076,0.7853098968038091,0.8065276435622949,0.24954343855987476,-0.000194573951058196,-0.7504310562639436,1.0000986625681332,0.7716978596820961,-1.0000991282322647,,-111.03263247934382
M15,10,1.0,H4,20,short,1.0,6483,541.8571510297483,-1.3629320710789006,0.726347114995856,0.8252241406480534,0.2537405522134814,-0.00018969924494266683,-0.6484153639052443,1.0000117721024782,0.8315896647169068,-1.000012547932052,,-78.96620968307342
M15,10,1.0,H4,32,both,0.0,9640,1594.6603260869565,-2.96202007952945,0.9018212726226061,0.7816294915456313,0.24190871369294606,-0.00023477033813362484,-0.21681526156400882,1.0001878331262426,0.751782747496997,-0.9999992762821617,-0.903563240635616,-587.6711842406899
M15,10,1.0,H4,32,both,1.0,5754,860.9784924211389,-2.405510733691139,0.8284517792456849,0.7723473355919008,0.25356273896419884,-0.0002989756229104095,-0.4593117907170777,1.0003303581979344,0.12103664262404884,-1.0000000736789665,,-400.5418128484535
M15,10,1.0,H4,32,long,0.0,7274,893.0515966386556,-2.0857228157043095,0.80228532489465,0.7896181906325715,0.23343414902392082,-0.0002155070042681589,-0.8196120343838327,1.0004466621134822,0.6940399111564279,-1.00045001695325,,-715.7977447283057
M15,10,1.0,H4,32,long,1.0,4619,545.8071012617276,-1.9652081484657336,0.7449028368812792,0.7591363801446832,0.23836328209569171,-0.00028579408786365577,-0.41238070019821893,1.0003438573989238,0.7584587317517733,-1.0000000000000133,,-522.7899009579152
M15,10,1.0,H4,32,short,0.0,8766,779.2118520321246,-1.690848790279707,0.8034399753331087,0.8153726574015338,0.25245265799680583,-0.00017928725598412307,-0.025863556885197654,1.000027464057454,0.9688020740635731,-1.0000000000012848,,-109.95829834553777
M15,10,1.0,H4,32,short,1.0,7273,535.9014020576961,-1.2835225413842755,0.7372610443490323,0.8330240932164296,0.25546542004674827,-0.0001760349238208122,-0.8732219848339092,1.0000115527813436,0.7855073198002744,-0.999998605707151,-0.6297164182369466,-101.0624792853088
M15,10,1.0,H4,50,both,0.0,10490,1596.446875,-2.5839314730080427,0.8910768034087895,0.8045781831639784,0.24089609151572927,-0.00020517024716953304,-0.9003571585739767,1.0008126574197687,0.5083790891151972,-0.9999202750112806,-0.7621660176490119,-640.7001891628688
M15,10,1.0,H4,50,both,1.0,7243,954.7115662215807,-1.774582594861285,0.8084650696677279,0.8301361216315196,0.2518293524782549,-0.00021418533067262726,-0.97755146978829,1.0003268947131805,0.6281987143498404,-1.0003405931496663,,-489.8272698242766
M15,10,1.0,H4,50,long,0.0,8036,891.8714676390156,-1.7900075061303844,0.787031895035405,0.8131240965002373,0.23270283723245397,-0.0001861330433247097,-0.3170516987677265,1.0009894973237343,0.8759203479253015,-0.9999914675809042,-0.7262037068315557,-824.2109922294014
M15,10,1.0,H4,50,long,1.0,5532,574.8401137980085,-1.6425099408431982,0.7419435198215258,0.7931115422160963,0.2299349240780911,-0.00023638678340229122,-0.6277715476194495,1.0002690763824735,0.39677277824795326,-1.0000000001338822,,-612.6026720569599
M15,10,1.0,H4,50,short,0.0,8981,774.3886331444759,-1.5441956055194406,0.7828096072444081,0.828789435975563,0.25064024050773853,-0.00016567232567029873,-0.5965726119335978,1.0000974761553545,0.6883543031982851,-1.0000000481955424,,-121.75428505430366
M15,10,1.0,H4,50,short,1.0,7788,519.4607377647918,-1.138203213592341,0.7348839505003284,0.8469904572817709,0.25654853620955315,-0.0001567806392696595,-0.9038590418704441,1.0001467198991567,0.6832055828902865,-0.9999570095209508,-0.4886181694335302,-141.58152114835875
M15,10,1.0,H4,80,both,0.0,10709,1609.6552469135804,-2.319914827082801,0.8729518767668893,0.8211018579410285,0.24194602670650855,-0.00018749609499663734,-0.3933101728337392,1.0005898209829232,0.035505253663681256,-1.0000221138821057,,-696.3545956649663
M15,10,1.0,H4,80,both,1.0,5956,888.2927725602287,-2.1470714703142844,0.8280897662999039,0.7909197239591599,0.24647414372061788,-0.00027241624846680723,-0.10511574956041711,1.0001571915485847,0.944324486466351,-0.9999994881634585,-0.8847173189003313,-447.3616134014339
M15,10,1.0,H4,80,long,0.0,7924,936.041720569211,-1.9177399096030459,0.7939575875745317,0.8058213691428507,0.2318273599192327,-0.0001937500183550292,-0.5453394675558667,1.0018089831717598,0.5008427475007878,-1.000000203983213,,-791.1323679951133
M15,10,1.0,H4,80,long,1.0,4753,566.7754652301666,-1.894917925888784,0.7397938166606685,0.7679185481415015,0.2339575005259836,-0.0002736930996804443,0.11221524693428686,1.0487549317362943,1.1096301360704515,-0.9996384283220123,-0.611331799521972,-520.8010204570403
M15,10,1.0,H4,80,short,0.0,8604,751.2816160650251,-1.361643864500899,0.7389055902883682,0.8436265453751258,0.25418410041841005,-0.0001515315150454011,-0.624173744271287,1.0000576130923884,0.7955001111250781,-1.000058741315673,,-115.9577163397195
M15,10,1.0,H4,80,short,1.0,7288,531.5379392971246,-1.1705906589317123,0.7442474735495825,0.8430052970192532,0.2537047200878156,-0.00016408056523045542,-0.7619133378304019,1.0000602069648536,0.5824273377413312,-1.0000012226620962,,-104.22254984562784
M15,10,1.0,H4,120,both,0.0,10526,1613.3535459504826,-2.2779599397880195,0.8712449845345429,0.8199758927235374,0.240452213566407,-0.00018864925870547297,-0.15039905317808278,1.0011526694020738,0.9126882036270111,-1.0001328560700453,,-681.4163228698592
M15,10,1.0,H4,120,both,1.0,6282,910.1548988496628,-1.9920337566908666,0.8078186995464949,0.8011042715087315,0.24785100286532952,-0.00025365777884956786,-0.9609690099687197,1.0003060556789205,0.6285485361523466,-1.000310723764778,,-458.39209622802485
M15,10,1.0,H4,120,long,0.0,7902,918.0042938931298,-1.8237717019819706,0.7838575126051981,0.8098413441308973,0.23044798785117693,-0.00018819829492542774,-0.28056968235102536,1.0004378061698789,0.6856197457557297,-0.9999999999928546,-0.9492855978797275,-793.0162877829972
M15,10,1.0,H4,120,long,1.0,4825,564.4879083920564,-1.9014569269965769,0.7473860982169359,0.7628145543367297,0.23150259067357512,-0.0002774283112754685,-0.475863036205837,1.0006720162585967,0.7105824058708502,-1.0006801451015124,,-521.4405994087232
M15,10,1.0,H4,120,short,0.0,8689,761.9825330132053,-1.4800190184529114,0.7719139081759513,0.8292989031476767,0.2492806997352975,-0.00016553742320147964,-0.5878080778226189,1.0000679981209994,0.7459296926211185,-1.000067957071626,,-115.48377544644646
M15,10,1.0,H4,120,short,1.0,7239,533.0735383064516,-1.215062731543565,0.7521091243376111,0.8345351769014714,0.24892941013952202,-0.00017452661547664883,-0.36039002046062785,1.0001382400870125,0.759535448729062,-1.0000000007360932,,-109.28869881312102
M15,10,1.0,D1,20,both,0.0,10120,1645.7390917186108,-2.3890188874234206,0.8669090344166323,0.8153829553169049,0.24011857707509882,-0.0001935678869167258,-0.4516456584725187,1.0010770226065635,0.18842868623177456,-0.9999902417449864,-0.8468350209607891,-667.5228106245826
M15,10,1.0,D1,20,both,1.0,6397,927.1842261904761,-2.002674504895928,0.8039430002315596,0.8049097261127804,0.25261841488197595,-0.00024491865772376445,-0.40346480922728234,1.1044515320208255,0.10160437514498821,-0.9969342601514776,-0.5677875931622935,-473.10425282198145
M15,10,1.0,D1,20,long,0.0,8646,912.4390349609939,-1.5082486095089922,0.754716805769341,0.8398867444414257,0.23525329632199862,-0.00015721726339877124,-1.116238060316754,1.000550345541436,0.5498077306021807,-0.9999995496776388,-0.7860872009014721,-947.5617321386313
M15,10,1.0,D1,20,long,1.0,5585,598.217375366569,-1.6868632858343862,0.7430411515224773,0.7923531078090178,0.23724261414503134,-0.0002346053143270372,-0.9168999699708845,1.002431749291584,0.38672541610375233,-1.0001751264612875,,-629.9124276381265
M15,10,1.0,D1,20,short,0.0,8843,757.4825867729832,-1.616520152480213,0.7927761070995526,0.8173214728571064,0.2522899468506163,-0.00017348218866920475,-0.0744584587837717,1.0000012495040387,0.90316398530061,-0.999999981120599,-0.7820439990997594,-114.97908441426804
M15,10,1.0,D1,20,short,1.0,7576,516.5454545454546,-1.2171014942030882,0.7411827922371482,0.8336160729879208,0.25699577613516367,-0.0001675735821681955,-0.31304840021478125,1.0000725103359989,0.7452383516158666,-1.0000750210059228,,-129.34820617284717
M15,10,1.0,D1,32,both,0.0,9750,1649.461556276054,-2.4946755550813453,0.8648184140913642,0.8106372228416745,0.24328205128205127,-0.0001998269409816715,-0.9563241523175554,1.0005646667931198,0.33880020773251956,-0.9999999999896806,-0.9861522507916046,-619.1598681104709
M15,10,1.0,D1,32,both,1.0,5479,893.7939928539527,-2.302013365658421,0.8298020087909218,0.7790485308840904,0.25059317393684977,-0.0002927412587040126,-1.4359810684504661,1.0001411726766238,0.6364100275870218,-1.0001531582936078,,-410.544316555711
M15,10,1.0,D1,32,long,0.0,8332,921.0844430992737,-1.5347153763883226,0.7589635308669815,0.8397377833209374,0.2384781565050408,-0.0001587585225031259,-0.5833030459866249,1.0005813246788826,0.5344138501780085,-0.9999987308813882,-0.7770769280333578,-876.451797992227
M15,10,1.0,D1,32,long,1.0,5517,610.0769754768392,-1.7444536971967493,0.7468323628203934,0.7905381813207067,0.2410730469458039,-0.00023877592554676904,-0.32392858160684057,1.001268260797775,0.8189149206264894,-0.996274408034091,-0.4612098562160958,-607.150015083607
M15,10,1.0,D1,32,short,0.0,6907,734.86214681037,-2.0709166200800193,0.8042347320438548,0.7712430113495442,0.24656145938902563,-0.0002313259395358569,-0.5548314892928992,1.0002577442732776,0.4720408879564903,-1.0002578971235787,,-91.19217175883995
M15,10,1.0,D1,32,short,1.0,6281,515.883798066112,-1.489569346921584,0.7674889945211041,0.8030854254313519,0.25505492755930587,-0.00021025142701041016,-0.5493290159205083,1.0001203202153486,0.6542394512532226,-1.0000000001651246,,-73.45254987893935
M15,10,1.0,D1,50,both,0.0,9545,1649.9343350686227,-2.5261665433097247,0.8721513873615321,0.8083373669865641,0.24264012572027238,-0.00020450169361903523,-0.5850516419010463,1.0000446142879722,0.7204995638926007,-1.0000060172161045,,-661.1078168011419
M15,10,1.0,D1,50,both,1.0,5925,936.8425324675325,-2.189937232031904,0.8235410483248753,0.7930790754460407,0.2555274261603376,-0.00026763247189069185,-0.9777044941349234,1.0004276583988805,0.5314575406444788,-0.9999914593481551,-0.8420268937665687,-473.57230639639664
M15,10,1.0,D1,50,long,0.0,9179,907.5879128316187,-1.3773101537859214,0.757807682902889,0.8532959136197672,0.24098485673820677,-0.00014246096827640886,-0.4443441679409348,1.0005744149171352,0.79139305234018,-1.0006096381867218,,-1014.0208207712574
M15,10,1.0,D1,50,long,1.0,6566,608.3793759512938,-1.4670764688601499,0.7519154072464012,0.8189748133282498,0.24398416082851052,-0.00019774422778851109,-0.42817655154608686,1.0004885726654578,0.3656442077675146,-0.9997220098675487,-0.5317067013809624,-759.7853272621034
M15,10,1.0,D1,50,short,0.0,6226,728.3941383728379,-2.2283766043765922,0.7974303247898682,0.7554415091710304,0.24301317057500804,-0.0002512095207308593,-0.40349663089783183,1.0010365063803233,0.23318774789178928,-1.0000001348451453,,-89.35343194695409
M15,10,1.0,D1,50,short,1.0,5794,543.3269576379975,-1.6210332120619368,0.7535634928847617,0.7944514605602397,0.2557818432861581,-0.00022373929846250057,0.17307595251483482,1.000055378459326,1.4190073074160727,-0.9999995565560651,-0.7463480451677057,-67.50755450213848
M15,10,1.0,D1,80,both,0.0,9723,1663.3844262295083,-2.5355710148760133,0.8665849168662783,0.8096385596174673,0.24601460454592203,-0.00020157529583180356,-0.9782353168117502,1.0003405261620988,0.49676720171873134,-0.9999988323667626,-0.9033835882322107,-638.8560223193596
M15,10,1.0,D1,80,both,1.0,6255,1024.5016816143498,-2.098972959584388,0.7976399046494926,0.8090083362556023,0.2573940847322142,-0.00024221089784233902,-0.39311513341753884,1.0001244749872071,0.8149074421400432,-0.9999478230503047,-0.8011300801366007,-521.0147631701866
M15,10,1.0,D1,80,long,0.0,8924,913.2785093863827,-1.6812920953992552,0.7954681230057288,0.8264254973242783,0.23957866427610935,-0.0001725186810412509,-1.0143241130689105,1.000281879935199,0.6588109520551642,-1.0000069393966342,,-887.6931926658788
M15,10,1.0,D1,80,long,1.0,6342,648.8558823529412,-1.6207679560170438,0.7641456773973266,0.8091818730105839,0.24077578051087986,-0.000214755824700887,-1.2735074089944116,1.0001012357462562,0.6216642056286702,-0.9999970605468954,-0.72832902842241,-709.5899748125787
M15,10,1.0,D1,80,short,0.0,6560,727.8371810449574,-2.057108677754497,0.7852905234601335,0.7711015047389207,0.2496951219512195,-0.00022947239114661584,-0.5117676227265231,1.0002265961657568,0.4113347976034339,-0.9999643183515214,-0.6789739684518842,-88.77938391302322
M15,10,1.0,D1,80,short,1.0,6113,554.8641277335984,-1.6340596579458995,0.7536910393874974,0.793746190658839,0.25568460657614916,-0.00021813929388944453,-1.1189996759579135,1.0000343737609783,0.7255396346034411,-0.9999959722939128,-0.6761734425346368,-78.05211728276561
M15,10,1.0,D1,120,both,0.0,9573,1650.0888390750354,-2.106698865071049,0.8318555404653121,0.8348797324098064,0.24454194087537867,-0.00017722052641718096,-0.42074426343017407,1.0003388244073728,0.41257128472830945,-1.0003513389973724,,-679.9410760231676
M15,10,1.0,D1,120,both,1.0,6383,1085.3774441340781,-2.0183682429962118,0.791908723876518,0.8156831336682915,0.25426915243615855,-0.00023237817647992864,-0.9799686341272408,1.0003873079311743,0.6014831761838191,-1.0000176183931018,,-537.7471497334892
M15,10,1.0,D1,120,long,0.0,9223,891.1906746031747,-1.2156834161521037,0.7564021599921481,0.8654997060621689,0.24026889298492898,-0.00013353474813687858,-0.26401913909240793,1.000071046022863,0.5103302438196998,-1.0000000074671158,,-1107.3545186747288
M15,10,1.0,D1,120,long,1.0,6661,652.2601206434316,-1.3759978804236532,0.7385423240917297,0.8302035498113858,0.24185557724065457,-0.00018846851240738986,-0.3738526542915689,1.0005405632083877,0.1583464099947332,-0.9998981961643802,-0.5934899620136984,-864.8249563184999
M15,10,1.0,D1,120,short,0.0,5360,699.1928571428572,-2.512459621916208,0.7835782085293037,0.7225629661995651,0.2380597014925373,-0.0002812097290591311,-0.09789544355886545,1.0000362652804828,0.8545649582991965,-1.0000004176575144,,-77.11884934368065
M15,10,1.0,D1,120,short,1.0,5008,584.9606651742885,-1.9530274105928354,0.7494340453357394,0.7627775698093648,0.24840255591054314,-0.0002625204302971029,-0.6383631053038581,1.0000369155470503,0.6041709433298266,-1.0000070755337065,,-65.17961109774443
M15,10,2.0,none,0,both,0.0,9594,853.6439707673569,-1.3974155723414814,0.9072571725991726,0.8599741828655575,0.2954971857410882,-0.0002300922555542591,0.08542327167727719,1.0000467211802648,1.0368205132222454,-1.0000509160107145,,-844.5912433747063
M15,10,2.0,none,0,both,1.0,5071,582.6306228373703,-1.8641270489791586,0.8962177120222858,0.7908177785816501,0.29363044764346286,-0.0004200628964510055,-0.4134254521521897,1.000218927220098,0.5774563885750748,-1.0,-0.9875475398128134,-488.9161017146107
M15,10,2.0,none,0,long,0.0,9170,704.5314472023559,-0.9886726867985007,0.8569583738638826,0.8890284572357705,0.30708833151581244,-0.00017295073747260244,0.257544739460781,1.0081502878896185,3.2961474810339992,-1.0094219645984608,,-1822.9054837711
M15,10,2.0,none,0,long,1.0,6964,467.83170866286554,-1.1787892862310936,0.863618727130951,0.8446621721846443,0.30858701895462376,-0.00026831129776048904,-0.40396355184966437,1.0047152667043493,0.372350431985067,-1.0048385172185283,,-1270.8069713663124
M15,10,2.0,none,0,short,0.0,5270,736.0869980879542,-2.1668084169829753,0.8789060367227313,0.7715954440569408,0.2719165085388994,-0.00038576287744275945,-0.7692495838269546,1.000011779726345,0.3751662117194087,-1.0000016167842156,,-190.99088761454666
M15,10,2.0,none,0,short,1.0,3364,442.934751261716,-1.9256478661846879,0.8542777211118213,0.749461608647752,0.26932223543400713,-0.0005326733938924442,-1.0280929548440878,1.0001495565645406,0.4949672055511028,-0.9999999760815812,-0.9007992873770605,-124.97354035695398
M15,10,2.0,H4,20,both,0.0,10187,621.0652228342514,-1.0193593665608274,0.8776213859599581,0.8780774528345809,0.296947089427702,-0.0001858666207583082,-0.4128276058477708,1.001139785562367,0.7768397893602601,-1.0000000024899727,,-974.1309604162609
M15,10,2.0,H4,20,both,1.0,6981,429.69502022244694,-1.1902929279304224,0.8810357272697926,0.8370016368335371,0.2952299097550494,-0.00028773822912553376,-0.3074977564955138,1.0012186308318132,0.36533058213339836,-0.9999765165077072,-0.48112726855483035,-623.9941073712907
M15,10,2.0,H4,20,long,0.0,7627,354.5128213285824,-0.5193749553209219,0.7286248568837503,0.9178290326225225,0.3128359774485381,-0.00011679180004319234,-0.39992236666078335,1.0007689161727176,0.6591148696441284,-1.0,-0.8844621607918297,5.963539677900705
M15,10,2.0,H4,20,long,1.0,5707,265.50525410775697,-0.6604976322554418,0.7301710159859938,0.8841413799970428,0.31259856316803925,-0.0001827954206315822,-0.11376176376120832,1.0001006812115558,0.8110241035574929,-0.9999998746012796,-0.5225655945405903,391.70428765420246
M15,10,2.0,H4,20,short,0.0,6849,318.7966420288008,-0.8441652633054338,0.7837779663596297,0.8588659917518331,0.2925974594831362,-0.00021049662014116613,0.05685937674708615,1.0013902828311723,1.0997673982370593,-0.9999999558708162,-0.5453909310467736,-245.61246527150172
M15,10,2.0,H4,20,short,1.0,5192,242.0393107849394,-0.8735525923743607,0.7777575548031611,0.836867340282499,0.2937211093990755,-0.0002681183432518169,-0.014714638264751115,1.0001718858468613,0.9823152332744026,-1.0000056013584064,,-187.47408901136237
M15,10,2.0,H4,32,both,0.0,11531,636.7852661022074,-1.0641358006624095,0.9031496991382605,0.8733127621418723,0.29771919174399447,-0.00019030498685578725,-0.31213732523589166,1.0112483942793613,0.5483263123166746,-0.9999999988514333,-0.6791454939036661,-931.2711058331656
M15,10,2.0,H4,32,both,1.0,6937,435.64980226960114,-1.1550924401921203,0.8750681613128481,0.8406260771681788,0.29753495747441255,-0.0002823071033787134,-0.6510307831855849,1.0007479820839753,0.17576929654880857,-0.9999999999998698,-0.8448325672308321,-598.7949106066452
M15,10,2.0,H4,32,long,0.0,7652,355.90131160066215,-0.5767929607435266,0.7579171071524826,0.9086069401642813,0.31076842655514897,-0.00013071146003567046,-0.09096866068383956,1.0009561237444355,0.9463692463199608,-0.9995849303748151,-0.3038452289383837,552.7306999219047
M15,10,2.0,H4,32,long,1.0,5726,266.4570645942158,-0.6638919861848261,0.7730993301925898,0.8822149197028949,0.3108627314006287,-0.00018616234410947146,-0.2233563270922256,1.000397952022884,0.7371152558867768,-1.0000271626687571,,672.3903030034759
M15,10,2.0,H4,32,short,0.0,6878,323.02809566670953,-0.7891124440098315,0.785779735751156,0.8581853684879219,0.29092759523117184,-0.0002113480332656175,-0.28218121590357365,1.0017973131577622,0.8764830540906111,-0.9986894553133945,-0.26781649414811115,-306.2928292012943
M15,10,2.0,H4,32,short,1.0,5210,244.7212577160494,-0.7414094084490782,0.7653778643638031,0.8487781020748334,0.2930902111324376,-0.00024897548847748125,-0.29761393584550705,1.0222075248499325,0.8805034648259582,-1.0243468922599301,,-243.46892259930564
M15,10,2.0,H4,50,both,0.0,10622,651.2817693469868,-1.0745752972365104,0.8891066489527375,0.8728151641588501,0.298248917341367,-0.0001932196505992322,-0.25763933104186865,1.0005645351499122,0.6152153144523563,-0.9999999999990198,-0.8164755146701199,-1016.891813452553
M15,10,2.0,H4,50,both,1.0,6043,450.0827385807504,-1.3215563603906033,0.8745746409292768,0.8229537676240911,0.29356279993380774,-0.00032293529823936056,-0.03141348158040048,1.000006048980307,0.9504242692680177,-0.9999999997876243,-0.8096457371732477,-650.5299729944035
M15,10,2.0,H4,50,long,0.0,7682,357.70659102498723,-0.5229980363940413,0.7600220468819733,0.9156962178867979,0.3128091642801354,-0.00011968465247289337,0.27445713423935764,1.0130483927630183,1.3878569872452782,-0.9999999999999473,-0.7591718738751907,49.856376093005075
M15,10,2.0,H4,50,long,1.0,5735,267.79707875223727,-0.6604741170613425,0.7684082540141343,0.8810394453889958,0.3096774193548387,-0.00018764173756334482,0.24504646350611636,1.0005136517513498,8.857558069488833,-0.9999999911924781,-0.5794058924032702,125.23128679745781
M15,10,2.0,H4,50,short,0.0,6886,323.98705397397913,-0.8034631289198654,0.8028500242039631,0.8569114893782036,0.2908800464711008,-0.00021539168977325563,-0.5830581719565315,1.0002949481359626,0.5892366932127877,-0.9999940788287561,-0.43240154296791355,-627.7402727933076
M15,10,2.0,H4,50,short,1.0,5239,246.49552363776888,-0.8482001232804176,0.8147377401550313,0.8307725303329545,0.2935674747089139,-0.00028208098745997114,-0.27346778701987245,1.0002519963374588,0.5048275535106881,-1.0000105399063646,,-571.3414440228253
M15,10,2.0,H4,80,both,0.0,10526,662.865775862069,-0.982261425492865,0.8937362185410915,0.8838519746814993,0.29878396351890557,-0.00017573411444701397,0.22675854719326036,1.0006513661252214,4.43123432163791,-1.000000000000001,,-1078.8391427064194
M15,10,2.0,H4,80,both,1.0,6214,453.56984412470024,-1.3073079116901625,0.8841049618767938,0.8244539492421507,0.2901512713228194,-0.0003196590684140033,-0.4472848974546838,1.0003029167134907,0.19600535409990047,-1.0000002876354186,,-580.0013572290035
M15,10,2.0,H4,80,long,0.0,7788,363.6623625671184,-0.5160287072180377,0.7893806960856496,0.9172063991355673,0.31176168464304055,-0.0001174465578516666,0.14122025633105237,1.0002896312905478,1.1354623811821882,-0.9999948117749927,-0.4334781722655434,923.6762056836816
M15,10,2.0,H4,80,long,1.0,4373,250.50788111668757,-1.2342456806526338,0.8089023732243694,0.7832270464346047,0.292476560713469,-0.0003677315129072466,-0.15570010832436343,1.0016557118950888,0.8521429535326183,-1.0000623546893068,,-727.8264946957686
M15,10,2.0,H4,80,short,0.0,6799,320.22369439071565,-0.6887180404355328,0.7997813490590592,0.8745462860576376,0.2925430210325048,-0.0001897212503436401,-0.29323126182789894,1.0339974716382636,0.8239500929560307,-1.0408815893655072,,-408.81589365509
M15,10,2.0,H4,80,short,1.0,4946,243.927423710505,-0.887902572491002,0.7863775984240644,0.8332199961067125,0.2879094217549535,-0.0002777664697230552,0.03732778148974286,1.0001764258329413,1.0627218258368798,-1.000197052479712,,-174.46932047756482
M15,10,2.0,H4,120,both,0.0,10628,667.1037979034198,-0.9963975981084439,0.8898926345462812,0.8807037835878757,0.29516371847948814,-0.000180667990439356,-0.04312092139667342,1.0005101625172803,0.9503705704737585,-1.0000000000012685,,-1128.4922471986126
M15,10,2.0,H4,120,both,1.0,6775,450.2490447598253,-1.2424419071687756,0.8865326179857476,0.827998389934091,0.28915129151291513,-0.0003043287710394863,0.22398247070636745,1.0005276030258,2.0623553958000485,-0.9999999811917658,-0.6933993479570465,-693.7903556623324
M15,10,2.0,H4,120,long,0.0,7804,364.96939820742637,-0.3822139820934523,0.7177490435324763,0.9378569442817914,0.3149666837519221,-8.770445385043942e-05,0.027707570078835005,1.0003451735938766,1.015388802892146,-0.9999876314489179,-0.41050158158686745,1733.869749624636
M15,10,2.0,H4,120,long,1.0,5828,273.89050437467836,-0.6570997045073184,0.7804497982751124,0.8824579434908711,0.30936856554564174,-0.00018475624431703858,-0.366827311432013,1.0001834657146091,0.6988220259281548,-1.0000445223703378,,306.6021332990952
M15,10,2.0,H4,120,short,0.0,6821,319.4473971021926,-0.7416231624532934,0.7583504595960158,0.8716603721190805,0.288520744758833,-0.00019299316844131485,-0.4179385648441597,1.0048020322525675,0.6741293534546747,-0.9970243345721901,-0.23848134318345637,-12.573289664103665
M15,10,2.0,H4,120,short,1.0,5221,244.7657874470543,-0.7326103170821384,0.7462234663775162,0.858141474904633,0.29151503543382495,-0.00023519544255975954,-0.5943880594585595,0.9956519280997166,0.8515654235859059,-0.9948274533819081,-0.2187030323272383,51.72546618091975
M15,10,2.0,D1,20,both,0.0,10969,673.9154331370901,-1.049206168177032,0.902751118414093,0.8787303758469137,0.2974747014313064,-0.00018281980168860902,-0.20899698400152558,1.0501355367338236,0.8643682383069317,-1.0000135605545641,,-1294.422560639114
M15,10,2.0,D1,20,both,1.0,6932,460.0968562602217,-1.2835355671843924,0.883342612703732,0.8296452815057227,0.2957299480669359,-0.0002952076746589259,-0.47150991303999545,1.0049302123267636,0.7154513118857722,-1.0000000005655487,,-696.2839191877072
M15,10,2.0,D1,20,long,0.0,7912,369.9254992319508,-0.28160486466384343,0.6976852750698773,0.9557068017179423,0.32103134479271994,-6.189411119340519e-05,0.07026043892128055,1.0062772477797577,1.0241035700296375,-1.0068858107739092,,2408.192070550887
M15,10,2.0,D1,20,long,1.0,5967,280.3868197607102,-0.6279036732476021,0.762477214888918,0.8930935412809656,0.31825037707390647,-0.00016548552971994718,-0.22883754024694491,1.0047586877442112,0.7763295094560905,-1.0004081919591383,,494.1170804717424
M15,10,2.0,D1,20,short,0.0,6899,323.18324355521355,-0.9692663331913974,0.8235616349903823,0.8370392262359222,0.285403681692999,-0.00024139165948899223,0.11603677255041629,1.0000765191472045,1.1115635336345226,-1.0000770838566273,,-133.65378194813746
M15,10,2.0,D1,20,short,1.0,5252,247.2983112027846,-0.9747577088379703,0.814334237183166,0.8175629187254007,0.2871287128712871,-0.0002974942340405673,-0.28444613029357185,1.0010762004709777,0.37000258730878627,-0.9998303573967106,-0.3355504877958112,-188.1267572894399
M15,10,2.0,D1,32,both,0.0,10900,681.5998972778634,-1.0873533389027303,0.9206715194078481,0.87447231448297,0.2995412844036697,-0.000189565210298665,-0.2613216601436931,1.0007631369019265,0.7573189544614887,-1.0000000000572309,,-1172.3614429806528
M15,10,2.0,D1,32,both,1.0,6579,469.1487212026552,-1.3425601366183904,0.8929837076210135,0.8230054135200939,0.30004559963520294,-0.00031308434890011956,-0.08042879801935304,1.001147215532933,0.8954586700787895,-0.999924849408424,-0.4919428182867691,-647.7113671883643
M15,10,2.0,D1,32,long,0.0,8147,383.07051364572607,-0.47770013487138685,0.763095157003602,0.9257880910602435,0.3159445194550141,-0.00010591790431409536,-0.08324841865855136,1.0007584535252578,0.795022108168563,-0.9999943284927852,-0.43334356964822063,-209.9264692786082
M15,10,2.0,D1,32,long,1.0,6230,294.48783486476,-0.7873283874425381,0.7928689209962264,0.8672036943340546,0.31380417335473515,-0.0002091855867711407,0.10807279543920835,1.0002184671369674,1.226647509532271,-1.0002205011909517,,-327.3765502365215
M15,10,2.0,D1,32,short,0.0,6582,311.24747540134643,-0.9799724719541241,0.8261472592076431,0.8342264258995533,0.28912184746277725,-0.0002433894018764188,-0.6017690213223739,1.0002578323024252,0.8158202316256149,-1.0002760921514378,,-248.54677325788504
M15,10,2.0,D1,32,short,1.0,4826,233.90346337579618,-1.063206540947684,0.8212235931364318,0.7996946073237257,0.28843762950683793,-0.00032666660532178627,0.2141170122239981,1.075934147624925,9.625974842651589,-0.9995143038527512,-0.3091291736398676,-182.32175708920778
M15,10,2.0,D1,50,both,0.0,10541,686.9045941123996,-1.0665508797692458,0.8937395753246156,0.8765594439634905,0.2975998482117446,-0.00018347795309463214,0.18220703880102634,1.0002665794563905,1.6059900448443736,-1.0000000000000069,,-1084.1656345161782
M15,10,2.0,D1,50,both,1.0,6723,469.51735181644364,-1.229454378670644,0.8743199065145173,0.8355298792835065,0.3003123605533244,-0.00028684449880733053,-0.6575957919801778,1.0006632126606985,0.5572635283347693,-0.9996744126380726,-0.4292400350763108,-737.9245962481508
M15,10,2.0,D1,50,long,0.0,8120,383.77717391304344,-0.4123583078395826,0.7731218709400256,0.9355007582573435,0.3146551724137931,-9.245581026387514e-05,-0.3469501297401527,1.0091378598291516,0.43785323918852803,-0.9997959717946074,-0.33075651065509426,719.7790769735412
M15,10,2.0,D1,50,long,1.0,6199,293.47825664290343,-0.6745314390242894,0.7917888147904556,0.884470603449588,0.31343765123407,-0.00018288359946905407,-0.201655406683445,1.0006908637243288,0.7898304662724146,-1.000000374459907,,-61.1462586910739
M15,10,2.0,D1,50,short,0.0,6364,313.01521680581743,-1.1228158464337206,0.8356141609305257,0.8130523102323861,0.2844123192960402,-0.00027184252775591075,-0.056941291608351575,1.0002167838654232,0.9459035582462026,-0.9999029113496665,-0.36521347745088373,-227.4812316424149
M15,10,2.0,D1,50,short,1.0,4873,238.427762893503,-1.0783235801842666,0.8105547236803081,0.7995670266588366,0.28914426431356455,-0.00032245320666127755,0.08699630345873806,1.002111435139214,1.1197610229828872,-0.9999999988124934,-0.6341552492911033,-190.93193978648873
M15,10,2.0,D1,80,both,0.0,10506,688.5549075901669,-1.2892155546350785,0.9176687235010345,0.8557253633281634,0.30144679230915666,-0.000217919098155738,0.24115971230701447,1.000283711910745,4.196545469151686,-1.0,-0.959524290433466,-1008.3603716926741
M15,10,2.0,D1,80,both,1.0,7012,483.4150622876557,-1.3941178141893953,0.8967048243071263,0.8220740142383811,0.30305191100969764,-0.0003088244373043438,-0.8900699161431704,1.0000190743173105,0.5582944596915891,-1.000001767078355,,-717.3473340392518
M15,10,2.0,D1,80,long,0.0,8060,386.2898569741504,-0.5533294048231178,0.7781823559154103,0.9171493238742242,0.31799007444168736,-0.00012057107065760944,0.2124469772822472,1.0024931276182047,1.8246451857859087,-0.999999999419282,-0.6391334851255164,398.2804271849194
M15,10,2.0,D1,80,long,1.0,6262,301.4624357453539,-0.7195396815703488,0.7876254798770141,0.8825255952905665,0.31890769722133505,-0.00018739024835357423,-0.11594929385583029,1.0006256499310573,0.8111987087576534,-1.0000000119337622,,112.12059218589371
M15,10,2.0,D1,80,short,0.0,6430,308.93942383583266,-1.1248657307090084,0.8361390804897608,0.812198934549178,0.29051321928460344,-0.00027035021553035575,-0.5308145082042988,1.000344261491512,0.7595702521569099,-0.9999984368744232,-0.4739326611792942,-247.3930907235482
M15,10,2.0,D1,80,short,1.0,4844,242.00123102174803,-1.1398442058965146,0.8129479201922877,0.7909476593034429,0.2910817506193229,-0.0003336929991792676,-0.2194676263586178,1.0001732933870529,0.8036929965103953,-1.000000016483731,,-168.7385879630035
M15,10,2.0,D1,120,both,0.0,7788,712.7454272112252,-1.3490712359944907,0.8858478619718171,0.8518978910745859,0.2882639958911145,-0.00024207278097561455,-0.4753056043308487,1.0003352909244176,0.6097227638818674,-0.9999999999789262,-0.8945792892641832,-929.0276951100872
M15,10,2.0,D1,120,both,1.0,5372,531.0211096075778,-1.6168403032168661,0.8720144701345414,0.8047950416218409,0.2890915860014892,-0.0003651142801509387,-0.718321021176031,1.0012018544763324,0.38209849554748426,-1.0000238196864513,,-681.0433710822584
M15,10,2.0,D1,120,long,0.0,7865,381.80372807017545,-0.4408540498823906,0.7885454838430964,0.9322072724119873,0.3164653528289892,-0.00010012396991752117,0.2700948714198249,1.0002460549092045,3.6643373563707917,-1.000000020566872,,384.04256029445196
M15,10,2.0,D1,120,long,1.0,6207,306.15891289669145,-0.6806783208593604,0.8035950271997446,0.8877624202975913,0.31754470758820685,-0.00018093795376787096,0.16569451872099972,1.0011198924794373,1.6009265086750701,-0.9999310509769108,-0.3766437580824086,163.8776247761242
M15,10,2.0,D1,120,short,0.0,6445,319.3645706145706,-1.1098007878436726,0.8246033841911352,0.8165394823765003,0.2817688130333592,-0.0002611173743260913,-0.40420382871398625,1.000272755723834,0.7168347577120106,-1.0002728995104162,,-218.72693882809492
M15,10,2.0,D1,120,short,1.0,5029,257.4771867115223,-1.077633281233929,0.7949624634851998,0.8069622986057242,0.2883276993438059,-0.00030077621295668955,-0.5300063815290799,1.000603056471448,0.8104131807338015,-1.0006109994311492,,-60.53715903079964
M15,14,5.0,none,0,both,0.0,4004,185.82731893265563,-0.06923521099344433,0.5734665171358101,0.9852247300476447,0.3421578421578422,-4.6440878558195415e-05,-0.09562605143785165,0.7274323959759437,0.9787496722653123,-0.47792292798686287,-0.029713597209247933,5220.770720131375
M15,14,5.0,none,0,both,1.0,3298,153.33433044806517,-0.08530758011724147,0.5056804788875837,0.9804508935309233,0.3493026076409945,-6.44639790358851e-05,-0.06558013251670929,0.5912932096089459,0.9847971306325766,-0.36926924615478485,-0.021199636066536853,6307.307538452118
M15,14,5.0,none,0,long,0.0,3578,166.07758292032025,0.3696462530628915,0.2616957402307979,1.087288601428912,0.3655673560648407,0.0002557449090948762,0.42638314354035034,0.26985255872822855,1.1020723991420698,1.391077204099013,0.04129293211066898,23910.772040989974
M15,14,5.0,none,0,long,1.0,2815,130.96150171952615,0.28695450762375924,0.2660449485647658,1.0749049872622758,0.3705150976909414,0.0002338531077089907,0.3840109803211726,0.2887766260558716,1.1007213798184727,1.2291701908029284,0.03799814029612336,22291.70190802901
M15,14,5.0,none,0,short,0.0,3579,166.10289072426937,-0.5185657771869631,0.7858429832757641,0.8835645792970755,0.3137747974294496,-0.0003791118681309321,-0.3660849762834898,0.7855145678936455,0.9109544887098912,-0.7704592269081616,-0.06602072966252093,2295.4077309183745
M15,14,5.0,none,0,short,1.0,2792,129.8088085539715,-0.43720760693963484,0.743509932615102,0.8892031487032117,0.3194842406876791,-0.0003839514909529827,-0.3667550759242688,0.7821966167658088,0.9019633213622639,-0.7339821554065804,-0.05970894685231676,2660.17844593418
M15,14,5.0,H4,20,both,0.0,2062,95.80784887418903,-0.01167308742827166,0.37548767086630386,0.9963975280350699,0.3457807953443259,-1.176212616722254e-05,0.0876147827885738,0.3408958921307025,1.029054092642962,0.0864236744204474,0.003858849244503304,10864.236744204452
M15,14,5.0,H4,20,both,1.0,1653,76.89228858889454,-0.09572606944370958,0.4513798638291663,0.9677405430807478,0.3424077434966727,-0.00011325085329728106,-0.004565322474753837,0.4049442813230407,0.998380642512352,-0.12030019004618187,-0.0059445324707828595,8796.998099538157
M15,14,5.0,H4,20,long,0.0,1256,58.42511462047886,0.1667929091069054,0.35472763772074356,1.0645341486704136,0.37738853503184716,0.00019522186744600598,0.23967764470461467,0.3872129305108347,1.099796481743057,0.39163748925380726,0.015491698319950897,13916.374892538035
M15,14,5.0,H4,20,long,1.0,987,45.95891764405915,0.09797766383066761,0.32024086836237065,1.0418924711796462,0.375886524822695,0.00013711159739918818,0.1914251684451866,0.3531453422363643,1.0851861061449937,0.2789086490232431,0.01152099797613726,12789.086490232428
M15,14,5.0,H4,20,short,0.0,1124,52.225034982826614,-0.1027643992064745,0.299137974530559,0.9555573775233821,0.3193950177935943,-0.000148425730218509,-0.02886667620462489,0.2739792402759005,0.9861403001772331,-0.11171994654646522,-0.005489332362969446,8882.800534535372
M15,14,5.0,H4,20,short,1.0,874,40.85863304748496,-0.13854827167038017,0.3158389050009438,0.9334844932356081,0.3146453089244851,-0.0002378997659139538,-0.10797025021198496,0.3380398510961493,0.9443144689040921,-0.21658178661755323,-0.011346042949225699,7834.182133824498
M15,14,5.0,H4,32,both,0.0,2315,107.65899541634836,-0.15368549154674432,0.4979211964684801,0.9548612122741651,0.35032397408207344,-0.00014783526511981325,-0.016137005883408467,0.445773317310042,0.9946220439716312,-0.20385327361271854,-0.010545818602661794,7961.4672638728125
M15,14,5.0,H4,32,both,1.0,1837,85.4296218487395,-0.21478043332324198,0.5435429361944805,0.930333216477522,0.3478497550353838,-0.0002464955453067833,-0.08723301093749487,0.4931295373175275,0.9688731979049897,-0.3369765721775071,-0.01892952391088709,6630.234278224887
M15,14,5.0,H4,32,long,0.0,1301,60.58009306476288,0.04464726430579822,0.40133440881745774,1.0164094746884498,0.37586471944657956,4.934317892312176e-05,0.2573437723418008,0.31937124695482233,1.1049294685385047,0.4435854176588303,0.017242087114933025,14435.854176588302
M15,14,5.0,H4,32,long,1.0,1002,46.65738143804182,-0.11354515526349986,0.47169648991933,0.954754340420761,0.3722554890219561,-0.00014818640916008436,0.1502030202764424,0.3463682238768503,1.065241316203293,0.20146944910006104,0.008583278937372096,12014.694491000577
M15,14,5.0,H4,32,short,0.0,1219,56.68955309396486,-0.21929599043241985,0.41801240423895814,0.9072103107266074,0.3199343724364233,-0.0003254201710640163,-0.1841067392793509,0.4905316775235603,0.9051135369825154,-0.4265030832600656,-0.025525460703769487,5734.969167399348
M15,14,5.0,H4,32,short,1.0,966,44.923796791443856,-0.1981393370006804,0.43759822345014043,0.9064189335477087,0.3219461697722567,-0.00035166670935550553,-0.18805214880109208,0.47871570018833864,0.9010879345107102,-0.38293176524270933,-0.02220130741529558,6170.682347572935
M15,14,5.0,H4,50,both,0.0,2591,120.61722533775173,-0.047997773300240416,0.36683084014877054,0.9868755946108893,0.3423388653029718,-4.175664450171631e-05,0.059776644191869906,0.40093907087941216,1.0176203713040495,0.0028732586304889285,0.00013357416556103452,10028.732586304894
M15,14,5.0,H4,50,both,1.0,2040,96.05646512827124,-0.06926344430195515,0.3901406303094386,0.9789990720935446,0.34509803921568627,-7.168821567568293e-05,0.012752418386785806,0.45182933240389256,1.0040220557329846,-0.10116168491737831,-0.005009286333623408,8988.383150826225
M15,14,5.0,H4,50,long,0.0,1439,67.01450337880912,0.14569134778427395,0.336115716722452,1.0538728642983322,0.37109103544127864,0.00015726197466095395,0.1382908188243776,0.4213901921800126,1.0535469419208119,0.1878619613830701,0.008049516535987067,11878.619613830688
M15,14,5.0,H4,50,long,1.0,1108,55.21858370855506,0.12027407960631852,0.300837957602738,1.0486169714633433,0.37364620938628157,0.00015240098539579295,0.1066415938888244,0.3990659509613176,1.0430534202735866,0.11487642343038451,0.005434084833034758,11148.764234303811
M15,14,5.0,H4,50,short,0.0,1281,59.68685419058553,-0.17982245957185747,0.454354754183255,0.9313731957764595,0.31381733021077285,-0.00023658611718991654,-0.0014238500284338245,0.3599274369676102,0.9993598057968767,-0.08353058106214806,-0.0040559833618694086,9164.694189378522
M15,14,5.0,H4,50,short,1.0,1020,48.02823256413562,-0.21401187745755165,0.4122766729141406,0.9106774386178856,0.31470588235294117,-0.00033170756190760534,-0.0685322947845833,0.33582560225309777,0.9677621127312867,-0.18467675550506335,-0.009567616968458648,8153.232444949341
M15,14,5.0,H4,80,both,0.0,2760,128.71424923391214,0.21534141388346367,0.24045727024544994,1.0573177503981177,0.3481884057971015,0.0001796891902718684,0.2929389643619596,0.25203063509245793,1.079376598184155,0.7094133057530541,0.025318899514762627,17094.13305753063
M15,14,5.0,H4,80,both,1.0,2126,100.78150551589876,0.1045461610390386,0.3288653757894482,1.0306108526539868,0.3471307619943556,0.0001039777314518607,0.21105700456429644,0.32481328070577,1.0621846832663877,0.4328138152655321,0.017194641288835744,14328.13815265535
M15,14,5.0,H4,80,long,0.0,1497,69.91168009205984,0.3298597924185083,0.19956974844095554,1.120635106198094,0.3760855043420174,0.0003548334719616189,0.4084722752202691,0.23943199879144217,1.1548744372655217,0.8330701755140961,0.028704824236322812,18330.70175514088
M15,14,5.0,H4,80,long,1.0,1124,53.30316800830953,0.23374391438439046,0.18623037327907943,1.0942936151629628,0.3834519572953737,0.000302273833393204,0.33627654819686015,0.2625434522917507,1.1403904266897305,0.6348800386412727,0.02358541136000669,16348.800386412724
M15,14,5.0,H4,80,short,0.0,1342,62.58497191011236,0.00948766711737283,0.28808613647453973,1.0035896962007487,0.32190760059612517,1.1836006547527516e-05,0.09583565505362215,0.23569393195214616,1.0367467487772202,0.1002737617706766,0.004466396897171876,11002.737617706822
M15,14,5.0,H4,80,short,1.0,1064,53.112751127511274,-0.03212339975147476,0.2936137607175471,0.9869702927710347,0.3148496240601504,-4.603051581258728e-05,0.029316492633831487,0.23787300200294625,1.0116674311675842,-0.01284370162598758,-0.0006450765861122365,9871.562983740137
M15,14,5.0,H4,120,both,0.0,2943,137.59994239631337,0.2565787879875958,0.3445193761228934,1.0668451124293434,0.3550798504926945,0.00020999579090294262,0.3670030489186599,0.3328572226677927,1.1047786165782871,1.1188793966970185,0.03573128508807599,21188.793966970097
M15,14,5.0,H4,120,both,1.0,2307,109.36168072680077,0.13864472980155387,0.315610665701228,1.0394326184571356,0.3541395752058951,0.00013392656534891027,0.29560154030563923,0.3032154524457047,1.090672974072928,0.8090332521925165,0.028499462547981524,18090.332521925156
M15,14,5.0,H4,120,long,0.0,1576,73.71417595082596,0.5308219172570632,0.16259864682571723,1.1966400222653546,0.3876903553299492,0.0005726088005810339,0.5441625558822265,0.13775623566057005,1.2029911995212508,1.179410674205176,0.037110707326386994,21794.106742051637
M15,14,5.0,H4,120,long,1.0,1215,57.618638016099716,0.39801847488575515,0.1682536296587619,1.1607864256272022,0.39094650205761317,0.0005048664512767654,0.4525119027985339,0.15975227938292258,1.1831182773877187,0.9396339412926227,0.031916275385824644,19396.339412926183
M15,14,5.0,H4,120,short,0.0,1426,66.80088495575221,-0.19136010375428938,0.45781985846517903,0.9317298144337135,0.3155680224403927,-0.00023080897203110184,-0.015399701592150573,0.3668860296223905,0.9933545293667184,-0.12138530905199829,-0.006043811020209677,8786.146909480049
M15,14,5.0,H4,120,short,1.0,1138,56.76013928717738,-0.22399775369641492,0.3896190696034947,0.914786650821977,0.3110720562390158,-0.00031167540811128237,-0.10199061753551153,0.3408868225511166,0.9559870837165634,-0.2443266874321397,-0.0138757085008544,7556.733125678619
M15,14,5.0,D1,20,both,0.0,3194,149.35456407630267,0.16615579179527215,0.40239286765124793,1.0412567340570567,0.35316217908578584,0.00012671311383734895,0.29477695824667277,0.32995899927091565,1.0797946579142588,0.7954740405771534,0.027745691351194868,17954.740405771532
M15,14,5.0,D1,20,both,1.0,2515,119.2372468847352,0.02049679343354637,0.3969744153138991,1.0055223713930808,0.35228628230616305,1.8204315165265576e-05,0.2317883356812375,0.3284109844068458,1.0680606458431923,0.5595516663442575,0.021292642300225317,15595.5166634425
M15,14,5.0,D1,20,long,0.0,1884,88.09768275508898,0.49278774964384486,0.180624682142566,1.1652692636938213,0.37951167728237795,0.00047581408231731347,0.4942571456127494,0.1676673837662851,1.1687351705327598,1.1324997936325003,0.03604631704352301,21324.997936325002
M15,14,5.0,D1,20,long,1.0,1467,69.55110981308411,0.35865928083236276,0.19504068369884175,1.1303569441886292,0.38104976141785957,0.0004011254201457168,0.41804294180359364,0.19676201334656374,1.1552907135165154,0.9307537139892368,0.03168338393194592,19307.537139892273
M15,14,5.0,D1,20,short,0.0,1695,79.63709158734243,-0.23296806592211497,0.4185318121071723,0.9241302516327502,0.31799410029498526,-0.00024689912864922617,-0.09925451978315457,0.4390362216066933,0.9638046167759748,-0.2554625146856482,-0.013764166176650106,7445.374853143615
M15,14,5.0,D1,20,short,1.0,1333,66.75051412119551,-0.2697646115283341,0.42567147073728084,0.9055584796691577,0.31807951987997,-0.0003303145449692063,-0.15176264328935843,0.426687066199981,0.9426901116401958,-0.3095538639817105,-0.018377826725942903,6904.461360182918
M15,14,5.0,D1,32,both,0.0,3274,153.78452932098767,0.0940654077953797,0.4079022440473222,1.0231455390791595,0.34331093463653023,7.20619624191987e-05,0.15712111258024228,0.31104333858276245,1.0403676682141334,0.2771915734554131,0.01155849252414054,12771.91573455418
M15,14,5.0,D1,32,both,1.0,2594,122.98267133956385,-0.05981360609394296,0.43095494664207423,0.9840549515454738,0.3430994602929838,-5.328244066799078e-05,0.09979947522251505,0.300552753007745,1.027792479660685,0.11012407717862893,0.004965339787865064,11101.240771786252
M15,14,5.0,D1,32,long,0.0,1945,91.45355947476828,0.20952567096546704,0.2603821819228552,1.066631078891823,0.35681233933161954,0.00020166489969435382,0.23767810693654132,0.2305365890084965,1.0780178125091529,0.4513189195391669,0.01766786554451083,14513.189195391564
M15,14,5.0,D1,32,long,1.0,1547,73.34394470404983,0.06383289876921544,0.24786570845083056,1.021754490275174,0.35488041370394313,7.045244167330207e-05,0.19314482804043792,0.23978850053686085,1.0688938265995735,0.340449161378503,0.013988418111653411,13404.491613784938
M15,14,5.0,D1,32,short,0.0,1597,75.08099498004891,-0.1699292142345708,0.4521592952336343,0.9414483433262594,0.3168440826549781,-0.00018714574085812425,-0.11286759292519882,0.4244267224103575,0.9588696117922935,-0.23856790240913273,-0.01273205769841479,7614.320975908733
M15,14,5.0,D1,32,short,1.0,1238,61.866123956765634,-0.23586844251231703,0.4902555807192147,0.9121998352548479,0.31906300484652667,-0.0003039728156179791,-0.1763601460599284,0.461206451777202,0.9323022845506167,-0.30691230725609053,-0.01815311651697671,6930.876927439088
M15,14,5.0,D1,50,both,0.0,3296,155.79966351753592,0.050683998575673045,0.3760421771846051,1.0120382941710362,0.341626213592233,3.7463977626245634e-05,0.18250098770781398,0.28825154746887593,1.044902387259695,0.35855323712244136,0.01458968503396263,13585.532371224423
M15,14,5.0,D1,50,both,1.0,2630,124.68944704049844,-0.016489407127152054,0.3897201791030128,0.9957158203745553,0.34372623574144484,-1.4314390964334141e-05,0.15768001341342439,0.3025076437982388,1.041916306783573,0.2807206365385344,0.01179949968553573,12807.20636538525
M15,14,5.0,D1,50,long,0.0,1939,91.65520253656013,0.3946743582979887,0.1964855359544191,1.127918555344351,0.3666838576585869,0.0003748423183509867,0.4136841845696527,0.2121171831685703,1.1366152714600313,0.907470375399662,0.030996161303319614,19074.70375399659
M15,14,5.0,D1,50,long,1.0,1534,72.7276090342679,0.30102758344920827,0.2100238467576172,1.107306219151977,0.37353324641460234,0.0003368585317533143,0.3734355087696066,0.23410088354170766,1.1341574103920227,0.8105561764213332,0.028544247460589478,18105.56176421326
M15,14,5.0,D1,50,short,0.0,1564,74.46890887759092,-0.31025906927335806,0.5055126768580758,0.894008205713443,0.3037084398976982,-0.00034918789215778584,-0.14743607947521603,0.4683148040438607,0.9445442635397594,-0.30700183024702343,-0.017309957960513378,6929.981697529778
M15,14,5.0,D1,50,short,1.0,1249,62.76792102366539,-0.31697711661064504,0.5069193720969037,0.884151457131684,0.3026421136909528,-0.00041126010861757,-0.1651796068193152,0.4824541183698594,0.9347203080186859,-0.31297057726149413,-0.018687636668117014,6870.294227385124
M15,14,5.0,D1,80,both,0.0,3297,157.7041972236773,-0.007465179864513176,0.4166541240807764,0.9982373926520332,0.34303912647861695,-5.4588457924729055e-06,0.22501770702017712,0.2855120380530022,1.0579930009536471,0.52873882158221,0.020509723744977837,15287.388215821953
M15,14,5.0,D1,80,both,1.0,2675,133.29382673942703,-0.037726063169001164,0.3896598759147889,0.9904167230671409,0.34766355140186916,-3.157554058768354e-05,0.1968881592529054,0.2923141239256737,1.0536608061490784,0.40561437435180103,0.01711039659681024,14056.143743518025
M15,14,5.0,D1,80,long,0.0,1909,91.49222542973364,0.3127399758869857,0.21776009255471007,1.0978651695792234,0.3666841278156103,0.00029471385273320924,0.4082816080620734,0.2438345926847063,1.1328696416024306,0.9469211010844873,0.032446449670464395,19469.21101084477
M15,14,5.0,D1,80,long,1.0,1540,76.73738062755798,0.20978674073455947,0.25996399830796235,1.0697311667246852,0.37207792207792206,0.0002236417808508817,0.3579605485318549,0.25466165005378505,1.1238939374687091,0.7746511661358346,0.028994771841131417,17746.511661358272
M15,14,5.0,D1,80,short,0.0,1548,74.11285882815572,-0.32848294480344203,0.4953820225124599,0.8877857424751762,0.3107235142118863,-0.0003597533017264331,-0.15576364960501538,0.4719032072718936,0.9418102956618591,-0.3150236096778811,-0.01795199194060426,6849.763903221214
M15,14,5.0,D1,80,short,1.0,1244,62.654578047435194,-0.32406407623384403,0.5032948834654399,0.8804999176745614,0.3135048231511254,-0.0004108527563735479,-0.18752327616274708,0.5026532036271238,0.9264525905636456,-0.33323787107940983,-0.020207248303200975,6667.6212892059275
M15,14,5.0,D1,120,both,0.0,3297,160.2007782359984,-0.0293363621311722,0.5359420199451022,0.9932322684722867,0.3390961480133455,-2.100264299006402e-05,0.1126096935830582,0.39145814281312075,1.0262484291052472,0.14026037557389315,0.0063981230574894354,11402.603755738886
M15,14,5.0,D1,120,both,1.0,2691,134.09109822646658,-0.12788575826991555,0.5408584531784364,0.9685631518570368,0.3411371237458194,-0.00010387547245554209,0.08787924057630553,0.3651103357986305,1.0218993095176891,0.06618148312822125,0.003198353456033143,10661.814831282187
M15,14,5.0,D1,120,long,0.0,1881,91.39753226021018,0.3433702579146568,0.28322840527996274,1.1087693528005056,0.3652312599681021,0.0003292225567973276,0.41639828811050533,0.2789349625564762,1.1339857137374774,0.9687776241081263,0.033463102283474155,19687.77624108119
M15,14,5.0,D1,120,long,1.0,1533,76.38857435197818,0.22269892852885476,0.2764151948703324,1.0753940631680394,0.365296803652968,0.00024258687874183278,0.38141665747794345,0.2847939604694071,1.1315118522314873,0.866023002139382,0.03157224717065765,18660.2300213938
M15,14,5.0,D1,120,short,0.0,1548,76.53045479155386,-0.3251428123493246,0.48903381852012295,0.8893099788610856,0.30684754521963825,-0.00035251701895542447,-0.1325610000125652,0.45833059323824454,0.9509469179510598,-0.2820394288174959,-0.016247472583138745,7179.605711825079
M15,14,5.0,D1,120,short,1.0,1258,64.41672508061124,-0.3051277249911531,0.47496950143581285,0.8881801812077472,0.3124006359300477,-0.00037790954313627045,-0.12906038768093966,0.4517464511274979,0.9489847153005677,-0.2613257138047784,-0.015390441433852153,7386.742861952255
M15,14,4.0,none,0,both,0.0,5800,269.18043202033033,-0.28260445355429165,0.7169838951720019,0.9485744417420372,0.33,-0.00013415561637671833,-0.12345211397252545,0.9922732016571847,0.9635200025808334,-0.9752817346842847,-0.15779213834041728,247.18265315715453
M15,14,4.0,none,0,both,1.0,4750,220.87046467218332,-0.30271200230778084,0.6925323076585224,0.9397544066932317,0.33873684210526317,-0.00016610929514668135,-0.2684261458111539,0.944597183894225,0.9374559769119999,-0.9225399906213587,-0.11214270666682236,774.6000937864097
M15,14,4.0,none,0,long,0.0,5110,237.1572426937738,0.24798556841976643,0.2887107234413797,1.0488486580009975,0.34833659491193736,0.00011910254468971235,0.3347495300474354,0.3158404203329558,1.0678793641126365,1.047982246028127,0.033829163010629104,20479.822460280964
M15,14,4.0,none,0,long,1.0,3974,184.85780692817116,0.18937930456885854,0.25005827090424393,1.0416545399909336,0.35631605435329644,0.00010860870922401399,0.31440960820528446,0.3321368019594324,1.0694734220906132,0.9496880225959798,0.031545177008310166,19496.880225959565
M15,14,4.0,none,0,short,0.0,5110,237.1572426937738,-0.5751481064183374,0.8210816228746655,0.8870120753618692,0.30724070450097846,-0.000297524458037246,-0.38324410914465223,0.9426148795146831,0.904967293450109,-0.9276278497949983,-0.11473716113639809,723.7215020500203
M15,14,4.0,none,0,short,1.0,3930,182.74124761298535,-0.5267192707357822,0.8025154012961193,0.8826187669018807,0.31195928753180663,-0.00033353979724037603,-0.4157935231231141,0.9488527038198761,0.8856840238078912,-0.9290588453205406,-0.11576466471298352,709.4115467945958
M15,14,4.0,H4,20,both,0.0,3521,163.59817453250224,-0.05144506868743205,0.3859377845676729,0.9876211288242425,0.3328599829593865,-3.237253183301149e-05,0.029366459138282862,0.3939165483998358,1.0073215576106485,-0.08557789189850573,-0.0041481410431691845,9144.221081014914
M15,14,4.0,H4,20,both,1.0,2783,129.47277416889568,-0.12169145861709095,0.4423342162234355,0.9674135406489529,0.33632770391663674,-9.153530080285464e-05,-0.052664104995347426,0.43879628592318076,0.9858248639314121,-0.28473876739418913,-0.015469218311499278,7152.612326058092
M15,14,4.0,H4,20,long,0.0,2077,96.61541645440651,0.18279538398463563,0.3048212714198386,1.0554083657079272,0.3538757823784304,0.00013720894807650396,0.2916728000489627,0.36138443090253336,1.0922891295031685,0.5805290200800399,0.021521842116316137,15805.290200800342
M15,14,4.0,H4,20,long,1.0,1604,74.68906170321264,0.22299539562394438,0.2350503794723664,1.0773109411464468,0.36596009975062344,0.00020417772778442774,0.3138487290124407,0.30004519785633466,1.1091125849237304,0.6124243544346728,0.02249483027336141,16124.24354434662
M15,14,4.0,H4,20,short,0.0,1868,86.79391934868337,-0.19660473130523082,0.40427446137280687,0.9331776573694605,0.3056745182012848,-0.00018041807423935244,-0.2814117987677127,0.5440855714998052,0.9026155583852886,-0.4881124130969643,-0.030635260749973248,5118.875869030342
M15,14,4.0,H4,20,short,1.0,1449,67.74798387096773,-0.2626309275849768,0.45694358138328783,0.9002178892122483,0.30296756383712903,-0.00029171846325151365,-0.35488650302411673,0.6000721921230127,0.866066946430107,-0.5641900908372812,-0.03808800873540186,4358.099091627196
M15,14,4.0,H4,32,both,0.0,3821,177.71810136253663,0.0033061879406846156,0.43693238247668686,1.0008019656570326,0.3399633603768647,2.1029386537256795e-06,0.02600464959836757,0.5252590752839631,1.007674321439383,-0.17592950600364088,-0.008959442459322453,8240.704939963569
M15,14,4.0,H4,32,both,1.0,2980,138.60244492550618,-0.1296947462334772,0.4800242000355749,0.9649565524052073,0.3402684563758389,-9.973077572693052e-05,-0.09374913239903518,0.6269593400259671,0.9718228727473364,-0.4639548882819835,-0.02858475692664908,5360.451117180144
M15,14,4.0,H4,32,long,0.0,2134,99.3681157572667,0.17358596953712097,0.36614374608750144,1.0530380449114085,0.3622305529522024,0.0001308926867309812,0.32840622210176146,0.33868821999573573,1.1052975675042693,0.7108038636696479,0.025318501520214864,17108.03863669635
M15,14,4.0,H4,32,long,1.0,1631,75.94629653238144,0.051316322612082486,0.35779245418537153,1.0175265670259663,0.3666462293071735,4.697503812402154e-05,0.24676192388547977,0.3797964256018861,1.0859197765515107,0.487789842876889,0.01867176835479678,14877.898428768798
M15,14,4.0,H4,32,short,0.0,1940,90.2311218642557,-0.10204991577037598,0.3872718698951152,0.9636755130348451,0.31030927835051547,-9.968661967310126e-05,-0.1785662993900991,0.6125036960675199,0.9232634667786495,-0.47254488473550293,-0.029314367691386733,5274.551152644981
M15,14,4.0,H4,32,short,1.0,1517,70.55701642684325,-0.15066678279319448,0.4211317156322011,0.9399164778299792,0.3111404087013843,-0.00017865493897628856,-0.2153668417627115,0.6127164356065997,0.9032376085371605,-0.5039798955191757,-0.03208459670346042,4960.201044808237
M15,14,4.0,H4,50,both,0.0,4113,191.4699528422126,-0.08325496143630767,0.48500264408726457,0.9808532373947496,0.33017262338925357,-5.039720345231962e-05,-0.1149077706081939,0.6388473704607667,0.9693623181182874,-0.5255512268846579,-0.0341140662679601,4744.487731153421
M15,14,4.0,H4,50,both,1.0,3184,149.9234240041253,-0.16112150118477261,0.531730360297746,0.9586358975130055,0.33511306532663315,-0.00011799039192778561,-0.2061121074453266,0.7483152203368215,0.9424542127311641,-0.673213097111301,-0.05130104792804402,3267.869028886978
M15,14,4.0,H4,50,long,0.0,2265,105.48148030090526,0.2708580463325929,0.2500709759599895,1.0828006633080924,0.35320088300220753,0.00020060781824525237,0.3140986403244303,0.2821448838063014,1.0999979254308079,0.6462429773668288,0.023486606276410305,16462.429773668187
M15,14,4.0,H4,50,long,1.0,1718,85.59534851998363,0.257300373321257,0.2236742443370363,1.08692817306015,0.3637951105937136,0.000226476643537038,0.31382842983228854,0.25365463859030557,1.1059175731886601,0.603497992503143,0.023804552605889873,16034.979925031312
M15,14,4.0,H4,50,short,0.0,2047,95.37782242632989,-0.3262106510767481,0.5115390132933599,0.8930498898963017,0.3058133854421104,-0.0003024170795777822,-0.319607647033797,0.6672439995129877,0.8791192892089242,-0.6493459064735354,-0.04765543127433369,3506.5409352646443
M15,14,4.0,H4,50,short,1.0,1599,75.29131751965967,-0.3844627882874328,0.5749239951427549,0.8604885065293617,0.308317698561601,-0.00042957950928478977,-0.3891486834855801,0.7450666502725058,0.8354781693438165,-0.7264797897942463,-0.059216263687261406,2735.2021020575244
M15,14,4.0,H4,80,both,0.0,4295,200.32546928872432,0.042024404755678584,0.46061828487225676,1.0093898996152162,0.3338766006984866,2.440774663821118e-05,-0.028050043931403975,0.5602510290238143,0.9925319483363854,-0.32423614321702887,-0.018113310772689184,6757.638567829673
M15,14,4.0,H4,80,both,1.0,3278,155.39123945489942,-0.17720098507326873,0.5718131096110256,0.9563596927266791,0.3309945088468578,-0.00012429052884097458,-0.1934640979587241,0.7830788127767914,0.9485569517643094,-0.6632279242495982,-0.05028410754124302,3367.720757503998
M15,14,4.0,H4,80,long,0.0,2363,110.35490985807441,0.1907229982092293,0.25870870012048,1.0554818209541206,0.34532374100719426,0.00013783681448321377,0.24588568713137532,0.32055711572446677,1.0746662142569026,0.4790972175378587,0.018448443949036886,14790.97217537849
M15,14,4.0,H4,80,long,1.0,1783,84.5547585042846,0.04102100763484005,0.28727895153491945,1.0132461223805098,0.34604598990465507,3.594763057605369e-05,0.16443816209409612,0.38403749827249034,1.0541030838290228,0.271459177512289,0.011454398515565511,12714.591775122852
M15,14,4.0,H4,80,short,0.0,2074,96.73458051334441,-0.051870659497732854,0.3373429998983627,0.9826013899766551,0.32304725168756027,-4.701296344379875e-05,-0.13977116829968517,0.5086722080500883,0.9456042616684243,-0.39723805490188036,-0.023334920386167135,6027.619450981218
M15,14,4.0,H4,80,short,1.0,1601,79.88596311475409,-0.20763023713321865,0.4565100271149912,0.9255963328482324,0.3179262960649594,-0.00022068816742672605,-0.2870262705543464,0.6232864205235342,0.8898946549939696,-0.5752683825321828,-0.04182721242540788,4247.316174678211
M15,14,4.0,H4,120,both,0.0,4444,207.80578671104854,0.06018223374141464,0.3913909820353926,1.0127132115938111,0.3298829882988299,3.297273795903794e-05,0.20222511030394452,0.32102033254063844,1.045871917626284,0.4824444217028012,0.01857993829414495,14824.44421702793
M15,14,4.0,H4,120,both,1.0,3438,162.97592472420504,-0.15718110052039272,0.5045513255810052,0.963714010258951,0.33042466550319954,-0.00010203533232082922,0.04857944049942912,0.5779642944287945,1.0121251755088707,-0.10409823416521358,-0.005197339346971197,8959.01765834779
M15,14,4.0,H4,120,long,0.0,2415,112.95668459469842,0.2588224616829793,0.20215261704654364,1.0726132565716484,0.3507246376811594,0.00017845240668868358,0.2956082614262912,0.2541865693311367,1.0865257838009212,0.5921266530591438,0.02199104324263712,15921.266530591396
M15,14,4.0,H4,120,long,1.0,1858,88.11146455466113,0.05127117444786929,0.2081542205302409,1.0155882516364239,0.35468245425188377,4.130694756444592e-05,0.20056397356486586,0.32133712077762044,1.0635599266547928,0.3611872855622642,0.014730592768417816,13611.872855622527
M15,14,4.0,H4,120,short,0.0,2135,100.02677655207799,-0.2250786084000506,0.4567628631106998,0.931149233068934,0.30398126463700237,-0.00018907187247259864,-0.1230419031664776,0.42983892914809974,0.9586679599128697,-0.3352287497830375,-0.018948004222563375,6647.712502169626
M15,14,4.0,H4,120,short,1.0,1659,82.78002049180327,-0.3039757325213181,0.4885198755788368,0.899790380051109,0.3025919228450874,-0.00029869857490305124,-0.22890444477722177,0.5226265878747011,0.9189155054637267,-0.4786322621077199,-0.031975857332229185,5213.677378922788
M15,14,4.0,D1,20,both,0.0,4665,218.1399628728716,-0.009622451374894975,0.45640494169805323,0.9980606125389241,0.3307609860664523,-4.929703290406615e-06,0.1185062115170986,0.3952688161346666,1.0252979476904116,0.15933640908566193,0.006937460274937912,11593.364090856583
M15,14,4.0,D1,20,both,1.0,3611,171.1990848909657,-0.1805991204558308,0.5689954205651979,0.9601457733390523,0.3334256438659651,-0.00010944913989854971,-0.012237626031960614,0.6526401734264101,0.9971444896851127,-0.28315722393994214,-0.015658977687649567,7168.4277606004935
M15,14,4.0,D1,20,long,0.0,2728,127.56394827806939,0.2907127687350262,0.17267115417114243,1.0775319653947928,0.3489736070381232,0.00018715470052887775,0.3044801631579547,0.22192246465944399,1.085351120206392,0.6397238101666338,0.02339405113568449,16397.238101666248
M15,14,4.0,D1,20,long,1.0,2100,99.56191588785046,0.10753294912131806,0.19856807899501683,1.0313094580705584,0.3523809523809524,8.100932054927717e-05,0.2052828112958326,0.2578703276442661,1.062127903777152,0.3812781439245867,0.015431870297001549,13812.78143924575
M15,14,4.0,D1,20,short,0.0,2392,112.38461538461537,-0.2749173012085472,0.5003780523109729,0.9209317501546078,0.3039297658862876,-0.00020931560518121066,-0.13734466044930388,0.49850505586047633,0.9568171910436459,-0.3620699632562404,-0.020898878899434536,6379.300367437586
M15,14,4.0,D1,20,short,1.0,1835,91.8380035626199,-0.30979598201953895,0.5182391893795495,0.9029728802515523,0.3079019073569482,-0.0002792472627840431,-0.23276054327949872,0.5535047514742224,0.9233293033944078,-0.4775692510228077,-0.03197201273501449,5224.3074897719225
M15,14,4.0,D1,32,both,0.0,4757,223.4144593030732,0.0021526991888958487,0.45921957516984035,1.0004441125679722,0.33025015766239224,1.1422884106708179e-06,0.07841809886268705,0.465020079705458,1.0169193827022642,0.049205089478023156,0.002258427530103413,10492.050894780194
M15,14,4.0,D1,32,both,1.0,3705,175.65566588785046,-0.15977802730716126,0.5546882090154532,0.9637813734072248,0.3311740890688259,-0.00010059525722086765,-0.0287057612608454,0.5356375125325104,0.9933196222000039,-0.24314149953500486,-0.013120713234233028,7568.585004649971
M15,14,4.0,D1,32,long,0.0,2793,131.3263710092688,0.14056512718911995,0.23275067192970667,1.0377242591540823,0.34049409237379163,9.450078266811446e-05,0.1782381361753398,0.285015632476339,1.0491261585236842,0.31014610545562715,0.012782884005422712,13101.461054556172
M15,14,4.0,D1,32,long,1.0,2185,103.59180295950155,0.028828290475269046,0.23373345497207443,1.0085167994413886,0.3437070938215103,2.2870135605388863e-05,0.12942191422741536,0.307255733872994,1.0385469014430502,0.1854352626879221,0.008097599756979657,11854.352626879127
M15,14,4.0,D1,32,short,0.0,2283,107.31862934362934,-0.21503385296762523,0.4760096373094791,0.9349181353957353,0.30924222514235655,-0.00017096739518458325,-0.15757456866286523,0.5067337207287756,0.9503780077210383,-0.33668051842294766,-0.01911161327140154,6633.194815770522
M15,14,4.0,D1,32,short,1.0,1739,86.86676012035011,-0.3243204762725416,0.5541671508759516,0.8936279546154485,0.30592294422081656,-0.0003064076074155199,-0.2711756246043742,0.5545188044943321,0.9098569699028908,-0.475675366422769,-0.03173678088305798,5243.246335772296
M15,14,4.0,D1,50,both,0.0,4776,225.72903726708074,-0.07018025828958441,0.48468791068243156,0.9860961918139085,0.3297738693467337,-3.52971132818037e-05,0.0202269499864558,0.4459557119078402,1.0041604479994772,-0.11754072936364146,-0.005892486115042228,8824.592706363528
M15,14,4.0,D1,50,both,1.0,3735,177.05499675535367,-0.20849390189553235,0.5415904733155601,0.9547371990106497,0.3327978580990629,-0.00012394481564676445,-0.09073910826717288,0.5612216608743443,0.9800269946570046,-0.3975020789711693,-0.023732232725852676,6024.979210288314
M15,14,4.0,D1,50,long,0.0,2783,131.53348214285714,0.2678214639286941,0.19336365398519206,1.0725001136640588,0.34279554437657206,0.00017576858079283378,0.32057635057827666,0.21346309653659234,1.0893675249879966,0.6772501719550053,0.024743595200865665,16772.50171955006
M15,14,4.0,D1,50,long,1.0,2164,102.58286826735885,0.1672480831874445,0.17765561883341174,1.0499830052442054,0.35073937153419593,0.00012952878259612003,0.2740694405060536,0.21969290103026284,1.0830212209973797,0.5539907182577182,0.02111692597602488,15539.90718257704
M15,14,4.0,D1,50,short,0.0,2244,106.80492572322126,-0.3881549024295045,0.5558541026287318,0.8855497667119367,0.303475935828877,-0.0003049561946913157,-0.30119290261303705,0.6122374938011568,0.9029632481959071,-0.5637283216713039,-0.03871103891053551,4362.716783286963
M15,14,4.0,D1,50,short,1.0,1752,88.04595487066594,-0.42711552788699664,0.6039713972746323,0.8636573302491427,0.3019406392694064,-0.0003955054107347786,-0.37172778759931907,0.6687114379880721,0.8738936516762237,-0.6143223629230652,-0.0467520054567343,3856.776370769351
M15,14,4.0,D1,80,both,0.0,4772,228.22744533193662,-0.06707724336382237,0.4184753086903672,0.9864243241050162,0.3350796311818944,-3.4484472383010465e-05,0.08525779870291011,0.44866822121484073,1.0180966673225,0.05222388666982902,0.0024376112051993637,10522.238866698268
M15,14,4.0,D1,80,both,1.0,3780,188.30400981996726,-0.13683237398975767,0.48197299542867644,0.9700444861556525,0.3378306878306878,-8.177700091259658e-05,0.00958216723537144,0.5144366711797539,1.00216247284442,-0.16582616325247324,-0.008991620234999442,8341.738367475285
M15,14,4.0,D1,80,long,0.0,2726,130.64840572103398,0.3385265776401278,0.1987095580107553,1.0904422757373304,0.3532648569332355,0.00022264814765107478,0.38937637338980113,0.23032052799573266,1.1074114275829787,0.9092379954686323,0.03147978027187448,19092.379954686236
M15,14,4.0,D1,80,long,1.0,2161,107.65210720130933,0.21826155908346262,0.22223414064145697,1.0621851143592285,0.35631652012956966,0.00016417050459765952,0.2991139655059098,0.2768835526327237,1.086942289322005,0.6310171401106328,0.024669495594255242,16310.17140110628
M15,14,4.0,D1,80,short,0.0,2235,106.99000655307995,-0.47711580010840277,0.6056102778781721,0.8600111236299621,0.30917225950783,-0.000370134165177186,-0.3588467137481747,0.6441659329803486,0.888508295102384,-0.617453281210592,-0.04495683191511879,3825.4671878940844
M15,14,4.0,D1,80,short,1.0,1749,88.040552646086,-0.49636957195504616,0.6199012045144574,0.8418503995291088,0.30931961120640367,-0.0004546596397112818,-0.44517077075999645,0.6944223985094895,0.8542779843343561,-0.6603226920717653,-0.052901844940412945,3396.7730792823463
M15,14,4.0,D1,120,both,0.0,4752,230.71487438521865,-0.06639192379195506,0.5311676034632502,0.9870218398620362,0.3303872053872054,-3.2974431778766746e-05,0.08305706557922522,0.45348071009797875,1.0168277924933462,0.034244470134885185,0.001636110112560596,10342.444701348797
M15,14,4.0,D1,120,both,1.0,3818,190.14514589582762,-0.19945533253278946,0.5834337590476437,0.9581085707289849,0.3308014667365113,-0.00011410504338835874,-0.010193096669454383,0.5097402215016755,0.9978177635355592,-0.24125299732342653,-0.013655663221574521,7587.470026765686
M15,14,4.0,D1,120,long,0.0,2696,130.8937923700651,0.2613615197515889,0.3463198029944857,1.068200852010487,0.34940652818991097,0.00017070732125697057,0.3350076113948483,0.39589125337242537,1.0915831185982265,0.8212736480611549,0.029535923808317266,18212.736480611533
M15,14,4.0,D1,120,long,1.0,2176,108.36978456503954,0.12394365309847662,0.33502350831114336,1.0344734456637954,0.34972426470588236,9.19149038757388e-05,0.28953596146962374,0.3814304133625034,1.0836544951238172,0.6690412325362278,0.0258393863805495,16690.41232536219
M15,14,4.0,D1,120,short,0.0,2213,109.37730040595399,-0.3254096316640862,0.4883387892712254,0.9033483008356866,0.30817894261183915,-0.0002490704018118798,-0.18184256119545383,0.518351923779323,0.9426811898329007,-0.385781591790062,-0.023802081570197475,6142.184082099398
M15,14,4.0,D1,120,short,1.0,1752,89.71232300574793,-0.3127160299831202,0.5017779378334724,0.8979258585200006,0.3105022831050228,-0.0002837204066776474,-0.2009252530674377,0.5277826092228743,0.9317414004372473,-0.39413040007777433,-0.025332285358305673,6058.695999222263
M15,14,1.0,none,0,both,0.0,11803,2030.6386010362694,-2.6021128349401224,0.9122685598342168,0.81621637394533,0.2314665762941625,-0.0001987744568967885,-1.2232802621824321,1.000539899292042,0.5422358650850575,-0.9999922046585922,-0.8678188670061244,-654.5910116935892
M15,14,1.0,none,0,both,1.0,6712,1090.0658070253446,-2.0076063735328735,0.8233386457860126,0.8156820832440903,0.24091179976162097,-0.0002449520677202899,-1.1583214657314511,1.0001827444749392,0.6117981411968947,-1.0001919771632692,,-404.3802786779305
M15,14,1.0,none,0,long,0.0,11829,1568.2549001814882,-1.6745132942369754,0.8603609673669149,0.8539082440542896,0.21472651957054695,-0.0001573645296987802,-0.6290492192307765,1.000124204711337,0.591783362376655,-1.0000000000000002,,-1230.1887514340658
M15,14,1.0,none,0,long,1.0,7152,948.8804940065382,-1.4340872183271494,0.7732146411909032,0.844892425817774,0.22021812080536912,-0.0001978096814194542,-0.519291528294266,1.000464761030807,0.2578235126430045,-0.9999881241389764,-0.7779049693658913,-881.3318046776623
M15,14,1.0,none,0,short,0.0,8394,1569.8456221198155,-3.6198624822697716,0.9008561939624216,0.7348661051497829,0.24398379795091732,-0.00027100185202076806,-0.5960234664365535,1.000007529214029,0.537363997794321,-1.0000005249747057,,-140.61268876597669
M15,14,1.0,none,0,short,1.0,5359,840.0749999999999,-2.4136706325447483,0.8189180905701986,0.7629252504477368,0.24594140697891398,-0.0002937761199523946,-1.8136888515485177,1.0000673749943503,0.5033824190538552,-0.9999928756508643,-0.844002332789445,-100.52389943878089
M15,14,1.0,H4,20,both,0.0,9994,1490.5302164148632,-2.249832194896618,0.8621217120487347,0.816103602614683,0.22373424054432658,-0.00019212349519969482,-0.8609283373041209,1.0005695976106224,0.32726367735672374,-0.9999999738976648,-0.9260386980380775,-674.0075408044794
M15,14,1.0,H4,20,both,1.0,6066,858.4294846958543,-1.8539971678434093,0.7829173282659705,0.8082064447100571,0.23211341905703922,-0.00023636285710423706,-0.24098231016018473,1.0003160790808094,0.8234908485897516,-1.0003290182628173,,-471.84209947571657
M15,14,1.0,H4,20,long,0.0,8328,835.2009884678747,-1.486055372344857,0.7715461519753017,0.8296913628995641,0.20725264169068203,-0.00017029087495215264,0.16122769750133722,1.000128571469025,1.2263797856297354,-1.0001292325630586,,-927.95312296232
M15,14,1.0,H4,20,long,1.0,5732,562.1946831364124,-1.444671281881516,0.7335331294277679,0.8041897813289064,0.20586182833217026,-0.0002174858285291091,-0.9508531801478339,1.0002877999788966,0.63326850148464,-1.0002938219497644,,-670.6917878150125
M15,14,1.0,H4,20,short,0.0,8724,759.5806912991658,-1.6189291237329717,0.7804042377746956,0.8206991051711289,0.24060064190738192,-0.0001681941036808141,-0.3463397830939422,1.0001414216096673,0.7317819352271182,-1.0000000028858742,,-113.60158039393228
M15,14,1.0,H4,20,short,1.0,7144,538.1204372035471,-1.2763855735059706,0.7249757317848275,0.8331064452856259,0.24342105263157895,-0.00016747427071107818,-0.9306065489116855,1.0000638522892045,0.766301465490239,-1.0000671826835719,,-103.90065159633227
M15,14,1.0,H4,32,both,0.0,9602,1520.8718560277537,-2.445208234219542,0.8804610376545059,0.7972518962259734,0.22307852530722766,-0.00021458081040093722,-0.6852313244922859,1.0002910720927014,0.4800649272789486,-1.0000013118191557,,-644.0534747197428
M15,14,1.0,H4,32,both,1.0,6001,860.9054399057345,-1.8925802525182551,0.7918742043783914,0.7988256250721449,0.23046158973504416,-0.00025187440805551946,-1.1186940121598838,1.0001076100085449,0.7364861093010071,-1.0001081661387228,,-440.8243650040952
M15,14,1.0,H4,32,long,0.0,7632,848.8392204628501,-1.6531548169184507,0.7910639234793141,0.8066775332174071,0.20741614255765198,-0.00019657882911023976,-0.3099707732983069,1.000742986358181,0.6982953200096567,-0.9999992124515397,-0.7905224829797801,-823.9012125329175
M15,14,1.0,H4,32,long,1.0,5514,564.9336605890603,-1.4667383685466255,0.7402428897018385,0.7944630333596006,0.2089227421109902,-0.0002331976703409652,-0.6582994338918434,1.0003767524580855,0.5476040115071673,-0.9999547797102499,-0.641185730266528,-640.2200824858597
M15,14,1.0,H4,32,short,0.0,8663,749.6234896943852,-1.6268773325885497,0.7838576496829786,0.8191950973001008,0.24287198430105045,-0.0001704990590508948,-0.23782228505100922,1.0004955398655855,0.7999603701817116,-0.9999990234888241,-0.6980625468684285,-111.04636744814451
M15,14,1.0,H4,32,short,1.0,7693,522.0862597547381,-1.2732155592378187,0.7481787065970122,0.8312750884730975,0.24398804107630312,-0.0001653998784990372,-0.6642048293846271,1.0001678809048382,0.7193958558357278,-1.0001809371805457,,-131.70277634899028
M15,14,1.0,H4,50,both,0.0,10613,1516.587734741784,-2.0947292191596167,0.8666774786491448,0.8232563614580528,0.22321680957316498,-0.00018300090605638043,-0.18355568779991932,1.0115621173063785,0.8565495566120862,-0.999999988233121,-0.9263954022555815,-717.998196094476
M15,14,1.0,H4,50,both,1.0,7885,967.0907488247146,-1.4163460747481436,0.7793121285150393,0.8512992271285369,0.22980342422320862,-0.00017698892385795552,-0.3901008804749448,1.0000062359088466,0.8521145093667246,-1.000006503770231,,-559.0057101025494
M15,14,1.0,H4,50,long,0.0,8582,850.4002984264786,-1.3786582395913454,0.7704940903293502,0.8342658044029997,0.20414821719878817,-0.00016415191241488726,-0.48106959037791514,1.0000872083683487,0.6269432258228479,-0.9999925284271365,-0.6895437025380152,-988.3126126245854
M15,14,1.0,H4,50,long,1.0,5721,566.4394822445107,-1.3384341875715249,0.7219311907555102,0.8075887216021763,0.20241216570529627,-0.00021485413493090575,-0.8685200280005791,1.0003544569723182,0.5740689779870587,-1.0003386582707225,,-718.3776968484941
M15,14,1.0,H4,50,short,0.0,8823,750.1398393854748,-1.6103762095609049,0.7808434025756319,0.8216130072123853,0.24175450527031622,-0.00016806231160541337,-0.10213897744329112,1.00000185588621,0.9082143887389127,-0.9999999999965785,-0.8940336514011181,-116.72187095249375
M15,14,1.0,H4,50,short,1.0,7769,517.9097006753057,-1.1846361339781897,0.7292748313297455,0.8413229780863926,0.24674990346247908,-0.0001544822757770206,-1.0990140381052513,1.0000499317192828,0.6636510292112471,-0.9999893980689991,-0.5340126463594043,-139.15977943625208
M15,14,1.0,H4,80,both,0.0,10735,1532.2230363423214,-1.8559531620733936,0.8377806969099534,0.8409965325747658,0.22775966464834654,-0.00016346218898596255,-0.01468274485523644,1.0003873803614778,0.9811778203702766,-0.9999999908866665,-0.9288143610183424,-778.1065157118665
M15,14,1.0,H4,80,both,1.0,6234,889.0935181569699,-1.7456699933633988,0.8010525377171283,0.8126773795025273,0.22938723131215913,-0.0002312307706579384,-0.8195494950589441,1.0000424643258596,0.7191023574536282,-1.000046176491382,,-491.77101672249626
M15,14,1.0,H4,80,long,0.0,8350,880.9467071057193,-1.4885150408004293,0.7832704194053179,0.8241143482136113,0.2059880239520958,-0.00017655935133428002,-0.38672957857381485,1.0001955801814757,0.21650981319915494,-1.000013050224638,,-981.3374288730281
M15,14,1.0,H4,80,long,1.0,5458,576.3326105810928,-1.5241614185028074,0.748818230420538,0.7856220440147351,0.20556980578966655,-0.0002444084990144364,-0.8451163014829459,1.0015298028948283,0.559879180101427,-1.0000041915571438,,-675.2027015308539
M15,14,1.0,H4,80,short,0.0,9401,731.2000106473595,-1.2235260052288526,0.7322669781887252,0.857479010080483,0.24539942559302202,-0.00013034788968260187,-0.24623241924708678,1.0000189318756656,0.8611551986997892,-1.00002033431472,,-146.28683194711337
M15,14,1.0,H4,80,short,1.0,7601,522.0506299360662,-1.11325451754465,0.73985489702356,0.8488355625333472,0.24299434284962504,-0.0001474432689423331,0.25153501705836784,1.0001433980836005,8.820110128912575,-0.9999907248802671,-0.5488237101521394,-132.9454469480292
M15,14,1.0,H4,120,both,0.0,10533,1534.5744914240129,-1.9806720814435794,0.8576035231990716,0.8288001907785345,0.2229184467862907,-0.00017792032659694635,-0.5316775559935896,1.0005453866334582,0.3538663197429013,-0.9999999999795897,-0.9722967942081384,-742.6186045669104
M15,14,1.0,H4,120,both,1.0,6232,894.044776119403,-1.7155519921456865,0.7825071810023332,0.8127919635591457,0.2246469833119384,-0.0002321453816759259,-0.645556359017682,1.000016204916177,0.2398917011239081,-1.0000013141566644,,-512.3125668890764
M15,14,1.0,H4,120,long,0.0,8665,865.4337571780148,-1.427986266495922,0.7827608880609208,0.8293499839727368,0.20126947489901903,-0.0001689893312739091,-0.7478415115294172,1.0001352914532602,0.7041220606401595,-1.0001358731360446,,-980.8101430498075
M15,14,1.0,H4,120,long,1.0,5689,577.1964583333333,-1.5231698638071554,0.7546889506528882,0.786598473868821,0.20144137809808402,-0.00023912207082843524,-0.9532511427479939,1.0002110201614542,0.5673504842266623,-1.0002117391955747,,-679.3214608148602
M15,14,1.0,H4,120,short,0.0,8721,735.9855013863216,-1.4545978451133414,0.7613889725023082,0.8301814366670556,0.24263272560486182,-0.0001600964260127038,0.11082049980554469,1.0010238143995782,1.1302632087116398,-0.999948314671232,-0.5652485077387928,-115.9949435975999
M15,14,1.0,H4,120,short,1.0,7741,518.5987252384446,-1.1536730904185886,0.7549723520908783,0.8390574963116473,0.24027903371657408,-0.00015746297864766072,-0.6459046613509104,1.0000450773543639,0.6891196468349564,-1.0000496444168305,,-126.24561377840286
M15,14,1.0,D1,20,both,0.0,9924,1559.699225473322,-2.3641023386448947,0.8721209939015921,0.8081873322223576,0.22349858927851673,-0.00020085394396202557,-0.005027632866527035,1.000369955622083,0.9967551769317716,-1.0003711320001867,,-680.4068051685053
M15,14,1.0,D1,20,both,1.0,5955,885.9730142566192,-2.1198220666430663,0.8046806289942496,0.7862843311247093,0.23073047858942067,-0.000267283163407998,-0.8376160315635693,1.0001121910750421,0.6360307555504516,-0.9999733477398753,-0.7913348889195924,-426.4849261379197
M15,14,1.0,D1,20,long,0.0,8480,870.522765598651,-1.505246241844012,0.7734559446153069,0.8306049922575035,0.2080188679245283,-0.00016873793890510145,-1.041915798395716,1.0015248747201917,0.653795003658577,-0.9999993952200192,-0.7700445286225714,-1035.9524790850855
M15,14,1.0,D1,20,long,1.0,5459,584.5499120492524,-1.7922769476023341,0.7659457567444685,0.7705808188174756,0.2082799047444587,-0.0002590322629229527,0.2725120074628399,1.0003518366284574,2.025565129757824,-1.0000182872976882,,-690.966898773289
M15,14,1.0,D1,20,short,0.0,8746,733.687758383096,-1.674182610964164,0.7936895616271026,0.8086987713772034,0.2435399039560942,-0.00017625220960053518,0.17041464255075753,1.0001808899503237,1.1161473666538517,-1.0000000000168645,,-106.95657762753615
M15,14,1.0,D1,20,short,1.0,7602,511.53841193809876,-1.2479127815676614,0.7414215741705399,0.827636783988504,0.2455932649302815,-0.00016518484593679205,-0.22081863347926248,1.0000573835301734,0.9004217558473496,-0.9999967841647347,-0.5730314163700614,-116.7633648060459
M15,14,1.0,D1,32,both,0.0,9419,1568.7595759233925,-2.2086646818954656,0.8511057777858362,0.8138121286618126,0.22401528824716,-0.00019594206141673037,-0.8517602852235638,1.0002886793649481,0.6922354720636037,-1.000005283782323,,-650.2222166728841
M15,14,1.0,D1,32,both,1.0,5635,881.8267994858612,-1.9667192533669642,0.8075595900603666,0.7909868205516372,0.22999112688553683,-0.0002659968893944922,-0.5655117497423682,1.000281017298877,0.6772480779181161,-1.000044501576179,,-443.683361229229
M15,14,1.0,D1,32,long,0.0,8437,877.4528046697039,-1.3132722134712298,0.7524033719127554,0.8454060406003622,0.21014578641697285,-0.0001547167609861905,-0.7945648690373306,1.000095245951394,0.6030587832975949,-0.99968766970599,-0.5680456308246169,-1002.3290632077425
M15,14,1.0,D1,32,long,1.0,5833,619.8729269711959,-1.5245320708588028,0.7452080217603636,0.7961817773768257,0.21069775415738043,-0.00022720132010442597,-0.4036254917437636,1.0001576885298715,0.8251143088529462,-1.0001580536506396,,-721.1071664056425
M15,14,1.0,D1,32,short,0.0,7937,722.7597232610321,-1.957018978238968,0.8105397880708227,0.7799467133944382,0.24127504094746124,-0.00020543878494751197,0.012275552574076455,1.0001054147925794,1.0131848129358898,-1.0000000002013134,,-88.04847746540045
M15,14,1.0,D1,32,short,1.0,6487,519.1447743207713,-1.452141639771458,0.7649977284533984,0.8059699955176003,0.24202250655156468,-0.00019474688898342486,-0.1067821854604065,1.0000132102145909,0.8796056429813083,-1.0000004763609474,,-78.86626455326004
M15,14,1.0,D1,50,both,0.0,9722,1552.6718408395277,-2.1501969115339907,0.8591638928024612,0.8180341214243695,0.22701090310635672,-0.00019190815038922022,-1.1404194549649431,1.0002870148907612,0.47539020196323645,-1.0000032445700426,,-698.8109445555516
M15,14,1.0,D1,50,both,1.0,5891,927.4516163793104,-1.9205422885373054,0.7894926046492137,0.7995035281413685,0.23340689186895264,-0.00025189067188823044,-1.3067343190485892,1.0001414825368247,0.6537612400152859,-1.000144815700837,,-509.373384411565
M15,14,1.0,D1,50,long,0.0,9123,873.4405635648756,-1.2750733998118966,0.7640028932386551,0.8494944156753499,0.21253973473638058,-0.00014858615518262275,-0.4019288331394688,1.0004999114828956,0.785647546053225,-1.0005197251548361,,-1089.705625487602
M15,14,1.0,D1,50,long,1.0,6540,606.1240801826947,-1.3783628451302166,0.7497589368780363,0.8128573657702801,0.21437308868501528,-0.0002041722665751401,-0.19941301548263568,1.0002505501259313,0.8602518381731367,-1.000251667512439,,-832.9043335097161
M15,14,1.0,D1,50,short,0.0,7023,717.3240352348994,-1.9786674630720416,0.7833643460128207,0.7779336350363037,0.24120746119891784,-0.00021321395081021227,-0.3659044621862503,1.0000713225076747,0.8197425110315388,-0.999999990425195,-0.8483094481273478,-84.92377301265236
M15,14,1.0,D1,50,short,1.0,6178,539.0622312470139,-1.5905268291572705,0.755160080019092,0.7965908249914154,0.24457753318225964,-0.00020703873770002565,-0.9576973044799513,1.0000409838224993,0.6766184219084846,-1.0000437220244989,,-73.52534619863172
M15,14,1.0,D1,80,both,0.0,8836,1585.1419449901766,-2.655153380832775,0.8682863059012805,0.7928166854645792,0.2256677229515618,-0.00022347954462289608,-1.535640237514034,1.0000823233982266,0.5121405551229024,-1.00000013833228,,-623.1842445254593
M15,14,1.0,D1,80,both,1.0,6022,998.427371765774,-2.2271560783468374,0.8006379937984789,0.7922292884286967,0.23447359681169047,-0.0002606525500604681,-0.839335239454567,1.000421995113301,0.60403135522696,-0.999708509227148,-0.7406736369336575,-479.10716873360053
M15,14,1.0,D1,80,long,0.0,8819,886.6335672997523,-1.6089833522002355,0.8017593552430669,0.8233227425438426,0.21249574781721284,-0.0001775918162039805,-0.49333338766226414,1.0001669544968197,0.8215868094891188,-1.0001721778166803,,-967.073639466532
M15,14,1.0,D1,80,long,1.0,6373,663.9299058756418,-1.6524333716797774,0.7700726531995286,0.7997971456917912,0.21449866624823474,-0.00022225890975589228,-0.8234185825940792,1.000584536725738,0.6219098362478117,-1.000589465905897,,-762.8621152415177
M15,14,1.0,D1,80,short,0.0,6990,721.8256997455471,-2.182838096862249,0.8054049547619961,0.7600827705686038,0.2380543633762518,-0.00022973266425876487,-0.9988138406899711,1.00012643948675,0.629291505071163,-0.9999999353232956,-0.8190333967063631,-83.52040215102696
M15,14,1.0,D1,80,short,1.0,6252,554.2580097087379,-1.7993558260338351,0.7711427234265187,0.7766397144120092,0.23944337811900193,-0.00022638467304345885,-0.7305590848902394,1.0000319144940184,0.8033353906330101,-1.0000326129133383,,-76.16804935113994
M15,14,1.0,D1,120,both,0.0,9399,1562.5784023668639,-2.05083624046647,0.8365144774348505,0.8308414605404759,0.22417278433875945,-0.00018145573204760967,-0.5827759037285428,1.0001799210082487,0.656668229747167,-0.9999999998723925,-0.97734794824093,-676.3328238708789
M15,14,1.0,D1,120,both,1.0,6304,1080.4955419990615,-2.048436619091305,0.78927800916566,0.8080348539690383,0.2296954314720812,-0.00023735795129454474,-0.43046269141397897,1.0002734838865306,0.2447284796897334,-0.9999999270469058,-0.9401950571020063,-513.8704383566126
M15,14,1.0,D1,120,long,0.0,8934,858.4960536700868,-1.1782201076805148,0.7652405685122003,0.8621845724572054,0.21188717259905976,-0.00013831125356524303,-0.057699719962686656,1.0027447303666612,0.9674646767092986,-0.999944613350818,-0.6100845376955085,-1168.9412186268823
M15,14,1.0,D1,120,long,1.0,6594,637.3269383434771,-1.4305932680611406,0.7526116051516991,0.8160483921199352,0.213527449196239,-0.00020310759551063156,-0.8946036757052737,1.000261062982605,0.3673147139664079,-1.0000072442708294,,-914.2236386329556
M15,14,1.0,D1,120,short,0.0,5743,706.987108190091,-2.3962526190009092,0.7892033932505903,0.734914382762018,0.2300191537523942,-0.0002666721195602006,-0.1504725740259959,1.00013043801295,0.9282954348817646,-1.0000001937819019,,-75.58823752211589
M15,14,1.0,D1,120,short,1.0,5521,604.298846269104,-1.924659268506744,0.7569707563630885,0.7676861919164449,0.23600796957072995,-0.00024112262983813293,-0.7087591230133329,1.0001250448196928,0.704969825393545,-1.0001293636918815,,-71.11947167175796
M15,14,3.0,none,0,both,0.0,9543,442.8946315120711,-0.49079266917314823,0.8229440527499308,0.9288106737725139,0.31918683852038143,-0.00014451328927234572,-0.26507201373592304,1.0042118522949735,0.7485096764090796,-0.9999999999999947,-0.7824347252314702,-641.5181501114062
M15,14,3.0,none,0,both,1.0,7754,360.50770112016295,-0.5408029587683901,0.8595457551233165,0.9140588103795448,0.32499355171524374,-0.00018610806758499623,-0.47088405754162366,1.0004738532299822,0.6485765662025441,-1.000000002434419,,-562.382153892989
M15,14,3.0,none,0,long,0.0,8255,383.1180114358323,-0.19335856736049548,0.7519540118256868,0.9695101194041182,0.3273167777104785,-5.9654229866888905e-05,-0.2143339924444113,1.0026505850051632,0.7423650809299307,-1.0000000000000762,,1568.0116548104754
M15,14,3.0,none,0,long,1.0,6405,297.9022348147205,-0.2740555264358045,0.7495572242137969,0.9516929640234881,0.3334894613583138,-0.00010163708935368216,0.29857093252403866,1.0006831410787467,3.599204662261711,-1.0000000000003972,,997.8106389363186
M15,14,3.0,none,0,short,0.0,7355,385.70190236898776,-1.014050597559565,0.912072879440403,0.8488249757597309,0.295581237253569,-0.0003104228222034304,-0.27311534087909906,1.0002213196543093,0.2979434964615148,-1.000012079837299,,-308.33333243267634
M15,14,3.0,none,0,short,1.0,5532,288.24008559201144,-0.8876061605727007,0.8882960451241748,0.8484418104727439,0.30007230657989875,-0.00033811013090994757,-0.27616794986775517,1.0000643460857888,0.8494396463652779,-0.9999975544944746,-0.48995230228582176,-238.15846498442863
M15,14,3.0,H4,20,both,0.0,6643,308.6966603053435,-0.2969805481496828,0.646337594178457,0.9472577734676114,0.31612223393045313,-0.00010661134103608609,-0.0052351088779561865,0.9788562687736516,0.998468332887365,-0.9301995635817225,-0.11636134597654912,698.004364182813
M15,14,3.0,H4,20,both,1.0,5197,241.7170826435757,-0.3400199866986337,0.6348341831490403,0.9327447550815519,0.32249374639214934,-0.00014668100907553878,-0.15826407769232134,0.9455579579431342,0.9612528087706836,-0.8987802804948056,-0.10105318447841172,1012.1971950519559
M15,14,3.0,H4,20,long,0.0,3878,180.39219307182884,-0.0682524822783067,0.4675540080117734,0.9838961695187106,0.3223310985043837,-3.190726558891398e-05,0.11467024736213317,0.687064269831583,1.0340364927247387,0.12230617470705285,0.005381802756638354,11223.061747070575
M15,14,3.0,H4,20,long,1.0,2969,138.21402625541677,-0.06805612819791647,0.42352641256182477,0.9817818316837975,0.33176153587066354,-3.898494692102081e-05,0.124386809782058,0.6008954730945599,1.0392503331448102,0.18388978397792255,0.00788925320230982,11838.897839779154
M15,14,3.0,H4,20,short,0.0,3435,159.6226145038168,-0.3610129799713354,0.5366011712872603,0.9120603802605524,0.3077147016011645,-0.0001795817551535024,-0.5460519884881455,0.8228266351978961,0.8721744796166591,-0.7981299718582604,-0.07166000787509696,2018.7002814173857
M15,14,3.0,H4,20,short,1.0,2677,126.05056722959908,-0.3765131969647101,0.5374594890452755,0.8986690641719748,0.31378408666417634,-0.0002223062946552843,-0.5809469861484701,0.820744893698938,0.8545478035363244,-0.7967003259662727,-0.072267916052008,2032.9967403372693
M15,14,3.0,H4,32,both,0.0,6981,324.5685145112016,-0.36659302994422943,0.7315372301881848,0.9384358968663635,0.31428162154419137,-0.00012412510972503957,-0.2759549287807644,1.0005024381920609,0.6878466487725476,-1.0000000000021048,,279.28662207759277
M15,14,3.0,H4,32,both,1.0,5407,251.4523491214668,-0.4712197580230444,0.7521195146164492,0.9121271214242694,0.3166265951544294,-0.00019170385963244825,-0.11859875483542187,1.0002311925221434,0.6033787605845673,-0.9999999957218241,-0.5918573585280122,204.3747914203669
M15,14,3.0,H4,32,long,0.0,3885,180.80991972477065,-0.14113460894491725,0.5307277255619051,0.9688851768039024,0.3250965250965251,-6.119470968480795e-05,0.03698860920332716,0.7442100606447586,1.009021547082585,-0.14034325928749536,-0.00701324711934137,8596.567407125167
M15,14,3.0,H4,32,long,1.0,2944,137.08516063233043,-0.2500635573584648,0.553091732726515,0.9384271752695604,0.328804347826087,-0.0001319418629908198,-0.008422376558953545,0.7548432428099149,0.9977917841646525,-0.26063020190320507,-0.013962019987783458,7393.697980967997
M15,14,3.0,H4,32,short,0.0,3566,165.81559516231698,-0.30387087610262903,0.5721825940302219,0.9267351453894073,0.306225462703309,-0.0001492603251322479,-0.44053323194463206,0.8101588012820726,0.8947674510667983,-0.7498245832473601,-0.062397082733615994,2501.754167526412
M15,14,3.0,H4,32,short,1.0,2780,129.28380443086326,-0.2631908502699559,0.576569335385166,0.9287130228365967,0.30863309352517987,-0.0001559750887998326,-0.46287503044962175,0.8110089322876157,0.8809266933816364,-0.7430158533503262,-0.061233216982539584,2569.84146649675
M15,14,3.0,H4,50,both,0.0,7249,337.4582271221004,-0.4080524372732464,0.7401628517753148,0.9337242023269037,0.31287074079183336,-0.00013401777709810342,-0.3373182265131512,1.0000938234253638,0.6296087500540029,-0.9999656018720511,-0.38025210954320354,-237.0904378733024
M15,14,3.0,H4,50,both,1.0,5604,261.5796805111821,-0.4578735841478491,0.7611258216698475,0.9171642249775391,0.3169164882226981,-0.00018117617409283852,-0.07884197590943372,1.0002245819346947,0.8835168764341937,-1.0000000000141036,,42.190690726217774
M15,14,3.0,H4,50,long,0.0,3995,186.09536411172044,-0.041252951672978586,0.4199631783138934,0.9907970018324672,0.3281602002503129,-1.791676602055151e-05,0.08158033416455078,0.6086592216487883,1.0197463890159952,0.03946288517032359,0.0018045443554997043,10394.628851703204
M15,14,3.0,H4,50,long,1.0,3021,141.10233375959078,-0.07454991383000178,0.4159128604377309,0.9811744099369895,0.33531943065210196,-3.973241288390665e-05,0.05614319772256392,0.627409866915249,1.0146889169349134,-0.0388431483483227,-0.0018487177314193692,9611.568516516723
M15,14,3.0,H4,50,short,0.0,3637,169.41898354801683,-0.44490205150827306,0.6140563402290061,0.8972256006561754,0.29639813032719275,-0.0002145874926691122,-0.669459184808034,0.8851357539185513,0.8513383253045143,-0.8677414323794651,-0.08993145520689971,1322.5856762053531
M15,14,3.0,H4,50,short,1.0,2848,133.79189710610933,-0.47644525316355535,0.6267641068490352,0.8788044738231927,0.2988061797752809,-0.0002732886150901566,-0.7785151138920459,0.9055266465419051,0.8189360982756076,-0.8913611199196564,-0.09902444863337201,1086.388800803436
M15,14,3.0,H4,80,both,0.0,7450,347.4352017364658,-0.3090190301526327,0.795857835880722,0.9496369863730286,0.31718120805369127,-0.0001013084681647009,-0.44102752967244163,1.00084421874858,0.4886337228850489,-1.0000052448506473,,-148.15774832926306
M15,14,3.0,H4,80,both,1.0,5719,266.94757188498403,-0.49856999384453,0.8142857852275898,0.9101734058808216,0.3164888966602553,-0.00019715515230661975,0.06279499639916117,1.0005444512483412,1.077326335200104,-0.9999988808256205,-0.47250479228871367,14.754893800457044
M15,14,3.0,H4,80,long,0.0,4131,192.94728260869564,-0.2700076182605751,0.5920419399081234,0.9431613081339809,0.3171145001210361,-0.00011313788504338932,-0.0698520497734558,0.9126066436893566,0.9820940042803387,-0.5582332763185947,-0.03743964092396457,4417.667236814142
M15,14,3.0,H4,80,long,1.0,3120,145.72634271099744,-0.4012667244124854,0.6347578526692894,0.9056208204459228,0.3173076923076923,-0.0002047631628516058,-0.18561791804441224,0.9236747047868183,0.9509374849685015,-0.7099030011422492,-0.056163169718307704,2900.9699885775212
M15,14,3.0,H4,80,short,0.0,3566,166.30254085801838,-0.13816678488445794,0.5877050224062739,0.9656781722142038,0.31632080762759396,-7.007312514858827e-05,-0.4155718076498872,0.7723107712349627,0.9009557900954038,-0.673354705788545,-0.0508416715646155,3266.452942114548
M15,14,3.0,H4,80,short,1.0,2794,135.13089247881356,-0.25853703474843986,0.6010110369254897,0.9308300755798048,0.31460272011453116,-0.0001539363141195317,-0.5060028270109096,0.8077501659647522,0.874701966576547,-0.7458691690352586,-0.06410787182943534,2541.308309647408
M15,14,3.0,H4,120,both,0.0,7567,353.7497440163829,-0.23048060303533036,0.7541621576736719,0.9613715235753593,0.31637372802960223,-7.817755947044329e-05,-0.1206090020601435,1.0007056184150736,0.9322102907466902,-1.0000001944218573,,906.5690948705695
M15,14,3.0,H4,120,both,1.0,5827,276.22475665152496,-0.39588851631622574,0.7731091316744113,0.92673232920362,0.3174875579200275,-0.00016124767083527215,-0.3086279095583875,1.0002593610450206,0.8299299239890939,-1.0000001514067398,,860.1344517920227
M15,14,3.0,H4,120,long,0.0,4165,194.83430455942624,-0.055069642688118675,0.5047416437002763,0.9873114439158259,0.3236494597839136,-2.495932894106577e-05,0.11740000983068064,0.7806240517991353,1.0330829222665132,0.09612360641741646,0.004302599468511525,10961.236064174467
M15,14,3.0,H4,120,long,1.0,3163,150.0371103896104,-0.25474410577534495,0.5930456901958804,0.9349866612799739,0.32532405943724313,-0.00013933028437057823,-0.00658920980131668,0.872973650867759,0.9980956301490925,-0.3900354774076422,-0.023176928517838813,6099.645225923591
M15,14,3.0,H4,120,short,0.0,3614,169.29761446710273,-0.3354104805675051,0.5720341853503403,0.9212398869595289,0.30658550083010516,-0.00016374868748646402,-0.43990233147236224,0.7761739358846125,0.8975910451129212,-0.7299602786012038,-0.05948600516193603,2700.397213987945
M15,14,3.0,H4,120,short,1.0,2822,136.4851032838983,-0.3415779912075276,0.5737495997066593,0.9120940207469322,0.3086463501063076,-0.00019782380075748196,-0.4647909587883515,0.7781770029548798,0.8849866318799384,-0.7291561455324199,-0.061220407839912006,2708.4385446757838
M15,14,3.0,D1,20,both,0.0,7745,362.07106745168306,-0.36366294883757294,0.8049066126986059,0.9409894226643333,0.31633311814073595,-0.00011889585176335533,-0.29003662443382744,1.000396041757626,0.7912712734497264,-1.0002394576442364,,165.06225244518436
M15,14,3.0,D1,20,both,1.0,6002,284.520506164828,-0.5426548857240009,0.8398041732476468,0.9032881830381962,0.317727424191936,-0.0002110814354691481,-0.33955984433208924,1.0004229052545683,0.3046499571777144,-0.9999999984381815,-0.6175801988858588,431.2917657516521
M15,14,3.0,D1,20,long,0.0,4436,207.40514592933945,-0.08012388593496644,0.5551756948284305,0.9825553428267257,0.32506762849413884,-3.384549030652687e-05,0.08309876266010574,0.8774123225036299,1.0240158754453539,-0.12143533623663161,-0.0060348874144443565,8785.64663763383
M15,14,3.0,D1,20,long,1.0,3393,160.8636098130841,-0.3160145873021555,0.6389806333439106,0.9242997716015883,0.3271441202475685,-0.0001585751318467081,-0.0629715594034191,0.9390416140492974,0.9819151605148285,-0.6036378428803693,-0.04292631549785475,3963.6215711963137
M15,14,3.0,D1,20,short,0.0,3797,177.8702385532897,-0.5494500133821989,0.6674227610805575,0.8768963900730744,0.3010271266789571,-0.0002546338987681581,-0.6232574573905288,0.8793042474807643,0.8615083302919934,-0.8718282284669059,-0.09175171270151794,1281.71771533094
M15,14,3.0,D1,20,short,1.0,2943,146.82840458953694,-0.5479103660826965,0.6677350068997503,0.8672713468028277,0.3041114509004417,-0.00029809352741887976,-0.7305777286296733,0.8942958853959856,0.8327916341100405,-0.8827548790830166,-0.10142058927295627,1172.451209169825
M15,14,3.0,D1,32,both,0.0,7837,368.0206029827719,-0.395423958077154,0.822625183744407,0.9352531404346849,0.31364042363149164,-0.00013093163265383523,-0.42863062826928944,1.001713020028177,0.7397468691154455,-0.999841289408482,-0.3368941835918471,-614.9898910915472
M15,14,3.0,D1,32,both,1.0,6093,286.2338585209003,-0.5818867518792309,0.8499220334548105,0.8947559490024266,0.31347447891022484,-0.00023107502733781763,-0.046813430147165484,1.0001235349903381,0.9590795696839255,-0.999999131109061,-0.48087996597690186,-267.84753798800057
M15,14,3.0,D1,32,long,0.0,4562,214.53205870992662,-0.2006861373779196,0.6138739980527933,0.956544874271441,0.3169662428759316,-8.67653922274869e-05,-0.03153681386508174,0.9152666713617339,0.9909782234839646,-0.619539302047755,-0.044427375285688075,3804.6069795226076
M15,14,3.0,D1,32,long,1.0,3553,168.44927959501555,-0.374085694084177,0.6434068406835399,0.910734510119261,0.3171967351533915,-0.00019265260204247612,-0.10066454608137361,0.9122098704485472,0.9709159856196644,-0.7113924731253528,-0.05721437845602306,2886.0752687465065
M15,14,3.0,D1,32,short,0.0,3626,170.27468500899974,-0.48506647207024073,0.6846004419259204,0.8862503373367413,0.30446773303916164,-0.00023148849901527413,-0.6503360317240869,0.8728881997316329,0.85101842079573,-0.8519064102844803,-0.08578382012915697,1480.935897155202
M15,14,3.0,D1,32,short,1.0,2791,131.11418006430867,-0.5809448084139087,0.7114874194074149,0.8495289672860198,0.3027588677893228,-0.00033580325069170245,-0.7932916585104164,0.9084725319063064,0.8104413703234403,-0.8933559161324084,-0.09980850104259231,1066.4408386759053
M15,14,3.0,D1,50,both,0.0,7840,370.54347826086956,-0.517632217938188,0.8377206742669818,0.9175459692018764,0.31058673469387754,-0.00016670784473065426,0.07654781921227753,1.0236137455529213,1.1002383678116845,-0.9982204592650628,-0.2586201854936411,-701.564346905088
M15,14,3.0,D1,50,both,1.0,6134,290.77787151200516,-0.6297987277028992,0.8496486147166661,0.8891067102241439,0.31235735246168894,-0.00024244003135284986,-0.33129262757909633,1.0008958126449359,0.6072658792208505,-1.0000000000026845,,-257.15274300461584
M15,14,3.0,D1,50,long,0.0,4552,215.14208074534162,-0.17226492890275732,0.5922519130919315,0.9628381280065259,0.31832161687170474,-7.348727226028342e-05,0.04075449982693722,0.8900915757823782,1.0113017978754222,-0.3951408306715676,-0.02348193406188015,6048.59169328462
M15,14,3.0,D1,50,long,1.0,3530,167.3371187540558,-0.30855172518378243,0.616624111008777,0.9259325254179378,0.31954674220963175,-0.0001579707797402535,-0.004356358762002612,0.8578293631366324,0.9987685135352283,-0.4516557140528773,-0.028081139544636757,5483.442859471319
M15,14,3.0,D1,50,short,0.0,3572,169.9899674267101,-0.6903616057004974,0.7219514834260923,0.8461445098324762,0.2981522956326988,-0.0003166336880792203,-0.8080740036199274,0.9199727106276143,0.8218867134247223,-0.9142878875166686,-0.11034027581107964,857.1211248333161
M15,14,3.0,D1,50,short,1.0,2813,141.36602228948817,-0.7093939560108916,0.7239430148909242,0.830627958250464,0.30039104159260577,-0.0003789326764701874,-0.9573152544119712,0.9350765097087315,0.7842389572251116,-0.9280455443368716,-0.12388329821472543,719.5445566312792
M15,14,3.0,D1,80,both,0.0,7822,374.04890023566384,-0.5497181924212979,0.8353983160044627,0.9129955714293652,0.31577601636410124,-0.00017434464572742704,0.011196325999791036,1.0017734762141455,1.016836308663808,-0.9999999201093629,-0.5422834955248785,-110.21569518464989
M15,14,3.0,D1,80,both,1.0,6184,305.2305405405405,-0.6746673264483839,0.8559866802935576,0.884362191976403,0.3163001293661061,-0.0002504526325762779,-0.3751108438167089,1.0001185493831268,0.6736671185519066,-1.000000197019065,,-91.70106087253876
M15,14,3.0,D1,80,long,0.0,4480,214.71198005511087,-0.15410922167909533,0.5389507617270968,0.9670782417444814,0.3234375,-6.518837201027806e-05,0.07583152810188214,0.7813126328855221,1.019876314255034,-0.15356737856812386,-0.007958737337778632,8464.326214319126
M15,14,3.0,D1,80,long,1.0,3532,174.37996755879968,-0.27040008963716544,0.566971608140349,0.9372719339102098,0.32559456398640996,-0.00013391567504219634,0.027014349816426426,0.8169517017132955,1.0075453373046979,-0.3245160315028124,-0.019183309781415248,6754.839684971964
M15,14,3.0,D1,80,short,0.0,3558,170.14395129615085,-0.6837612486278734,0.7019164852659765,0.8444301025833604,0.30382237211916807,-0.0003133462352157406,-0.7959541046739733,0.922087556096458,0.8259889093401652,-0.919823324819235,-0.11367814792820474,801.7667518076521
M15,14,3.0,D1,80,short,1.0,2790,140.2873761013216,-0.7202627705690886,0.7193357991675724,0.823239019296191,0.3032258064516129,-0.00038730429621603433,-0.950239915946789,0.9405537755432705,0.7838875504732662,-0.9343430225717146,-0.127972331591934,656.5697742828437
M15,14,3.0,D1,120,both,0.0,7776,377.53343081217594,-0.4470927853404505,0.8363268002452129,0.928852316798012,0.31584362139917693,-0.00014212125403657478,-0.34451988762643143,1.0007659291795126,0.7387604568664147,-0.999999996959343,-0.6140877052813947,269.7656139526311
M15,14,3.0,D1,120,both,1.0,6242,308.0933108108108,-0.5791105335740023,0.8440710994245767,0.8999808446704887,0.31896827939762895,-0.00021425678602799252,-0.13026541278947934,1.0008873742485345,0.8376867553944977,-1.000000000122001,,498.4844473235891
M15,14,3.0,D1,120,long,0.0,4374,212.36255483184897,0.0044121650118366645,0.5343642299895999,1.0009649785076158,0.33219021490626427,1.9138539452336313e-06,0.17449081542110292,0.7319858471162307,1.0470546428078429,0.4045931011892625,0.016631921360514168,14045.931011893066
M15,14,3.0,D1,120,long,1.0,3527,174.08604729729728,-0.19272087761131376,0.5705977333161505,0.9545432307336184,0.3328607882052736,-9.629616766777643e-05,0.09858685206835462,0.8070719465436267,1.0273449670637376,-0.03518985815319653,-0.001766639614504184,9648.101418468157
M15,14,3.0,D1,120,short,0.0,3573,176.57126911108105,-0.6880025826153404,0.7146732035463854,0.8460251195266667,0.29499020431010353,-0.0003085939760573588,-0.7105300181959286,0.9103962812825197,0.8462924192181085,-0.9004495030419183,-0.10775299550749151,995.5049695808333
M15,14,3.0,D1,120,short,1.0,2836,145.19890664423886,-0.6524352511233437,0.6836772983462467,0.8407680453827517,0.30148095909732014,-0.0003440453794937061,-0.8058212321364392,0.9064270123261315,0.817365580333058,-0.8955602144969059,-0.10922622413086513,1044.3978550309364
M15,14,1.5,none,0,both,0.0,8651,1373.8164130434782,-2.3605350920843136,0.9017312136863753,0.8076862908020077,0.2558085770431164,-0.0002575498564993411,-0.6515618203567525,1.0002634153994094,0.1935470893234255,-0.9999961739342049,-0.8620513250447955,-711.7345066564982
M15,14,1.5,none,0,both,1.0,5521,808.882972322503,-2.035621475701635,0.8604589538016925,0.7922925009478365,0.2544828835355914,-0.0003345219259558525,-0.648713044859725,1.000235588397813,0.7145289919975684,-1.0002486616527362,,-503.3552067253816
M15,14,1.5,none,0,long,0.0,9896,1142.7486563389189,-1.3875837757309657,0.838367372178235,0.8679553283672727,0.2514147130153597,-0.00016667404320610296,-0.35243765991659026,1.0008138799529063,0.7282504256879266,-1.0007700505048853,,-1477.6045762728056
M15,14,1.5,none,0,long,1.0,6560,760.4062202475404,-1.5284453566661023,0.8222263448686079,0.8288318267232211,0.24527439024390243,-0.0002476684047880889,-0.6022183606140787,1.0002402330282745,0.7213066918949836,-1.000246653196754,,-982.4401425045478
M15,14,1.5,none,0,short,0.0,6971,1152.1075791855203,-2.7798836189952634,0.8892146124973754,0.7650315180237494,0.2613685267536939,-0.00030749661739474366,-1.1228928985053497,1.0002613642464884,0.4626659466946783,-1.0000047472413855,,-170.2194910045542
M15,14,1.5,none,0,short,1.0,4535,660.9771548284118,-2.3769780483626297,0.847637847524638,0.746465177881536,0.25689084895259096,-0.00039322861706775206,-0.36109693647637936,1.0002798251889609,0.7395701825867409,-0.9999896802263105,-0.812396285560178,-118.01807865795726
M15,14,1.5,H4,20,both,0.0,10564,1057.703125,-1.3406349365651629,0.8429694588012968,0.8696350657975811,0.2532184778492995,-0.00016189412994799788,-0.2857642890408385,1.000467727288822,0.6907723361855059,-1.000002133573958,,-802.6730004152273
M15,14,1.5,H4,20,both,1.0,7327,736.4300357732527,-1.398592956909164,0.8178474807898239,0.8425794269241422,0.24798689777535143,-0.000220058028961312,-0.48627642308400904,1.0039532881993702,0.7704154108757093,-1.0000776378286902,,-539.8668071746864
M15,14,1.5,H4,20,long,0.0,8333,578.4166191562143,-1.1632298907182697,0.7925370373436631,0.8481779512948033,0.24264970598823954,-0.0001722656755722373,-0.3618728656568606,1.0001430104563633,0.5913365007338127,-0.999999997981318,-0.7508501264849866,-990.5203291321301
M15,14,1.5,H4,20,long,1.0,5380,410.4961353666179,-1.3590052346658026,0.7724010165583203,0.7996972383351181,0.23494423791821561,-0.0002617394519712054,-0.35724629809783237,1.0029726318889705,0.3082231747194293,-1.0000000868465335,,-705.8018322622938
M15,14,1.5,H4,20,short,0.0,9382,529.6407264296755,-1.0221550984712606,0.7825801344783291,0.8604242117141856,0.2654018332978043,-0.00015612585362763027,-0.12477908278617938,1.0000038592097749,0.9072477658712265,-0.9999998182673934,-0.5836335658972411,-177.56456972399928
M15,14,1.5,H4,20,short,1.0,7091,392.18469866747427,-1.0194065723539587,0.76895435619481,0.8429077904148502,0.26441968692709067,-0.00019388756401903396,-0.07461140356529897,1.00010297773234,0.886089946011074,-0.9999999999998244,-0.8029712112202685,-144.04420817018212
M15,14,1.5,H4,32,both,0.0,7685,1085.439385150812,-2.1308477014277534,0.866129026508492,0.8054065040295034,0.2510084580351334,-0.00025220967288305904,-0.7504102053878728,1.0000054084421535,0.4610263356658976,-0.9999992554180912,-0.8637109524767481,-693.9107678615219
M15,14,1.5,H4,32,both,1.0,5683,701.729462474645,-1.7488823460096872,0.8287889275642346,0.8048897469986015,0.24511701566074257,-0.0002962061659450248,-0.8250053102069634,1.0003512044141218,0.5437198782250203,-1.0003555250939604,,-470.39205680632085
M15,14,1.5,H4,32,long,0.0,6263,600.5672748752954,-1.678646965883368,0.8131972132416077,0.7919600026939105,0.23774548938208526,-0.00025565731806533656,-1.0532126748912758,1.0003639044807755,0.6339584021576982,-1.000368731705112,,-774.1442787836837
M15,14,1.5,H4,32,long,1.0,4290,411.5898345153664,-1.7810178587359684,0.795770690892561,0.7451589522136516,0.22843822843822845,-0.0003527282257344117,0.17925096448531794,1.0003132861488122,1.3575785382358914,-1.000014586499924,,-535.2242629150346
M15,14,1.5,H4,32,short,0.0,8953,531.3752437439065,-1.1366761124436926,0.8011659308833413,0.8474858072163739,0.2619233776387803,-0.0001735560220573861,-0.3085719446615763,1.002305846149149,0.3026625702225317,-0.9997521523014595,-0.38907351190723827,-175.47400139306134
M15,14,1.5,H4,32,short,1.0,7087,395.0742902930403,-0.9794221313133951,0.7797518429571265,0.8488080834246845,0.26273458445040215,-0.00018723165334538026,-0.4345133030225402,1.0011154626834,0.6271040742627692,-0.9999999999999798,-0.8275794154979608,-168.27907555989898
M15,14,1.5,H4,50,both,0.0,9582,1097.4680150517402,-1.631794643151124,0.8595721245954254,0.8450963573807772,0.25088707994155707,-0.000195466291720462,0.07804907438475049,1.0000333922693685,1.0603252895990556,-0.9999582923522149,-0.6849610076977217,-787.2394512302689
M15,14,1.5,H4,50,both,1.0,7104,755.161816065192,-1.4117106191931494,0.8260494125086475,0.8417231265589846,0.24634009009009009,-0.00022799800114055906,-0.8200618475063256,1.0000477991198016,0.6403799531067156,-1.0000000000518885,,-571.6656114910661
M15,14,1.5,H4,50,long,0.0,7321,590.2859271523179,-1.268345854857794,0.7961383225465727,0.8341134147869339,0.23890178937303647,-0.00019720210543228972,-0.6018746884640634,1.000121472223715,0.48292973956275687,-0.9999354376500531,-0.5406304111934926,-976.7412525491359
M15,14,1.5,H4,50,long,1.0,5103,427.59136269786643,-1.3859144868821822,0.7642314222750517,0.7944666162325763,0.23123652753282384,-0.0002734992575460935,-0.3251959903653026,1.0004182973756144,0.6769222253383929,-0.9999924891234884,-0.6279313499227215,-726.4906596141443
M15,14,1.5,H4,50,short,0.0,8637,530.284795763994,-1.119712821615247,0.7875768689990016,0.8492717346999068,0.26015977770059046,-0.00017267497399777213,-0.38249160945800187,1.0006191516618455,0.4388393146611833,-0.9999999871022623,-0.6721990571255054,-165.89561744535777
M15,14,1.5,H4,50,short,1.0,7292,400.0304896365275,-0.9471835417528254,0.7765541630680748,0.854829765632892,0.26618211738891934,-0.00017908856582173212,-0.3069377521391548,1.000169308310532,0.641879169317387,-0.9999999999999998,-0.8613153903496695,-159.4822700033898
M15,14,1.5,H4,80,both,0.0,9123,1110.7252500000002,-1.4438515992393668,0.8507590512091383,0.8617893881551734,0.2516715992546312,-0.00017803448446961274,-0.7167649452642879,1.0004834126142634,0.665651270240998,-1.0000000122625186,,-831.1154137521653
M15,14,1.5,H4,80,both,1.0,5937,724.7624498663102,-1.6174948021733881,0.8400781892331046,0.8171309799736733,0.24456796361798888,-0.0002741538047104348,0.13510901721945506,1.0000565903133034,1.4319753884346877,-0.9999999860853328,-0.8901221270731486,-517.984254884335
M15,14,1.5,H4,80,long,0.0,9002,589.6665172166428,-1.1452469788990185,0.8038482499182136,0.8482035604481083,0.24205732059542323,-0.00016880283954321293,-1.0776017275016478,1.0001406978006613,0.6024857293429581,-1.0001466674592203,,-1030.9412353317305
M15,14,1.5,H4,80,long,1.0,5564,415.0839460784314,-1.3880954968876664,0.7874163778142028,0.7911868797075493,0.23184759166067578,-0.0002698907866638009,-0.8090870144802691,1.0003907941311063,0.4988361543809454,-1.0003917617339366,,-663.9647633241657
M15,14,1.5,H4,80,short,0.0,8306,523.9665803108808,-1.0146018397117869,0.7874839854580848,0.8602448559660849,0.26161810739224656,-0.00016003572425898194,-0.36421770214794735,1.0000885417060696,0.38758703274019124,-1.0000007439198224,,-158.62221822278454
M15,14,1.5,H4,80,short,1.0,6052,376.4463555858311,-1.0578663131953243,0.7833939303460935,0.8336048414434134,0.2559484467944481,-0.0002156931728061266,0.18611355357719694,1.0077172383796196,1.9552236172256658,-0.9989162547593003,-0.346016765940083,-131.093887212674
M15,14,1.5,H4,120,both,0.0,8501,1123.7749728555918,-1.6999320529489412,0.8649805184931568,0.8394515007819604,0.2512645571109281,-0.00021151127359977383,-0.1732339816395013,1.000362164142829,0.7421577172956743,-0.9997923140225417,-0.6740237052076414,-808.7933300909813
M15,14,1.5,H4,120,both,1.0,5383,712.8864213197969,-1.8351904894321307,0.8346549687512388,0.7933115693691051,0.24280141185212706,-0.0003223932169607402,-0.7400176492096043,1.0005010642797187,0.4948642524591112,-1.0000155104555526,,-524.4117299366194
M15,14,1.5,H4,120,long,0.0,8778,587.7478460128323,-1.1915789978222102,0.8213110491409936,0.8411734951201836,0.24105718842560947,-0.00017727426574784828,-0.8388301352085754,1.0002945924385416,0.58023706890112,-1.0003115848758481,,-969.7859611389644
M15,14,1.5,H4,120,long,1.0,5577,411.0997477295661,-1.4357329806093286,0.8011633218972731,0.7832394447790112,0.23076923076923078,-0.0002811537323466462,-1.1561475985222138,1.0002663630234079,0.5513584913515616,-1.0002670458868468,,-644.4889059845804
M15,14,1.5,H4,120,short,0.0,8491,523.5208896016205,-1.2054384295840463,0.8219898666837399,0.8353427536046694,0.2588623248145095,-0.00019039783276200605,-0.3053909703561437,1.0035404393969252,0.7441995104912096,-1.0002675103382213,,-161.02594954881923
M15,14,1.5,H4,120,short,1.0,6140,386.5945526633339,-1.1567073558224272,0.7991658746701792,0.8203617477131129,0.25358306188925084,-0.00023367080093504244,0.04904195924331154,1.000154227877104,1.0791398347704044,-1.0000150418731606,,-114.90799502467303
M15,14,1.5,D1,20,both,0.0,8227,1134.7854040785498,-1.818197402052917,0.8559368850844863,0.8343583394783493,0.2545277744013614,-0.00021757324436744835,0.18578516640028672,1.0001492467967867,1.3453149303403957,-0.999877768211869,-0.7114051838960456,-828.481475017358
M15,14,1.5,D1,20,both,1.0,5437,721.6076489825581,-1.9463524383826523,0.8379725470546082,0.790528786886604,0.2508736435534302,-0.000321901207479686,-0.7553108839546254,1.0002298953296092,0.33765979373237265,-1.0000000005779464,,-507.1272181148871
M15,14,1.5,D1,20,long,0.0,9286,597.1323063380281,-1.049586024492683,0.8048711365138528,0.863785114474106,0.24822313159595089,-0.00014934545051346204,-0.05417488025139384,1.0003769832063523,0.9159155368370303,-1.000420666445472,,-1124.7382930732763
M15,14,1.5,D1,20,long,1.0,5296,429.9542120471216,-1.5207728906131464,0.7835613182364339,0.7852279808508127,0.2388595166163142,-0.00028098212566217857,-0.6534601373622299,1.0001379511327102,0.6866425600757413,-1.000138304792102,,-718.2868615168234
M15,14,1.5,D1,20,short,0.0,8171,520.4844349494244,-1.3910391391995145,0.8313432893977366,0.8133221127365303,0.2637376086158365,-0.00021182806153581272,-0.5500805024065537,1.0000565553439245,0.7318741107714632,-0.9999974773366802,-0.5600492124027059,-143.56205553812907
M15,14,1.5,D1,20,short,1.0,5869,376.8065125681139,-1.2246094316765783,0.7822378083709406,0.8098067451560861,0.26188447776452545,-0.0002430717414118032,0.20277914414083165,1.0004827547202297,1.8329370822453062,-1.0001013446848532,,-119.38107443502774
M15,14,1.5,D1,32,both,0.0,8598,1135.7755877034358,-1.6327664856001223,0.869408200165281,0.8472330754809589,0.25366364270760644,-0.00019931209537568878,-1.090686588520015,1.000032239677884,0.6215326735592526,-0.9999878599189393,-0.7757991639960131,-810.1669584235984
M15,14,1.5,D1,32,both,1.0,4795,698.0365683539259,-2.0156885418103707,0.8441889608660783,0.7768291474510252,0.24775808133472368,-0.00034370830979401745,-0.840970066829489,1.000059717553919,0.4252206301669154,-1.0000662645187082,,-532.2285697697638
M15,14,1.5,D1,32,long,0.0,9498,614.3340711882415,-1.002439583858096,0.8079935237052422,0.867863635907871,0.2466835123183828,-0.00014666419090544506,0.22025385572349448,1.0002133443709622,3.4098523074813603,-0.9999741838799932,-0.4950603780542131,-1076.0411261357615
M15,14,1.5,D1,32,long,1.0,6071,441.28014925373134,-1.2806557577900912,0.7847105200498938,0.8106292955610338,0.23735793114808104,-0.0002410980633391229,-0.5956483102133708,1.0005716605922996,0.4254528107397214,-0.9997187343048548,-0.4480515890731599,-751.1700646630223
M15,14,1.5,D1,32,short,0.0,8106,503.95174468085105,-1.301162937493798,0.8241510383415229,0.821432871620229,0.26585245497162596,-0.00020064593985436006,-0.8673285959349258,1.0000447759274367,0.8075325884209259,-1.0000477542091248,,-159.00376093259612
M15,14,1.5,D1,32,short,1.0,5691,356.17507710760793,-1.226833901875856,0.8010982888694289,0.8041454892308364,0.2625197680548234,-0.0002495188358577946,-0.4379788643251975,1.0000302495711841,0.8057050186223773,-1.0000332476275162,,-115.67792215148907
M15,14,1.5,D1,50,both,0.0,7492,1143.046365914787,-1.931267926964554,0.8544363988335476,0.822684523742279,0.2518686599038975,-0.0002324631456433049,-0.2434477915933332,1.0000542236640535,0.8497749891124987,-1.0000000715111281,,-799.5629412352009
M15,14,1.5,D1,50,both,1.0,4726,715.3632407791131,-2.0820152923295865,0.8371324033557612,0.7716550547432236,0.2467202708421498,-0.0003537712541676078,-1.091524981725638,1.0002586297253644,0.45663205771679816,-0.9999582813827329,-0.7826999215326724,-571.650743674465
M15,14,1.5,D1,50,long,0.0,9389,612.9280160857909,-1.013688114148609,0.7995882670466579,0.867873182030204,0.2478432207902865,-0.00014632789069822622,0.07965016101883916,1.0082094002032638,1.1420532349733625,-0.9996130437029961,-0.4012611388432398,-1142.1381143969681
M15,14,1.5,D1,50,long,1.0,6171,426.96680242470165,-1.2423453479123736,0.7738791521874223,0.8148982614046458,0.24420677361853832,-0.00023262635550448283,-0.6557116020128687,1.000385735321517,0.37949574414468784,-1.000000000468841,,-852.4308812683635
M15,14,1.5,D1,50,short,0.0,7560,511.25532308831697,-1.4783063973629358,0.8203469825377502,0.8024889941508285,0.26362433862433865,-0.00022052670370524273,-0.30315795151215075,1.0000083069228265,0.9023029448794481,-0.999999864707815,-0.6568429403413466,-110.2567661517665
M15,14,1.5,D1,50,short,1.0,5627,373.2767435524882,-1.3870307029078819,0.8086429780687909,0.786900615546078,0.26035187488892836,-0.0002685503127876992,-1.1046146100256482,1.000037873310196,0.6494996598156472,-1.0000001446787334,,-94.65874125500342
M15,14,1.5,D1,80,both,0.0,7892,1157.6518072289157,-2.0001045518798772,0.8561452398748166,0.8221381745371754,0.2540547389761784,-0.000237216692430833,-1.3080431354069022,1.0002275935954357,0.6926632202282248,-1.0002351762946469,,-753.6694200727333
M15,14,1.5,D1,80,both,1.0,5495,799.30256869773,-2.0224237387884605,0.8412188319413741,0.7944279514725501,0.251319381255687,-0.000316858238856473,-0.626887271098917,1.000670163809646,0.5602764666671014,-1.0000759510965647,,-566.2195891294805
M15,14,1.5,D1,80,long,0.0,9268,609.1662767680403,-1.1387197998472325,0.8144691643115025,0.8553022209210488,0.2506473888649115,-0.00016468418899398256,-0.7241205262239461,1.0000792676973829,0.6624427531611103,-1.0000008012542743,,-1048.1348398249086
M15,14,1.5,D1,80,long,1.0,6579,455.88688104723957,-1.297877639338361,0.7941609161200083,0.8168791023956985,0.24578203374373006,-0.0002297237696098891,-0.45930635972286954,1.000460092744001,0.7418858633116852,-1.0004687930023124,,-812.4372869900614
M15,14,1.5,D1,80,short,0.0,7861,509.35431080361894,-1.4520647303091874,0.8279801168874401,0.8040988198504945,0.2616715430606793,-0.00021833281474239945,-0.3765556256492066,1.0017407724864766,0.7446996958597083,-0.9998939706714867,-0.44732850468569785,-126.60636928663618
M15,14,1.5,D1,80,short,1.0,5674,376.05307566684814,-1.362948852318054,0.7995184149988372,0.7913278473862803,0.25837151921043355,-0.00026288997669991684,-0.5766527248074157,1.000144566939367,0.7324099047035395,-0.9999925021608546,-0.5425659281318411,-101.01659459110293
M15,14,1.5,D1,120,both,0.0,7628,1174.0948166877372,-1.7417011353708338,0.8434012075707367,0.8431633624737351,0.2517042475091767,-0.0002119518139878353,-1.298171159459578,1.000089988172217,0.670255841608615,-1.0000995237131989,,-796.4664777917961
M15,14,1.5,D1,120,both,1.0,5487,852.094706632653,-1.9405684470814455,0.8244736332825912,0.8056290586857362,0.25041006014215417,-0.0003003356218287787,-0.25967301624737793,1.0005461389421,0.8014895596529076,-1.0005594743668749,,-601.1655000182172
M15,14,1.5,D1,120,long,0.0,9086,612.0733124308373,-0.958887719409141,0.7900928880058423,0.8760106573213473,0.24983491085186,-0.00014100139280453348,-0.5540000241237846,1.0003410007361622,0.5206968226302995,-0.9978623509746208,-0.3391047084953591,-1176.5884637692407
M15,14,1.5,D1,120,long,1.0,6595,458.9109830443894,-1.2583003257377445,0.7837827519346379,0.8214482753564941,0.24624715693707355,-0.00022283080164638356,-0.5074587789786537,1.0010152620796435,0.2989356047707066,-0.9999045580886047,-0.47488862938429,-911.256930731872
M15,14,1.5,D1,120,short,0.0,7351,514.2602470791036,-1.5797412800542163,0.8335792339363363,0.7895540363167735,0.2584682356142021,-0.00023517938910691273,0.2052770189162171,1.004457398539989,1.8046566847492471,-0.9999999997606811,-0.7877079154134519,-106.85465397007394
M15,14,1.5,D1,120,short,1.0,5446,397.0362275449102,-1.502773362862816,0.8046702882205089,0.7786731322068815,0.25670216672787366,-0.00027843082721198926,-0.3315921684282533,1.000026168290981,0.8511486366830636,-1.0000274286335344,,-94.74205955069604
M15,14,2.5,none,0,both,0.0,10242,597.8728623941186,-0.9445441872841617,0.8961406282466567,0.8866628421652217,0.30267525873852763,-0.00020360002504436124,-0.0403951484041707,1.0007165248140444,0.9731766982142354,-0.9999989072563235,-0.5512538157781404,-1191.09771973807
M15,14,2.5,none,0,both,1.0,7275,447.6404565363881,-1.029242298157296,0.8994199761205649,0.8621373140975022,0.3088659793814433,-0.0002770467439955659,-0.4575247860961855,1.0003096642266942,0.8465264016706574,-1.000342431443831,,-814.1019975502008
M15,14,2.5,none,0,long,0.0,11022,511.53564167725534,-0.4128474444523018,0.8171566359249534,0.945299346976379,0.3186354563600073,-9.189233746444252e-05,-0.014093676168667219,1.000085815639034,0.9885957034364431,-1.000094378327137,,-488.12559297251585
M15,14,2.5,none,0,long,1.0,8537,397.063447090284,-0.5778505358447383,0.8428381557059187,0.9157611700407158,0.31955019327632656,-0.00015337108930844502,-0.016338214467427593,1.0006892828562157,0.984580272047383,-0.9999521401566349,-0.37038998204524076,-157.22647736226716
M15,14,2.5,none,0,short,0.0,7084,520.2957973054495,-1.3357779251711708,0.9022171197123721,0.8303075668602016,0.2862789384528515,-0.0003124710516768024,-0.21075992549694716,1.0002359127356935,0.8431574790335195,-0.9999925774444414,-0.5799900958541666,-227.33692242722472
M15,14,2.5,none,0,short,1.0,5717,360.0852302121055,-1.1966470721959714,0.8954360479394248,0.8221350490981015,0.291236662585272,-0.00035595988000279154,0.2404388354756122,1.0001821169425673,3.746196507312874,-1.0000105750017194,,-178.98558473061516
M15,14,2.5,H4,20,both,0.0,9398,436.60894174510304,-0.615904219020154,0.7891352735831205,0.9129167889623073,0.3047456905724622,-0.00015052835837140035,0.2048366549680979,1.0000141117020245,2.2932157211533584,-1.0000000000283007,,-705.5267714934989
M15,14,2.5,H4,20,both,1.0,7317,340.32016426843245,-0.7342842381403341,0.8176036818333383,0.8860825591668045,0.3072297389640563,-0.00021322703661151102,-0.3344595403371372,1.0034719727474988,0.7310448257259089,-1.000000000202688,,-599.4397946199239
M15,14,2.5,H4,20,long,0.0,5469,254.36804405959506,-0.3872162780085915,0.619936406836,0.9295073336455292,0.3143170597915524,-0.00011876134904772205,-0.018294988937276276,0.9619546140166758,0.9954023041305291,-0.8123491658489126,-0.07486973937926211,1876.5083415109093
M15,14,2.5,H4,20,long,1.0,4178,194.4958577619169,-0.5589680231657146,0.6819163917787074,0.8889927877907855,0.31570129248444234,-0.0002042434921050008,-0.1507954918228276,0.9526430002477336,0.9636984855913281,-0.8331357780255322,-0.07997600374313085,1668.6422197446798
M15,14,2.5,H4,20,short,0.0,4856,225.59832103790387,-0.5445942739462819,0.6437145456276229,0.8904992888082901,0.29757001647446457,-0.0001922246067034802,-0.535442293028257,0.8809286643088904,0.8903561195976591,-0.8742265515070622,-0.09182608334382958,1257.7344849293816
M15,14,2.5,H4,20,short,1.0,3777,177.84571999484336,-0.519070528527895,0.6173334126249693,0.8845934089681703,0.3007678051363516,-0.0002183721292461691,-0.576192976990054,0.8702662086080643,0.8753846450984845,-0.8622916870252294,-0.08912948252870878,1377.0831297476946
M15,14,2.5,H4,32,both,0.0,9733,452.51759801425663,-0.5598150760706809,0.7990814853862354,0.9179149029300289,0.30761327442720643,-0.00014253510054753008,-0.3531395129253431,1.0004193916412512,0.9123756081846534,-1.0004633896037431,,-645.9074819773076
M15,14,2.5,H4,32,both,1.0,7550,351.1124904507258,-0.6357595823458325,0.8170151862859776,0.8960937287977632,0.3067549668874172,-0.00019550711766674477,-0.11726818875943351,1.000417663760956,0.8733793432046495,-1.0000000100142157,,-412.19368605655114
M15,14,2.5,H4,32,long,0.0,5443,253.2232518150554,-0.2549623518467167,0.6291764564132665,0.9517085066179014,0.31747198236266766,-8.112296250043154e-05,0.003163616798537154,0.9179088375635622,1.0007016887746512,-0.5187885179476297,-0.033456508475582236,4812.114820523989
M15,14,2.5,H4,32,long,1.0,4144,192.88849241748437,-0.4270327586999916,0.6687451001301543,0.9105119382102839,0.3153957528957529,-0.00016430506620447282,-0.11648036982785868,0.9335376599281441,0.9729250144754488,-0.7132767775048601,-0.05648931653520728,2867.2322249514477
M15,14,2.5,H4,32,short,0.0,4980,231.5652450668364,-0.48047443726719474,0.64099534576504,0.8982121189219627,0.2993975903614458,-0.00017929814532513812,-0.41522137161349265,0.9573330102861659,0.872320374922825,-0.9443515345563793,-0.1256913576560662,556.4846544362052
M15,14,2.5,H4,32,short,1.0,3884,180.62528647822768,-0.4046471911371763,0.6355626995245446,0.9031379017007385,0.30046343975283213,-0.00018406179051138718,-0.3069719591296502,0.9764390946720887,0.8668640634906593,-0.9635742018887488,-0.14276799230847093,364.25798111251316
M15,14,2.5,H4,50,both,0.0,10018,466.36177670150397,-0.599530448467703,0.8315988721279796,0.9161963428445319,0.304451986424436,-0.00014452658146858028,0.25325501286138463,1.0011228214577303,4.096627024290129,-1.000001246513975,,-715.7476908176935
M15,14,2.5,H4,50,both,1.0,6727,352.9211074403907,-0.8549519926250021,0.8557674423595429,0.8674421518553224,0.2967147316783113,-0.00025460910683504373,0.1475930535881277,1.004167716963618,1.5862175374460725,-0.9999990016678926,-0.5156249880976775,-833.4085478268837
M15,14,2.5,H4,50,long,0.0,5531,257.6454215023594,-0.19596078155034838,0.5813278310063508,0.9629018329677606,0.3192912674019165,-6.182196045317747e-05,-0.0018956799390389076,0.8973355346063452,0.999575377133395,-0.4820781692462911,-0.03018290279025415,5179.218307537434
M15,14,2.5,H4,50,long,1.0,4208,196.54373401534525,-0.39811709790972666,0.6418518346349296,0.9169074177346358,0.3148764258555133,-0.00015198205996479,-0.09767155919153316,0.9608004397683718,0.975887059687159,-0.7817898055005202,-0.0686332492762064,2182.1019449948176
M15,14,2.5,H4,50,short,0.0,5022,233.9351485779875,-0.6179141524062132,0.6900184472080507,0.878332139501109,0.2889287136598965,-0.00021637805658542852,-0.718203141362459,0.9462256028988252,0.8538200628157541,-0.9405000480896475,-0.12317192115935893,594.9995191035206
M15,14,2.5,H4,50,short,1.0,3924,184.76743586438056,-0.538525349711514,0.689505065281024,0.8818930744823416,0.2933231396534149,-0.00022544592632273996,-0.7535862955780411,0.9372742517737018,0.838554910244987,-0.925016589711891,-0.11483130640122907,749.8341028810873
M15,14,2.5,H4,80,both,0.0,10210,476.1494509703779,-0.5038843293241735,0.8285633354243406,0.9271398299269408,0.3084231145935358,-0.0001264890631014281,-0.04353457109044446,1.0035595126056278,0.9661113475594346,-1.0000062393058382,,-1044.2649123340532
M15,14,2.5,H4,80,both,1.0,6767,356.35045415224914,-0.8883334014317802,0.8678331936575694,0.8629549499382136,0.2979163588000591,-0.0002658278956045647,0.22255052335149839,1.0186169037404018,3.8947797301167446,-0.9995273360931646,-0.3318379325811912,-803.7858196404285
M15,14,2.5,H4,80,long,0.0,5668,264.736189258312,-0.41524281336194246,0.6996798493533716,0.9241534199641923,0.30910374029640086,-0.00012906090240800004,-0.2182460774944845,1.0029438048521786,0.0213226065260777,-1.0000011428478046,,1997.923543577568
M15,14,2.5,H4,80,long,1.0,4279,199.85994245524296,-0.679495485076625,0.7793882582649174,0.8637853957471333,0.3028745033886422,-0.000255231265282556,-0.20492505226079152,1.0010796439972571,0.7781650937284406,-1.0000876121633009,,1105.5369062237583
M15,14,2.5,H4,80,short,0.0,4941,230.42648748723187,-0.3084600877198907,0.6794324924089938,0.9326242759853703,0.30722525804493017,-0.00011913731688202645,-0.49079543314278384,0.9651121961112297,0.843494628464823,-0.951721237548902,-0.13180719862626955,482.78762451097344
M15,14,2.5,H4,80,short,1.0,3880,193.54957661841027,-0.4275686631506407,0.6879697470011834,0.9008119486736509,0.30463917525773193,-0.00019147811974302813,-0.6227401626096187,0.9897203051223662,0.7915247993386189,-0.9865962969682016,-0.19354776932396356,134.03703031798366
M15,14,2.5,H4,120,both,0.0,10298,481.42128503775757,-0.5004256028993213,0.8044486148812168,0.9307042971306528,0.30899203728879393,-0.00011936323631994513,0.08631904407029121,1.001198941369312,1.259462482402602,-1.000000001126805,,-334.73303998426394
M15,14,2.5,H4,120,both,1.0,7937,372.8603536977492,-0.7058315769723176,0.8516020765934178,0.8928957111229223,0.3074209399017261,-0.00020067249639806934,-0.5720871986158481,1.000170690528534,0.4741343236683141,-0.9999738554162889,-0.390855836880582,-345.9507725821566
M15,14,2.5,H4,120,long,0.0,5687,266.03185835040983,-0.3640123573998731,0.669702995759726,0.9331086910617097,0.3166871812906629,-0.00011324732053870877,0.0509891720986504,0.9690332782098574,1.012745023195932,-0.6672954626417754,-0.05017759126791688,3327.0453735822493
M15,14,2.5,H4,120,long,1.0,4324,203.26138996138994,-0.666225955783635,0.763947566907209,0.8672720155988659,0.3108233117483811,-0.0002463951569273661,-0.2832102415156254,1.000469710353972,0.7668330106470242,-1.0000000066663195,,959.9360385976934
M15,14,2.5,H4,120,short,0.0,4947,231.7419199692189,-0.4829489554943167,0.609909340558684,0.9039494021529996,0.29856478673943804,-0.0001693961614226274,-0.4511195950724783,0.8164246941695578,0.9061704854419997,-0.7945693599766528,-0.07145737874949598,2054.3064002334477
M15,14,2.5,H4,120,short,1.0,3870,193.0243752560426,-0.48912576223362575,0.6088762736100191,0.8954986453928225,0.30129198966408266,-0.00019888273457602964,-0.5580039250365023,0.8557199227829356,0.8816517938750568,-0.8342015085264434,-0.08572900389142091,1657.9849147355756
M15,14,2.5,D1,20,both,0.0,10470,489.4621144246768,-0.6943088536851033,0.8794730537780512,0.9076518856078578,0.3072588347659981,-0.00015915284757781826,-0.17482437977980522,1.000053075241643,0.9246911289282606,-1.00000004603438,,-739.8312656498967
M15,14,2.5,D1,20,both,1.0,6158,359.1265368034488,-1.130037498358728,0.8809900898755898,0.835441130642112,0.29814874959402404,-0.00032542614722901904,-0.25484935614713333,1.0003011688432815,0.7995868570424683,-1.0000061817562949,,-786.7188412962352
M15,14,2.5,D1,20,long,0.0,5881,274.96610983102914,-0.2780253610999327,0.6403462364400628,0.9509372794120672,0.3227342288726407,-8.182419124461317e-05,0.12460335846675909,0.9858182821752045,1.0384319418212629,-0.5862742616930138,-0.040423954787223826,4137.257383069957
M15,14,2.5,D1,20,long,1.0,4508,211.8290235430336,-0.6253989473690738,0.7393529966818247,0.8819402342826743,0.3192102928127773,-0.00021452491225497093,-0.29840528376420883,1.0016205604250366,0.3640553329243618,-1.0015572292341695,,1075.8811790184823
M15,14,2.5,D1,20,short,0.0,5092,238.53443632166216,-0.7240087021868987,0.7298453674278136,0.8608913378627139,0.28888452474469756,-0.0002435266951524706,-0.6314077174264106,0.9276584076250278,0.8705467254933804,-0.9268871823869169,-0.1153248176660332,731.1281761308305
M15,14,2.5,D1,20,short,1.0,3967,197.91650730774484,-0.6993693062052766,0.7112885767755748,0.8554096420283742,0.2919082430047895,-0.0002736118818322144,-0.7730773227281618,0.944231855642354,0.8387290939599854,-0.9403389594048841,-0.13120297080021237,596.6104059511529
M15,14,2.5,D1,32,both,0.0,10558,495.7970557984057,-0.7632723228903366,0.8968675644865944,0.8978918991961208,0.30668687251373367,-0.00017647843004196017,0.0905709604870755,1.0033120580850443,1.28382570433114,-0.9999990640834041,-0.4789335884819277,-1321.4926932369335
M15,14,2.5,D1,32,both,1.0,6446,370.48017309205346,-1.100078794898117,0.9018313686053018,0.8372885878222145,0.29925535215637605,-0.0003205517755874167,-0.3629001118920512,1.000104399271825,0.2623606080015376,-0.9999999595803662,-0.6241036453801442,-779.7326121993308
M15,14,2.5,D1,32,long,0.0,6076,285.69245623069,-0.44627767782762506,0.7005175862786752,0.9214697182441152,0.3146807109940751,-0.00013330493815792143,0.007313804084055783,0.9798502096803012,1.0019557232793008,-0.8847396380970909,-0.09659943698517437,1152.603619029123
M15,14,2.5,D1,32,long,1.0,4731,224.44444083647227,-0.7230464828512257,0.7550315063069934,0.8632314667839441,0.3121961530331854,-0.0002521946326015802,0.1233190875816962,1.0019299062014455,1.2009845934054693,-0.9999998967910211,-0.5338108182270913,249.2024796151886
M15,14,2.5,D1,32,short,0.0,4869,228.6451851375675,-0.6421978196730552,0.7139502581857762,0.8723079150220968,0.2955432326966523,-0.00022165530578151861,-0.7946745696452067,0.9505601295377586,0.8418188409739814,-0.9462208933089578,-0.1282531026778604,537.7910669104162
M15,14,2.5,D1,32,short,1.0,3764,187.81434426229507,-0.737199225869099,0.7396575852569638,0.8435859104537399,0.29436769394261425,-0.00029628477615674956,-0.9786340054062438,0.9721634601654225,0.7999924963245176,-0.9688441244917666,-0.15893153780604163,311.5587550823298
M15,14,2.5,D1,50,both,0.0,10545,498.3904309006211,-0.8094293795869941,0.8932456521761039,0.8922637988984732,0.3023233760075865,-0.00018629440181771846,0.11205634835055599,1.0001844857015325,1.0350403096885288,-1.000201874057879,,-1371.2137990735214
M15,14,2.5,D1,50,both,1.0,8215,391.5094924321503,-0.9500373776377222,0.9027670414723585,0.8618681625157757,0.3045648204503956,-0.0002587411714693015,0.1368945976376133,1.0003490554318422,1.6214599234305045,-0.9999999970058183,-0.6075561946212462,-944.0673359580334
M15,14,2.5,D1,50,long,0.0,6035,285.2334045031056,-0.333255396175324,0.6798502386961001,0.9405768031570491,0.31416735708367854,-0.00010098933473381054,0.0559502563493439,0.9618070995285696,1.0136627193990266,-0.6647417331374029,-0.050340500735032934,3352.5826686259834
M15,14,2.5,D1,50,long,1.0,4716,223.67471756914685,-0.6051573261216933,0.7370654130405996,0.8836220231113314,0.31276505513146735,-0.0002147027484287652,-0.036934719808033686,0.979136866475991,0.9903454494194043,-0.8631070494601754,-0.09000396466022864,1368.9295053982814
M15,14,2.5,D1,50,short,0.0,4786,227.8527763295099,-0.8544011767730418,0.7712172830799746,0.8341231022979839,0.28750522356874214,-0.0002894362652873274,-1.0074587911882158,0.9837389119287908,0.7962412126451838,-0.9835345937315795,-0.17757888827774515,164.65406268420375
M15,14,2.5,D1,50,short,1.0,3747,188.3555945499587,-0.8117131579560412,0.7517474347305115,0.829827334828916,0.2919669068588204,-0.0003220896073902718,-1.0294851294080711,0.9725531336835905,0.7863867123752272,-0.9703104164836286,-0.16204577877947857,296.8958351637106
M15,14,2.5,D1,80,both,0.0,10498,502.0155145326002,-0.856758411616326,0.8943564822876593,0.8883998617085368,0.307391884168413,-0.00019164913653553454,-0.3012368301502104,1.0002919130274666,0.8695157569959452,-0.9982560270177172,-0.2619426193201212,-771.5920778299161
M15,14,2.5,D1,80,both,1.0,8316,410.462027027027,-1.001233149833296,0.9042618866933889,0.8603540079708438,0.3082010582010582,-0.0002588770241906455,-0.09002151286203731,1.0003497968348873,0.9268024564621831,-0.9999999999999964,-0.8064404379854124,-684.5282574756958
M15,14,2.5,D1,80,long,0.0,5965,285.88325022962863,-0.40233527176842915,0.6474360389533205,0.9304722713171043,0.31919530595138307,-0.00011909455657118086,0.01718023438812625,0.9171631086489536,1.0037075563913591,-0.6100499630539703,-0.0441310021295781,3899.5003694603542
M15,14,2.5,D1,80,long,1.0,4722,233.13199513381997,-0.6064141671117382,0.7028150664392341,0.8887028451273314,0.3189326556543837,-0.0002062480576222888,-0.10320371230446337,0.9459256702349026,0.9767683996286468,-0.7880991288858468,-0.07374578946324928,2119.00871114155
M15,14,2.5,D1,80,short,0.0,4763,227.76718381775336,-0.8217678609384979,0.7428178164648607,0.8405648239559964,0.29267268528238505,-0.00027134994415264164,-0.7948156895303827,0.9520060150869324,0.8418422343178351,-0.9515463005441344,-0.13476876383099146,484.53699455864904
M15,14,2.5,D1,80,short,1.0,3740,188.0554790748899,-0.8358373938971707,0.738426773848353,0.8257398298192962,0.2943850267379679,-0.0003208050672748157,-0.980635686867752,0.9725290574963711,0.7969580776736737,-0.9709460839353092,-0.1629979354032467,290.53916064689844
M15,14,2.5,D1,120,both,0.0,10435,506.63083211484775,-0.7319586197306621,0.8913464558513168,0.904047193631951,0.30474365117393387,-0.00016482026497538095,-0.283364281869318,1.000680254708092,0.14078817413202466,-1.000000071825383,,-285.6652328508009
M15,14,2.5,D1,120,both,1.0,6388,394.45765004226547,-1.140320948357108,0.8816929806072701,0.8390191665135858,0.2999373825923607,-0.0003137514094429477,-0.03624919499740608,1.0000653289012142,0.9706693476313674,-1.000066840947087,,-779.6688172076277
M15,14,2.5,D1,120,long,0.0,5813,282.22760202047056,-0.23059272869385591,0.6326068697398557,0.9592220357675132,0.3220368140375022,-7.039437415008421e-05,0.06256156105000253,0.8962028358151332,1.0137561943287243,-0.3488617869285181,-0.020614598481723756,6511.382130715293
M15,14,2.5,D1,120,long,1.0,4696,231.78567567567566,-0.5140958703428551,0.6939124536483966,0.9041340539442622,0.3215502555366269,-0.00017800145686858496,-0.02893470849359369,0.928832369327395,0.9933163375399886,-0.6600054350585507,-0.05185590839446197,3399.9456494145143
M15,14,2.5,D1,120,short,0.0,4800,237.20741442294684,-0.8610666487103048,0.7587883133547889,0.8363200566489656,0.284375,-0.0002779191152135717,-0.6229794920245318,0.9500571902358413,0.8748271506090128,-0.943222083649395,-0.13217176319339685,567.7791635060485
M15,14,2.5,D1,120,short,1.0,3807,194.91263666947012,-0.7956686366830265,0.7288747135536259,0.8358417492247898,0.2918308379301287,-0.0002996572458373515,-0.7109581309374866,0.9407011440153171,0.8509920145985088,-0.9318838117585962,-0.12850643723011856,681.161882414021
M15,14,2.0,none,0,both,0.0,10632,883.5808873720136,-1.2300404313682358,0.8887477597865718,0.8765708983904487,0.2848946576373213,-0.00019346264813231625,-0.10227050060300633,1.0000199843079987,0.9694021556423545,-1.0000204078615635,,-945.9580311186783
M15,14,2.0,none,0,both,1.0,7154,638.7187729161574,-1.431428176452436,0.8984684734362547,0.8369704276443346,0.28221973720995247,-0.00029104936498103187,-0.40841390490653173,1.000033969653246,0.4502131911425245,-1.000000000848428,,-568.1941469191339
M15,14,2.0,none,0,long,0.0,9785,752.4150000000001,-1.0191234245807894,0.8404022732146733,0.8864387428854699,0.2856412876852325,-0.00016933025550813462,-0.36985651209186937,1.0014144045151658,0.5390929460639955,-0.9809886865860538,-0.26266459187712465,-1812.535711986207
M15,14,2.0,none,0,long,1.0,6940,541.4000427167877,-1.1993616224606494,0.8490866977147229,0.848500450048752,0.2832853025936599,-0.0002534713608089315,-0.4933414818331293,1.0005736144870174,0.7571660314812372,-0.9999551261079426,-0.5420633911264672,-1221.6045910321259
M15,14,2.0,none,0,short,0.0,5692,785.1219788519637,-2.1042799862755732,0.8780022134254174,0.7833233872543618,0.26581166549543217,-0.0003534854687827744,-0.7980031225656016,1.0001975650686006,0.4674517225392632,-0.9987831351795631,-0.6037630509669936,-209.74444115044255
M15,14,2.0,none,0,short,1.0,4090,498.7888146911519,-1.7580359450929732,0.8482059489632369,0.7774642650955734,0.263080684596577,-0.0004276715425671887,-0.4692816011796359,1.00039196869582,0.4859506891094824,-0.9999999883119025,-0.8921958358063113,-139.85200926854216
M15,14,2.0,H4,20,both,0.0,10655,664.2325908858166,-1.0711839889883283,0.8785513789356353,0.8742074269546791,0.2807132801501642,-0.0001829398736738856,-0.19883711340182897,1.0000070294130772,0.7367059546711386,-0.9999999989186361,-0.723905409765984,-975.7782056031896
M15,14,2.0,H4,20,both,1.0,5907,484.6207884097035,-1.405404032526593,0.8600327497139821,0.8193033907557797,0.27205011003893687,-0.0003156231217496114,-0.47400198753217154,1.000322800236465,0.8304367513616896,-1.0003276265287864,,-597.9934713361213
M15,14,2.0,H4,20,long,0.0,8166,379.5662382285569,-0.7707287548515157,0.7914838624237404,0.8815437734724239,0.2860641685035513,-0.0001627659958256414,0.21025791395780435,1.001808842758221,3.902424640524438,-1.0000000042297037,,-683.5245511931773
M15,14,2.0,H4,20,long,1.0,6278,292.06973633931983,-0.8438414957874899,0.7882873168590602,0.8567220148354284,0.28464479133482,-0.00021368515752252565,-0.5308574313410083,1.0004694281542788,0.6915424589559692,-1.0004726086512927,,-353.1190141878856
M15,14,2.0,H4,20,short,0.0,7287,338.5368544899517,-0.7511289056007796,0.750640836649616,0.876653430705839,0.28200905722519554,-0.0001754552536934241,-0.14404753651875832,1.0003934433184118,0.8741122728081424,-0.9999950314593975,-0.4329788143073021,-233.02113785344255
M15,14,2.0,H4,20,short,1.0,5663,264.0299655348481,-0.8496818789952487,0.7588074851763068,0.8470279524415211,0.2788274766025075,-0.00023614877493554256,-0.3703884855809913,1.0076992646155378,0.5900023945829105,-1.000297645687156,,-147.6698871892857
M15,14,2.0,H4,32,both,0.0,12909,680.376948051948,-0.91028568327419,0.8841302517130242,0.8918770294708444,0.28166395537996747,-0.00015375737330305099,0.10215023468112387,1.0015503143361901,1.277861770904238,-1.0,,-1103.934419410484
M15,14,2.0,H4,32,both,1.0,8987,501.0688062891162,-0.9483556868401567,0.8615563555802241,0.8717034445000577,0.27906976744186046,-0.00020438194735677555,-0.06505566340154348,1.000418136229659,0.8113686677921249,-0.999990310477969,-0.47463388662705064,-705.7557361478238
M15,14,2.0,H4,32,long,0.0,8157,379.389309817904,-0.5879232093327282,0.7424438421283518,0.9070793988372576,0.2872379551305627,-0.00012697299007977282,0.07975006632856349,1.0006018645836705,1.0512714266995236,-0.9999770386721849,-0.39153464813055183,150.86721199687048
M15,14,2.0,H4,32,long,1.0,6265,291.5392088164097,-0.7002310462768909,0.7616418966631614,0.8776680942139803,0.2858739026336792,-0.00018159187114151685,0.21218220785689637,1.0006807310009351,1.9120453014328282,-1.0006624082194988,,222.25651706466385
M15,14,2.0,H4,32,short,0.0,7318,343.4279198252602,-0.7063572206954377,0.7560884463481663,0.8746783664105522,0.27972123531019405,-0.00017966894490157895,-0.3690099155051276,1.0231087903299014,0.8723295436937178,-1.0240360648979525,,-301.4268211243958
M15,14,2.0,H4,32,short,1.0,5750,267.40355233002293,-0.6474983713092052,0.7361426479108069,0.8703003904546031,0.27947826086956523,-0.0002027817998779111,-0.357684404231023,1.0085622996556836,0.821113922917988,-0.9992969533487644,-0.2865408599880054,-30.504064032632243
M15,14,2.0,H4,50,both,0.0,11364,694.3293743726998,-1.0253548908276982,0.8758338226588065,0.8811549971731528,0.2826469552974305,-0.00017227635376197464,-0.2984255564294663,1.001137025764644,0.8361929036778633,-1.0000000110288165,,-1023.8474925505385
M15,14,2.0,H4,50,both,1.0,6616,502.59858569051585,-1.166741703332836,0.8344123484391127,0.8480005607840084,0.2772067714631197,-0.000257425234627371,-0.48339681430897635,1.0006865415443604,0.5951793604748978,-1.0000541418228075,,-674.1992530729619
M15,14,2.0,H4,50,long,0.0,8199,381.780309790923,-0.6286084235795962,0.7638381807646948,0.9010250324938437,0.2880839126722771,-0.0001352553951705139,-0.3626537178073058,1.0005791865016247,0.5877863948878655,-0.9999999972942212,-0.600928153031824,-277.02926399647754
M15,14,2.0,H4,50,long,1.0,6295,298.75893321205825,-0.689700861736416,0.7601637442433742,0.8798414147784128,0.28482922954725975,-0.00017816679054669912,-0.47014660614722387,1.0002663218570047,0.5241749818950345,-0.9998387828714695,-0.33929925102798386,-135.29989726779658
M15,14,2.0,H4,50,short,0.0,7381,344.2613012386669,-0.7326322165462102,0.7526338995223311,0.880439115746136,0.28017883755588674,-0.00017009928112642672,-0.3131020537652073,1.000280113829536,0.7209148685369542,-0.9999999999966083,-0.7082295605041575,-273.272719427211
M15,14,2.0,H4,50,short,1.0,5782,269.64702502553627,-0.7502694498721586,0.7619584408770889,0.8646472137789901,0.2817364233829125,-0.00020861384743123046,0.21135767057729027,1.0000085506798744,2.7346492222114405,-0.9999999999999278,-0.7561372130121071,-217.98338636318402
M15,14,2.0,H4,80,both,0.0,11418,706.7318251143873,-0.9117368018470597,0.8692248755604335,0.8938214742091078,0.2816605359957961,-0.00015378116614689043,0.07426497383159267,1.0003331036085557,1.10571497764042,-0.9999999930175869,-0.6872666395284668,-1097.9774209976254
M15,14,2.0,H4,80,both,1.0,7289,488.7657885074353,-1.1156998923490538,0.8612708039609983,0.8499319477472492,0.2742488681574976,-0.00024660495311009284,-0.3263896616847234,1.0001135361520175,0.21096944121107886,-0.9999999999973576,-0.8326464819286892,-625.5807163893925
M15,14,2.0,H4,80,long,0.0,8292,387.1967527486576,-0.5767314495126245,0.7750690255906139,0.9091323048181079,0.2865412445730825,-0.00012346628915865785,-0.2303984386121824,1.000052318300172,0.42583520315352247,-1.0,-0.8788737658769871,98.33780354180973
M15,14,2.0,H4,80,long,1.0,5055,281.0256849315069,-1.1636813498456413,0.8024302468283853,0.799850771209262,0.2722057368941642,-0.00031112309107689777,-0.1644853867997021,1.0008902617288258,0.7932465588689122,-1.0000159875662271,,-808.8147895182906
M15,14,2.0,H4,80,short,0.0,7302,341.4486621431315,-0.5994230285200979,0.7805510234097276,0.8931756419805273,0.2812927964941112,-0.00015513968899650576,-0.5389554861097375,1.0089381414930496,0.839454985695253,-1.0111809025825031,,-310.7253321568435
M15,14,2.0,H4,80,short,1.0,5692,268.25845161290323,-0.7085304118056097,0.7798754966079965,0.8605937575521474,0.2752986647926915,-0.00021954728932170332,-0.4475875313564232,1.0239522269843384,0.8207895508704132,-1.0276935540365937,,-276.93554036594486
M15,14,2.0,H4,120,both,0.0,11587,711.5251765299261,-0.9796548139417018,0.8820122012309741,0.8851236941350018,0.2815223957883835,-0.00016732172328749433,0.12014313836409468,1.000278975002861,1.1437773920786853,-1.0,-0.9440582138994141,-1139.5132233121585
M15,14,2.0,H4,120,both,1.0,6973,506.0378005165905,-1.2213640071752725,0.8676476918592984,0.8375418840349713,0.27276638462641617,-0.0002744686643539189,-0.015519740514883053,1.0001022022302437,0.980779002798974,-1.000000249328215,,-653.8127085635563
M15,14,2.0,H4,120,long,0.0,8332,389.66235595390526,-0.5326220742500164,0.7457467161838043,0.9158965228637849,0.29200672107537207,-0.00011455503503101447,-0.2024636880882983,1.0002314432465436,0.8156959240159278,-0.9999999999603888,-0.6737717669270908,55.16944243833046
M15,14,2.0,H4,120,long,1.0,6394,299.06626968882057,-0.7565984731228397,0.7934631462928016,0.8690472369199495,0.287300594307163,-0.00019402044588157395,0.1658843205405077,1.0464529480431801,3.6594791898428185,-1.0013000682504012,,-53.541309841885685
M15,14,2.0,H4,120,short,0.0,7257,339.8665534042826,-0.6631348534011908,0.7254090755964199,0.8872864864039687,0.27862753203803226,-0.00016291717786119121,-0.5721169544244998,0.9955559070404381,0.869877707271234,-0.9932330956061116,-0.20860953298830254,67.6690439388871
M15,14,2.0,H4,120,short,1.0,5695,275.984974127637,-0.682396558113312,0.7245601798967998,0.8737378107932233,0.27901668129938545,-0.00019771949679854548,-0.6413190944648237,0.9787758797423305,0.8760837554403624,-0.9745872534015094,-0.16303494874788516,254.12746598490116
M15,14,2.0,D1,20,both,0.0,11631,719.1844845099035,-1.0281628003177126,0.8790225395113858,0.8832385520630648,0.28209096380362825,-0.00016851183612371005,-0.04881952589518256,1.0055756700054497,0.9551040165503739,-0.9999999999999912,-0.8648848234664875,-1273.514005537505
M15,14,2.0,D1,20,both,1.0,7373,506.4864115102501,-1.228287319778279,0.8665854342914694,0.841104586868587,0.2788552827885528,-0.00025874676244687074,-0.08645821392798697,1.0349738945036027,0.8373763218534241,-1.00000000837364,,-655.1490564661822
M15,14,2.0,D1,20,long,0.0,8442,394.7056451612903,-0.40422253247338114,0.7191014156534753,0.93804438047599,0.29909973939824686,-8.361809160856137e-05,-0.020713584496651342,1.010894907681849,0.9676511522072238,-0.9999999921966543,-0.5822430792631046,217.84096136123574
M15,14,2.0,D1,20,long,1.0,6525,305.1544494238156,-0.7458632238036625,0.7944831019072578,0.8772614771279701,0.2957854406130268,-0.00017972825959638167,0.22772574646589724,1.000336584786676,18.179599868334222,-0.9999999999999997,-0.8111491973747988,54.187095081860775
M15,14,2.0,D1,20,short,0.0,7353,344.45084647941513,-0.9094153716917776,0.8049862255284639,0.8506956981207427,0.2741738066095471,-0.00021284337427663572,-0.49845185394416863,1.0007264089401808,0.8073175011433098,-1.0007263310903294,,-102.21696454999471
M15,14,2.0,D1,20,short,1.0,5728,278.8792322047454,-0.8794688824776891,0.7827053132019701,0.8418500100984667,0.2746159217877095,-0.00024385989487702426,-0.3768548471447147,1.0013688020341756,0.5190818581653457,-1.0000001571846904,,-208.17416808398627
M15,14,2.0,D1,32,both,0.0,11645,726.6933623782676,-1.0318560961317933,0.9002989214551806,0.882149965740106,0.2836410476599399,-0.00016963467120447063,-0.3363822047215464,1.0004452135068367,0.6374089379125855,-0.9999999999999998,-0.895488584478279,-1259.1356741077382
M15,14,2.0,D1,32,both,1.0,7925,513.8658352565241,-1.2216866601030212,0.8947222653710152,0.840399400961544,0.28113564668769714,-0.00025517778486611246,-0.0660221524805242,1.0003940398612472,0.9226966288505447,-1.0,,-718.3304143608347
M15,14,2.0,D1,32,long,0.0,8715,409.7777742018538,-0.5769824582684383,0.7652091176680057,0.9117764059625808,0.29099254159495125,-0.00012077968881062553,-0.18317559849601522,1.000524989580896,0.8343897624491017,-1.0000000000008908,,-792.015528722012
M15,14,2.0,D1,32,long,1.0,6850,324.97239901285883,-0.8329315604807773,0.7945291888866388,0.8626737786608366,0.2891970802919708,-0.00020284224880426997,-0.3695883817887028,1.0004812060209352,0.5807853202876703,-0.9999171649250874,-0.359741902026815,-641.653312576672
M15,14,2.0,D1,32,short,0.0,7018,331.0933221389822,-0.8457714321344798,0.7852214701471951,0.8589840950305925,0.2799943003704759,-0.00019855308888010862,-0.3636778920967013,1.0012069499165133,0.46156205406408557,-1.0000015962273292,,-283.1634143317944
M15,14,2.0,D1,32,short,1.0,5373,254.43903150525088,-0.8873992835469012,0.787249628227663,0.8353816143290301,0.2786152987158012,-0.00025258831715397955,-0.5286352479542641,1.0003362234612572,0.6631863778890256,-1.000366371222305,,-208.43650638033395
M15,14,2.0,D1,50,both,0.0,11352,731.1440663022395,-1.0003082665586418,0.871743580346822,0.8855849277565109,0.2820648343904158,-0.00016286469526551463,0.243984100770203,1.0002149832771499,1.5252377712465073,-1.0000000000958067,,-1152.6847396519433
M15,14,2.0,D1,50,both,1.0,7710,520.4356865644058,-1.1363005339656793,0.8650505703286596,0.8516925986967279,0.2828793774319066,-0.00023641229851994653,-0.3569713635235791,1.0000181709945042,0.629217516077056,-0.9999999999998889,-0.8664694555645409,-771.3845513606423
M15,14,2.0,D1,50,long,0.0,8685,410.48088121118013,-0.4834706699380255,0.7435131552032344,0.9257642505026759,0.2921128382268279,-0.00010135083326356042,-0.3613837979524418,1.00179859902491,0.5555693820280482,-1.0000000000000007,,-283.60767486234244
M15,14,2.0,D1,50,long,1.0,6806,322.843051948052,-0.7082772777855995,0.7772385746708841,0.8822096513329317,0.29253599764913313,-0.00017328081058329235,-0.35554248284755524,1.0007834121454005,0.6955314407374392,-1.000801530758661,,-393.37617922452563
M15,14,2.0,D1,50,short,0.0,6903,329.6275003268401,-1.0024854751012693,0.8086951147805131,0.8351725541925125,0.27538751267564826,-0.00023026983693975775,-0.2285252102484245,1.0020138921081343,0.5019988925415727,-0.9999421858843283,-0.3724744123966349,-261.77490062523106
M15,14,2.0,D1,50,short,1.0,5407,272.62655300938707,-0.9918092126541779,0.7928573036577785,0.8242953400394183,0.27723321620122066,-0.00026680920546999195,-0.3362392114655694,1.0007232842208678,0.3068917280908358,-1.0000086189201416,,-228.05076506101906
M15,14,2.0,D1,80,both,0.0,11591,732.0789814974927,-1.1986310324068619,0.9048536888906884,0.866736269539898,0.28539384004831336,-0.00019246422651068027,0.23406953778332407,1.000113330468532,3.4109982911955075,-1.0000000000000004,,-1071.9669145292494
M15,14,2.0,D1,80,both,1.0,7832,539.844876391772,-1.3673597944319824,0.8943908187139203,0.8303026234600595,0.2840909090909091,-0.0002726675208722049,-0.4622419574543389,1.0030386601018135,0.3813577875180099,-1.0000000000158749,,-722.1819977311455
M15,14,2.0,D1,80,long,0.0,8587,411.54727069938326,-0.5484261511291499,0.7349426741398098,0.9179021222169617,0.2966111563992081,-0.0001138995342446644,-0.4830939489640305,1.0459165219824007,0.4517517093784059,-0.99999989870591,-0.5378529773685405,127.79615312141604
M15,14,2.0,D1,80,long,1.0,6852,338.0647034985817,-0.7404871773230071,0.7779414006051708,0.8821917435135082,0.2971395213076474,-0.0001754143082577816,-0.5786353300356972,1.0002912738836574,0.5750831063106498,-0.9999999999972289,-0.7309815312700105,-70.38514727451059
M15,14,2.0,D1,80,short,0.0,6867,328.9405573770492,-1.0393702944058987,0.8166719260343921,0.8297885119066802,0.27872433377020533,-0.00023701696114275964,-0.27691949077294775,1.0016632880803362,0.39882423739126666,-1.0012946980851167,,-272.05256935534294
M15,14,2.0,D1,80,short,1.0,5279,264.23937919693026,-1.1067874788441783,0.8120833703490101,0.8038555448869421,0.27808297025951884,-0.00029756164256034543,0.17941051599352154,1.000285580760372,1.614100061812233,-1.0000000166455125,,-181.38360492071098
M15,14,2.0,D1,120,both,0.0,9067,753.6917956304051,-1.222190589341926,0.8731427406677557,0.8664475745490772,0.27870298886070366,-0.0002032824984078005,-0.036328066902549846,1.0155161889280968,0.9494388180003699,-0.9999964154156236,-0.647353745892197,-987.3449022121298
M15,14,2.0,D1,120,both,1.0,6000,583.4664536741213,-1.5333510540663844,0.8625986296236319,0.8190530698187136,0.27616666666666667,-0.00031341628108127795,-0.5263248000989866,1.0003860228300903,0.6978674921942069,-1.000000014009583,,-712.4626352492173
M15,14,2.0,D1,120,long,0.0,8414,408.4547448165869,-0.44008182257582695,0.7459036155597663,0.933225455443647,0.2962918944616116,-9.365185852410302e-05,0.3522007766429194,1.0010308136611554,2.6514842791076014,-0.9999999999998676,-0.7629442540542339,662.7504739625483
M15,14,2.0,D1,120,long,1.0,6805,335.65513166779203,-0.6889534487823001,0.7868356346765139,0.8892469110626324,0.29831006612784716,-0.00016617446907720546,0.2378023880231681,1.0004328536255278,7.460823466143395,-1.0000069104840772,,26.931251727489986
M15,14,2.0,D1,120,short,0.0,6880,339.9972940062238,-1.0588542992347505,0.815839444109251,0.8288336209713422,0.27340116279069765,-0.00023581243644783505,0.18754267879767034,1.0249218343021087,2.390361150533293,-1.0005442512783218,,-116.73944391822059
M15,14,2.0,D1,120,short,1.0,5491,281.1308873002523,-1.020861424298226,0.790317973240787,0.8225372339788297,0.27608814423602257,-0.0002644592269071103,-0.5419532632509354,1.0003239036187097,0.7929410883325962,-1.0003356179852392,,-10.430020851486155
M15,20,4.0,none,0,both,0.0,5910,274.28557814485384,-0.37172489040302503,0.7668570643119208,0.9330047832151316,0.327580372250423,-0.00017492424716802056,-0.2723223186766774,1.0147348366877358,0.9270236646654355,-1.018328426824008,,-352.326308016868
M15,20,4.0,none,0,both,1.0,4832,229.4446177847114,-0.4285697568860404,0.7696531900509384,0.9162306811303425,0.33112582781456956,-0.00022857319823033496,-0.40597383718719016,1.0001414729435942,0.8420006583967189,-0.9999290917267887,-0.3647088068072699,60.74500417451128
M15,20,4.0,none,0,long,0.0,5233,242.86572426937735,0.2835062618716583,0.314715244190089,1.0553511403008768,0.34588190330594304,0.00013411617490672746,0.3938370740002561,0.35882836497147474,1.0793872669762916,1.332337884934066,0.04008625281365541,23323.37884934028
M15,20,4.0,none,0,long,1.0,4120,195.61029507344338,0.26835291323584565,0.2982258468141099,1.0581618231048862,0.35315533980582525,0.0001490272321529465,0.3952707940027192,0.35884509596140324,1.0861948713170408,1.2996824820384938,0.04033054407029413,22996.82482038458
M15,20,4.0,none,0,short,0.0,5233,242.86572426937735,-0.5645435251914346,0.8148107943197679,0.8899968258757491,0.307280718517103,-0.00028614643469545924,-0.38498769509162967,0.935517721529055,0.9096321998633986,-0.9208460345085157,-0.11104934337506844,791.5396549148428
M15,20,4.0,none,0,short,1.0,4080,203.47078099399235,-0.4978371107199306,0.7843630418931139,0.8936687865548871,0.3105392156862745,-0.00029419195970279127,-0.4285822901858415,0.942302277581582,0.8927879133021416,-0.9174195015294793,-0.11695188580337279,825.8049847052012
M15,20,4.0,H4,20,both,0.0,3601,167.31525887291693,-0.022084204462980234,0.34967030057129145,0.9946855373738783,0.33212996389891697,-1.3618463895648087e-05,0.07145510826830388,0.37192708943235864,1.0181268352148167,0.025850795696685802,0.0011865607759011798,10258.507956966892
M15,20,4.0,H4,20,both,1.0,2855,142.204929769535,-0.03087033637955247,0.3332211847367623,0.9919465551481793,0.3345008756567426,-2.18987663353578e-05,0.04156747421271368,0.39191655552343974,1.0109827423013993,-0.05731410131520931,-0.002935521487259396,9426.858986847945
M15,20,4.0,H4,20,long,0.0,2127,98.94125700458481,0.15720917863319372,0.3224313189528226,1.0473191270509363,0.3436765397273155,0.00011638022437634322,0.25703308937118224,0.3683908753658307,1.0809358512373195,0.5137674168521409,0.019473115720411993,15137.67416852135
M15,20,4.0,H4,20,long,1.0,1654,82.46294021294023,0.23389238630584774,0.23874972210713818,1.078278206283912,0.35368802902055624,0.00020353491649032404,0.3173307553796135,0.25476820407028,1.1062100536925688,0.61551433828993,0.024202153535037185,16155.143382899189
M15,20,4.0,H4,20,short,0.0,1903,88.42014374761482,-0.14568527594521746,0.33052587718757787,0.9497000426437283,0.3131897004729375,-0.00013065513723704869,-0.17697325648351864,0.4642320009341765,0.9366609206595857,-0.35612774790888646,-0.02024800849546915,6438.72252091118
M15,20,4.0,H4,20,short,1.0,1499,74.79641393442623,-0.16414284045228344,0.36506003340526905,0.9385273768139736,0.3095396931287525,-0.0001697475512430306,-0.25537126953598527,0.5288552954256331,0.9063262884609226,-0.42838719343780773,-0.0275215535477058,5716.128065621944
M15,20,4.0,H4,32,both,0.0,3912,181.95059213039602,0.012174232447833912,0.4325171133872463,1.0029270071128031,0.3369120654396728,7.5690259552120285e-06,0.030967853465971806,0.5149770694724093,1.0090608602646163,-0.1603013462862518,-0.008093092507095667,8396.986537137522
M15,20,4.0,H4,32,both,1.0,3083,153.56140051820537,-0.08349675663681112,0.43343065420948557,0.9782738131569522,0.33506325008108984,-6.021700018842324e-05,-0.062402489293226254,0.5611050816009064,0.9817786568625108,-0.39301033126115026,-0.024560227498377052,6069.896687388521
M15,20,4.0,H4,32,long,0.0,2197,102.30166369199388,0.23802378274125716,0.3823499644851587,1.0724791210749307,0.35912608101957216,0.00017678282596074926,0.37310726476891964,0.3097768525318437,1.1190250642217703,0.8333415772776585,0.028626554572236396,18333.415772776592
M15,20,4.0,H4,32,long,1.0,1701,84.80620393120394,0.1095462787637514,0.36203059567740703,1.0360374994375736,0.3586125808348031,9.489209356414016e-05,0.30437404597990436,0.3160786171586304,1.1018732895014742,0.6259629790824337,0.024531404536104473,16259.62979082425
M15,20,4.0,H4,32,short,0.0,1979,92.04504647905259,-0.09919680212821189,0.3548250013357701,0.9647479104406804,0.30924709449216775,-9.485270604486711e-05,-0.14661655079095182,0.5912789616002814,0.9347297745929548,-0.447930283643336,-0.027252981299217383,5520.697163566645
M15,20,4.0,H4,32,short,1.0,1561,77.89006147540984,-0.07197442364352699,0.3751229056999371,0.9719021930515159,0.31197950032030747,-8.026522678136745e-05,-0.15669770689318305,0.5915666642116264,0.9258193464109299,-0.4483846164390469,-0.029248008552417826,5516.153835609535
M15,20,4.0,H4,50,both,0.0,4227,196.77692454754015,-0.12568763942447153,0.49937959400639054,0.9714418386506571,0.3271823988644429,-7.433671749180741e-05,-0.1663571848714629,0.7177808021087162,0.9562866961430233,-0.6409370870307642,-0.046562720467853924,3590.6291296923296
M15,20,4.0,H4,50,both,1.0,3322,165.4657711714169,-0.14652014321602463,0.529552393757929,0.9637910655115085,0.33112582781456956,-0.00010094393095417051,-0.2197985778586219,0.7399072662719565,0.9411361315362554,-0.678189332557567,-0.054908124785326806,3218.1066744243317
M15,20,4.0,H4,50,long,0.0,2333,108.64825321943134,0.13360430043431548,0.3099974640783646,1.0393446918615687,0.3437633947706815,9.538428233464189e-05,0.19609392153663355,0.38272224813327893,1.060420657498433,0.35898170316358535,0.0143872529265765,13589.817031635934
M15,20,4.0,H4,50,long,1.0,1802,89.78045287136815,0.15030985982580314,0.22975707912259657,1.04877045989661,0.3507214206437292,0.0001262108054792052,0.2195870436472121,0.3176442940431071,1.0710846639486071,0.3946750485040462,0.016712193894112826,13946.750485040497
M15,20,4.0,H4,50,short,0.0,2102,97.9404898584003,-0.2124016444427865,0.4113705399041676,0.9291498287172365,0.30922930542340626,-0.00019520647820183635,-0.2236045006088645,0.6063735101135536,0.9137299369051979,-0.5350653620694792,-0.03505519166653637,4649.34637930522
M15,20,4.0,H4,50,short,1.0,1661,82.87981557377049,-0.2584744183258153,0.4947318091368159,0.9071469465480236,0.3124623720650211,-0.00027522974003789125,-0.32851264136343383,0.7053986590812935,0.8618769519732212,-0.6630731543828177,-0.052835986703269944,3369.268456171821
M15,20,4.0,H4,80,both,0.0,4408,205.59596475545908,0.014472179405814653,0.5127390773308919,1.003184528509126,0.3341651542649728,8.143272328465705e-06,-0.031502265592476944,0.5792094328487085,0.9916788842978397,-0.353767218712043,-0.02015755627592919,6462.327812879597
M15,20,4.0,H4,80,both,1.0,3410,169.8489704077458,-0.14199101372910322,0.5933754838438827,0.9662802454874447,0.330791788856305,-9.316627061189427e-05,-0.18059284254356794,0.7850476900364834,0.9524131563404096,-0.6450136629101011,-0.05027809604295441,3549.8633708989914
M15,20,4.0,H4,80,long,0.0,2434,113.67069428461834,0.15243125671005248,0.3061757359345946,1.0433429111991688,0.3442892358258012,0.0001066457551680984,0.23795008115498004,0.3555897729696018,1.0708727019364508,0.4811821887841179,0.018515444551262306,14811.821887841112
M15,20,4.0,H4,80,long,1.0,1849,92.1221184013095,0.08398735678272362,0.2962683243652694,1.026212199904211,0.34559221200649,6.96297680964322e-05,0.20436834749677382,0.37424978368680495,1.0644410935226294,0.36680670407230176,0.015690265617719357,13668.06704072298
M15,20,4.0,H4,80,short,0.0,2110,98.41367641425106,-0.014185227012031558,0.33417238799148463,0.995223820769912,0.32654028436018956,-1.260271649782127e-05,-0.11235264561765518,0.49533259755414016,0.9545690952000165,-0.3706663159133984,-0.021367810808054943,6293.33684086608
M15,20,4.0,H4,80,short,1.0,1668,83.22909836065574,-0.14217299433709232,0.4201566366971332,0.9490618188558313,0.3195443645083933,-0.00014494330861470966,-0.2534726346257951,0.6337395404920199,0.8973312564252646,-0.5640513961759039,-0.040580132182144735,4359.486038240965
M15,20,4.0,H4,120,both,0.0,4559,213.18329919344515,0.0940933765003175,0.4193057745988923,1.0197556291335617,0.3292388681728449,5.0584262265466955e-05,0.24328052998478783,0.34563224824542715,1.0550086171962227,0.6577706356732735,0.02391799975796083,16577.706356732753
M15,20,4.0,H4,120,both,1.0,3576,178.11727805809355,-0.07029096866910306,0.42029925342531627,0.9842604898773292,0.3282997762863535,-4.3261564802567317e-05,0.10989638315346202,0.43004504281187095,1.0259509575950532,0.11303301549935774,0.005348242686716187,11130.33015499345
M15,20,4.0,H4,120,long,0.0,2504,117.11947752593161,0.22565233356150716,0.19809927600247879,1.061850489652985,0.34384984025559107,0.00015129484626715193,0.256558551829028,0.2381365746828814,1.073107707676546,0.4904762902986457,0.01884220166980355,14904.762902986331
M15,20,4.0,H4,120,long,1.0,1940,96.65598144864275,0.049105762208851,0.20389410300862787,1.014264180504624,0.3463917525773196,3.746302517720491e-05,0.1788082178560838,0.2846911501963797,1.0535279395223587,0.2918345770571833,0.012839487953447248,12918.345770571841
M15,20,4.0,H4,120,short,0.0,2161,101.23191612158521,-0.15502939153410117,0.4547735859995444,0.9519323662656911,0.3081906524757057,-0.0001294948508594625,-0.0007572596041124994,0.3725687728618948,0.9997358343432842,-0.1182507168384459,-0.005877976403018681,8817.492831615516
M15,20,4.0,H4,120,short,1.0,1720,85.82377049180327,-0.20160719971189,0.40061936543429044,0.933027205947216,0.30465116279069765,-0.00019307429057968515,-0.11485816659484348,0.4091325934193403,0.9590336261131988,-0.31675870137619366,-0.018826850663847372,6832.412986238072
M15,20,4.0,D1,20,both,0.0,4787,223.8448022020228,-0.04794609557967319,0.4688465995973703,0.9902866734547735,0.33026947984123667,-2.4522259799292993e-05,0.08771769826907785,0.5077635262830376,1.0193423651933442,0.04586924378652801,0.002099353363806067,10458.692437865328
M15,20,4.0,D1,20,both,1.0,3757,187.15824468085106,-0.22656191843212045,0.5994656280149513,0.9511141542345415,0.32898589299973385,-0.00013230836150443178,-0.07815588253110094,0.7115805113995619,0.9820724421267063,-0.43850014983580654,-0.02834154725776461,5614.998501641873
M15,20,4.0,D1,20,long,0.0,2813,131.53863141723212,0.17367257574204115,0.22346608924076583,1.0447104876361795,0.3455385709207252,0.00010785336363124977,0.2129711530291143,0.3100171204460208,1.057670302354137,0.40339060918274505,0.015973110426709125,14033.906091827397
M15,20,4.0,D1,20,long,1.0,2185,108.84768821603927,-0.005149236499938895,0.23243401983201661,0.9985918849752223,0.3469107551487414,-3.6206333880556984e-06,0.12457162320483763,0.35849008205907973,1.0352417475515723,0.1665850757134959,0.007705200539107393,11665.850757134864
M15,20,4.0,D1,20,short,0.0,2435,114.39019292604502,-0.23231246096397704,0.4745817201776632,0.9330355416468105,0.3096509240246407,-0.00017461094023843982,-0.08543713595932753,0.4318308350826998,0.9730763734869341,-0.2782626156224969,-0.015202335277095358,7217.373843775091
M15,20,4.0,D1,20,short,1.0,1915,95.84184023020006,-0.24927796810213124,0.475783415391023,0.9224398773052336,0.31018276762402086,-0.0002169567399964907,-0.19008337169901987,0.531092812893639,0.9383943486970876,-0.4175665454320211,-0.026690287320770056,5824.334545679811
M15,20,4.0,D1,32,both,0.0,4873,228.86244695898162,0.01573121919379926,0.4431282856704828,1.0032088128585537,0.3293658936999795,8.100639011882487e-06,0.08307652848923915,0.44758383545770075,1.017663665216413,0.060575066284339174,0.002765913857349922,10605.750662843355
M15,20,4.0,D1,32,both,1.0,3856,183.12365102067352,-0.14306499673434256,0.5197066138405239,0.9681585654446874,0.32857883817427386,-8.620528957505178e-05,-0.0034831492320598575,0.48185324097895765,0.9992066436132382,-0.19403688782135398,-0.010192241913996924,8059.6311217864395
M15,20,4.0,D1,32,long,0.0,2883,135.5581552523172,0.16085715944390788,0.22129724553708086,1.04241610311948,0.33957682969129377,0.0001046194298938879,0.19780887335023828,0.26832293057939205,1.0533884190800604,0.36180663939119007,0.014626228575901568,13618.06639391183
M15,20,4.0,D1,32,long,1.0,2286,108.56345078663374,0.04175793028257563,0.21986432960990876,1.0120587338834528,0.34076990376202976,3.1712206210475315e-05,0.15271966200351467,0.2844822790888518,1.0443227342064494,0.24633599800978345,0.010512680316845824,12463.359980097808
M15,20,4.0,D1,32,short,0.0,2313,108.728861003861,-0.17828128753874173,0.4378127845558114,0.9458299844597751,0.3125810635538262,-0.00013935218339982368,-0.12156892463190212,0.4422315523513235,0.9615321556707588,-0.28788426797279365,-0.015833135948767785,7121.157320272075
M15,20,4.0,D1,32,short,1.0,1802,90.01374452954047,-0.267435352309211,0.5076193771747182,0.9124986742917764,0.30688124306326303,-0.00024389020981694133,-0.23204515530821007,0.5194228738994144,0.9235964774976194,-0.4312602445088922,-0.02779598389627047,5687.397554911078
M15,20,4.0,D1,50,both,0.0,4891,231.1643051242236,0.005468722535672359,0.41796442605095496,1.0010999568573065,0.33060723778368434,2.76500355892367e-06,0.1257706827560386,0.3790844132110367,1.02698682199932,0.18709764557770514,0.008139120196064997,11870.976455777072
M15,20,4.0,D1,50,both,1.0,3883,184.35795528402443,-0.060352621687641855,0.431671207785147,0.9865802112891957,0.3345351532320371,-3.601880807544306e-05,0.0876662876525515,0.40259513723646045,1.0204675417863316,0.06329637834260704,0.002918172300297117,10632.963783426081
M15,20,4.0,D1,50,long,0.0,2858,135.07822204968943,0.2771854153184249,0.18097591632739662,1.0736617449554555,0.3435969209237229,0.00017855588107495854,0.3469287081180327,0.2019003683449565,1.0947087387796985,0.767466242200771,0.027284192790433703,17674.662422007612
M15,20,4.0,D1,50,long,1.0,2256,107.11088002079812,0.21764353682643706,0.1634751415485982,1.0642367013507874,0.3532801418439716,0.00016457727150772608,0.3406255812493054,0.18777411480157824,1.1014162835072565,0.7537819447144816,0.027030943424405818,17537.81944714466
M15,20,4.0,D1,50,short,0.0,2294,109.1847146207975,-0.3552692646034441,0.5370125026998482,0.8956363256108403,0.30688753269398433,-0.00027294756567285096,-0.2780861699648754,0.5976179476471037,0.911116441927117,-0.5431210737960606,-0.03659705413164882,4568.789262039384
M15,20,4.0,D1,50,short,1.0,1824,91.66428178315905,-0.36836912442826075,0.5788808674867458,0.8831431927907599,0.3026315789473684,-0.0003304975737186152,-0.3321142481951661,0.6490097885465007,0.8881590148412688,-0.583634793385678,-0.04307728809656086,4163.652066143193
M15,20,4.0,D1,80,both,0.0,4889,233.8231308105277,-0.0635559481398801,0.4185233174073386,0.987331895255922,0.3340151360196359,-3.180597178168223e-05,0.12481180285506518,0.4389901992645774,1.0263480803130363,0.18016200711171249,0.007953987083517022,11801.620071117135
M15,20,4.0,D1,80,both,1.0,3942,196.37418166939443,-0.1053147520295142,0.4725753686394777,0.9773620396788658,0.3361237950279046,-6.055357658673814e-05,0.042312944572190404,0.5182550436178592,1.009363460259259,-0.08584870371317954,-0.004461450632284314,9141.512962868172
M15,20,4.0,D1,80,long,0.0,2820,135.15352315969034,0.2562505288244926,0.21252784813745484,1.0661466839115927,0.34929078014184395,0.00016278033487151833,0.3330329599839045,0.2613974017995593,1.0895335733514184,0.7754626809029099,0.027894873404568532,17754.626809028923
M15,20,4.0,D1,80,long,1.0,2263,112.73332651391162,0.17232152581889668,0.2364000323460932,1.047490999797182,0.35395492708793636,0.00012435330133220342,0.29129515435914777,0.31141052759634835,1.0823316927656963,0.6334220632225425,0.024744708124615045,16334.220632225313
M15,20,4.0,D1,80,short,0.0,2270,108.66546526867629,-0.4189587578345964,0.5534469734952492,0.8768256081444885,0.31233480176211453,-0.000316991394790642,-0.2712231821094256,0.5797944885374648,0.9144063252996333,-0.5325772027569611,-0.035751592703420765,4674.227972430389
M15,20,4.0,D1,80,short,1.0,1820,91.61452590959206,-0.40458309303568285,0.6000362773593388,0.870962680426308,0.310989010989011,-0.00035644686634576114,-0.3721367732998809,0.6697505704528712,0.8775296072945131,-0.608909019880968,-0.046158482380785015,3910.909801190316
M15,20,4.0,D1,120,both,0.0,4867,236.29825202711683,-0.012296049096809718,0.513157983103393,0.997556780844862,0.3268954181220464,-6.150311740026634e-06,0.13965982371865684,0.4341897080222802,1.0291000711697034,0.22860149440198696,0.01004565605891461,12286.014944019862
M15,20,4.0,D1,120,both,1.0,3976,198.0139078265612,-0.15609316797103673,0.5409883191751139,0.966870008292543,0.3262072434607646,-8.876825373899688e-05,0.07913058339109078,0.46508271366311504,1.0175427660658982,0.0064162691610420985,0.00031857485718655987,10064.162691610432
M15,20,4.0,D1,120,long,0.0,2771,134.53512561478132,0.25014756876917604,0.3816952299383781,1.0639739249010203,0.3457235654998196,0.00015979575629902643,0.33763850915904114,0.38762330312405,1.090382381106789,0.8339952245052242,0.029883914324264627,18339.95224505224
M15,20,4.0,D1,120,long,1.0,2269,113.00139760021816,0.10587303545462008,0.3592766172652333,1.028730784110313,0.3472895548699868,7.594546379985314e-05,0.2971745646307956,0.3807233916115994,1.0836528294450902,0.7145511475612749,0.02721470658631242,17145.51147561265
M15,20,4.0,D1,120,short,0.0,2252,111.30487144790257,-0.2736988867543924,0.4505979387451625,0.918107052427283,0.30683836589698044,-0.00020586925220765213,-0.13334276212830184,0.4900971259557838,0.9575343909752813,-0.32101303316970276,-0.01895310259644356,6789.869668303011
M15,20,4.0,D1,120,short,1.0,1824,93.39913080050471,-0.29517604460460284,0.4903372824809661,0.9046886549969023,0.3042763157894737,-0.0002563487779726924,-0.20489955754282857,0.5527464496576397,0.931579636288225,-0.4064087386740255,-0.02635356726829363,5935.912613259797
M15,20,5.0,none,0,both,0.0,3992,185.27039390088945,-0.049900957798734935,0.5139027134419407,0.9893756864736843,0.3456913827655311,-3.297872682120717e-05,0.10974728009794038,0.579155725275867,1.0247538320285197,0.1099475085900794,0.004852934819854937,11099.475085900787
M15,20,5.0,none,0,both,1.0,3315,154.12471359470467,-0.07931686582668702,0.5006875912601836,0.9818312753491986,0.351131221719457,-5.882783586922727e-05,0.07191154078277721,0.5643264878359291,1.017132570764139,-0.016918502368372446,-0.0007930094812241828,9830.814976316176
M15,20,5.0,none,0,long,0.0,3602,167.1915745329775,0.41800499238619454,0.23554216258754035,1.0994901848115888,0.37007218212104387,0.0002891413877187071,0.5183529263072323,0.19775586009897694,1.1256180729147633,1.7035722241802218,0.04724662664364465,27035.72224180191
M15,20,5.0,none,0,long,1.0,2862,135.91802106358082,0.31422078990259655,0.23843670534568795,1.081843767668236,0.3724668064290706,0.00025303633027297037,0.4496661804825546,0.2451926139583881,1.1168301344969653,1.4140329794919686,0.042741585571219654,24140.329794919355
M15,20,5.0,none,0,short,0.0,3603,167.21674078780177,-0.49531574402890816,0.7700384132414428,0.8883473374307715,0.3161254510130447,-0.0003575983181883824,-0.3651199165255044,0.7788179675903384,0.9119447591057623,-0.7654263928249493,-0.06508012758702808,2345.736071750519
M15,20,5.0,none,0,short,1.0,2839,131.99398548879836,-0.39532544329444574,0.6913698784376738,0.8994202808056735,0.32264882000704476,-0.0003394889576210163,-0.3285423196991031,0.7563286410879639,0.9101719846879286,-0.7092058063604656,-0.05580776684922906,2907.9419363953316
M15,20,5.0,H4,20,both,0.0,2079,96.59772929652716,0.09853007824004612,0.34914703350493503,1.030721538717185,0.3511303511303511,9.79318399681653e-05,0.23622107690739091,0.27488866007733137,1.0787356766592466,0.5109784750308124,0.019363260136314286,15109.784750308176
M15,20,5.0,H4,20,both,1.0,1676,78.35133751439908,0.03774555785012947,0.3407022995111111,1.0129072753508948,0.35143198090692124,4.3778272068921544e-05,0.19508194674130827,0.3097133981928567,1.0708992596216835,0.3801560681456566,0.015176379983658617,13801.560681456556
M15,20,5.0,H4,20,long,0.0,1269,59.02983316352522,0.3646873977659681,0.2649299135399379,1.146909510643281,0.3829787234042553,0.00042691974591525805,0.46144156863585467,0.27218251546795036,1.1940539031638584,0.891457183682888,0.030091233502012926,18914.571836828796
M15,20,5.0,H4,20,long,1.0,1002,49.95638820638821,0.3569094353114626,0.22315944904886054,1.1567279459735567,0.38922155688622756,0.00048638297483567913,0.48071637736449924,0.2381721259655709,1.2139876255060702,0.8791177508107542,0.031949476951158795,18791.1775081075
M15,20,5.0,H4,20,short,0.0,1147,53.29369673069584,-0.18055813568557527,0.34381899700201557,0.9248232490657847,0.31386224934612034,-0.0002492126074195003,-0.11141296648839392,0.32805670623563266,0.9492522460532157,-0.2329699325672384,-0.012247871606870131,7670.300674327705
M15,20,5.0,H4,20,short,1.0,902,42.16760527326251,-0.16297648949562707,0.3290380589477315,0.9242422590916735,0.31929046563192903,-0.00026461100760445563,-0.11657009710389975,0.33104058641912726,0.9418935811560005,-0.22721043731065393,-0.011977182434377398,7727.895626893481
M15,20,5.0,H4,32,both,0.0,2356,109.56569900687549,0.07976885087349991,0.3520819740173824,1.024588500938317,0.35568760611205436,7.791045770023292e-05,0.18076247377548188,0.30207411422823116,1.065298077103251,0.3518132354067056,0.01411749820779451,13518.132354067071
M15,20,5.0,H4,32,both,1.0,1871,93.1800859012817,0.02994588531866768,0.37880963269971535,1.0099360662912045,0.3538214858364511,3.369108719907853e-05,0.12742512945921292,0.3090347552520595,1.0483752875820227,0.16679066875315707,0.0077119350115957275,11667.906687531511
M15,20,5.0,H4,32,long,0.0,1304,60.719785823559405,0.18999138994953688,0.3463220578896027,1.0737551479892928,0.37883435582822084,0.00021493482253061235,0.41880810804627566,0.26951499121168565,1.1758387082084705,0.8064640876017115,0.02791940799479553,18064.640876016987
M15,20,5.0,H4,32,long,1.0,1005,50.10595823095824,0.06765141316305004,0.38293582549189287,1.0283895589409515,0.373134328358209,8.966072738333502e-05,0.32889199278176934,0.30387799158355233,1.1477331979318122,0.5627827118621307,0.022509000150687575,15627.827118621262
M15,20,5.0,H4,32,short,0.0,1251,58.177711993888465,-0.08828654374813184,0.3769653187000568,0.9617422974149342,0.3205435651478817,-0.0001292149553701486,-0.11795766343833061,0.5020693928261042,0.9387839512497491,-0.31849645604076904,-0.01767444883672553,6815.035439592327
M15,20,5.0,H4,32,short,1.0,995,49.872890078221495,-0.056918528485643195,0.38534382860381333,0.973276548372917,0.32663316582914576,-9.558444267041733e-05,-0.11097721838667107,0.49401476061681016,0.9393986302786426,-0.2886105150870383,-0.01692397171869031,7113.894849129628
M15,20,5.0,H4,50,both,0.0,2606,121.31551108845272,0.11564666549490987,0.304836400568702,1.0326317980721758,0.3484267075978511,0.00010060567844582513,0.2364694241621956,0.23112528359055073,1.0700556906734802,0.525142464871228,0.01984351031146736,15251.424648712256
M15,20,5.0,H4,50,both,1.0,2061,102.64252113444232,0.05285131275961242,0.31124317502306664,1.016000228888536,0.3498301795245027,5.277826687290438e-05,0.1684122295050684,0.27847146145821644,1.0522579940979948,0.29310397089220896,0.01288374446261864,12931.03970892204
M15,20,5.0,H4,50,long,0.0,1435,66.82822261889582,0.31435900643958553,0.2686495852171904,1.1239650096278289,0.37700348432055747,0.0003532918087309425,0.33722833439735017,0.2352987175679554,1.1351313897358062,0.6024605716195455,0.02220261095188225,16024.605716195403
M15,20,5.0,H4,50,long,1.0,1113,55.452632655845036,0.2585978722390082,0.24181049412666977,1.1109797526755902,0.3782569631626235,0.0003392081935550546,0.2925062575660051,0.2277834167271574,1.124165131363063,0.4766680300550923,0.019610090623725762,14766.68030055087
M15,20,5.0,H4,50,short,0.0,1295,60.339169536930726,-0.19864131008906039,0.4006363436477397,0.9250262021988221,0.31351351351351353,-0.0002510125370153492,-0.02756233684015724,0.32911564417327865,0.9881808341373385,-0.12267943819009486,-0.006079791401643275,8773.205618099086
M15,20,5.0,H4,50,short,1.0,1036,51.715047150471506,-0.2372181789107015,0.4068082528353697,0.9049224328451548,0.31467181467181465,-0.0003398507627345717,-0.08016903424234216,0.3327050189834635,0.9643563175185985,-0.19466582233337126,-0.010748957608505694,8053.341776666302
M15,20,5.0,H4,80,both,0.0,2792,130.20658835546476,0.2646779930604052,0.26096502337036454,1.0710251599964138,0.3538681948424069,0.00021722047147443047,0.3765075141424763,0.23436238495781248,1.103089655861327,0.968328665208561,0.032084885742135194,19683.286652085662
M15,20,5.0,H4,80,both,1.0,2174,108.27017998363785,0.24132480222039487,0.26155376481032755,1.0706997641724463,0.3514259429622815,0.00023225649768624036,0.36876642741918503,0.25540079370128743,1.1075904126779266,0.878938888855463,0.03190918396777853,18789.388888554542
M15,20,5.0,H4,80,long,0.0,1511,70.56549673954737,0.4641330745814934,0.16444788255545983,1.1751196153978292,0.38649900727994707,0.0005028496595415183,0.5385111497703651,0.1953882972385147,1.2096302642459427,1.163903384491915,0.036706942751268956,21639.033844919126
M15,20,5.0,H4,80,long,1.0,1154,57.49536216068749,0.38271501186202955,0.15829644415060107,1.1582168356846791,0.3830155979202773,0.0004930841811820634,0.5012085558775906,0.2064763890445297,1.2101434178218315,1.0245556551573922,0.035767225920219525,20245.55655157385
M15,20,5.0,H4,80,short,0.0,1368,63.797497446373846,-0.044695422178854645,0.24266001464489373,0.9832772821274824,0.3216374269005848,-5.390672529189342e-05,-0.024642139904245908,0.22251517524034448,0.9909695454534823,-0.09563652641995024,-0.004677021907222523,9043.634735800522
M15,20,5.0,H4,80,short,1.0,1085,54.1610291102911,0.01276316429335905,0.2439546847356766,1.0052119332035574,0.3216589861751152,1.7836670382988833e-05,0.044499566221840696,0.1933735293539175,1.0174488866975762,0.01242521149007092,0.0006166100300277755,10124.252114900693
M15,20,5.0,H4,120,both,0.0,2964,138.61728553137004,0.30500261699891,0.2972594521277211,1.078799791639692,0.36133603238866396,0.00024164243088772099,0.4277522493070045,0.25884209785099077,1.1196213423669443,1.2977329864625786,0.039673283366851386,22977.329864625775
M15,20,5.0,H4,120,both,1.0,2335,116.28834878647395,0.16153521324819983,0.2952527395003186,1.0444668217368607,0.3618843683083512,0.00014687008840513863,0.34551449342466833,0.2540107679076786,1.101616018891349,0.9446385269369306,0.03367696456113323,19446.3852693692
M15,20,5.0,H4,120,long,0.0,1593,74.52840399641347,0.5625249122071618,0.1441590117582583,1.203960329411236,0.3935969868173258,0.0005786164447301365,0.5795565576564609,0.14987351248011171,1.215108882778958,1.262054343404452,0.038927882640367395,22620.54343404444
M15,20,5.0,H4,120,long,1.0,1239,61.73028918292184,0.3733435107185455,0.15623441249852588,1.1436011108016082,0.39144471347861176,0.0004404037724950959,0.4795553437253348,0.16030787148992187,1.1877236635324682,0.9813630390908521,0.03465495627677195,19813.63039090853
M15,20,5.0,H4,120,short,0.0,1436,67.26933435936898,-0.16900688266723032,0.3671355085147513,0.9397353877392942,0.3231197771587744,-0.00019920314437964063,-0.006139294409827505,0.31673752833315505,0.9974895592845299,-0.09251953415749281,-0.004537532660010224,9074.80465842517
M15,20,5.0,H4,120,short,1.0,1149,57.35578105781058,-0.1781034537331539,0.33022987594380426,0.9320711217895209,0.32724107919930373,-0.0002402477512291054,-0.04772331421876303,0.2974891730100212,0.9799484603519364,-0.15057678847278888,-0.008113411535178416,8494.232115272116
M15,20,5.0,D1,20,both,0.0,3215,150.37504802151363,0.16797978680008632,0.3374524799982572,1.0413543984993794,0.35800933125972006,0.00012544079536333305,0.3012488146508596,0.28662623321909964,1.0796652498910526,0.7769828977465898,0.027255376911453855,17769.828977465837
M15,20,5.0,D1,20,both,1.0,2546,126.81392336015274,0.02085405386802971,0.3513707532519833,1.005470829238152,0.35899450117831894,1.774833242490979e-05,0.22914058623591083,0.3205399808984417,1.064010539955215,0.5110511705426215,0.020774308707086853,15110.51170542614
M15,20,5.0,D1,20,long,0.0,1907,89.19602381867077,0.5689898225756383,0.15168813273178272,1.189365199152396,0.38542212899842687,0.0005343731467242556,0.5597145590337276,0.14022978771685035,1.189925481256942,1.2378275478288114,0.038394607938229575,22378.27547828812
M15,20,5.0,D1,20,long,1.0,1498,74.61400518205373,0.39369585705080995,0.14932221027377046,1.1388237294283734,0.3818424566088118,0.00041895015040218866,0.45474511749595026,0.16694677335244645,1.161971480495008,0.9600004589202404,0.03408684122149941,19600.00458920231
M15,20,5.0,D1,20,short,0.0,1689,79.35519037818368,-0.2752939770632422,0.4488433600053203,0.9107822751590687,0.3280047365304914,-0.0002883017866152043,-0.08496453871388085,0.4064558220127652,0.9695166880385552,-0.22533740322786333,-0.011924530536336908,7746.625967721421
M15,20,5.0,D1,20,short,1.0,1341,67.15111735673156,-0.24900759681398102,0.3995808441322096,0.9124508968093448,0.33557046979865773,-0.0003003477924796656,-0.07599405246392102,0.3670929876189044,0.9714211207030257,-0.19276166745501544,-0.010665676943177771,8072.383325449863
M15,20,5.0,D1,32,both,0.0,3303,155.14670138888889,0.07987628679762296,0.3394515869392568,1.0193884692305684,0.34847108689070544,5.96634783271725e-05,0.20841722213855246,0.24460553427837006,1.0530291244898589,0.4342656506829201,0.017084695636747416,14342.656506829175
M15,20,5.0,D1,32,both,1.0,2641,125.42260434273827,-0.057228557733874835,0.3530979506795099,0.984868885088272,0.34948882998864067,-4.961802511604106e-05,0.1629949642572573,0.2420718555183332,1.0447364043599712,0.29532194579911786,0.012364441557822126,12953.219457991241
M15,20,5.0,D1,32,long,0.0,1965,92.39395597322348,0.29780377323474166,0.18139133654869466,1.0958284811231194,0.3659033078880407,0.0002863367268405057,0.33207023869908103,0.20347316507487934,1.1085906561003276,0.6752023141799224,0.02455577012874044,16752.023141799258
M15,20,5.0,D1,32,long,1.0,1579,74.98761539461708,0.100706658428287,0.17970758433059209,1.0347514656834191,0.3578214059531349,0.00011148813795721977,0.23229573974911671,0.21730619921987693,1.0812692064392662,0.43546276923348515,0.01731544232323956,14354.627692334805
M15,20,5.0,D1,32,short,0.0,1605,75.45710516153946,-0.152731837874582,0.4035033421321893,0.9468652995577809,0.3264797507788162,-0.0001658538726382788,-0.051189978229951374,0.37898177439157044,0.9811638986991376,-0.14583879271232236,-0.007383637857426795,8541.612072876815
M15,20,5.0,D1,32,short,1.0,1258,62.865576686277194,-0.15619364866355306,0.3811093247757482,0.9405608195561921,0.33306836248012717,-0.0001976600420311585,-0.03888306881061068,0.3564142091557858,0.9847202427806477,-0.11914673962562261,-0.00631968615847367,8808.532603743783
M15,20,5.0,D1,50,both,0.0,3323,157.07593503300117,0.07532114869298506,0.2632678453911914,1.017816563270371,0.34968402046343666,5.451146038970273e-05,0.22427521445363646,0.19905503350371279,1.0545954494771532,0.473430723918576,0.01849014408514793,14734.307239185699
M15,20,5.0,D1,50,both,1.0,2668,126.70484982447016,0.015193909203865178,0.24469426505523162,1.0039372214796214,0.3511994002998501,1.2841111965349082e-05,0.2087682793808558,0.2111405989897015,1.0546936623207266,0.4260203928073132,0.0169966435214588,14260.203928073046
M15,20,5.0,D1,50,long,0.0,1960,92.64785815969977,0.4332862754484063,0.1629182359450847,1.1419348453237697,0.376530612244898,0.0004098767088112225,0.4860729068996468,0.16740440823973068,1.1620831101219715,1.0787961596297744,0.0351963956773631,20787.961596297682
M15,20,5.0,D1,50,long,1.0,1568,74.46521908724483,0.31046591207099494,0.1879333617731621,1.1113596462225825,0.37691326530612246,0.0003426478154836405,0.41909555592879943,0.19286508518960954,1.1504127493799288,0.9136270523191434,0.03130129924758629,19136.270523191393
M15,20,5.0,D1,50,short,0.0,1571,74.76322475570032,-0.2701047667457783,0.4617688244819298,0.9066742495404618,0.31253978357733925,-0.00030109050940432304,-0.12492046427924752,0.44732987780724287,0.9533771786869872,-0.2663725301431149,-0.014632940093571078,7336.274698568889
M15,20,5.0,D1,50,short,1.0,1261,63.37097550908091,-0.23127923799465008,0.43725887381026873,0.9135451531236091,0.3148295003965107,-0.00029745603855251923,-0.10751640596651386,0.4341054796401904,0.9576279717383958,-0.22397384072865456,-0.012662147834999748,7760.261592713444
M15,20,5.0,D1,80,both,0.0,3328,159.18700890518596,0.06910106758705822,0.33122764048491293,1.0164513950021579,0.34705528846153844,5.008369240338196e-05,0.2877938035081771,0.2367641254124495,1.0728207331924156,0.7296178612295259,0.0265539612777137,17296.17861229539
M15,20,5.0,D1,80,both,1.0,2717,135.33127642165553,0.0537399518911865,0.32465839739783686,1.0138162399520119,0.3514906146485094,4.4505985202690596e-05,0.27544928722546813,0.2371653518787844,1.074039981165817,0.6490722495714694,0.025228119375535485,16490.72249571472
M15,20,5.0,D1,80,long,0.0,1914,91.73185933604513,0.3739040928809998,0.1955572419940148,1.117701092688226,0.3735632183908046,0.00034873406888518994,0.4603816045816369,0.22089568824290484,1.1495438117749825,1.0667896556650578,0.03540709309638013,20667.896556650485
M15,20,5.0,D1,80,long,1.0,1554,77.40331378699032,0.22285174177833,0.2538487544007403,1.074068783822634,0.3732303732303732,0.00023408013683850543,0.3748570754597278,0.28527652364947265,1.1282590086317001,0.8062899578275009,0.029888830463726146,18062.899578274944
M15,20,5.0,D1,80,short,0.0,1567,75.02251278018089,-0.3219943789535713,0.48682127394055097,0.8896769366371918,0.31397574984045945,-0.00034837432609374053,-0.1850944622438662,0.5035651173296932,0.9332248346972662,-0.34422540761518505,-0.019998260453775063,6557.7459238481615
M15,20,5.0,D1,80,short,1.0,1278,64.36700220628792,-0.25367640253802287,0.45122075809349826,0.9054534284400881,0.3208137715179969,-0.00031612608980145107,-0.1330320180865195,0.4690949044308791,0.9486876683592563,-0.25664425722303597,-0.014826393642374258,7433.557427769677
M15,20,5.0,D1,120,both,0.0,3323,161.44263766959298,0.05759399793688904,0.43197148433197885,1.013427877287725,0.34276256394823956,4.113331818444239e-05,0.24252900163348112,0.2968133728256359,1.0574888726525744,0.561088082744468,0.021874027712981192,15610.880827444773
M15,20,5.0,D1,120,both,1.0,2745,136.72593072412383,-0.03511160597711423,0.40375390455172355,0.9913041219022619,0.3428051001821494,-2.825705757108764e-05,0.2008713510446326,0.28215150699678115,1.0500263511958372,0.40857422368954466,0.017209909002389168,14085.742236895461
M15,20,5.0,D1,120,long,0.0,1890,91.82262569832403,0.4052990970625892,0.16549050230256612,1.129358742610784,0.373015873015873,0.00038726584217633174,0.5070589158482245,0.14842630563522108,1.1658756594492947,1.2081113255495728,0.039234864463889574,22081.11325549564
M15,20,5.0,D1,120,long,1.0,1555,77.45312286922133,0.2785930890345587,0.1568671087593122,1.0948332737681274,0.36977491961414793,0.0003013354710760686,0.47061760107434203,0.15325444883645378,1.1631047115505755,1.0953002946176085,0.03753076200937677,20953.00294617595
M15,20,5.0,D1,120,short,0.0,1562,77.20169147496617,-0.3015648785193248,0.4742828465792849,0.8969409289309344,0.3047375160051216,-0.000324240488114641,-0.11410405266263801,0.41908739804366646,0.9579305996140125,-0.2637369543405337,-0.015018395563681008,7362.630456594669
M15,20,5.0,D1,120,short,1.0,1286,65.8504836674611,-0.2691934032676266,0.4476662965278416,0.9015214184033408,0.31026438569206843,-0.0003272633435239274,-0.10176804534791686,0.41080069880730885,0.9603965586973511,-0.227759163622144,-0.013147363455610739,7722.4083637785525
M15,20,1.0,none,0,both,0.0,11102,1829.876128158845,-2.1965330672059187,0.8849583454002142,0.8296207594223011,0.2207710322464421,-0.00018682299002390653,-0.6954476714940397,1.0007512078072824,0.5884608636858406,-1.0007558065488193,,-801.7002399305504
M15,20,1.0,none,0,both,1.0,7118,1051.293772745653,-1.708329363727853,0.8076129512643411,0.8320270989995776,0.22309637538634447,-0.00021370984459375555,-0.8621668120195294,1.0002851279248843,0.7237685137139326,-1.000300875788827,,-547.0883256014008
M15,20,1.0,none,0,long,0.0,11406,1418.4683350357507,-1.5037881701001177,0.8456970577759739,0.8601111730399013,0.1939330177099772,-0.0001541912518422028,0.107983106322091,1.0029037365003541,1.058704699406991,-0.9999999135540485,-0.8676870626943662,-1547.3160819243346
M15,20,1.0,none,0,long,1.0,7723,928.2085389930897,-1.3976981696156514,0.7919132960901346,0.844988286352751,0.19422504208209246,-0.00019190124457362453,-0.3894363445383353,1.000558964198636,0.7689581928648502,-0.9999900509286742,-0.7495069498976403,-1058.1058463058325
M15,20,1.0,none,0,short,0.0,7744,1419.9277108433735,-3.629929814704677,0.8903347016918879,0.7232596660548948,0.23954028925619836,-0.00028125706888125056,-0.6167002402852029,1.0000390251122544,0.3793192998857974,-1.000039013203221,,-123.26703087357754
M15,20,1.0,none,0,short,1.0,5303,797.4148826677646,-2.3822864919774163,0.8102427665165394,0.7584859608865422,0.233829907599472,-0.000287863643993094,-2.3060564713736693,1.0000161541499026,0.5219771020541009,-1.0000173970962114,,-90.95564791220238
M15,20,1.0,H4,20,both,0.0,11269,1353.9481085526315,-1.7558494692763624,0.8521014207822295,0.842618172852685,0.213417339604224,-0.00016371478989873442,0.3882589570304096,1.0003134956885966,1.338986188485047,-1.0003135564903016,,-790.3907124896275
M15,20,1.0,H4,20,both,1.0,7586,895.8249272550921,-1.4461620821114578,0.7676963156049718,0.844046407573429,0.21276034800949117,-0.00018162003205477592,-0.5348017640256905,1.0002234396311211,0.7817333915317058,-0.9999563240632003,-0.694395640343637,-543.9966827845234
M15,20,1.0,H4,20,long,0.0,8163,758.0818077803203,-1.326972084937006,0.760465852218395,0.833694454519485,0.18436849197598923,-0.00016919343864918432,-0.46960930499871384,1.001150790689159,0.45556686541033836,-1.0011499150841265,,-1103.3421620112604
M15,20,1.0,H4,20,long,1.0,6462,538.8688356164384,-1.277043501551351,0.7447351236830904,0.8155002149097775,0.18074899411946765,-0.00020086988564919748,-0.7237125220663807,1.00028216315252,0.25797856872957836,-1.0000000000000395,,-866.7042059361925
M15,20,1.0,H4,20,short,0.0,9686,690.5741752879172,-1.4202474660893032,0.7708832655096477,0.8320082403257357,0.23755936403055958,-0.0001470452750746126,-0.2171672739056697,1.0000385752553145,0.8554741021866895,-1.0000043909606677,,-111.33712817394098
M15,20,1.0,H4,20,short,1.0,8004,495.1661585365853,-1.067821854584706,0.7102764760805278,0.8482806860217369,0.2370064967516242,-0.00014278784852994454,-0.8805622556167852,1.0001208917541273,0.5547539393021951,-0.9999859234315213,-0.49897136998977143,-127.16410934021664
M15,20,1.0,H4,32,both,0.0,8710,1376.602120294245,-2.5199407892434147,0.8757540937630421,0.7853383270307716,0.20826636050516648,-0.00023126392459132229,-0.6806991306406938,1.0004119829072022,0.20233808338118317,-0.999999435997831,-0.8971037552627291,-667.9414630727944
M15,20,1.0,H4,32,both,1.0,5763,810.2139145496535,-1.993129064749477,0.7946275531125409,0.7885469938418707,0.2073572791948638,-0.00026365709984498296,-0.4833415438650931,1.0003112151367166,0.38632221324107346,-1.000314035375943,,-453.9775796218053
M15,20,1.0,H4,32,long,0.0,7538,767.3507525083611,-1.6378725778816037,0.7986706951201001,0.8035447254139982,0.18585831785619528,-0.00020377656251293065,-0.32690389147330867,1.0004538511932373,0.8036406099606126,-0.9999996075119937,-0.7772249631160629,-927.6155257457885
M15,20,1.0,H4,32,long,1.0,5492,527.8823684210525,-1.5938398763980435,0.7604134895902375,0.7790041610193337,0.18445010924981792,-0.0002485920720656663,-0.33841609638503034,1.0005610135864038,0.18982896895571424,-1.0005673428996096,,-692.0503010353818
M15,20,1.0,H4,32,short,0.0,9273,683.5445509586276,-1.4753271642851613,0.773339142741936,0.8264577903749252,0.23519896473633128,-0.00015470222686502308,-0.3702159477381808,1.0007225937273332,0.733655112916489,-0.9999773543128196,-0.5454307102441537,-121.71547669013154
M15,20,1.0,H4,32,short,1.0,8376,503.7599209616335,-1.0705107005073207,0.7288876830721147,0.8497187740663328,0.2336437440305635,-0.00014090195682755954,0.030974050606914855,1.000981586279192,1.058270171931963,-1.0000000037168757,,-150.1729585898487
M15,20,1.0,H4,50,both,0.0,9874,1371.8062000760744,-2.100718517323199,0.8621103647141625,0.8168973417796352,0.21035041523192222,-0.00019373448186537953,0.2287221547374958,1.0005856713482029,1.5553231861210652,-0.9999999999995676,-0.9808466558130472,-764.3311592765164
M15,20,1.0,H4,50,both,1.0,7890,925.4407514450867,-1.451466458134635,0.7633259964605291,0.8467133484913049,0.2102661596958175,-0.000175694513943551,-0.3613166751330617,1.0012886108932098,0.11541905008407438,-0.9999848863152895,-0.7279964891149127,-593.4011513525144
M15,20,1.0,H4,50,long,0.0,7923,770.0574108568387,-1.4474609613953595,0.7743221042656573,0.8212828053058402,0.18225419664268586,-0.00018054269793240003,-0.0741438717671185,1.0003482032918547,0.8806129938344927,-1.0000000002231588,,-1021.614079721968
M15,20,1.0,H4,50,long,1.0,5814,537.0671471927162,-1.4182800127129067,0.7376122173726244,0.7981118527162491,0.1802545579635363,-0.0002231360789888981,0.33019033940726317,1.002353805256394,1.9891682496137428,-0.9997430801242834,-0.5340323744918327,-755.5579293838616
M15,20,1.0,H4,50,short,0.0,9583,686.4465091194352,-1.4913104110751714,0.7791512267599352,0.8249400297951222,0.23583428988834393,-0.00015398073163730457,-0.9713514361868558,1.0000197707629892,0.7484555018400227,-1.0000197686484897,,-139.07554301980088
M15,20,1.0,H4,50,short,1.0,8657,508.35518488745976,-0.9981397523725647,0.7110522735439188,0.8597820636538861,0.23807323553193946,-0.00013027462533886624,-0.5752899849554851,1.000094320672432,0.5208166736074882,-0.9999999998914172,-0.740055094057356,-146.61969010509148
M15,20,1.0,H4,80,both,0.0,9702,1384.7813599062133,-1.9438961827388048,0.83449643060635,0.8289431844049244,0.21490414347557205,-0.00017893828822833127,-0.5925834737412022,1.000539913093921,0.7143212138622799,-1.000551804425174,,-824.3681340877727
M15,20,1.0,H4,80,both,1.0,7242,902.162517053206,-1.6589973968733844,0.8069775875895171,0.8265949813145154,0.21099143882905275,-0.00020742097046530934,-0.585003779993337,1.0018950136914138,0.6134615541369869,-1.0001566631262362,,-509.85173185020983
M15,20,1.0,H4,80,long,0.0,8062,794.9906857451404,-1.5289159359309192,0.7922590734808339,0.814137945103682,0.18394939221036963,-0.00018809244523798927,-0.9146429064806112,1.0000526920868147,0.6606118981349457,-1.0000000457747176,,-1023.7554576030897
M15,20,1.0,H4,80,long,1.0,5437,537.3009334415584,-1.594376591258149,0.7543963865593906,0.7771339002282257,0.1817178591134817,-0.00025119873432134126,-0.7351247637390461,1.0004636481457692,0.4788714946968189,-0.999984562446703,-0.6654040805844633,-687.5205423900218
M15,20,1.0,H4,80,short,0.0,10193,678.7590246125798,-1.1683694220851086,0.7383754482726188,0.8584405682500521,0.23898754046894927,-0.00011961272557419058,-0.29934934635065147,1.0005001770387856,0.7482833786295738,-1.0000275695000966,,-151.52454939400607
M15,20,1.0,H4,80,short,1.0,7872,490.5729397713701,-1.0619543987827345,0.7354046218908938,0.8490439085468482,0.2306910569105691,-0.0001423111486812697,0.23062195698918847,1.0000907642355192,4.292619087053906,-0.9999999999996652,-0.8330589054721929,-139.79155847827883
M15,20,1.0,H4,120,both,0.0,9561,1384.1281212841855,-2.0182062736771624,0.8492446897795082,0.8196113174674792,0.21085660495764041,-0.00019059252557581603,-0.4399432693832763,1.0010433661843092,0.7406210953429188,-0.9999999739476548,-0.9201901852351305,-800.9021901689127
M15,20,1.0,H4,120,both,1.0,6364,867.656215005599,-1.8303293041994497,0.8001373662258338,0.8051630489216203,0.20898805782526714,-0.0002449355513985589,-0.5164638984954891,1.000311247097764,0.5909485340481607,-1.0000169490109674,,-540.4791292926883
M15,20,1.0,H4,120,long,0.0,8079,784.8017952127659,-1.4781602186292935,0.7899474335226344,0.816960014414618,0.18121054585963609,-0.00018561188761483878,-1.0729285361978955,1.0001021379563628,0.519615062747674,-1.0000000002614549,,-1033.5381349817849
M15,20,1.0,H4,120,long,1.0,5493,541.6625944924406,-1.6570796171669877,0.7691656896859151,0.7691146375242672,0.179865283087566,-0.0002598667911088458,0.24454566639445213,1.0019902275049861,1.9639347011494945,-0.9999727114790481,-0.6452325536531265,-685.1908739020433
M15,20,1.0,H4,120,short,0.0,9626,683.0962696716534,-1.2971260892480134,0.7481012766524808,0.8401443256418661,0.237481820070642,-0.0001390854591108608,-0.8277273153361011,1.0000679263081587,0.7604737190772481,-1.0000682441701896,,-146.19891028517424
M15,20,1.0,H4,120,short,1.0,8175,498.65042585170346,-0.9717284050493489,0.7247397738878101,0.85758623212974,0.23486238532110093,-0.00013468960885659376,-0.19968334378680777,1.0000027573278012,0.7198998634045923,-1.0000000000323437,,-143.507550720361
M15,20,1.0,D1,20,both,0.0,9469,1395.140076643808,-2.0682280978193677,0.8517695790293187,0.8163506385653497,0.2111099376914141,-0.00019443052043100438,-0.4121367915069425,1.0001584314543353,0.7623657185079747,-1.0,,-800.2699545719445
M15,20,1.0,D1,20,both,1.0,5749,836.2494026284348,-2.0445708381946446,0.7977213234004328,0.7824454803340308,0.21134110280048704,-0.0002703219407213821,-0.08543372626613571,1.0024072603018819,0.9429362223202419,-1.000000012564224,,-473.28187929712993
M15,20,1.0,D1,20,long,0.0,8664,784.8526785714286,-1.2709390346907767,0.7631811582270493,0.8412216146560009,0.18559556786703602,-0.0001590172091009546,0.0012330393620087862,1.0002787781285292,1.0023101044599387,-0.9999596242562419,-0.6000845926530713,-1172.763677386118
M15,20,1.0,D1,20,long,1.0,5568,549.354943273906,-1.6275505675693862,0.7622021129264003,0.775857704715655,0.18570402298850575,-0.0002509613020365303,-0.857021730975932,1.000177102713002,0.6361645944417752,-0.9998989203543719,-0.5965324645668892,-769.5991792759688
M15,20,1.0,D1,20,short,0.0,9703,688.2930180617597,-1.5305910350422793,0.7882827537577617,0.8164911832411694,0.23982273523652478,-0.00015627984383793057,-0.7443487572467122,1.0000244722647345,0.7918870215126562,-0.9999992460908174,-0.6321414407440723,-121.06977356498439
M15,20,1.0,D1,20,short,1.0,7442,483.1479736935656,-1.2013245207507632,0.7094446084329271,0.8284583864023913,0.23770491803278687,-0.00015842921980912993,-0.6351950743173924,1.0000352300978428,0.6912907964374402,-1.0000360770430168,,-129.38213346150633
M15,20,1.0,D1,32,both,0.0,9168,1403.441743503772,-2.0731378025638603,0.8388387745329076,0.8178796677091779,0.21324171029668412,-0.00019290455009742357,-0.9791977441062845,1.0001590559023188,0.5734899790876913,-0.9999999461463606,-0.9228579831488792,-733.7957234070301
M15,20,1.0,D1,32,both,1.0,5644,873.5046610169492,-2.0773292502715726,0.8030496169573516,0.7856151234765087,0.21314670446491848,-0.0002686991049542346,-0.17556973457938296,1.0000679471965017,0.9123242710096446,-1.0000162194501157,,-459.84685361481206
M15,20,1.0,D1,32,long,0.0,8128,794.8465863453815,-1.3129195253486519,0.7710471296209988,0.8384390253987182,0.187623031496063,-0.0001651044310742645,-0.5218440332086902,1.0009884777492224,0.7067753289590339,-1.0000521266396287,,-1084.8530545612198
M15,20,1.0,D1,32,long,1.0,5767,577.8866255144032,-1.586914728821825,0.7596140228356536,0.7863240382660248,0.18675221085486388,-0.00023977306427767396,6.764102236290886e-05,1.00043938078872,1.000075298190109,-1.0004429639642745,,-735.1810424406567
M15,20,1.0,D1,32,short,0.0,8699,662.7679912390488,-1.6069226250612343,0.7777371300334459,0.8071296786252233,0.23841820898953903,-0.00016905642914919378,-0.8865246806914827,1.0001247892455678,0.5722279355315418,-0.9999999363897656,-0.7170510951225175,-108.33151602718952
M15,20,1.0,D1,32,short,1.0,7238,490.5695861940991,-1.2921682355743704,0.7447257940981973,0.8195545372884621,0.23887814313346228,-0.00016620004829464723,-0.3912708359009645,1.0001508821786769,0.7995859086931901,-1.0001634707776932,,-112.12236892952177
M15,20,1.0,D1,50,both,0.0,8917,1401.4347030981069,-2.108397931145796,0.8410263342032733,0.8152662539889186,0.21408545474935517,-0.00019808434539268088,-0.9455289419179074,1.0000924038661798,0.6392284996445817,-1.0000000000876246,,-786.9736952809056
M15,20,1.0,D1,50,both,1.0,5463,864.1666305760069,-2.0817380254605977,0.798175373105173,0.7823134423690891,0.21508328757093173,-0.00027520516602207705,-0.23944520466512798,1.0003957468756397,0.7095022276667293,-1.0004111267984086,,-518.2411653578248
M15,20,1.0,D1,50,long,0.0,8469,782.5201745509739,-1.2505430778212459,0.7645612813415551,0.8452340164898623,0.1916400991852639,-0.00015762515986273364,-0.39496022041565665,1.000752563313526,0.39571988819384396,-1.000796164373997,,-1208.6316780655602
M15,20,1.0,D1,50,long,1.0,6112,569.7825421133231,-1.4793102071860504,0.7596919219371131,0.7974944769511844,0.19142670157068062,-0.00022587999777682377,-0.4508862245043655,1.0030327439429632,0.722173460132686,-1.0000070213480408,,-855.0803054614955
M15,20,1.0,D1,50,short,0.0,7531,665.2231559854897,-1.8228337949946019,0.7740116219257889,0.7883210023395691,0.23555968662860177,-0.00019324665149503077,-0.7862643572801744,1.000011918950943,0.7968435463029822,-1.000011940044524,,-86.47922458463364
M15,20,1.0,D1,50,short,1.0,7085,492.9135714285714,-1.4268058269409218,0.7543585638314882,0.8051209758957079,0.23796753705010587,-0.0001801106293541364,-0.3988505736895837,1.0001039200574648,0.3095500914425613,-1.0000010978297567,,-106.93976393265984
M15,20,1.0,D1,80,both,0.0,8891,1408.2557458803121,-2.167579138722446,0.8438479338185354,0.8124843512776662,0.21358677314137892,-0.00020262366736497492,-0.4865498178617585,1.0044168283817032,0.7275105483090923,-0.9999999999073923,-0.9742483125851459,-727.4298852623546
M15,20,1.0,D1,80,both,1.0,6393,972.1245836802665,-1.9257589018796952,0.7977319154054828,0.8071129148647491,0.21163772876583764,-0.00024254786270411986,-0.5884659169785427,1.0005091389473666,0.26002580531005165,-1.0000074808999857,,-580.4556964754157
M15,20,1.0,D1,80,long,0.0,7926,799.936861011329,-1.3862261397693747,0.7713604272621039,0.8325665412434132,0.1920262427453949,-0.00017448562360210116,0.3584862145071172,1.0007046818455185,3.9112005597378543,-1.0007412199647585,,-1087.867871737604
M15,20,1.0,D1,80,long,1.0,5969,621.4872434435575,-1.5636664728185505,0.7616825968292086,0.7959899639194008,0.1899815714525046,-0.00023141128695547736,-0.8158555799532631,1.001047195500375,0.5238832115579249,-1.000055047871529,,-849.4710416521439
M15,20,1.0,D1,80,short,0.0,7796,668.1109807602065,-1.9117870421317738,0.7931624221384647,0.77991767594609,0.23473576192919446,-0.00019840413890930846,-0.5910080698272913,1.0000741881836936,0.7380532833984708,-0.9999480772665713,-0.5706518856346923,-84.10019764522568
M15,20,1.0,D1,80,short,1.0,7048,518.1727053140096,-1.527444411321825,0.7510366748245233,0.7973892929767816,0.23524404086265607,-0.00018655597866459026,0.07397674016843392,1.005998845154527,1.1559687094833995,-1.0004269300270274,,-91.85913684362478
M15,20,1.0,D1,120,both,0.0,8971,1403.2795503211992,-1.5920437794767741,0.8019111318919863,0.8553479218226236,0.20922974027421692,-0.00016066522414213426,-1.1670225305006712,1.000468508635085,0.6965319848079209,-1.000506193012461,,-869.2020891763713
M15,20,1.0,D1,120,both,1.0,6335,1028.3816666666667,-1.8271185202493354,0.7803902101060473,0.8177388765125128,0.2080505130228887,-0.0002314455621654004,-1.5018423637849476,1.0002704008759509,0.649427467548458,-1.0002708366436617,,-617.7438353071875
M15,20,1.0,D1,120,long,0.0,9859,776.412192755498,-0.9389513144775864,0.765417972194923,0.8784874369535546,0.18886296784663759,-0.00011944923174156176,-0.37045536316519245,1.0011051846586998,0.23490758773830123,-1.0000009164506722,,-1415.2615977974463
M15,20,1.0,D1,120,long,1.0,7156,616.1548797736916,-1.2659802395145405,0.7529610313196285,0.826336817619144,0.18893236444941308,-0.00018860135116215593,-0.3186255850236421,1.0011848317120422,0.17036909206147408,-1.0000339430842993,,-1104.5567315566054
M15,20,1.0,D1,120,short,0.0,6617,666.7197931034483,-1.9881992224272467,0.7702578152980252,0.7679001154323826,0.22850234245126191,-0.0002184383140531512,-0.6809306473750109,1.000097993150511,0.23481148454356965,-0.999999999058246,-0.8768182449251166,-73.1435849747393
M15,20,1.0,D1,120,short,1.0,5920,573.09302941956,-1.8062355973705488,0.7531166453277063,0.7747900472742127,0.22837837837837838,-0.00022212064895482626,0.04578554846525472,1.000008900194792,1.0515446725563669,-1.0000092113585453,,-74.35093143467324
M15,20,3.0,none,0,both,0.0,9827,460.5815154625946,-0.7442008871122855,0.8904627269959915,0.8959742841877216,0.30487432583697976,-0.0002069649649790691,0.10899052866887946,1.005794237329589,1.0639603268518458,-0.999505071900652,-0.3000346468720678,-1610.1891219790928
M15,20,3.0,none,0,both,1.0,7872,377.4777471445451,-0.7875874561155587,0.8886605096819717,0.8830425774870021,0.30640243902439024,-0.0002454169868446972,-0.11796265822852216,1.000067473282459,0.8611625921731764,-1.0000000000000018,,-970.308105591943
M15,20,3.0,none,0,long,0.0,8739,405.5806543837357,-0.24278056015951324,0.7392762612000415,0.9635699251650072,0.3120494335736354,-6.922350858900611e-05,-0.32005223311867337,1.0034937690008343,0.5899575023991859,-1.0,,2205.0274763221437
M15,20,3.0,none,0,long,1.0,6921,322.1069380733945,-0.37623513881388704,0.7563631246682625,0.9380766421256288,0.313682993787025,-0.00012542158185986033,0.22192110910929205,1.0009810550022815,4.46715098123905,-0.999999999998414,-0.7176194517022985,586.6797378903315
M15,20,3.0,none,0,short,0.0,8086,407.5357389264523,-0.9834637782272991,0.9115109378986566,0.8555161818640058,0.2855552807321296,-0.0002828303091604864,0.1381799656569601,1.000206131696336,1.4021954902234404,-0.9999993425444507,-0.5120004262566337,-325.49328830378124
M15,20,3.0,none,0,short,1.0,6466,318.3321876263647,-0.863053483526877,0.8873608609652176,0.8571621155481852,0.28812248685431485,-0.00029845933972752166,0.1768819980974828,1.0072523813046652,1.7838727704200128,-0.9958319439997876,-0.23647145750725596,-253.6002927225524
M15,20,3.0,H4,20,both,0.0,7045,327.33573972777003,-0.41928294308562175,0.6723642284750951,0.9297683062046697,0.299361249112846,-0.0001368702451350869,-0.2650835725955814,1.0002634006201085,0.5724605537235102,-0.9920713114670179,-0.2012894365328589,-132.00794841018825
M15,20,3.0,H4,20,both,1.0,5617,261.4514145533325,-0.44883701132658094,0.6602970418153937,0.917190574586842,0.30407690938223253,-0.0001712327475933966,-0.3340193009363589,0.9291429381795977,0.9346499908388883,-0.9286676848792208,-0.11564925095307999,713.3231512077975
M15,20,3.0,H4,20,long,0.0,4077,189.52835051546393,-0.25042188896443723,0.5127204742054657,0.9464069947395953,0.3068432671081678,-0.00010235499118977894,-0.0861590993918971,0.7459919632255476,0.9794410607164383,-0.4660413317327122,-0.02874651347629531,5339.586682672997
M15,20,3.0,H4,20,long,1.0,3198,148.89349904397704,-0.31401200402772134,0.5254578179175476,0.9261052417574387,0.31019387116948094,-0.0001501388525104618,-0.09281808166169365,0.6902433935971104,0.9767584548645982,-0.4437901659009674,-0.026941970281061267,5562.098340990431
M15,20,3.0,H4,20,short,0.0,3634,168.848556163338,-0.39482585980918,0.5282395444586636,0.9059168806950121,0.2955421023665383,-0.00018390877514083356,-0.4854452906380421,0.7828507036453347,0.8842461404314129,-0.768144327831007,-0.06565824120037389,2318.5567216899167
M15,20,3.0,H4,20,short,1.0,2889,144.1146203223163,-0.3788499338125572,0.49518540813693135,0.9031031227301229,0.3007961232260298,-0.0002015655078839131,-0.4667094299495107,0.7439063799604064,0.8841909042672222,-0.7211746375090163,-0.06172314317316041,2788.2536249098293
M15,20,3.0,H4,32,both,0.0,7411,344.560558808554,-0.3797601748726197,0.7148997202408467,0.9351057930313924,0.30063419241667794,-0.0001272683816114386,-0.06707748192919286,1.058102467133691,0.9783311130076323,-1.067510972938577,,-704.9589042921268
M15,20,3.0,H4,32,both,1.0,5892,274.216743119266,-0.4706607848838822,0.7349029470351875,0.9109832465922352,0.30074677528852684,-0.00018652627446457868,-0.06207490610016095,1.0313665107357903,0.9787792456706961,-1.0347320687513295,,-377.1698624196103
M15,20,3.0,H4,32,long,0.0,4099,190.6966946885747,-0.2123990408870815,0.5769322227454301,0.9540412167346394,0.30690412295681874,-8.797469228203192e-05,0.014187918104016232,0.7923691148635273,1.0034494452514986,-0.25039718616418805,-0.013318909022578151,7496.028138358326
M15,20,3.0,H4,32,long,1.0,3193,148.6986166007905,-0.3487312084423237,0.594944243544927,0.9168987144399238,0.3044159098026934,-0.00017143411236271954,-0.07331389466233233,0.8014602971042749,0.9812495977848387,-0.4486150075265165,-0.02734346844065849,5513.849924734861
M15,20,3.0,H4,32,short,0.0,3782,175.85938892425207,-0.30576738196387593,0.5358990641796548,0.9229746382779529,0.29455314648334213,-0.00015274184410312948,-0.3217185618245172,0.839656707891969,0.8950687384077697,-0.8008842934218465,-0.0722967546782094,1991.1570657815187
M15,20,3.0,H4,32,short,1.0,3026,150.92810323637852,-0.2544765418130798,0.529681315300218,0.9304442519614123,0.29775280898876405,-0.00014649520836867557,-0.31777744907051997,0.851233946793108,0.8841889636927994,-0.8043284742695525,-0.07814322213303193,1956.7152573044611
M15,20,3.0,H4,50,both,0.0,7659,356.54470430792765,-0.2809913500785657,0.6569360228499583,0.9539799487107647,0.3022587805196501,-8.931469956037456e-05,0.1440753114772026,1.0197729059023288,1.1007024981538234,-1.017246081805827,,972.5727251464428
M15,20,3.0,H4,50,both,1.0,6083,288.5849785686453,-0.3920863325251018,0.704635467368432,0.9299891328760657,0.30264672036823936,-0.00014536488747547778,-0.3956616565987582,1.0131915255727362,0.7736480805979364,-1.0095258943295715,,626.4793673130893
M15,20,3.0,H4,50,long,0.0,4226,196.80562284839982,-0.11833097653049854,0.48727374053303096,0.9740788007354948,0.31329862754377663,-4.897179896778354e-05,0.04322839966935943,0.6733875998806933,1.0104604706669569,-0.13083506168647752,-0.006508907072061643,8691.649383135242
M15,20,3.0,H4,50,long,1.0,3273,155.3356613825364,-0.24483310898242946,0.5159234373453407,0.9411454903634022,0.31133516651390164,-0.00011965684904325421,-0.06544700351702006,0.7832066624223054,0.9832926430972817,-0.43584816073106203,-0.02680173875312719,5641.518392689504
M15,20,3.0,H4,50,short,0.0,3826,178.2229945160056,-0.31967294086577075,0.4754789602538052,0.9256701422947251,0.2885520125457397,-0.00014722149375904697,-0.36045425374796,0.7036799653574958,0.9142651138258443,-0.6737146457744172,-0.05083357138053923,3262.8535422558184
M15,20,3.0,H4,50,short,1.0,3091,154.17011470708724,-0.35911393627032556,0.49596656462139954,0.9115337698019123,0.29246198641216437,-0.00018654240409429954,-0.40028028961349255,0.7204972436464383,0.9017429906163366,-0.6924531761762721,-0.05711549612486333,3075.468238237265
M15,20,3.0,H4,80,both,0.0,7897,368.2813138406537,-0.2764823453266769,0.7328392483960804,0.9540892376080049,0.30416613904014184,-8.983625400760693e-05,-0.005904652757063514,1.010948350397167,0.995966382093795,-0.9965311870217554,-0.2321350119608666,-495.7622685616654
M15,20,3.0,H4,80,both,1.0,6225,295.3216326795688,-0.5141931206840046,0.7872343875030503,0.9072867164644409,0.30088353413654617,-0.0001958851731854561,-0.04741548749517705,1.005074109683137,0.9578103464568847,-0.9999999307743553,-0.542560684535677,-262.95033211873726
M15,20,3.0,H4,80,long,0.0,4363,203.73123881360266,-0.27417940866900165,0.6191897625888576,0.9426078958713083,0.3039193215677286,-0.00011052526476042528,-0.02535058704443892,0.8772329791432604,0.9936692803349476,-0.43016575120465184,-0.025920003051592144,5698.342487953595
M15,20,3.0,H4,80,long,1.0,3365,159.70195556133058,-0.4793182027422206,0.6733294049486587,0.8907673501044824,0.29955423476968795,-0.00022766804246769962,-0.19759146345782994,0.9390473279998175,0.949333013238632,-0.7473572917846765,-0.06320807417786112,2526.427082153263
M15,20,3.0,H4,80,short,0.0,3784,176.4691011235955,-0.17584060988301975,0.5529576428466016,0.9557548939979543,0.30417547568710357,-8.81974583678322e-05,-0.31824158156802007,0.8572489597278831,0.8865066804279854,-0.815486966288566,-0.0757898519494693,1845.130337114341
M15,20,3.0,H4,80,short,1.0,3061,152.69465310024586,-0.31715653508780983,0.5829476710080401,0.9161904682638358,0.3015354459327017,-0.0001799201551369811,-0.4263465220591845,0.9006046461897563,0.8541019502900173,-0.8805351133605618,-0.10056634169389378,1194.6488663943753
M15,20,3.0,H4,120,both,0.0,8019,374.8802956610777,-0.24376605890414957,0.7000546369281024,0.961221600962155,0.3041526374859708,-7.521832129199828e-05,-0.017943390921934112,0.9330973946879533,0.9965979021703674,-0.6950176282887626,-0.05400170090545575,3049.8237171124606
M15,20,3.0,H4,120,both,1.0,6344,300.96713858942724,-0.40632418193065145,0.7137742320445511,0.9296472703777905,0.3037515762925599,-0.00014642090510317275,-0.09349716666419655,0.9661882883728657,0.9811560051820524,-0.8574561858796594,-0.08827833793122775,1425.4381412034315
M15,20,3.0,H4,120,long,0.0,4415,206.476152368758,-0.18420648150510627,0.5458155364224916,0.9613759732274122,0.3071347678369196,-7.330821068674798e-05,-0.02326636868976605,0.7537907045137144,0.9945358065915134,-0.3587206276860675,-0.020563721412125813,6412.793723139565
M15,20,3.0,H4,120,long,1.0,3439,163.2139747920998,-0.4149562040189493,0.602735798749112,0.9060224414828364,0.30357662111078804,-0.0001921929436988079,-0.18457704168820835,0.8812416440029962,0.9545319608527402,-0.6871729995998925,-0.05365981883573456,3128.270004001088
M15,20,3.0,H4,120,short,0.0,3810,178.47922277799154,-0.2560501990522928,0.44962333644649377,0.9403731110986694,0.2973753280839895,-0.00011925711230862209,-0.20120041122175,0.5441272078196443,0.9511940698557797,-0.4944415220334809,-0.031447450178083036,5055.58477966517
M15,20,3.0,H4,120,short,1.0,3068,153.02294141745185,-0.2655386834600199,0.44213037606702843,0.9339227387712006,0.29986962190352023,-0.00014104506926999527,-0.21428136005362772,0.5482969058421234,0.9460867417828395,-0.49213202917099697,-0.033228799478073445,5078.6797082900175
M15,20,3.0,D1,20,both,0.0,8220,384.27684628183795,-0.3870453254703832,0.7727510700991691,0.9405652645721201,0.30267639902676396,-0.00011553819634643617,0.200423511454393,0.9982606456154361,1.0826293611764857,-0.878692757079861,-0.09390733763751513,1213.0724292014224
M15,20,3.0,D1,20,both,1.0,6537,310.1232952331472,-0.5565468371053987,0.7995475468841223,0.9075067927646984,0.30197338228545206,-0.00019230364093137552,0.24107589447294814,1.0007307105200487,1.2600301498447302,-1.0000410674722446,,280.4532107804745
M15,20,3.0,D1,20,long,0.0,4687,219.14064900153608,-0.08590225263923956,0.4810615816553643,0.9827094590108642,0.3129933859611692,-3.234671017973136e-05,0.07459635179924255,0.6316874856960546,1.0169843000171526,-0.017288709476164454,-0.000815070245507532,9827.112905238264
M15,20,3.0,D1,20,long,1.0,3666,173.96472651682473,-0.34554708854930044,0.5835721552049868,0.9253284111687581,0.31069285324604473,-0.0001496341584236066,-0.10196590306722085,0.8743471288652302,0.9749069844123236,-0.5795939127625649,-0.040286162599048825,4204.060872374377
M15,20,3.0,D1,20,short,0.0,4030,188.78510965756058,-0.5456613934075732,0.6531138173003053,0.8807219272394723,0.28858560794044663,-0.0002393745668133591,-0.39768006676161705,0.7754023032844931,0.9062748369600104,-0.7670792558722523,-0.06597843299963624,2329.2074412774646
M15,20,3.0,D1,20,short,1.0,3231,161.19693347903294,-0.5076101727415935,0.6314920162534738,0.8809828315569408,0.2921696069328381,-0.0002549402561017922,-0.44606779148151654,0.7910891023282317,0.8916791436721352,-0.7752150068605912,-0.07176230430387587,2247.8499313940806
M15,20,3.0,D1,32,both,0.0,8316,390.51414245307274,-0.42396299758976197,0.812666499100556,0.9340802499861053,0.2994227994227994,-0.0001290353224200124,0.14396432969569484,1.0023534189661891,1.171580809488039,-1.0000110684595418,,-83.8680424043205
M15,20,3.0,D1,32,both,1.0,6636,314.8199766203403,-0.6123531754330869,0.8405128885050122,0.8968325207447226,0.29807112718505124,-0.00021590438756426686,0.015031571976491829,1.000543874221901,1.014646549290129,-0.9999999999579806,-0.6780979488845414,-433.20331309630865
M15,20,3.0,D1,32,long,0.0,4840,227.60525299343377,-0.2372124406224419,0.5660433805126058,0.9523971886084812,0.30330578512396694,-9.1917511004154e-05,-0.09989128954661988,0.7729969391244695,0.9775191682895347,-0.5518948312759191,-0.03704534711002749,4481.051687240836
M15,20,3.0,D1,32,long,1.0,3866,183.45543718331817,-0.4694571646407145,0.6365321193627891,0.8990398182820559,0.3008277289187791,-0.00020809000167591336,-0.2127354928391082,0.8957601129693207,0.9491222487988251,-0.7853875421631326,-0.07042453721123787,2146.1245783687414
M15,20,3.0,D1,32,short,0.0,3840,180.3239907431216,-0.42919846560237834,0.6279294810580498,0.9006065755691632,0.29270833333333335,-0.00019600326821167792,-0.38931889341870307,0.7325546573642276,0.9066652254221029,-0.7004765218438845,-0.05503978921541686,2995.234781561139
M15,20,3.0,D1,32,short,1.0,3045,151.93801229508196,-0.4789940713745269,0.6351107548689816,0.8811940386079947,0.29326765188834153,-0.0002517349588405748,-0.4289520712716316,0.7482247947662619,0.893138509466687,-0.7171769610046255,-0.06107276527115779,2828.2303899537233
M15,20,3.0,D1,50,both,0.0,8310,392.7571816770186,-0.4922741325905154,0.8012284210441878,0.9245648977930461,0.297352587244284,-0.00014766432198750677,-0.42464468356656226,1.0032594063058078,0.6103836371503584,-1.0000000000060874,,-374.1702529825485
M15,20,3.0,D1,50,both,1.0,6655,315.72135991687236,-0.6000797062137979,0.8138129165364925,0.8994397960518793,0.29827197595792637,-0.00021083954117853947,-0.3034509592146441,1.0002316404088063,0.7997352145811166,-0.9999993727079498,-0.4921395871178924,-186.01106995797892
M15,20,3.0,D1,50,long,0.0,4849,229.1792507763975,-0.2835640595509539,0.5984314027034161,0.9441767485474913,0.30171169313260465,-0.00010764543295882315,-0.03310962323166642,0.801737194763118,0.9923811293684554,-0.4729719786515967,-0.0298185397467704,5270.280213484245
M15,20,3.0,D1,50,long,1.0,3850,182.64872061306664,-0.4416619561394154,0.6317971426397097,0.9050829736848849,0.3012987012987013,-0.00019538329316901837,-0.10372104035196468,0.8379492440736398,0.9747501042945514,-0.6238665647758785,-0.04532906430815897,3761.334352241305
M15,20,3.0,D1,50,short,0.0,3743,178.15099687255668,-0.4680771731720621,0.6078511117137936,0.892006743359052,0.2912102591504141,-0.00021401034383349395,-0.3845315330317185,0.7280539406803699,0.9067208727775636,-0.7112639843090413,-0.057411529118744586,2887.3601569095613
M15,20,3.0,D1,50,short,1.0,3023,151.9194757842598,-0.4711796026423975,0.6089646798527377,0.8840087039672091,0.2934171352960635,-0.00024746881487338593,-0.40716177124839475,0.7321997062892311,0.8975036964023277,-0.7071542066766343,-0.05985208433357092,2928.4579332336243
M15,20,3.0,D1,80,both,0.0,8288,396.33307148468185,-0.6017775403179688,0.8175459348552003,0.9097903267544057,0.301761583011583,-0.0001760025959137179,0.07682665574623629,0.9978191116841731,1.0232338714430174,-0.9733880471557819,-0.15921104734046898,266.1195284421989
M15,20,3.0,D1,80,both,1.0,6738,332.57493243243243,-0.7352281812038759,0.8401806367464304,0.8826860580272683,0.30112793113683584,-0.00024359531718625308,-0.21785003732906677,1.0005397127711424,0.08107130969999386,-1.000000000000021,,-409.82989047768456
M15,20,3.0,D1,80,long,0.0,4758,228.0356252460307,-0.24443996128089357,0.5443900961800447,0.9521895412527552,0.30601092896174864,-9.286020633030209e-05,0.04619055067041764,0.7475389631998964,1.0103941729097472,-0.19519117041533618,-0.010353356103843026,8048.088295847066
M15,20,3.0,D1,80,long,1.0,3847,189.93197485806976,-0.3853245326971247,0.5870798390700467,0.9200249165487786,0.305692747595529,-0.00016491916193705586,-0.052887500552748934,0.8049674761644696,0.9875486138518705,-0.47864800082997083,-0.031645558276810815,5213.519991700375
M15,20,3.0,D1,80,short,0.0,3751,179.37323252160252,-0.5843825903603855,0.6483289702954103,0.8672026945786523,0.2967208744334844,-0.00025811624075091613,-0.43683885597905275,0.7917754186353879,0.8946392342623216,-0.7877223619260338,-0.07143462136019152,2122.7763807396345
M15,20,3.0,D1,80,short,1.0,3048,153.2601872246696,-0.6177137422092169,0.6638181027139844,0.850679988210939,0.296259842519685,-0.00031074090626877275,-0.539631728844846,0.8398442368918155,0.8647880469981111,-0.8311528879003622,-0.08555693632909522,1688.471120996365
M15,20,3.0,D1,120,both,0.0,8237,399.91549248969824,-0.43651581329137085,0.7952505052008509,0.9336836480247319,0.3015661041641374,-0.00012865836066788691,-0.006703788043240015,0.9813727055208279,0.9986718948985681,-0.930215103397013,-0.12125405384616461,697.8489660298814
M15,20,3.0,D1,120,both,1.0,6771,334.20374999999996,-0.6103897970663354,0.8138892776418004,0.9011468795121157,0.30113720277654704,-0.00020381727485402652,-0.060851480858320525,0.9851763222864806,0.9872340305273353,-0.9472202342734038,-0.13514478067425661,527.7976572659751
M15,20,3.0,D1,120,long,0.0,4674,226.9278878107138,-0.11821915036505273,0.5581706998624789,0.976501693693142,0.31322207958921694,-4.5846518090924906e-05,0.10115270960161196,0.7351941214472251,1.0226823363920534,0.041406941827419,0.001971787523411761,10414.069418274514
M15,20,3.0,D1,120,long,1.0,3856,190.32486486486485,-0.3752949458995714,0.6210676212581909,0.9216796668629756,0.31016597510373445,-0.00016180245047381356,0.009481134732255071,0.8185099740169693,1.0022783424750394,-0.33949699032954905,-0.020263335330039878,6605.030096704572
M15,20,3.0,D1,120,short,0.0,3736,184.62643755919362,-0.47614881190275066,0.5866705194539654,0.8909698390866786,0.2882762312633833,-0.0002088333385398723,-0.40763830187738626,0.7349330745474556,0.9050340086589852,-0.7251279685134357,-0.0618272051948906,2748.7203148656176
M15,20,3.0,D1,120,short,1.0,3043,155.79699327165685,-0.437955814454846,0.560992121175601,0.8915441036509669,0.29181728557344727,-0.00022162797711748868,-0.37407128322485605,0.6982946671080508,0.9074279724022475,-0.6697155905143282,-0.05513927352583681,3302.8440948566845
M15,20,1.5,none,0,both,0.0,8518,1355.642483660131,-2.284440641328959,0.8983836983963907,0.805081988791621,0.23702747123737966,-0.000258759585693033,-0.9928447096111269,1.0030215704472007,0.2671944843278084,-0.9999973707204166,-0.8706056842850488,-729.183709242216
M15,20,1.5,none,0,both,1.0,5840,827.4088440651668,-1.9795865383626594,0.8620263899094462,0.7925524365914631,0.23184931506849316,-0.00031694528402861905,-0.5695878936671415,1.0002003768077086,0.8046332161952396,-1.000211700386777,,-497.1479318847676
M15,20,1.5,none,0,long,0.0,10370,1147.7704545454546,-1.3172668256566418,0.8450378213627857,0.8690183134816265,0.2235294117647059,-0.00016278066168251229,-0.44719995341842006,1.0008487742568875,0.7958713209979684,-0.9999665378030513,-0.6803685172490447,-1573.782106892866
M15,20,1.5,none,0,long,1.0,6773,779.8985655737705,-1.4723020087736172,0.8192091451407404,0.8295203013215895,0.2140853388454156,-0.0002382374470432482,-0.5004808878427495,1.0003377051353877,0.5989521159642526,-0.9999625198184848,-0.6907345838562751,-957.215420823201
M15,20,1.5,none,0,short,0.0,7078,1154.6402411790978,-2.869219793532394,0.8910207036496222,0.7563422141850956,0.25176603560327776,-0.0003060016064520151,-0.6003264307562145,1.0000554355641218,0.38577566458090856,-1.000055531093518,,-159.19356629729032
M15,20,1.5,none,0,short,1.0,4736,682.6456195737964,-2.298868377368715,0.8465674196742914,0.7529057513860075,0.24197635135135134,-0.0003610552824896191,-0.17436698011805793,1.0003375857257164,0.8545427296728391,-0.9999795040327545,-0.7890277707242621,-111.76385499252083
M15,20,1.5,H4,20,both,0.0,11145,1074.3497624703089,-1.2995599535076876,0.8352680405911048,0.87025378706409,0.22951996410946612,-0.00015420415565482572,-0.381491735784416,1.0003109837455182,0.42884884056233796,-0.9999999999999997,-0.968324860176389,-833.0045698739636
M15,20,1.5,H4,20,both,1.0,8112,770.7877211238294,-1.2687691248406867,0.8144172069637972,0.8544297591499083,0.22300295857988164,-0.00019070847186110059,-0.6017293171000576,1.0008971302470422,0.5406602441782853,-0.9999999049268515,-0.784827073149034,-580.0249673078459
M15,20,1.5,H4,20,long,0.0,8773,578.8183255057803,-1.1066085191058241,0.7910803880857511,0.8481419578306854,0.21406588396215662,-0.0001645391415364986,-0.6908665009568942,1.0005180153061848,0.7206265105697658,-1.000540543571245,,-1176.2869988330472
M15,20,1.5,H4,20,long,1.0,6609,415.62280475206614,-1.1297565340733762,0.7747414932830767,0.821765818858325,0.2078983204720835,-0.00021433004822694982,-0.25475112237166997,1.0003326049029775,0.6735588823533205,-0.9999999804358592,-0.672485874207196,-964.005965210132
M15,20,1.5,H4,20,short,0.0,9754,542.0125513464171,-1.0747476291550937,0.7931328792696247,0.8528305471598494,0.24728316588066435,-0.00015575923472379584,-0.34661415885788627,1.0001447521475197,0.6714990477712248,-1.0000000000007911,,-154.87408217734634
M15,20,1.5,H4,20,short,1.0,7498,415.07191573204,-0.9874664322831647,0.7587334944133519,0.8471237318127203,0.24393171512403308,-0.00017482701298642542,-0.33142208283653457,1.0001196742448974,0.5669108838230695,-0.9999992660279973,-0.5424714251901315,-133.68592927614145
M15,20,1.5,H4,32,both,0.0,9022,1086.83558707124,-1.7949997798685078,0.8688306761631024,0.8274318124262262,0.23076923076923078,-0.00021609237565871502,-0.7703281055705198,1.0003428874637388,0.5993442811287172,-1.0003444881247359,,-731.6889091360944
M15,20,1.5,H4,32,both,1.0,6385,738.4804464851172,-1.663522856808734,0.8283635540222315,0.811059825807971,0.2220830070477682,-0.0002618795811702745,-0.3918431758005601,1.0002009487802788,0.6861887658240444,-1.0000073633216318,,-471.86086584530483
M15,20,1.5,H4,32,long,0.0,9233,582.243309737569,-1.1389959222286177,0.8147411253369015,0.8423981359243615,0.2131484891151305,-0.00017193008182314886,-0.7520885654371575,1.0001682241115122,0.7145956655066142,-1.0001739505433,,-924.105989917559
M15,20,1.5,H4,32,long,1.0,5946,415.17424966545593,-1.3832022243628785,0.8012612889746192,0.786565899816641,0.2058526740665994,-0.0002594359419829302,-0.5731659210772799,1.000146874368153,0.4364075573441788,-0.9990909582036699,-0.3867525126406768,-612.5937212824991
M15,20,1.5,H4,32,short,0.0,8641,543.1294527620031,-1.2445054076437716,0.7992983098372772,0.8327639798747973,0.24279597268834627,-0.0001802691777971184,-0.5066303514166007,1.0001388504227027,0.443258908886995,-1.0000071538355049,,-144.86009493057637
M15,20,1.5,H4,32,short,1.0,7483,414.8703324225865,-0.9601117530336258,0.7715501693435511,0.8517818311358853,0.24295068822664706,-0.0001702096885299449,-0.682411320215682,1.0002320158640239,0.6271608322031097,-1.0000000055509377,,-153.2142046568429
M15,20,1.5,H4,50,both,0.0,11171,1102.4608889489327,-1.4509864477195615,0.865769839141877,0.8579697265970062,0.23050756422880672,-0.0001708361678780613,-0.5377555669813567,1.0005867165940787,0.7788704245912735,-1.0005903180153455,,-821.7448781440042
M15,20,1.5,H4,50,both,1.0,7928,785.168655097614,-1.2617745795240323,0.8104533246997564,0.8559820751448054,0.2227547931382442,-0.00019202993734290477,0.05710774545739761,1.0242028386266604,1.111132093675932,-1.0000000099056956,,-595.9753766691539
M15,20,1.5,H4,50,long,0.0,7800,593.53125,-1.191938170967399,0.7778959153896303,0.8373670677606903,0.21294871794871795,-0.0001836699015618822,-0.7330874937088281,1.0001962688967454,0.5996207278280404,-1.000000024254237,,-1015.7862777212464
M15,20,1.5,H4,50,long,1.0,5649,430.8409375652537,-1.3183417463033194,0.7682172309419871,0.7968414724752081,0.2016286068330678,-0.00025134793509889563,-0.6021760027790869,1.0001387680251892,0.7294871578261398,-1.0000035783478303,,-753.6986312251435
M15,20,1.5,H4,50,short,0.0,9193,544.911270691334,-1.0650373884122897,0.7762963886363601,0.8547795555589203,0.24529533340585227,-0.00015673468041645593,-0.34515626872326644,1.0003267771684103,0.73031313139264,-0.9999101010173239,-0.4243473757204357,-166.50216689610647
M15,20,1.5,H4,50,short,1.0,7953,424.18709842289724,-0.8842889888381016,0.7759703949357984,0.8637267863348954,0.24581918772790143,-0.0001550106420515361,-0.26613538658381847,1.005913791516339,0.796161488052342,-0.9999809750216183,-0.4399658148734935,-168.17644807572887
M15,20,1.5,H4,80,both,0.0,9385,1115.1175178919973,-1.4519634968917157,0.8554343544810386,0.8572452874507562,0.2328183271177411,-0.00017675249906887676,-0.39906652359274514,1.0001991510026211,0.10231672998595683,-1.0000829829444737,,-830.3232871449648
M15,20,1.5,H4,80,both,1.0,6340,753.0682926829269,-1.6477135079760183,0.8365573987411064,0.8127253890430167,0.222397476340694,-0.00026318265716608445,-0.7527275830962608,1.0000273879459753,0.6166143844216163,-0.9999995412689396,-0.8233487215752453,-486.1715066366424
M15,20,1.5,H4,80,long,0.0,8849,596.7683253323486,-1.1214628930607273,0.7999701731177199,0.8449990307401336,0.21414849135495537,-0.0001677920703607284,-0.5371259719620974,1.0006114948036686,0.5777002168893772,-1.0006453850935095,,-1020.3288988765994
M15,20,1.5,H4,80,long,1.0,5849,429.762070006035,-1.402870334695506,0.7953696549545908,0.7849110771020565,0.20311164301590015,-0.0002640069447364828,-0.7351975287916812,1.0001440343155088,0.469054731213451,-0.9999564475824323,-0.5218420729678415,-620.8333934514885
M15,20,1.5,H4,80,short,0.0,8658,532.3795454545455,-0.9381472550041757,0.7626523845556905,0.8688096256152301,0.24832524832524833,-0.00014203998796598233,-0.6482933666271943,1.0002670493978687,0.5734569997767118,-0.9999448534117381,-0.45279959280245474,-180.81845301376336
M15,20,1.5,H4,80,short,1.0,6520,399.904282115869,-0.95590378489981,0.755005588454684,0.8492235461119509,0.2415644171779141,-0.00017983626990895476,-0.35814685295323434,1.0003500542522248,0.6379890510950861,-0.9999434295037213,-0.4511103351242358,-154.36609690161444
M15,20,1.5,H4,120,both,0.0,8942,1120.4341337907376,-1.6858755690551854,0.8692494209385104,0.8360951429848711,0.23149183627823752,-0.00020796788282460824,-0.9173972768643636,1.0004120389758417,0.6515883725379834,-1.0004479101678414,,-805.4510709662268
M15,20,1.5,H4,120,both,1.0,6033,747.9814154786152,-1.791556132291601,0.839825340939889,0.7970066248013573,0.22111718879496103,-0.0002938334834743586,-1.1142864953498586,1.0000845525966995,0.6355335543836574,-1.0000846675653465,,-496.5202611670129
M15,20,1.5,H4,120,long,0.0,8678,596.6941829819277,-1.1865183141341338,0.8249604775477664,0.8361528240402386,0.21283705923023738,-0.00017911662016729992,-0.6864814132975534,1.000483578576348,0.6251751850270075,-1.0005168235102297,,-996.8030152952093
M15,20,1.5,H4,120,long,1.0,5663,435.0885044173328,-1.5067184574928096,0.8075443809216551,0.7722749570802478,0.2027194066749073,-0.00028365508624231045,-1.3827384413737935,1.0000580403323138,0.5826961037740377,-1.0000579991313425,,-617.3728853629924
M15,20,1.5,H4,120,short,0.0,8657,533.8458973493163,-1.146191102184223,0.7911577142779124,0.8413753012047019,0.24535058334295945,-0.00017302875482333023,0.24238361306939285,1.0001596091030167,6.1307405440302585,-0.9999998619342805,-0.6224505067442627,-168.69183172317577
M15,20,1.5,H4,120,short,1.0,7789,426.9106017406963,-0.9238180176324966,0.782952149725327,0.857191528043785,0.24585954551290282,-0.00016430788993138833,-0.29720188073841514,1.000309427044837,0.6076361698332626,-1.0,-0.8857219991972317,-152.69632180447235
M15,20,1.5,D1,20,both,0.0,8634,1126.6768488745981,-1.7305282908542179,0.8601788798879185,0.8361783788310156,0.23430623117905952,-0.0002092050563730768,-0.9259562684042204,1.0005615371043095,0.5479498688920991,-1.000038612841313,,-839.1452070049122
M15,20,1.5,D1,20,both,1.0,5720,739.0272373540856,-1.978708239885649,0.8444552844647151,0.7841924983554378,0.22377622377622378,-0.00031623474732859536,0.007855198828070882,1.0005334840127669,1.0071733689842561,-0.9999979544424278,-0.8159424432837294,-466.7574762514242
M15,20,1.5,D1,20,long,0.0,9325,607.4471642589621,-1.0533298568591007,0.8093868928384887,0.8581230662109578,0.21823056300268096,-0.0001525206955065154,-0.6455799416106487,1.0004495573812358,0.5580773816974677,-1.0004987698060221,,-1166.4373504620687
M15,20,1.5,D1,20,long,1.0,5027,445.55004853190974,-1.682674102716415,0.7948437171711518,0.7604436594804562,0.20449572309528546,-0.00030800886268341914,-0.7732934399936002,1.0001037080131905,0.46696557530701954,-0.9995904361224023,-0.4991065827176212,-667.3492873858023
M15,20,1.5,D1,20,short,0.0,8530,529.9510971253615,-1.3129146562611402,0.8145701324856194,0.8219223618572452,0.2511137162954279,-0.0001919186075630879,0.02101972473002368,1.0000318757335753,1.0276262021337035,-1.0000002691502052,,-176.7439306839853
M15,20,1.5,D1,20,short,1.0,6381,400.2507727975271,-1.1376603524158875,0.762451806924974,0.8240135927175439,0.24761009246199656,-0.00020848678719903265,-0.8561072501821755,1.0004539196965587,0.6173298640525582,-1.0000022587790132,,-143.69753316177614
M15,20,1.5,D1,32,both,0.0,9439,1138.9477205153619,-1.5396194282122417,0.8819791367596783,0.8503592709085477,0.23328742451530882,-0.00018514878783098952,0.3307088343250252,1.0013097467034062,11.371490379904582,-0.9996970314538408,-0.6237891908148364,-859.9002178017757
M15,20,1.5,D1,32,both,1.0,6028,788.3018259935553,-1.783203084613602,0.85220777320817,0.8040183562284997,0.2261114797611148,-0.0002834513602246059,-0.39297702015783725,1.000223197605114,0.0761267532625809,-1.0002442746331492,,-511.03170386805897
M15,20,1.5,D1,32,long,0.0,9718,628.3412108337759,-1.0120353277732599,0.8347722428239326,0.8624936392175052,0.21619674830211977,-0.0001485477076229727,-0.2909820167648485,1.0003827004917427,0.7652599274442087,-0.9988510994623077,-0.35445677941514153,-1116.2098393724239
M15,20,1.5,D1,32,long,1.0,6233,472.22635345364034,-1.4070293005493117,0.8051964621813541,0.7931210309431641,0.2071233755815819,-0.00025345654558996757,-1.0429651328640748,1.0001612453825166,0.6598494255412217,-1.0001627911880768,,-683.8071256583395
M15,20,1.5,D1,32,short,0.0,8194,512.5635382771022,-1.2705560896317178,0.8042316566389885,0.823376358600792,0.2504271418110813,-0.0001896666732809762,-0.8106811059727151,1.0000823415803481,0.7772263118680836,-1.0000864876118858,,-173.7561748013399
M15,20,1.5,D1,32,short,1.0,5993,405.2848083688206,-1.2164157241701279,0.7847759184799042,0.8132753474934986,0.2467879192391123,-0.0002232829428945568,-0.5911846305756897,1.0000033878800916,0.6025083513931679,-0.9999828582280008,-0.5239018325432248,-142.66535193525502
M15,20,1.5,D1,50,both,0.0,9238,1141.8543147208122,-1.553118026524112,0.8626479298908823,0.8490380718004152,0.23132712708378436,-0.0001881762799904104,-1.3034640939684174,1.000373179452861,0.4925249229493148,-1.000010164051434,,-873.5160502739177
M15,20,1.5,D1,50,both,1.0,6420,802.7747346799041,-1.6956306440453515,0.8415360828601275,0.8117716229654414,0.2252336448598131,-0.0002643351051980043,-1.2293656627445733,1.0001101303903714,0.5966003885476877,-0.9999994960613643,-0.8368723013762787,-591.2415658245922
M15,20,1.5,D1,50,long,0.0,9607,625.7055545649073,-0.9965126737390823,0.8137927580908286,0.8648823634770813,0.216716977204122,-0.00014601265739485757,-0.3585215902326995,1.0001746055153997,0.21620719332254296,-1.0000676476700485,,-1194.3862545996133
M15,20,1.5,D1,50,long,1.0,6483,453.36315336013786,-1.3254215220603556,0.7982895192282282,0.8005794588934069,0.21178466759216413,-0.00023937748034403127,-1.0903229004511295,1.0000580618108774,0.6038946529936366,-0.9999988846163438,-0.6165312427329804,-818.5839124377409
M15,20,1.5,D1,50,short,0.0,7934,519.8015246636771,-1.411050199643688,0.8053741989488905,0.8095676614203006,0.24905470128560625,-0.00019985295977706727,-0.8850853856671393,1.0001635183070734,0.6675817637919078,-0.9999988041343979,-0.590743821791949,-116.88794015791092
M15,20,1.5,D1,50,short,1.0,5955,389.86623946943894,-1.2635075766208423,0.7831493457537535,0.8045111181407446,0.24617968094038623,-0.000229297089489202,-0.5203495862791326,1.0002299908256072,0.3725991923119882,-1.0002478831540706,,-117.69829052152178
M15,20,1.5,D1,80,both,0.0,8168,1154.5518575851393,-1.937630447757169,0.8670802356341107,0.8214624339989577,0.23298237022526935,-0.00023187663181182562,-0.7990568818179232,1.0002037214036785,0.7726172894929009,-1.0002162009154687,,-752.3635017229021
M15,20,1.5,D1,80,both,1.0,5936,829.1105162523901,-1.9850298812483211,0.8455438668861037,0.7943474004281899,0.2279312668463612,-0.00030058360882052887,-1.0198521907975497,1.0000388212193163,0.6517943517115594,-0.9999667088966947,-0.763091084996056,-522.9904823738185
M15,20,1.5,D1,80,long,0.0,9859,622.2567392431312,-1.0906950950451069,0.8317258615440937,0.8563100997565941,0.2196977381073131,-0.00015973535208354845,-0.44293535937849676,1.0006000931930015,0.12928891186674635,-0.9999999453692472,-0.6519681726591879,-1146.329755390521
M15,20,1.5,D1,80,long,1.0,6985,479.2919876009769,-1.3329720591135366,0.8100316682323906,0.8092995296489259,0.2141732283464567,-0.00023025150872502264,-0.25933469791299807,1.0000846685178624,0.8604969480633383,-1.0000013878491796,,-822.4578948154063
M15,20,1.5,D1,80,short,0.0,8045,530.4036552346571,-1.429885877174456,0.8154548084213418,0.8068815039954651,0.24723430702299565,-0.00020440078500027386,-0.9725820130771834,1.000120906206135,0.6427841587159338,-0.9999994179353422,-0.6119148461137585,-132.3032495097524
M15,20,1.5,D1,80,short,1.0,6035,399.54390973355083,-1.29614588512727,0.7866243589997586,0.8008353243700912,0.24324772162386082,-0.00023438090136274656,-0.14383293032182046,1.000361708753772,0.8884558631145769,-1.0003817288593884,,-109.92060365790996
M15,20,1.5,D1,120,both,0.0,7641,1173.6228973927668,-1.7088473337478702,0.8509320020902122,0.8406895676838704,0.2292893600314095,-0.00021062542095120142,-1.758170025192815,1.0001273652021325,0.6549004004558883,-1.0001447210245573,,-803.143272424361
M15,20,1.5,D1,120,both,1.0,5325,860.9810756972112,-2.0595336192055766,0.8279925977916708,0.78966330475348,0.2227230046948357,-0.00031810311213792105,-1.458690316363,1.0001305324757854,0.4960407860150575,-0.9999915606080986,-0.8487649106698405,-547.3301743397126
M15,20,1.5,D1,120,long,0.0,9372,623.8605795516676,-0.9325439656813591,0.8041617060474532,0.8745568322349013,0.21841655996585574,-0.0001398438494951408,-0.5923345019785009,1.0007062100210296,0.6274491560654032,-0.9997138199038017,-0.4190601914652222,-1234.3463973642854
M15,20,1.5,D1,120,long,1.0,7011,484.53505203405865,-1.2558018461260942,0.7935125014604664,0.8182106826665949,0.21309370988446727,-0.0002179544800923547,-0.2733683452786228,1.0000269627551466,0.7656320076442166,-1.0,-0.9435667850457058,-847.7303770008746
M15,20,1.5,D1,120,short,0.0,7572,529.3154066985646,-1.542960897627748,0.8235180645018796,0.7938641262478481,0.2431325937665082,-0.00021720389604694878,-0.16116104609023132,1.0000284352614028,0.775127929069122,-1.0000004079698477,,-112.34348049897315
M15,20,1.5,D1,120,short,1.0,5897,418.5540711232025,-1.4418700972060878,0.7953519632886434,0.7870646223695508,0.24113956248940138,-0.000246543040637871,-0.6632705609730246,1.0009007807050956,0.4115846074798917,-1.0000569874946668,,-106.51262231324142
M15,20,2.5,none,0,both,0.0,10109,637.3748058001036,-1.0768037061745814,0.9033101814048002,0.8743511970419384,0.28291621327529926,-0.00021559759227210437,-0.10538112550392209,1.0021205664036499,0.9015166306259815,-1.0000000000346994,,-1072.3108107819437
M15,20,2.5,none,0,both,1.0,7647,484.8232511716716,-1.0999849263315833,0.8891718409117507,0.8560307899389211,0.28468680528311757,-0.00026817995115946695,-0.2780033114885697,1.0005816423095852,0.25333994549966027,-1.0006032510700702,,-756.0261558238165
M15,20,2.5,none,0,long,0.0,12001,556.9714421855145,-0.5579525873138245,0.8670293847266569,0.9277041569090516,0.28689275893675525,-0.00011531842467189857,-0.21902678072614812,1.0003000887396867,0.4181845257093565,-0.9999998701176006,-0.5209321991691573,-1107.014492887175
M15,20,2.5,none,0,long,1.0,7691,426.9855221158231,-0.9725664902072965,0.8619887897862601,0.8628177482863211,0.27928747887140815,-0.00024281225098713428,-0.3118911822223461,1.0020402529491166,0.7112034256559401,-1.0000599292343237,,-1311.2828325803234
M15,20,2.5,none,0,short,0.0,7679,565.9311440677966,-1.3529912033694487,0.9054701939941832,0.8321448273756221,0.2733428831879151,-0.00029252391061798715,-0.5559642674199153,1.0001549820997389,0.8412251245642076,-1.0001557348818793,,-222.6746930845897
M15,20,2.5,none,0,short,1.0,6482,443.27850589777194,-1.2952365431746682,0.8984777195523406,0.8213635546213949,0.2749151496451712,-0.00033036905199700637,0.17572678731014751,1.0091247385687978,1.741891653854568,-1.0000826182460416,,-177.71661388466356
M15,20,2.5,H4,20,both,0.0,10290,478.04916051895196,-0.6946512476896343,0.8364729333231962,0.9034141073834627,0.27978620019436345,-0.0001573308295951012,0.08293517359088765,1.0027407627522817,1.2920785971196156,-1.0000000000000107,,-1072.6182204888537
M15,20,2.5,H4,20,both,1.0,8265,384.706416464891,-0.8020939254308295,0.8449815173355917,0.8785673359781365,0.28009679370840895,-0.00020965591054196049,-0.2944655205674327,1.0006228648849422,0.5226065124946262,-0.9999992330018798,-0.48077107462224267,-723.0647091193899
M15,20,2.5,H4,20,long,0.0,5937,275.9594362433189,-0.5423718695515308,0.6847797363879624,0.9031522522150419,0.2790971871315479,-0.00015508964697219955,-0.255290583603796,1.0003272226716489,0.3959625899666027,-0.9999999999998915,-0.7503195931032688,300.73762375467965
M15,20,2.5,H4,20,long,1.0,4709,219.24311663479924,-0.6403527098155029,0.6955326229253014,0.875782862778694,0.28031429178169465,-0.0002111634574788186,-0.14112635061133183,0.9794879216144683,0.9644040026794781,-0.9268913840160742,-0.11466366636750913,731.0861598392767
M15,20,2.5,H4,20,short,0.0,5247,243.76325998473672,-0.40402721426193383,0.5605282477858018,0.9182882825434076,0.28320945302077377,-0.00013325653416020083,-0.5090551245885633,0.8375482952259139,0.8976904634228491,-0.8206309773414039,-0.07672545081768245,1793.690226585969
M15,20,2.5,H4,20,short,1.0,4214,210.21080305927345,-0.4291503947842608,0.5497019436236592,0.9074934412542943,0.2828666350261035,-0.00015975124446347808,-0.5396577131246526,0.8312702467605502,0.888621715051465,-0.8162655724894785,-0.08104351679487032,1837.344275105208
M15,20,2.5,H4,32,both,0.0,10648,495.05880855397146,-0.5440880724349436,0.7908324259161432,0.9216512067686388,0.2833395942900075,-0.00012821071045904844,-0.2732899827173169,1.0021339251744714,0.8610007332901928,-1.000000400829044,,-999.7779081070498
M15,20,2.5,H4,32,both,1.0,8535,397.2233371559633,-0.6075203711943381,0.8009661130160965,0.9034909523128819,0.28037492677211484,-0.00016812151937046463,-0.09479210036567763,1.0003387226372933,0.8096285583729447,-1.000000006006392,,-523.5217942318518
M15,20,2.5,H4,32,long,0.0,5882,273.5770406214186,-0.3746678244835714,0.6313454041675285,0.9303061831918472,0.28221693301598094,-0.00011191555098433246,-0.04125183766132524,0.961843461831044,0.9905131367437522,-0.725647797249257,-0.05838096873565368,2743.52202750761
M15,20,2.5,H4,32,long,1.0,4644,216.21682600382408,-0.4741332650813269,0.6559499067175583,0.9033609537392822,0.28165374677002586,-0.00016592204221955076,-0.12520771463129532,0.9511353967835041,0.9710031081792617,-0.7699787562415417,-0.06613308496988013,2300.2124375846633
M15,20,2.5,H4,32,short,0.0,5428,252.39681731381285,-0.3783170667728577,0.5480687728900573,0.9207353264990439,0.28500368459837877,-0.0001302841258889316,-0.39166418341871856,0.93383352831471,0.8872471938460695,-0.9261070869420085,-0.11408692803122111,738.9291305799076
M15,20,2.5,H4,32,short,1.0,4377,218.31206472757066,-0.3376197811445118,0.5419729818078292,0.9235210895182012,0.2810143934201508,-0.00013306580079625743,-0.38545497011602997,0.9224378470326102,0.8790357252561082,-0.9085299407002309,-0.11245249533940838,914.7005929976893
M15,20,2.5,H4,50,both,0.0,10942,509.3761789446852,-0.5926521614457715,0.827941450776461,0.917889008380442,0.2802047157740815,-0.00013380798876920256,0.14049616142305948,1.0014234246924982,1.4212155356955498,-0.9999999923821182,-0.5811292498740102,-900.5156290018668
M15,20,2.5,H4,50,both,1.0,7640,406.8391893862079,-0.8090349019263683,0.8320171952959916,0.8775876273426721,0.27277486910994764,-0.00021671731973967458,-0.1104420017064392,1.0000474464521176,0.8119667744812697,-1.0000000005420242,,-926.78405166126
M15,20,2.5,H4,50,long,0.0,6012,279.9799821496876,-0.34063761876420084,0.6377863445985941,0.9365172144780262,0.28359946773120426,-0.00010105908810147682,0.03095849515065747,0.9908640008997311,1.0090866262340632,-0.7904007686406664,-0.07018405648421533,2095.992313593459
M15,20,2.5,H4,50,long,1.0,4742,225.0539890852391,-0.4657024124103151,0.6540800822279016,0.9056490468552434,0.2813159004639393,-0.00016050125980007134,-0.11758706888645418,0.9785275258172259,0.970751663051372,-0.8461011113486249,-0.08498877012044959,1538.988886513776
M15,20,2.5,H4,50,short,0.0,5464,254.5244229052417,-0.4801912120071913,0.6074744758188837,0.9056796691657273,0.2765373352855051,-0.00015607632003103387,-0.6057900962236804,0.9096817562884083,0.8810487250674723,-0.9005136911665498,-0.10192265264387534,994.8630883345057
M15,20,2.5,H4,50,short,1.0,4412,220.05776321179843,-0.4564671162680593,0.6262254697591665,0.9040199923262284,0.27651858567543064,-0.00016796789408100396,-0.6517475317312061,0.9126248652988267,0.8677026066646425,-0.8977386361316195,-0.10750192940620418,1022.6136386838064
M15,20,2.5,H4,80,both,0.0,11147,519.8470058733401,-0.6006252391557715,0.8581296357471396,0.9155927772227146,0.284471158159146,-0.00013843837375683723,-0.38099101695747634,1.00056682856132,0.8062943095438077,-0.9999999999375135,-0.6657123213033096,-1330.5395929895915
M15,20,2.5,H4,80,both,1.0,7082,403.226890101325,-0.906540062973548,0.8457182058270534,0.8642138035578443,0.27365151087263484,-0.0002469255974593441,-0.23925756393230777,1.000401642234988,0.0026297615385425946,-1.0000042650874028,,-813.1402652953111
M15,20,2.5,H4,80,long,0.0,6144,286.8954231654308,-0.55791435883058,0.7344178271744771,0.9009360910742218,0.2786458333333333,-0.00015982901475105333,-0.2282464254917417,1.0006031268196143,0.7818129030446214,-0.9999602900838502,-0.3769977354733085,460.28403116543535
M15,20,2.5,H4,80,long,1.0,4816,228.56600831600832,-0.7543846518711511,0.7797612109348511,0.855042396860283,0.27408637873754155,-0.00025079386388178715,-0.06191912610948816,1.0006624497495558,0.9635580928566317,-0.9999950342575065,-0.43989055190967497,535.8984202124733
M15,20,2.5,H4,80,short,0.0,5382,250.99278600612868,-0.2748186021641355,0.6429875399928273,0.9408537328026494,0.2917131178000743,-9.813839712156732e-05,-0.46214455597203974,0.9469488912373584,0.86233343562591,-0.9288889156416534,-0.11598545633177948,711.1108435834578
M15,20,2.5,H4,80,short,1.0,4387,218.84071974870255,-0.3825222202296679,0.6625904029947586,0.9130866737393971,0.28675632550718033,-0.00015369632454692738,-0.5737686748363267,0.9738912993870646,0.8278038285879681,-0.9664775764444455,-0.15581435663698107,335.2242355555402
M15,20,2.5,H4,120,both,0.0,11260,526.3938307948291,-0.5907000596989778,0.8332286574226547,0.9206345086921827,0.28285968028419184,-0.00012954197401433089,-0.5971960985503946,1.0009170657309219,0.5643407118364854,-0.9999999076813573,-0.5310416663129913,-719.2095589773002
M15,20,2.5,H4,120,both,1.0,7805,417.08504023408926,-0.9404012413430917,0.8680086997705615,0.8633712026640199,0.27431133888532994,-0.0002433175145759549,-0.1306882237405409,1.0001287730820438,0.9331379531404497,-1.0001299952513762,,-752.103340783555
M15,20,2.5,H4,120,long,0.0,6179,288.9730793854033,-0.4438153836623843,0.6937060246129796,0.9199167803152697,0.2822463181744619,-0.00012792057250672202,0.14434105234154065,1.0000299839487707,1.0771578755970275,-0.9999845416303103,-0.40432169296861376,1663.2680938405651
M15,20,2.5,H4,120,long,1.0,4881,231.6508900727651,-0.7205587605653273,0.7699795622287897,0.861219107352267,0.27678754353616064,-0.0002377925006116791,0.25387684108279807,1.0000474239748374,1.744179709316698,-0.9903840754825293,-0.197817245612946,677.6269185992385
M15,20,2.5,H4,120,short,0.0,5395,252.72845325125047,-0.4618131069462727,0.5944717023254316,0.9104848751172492,0.2819277108433735,-0.0001494527765616287,-0.4730155469527692,0.8353053490363486,0.9056240521248863,-0.8235433339811025,-0.07804695020559183,1764.5666601889761
M15,20,2.5,H4,120,short,1.0,4380,218.46169602621876,-0.47549590286088544,0.5957800892103826,0.9019701137130074,0.28127853881278536,-0.00017347274956796695,-0.5189366769500415,0.8532071596237083,0.8934074015033413,-0.834506265994648,-0.08581289760861699,1654.9373400535158
M15,20,2.5,D1,20,both,0.0,11438,534.7151542301292,-0.7122447932680124,0.8733513421569441,0.9072149623920969,0.2823920265780731,-0.00015079970250798155,-0.3163847750537124,1.0017691573801064,0.7764692924221632,-0.9999839450532324,-0.4031475644652943,-915.6049950146883
M15,20,2.5,D1,20,both,1.0,6592,408.02033553634976,-1.1438438242271733,0.8727132250917187,0.8385670940034032,0.27412014563106796,-0.0002989872615782258,-0.7862085782127467,1.0000257244394768,0.8171713864480784,-1.0000257138607727,,-700.0449078410122
M15,20,2.5,D1,20,long,0.0,6392,298.857910906298,-0.3339908337457267,0.6493302082457703,0.9417573203214019,0.2887984981226533,-9.181934773834541e-05,0.23716814493438057,1.0066473819281356,1.4057380261835146,-1.0070086590461496,,3231.7038561410004
M15,20,2.5,D1,20,long,1.0,5067,240.44715473561126,-0.6740010501019685,0.7459818466539561,0.8761542475016527,0.28616538385632523,-0.00020852928071887937,0.1689035539269722,1.0038827703587867,2.202226327677816,-0.9998621112538802,-0.34414637229867995,794.9488256887797
M15,20,2.5,D1,20,short,0.0,5548,259.8957291265871,-0.7410806722178506,0.7372282731070607,0.8624052411200829,0.2745133381398702,-0.00022904161543815053,-0.6331734603891424,0.9328793222713635,0.8748631159874125,-0.9324072124094195,-0.11857218354421462,675.9278759057952
M15,20,2.5,D1,20,short,1.0,4495,224.2588102718208,-0.7344373950139345,0.721478896749645,0.8549777760901822,0.27408231368186875,-0.00025602463633732955,-0.7534664796920668,0.950900613927112,0.8496025709953943,-0.9484212150042184,-0.13748978018285385,515.7878499578017
M15,20,2.5,D1,32,both,0.0,11515,542.20107644708,-0.8190144482016295,0.9077039025066691,0.8926737588966658,0.28102475032566215,-0.0001751974223854366,-0.26412759634241373,1.0004211168593917,0.3162864000875899,-1.0000136632340404,,-1613.3015169124715
M15,20,2.5,D1,32,both,1.0,7183,419.43896882494,-1.0836262389589595,0.8932849247992387,0.8431551484460402,0.2724488375330642,-0.0002848662004621593,0.16560316352320512,1.0224027045490591,1.3581909719073375,-0.9999975091014255,-0.5292559717526935,-800.7452990359468
M15,20,2.5,D1,32,long,0.0,6648,312.5877960865088,-0.5051442267232021,0.7157895650664055,0.9127769557271771,0.2815884476534296,-0.0001392351974800479,-0.3134497936172207,1.0006216861678712,0.7510749530566541,-1.0,,130.5454051065641
M15,20,2.5,D1,32,long,1.0,5367,254.68322073535143,-0.7488282713825669,0.7558232639701931,0.8622396731623516,0.27743618408794485,-0.0002338088541054102,0.24721277601851044,1.001909864530231,6.949079897857006,-1.0000069443214685,,-92.22095454135294
M15,20,2.5,D1,32,short,0.0,5273,247.61677166366675,-0.7124747654597994,0.7428943691379208,0.8623577452042172,0.27896832922435044,-0.00022885067946262061,-0.8536014942224004,0.9673265175192052,0.8356796610110137,-0.9644076369199984,-0.14498718246735864,355.92363080001087
M15,20,2.5,D1,32,short,1.0,4225,210.8171106557377,-0.7696323149886677,0.7482723342522781,0.841765092011442,0.2762130177514793,-0.0002811240898908193,-0.9756431759913776,0.9783051300646292,0.8054574489208927,-0.975755584878551,-0.16939202491743344,242.44415121448668
M15,20,2.5,D1,50,both,0.0,9808,546.5932255111383,-0.930065058400347,0.8867201212102146,0.8792423127536569,0.2749796084828711,-0.00020041134074961318,-0.3331844087526966,1.0012136569447847,0.4885233726693833,-1.0,,-1260.179634278762
M15,20,2.5,D1,50,both,1.0,7139,420.43207836181875,-1.0970030355366684,0.8868489936635211,0.8421468098819506,0.2716066676005043,-0.000286734312110952,0.13226890906425168,1.010335355795371,1.542596481337022,-1.0000007614310558,,-766.9512578945086
M15,20,2.5,D1,50,long,0.0,6604,312.12616459627327,-0.43732145945362344,0.7077483677516352,0.9239723029654386,0.2811932162325863,-0.00012187904393392585,-0.4219005099270536,1.0002818768903878,0.657988354053509,-0.999998881877491,-0.4767459829218623,400.4655077967792
M15,20,2.5,D1,50,long,1.0,5324,252.57708793349786,-0.7028131734774741,0.7582098711510923,0.8694502900698807,0.276671675432006,-0.0002227448790785929,0.23276891654056323,1.000134761404011,1.6866330023720832,-0.9999999982049685,-0.6153351926302904,316.0785487076224
M15,20,2.5,D1,50,short,0.0,5202,247.65778154327424,-0.8825586530219187,0.7793855513381398,0.833269342443978,0.27450980392156865,-0.0002749160746835654,-1.118505903006589,0.9959266149479101,0.7670007524268484,-0.9958909050349418,-0.2301700819714365,41.09094965058146
M15,20,2.5,D1,50,short,1.0,4219,212.0822667217176,-0.8517925075867084,0.7529647452710658,0.8275894343508404,0.2751836928182034,-0.0003030094224287645,-1.1632806308653494,0.9916123293893307,0.7636478064628067,-0.9912531280820379,-0.21197447188278729,87.46871917961997
M15,20,2.5,D1,80,both,0.0,11466,548.305380989788,-0.8262626486181023,0.8904560668257984,0.893448489109252,0.28283621140764,-0.00017315627428273804,-0.051148575446511135,1.0002147073161132,0.9868340578020681,-1.0002254420767254,,-967.1172769360714
M15,20,2.5,D1,80,both,1.0,7280,444.8753555295298,-1.1431099026931664,0.8867411526886879,0.841540377903053,0.27403846153846156,-0.0002854749249665574,-0.3685705717875999,1.0005635455610324,0.7751359148598767,-1.0000190133448008,,-825.930115547958
M15,20,2.5,D1,80,long,0.0,6540,313.44114945545203,-0.45615322830696,0.6810688475746347,0.9225120847267256,0.28440366972477066,-0.00012531993504417944,0.12117502174731799,1.051203847404936,1.0807041099212222,-1.0493036089237624,,1366.9646770076959
M15,20,2.5,D1,80,long,1.0,5350,263.9588680264758,-0.6452913145547062,0.71751982077606,0.8845205868083452,0.2816822429906542,-0.00019762564357341897,-0.012023136098723767,0.9962716679037666,0.9966995378041754,-0.9086948661849756,-0.11138671518820653,913.0513381502576
M15,20,2.5,D1,80,short,0.0,5162,246.84740769835037,-0.7812061808299672,0.7350507041835133,0.8498162291080207,0.27993025958930645,-0.00024433229830818045,-0.7440111668055505,0.9460724074676714,0.8557117044994311,-0.9448924616427845,-0.12942824615640947,551.0753835721457
M15,20,2.5,D1,80,short,1.0,4223,212.34178827092512,-0.8559538756623677,0.7507032584299858,0.8260796177946781,0.27681742836845846,-0.0003005693711319911,-0.8827385820581429,0.9723223908926357,0.8208382547349382,-0.970611977292518,-0.16251658538805047,293.8802270748201
M15,20,2.5,D1,120,both,0.0,10065,555.5752229106846,-0.9314363905750612,0.8955788974059109,0.8813485763888542,0.2782911077993045,-0.00019560626074830977,-0.45625877516671787,1.0006051268497371,0.8691035862356028,-1.000666794478105,,-1159.6618842332234
M15,20,2.5,D1,120,both,1.0,6443,438.6404007455732,-1.2329296326292036,0.8794585096611978,0.8297013262062417,0.27440633245382584,-0.00031428875996886965,-0.6078854061457432,1.0002053576933718,0.5522040372894137,-0.9999955063784567,-0.5675379806757785,-705.9561149698693
M15,20,2.5,D1,120,long,0.0,6405,310.9698590987638,-0.32751654785288437,0.6844642616544796,0.9434073319229811,0.2886807181889149,-9.217280659608518e-05,0.05320264262128611,0.9854420596860345,1.015159427055656,-0.76959265840348,-0.06878816173556301,2304.0734159652593
M15,20,2.5,D1,120,long,1.0,5339,263.3450033760972,-0.6219739896662524,0.7390716499136267,0.8878928022514158,0.2845102079041019,-0.00019310075700035246,0.13073142050320408,0.9973297338407549,1.0886694009809341,-0.8778388098523587,-0.09850528882139964,1221.6119014764317
M15,20,2.5,D1,120,short,0.0,5185,256.2334257881207,-0.8462058877106943,0.7582242165463933,0.8410907242755031,0.2738669238187078,-0.00025638325491946894,-0.6031004555585523,0.945022393957497,0.8819882972182992,-0.9384087892230931,-0.128674987174757,615.9121077690705
M15,20,2.5,D1,120,short,1.0,4265,218.39215617552225,-0.813117779638165,0.7369073039075221,0.8366316199608931,0.27620164126611957,-0.00027911257821126666,-0.6977575771108309,0.9437275673128669,0.8590800217570169,-0.9354990018573426,-0.13095341142897943,645.0099814265582
M15,20,2.0,none,0,both,0.0,8185,935.1176884579293,-1.6989735747181747,0.8942510883450924,0.8316566424805228,0.2602321319486866,-0.00026211005243899474,-0.5859013894526893,1.0007954008370161,0.7803030369742613,-0.9999718708214898,-0.6979516184306069,-871.7594329267293
M15,20,2.0,none,0,both,1.0,5761,658.7993894802755,-1.6312524786327263,0.8688796312478635,0.8121366935544405,0.25776774865474744,-0.00032858510069683975,-0.0619825603313281,1.02182258697295,0.9129553437211615,-1.000000000067368,,-577.223313247473
M15,20,2.0,none,0,long,0.0,11201,802.1892647058824,-0.9918204393278844,0.8550009043807324,0.8875493429288015,0.2524774573698777,-0.0001545621771082765,-0.3185419366483889,1.000550248709384,0.838105631986129,-1.0005869850686315,,-1861.6328243052585
M15,20,2.0,none,0,long,1.0,7535,605.6687389964789,-1.2427123258786712,0.855563568063229,0.8446454147909561,0.24751161247511613,-0.00024162337980781026,-0.6194459967436795,1.0003337592359882,0.5654523987625097,-0.9999998716081796,-0.7207075098077603,-1145.838973357875
M15,20,2.0,none,0,short,0.0,5963,830.658180778032,-2.2673799918672684,0.8863305003594532,0.7700896407559403,0.2580915646486668,-0.0003521954185539591,-0.4106464064456473,1.0000495152763147,0.7650325701206865,-0.9999203971932094,-0.7314711935704017,-187.7683416311856
M15,20,2.0,none,0,short,1.0,4685,588.0399484536082,-1.8694937512991288,0.8523652884523663,0.7744652173762978,0.24845250800426893,-0.0003912724980053106,-0.40707642108836917,1.000145786745652,0.8354790272763937,-0.9999586574058321,-0.7182978726220728,-125.8307271489195
M15,20,2.0,H4,20,both,0.0,10814,719.8493712411154,-1.1716371435071309,0.8829307384635633,0.8639442420009936,0.2524505270945071,-0.00018477636976209778,0.11678404037670019,1.0002703838091618,1.3217594471320788,-0.9999999999997131,-0.8537488512951794,-940.7172821192804
M15,20,2.0,H4,20,both,1.0,7787,519.773711622807,-1.258926870610207,0.8703256029751081,0.8338323062553119,0.24579427250545782,-0.0002491395768765047,-0.6012954375151879,1.000325339326308,0.5614335737407995,-0.9998258886272469,-0.4388495268108329,-635.2332203579433
M15,20,2.0,H4,20,long,0.0,8694,404.108360906083,-0.7252727600183542,0.7655697257801404,0.8877411370174652,0.2533931446974925,-0.00014506858795962536,-0.23634491800478571,1.000061633073987,0.8779579723967036,-1.0000624120553567,,-871.6140449645854
M15,20,2.0,H4,20,long,1.0,6845,318.6916826003824,-0.7983242804337507,0.7643232418384169,0.8649695398748605,0.25113221329437546,-0.0001861148325114834,-0.4568571453093459,1.0004809434429882,0.5992862531081912,-0.9999988793708207,-0.47161198332271737,-368.5844718007224
M15,20,2.0,H4,20,short,0.0,7829,364.69101517663563,-0.7500651195523964,0.7435220073238082,0.8776049419846432,0.26248563034870354,-0.00016047241120805309,-0.25319958609245413,1.000095995769213,0.44976760940980287,-0.9967021438458605,-0.23370833952681858,-259.73708717478036
M15,20,2.0,H4,20,short,1.0,6285,298.7890472471691,-0.8003239321834306,0.7264870139861049,0.858513642890183,0.25664280031821796,-0.00019701290851653367,-0.26943079063313446,1.0021490987565749,0.7082050591824294,-1.0013203328058626,,-206.386627067556
M15,20,2.0,H4,32,both,0.0,13680,734.2571638501103,-0.8731770361669231,0.8713550966858891,0.896179702162173,0.2548245614035088,-0.00013813859830797556,-0.4925062563341189,1.0000448890565117,0.6064764704835239,-1.0,-0.8745787152028116,-1139.3121900491612
M15,20,2.0,H4,32,both,1.0,10241,561.134900990099,-0.9296649630168343,0.8596872382253623,0.8762366951929947,0.2510497021775217,-0.00017869697743524027,-0.9318593692489883,1.000483649535866,0.5246724510942335,-1.0,-0.8844826318182739,-734.9606701929013
M15,20,2.0,H4,32,long,0.0,8648,402.22615560932127,-0.5707004982090286,0.7486048394548905,0.9086473789097189,0.2543940795559667,-0.00011793015450492897,-0.014572055467103018,1.0002327587348143,0.9891321519408752,-1.000059440202991,,89.1008761788523
M15,20,2.0,H4,32,long,1.0,6824,317.71395793499045,-0.7179944628642624,0.7808046934092533,0.8750461306374906,0.2514654161781946,-0.0001722202279277867,0.28118737919334885,1.0001694220804187,1.521067288065211,-1.000163384767058,,285.04709592253334
M15,20,2.0,H4,32,short,0.0,7900,371.02674553169606,-0.6410654191619821,0.719475271473512,0.8864265267566822,0.259873417721519,-0.00014966444739418275,-0.3613503076256499,1.0341392316110618,0.8248597688504172,-1.0361713787771198,,-361.71378777121026
M15,20,2.0,H4,32,short,1.0,6384,303.10100090991807,-0.5609025598775145,0.702109870355992,0.8894400671396137,0.2573621553884712,-0.00015550604727394482,-0.45689617872369326,1.0036710330880096,0.7324683301953449,-0.9999690964230272,-0.3892357452355769,-6.755388861753836
M15,20,2.0,H4,50,both,0.0,11685,751.002331515045,-1.1708489120056704,0.8901085787270148,0.8665298045541765,0.2558836114676936,-0.00017891989941734983,-0.2735822350208336,1.001348486656583,0.11225051934471175,-1.000000005663968,,-978.7513830104699
M15,20,2.0,H4,50,both,1.0,7400,577.5320512820513,-1.2346047036714245,0.8441402840310024,0.844514447581973,0.2485135135135135,-0.00024078312449493254,-0.7552230909285584,1.0000361640476407,0.6629962868451307,-1.0000030926353525,,-643.9752761520737
M15,20,2.0,H4,50,long,0.0,8788,409.2066547679755,-0.7311124055791421,0.7953392003894242,0.8855956744522587,0.2539827036868457,-0.0001478317052714702,-0.22174696371647012,1.0006782102155205,0.17638425666776167,-0.9998970743621654,-0.3478820737485785,-488.2296013807687
M15,20,2.0,H4,50,long,1.0,6936,329.18061330561335,-0.8033130495417534,0.7920203483677712,0.8629776415935277,0.2497116493656286,-0.00018892920715149998,-0.169498207645024,1.0001005814327946,0.8322910096706336,-0.9999687164066147,-0.3887639061299125,-308.46937077705
M15,20,2.0,H4,50,short,0.0,7927,370.3423829623945,-0.7289637385583251,0.7284339623954992,0.8820332915955347,0.2610066860098398,-0.0001548742100974306,-0.5010661358636332,1.0004139532982759,0.5534084773729563,-1.000000000000595,,-262.28049128967046
M15,20,2.0,H4,50,short,1.0,6378,302.89487712911193,-0.7004230371801392,0.7345928381412523,0.8760843972966856,0.26042646597679525,-0.00017301486436281037,0.04301808157308317,1.0087591030303429,1.047813542870508,-0.9995383326035915,-0.3056361839140195,-219.2403391609273
M15,20,2.0,H4,80,both,0.0,12017,762.0154947916667,-0.9189906638383398,0.864379735203359,0.8928097215359613,0.25705250894566034,-0.0001442759008297746,-0.286114619410222,1.0005742896294332,0.6759285271421284,-1.0000009532910352,,-1053.8085437423445
M15,20,2.0,H4,80,both,1.0,7926,572.015708358032,-1.1854084582919382,0.8525510719009162,0.8470790676007415,0.24716124148372445,-0.00023119110083327172,-0.2967551950361877,1.000164726744508,0.8459502238429188,-1.00000004948063,,-571.9164684558665
M15,20,2.0,H4,80,long,0.0,8866,413.99980823318845,-0.6322005259397535,0.7983516503718524,0.9000645703509033,0.25344010827881797,-0.00012850765797741082,-0.0874658207480141,1.0001256524250983,0.8839304298170079,-1.0,-0.8286200976895288,44.594891322070154
M15,20,2.0,H4,80,long,1.0,5212,309.1900276108494,-1.2658781979586158,0.8144592779006832,0.7859832773646042,0.24136607828089024,-0.0003144079078599102,-0.014107304572788897,1.0000361856468674,0.9647564924999938,-1.0000286701516732,,-686.9060356277344
M15,20,2.0,H4,80,short,0.0,7901,368.46785623084776,-0.5509724071461011,0.7447305264348744,0.9024419570571967,0.2662954056448551,-0.00013001622772961885,-0.12027020184869615,1.0010146350568476,0.8746157953943586,-0.9998138923553028,-0.3300564271028693,-197.79279802990195
M15,20,2.0,H4,80,short,1.0,6346,304.06355765446676,-0.6337330949131248,0.7480251846158542,0.8779388930136123,0.2601638827607942,-0.0001732070930202048,-0.5531127471274233,1.0152315132608725,0.8079596300840283,-1.017848742630879,,-259.72450170643793
M15,20,2.0,H4,120,both,0.0,12117,766.626407413823,-1.0333475994622057,0.8849737458321433,0.8790458175704147,0.2543533878022613,-0.0001643016610597168,-0.5437574996572818,1.0003399532326835,0.7206381239383398,-1.0000000000000429,,-1138.61124025191
M15,20,2.0,H4,120,both,1.0,7825,579.8501217285453,-1.2405083931379355,0.8662937932952598,0.8395394440937902,0.24575079872204472,-0.00024628782081848,0.18126764269629383,1.000012368256645,1.624521430800874,-1.000000031806107,,-589.0467453834337
M15,20,2.0,H4,120,long,0.0,8904,416.41306017925734,-0.6090782566901755,0.7781292490110703,0.9034856609754504,0.2575247079964061,-0.0001238769813440564,-0.36914869117914323,1.0007588241962098,0.5312774229010374,-0.9998784769924302,-0.34401884998029675,-273.2341498825165
M15,20,2.0,H4,120,long,1.0,5575,317.7201981588391,-1.2576548603825353,0.8240556929109781,0.7898663696699396,0.2430493273542601,-0.000303150409832526,-0.24320311649023968,1.0002590053098859,0.4556083847704528,-0.9999652264571615,-0.4429489222825185,-719.7949991180303
M15,20,2.0,H4,120,short,0.0,7851,367.6853122195153,-0.6480505464374409,0.7044231943746634,0.8913085142318832,0.2604763724366323,-0.00014509888260679147,-0.4536912129504744,0.9981361739488512,0.8585902918968596,-0.9977000996132183,-0.2476132987045545,22.999003867817635
M15,20,2.0,H4,120,short,1.0,6336,300.8220460158586,-0.6220108334395014,0.7017655841743107,0.8859070896886679,0.2588383838383838,-0.00016211382143952778,-0.7578397196784307,0.9860757099355956,0.8540766030501954,-0.9840423803898954,-0.17836276579544863,159.5761961010415
M15,20,2.0,D1,20,both,0.0,12265,776.662838072122,-1.0778704129549506,0.8881833174708393,0.8780328688485658,0.25674684060334285,-0.00016449585098588692,0.1761745592088417,1.0020783548432985,1.4998427193194555,-1.0,,-1176.3648520029801
M15,20,2.0,D1,20,both,1.0,8103,588.5107874328893,-1.363306643423843,0.8809239713914832,0.8318605708774733,0.2520054300876219,-0.0002529966702714823,-0.06877210802770459,1.0008212139503425,0.9554637121417004,-1.0000051111849864,,-547.957425792023
M15,20,2.0,D1,20,long,0.0,9125,426.6393049155146,-0.5485552099531984,0.7673486534704372,0.9162661382787417,0.26126027397260276,-0.00010710160628658626,-0.2703887544718318,1.0002386029770218,0.6197514225666757,-1.000258414723349,,-289.16289068641447
M15,20,2.0,D1,20,long,1.0,5562,327.77032913843175,-1.3867569182528376,0.8304948114047964,0.7840434363094771,0.24685364976627114,-0.00031149678197451593,0.02765088446282874,1.0000678806045715,1.0219043278898297,-1.0000677712331918,,-711.3166580584036
M15,20,2.0,D1,20,short,0.0,7928,371.3866871873797,-0.8472235633229201,0.7770145744849735,0.8624357051057023,0.26109989909182646,-0.00018084061788344993,-0.4387929925608202,1.000484035320651,0.631534093057004,-0.9996054518900809,-0.3073010872612224,-84.89874782398644
M15,20,2.0,D1,20,short,1.0,6370,302.4363057324841,-0.7984811652477416,0.7461474138076312,0.8578822329573232,0.2607535321821036,-0.00019883321359606945,-0.511002896539695,1.0009319329232278,0.73981518067222,-1.000964928272317,,-109.13184542361611
M15,20,2.0,D1,32,both,0.0,12577,784.8537929267043,-1.0935997121452008,0.9114820926689335,0.8760828646773288,0.2586467361055896,-0.00016780613121365786,-0.051383097240988926,1.0131137377657424,0.8884682206832826,-1.0,,-1172.4174953130387
M15,20,2.0,D1,32,both,1.0,8405,583.5252328454666,-1.313195026233931,0.8909030774059084,0.8338423027362584,0.25234979179060085,-0.00024795842335850613,-0.2518472950049435,1.000398123929926,0.6899433902291071,-0.9999999999999969,-0.9016090839102937,-597.8386797854505
M15,20,2.0,D1,32,long,0.0,9483,445.8889997425335,-0.7945219306569864,0.8280768397618719,0.8806493327298204,0.2529790150796162,-0.00015510050767238054,-0.2912773232661734,1.0008816935891702,0.43749176995849265,-0.9999999999999831,-0.7748974660634451,-1036.8918015524882
M15,20,2.0,D1,32,long,1.0,5733,344.2344649021864,-1.3016441151055829,0.8335226211563407,0.7914310229281837,0.24088609802895516,-0.00030403150938707957,0.13766546675988717,1.0002066697051641,1.0902467289046078,-1.0000052074644283,,-761.5716597404362
M15,20,2.0,D1,32,short,0.0,7516,352.94664438158907,-0.751311517584644,0.7362241468275577,0.8749544503672968,0.2680947312400213,-0.00016281895786305869,-0.01615280969575678,1.000984036883182,0.9827198721807932,-1.001039011945467,,-68.51420522098125
M15,20,2.0,D1,32,short,1.0,5960,297.3893442622951,-0.7917804942481389,0.7460558226298399,0.8592286995454839,0.26610738255033556,-0.00019692587589930456,-0.14328904073501478,1.0002988045031007,0.8801795599550875,-1.0003271195092163,,-138.69729357699126
M15,20,2.0,D1,50,both,0.0,12069,790.9926879598063,-1.0938902523843144,0.8838780264438763,0.8757695755551176,0.25594498301433427,-0.0001649305858957677,-0.3562074360348736,1.0003926863558397,0.46690438240702337,-0.9999990454758837,-0.596874743351121,-1045.5813608648823
M15,20,2.0,D1,50,both,1.0,8217,592.4317508882748,-1.298448151651818,0.8772317879295587,0.8365620162510753,0.25301204819277107,-0.0002442396034572906,-0.2874535643828138,1.088074950008854,0.06857396251573239,-1.0000014684903258,,-650.484985914246
M15,20,2.0,D1,50,long,0.0,9404,444.4631211180124,-0.6802353916151818,0.7954709986292495,0.89671084640877,0.25457252233092303,-0.00013351333029775058,0.1770185130174837,1.0001570868016838,1.293482848768912,-0.9999999999999997,-0.81522908101942,-856.6904511678929
M15,20,2.0,D1,50,long,1.0,5754,339.0849467570184,-1.2350054358894764,0.8185384575410154,0.7994906193037766,0.24469933958985055,-0.00028807340255808595,-0.2512159888408244,1.0013132936881632,0.7566613001022036,-0.9999888463212188,-0.489327038077332,-878.836044086619
M15,20,2.0,D1,50,short,0.0,7445,355.1372926733708,-0.954028126248087,0.7898420716030417,0.8445659797107994,0.2633982538616521,-0.00020124618522586126,0.07702879479431218,1.0008450521539085,1.081279538358375,-1.0008549149489006,,-259.5382156595005
M15,20,2.0,D1,50,short,1.0,5986,301.57055172413794,-0.9361154010005608,0.7745686305781974,0.8368179449920182,0.2629468760441029,-0.00022666344766694442,0.1896541792500795,1.000010469963675,4.687434232748088,-0.9999997117184101,-0.5317151730080256,-223.03430151193498
M15,20,2.0,D1,80,both,0.0,12526,790.8593777009507,-1.2354860867451554,0.9139092553430999,0.8628128916253925,0.25858214912981,-0.00018559718537442617,-0.17611225679892983,1.0004527580758662,0.8163907874191384,-1.0,-0.9631807867820236,-1027.4948194586104
M15,20,2.0,D1,80,both,1.0,8141,636.4512521404109,-1.48484714258108,0.8936452903860778,0.8238185132614728,0.2534086721532981,-0.00026533626732457027,0.20569728846767987,1.0007859324552157,1.5796333659065718,-0.9998714513565887,-0.5036218073620333,-595.0509956688082
M15,20,2.0,D1,80,long,0.0,9287,445.09601758299436,-0.6204612332914425,0.7498461164279684,0.9067380689184066,0.25799504683966834,-0.00012166206144064255,-0.3779880783570242,1.0013344633694412,0.2439965548302282,-1.0,-0.8751868931235127,-234.67576474614737
M15,20,2.0,D1,80,long,1.0,7622,376.0550452519249,-0.8673847507393472,0.7974847932148942,0.8640750798583998,0.25675675675675674,-0.00018723700659298601,-0.2713754473278938,1.0085381055777651,0.35322314429598933,-1.0085328740599098,,-431.88509870921763
M15,20,2.0,D1,80,short,0.0,7416,354.63393558523177,-1.0040492475304632,0.8020851962285667,0.837256291604364,0.26429341963322545,-0.00020995603915749834,-0.5076034274520267,1.0001501332377165,0.7086986158556993,-0.9999999095349743,-0.5395546059584364,-173.65868482834782
M15,20,2.0,D1,80,short,1.0,6006,303.49910071942446,-1.078454045555844,0.8047051939091194,0.8157922101957039,0.2614052614052614,-0.0002545647427832013,-0.17045974164064356,1.000584468176977,0.8987237335682016,-1.0006032215659726,,-199.12998753174813
M15,20,2.0,D1,120,both,0.0,9108,817.3702702702702,-1.345402285465213,0.883973750032528,0.8544712505812829,0.2509881422924901,-0.0002124006216702695,-0.6654924062962414,1.0033011297897612,0.5088043461801106,-1.0000416790893014,,-894.3798599117819
M15,20,2.0,D1,120,both,1.0,5898,656.1816935729516,-1.6619004851730175,0.8544334869217858,0.8083248438570702,0.24805018650389962,-0.00031522981337549607,-0.3847928991423616,1.000417409656787,0.651409354593262,-0.9999542668066017,-0.6710125911674856,-559.7515326016943
M15,20,2.0,D1,120,long,0.0,9152,444.280701754386,-0.581120255534789,0.7726205331539702,0.9124769693628967,0.2573208041958042,-0.00011578062907476085,0.16100312792384755,1.0021361121320482,1.341580744409655,-1.0,-0.8656879965613582,-168.66555816369316
M15,20,2.0,D1,120,long,1.0,5955,352.3511663696744,-1.2166952792509178,0.8172481195049458,0.8097772092039558,0.24869857262804365,-0.0002765725201027836,0.16685340649502545,1.0061787453852118,1.6048279815072535,-0.9999999925147033,-0.6694741843421657,-875.121603036028
M15,20,2.0,D1,120,short,0.0,7378,364.60756325260456,-1.023912843244712,0.8053955131575824,0.83506883758026,0.25982651124966116,-0.00021056981205368408,0.21300321534483962,1.0002005246196548,10.520527268638354,-0.9999999999998911,-0.7712310513183969,-116.11604073358453
M15,20,2.0,D1,120,short,1.0,6039,309.2310037852236,-1.019628739542391,0.787760462525975,0.8253461336996536,0.26063917867196557,-0.00023799807596155105,-0.40571770356303855,0.9967527623616108,0.8944530669847987,-0.9966297755893604,-0.2528597580765488,33.70224410639902
M15,27,5.0,none,0,both,0.0,4063,188.5655336721728,0.04230264629484149,0.46455859582385794,1.0094771729920649,0.3440807285257199,2.882539886066597e-05,0.19277878752010572,0.44611371155276314,1.047479490133316,0.47841217585860596,0.018310640422233737,14784.121758585989
M15,27,5.0,none,0,both,1.0,3376,160.2864942155206,-0.05430483025656576,0.5316212647179306,0.9870026306762518,0.34449052132701424,-4.1633726916477986e-05,0.11966083912365218,0.5206482457361836,1.0305867911015438,0.15751122780344962,0.006968915703223333,11575.11227803441
M15,27,5.0,none,0,long,0.0,3680,170.79034307496823,0.5153371112040279,0.21585767886759322,1.1281774889620648,0.36331521739130435,0.0003692054882953957,0.6094486108557226,0.16876908180810157,1.1664905172550677,2.5140985800336497,0.060062456915600304,35140.985800336624
M15,27,5.0,none,0,long,1.0,2964,140.72546470817625,0.4019664276068274,0.21996215024178567,1.1091625952806727,0.3643724696356275,0.0003340413197421472,0.5583443068602187,0.1888035402957018,1.1631340094642277,2.320974528522736,0.058641131889259235,33209.745285226934
M15,27,5.0,none,0,short,0.0,3680,170.79034307496823,-0.3920980589953986,0.6814660411543819,0.9137207427020592,0.3190217391304348,-0.000266747364555994,-0.2873615606258782,0.6997964993561485,0.9320841111639988,-0.6779784243002211,-0.05123045604742482,3220.215756997785
M15,27,5.0,none,0,short,1.0,2921,145.6711155106499,-0.26618682270665345,0.5696667730421999,0.9360912655493543,0.32386169120164326,-0.00020693981239849982,-0.22703272857871357,0.6173205565371153,0.9438329286802817,-0.5482972053206226,-0.03885832613181617,4517.027946793785
M15,27,5.0,H4,20,both,0.0,2163,100.51345419847328,0.11397660590349933,0.3377110720163683,1.0348425337797955,0.34951456310679613,0.00010741100595757347,0.23976883425626766,0.31014143439367925,1.077543206077825,0.5047017945518932,0.019168581795247386,15047.017945518972
M15,27,5.0,H4,20,both,1.0,1748,87.17326597487711,0.08356687707603923,0.300159161841949,1.027185877656686,0.35183066361556065,8.891904763692685e-05,0.23587876158664764,0.2719162379632021,1.0798018166861612,0.4601451890145585,0.01905700387524978,14601.451890145587
M15,27,5.0,H4,20,long,0.0,1303,60.61140473764646,0.374980614911924,0.22673944466300278,1.147948222533092,0.3829623944742901,0.00042260420744849716,0.47557559965658514,0.2403103892947256,1.1928799511716741,0.8917738738859435,0.030099255620547938,18917.738738859545
M15,27,5.0,H4,20,long,1.0,1037,51.77204073264079,0.39718918867102854,0.1757939755813116,1.170641610666708,0.39151398264223725,0.0005185666186673265,0.534097507037459,0.18506427978756712,1.2302942534338004,0.9681323889099038,0.03438117739007329,19681.323889099054
M15,27,5.0,H4,20,short,0.0,1181,54.88043893129771,-0.07573246933760477,0.3224624671280375,0.9679787714294603,0.31837425910245554,-0.00010053844590362116,-0.06633136332011981,0.35377051450048014,0.970072988911114,-0.1609819625801846,-0.008123289765909703,8390.180374198191
M15,27,5.0,H4,20,short,1.0,933,46.77165111172111,-0.08557185621685648,0.3182023256037848,0.9612254113478479,0.3215434083601286,-0.0001286972491006199,-0.09813931892231585,0.34543597133056125,0.953847022202211,-0.19053741190835205,-0.010540849714047007,8094.625880916493
M15,27,5.0,H4,32,both,0.0,2409,112.0447281293773,0.1410696272325885,0.382354497370478,1.0418290567106274,0.35201328352013284,0.0001266414977154857,0.301329227034576,0.2889088893752346,1.0948806282575017,0.7388572630409904,0.02606503571544394,17388.572630409864
M15,27,5.0,H4,32,both,1.0,1933,96.39926952484981,0.06910705856771933,0.39523809333275206,1.0218335229693616,0.3497154681841697,7.039322716105123e-05,0.24614515180402247,0.31500804695980744,1.0808031421145508,0.5244842280845652,0.02125076251643665,15244.8422808457
M15,27,5.0,H4,32,long,0.0,1341,62.44266318204997,0.24823374477296997,0.3555942156649484,1.0959399999306518,0.372110365398956,0.00027412982039427163,0.4654799448993592,0.25173407122644265,1.1929442824667413,0.9445477592988576,0.031451051653273554,19445.47759298851
M15,27,5.0,H4,32,long,1.0,1056,52.72061235647895,0.15336203704187001,0.35932780174850687,1.0637480845339602,0.3693181818181818,0.00019664507164719925,0.406364931750686,0.2708267365508227,1.1755101443589342,0.7474407825222442,0.028257533653483824,17474.407825222308
M15,27,5.0,H4,32,short,0.0,1268,58.97580542467847,-0.014009047391882412,0.3243402893749405,0.9941984576555574,0.3257097791798107,-1.825590020308734e-05,-0.051420435802035536,0.319736650731156,0.9772471131347142,-0.15466502443080288,-0.007784410058149782,8453.34975569198
M15,27,5.0,H4,32,short,1.0,1016,50.932473236343675,-0.003659650209969744,0.320472825009945,0.9983764030455001,0.3297244094488189,-5.362604272601834e-06,-0.055138365351137184,0.31280564248097065,0.9743368398358564,-0.15199597092206762,-0.008230930355050625,8480.04029077934
M15,27,5.0,H4,50,both,0.0,2684,124.9465969920979,0.25190869641383523,0.2533730546884847,1.071347688218071,0.35059612518628913,0.0002126415799118803,0.3528532925191504,0.21065718405657818,1.103650189337989,0.9047821234253286,0.03045128699864663,19047.82123425339
M15,27,5.0,H4,50,both,1.0,2154,107.42060349535772,0.206461005096692,0.25467651109971134,1.0625777985215552,0.35376044568245124,0.00019834051375341297,0.3191010143924406,0.22090216870679757,1.0980267004082132,0.7601148161089182,0.02859687531060673,17601.14816108912
M15,27,5.0,H4,50,long,0.0,1480,68.92388116792043,0.3888633793331717,0.2239208192727541,1.1516006097763567,0.3722972972972973,0.00041937285053463377,0.4123205531825448,0.2045729844520392,1.1628590828568024,0.7697238732060401,0.026939849669760152,17697.23873206035
M15,27,5.0,H4,50,long,1.0,1164,58.07280426171288,0.3243784469449696,0.20412018873371074,1.1361042553423952,0.3754295532646048,0.0004025522240232737,0.3659300086576185,0.20414151877461273,1.1507327335808788,0.6401110189545709,0.024991306946219094,16401.11018954572
M15,27,5.0,H4,50,short,0.0,1332,62.063145809414465,-0.07070671480082624,0.38417771002982626,0.9727699027710089,0.3228228228228228,-8.747930728385564e-05,0.024933701228091982,0.34095814311283434,1.0105827327144343,-0.02915774452891362,-0.0013778246285039986,9708.422554710909
M15,27,5.0,H4,50,short,1.0,1080,54.14081800713698,-0.06699129349847197,0.38783700020600853,0.972449814796507,0.32592592592592595,-9.367572728972783e-05,0.02409021291051708,0.3394136371150511,1.0107129180074015,-0.030014749556357634,-0.0015265278044093167,9699.852504436405
M15,27,5.0,H4,80,both,0.0,2872,133.95453965010856,0.30014797288568906,0.24286869258482047,1.0795041790741442,0.35201949860724235,0.00023805392298143133,0.4159567079144893,0.20089751006728174,1.1123303419140809,1.0866113200024734,0.03490205744021835,20866.11320002476
M15,27,5.0,H4,80,both,1.0,2274,113.40503823047514,0.2539940560042974,0.23922630034990655,1.072600424094931,0.34784520668425684,0.00023392064935677761,0.3840315644387541,0.22517516557829986,1.1087220694755227,0.9336471547043546,0.033431547935396155,19336.471547043515
M15,27,5.0,H4,80,long,0.0,1566,73.13406214039125,0.5318140676573765,0.17396158885271573,1.199731641424487,0.3793103448275862,0.0005606735211472286,0.6047180623983627,0.17962061578339017,1.2323106426405364,1.3447868067415372,0.04060106751981629,23447.86806741547
M15,27,5.0,H4,80,long,1.0,1225,61.11613850566862,0.4628993817421574,0.14990470845266302,1.1882052527664604,0.37795918367346937,0.0005716085371509379,0.5775345930717405,0.1747091279815829,1.2340566713951115,1.223943998944494,0.040682521394408866,22239.439989444898
M15,27,5.0,H4,80,short,0.0,1403,65.4380985825565,-0.03120479415523019,0.2899470549883634,0.9884443712860225,0.32287954383464007,-3.6461354124645334e-05,-0.0012846183463044454,0.24865394318266199,0.9995340155951,-0.06062275379201221,-0.0029126254191311762,9393.772462079876
M15,27,5.0,H4,80,short,1.0,1124,56.34655503705737,0.007361862148248032,0.29017939723656627,1.0029538184997946,0.3193950177935943,9.919905556357745e-06,0.018214771610992348,0.24184693593492512,1.0069288566184247,-0.027403153540848102,-0.0013919344146863244,9725.968464591537
M15,27,5.0,H4,120,both,0.0,3042,142.24689540391756,0.37565764043841793,0.2881010433839404,1.10193880608476,0.3576594345825115,0.00030705493006860884,0.5046438237671548,0.20008369962545913,1.1619469488045056,2.003514537903612,0.052772261826680156,30035.1453790361
M15,27,5.0,H4,120,both,1.0,2435,121.43415483342436,0.2611897585676124,0.29278310425412934,1.0758785292448998,0.3581108829568789,0.00024473636170418923,0.4408404584514567,0.21670845301098474,1.143546605998913,1.5610216558559018,0.048015454609591224,25610.216558559096
M15,27,5.0,H4,120,long,0.0,1619,75.73511142418033,0.6798521450462043,0.11066368162614759,1.2772175949152385,0.390982087708462,0.0007714212394041629,0.6406269889214209,0.1164719237112316,1.3164212292796347,2.061353432160841,0.0537328501519192,30613.534321608247
M15,27,5.0,H4,120,long,1.0,1298,64.75816145335337,0.4943606468458219,0.13104865341308125,1.2133628363501332,0.386748844375963,0.0006400368813557688,0.5706778114222936,0.1347982614821277,1.270808387903861,1.6365725030165374,0.04955687298714473,26365.725030165308
M15,27,5.0,H4,120,short,0.0,1486,69.62051051821447,-0.20757267999734302,0.4172508872512004,0.9274121059470722,0.3189771197846568,-0.00023560603381572238,-0.057444693018117526,0.3434805388394273,0.9770494013276008,-0.1808384469429407,-0.009302010401229799,8191.615530570627
M15,27,5.0,H4,120,short,1.0,1191,59.70529096898161,-0.17785782477455372,0.3581768797589694,0.9328341044237325,0.3232577665827036,-0.00023193268641829245,-0.06879408553527663,0.33766777846483687,0.9712734163784648,-0.18736018965133638,-0.010346518997484733,8126.398103486629
M15,27,5.0,D1,20,both,0.0,3283,153.53594750320102,0.32137123528049394,0.2972077995255272,1.0836838776181623,0.35699055741699665,0.00024926697920948834,0.4400682850525692,0.22197540673443605,1.1318705117323586,1.5383845306202892,0.044527606022808586,25383.845306202864
M15,27,5.0,D1,20,both,1.0,2644,131.87505120852109,0.20124131181806218,0.30583699200873893,1.0560159570582952,0.3585476550680787,0.0001773682082271179,0.40372233941979285,0.19572136596384604,1.1276650000093333,1.3699190179232525,0.04397625388483806,23699.19017923242
M15,27,5.0,D1,20,long,0.0,1940,90.72791293213828,0.6972164063557397,0.14093367911740473,1.257134439307294,0.38144329896907214,0.0007125392152020599,0.6612023387588201,0.10488548811555998,1.2958052959907687,2.173116568777927,0.05548722123084948,31731.165687779205
M15,27,5.0,D1,20,long,1.0,1556,77.60876689881196,0.4974222614061147,0.15695730919368678,1.1937218641247596,0.37660668380462725,0.0005729889933581737,0.5680886794394849,0.11712482417818826,1.2546259562507824,1.7632451590195113,0.05200237491556914,27632.45159019511
M15,27,5.0,D1,20,short,0.0,1736,81.56341651659378,-0.2982578646631966,0.4757856069041685,0.9051429218502636,0.3254608294930876,-0.0003037802912680814,-0.1553815935265781,0.4738169230107806,0.9460859848863447,-0.3320768218932204,-0.018783071962034437,6679.231781067821
M15,27,5.0,D1,20,short,1.0,1398,70.31389424400992,-0.21454181492422641,0.3987091007361212,0.9255352734749065,0.33261802575107297,-0.00025071537088972316,-0.10397880652471506,0.4230765002456366,0.961979545540898,-0.23534741196479037,-0.013405463006775142,7646.525880352094
M15,27,5.0,D1,32,both,0.0,3370,158.2937885802469,0.24753368987146726,0.31072236535723374,1.0636168907865864,0.34599406528189913,0.00019135641435960455,0.35695420222035223,0.2214919184376979,1.1038425228828863,1.0670254871238547,0.03469476348332523,20670.25487123866
M15,27,5.0,D1,32,both,1.0,2731,129.69675594851125,0.1378824737117013,0.3038934662724184,1.038773843946037,0.3445624313438301,0.0001242448316113035,0.3310747871757955,0.20462198498049355,1.1038833017270786,0.9926764088492943,0.03328571252533208,19926.764088492924
M15,27,5.0,D1,32,long,0.0,1998,93.94561019567456,0.45238846748127826,0.13160310254262764,1.1599471842980122,0.35835835835835833,0.00046885624753479374,0.455541401439863,0.13991757106514713,1.1900308729514124,1.3348778867913853,0.04067642626495771,23348.778867913516
M15,27,5.0,D1,32,long,1.0,1627,77.26716291769601,0.25182619626390984,0.14949741089609503,1.0955700176090468,0.34910878918254457,0.0003012564445531626,0.37396772895239927,0.1484241081346851,1.1520723977710934,0.9736834590658201,0.0328158587746783,19736.83459065815
M15,27,5.0,D1,32,short,0.0,1647,77.43168361436479,-0.18894287909790078,0.4292176500799555,0.9355452237858621,0.32786885245901637,-0.00019912381400771835,-0.09198813259113729,0.4154522728841331,0.9667419029222757,-0.21295116032951078,-0.01119501603680062,7870.488396704854
M15,27,5.0,D1,32,short,1.0,1311,65.65785684903332,-0.1412933070259041,0.37557074778078925,0.9471234836846637,0.3302822273073989,-0.00017369492944160255,-0.04922649170710962,0.3858150335813696,0.9809695013526197,-0.13910960715940046,-0.007473659679341549,8608.903928405987
M15,27,5.0,D1,50,both,0.0,3397,160.5530861801242,0.14857373146050348,0.28645651289538776,1.0366530397865001,0.3455990579923462,0.00011060789145833344,0.2958982285958941,0.22117699216239006,1.0824682648194828,0.8518626408826604,0.029551430834131143,18518.626408826673
M15,27,5.0,D1,50,both,1.0,2768,131.41973222409982,0.10697376197275944,0.273269910855777,1.028950858674032,0.34609826589595377,9.269271209336224e-05,0.3047628591078059,0.21205280241753544,1.0906400669582337,0.8860127093193355,0.03058156551154001,18860.12709319338
M15,27,5.0,D1,50,long,0.0,1997,94.38460791925465,0.5229138524592754,0.14219513629369418,1.185483142958465,0.3680520781171758,0.0005314249373852946,0.5620977397175194,0.13653047527426432,1.2349201571021922,1.76481687854404,0.049239339858250686,27648.16878544036
M15,27,5.0,D1,50,long,1.0,1627,77.24707526322631,0.412079540625522,0.1421951362936944,1.1604813610926508,0.36754763368162263,0.00048752875551381794,0.5249931402700365,0.15595823677870624,1.2258397331790987,1.595418027988245,0.04632313739956895,25954.180279882316
M15,27,5.0,D1,50,short,0.0,1613,76.80201407899882,-0.28150365455309756,0.4601198393205448,0.9041500922895067,0.3161810291382517,-0.0003040080258475457,-0.19523035554584892,0.5159376782796214,0.9295878076287302,-0.3644899952529619,-0.021353623536325084,6355.100047470421
M15,27,5.0,D1,50,short,1.0,1310,65.83344799119428,-0.205261666105952,0.4190431355279538,0.9243629024546982,0.31603053435114503,-0.00025475638836745893,-0.13847651002596675,0.4677677310591447,0.9469817997665808,-0.271493399363658,-0.015792526906619142,7285.066006363439
M15,27,5.0,D1,80,both,0.0,3406,162.8966217100956,0.1403537241478869,0.32715055376155244,1.034897929674613,0.34556664709336465,0.00010495809257167852,0.33115545363945464,0.21581099461681852,1.0934283774197124,1.0219037230512695,0.03424496179199776,20219.037230512607
M15,27,5.0,D1,80,both,1.0,2807,140.0050184350676,0.09275586607570101,0.2899289224524293,1.0247668936519905,0.34627716423227645,7.906682154739647e-05,0.29246792817079836,0.2141931810356178,1.0852790644742565,0.8002744046869528,0.029758899860996335,18002.744046869353
M15,27,5.0,D1,80,long,0.0,1944,93.16966277391418,0.4813637922611525,0.20134774470477068,1.1662072935688301,0.3662551440329218,0.0004877494580925344,0.5388097498658242,0.16862759793618243,1.211299881822027,1.6604698058281158,0.04801351950874655,26604.698058280992
M15,27,5.0,D1,80,long,1.0,1606,80.10262187628021,0.3456122742850694,0.209482379856478,1.1262030916424113,0.3655043586550436,0.0003947640828684427,0.4617116349741045,0.22015359704169668,1.1840636925913886,1.3142921252934925,0.04274021157497976,23142.921252934797
M15,27,5.0,D1,80,short,0.0,1616,77.35832241153342,-0.3625144370365283,0.5216977166808006,0.8779821181971897,0.3186881188118812,-0.00037823478274140373,-0.2243612673785096,0.5367040755894033,0.9196846600087056,-0.4058469616106688,-0.024614137800512026,5941.530383893319
M15,27,5.0,D1,80,short,1.0,1320,66.48234969663541,-0.2903957764187795,0.4942850907000762,0.893569368152977,0.32045454545454544,-0.0003499323678352578,-0.19866622467421446,0.5177362778810758,0.9246408412621967,-0.3509909010023896,-0.021538070364197748,6490.090989976113
M15,27,5.0,D1,120,both,0.0,3406,165.45305226758876,0.11786358930253499,0.4217621118583671,1.0285630351768433,0.3402818555490311,8.666285816803862e-05,0.29650212629941153,0.30976825568358535,1.07769465263746,0.8676408958972286,0.030809949068066667,18676.4089589723
M15,27,5.0,D1,120,both,1.0,2834,141.33240032768978,0.03665690363055307,0.3959746199860098,1.009470997862672,0.3383909668313338,3.047378061608256e-05,0.30259973881272495,0.2683410831161007,1.0835145834431479,0.8854628353373803,0.03213183642322259,18854.628353373828
M15,27,5.0,D1,120,long,0.0,1912,92.87910626413085,0.5053309683234771,0.16922303342413136,1.1749929777292785,0.3682008368200837,0.0005240936283446411,0.599018274852567,0.15444339222807357,1.237535931946974,1.9822001596790026,0.054512044076295396,29822.00159679002
M15,27,5.0,D1,120,long,1.0,1596,79.59298197706171,0.3743765444153664,0.1643166524343973,1.1379909383469342,0.3634085213032581,0.00043843510451371256,0.5513748361679686,0.16730300012123545,1.2300915265269579,1.8243993271486993,0.05314413889308023,28243.99327148702
M15,27,5.0,D1,120,short,0.0,1623,80.2166102841678,-0.3327576269396772,0.49740719912774845,0.8882855987456337,0.3062230437461491,-0.0003442763631182398,-0.18753707321924903,0.504997849395891,0.9326001165414205,-0.36849746999140975,-0.022462201402053572,6315.025300085931
M15,27,5.0,D1,120,short,1.0,1341,68.88892405063292,-0.2663380309987586,0.4585333238149447,0.9037389163670514,0.307979120059657,-0.0003135708591119132,-0.1378611035571739,0.4481167981740455,0.9471074311025003,-0.2856879114129167,-0.01713462567613122,7143.120885870845
M15,27,4.0,none,0,both,0.0,6108,283.4748411689962,-0.30504885263595904,0.7383045896394624,0.9459444673556793,0.32039947609692204,-0.0001360077261386334,-0.11301465697381553,0.8802512595662387,0.9776921197712948,-0.7279183059571457,-0.058621753086612216,2720.8169404285486
M15,27,4.0,none,0,both,1.0,5063,240.41351404056164,-0.31425320148246777,0.7297737671545821,0.9396697888037149,0.32372111396405295,-0.00015786508274300446,-0.11609039225110859,0.8052990327091575,0.9767341034021819,-0.6446439045852802,-0.0479417100371754,3553.5609541471704
M15,27,4.0,none,0,long,0.0,5492,254.88602287166452,0.17584084252345408,0.4543932652277294,1.0333773004117244,0.33594319009468315,7.949057376408201e-05,0.3114295096981534,0.42696742484803085,1.0619182512253844,1.059772747206189,0.034104637285106154,20597.727472061502
M15,27,4.0,none,0,long,1.0,4431,210.37602365787077,0.07662299312174925,0.43641363351659634,1.015782753956884,0.33739562175581134,3.960132665409781e-05,0.2639927799112381,0.45217711649448855,1.0555287132184847,0.8337457484030935,0.02920733927738084,18337.457484030765
M15,27,4.0,none,0,short,0.0,5492,254.88602287166452,-0.640265657001737,0.8467312049716701,0.8786103631191854,0.30007283321194467,-0.0003073832009425092,-0.38657157516280516,0.960320680238265,0.90609178402182,-0.9484781832459694,-0.12858913597220478,515.2181675403085
M15,27,4.0,none,0,short,1.0,4380,218.4318678317859,-0.5689039776492385,0.8206354580191731,0.8828578282769909,0.30205479452054795,-0.00031268657198829213,-0.42661855614706234,0.9697556237577365,0.8860775911197097,-0.953585592491713,-0.1419638417077148,464.1440750828729
M15,27,4.0,H4,20,both,0.0,3819,177.444313700547,-0.21538928506002847,0.589726570189057,0.9516248319034514,0.3168368682901283,-0.00012073061898960811,-0.12415485733558944,0.7130568572289426,0.9707257084844829,-0.4806360456710951,-0.029981965379471176,5193.639543289049
M15,27,4.0,H4,20,both,1.0,3097,154.4482864554888,-0.24954252148320508,0.602199174245756,0.9403737052557364,0.3177268324184695,-0.00015724039259015847,-0.16487678406132464,0.7299930950824614,0.9604506263342073,-0.512291649496787,-0.0351751991530298,4877.083505032125
M15,27,4.0,H4,20,long,0.0,2225,103.49990448293428,-0.007310496352528554,0.38949828330058023,0.9979053002966959,0.3321348314606742,-5.027299078780894e-06,0.13891810696993276,0.46818188122312,1.0433466170299748,0.2137325520615314,0.009051038439938486,12137.3255206153
M15,27,4.0,H4,20,long,1.0,1774,88.56663477310005,0.005317317245545439,0.3290408574368151,1.0016423082096912,0.3359639233370913,4.172435241399498e-06,0.17154505042732693,0.39000456509363446,1.0556269818125206,0.2749244544365854,0.01219990565805018,12749.244544365883
M15,27,4.0,H4,20,short,0.0,2040,94.78565068057499,-0.2790794235129051,0.4953609555999885,0.9118240535961243,0.30098039215686273,-0.00022243608036372293,-0.3360935821007519,0.592045862042919,0.8973951723913111,-0.5172727271732214,-0.033273412255586776,4827.272728267809
M15,27,4.0,H4,20,short,1.0,1647,82.15880223982519,-0.3260334752252844,0.5343913815681738,0.8905768655954309,0.2987249544626594,-0.0002907547785491648,-0.41965417821965134,0.6397582097774097,0.8686207610382436,-0.5677768096024942,-0.04097993590172799,4322.231903975024
M15,27,4.0,H4,32,both,0.0,4142,192.6480962689418,-0.07404861095553308,0.45942250514877914,0.9827095968295619,0.3252052148720425,-4.333158618382592e-05,-0.028634435845640776,0.5248832298694128,0.992017648809655,-0.35854308337070373,-0.020439669854229847,6414.569166293001
M15,27,4.0,H4,32,both,1.0,3339,166.51689650464226,-0.130359599659639,0.4909703394464523,0.9672833091896973,0.3228511530398323,-8.688574157836598e-05,-0.08815073916607716,0.5815310894823129,0.9750806682640935,-0.47713122464286106,-0.031819875678452014,5228.687753571401
M15,27,4.0,H4,32,long,0.0,2301,107.14434599694033,0.1635950328601667,0.38781315868119515,1.0487831199332447,0.3463711429813125,0.0001156464164707017,0.29851920427852663,0.331692964396717,1.0931567713186539,0.6198673398356509,0.022714124759504184,16198.673398356446
M15,27,4.0,H4,32,long,1.0,1819,90.81325177692727,0.06770663150605893,0.3872102882341826,1.0216892902514043,0.3441451346893898,5.4801113623967046e-05,0.25327239436422494,0.34761610200934523,1.0824680555711221,0.4796973962790514,0.01975502083537939,14796.973962790456
M15,27,4.0,H4,32,short,0.0,2120,98.60308162485674,-0.18024021392524997,0.41830447355247646,0.9384165140901565,0.3,-0.00015955842415273365,-0.17986384954855336,0.5992161175590281,0.9252386870179288,-0.500666924219487,-0.03178486593474095,4993.3307578051545
M15,27,4.0,H4,32,short,1.0,1719,85.7504438677957,-0.166031034770089,0.44547496271793496,0.9387705812093985,0.30017452006980805,-0.0001675054896301903,-0.2118119339395842,0.6383039713128629,0.9070540044050955,-0.5325717902082128,-0.037226588046464615,4674.282097917881
M15,27,4.0,H4,50,both,0.0,4444,206.87879174101454,-0.2377308779550766,0.5916720828582258,0.9471915555577611,0.3154815481548155,-0.0001334454629730503,-0.20734840534102444,0.8103708736483582,0.9469870911557089,-0.7561197481942084,-0.06357799259041796,2438.8025180579093
M15,27,4.0,H4,50,both,1.0,3587,178.8847282905516,-0.23934478905408071,0.6159594660607908,0.942824566364724,0.31669919152495124,-0.0001534889607384216,-0.24322536306952158,0.8292674854074118,0.9385428677752637,-0.7392087918257768,-0.06483044369914637,2607.9120817421863
M15,27,4.0,H4,50,long,0.0,2441,113.6778337370904,0.04490157026038868,0.3812454569791627,1.012899630274004,0.3310118803768947,3.025106709468411e-05,0.08915699043924145,0.5417094219052749,1.026933109019377,0.0884373222692314,0.00395429614054521,10884.373222692282
M15,27,4.0,H4,50,long,1.0,1928,96.18931839912581,0.048949287121736386,0.35862307105297675,1.0153382384844687,0.3324688796680498,3.8082381617145686e-05,0.09107752433840885,0.5217257769147234,1.0284337566279291,0.08692783909032165,0.004167311606182222,10869.27839090323
M15,27,4.0,H4,50,short,0.0,2216,103.25220053578262,-0.327164177448306,0.5352460833889068,0.8944186634949262,0.29783393501805056,-0.00028492132707728945,-0.2950824251664574,0.688895604057115,0.8851208729821051,-0.660852981931223,-0.049134871679612835,3391.4701806877747
M15,27,4.0,H4,50,short,1.0,1814,90.48941546025677,-0.3851290024949615,0.5927837518621799,0.8687957510791563,0.29713340683572215,-0.00037792328944214376,-0.3725368522259109,0.7254580018129173,0.8576784305116063,-0.6958038042561392,-0.05763816575223313,3041.9619574385947
M15,27,4.0,H4,80,both,0.0,4644,216.60337121695827,-0.049773222615497104,0.5783375293034512,0.9892989277595204,0.3236434108527132,-2.679883668540316e-05,-0.061487914199917885,0.7131345190066947,0.9845988793765903,-0.44217619732269,-0.026857973905644372,5578.238026773042
M15,27,4.0,H4,80,both,1.0,3708,184.91903331512833,-0.26556035043266213,0.6602233545923044,0.939708815131577,0.31472491909385114,-0.00016223833687596952,-0.20503700851010523,0.8483685854322255,0.9479866978048606,-0.7315071715767409,-0.06347212582387196,2684.9282842325783
M15,27,4.0,H4,80,long,0.0,2541,118.66772151898734,0.13561076055999063,0.36248858304780496,1.038120074698261,0.33372687918142463,9.133537471747122e-05,0.22485646092948494,0.4436616668360863,1.0669902392134916,0.4651082314634676,0.01799656510135028,14651.082314634683
M15,27,4.0,H4,80,long,1.0,1991,99.33243409370304,0.015207915357366944,0.38540863326925745,1.0045818572981624,0.32898041185334004,1.1790300130202206e-05,0.15445069171611114,0.5069499502331807,1.0475424017605743,0.24786973394072653,0.011108947830674287,12478.69733940724
M15,27,4.0,H4,80,short,0.0,2241,104.52371983143917,-0.12215632729102625,0.42846760305274934,0.9606402858862964,0.31548415885765285,-0.00010168991211718663,-0.17332732034093956,0.5561191006643005,0.933025323412258,-0.4756753667152821,-0.02966494608475778,5243.246332847157
M15,27,4.0,H4,80,short,1.0,1828,91.21270491803278,-0.2838525559975147,0.5043466566558021,0.9045571517830673,0.3041575492341357,-0.0002640099908515445,-0.31803201767277267,0.6799259487416209,0.8801574208642744,-0.6432728146816129,-0.05013326739273882,3567.2718531838586
M15,27,4.0,H4,120,both,0.0,4794,224.17212904877738,0.007234744555003824,0.4889739903669481,1.0014833783263584,0.3172715894868586,3.684133628389119e-06,0.18994729904676957,0.44335097520830835,1.04250873728817,0.45447282758984797,0.017673049715546618,14544.728275898618
M15,27,4.0,H4,120,both,1.0,3852,192.10035499726925,-0.15456138773948347,0.5349080867908713,0.9666014117902765,0.3146417445482866,-8.839770926141536e-05,0.09037453948162646,0.48274675140036805,1.0209422489148854,0.026853949933967725,0.0013224218602954085,10268.539499339657
M15,27,4.0,H4,120,long,0.0,2627,122.88828765368854,0.2697809591231075,0.2189711605410093,1.074039710650723,0.33536353254663115,0.0001737711102048631,0.3208787436050507,0.2316486867155485,1.0917948340362849,0.6890433952802191,0.024822842074675444,16890.43395280202
M15,27,4.0,H4,120,long,1.0,2085,104.02216227291353,0.09718063787955974,0.23108687553373874,1.0280027783427828,0.3342925659472422,7.00650088750247e-05,0.2358414729757247,0.27114101291839676,1.0697169312756682,0.448412091945388,0.01865477581246555,14484.120919453888
M15,27,4.0,H4,120,short,0.0,2282,106.91386608517189,-0.29934205071711645,0.5102347683849695,0.9113292947655326,0.29491673970201576,-0.00023386385942579852,-0.09904281534051061,0.47058527383913407,0.966131104387548,-0.3243353725543018,-0.018200640787541023,6756.646274456968
M15,27,4.0,H4,120,short,1.0,1864,92.98361103523628,-0.3476976644525537,0.5022264282293105,0.8911424433973943,0.29130901287553645,-0.00030481698075264296,-0.17047833812339938,0.46241034710452344,0.9406702857875375,-0.42514790787575185,-0.027239967464676607,5748.520921242469
M15,27,4.0,D1,20,both,0.0,5046,235.95589553194213,-0.12853071474383293,0.604790967164929,0.974743412192376,0.31906460562822037,-6.24057534386023e-05,0.0817073700812573,0.5005387637715374,1.0176289424509883,0.0058634007031088675,0.0002734150425081072,10058.634007031045
M15,27,4.0,D1,20,both,1.0,4073,203.12168896777717,-0.31244624419060574,0.6654605519576587,0.9354732831684485,0.316719862509207,-0.00016930400794775243,-0.027120783324973783,0.6877052447716621,0.9939373095523766,-0.3620016441939552,-0.022163385929857338,6379.983558060425
M15,27,4.0,D1,20,long,0.0,2950,137.96254801536492,0.2306130814621487,0.18890076234791342,1.0591391693584848,0.3376271186440678,0.00013742338772384033,0.27649792978788584,0.2339236726663375,1.0743324991434737,0.6025307684748624,0.022299557328710806,16025.30768474854
M15,27,4.0,D1,20,long,1.0,2347,117.06155264235969,0.02139485651438727,0.2570452819402409,1.0057354998253456,0.3361738389433319,1.4108384837318843e-05,0.1920457842500533,0.30448932529828143,1.0538433602343031,0.35985133143153636,0.015449114896498806,13598.513314315214
M15,27,4.0,D1,20,short,0.0,2557,119.79787711646999,-0.39482368727107187,0.5545527232367491,0.8915247756492228,0.29761439186546734,-0.00028164461717869585,-0.20604028170123648,0.5391904897170594,0.9373169695812932,-0.48134036300316985,-0.030289781193624687,5186.596369968275
M15,27,4.0,D1,20,short,1.0,2078,103.68709016393443,-0.42263701727937425,0.58140828120673,0.8768034671858741,0.2978825794032724,-0.0003393850224253699,-0.27739569289169147,0.5959167130249954,0.9137554100353069,-0.54556358492023,-0.038589742892615186,4544.364150797682
M15,27,4.0,D1,32,both,0.0,5135,241.1363782463358,-0.14227760220689123,0.61576406890458,0.9721318212327195,0.31528724440116845,-6.895062096574852e-05,-0.03661823156179947,0.5613465026168618,0.9923677343573827,-0.2918435641738827,-0.016074623669353083,7081.564358261169
M15,27,4.0,D1,32,both,1.0,4161,197.58258580343215,-0.34711514027558793,0.6897578952278559,0.9270885204747534,0.3126652247055996,-0.00019193425634124066,-0.135036418487535,0.6824735602312856,0.9701586019722426,-0.5517527218900217,-0.03738522024953839,4482.4727810997465
M15,27,4.0,D1,32,long,0.0,3034,142.67651602935496,0.05713064985367145,0.32547396263344186,1.0145197595097266,0.32827949901120634,3.510279095393877e-05,0.12904951765113135,0.2971665663663696,1.034269786376611,0.19138492286751885,0.008269004967611293,11913.849228675077
M15,27,4.0,D1,32,long,1.0,2463,116.96928227798726,-0.14409120213366713,0.37516027566478005,0.9609177226484521,0.32480714575720665,-0.00010030821156118097,0.04045736505245723,0.3614467839423354,1.0113003680531898,-0.0497468526131859,-0.0024203609817474714,9502.53147386809
M15,27,4.0,D1,32,short,0.0,2416,113.45384417588069,-0.284541180251125,0.5486184967235694,0.9166950934390106,0.29759933774834435,-0.00021105182518022116,-0.22859204415987713,0.5419781838469172,0.9303206769612057,-0.4397524466368177,-0.02684037764551306,5602.4755336318085
M15,27,4.0,D1,32,short,1.0,1939,96.76455116819237,-0.3900442897910128,0.5880077705640716,0.8789841975412915,0.2919030428055699,-0.0003286721039182841,-0.33604230816613934,0.6171501864157063,0.8944406288514046,-0.5524521071461728,-0.03932747522359481,4475.478928538276
M15,27,4.0,D1,50,both,0.0,5149,243.3582104037267,-0.10588294122789968,0.4902207348538029,0.979414131357538,0.3173431734317343,-5.0580431690490904e-05,0.056077191682044704,0.44886274354287736,1.0118165961898407,-0.04574911016457339,-0.0022108245416673222,9542.508898354237
M15,27,4.0,D1,50,both,1.0,4189,198.88629273365396,-0.17843925706269592,0.5010427317353723,0.9620907251645888,0.3191692528049654,-9.851427162864008e-05,0.028996291693182713,0.4593777891767139,1.0065386223142667,-0.13325751195439084,-0.006767020719305905,8667.424880456143
M15,27,4.0,D1,50,long,0.0,3010,142.26222826086956,0.184000786867551,0.16842122553442984,1.0473753390718985,0.3292358803986711,0.00011207165459209488,0.2691165483769402,0.20894068320336545,1.0717092005885829,0.571335872700395,0.021589221012018545,15713.358727003875
M15,27,4.0,D1,50,long,1.0,2432,115.46704796568308,0.11874186988887422,0.15354580344139235,1.0335442617475634,0.3347039473684211,8.328187150263678e-05,0.2604523887086003,0.19662722812580746,1.0744661714946129,0.5533819111778857,0.021131213826218964,15533.819111778812
M15,27,4.0,D1,50,short,0.0,2392,113.8491008600469,-0.3848771629885816,0.5557252312384413,0.8897420342112694,0.2980769230769231,-0.0002814301225193026,-0.2715929359933696,0.5804535481026867,0.9153440561008135,-0.5328843399356118,-0.03558046564971129,4671.156600643869
M15,27,4.0,D1,50,short,1.0,1957,98.34813566318107,-0.4026923864007857,0.581950608983271,0.8768278021377571,0.29432805314256516,-0.00033531263966132704,-0.3244643311405476,0.6224693536467275,0.8954090384027541,-0.5705061972848224,-0.041583200117063845,4294.938027151739
M15,27,4.0,D1,80,both,0.0,5144,245.98664571877455,-0.2075703422373405,0.565356932411401,0.9602657329086404,0.3215396578538103,-9.80369327906176e-05,0.036025406074449144,0.5549584744368328,1.0074539406209508,-0.1489108800057256,-0.007680790365434009,8510.891199942705
M15,27,4.0,D1,80,both,1.0,4245,211.69937875477882,-0.282349585789358,0.6407644067444358,0.9425765787498309,0.3217903415783274,-0.00014949880534906424,-0.06573070484224657,0.7072140204046486,0.9859150534962967,-0.4185334906413317,-0.02667746420330719,5814.665093586675
M15,27,4.0,D1,80,long,0.0,2962,141.95912609893713,0.15163653422879736,0.28510119499628606,1.0379391497678103,0.33727211343686697,9.186380276145753e-05,0.28803007678421194,0.30919987295081,1.076313923918011,0.6954476380966759,0.025625623480711957,16954.47638096659
M15,27,4.0,D1,80,long,1.0,2429,121.15147480540762,0.06653745462236678,0.3200687675762677,1.0175841559382124,0.3379991766158913,4.478580883216215e-05,0.24657924499367903,0.37376483009157746,1.0681222082447595,0.5408772617597963,0.021798652326387336,15408.77261759786
M15,27,4.0,D1,80,short,0.0,2380,113.81186174391203,-0.5323081994651826,0.6304098242188658,0.850167284827239,0.2987394957983193,-0.00037931535361527315,-0.36789904510150373,0.6622215179437824,0.8891174422705584,-0.6376901212658173,-0.047389935700319796,3623.098787341812
M15,27,4.0,D1,80,short,1.0,1967,98.91873192895498,-0.5739485202865411,0.6702885476006013,0.8285681372566427,0.2963904422979156,-0.000461990016269787,-0.46075442124278326,0.7306518865173008,0.8559986061412925,-0.694647074874213,-0.05791271657343455,3053.5292512578485
M15,27,4.0,D1,120,both,0.0,5127,248.92154060879966,-0.10698074029397553,0.5900438456121933,0.9794092589179743,0.3175346206358494,-5.0651705503624745e-05,0.12266026675873128,0.4357402178899502,1.0251457082094086,0.15998397378917728,0.007231305737140481,11599.839737891794
M15,27,4.0,D1,120,both,1.0,4298,214.34250409612233,-0.2715506759261923,0.6481613902732979,0.9450212562408653,0.31503024662633783,-0.00014285460301301223,0.059168556535551885,0.4985705176413133,1.012812359642232,-0.09834813478526938,-0.005149606173696308,9016.518652147257
M15,27,4.0,D1,120,long,0.0,2915,141.52648544463645,0.18306702544374362,0.36888519920201124,1.0457166291455797,0.33516295025728987,0.00011179933249494922,0.3168768488260959,0.36242843499010813,1.0839932616828851,0.799201312583131,0.028926625123225858,17992.01312583121
M15,27,4.0,D1,120,long,1.0,2443,121.83311714909885,0.027394566684615592,0.39623860275889644,1.0071576793188144,0.332378223495702,1.841717701920207e-05,0.27735227518407063,0.41184032964221995,1.076504615274676,0.6835875983778741,0.02631916961198999,16835.875983778667
M15,27,4.0,D1,120,short,0.0,2361,116.69218538565629,-0.35983311149243563,0.5386349945034121,0.8967294212900838,0.2981787378229564,-0.00025499110237477986,-0.1872950548686342,0.5396193552238844,0.9423272247387229,-0.4138113389814446,-0.026053115487604805,5861.886610185588
M15,27,4.0,D1,120,short,1.0,1971,101.22437429696288,-0.4060902593225441,0.5757990405466474,0.8764870635045094,0.2968036529680365,-0.0003228322510001035,-0.25634825590257526,0.6012838473016047,0.9178143964240413,-0.49133460826773534,-0.03411976607954481,5086.653917322638
M15,27,3.0,none,0,both,0.0,10012,492.17806191117097,-0.9464297814189534,0.9205240123077729,0.8738293043951721,0.280663204155014,-0.00023730997850516942,-0.15736378585907407,1.0001592636953247,0.803520936381751,-0.999999997214346,-0.620298115628938,-1274.2429216280689
M15,27,3.0,none,0,both,1.0,6229,393.96402597402596,-1.1933590269858148,0.9193663583572533,0.8270484167183412,0.2803018140953604,-0.0003625242249572321,-0.8287977061699886,1.0002322374337604,0.5933770055424431,-0.9999931479027286,-0.5286075695407816,-693.9733205848217
M15,27,3.0,none,0,long,0.0,9486,440.2492376111817,-0.22849445597342605,0.7273502569918577,0.9659058264258176,0.2908496732026144,-6.0249241767365004e-05,-0.21796122052412475,1.2725247445882701,0.12433484102811712,-1.0000000000000677,,2060.7922652244706
M15,27,3.0,none,0,long,1.0,7675,364.39539191472767,-0.3848927922529369,0.7644148323075772,0.9382472786616783,0.29107491856677525,-0.00011509386170850057,-0.18360780919062628,1.0191650633457623,0.5030770311505692,-1.0165165362079924,,411.94239462959837
M15,27,3.0,none,0,short,0.0,8539,443.27313104036386,-1.0537131780146796,0.9187527469936227,0.8502045877086487,0.2718116875512355,-0.00027830752260669586,-0.17413851993038837,1.0001832194454132,0.9242044487538033,-1.0001834464623982,,-288.03976185561055
M15,27,3.0,none,0,short,1.0,6605,375.5996029892574,-0.9895480711654328,0.8920514907501527,0.8478308372394749,0.2707040121120363,-0.0003022897559105933,0.16827097658927875,1.000277716579906,1.1701129407342175,-0.9999964524094203,-0.5101345749158822,-214.09926664663436
M15,27,3.0,H4,20,both,0.0,7682,356.9330237883221,-0.42902395472060434,0.6833865556455783,0.9298353424060775,0.2818276490497266,-0.0001265394867454341,0.16539982086721933,1.0020809349254034,1.141182369417853,-0.9999999996882547,-0.6383336050352932,14.264799340163776
M15,27,3.0,H4,20,both,1.0,6239,307.77886952998375,-0.5042977733116929,0.6876673471704686,0.9124534388931789,0.28418015707645455,-0.00016644859674071875,-0.2915282556686777,0.9698835912775045,0.9401865589163876,-0.9663559699905997,-0.15407814126101438,336.440300094007
M15,27,3.0,H4,20,long,0.0,4386,203.89289805269186,-0.3417569835800144,0.5677984991201893,0.9284511965252528,0.28431372549019607,-0.00012757103431469523,-0.12646892507759025,0.8067450061945435,0.9696880212992343,-0.585523862706335,-0.040116291235821055,4144.761372936797
M15,27,3.0,H4,20,long,1.0,3508,173.10145906511755,-0.37013666614912777,0.5611500535723788,0.9170647325168463,0.28876852907639683,-0.00015627217152153878,-0.1498748648715764,0.7550730384869209,0.9640486547976732,-0.5477933489255998,-0.03840392876767862,4522.066510744081
M15,27,3.0,H4,20,short,0.0,3974,184.6461646101005,-0.3449327023846544,0.4942370903676403,0.9198516416706954,0.27956718671363867,-0.0001446030470852619,-0.42857584273667987,0.736475009868599,0.9009399993060895,-0.7134112197586823,-0.05641216619723255,2865.887802413158
M15,27,3.0,H4,20,short,1.0,3246,161.92317672767004,-0.411032030039166,0.5296710948230221,0.8994994744571709,0.2800369685767098,-0.00019086471429321361,-0.5320670669579403,0.7883037039619553,0.8751439262749766,-0.7659712163877571,-0.06988492282291481,2340.2878361224293
M15,27,3.0,H4,32,both,0.0,8095,376.3618571792261,-0.3814485483635003,0.7163529231839914,0.935826227827404,0.2842495367510809,-0.00011652167756339178,-0.2809594335813513,1.0119642891415455,0.5344697034512491,-1.0000011572160685,,-48.79509873843843
M15,27,3.0,H4,32,both,1.0,6551,323.1266374071573,-0.49125577005387894,0.7428686640368594,0.9115622294165172,0.2846893604029919,-0.0001697784153248937,-0.321359989490794,1.0004921747822482,0.3689256685246137,-0.9999993495060913,-0.504732784924774,27.871756138631667
M15,27,3.0,H4,32,long,0.0,4434,206.22927543613906,-0.20651431016060437,0.5866734212796986,0.955190730542087,0.2877762742444745,-7.952655359786147e-05,0.026098546772936174,0.8176040373144704,1.0063043263243827,-0.24086018374955565,-0.01273518546868313,7591.398162504686
M15,27,3.0,H4,32,long,1.0,3509,173.15080383680086,-0.3321603565059387,0.5916637260304363,0.9226422787279315,0.2878312909660872,-0.00014635572871390303,-0.10181617439236391,0.8498505449559167,0.9752353193045744,-0.5125968006288075,-0.03484087026593741,4874.031993712003
M15,27,3.0,H4,32,short,0.0,4136,192.320050922979,-0.2925183669168291,0.49942956374450087,0.92811339563208,0.280705996131528,-0.00013222169003645364,-0.34812197315469967,0.8315548564373785,0.8923984191021572,-0.8066996681378124,-0.07357450677475474,1933.003318621861
M15,27,3.0,H4,32,short,1.0,3396,169.38263006964357,-0.28397436694016803,0.5102287985982887,0.9253245186711749,0.28150765606595995,-0.0001438184522854535,-0.3667984761221868,0.8265708682166016,0.8828762759563583,-0.7971247746975455,-0.07647938853844749,2028.7522530245371
M15,27,3.0,H4,50,both,0.0,8349,388.66584884017334,-0.3643884707557561,0.7274365703074044,0.9416899268892046,0.2802730865971973,-0.00010502303628359673,0.2827189927990525,1.0065347096138153,1.4433933953890108,-1.0028946996279382,,124.13115533945063
M15,27,3.0,H4,50,both,1.0,6774,334.12606347062797,-0.4511183388931714,0.7516771550410613,0.923093669912202,0.2797460879834662,-0.00014624158475338723,-0.2309844593218613,1.0014194529886666,0.5031033424277734,-1.0000000100784987,,137.04319461391253
M15,27,3.0,H4,50,long,0.0,4560,212.36006630116026,-0.1090752024827057,0.48852470528706593,0.9759620453679954,0.28793859649122805,-4.195710604940393e-05,0.029000483520741287,0.7441910574106385,1.0069839338697215,-0.17216935142806988,-0.00876068222196913,8278.306485719353
M15,27,3.0,H4,50,long,1.0,3611,178.1839705485004,-0.18398485435390596,0.4998859458797582,0.9561918439385826,0.2863472722237607,-8.12021584586696e-05,-0.0582432263798759,0.7932092283595711,0.9855818379924991,-0.3875745624977309,-0.023904771448565842,6124.25437502281
M15,27,3.0,H4,50,short,0.0,4170,194.2720025510204,-0.3767513733962463,0.5474408302271616,0.9158932029611868,0.27314148681055156,-0.00015449959280340809,-0.43990661517360263,0.7813405434262871,0.9004747136843674,-0.7532344652555724,-0.06311185369768191,2467.655347444274
M15,27,3.0,H4,50,short,1.0,3437,171.42759115116755,-0.46192490508532125,0.5854971149611397,0.8923323707405395,0.2734943264474833,-0.00020821790920085283,-0.6003767017005921,0.8463311568753155,0.8656477734776581,-0.8316294625131764,-0.08502675028200468,1683.705374868217
M15,27,3.0,H4,80,both,0.0,8581,400.18006256384064,-0.35859142555953794,0.775367146702614,0.9412169101310677,0.28283416851182847,-0.00010714836594526178,-0.37600224507694674,1.000542982719995,0.406670412454086,-1.0,,-631.9310118020281
M15,27,3.0,H4,80,both,1.0,6917,341.1795070898042,-0.5933261728274054,0.8153824265141454,0.8969298764682194,0.2768541275119271,-0.00020026522658446214,-0.16771037838903913,1.0010110924232243,0.6672983266061022,-1.0011452952054674,,-521.1712057156846
M15,27,3.0,H4,80,long,0.0,4735,221.1018601380721,-0.32356478769201824,0.6341879961436747,0.9324798984535321,0.28046462513199577,-0.00012077412129534319,-0.07028397605999276,0.936551849987736,0.9822396440161811,-0.6169444876727782,-0.0438185485688245,3830.555123272346
M15,27,3.0,H4,80,long,1.0,3750,185.04289381248313,-0.5107455729085033,0.6805173974099528,0.8865798331340319,0.2754666666666667,-0.00021660196463298197,-0.1707866025702298,0.9586650921435858,0.9565697528637357,-0.7483994719948581,-0.06582498392737202,2516.0052800514354
M15,27,3.0,H4,80,short,0.0,4117,191.9987551072523,-0.1972541235447474,0.5475651993079336,0.9509765623886205,0.28685936361428227,-9.08892128216882e-05,-0.33671893846720213,0.8245901372978971,0.894497172106081,-0.7793156613303618,-0.06804188904057318,2206.843386696349
M15,27,3.0,H4,80,short,1.0,3392,169.20622780661023,-0.31562489476853384,0.5836885359426254,0.9176873854450347,0.2803655660377358,-0.00016175855601640443,-0.43508181263585777,0.887260776949046,0.8611185025087532,-0.8639096039118217,-0.09470123778735662,1360.9039608817689
M15,27,3.0,H4,120,both,0.0,8729,408.07209138615127,-0.3816028036499083,0.7590646120275804,0.9418999462150969,0.2819337839385955,-0.00010539365849885749,-0.21956442606059148,1.0078841990810754,0.6577791426426002,-1.0063435135073517,,1062.6854566417371
M15,27,3.0,H4,120,both,1.0,7068,348.62754895340987,-0.5241132479587669,0.7742400303428102,0.915570725503624,0.28041878890775324,-0.0001620723451476448,0.01413109459848987,1.0000112906080951,1.0139203286500094,-0.9999943155627928,-0.4488420061452625,650.7371132934904
M15,27,3.0,H4,120,long,0.0,4794,224.20083226632522,-0.2960813724456866,0.5962226628076883,0.9406579634962592,0.28410513141426785,-0.00010454342304477494,-0.021441204116360243,0.8218731382354002,0.9949749082149763,-0.41888401463908365,-0.02506584005897239,5811.159853609442
M15,27,3.0,H4,120,long,1.0,3825,188.74375168873277,-0.5057134343250682,0.6419561071922653,0.8937295268202835,0.2813071895424837,-0.00019892632301965243,-0.16722049704430791,0.8941773630887839,0.9602701261147831,-0.6755419503419307,-0.054028111974239845,3244.5804965807392
M15,27,3.0,H4,120,short,0.0,4150,194.4065025009619,-0.2449685480186659,0.4529385003458374,0.9445835316296023,0.27951807228915665,-0.00010350262457930975,-0.2348301060694389,0.5994099523215173,0.9458659861619013,-0.5299221384824935,-0.034743324571464895,4700.778615174992
M15,27,3.0,H4,120,short,1.0,3421,170.6295575583777,-0.2566233041195945,0.464745384427639,0.9384890536362241,0.2782812043262204,-0.00012087208758372893,-0.25297012520903916,0.6131065639417446,0.9400066437451273,-0.5313812538129321,-0.03709943996183562,4686.187461870631
M15,27,3.0,D1,20,both,0.0,8956,418.68411621656213,-0.45563298639894984,0.7995007549966193,0.9319316334145824,0.2819338990620813,-0.0001232748501793461,-0.10028746200349586,1.0015715963729557,0.927834390915705,-0.9999896108625483,-0.41516947213999555,151.86167098047267
M15,27,3.0,D1,20,both,1.0,7285,359.3310263335584,-0.6241295480131679,0.8246394017208212,0.9019363632178375,0.2796156485929993,-0.00018735429644553864,-0.5996682073609539,1.0008446059441045,0.5945288672990424,-0.9998726323690821,-0.3574855587201333,-91.1917450501034
M15,27,3.0,D1,20,long,0.0,5114,239.1050307219662,-0.11659119261267656,0.4878670031479103,0.9767977346856229,0.28881501759874856,-4.027859665286472e-05,0.08056188466205906,0.6770393739797866,1.0182874996479336,-0.013385393165384785,-0.000629861781063723,9866.146068346166
M15,27,3.0,D1,20,long,1.0,4098,202.18755909766313,-0.3431343886018459,0.5755975404348562,0.9286653579004998,0.2869692532942899,-0.00013066309030222438,-0.07449055066180589,0.8855229543609182,0.982147739888161,-0.5442577817160428,-0.038029277087420765,4557.422182839639
M15,27,3.0,D1,20,short,0.0,4355,204.0097152751058,-0.5698665897435599,0.6570267500242635,0.8795753304104255,0.27210103329506313,-0.00022735929309335173,-0.4867894284663711,0.8184048056718116,0.8938399208864397,-0.8134740162434553,-0.07564705796118376,1865.2598375654225
M15,27,3.0,D1,20,short,1.0,3580,178.60879661248464,-0.5702166730842531,0.6457762268788867,0.872411773590255,0.27039106145251396,-0.0002538054330434944,-0.6222594436562848,0.8607457020832435,0.8646243723285479,-0.8540771999836397,-0.09155738678601222,1459.2280001635907
M15,27,3.0,D1,32,both,0.0,9055,425.2171187966058,-0.46020694657690453,0.8085058474024864,0.9295143822016997,0.28094975151849805,-0.00012866016818884426,0.220692958135272,1.0005741029650799,16.293175847095377,-0.9999999999883167,-0.6933663986366665,-172.15808715137598
M15,27,3.0,D1,32,both,1.0,7372,350.00948914597683,-0.6698275109132811,0.8513426968035017,0.8898520694640342,0.2772653282691264,-0.0002124342307709891,-0.4445217712368188,1.0070759522031876,0.4539425966836061,-1.000000017531171,,-513.310116010535
M15,27,3.0,D1,32,long,0.0,5263,247.4971996910004,-0.2570549443066184,0.5775236264321284,0.9482909059825586,0.2815884476534296,-9.277018183142146e-05,-0.09781874452298855,0.8135039940953436,0.9781408483766256,-0.5751565615115752,-0.03945627755099923,4248.434384884264
M15,27,3.0,D1,32,long,1.0,4296,204.01950331556364,-0.47311392310825595,0.6386527700553742,0.898587329051044,0.2779329608938548,-0.00019140456412516333,-0.18941297141388813,0.8980849339986935,0.9553083924992545,-0.7624515085318596,-0.06598442629501688,2375.4849146814845
M15,27,3.0,D1,32,short,0.0,4158,195.25707122653637,-0.4658192495046625,0.6444573996026377,0.895854754259615,0.27873977873977873,-0.00019370570474756376,-0.4657081663435383,0.7930147671700891,0.8943179380801654,-0.7694022204858849,-0.06657360772013787,2305.9777951411393
M15,27,3.0,D1,32,short,1.0,3361,167.70563524590165,-0.5759333792866957,0.6727208211035696,0.8639629697562364,0.27432311811960725,-0.00026968167745660597,-0.6119306317249785,0.8507509208080336,0.8606020816665718,-0.8357806015055232,-0.08619904058880323,1642.1939849447633
M15,27,3.0,D1,50,both,0.0,9041,427.3065799689441,-0.5110444953592513,0.8036907595370667,0.92295625543446,0.27828780002212145,-0.0001403815941315079,-0.05710735969538654,1.0003349951694647,0.9737226185924792,-1.0003850978543893,,-596.015478629847
M15,27,3.0,D1,50,both,1.0,7402,351.43383595476405,-0.6174569663956077,0.8157462485020527,0.8991521589783888,0.2772223723318022,-0.00019402134497918964,-0.1744833376153643,1.0005487385475151,0.6517251313038863,-0.9999999867273053,-0.5773196438876582,-706.9336827947554
M15,27,3.0,D1,50,long,0.0,5245,247.89547748447202,-0.22075959029664907,0.5485782507935157,0.9557694499836632,0.28026692087702576,-7.88958260757831e-05,0.003567896138241717,0.7475319391154771,1.0008079286875131,-0.32962951627217096,-0.01872420600345681,6703.704837278537
M15,27,3.0,D1,50,long,1.0,4269,202.68455089041984,-0.3830802647254779,0.5878457827235803,0.9172318688738151,0.2785195596158351,-0.0001553352978390646,-0.0787882814228341,0.8386586626306465,0.9810607909536938,-0.5685556991082399,-0.039125044891735405,4314.443008917716
M15,27,3.0,D1,50,short,0.0,4080,194.19077404222048,-0.587084325630261,0.6572212141516867,0.8718970823863897,0.27450980392156865,-0.00023874673623313999,-0.5538475326847182,0.838963572895826,0.8766165080499958,-0.8319424673564033,-0.08138174800521691,1680.5753264359655
M15,27,3.0,D1,50,short,1.0,3363,169.00601953769953,-0.5859707509724424,0.6601887906948634,0.8642777256029845,0.27326791555159086,-0.00026844826788199525,-0.6019902246767139,0.8433130175960696,0.8626832081102154,-0.8290097251138939,-0.0849320791881546,1709.9027488610643
M15,27,3.0,D1,80,both,0.0,9007,430.71573055773763,-0.6586617154169075,0.8408222673284796,0.9038293210811738,0.2827800599533696,-0.0001757909925015148,-0.09373999866282565,1.057761320450542,0.7181003828600525,-1.0191307747050626,,79.46518343931402
M15,27,3.0,D1,80,both,1.0,7482,369.04800810263333,-0.7683700741883064,0.8587221431725295,0.88114343347974,0.280940924886394,-0.00022844558310160826,-0.27095770411271325,1.002631974982074,0.766671116935794,-0.9999944703591105,-0.4495920734263147,-194.96408164548933
M15,27,3.0,D1,80,long,0.0,5145,246.58328959454138,-0.2435903843414817,0.557242943976872,0.9527213000965272,0.2882410106899903,-8.559716272270456e-05,0.055750065321849764,0.7334269799965336,1.0122772869031025,-0.15268681027768416,-0.00790929902239823,8473.131897223439
M15,27,3.0,D1,80,long,1.0,4250,209.68695123598542,-0.3504171809793856,0.5747572295199607,0.928336477550346,0.2872941176470588,-0.0001361567417350804,-0.010949748675051727,0.7690496572924583,0.9974972065077595,-0.35323228757885716,-0.02127049451714158,6467.677124211569
M15,27,3.0,D1,80,short,0.0,4083,195.24950903377848,-0.6341940708034762,0.672564491003856,0.8611932330652222,0.2774920401665442,-0.00025492969826348033,-0.5144280069498863,0.8363068394474993,0.8854655702635917,-0.8325190807925293,-0.08190010650000401,1674.8091920747001
M15,27,3.0,D1,80,short,1.0,3398,170.8589620044053,-0.7080568228409784,0.703827543088908,0.8369127741528897,0.2742789876397881,-0.00031672528726622395,-0.6881015090315927,0.8949496891132366,0.8454913416230381,-0.8893685177184384,-0.1047916877414965,1106.3148228156103
M15,27,3.0,D1,120,both,0.0,8949,434.4838827595374,-0.5310881108347728,0.8323099433858547,0.9216189097645588,0.2832718739523969,-0.0001427541121027966,-0.04352822109416126,1.0018965631027705,0.9536632763290963,-0.9999999803837049,-0.5775279325145681,146.3810567639796
M15,27,3.0,D1,120,both,1.0,7518,370.8237002025658,-0.7448478657917491,0.8682867934635046,0.8843107376723086,0.2802607076350093,-0.0002216199149170215,-0.23786827888329948,1.0009638509511358,0.5279307931249176,-1.0000000000017633,,138.4621024307816
M15,27,3.0,D1,120,long,0.0,5093,247.27080287119497,-0.15010654252114408,0.5881075777918754,0.9705720832233373,0.291183978009032,-5.326876093889166e-05,0.09382769791686936,0.7751474951548756,1.0208774202263602,-0.014143938896345354,-0.0006913674599854369,9858.560611036906
M15,27,3.0,D1,120,long,1.0,4294,211.80060769750168,-0.41934946943210744,0.6615124406429649,0.9147724454808988,0.2850489054494644,-0.0001618250456314077,-0.0491949720183414,0.8670482811177095,0.9885809103379798,-0.5134894482286669,-0.034914268876772625,4865.105517713319
M15,27,3.0,D1,120,short,0.0,4031,199.20480990393725,-0.5813402454053598,0.6449062851713134,0.873058704351968,0.2761101463656661,-0.00023160517877554563,-0.487035268783673,0.8067646911790528,0.8940384401190757,-0.7917018695322031,-0.07459753983642226,2082.981304677941
M15,27,3.0,D1,120,short,1.0,3357,171.89741343053416,-0.5938684427285603,0.6511623119627215,0.86171242701894,0.2767351802204349,-0.0002661637983477738,-0.5200966844212269,0.8057744705418504,0.8814630288683325,-0.7867216550193983,-0.07607169212107401,2132.7834498060097
M15,27,1.0,none,0,both,0.0,10210,1631.3221784776904,-2.0711212893619564,0.8708028791455056,0.8280794478246616,0.21096963761018608,-0.00019143556456162645,-0.46097526354587254,1.0007501274254988,0.47340012876638876,-1.0000000000001,,-918.1309152762918
M15,27,1.0,none,0,both,1.0,6840,1034.0687086092714,-1.6656026257598457,0.8146160801600992,0.8330242941055908,0.2100877192982456,-0.00021244621043660678,0.06649364950186513,1.000248016623865,1.0651529018901686,-1.000277586032058,,-583.4386045112138
M15,27,1.0,none,0,long,0.0,11461,1271.2208472517461,-1.2626356404485428,0.8260554465053758,0.8711348249798513,0.17275979408428585,-0.00014176194789854317,-0.09547606478924041,1.0000169111132384,0.963076731242383,-0.999999997092561,-0.8869794596839938,-2124.238990665817
M15,27,1.0,none,0,long,1.0,7552,907.6564659427443,-1.230125425932882,0.7508763801258265,0.8562979674612933,0.16816737288135594,-0.00017522104565673098,-0.013364365580990955,1.0000272933200784,0.9962544862086973,-1.0000273231258847,,-1389.68743145739
M15,27,1.0,none,0,short,0.0,7310,1258.2363336475023,-3.397585898762478,0.8785589435903436,0.7243254535741468,0.23461012311901505,-0.00028338490317167067,-0.9388590271191676,1.0001658684405752,0.4589363934782447,-0.9999998376984055,-0.9321852117692246,-93.70998634269424
M15,27,1.0,none,0,short,1.0,4959,777.7049162730785,-2.4724182513732167,0.8044103267080586,0.7472133181302972,0.2300867110304497,-0.0002963471664995474,-0.6704661749783325,1.0001315235573147,0.6467254210631822,-0.9992604889260674,-0.6771757883046483,-71.31150285342905
M15,27,1.0,H4,20,both,0.0,10167,1199.449854651163,-1.4885052781624952,0.8068132128842569,0.8526065845397133,0.2013376610602931,-0.00015332685339715328,-0.41344237571706,1.000356989712405,0.13613563158114633,-1.0001163910874327,,-847.553569423017
M15,27,1.0,H4,20,both,1.0,7327,865.519647477361,-1.2379567746881368,0.7189576644149569,0.8585402655468367,0.19871707383649515,-0.00016199823893181604,0.2704914045838339,1.0000972067773355,1.5206156700209807,-0.9997194402582998,-0.6194476754549052,-577.094758286172
M15,27,1.0,H4,20,long,0.0,7932,656.357725419121,-1.1513063270469168,0.7491327127334027,0.837847140320833,0.16036308623298035,-0.0001660484780961189,-0.5067671907774564,1.0001991276649187,0.723412224635168,-0.999995073463466,-0.636237398739391,-1306.7015024493726
M15,27,1.0,H4,20,long,1.0,6381,507.6585166630364,-1.1814319845914314,0.7286344402326057,0.8157349718929499,0.15452123491615735,-0.00019790163787403604,-0.314557230768944,1.0020964101008665,0.13723808425332393,-1.0020932459943421,,-1005.9623918020797
M15,27,1.0,H4,20,short,0.0,10301,617.5020925652387,-1.131743921277375,0.7323928804188558,0.85374828587231,0.2369672847296379,-0.00012315230160862646,-0.11994026635654492,1.000279098993181,0.8747113812524482,-1.0000000000089826,,-133.98530952413043
M15,27,1.0,H4,20,short,1.0,9669,499.44876962240136,-0.991032509077896,0.7336604978708429,0.8585700314112253,0.23808046333643604,-0.00012227782344241466,-0.3606841251482872,1.000914729840905,0.5370653599507893,-0.9999999368643421,-0.5752819280826977,-129.97292771608457
M15,27,1.0,H4,32,both,0.0,8180,1195.098,-2.3985820296390394,0.8686891432852849,0.7802566096950523,0.19743276283618583,-0.00023942192705569547,-1.114362693743607,1.000542045200045,0.3748811039350666,-1.0000000028725138,,-688.7072625036463
M15,27,1.0,H4,32,both,1.0,6603,842.0899965083798,-1.6946441511576076,0.7748981200288898,0.8168585673783981,0.19627442071785553,-0.0002193066495249872,-0.43750146413556634,1.000282104614816,0.6107137839821544,-1.0000000025202964,,-443.80904690313486
M15,27,1.0,H4,32,long,0.0,7084,671.3624805396989,-1.474121166066049,0.77943962018794,0.8053360320105616,0.16106719367588934,-0.00020372694708406758,-0.6677414429898514,1.0004967786809145,0.41881449587099384,-0.9999180265809847,-0.5900489643679998,-1129.213935987995
M15,27,1.0,H4,32,long,1.0,5323,515.4363069989396,-1.5553494882048051,0.7450101803624791,0.7761345848717499,0.15667856471914335,-0.00025063994873529555,-0.6347509522300211,1.0001931588354946,0.38655685677740775,-1.0000000147466748,,-821.4309387770583
M15,27,1.0,H4,32,short,0.0,9589,616.0742744063324,-1.3998983615255705,0.7674721443513537,0.8256783416486642,0.2341224319532798,-0.00014716817950571917,-0.6570657097012994,1.0000270259513382,0.721174698234755,-0.9999920176694268,-0.5295950079198422,-119.68691251708324
M15,27,1.0,H4,32,short,1.0,9246,496.55955006616676,-1.0210934165995327,0.7343979130261354,0.8542381072889866,0.23588578844905905,-0.00012931976806930878,-0.37782702667848117,1.0001979318640741,0.5592386497863491,-0.9999999908330535,-0.6298919211075872,-124.94744737009484
M15,27,1.0,H4,50,both,0.0,10336,1225.3242453748785,-1.6433846896176738,0.834803831826554,0.8405006786418882,0.20114164086687306,-0.0001666939819555712,-0.44207494276036036,1.0003508742034786,0.7616041011903719,-1.00000624525791,,-838.3189853669521
M15,27,1.0,H4,50,both,1.0,8666,920.4002617039838,-1.1651391901277832,0.7385412561681541,0.8704995327753411,0.1968612970228479,-0.00014487527778040874,0.2745226395526471,1.0001323642454394,2.3206139550583695,-1.0000000000000029,,-675.1039772371712
M15,27,1.0,H4,50,long,0.0,7709,673.7765613783201,-1.2937725245196239,0.7693140551904583,0.8213073850086148,0.16188870151770657,-0.00018196179913693668,-0.7799985897810189,1.0009468382933389,0.5936026406024043,-1.0000005341796903,,-1322.4369560695563
M15,27,1.0,H4,50,long,1.0,6037,542.438929889299,-1.2814719432508248,0.728306642524716,0.8080106392775946,0.1567003478548948,-0.00020922836046315417,-0.9318614551400741,1.0000118050683917,0.7376469672568545,-1.0000117871270764,,-1034.0322934087112
M15,27,1.0,H4,50,short,0.0,10088,611.8635004981734,-1.2071201483350351,0.7468327066959497,0.844300894507151,0.23542823156225218,-0.00013253053289117257,-0.6761054345362757,1.0000719559277769,0.5025266365085316,-1.000000000000004,,-125.74988301173249
M15,27,1.0,H4,50,short,1.0,8979,493.68956043956047,-0.9618200863786333,0.7068143923584679,0.8616026910177501,0.23577235772357724,-0.00012341087767447814,-0.13488178986255542,1.0001195069729065,0.9002598328448093,-1.0000075540108841,,-123.21653274224539
M15,27,1.0,H4,80,both,0.0,10108,1230.6490000000001,-1.462168043514413,0.797117510535987,0.8566998738550917,0.20409576573011476,-0.00015078225620922882,-1.0515368701677505,1.0001105333352989,0.73115984907346,-1.0001136143579339,,-929.9609523471931
M15,27,1.0,H4,80,both,1.0,6857,862.7348432655873,-1.4715237098820935,0.7652776065491584,0.8348363119711892,0.19760828350590637,-0.00019449822660878998,-0.6098534947634013,1.0000490425339768,0.37183912753762816,-1.0000000000000004,,-542.4777981996691
M15,27,1.0,H4,80,long,0.0,7628,703.2122665320545,-1.3467029960962948,0.77537806193613,0.8176747677719908,0.16111693759832196,-0.0001882190909274268,0.18894251527993527,1.0021910147288673,1.729453282428611,-0.9998352112120287,-0.5520340187320576,-1244.2050102255914
M15,27,1.0,H4,80,long,1.0,5402,548.5350291909925,-1.4842975449336264,0.7450152188009572,0.7820388270168835,0.15438726397630506,-0.0002461045156680368,-0.8855188821929794,1.0003877236900114,0.4680703484899917,-0.999885120750243,-0.6019429692393864,-835.3935036871216
M15,27,1.0,H4,80,short,0.0,10950,606.442380591357,-1.001534947228766,0.736526081114784,0.868732215567353,0.23990867579908676,-0.00010967052925846775,-0.335174034634694,1.0002085641182374,0.8817823896303332,-1.0002258691660828,,-146.61837156749485
M15,27,1.0,H4,80,short,1.0,9085,492.9138814616756,-1.0356581796435818,0.7472459385226272,0.8524660569310025,0.23577325261419924,-0.0001309916630604493,-0.24049350547741752,1.010960146715783,0.27071282344440156,-0.9996420171283109,-0.3498297961410741,-124.68832630506118
M15,27,1.0,H4,120,both,0.0,10024,1229.4378777703157,-1.6852688503791808,0.836588650526713,0.8362134349926448,0.19952114924181963,-0.00017352716067621063,-0.590980476310384,1.0001864203765338,0.82495292135665,-1.0001880649352481,,-897.4255185594186
M15,27,1.0,H4,120,both,1.0,6716,857.698951048951,-1.5304722740549341,0.7618757374844467,0.8295383945184249,0.19684335914234663,-0.00020381043738874687,-0.692231806060516,1.0000657727351727,0.723531053358334,-1.0000000395582251,,-571.6351887119386
M15,27,1.0,H4,120,long,0.0,7198,696.2578125,-1.4139339397680755,0.7710197207319714,0.8107919805716338,0.1583773270352876,-0.00019708208269772788,-0.44768981888859594,1.0000847506246962,0.32638060542465247,-0.9998676382406791,-0.5784387954476358,-1171.5387663375388
M15,27,1.0,H4,120,long,1.0,5148,557.9545994065282,-1.6307428633994872,0.7490243623395745,0.769876208719677,0.1520979020979021,-0.0002620131728550125,0.30876147753475824,1.000187637687527,6.244359440900683,-1.0001873525162068,,-790.486391009155
M15,27,1.0,H4,120,short,0.0,11086,610.2730218538056,-1.0158632900048383,0.7298355321859893,0.8636195288803021,0.23967165794696013,-0.00011406399220720426,-0.44352314305970314,1.000058620516053,0.6938760388226582,-0.9999999999999963,-0.8396037861949821,-144.7867118790481
M15,27,1.0,H4,120,short,1.0,9669,496.7091772151899,-0.8829961571944682,0.7461972508737362,0.8690594213234563,0.24035577619195367,-0.00011363965734781882,-0.917385985249999,1.0000330251303526,0.7561054054061689,-1.0000395515816904,,-133.34753349151472
M15,27,1.0,D1,20,both,0.0,10046,1238.7918636056718,-1.60212560195503,0.824467246635835,0.8438867860643112,0.1996814652598049,-0.00016600917511476302,-0.35859308722190625,1.0004604623947277,0.29105574259626293,-1.0000005430047965,,-959.9043837506333
M15,27,1.0,D1,20,both,1.0,6732,863.3648174157304,-1.5978631495215418,0.7737711215527281,0.8236545704318157,0.19578134284016638,-0.00021132974159601762,-0.6460494420199563,1.0001456990806097,0.6635950730814786,-1.0000002507055974,,-575.4960699154813
M15,27,1.0,D1,20,long,0.0,8557,694.2346179475788,-1.1111092212957874,0.7470068007896504,0.8490589321190198,0.1638424681547271,-0.00015336610492552212,-0.39311219484102,1.000037651417474,0.7752373766323347,-1.0000388239700095,,-1396.080344599023
M15,27,1.0,D1,20,long,1.0,5743,565.5515637638177,-1.5036249510026425,0.7570297707708493,0.7890441210693339,0.15793139474142434,-0.0002355771966347587,-0.7842149742339933,1.000157292889233,0.6036842888527445,-0.9999779812883136,-0.6521647302698135,-915.513736948888
M15,27,1.0,D1,20,short,0.0,9324,605.9770462633452,-1.335547738758763,0.7446086276436669,0.8277754203939051,0.2384169884169884,-0.00014278908277727418,-0.29392249067404275,1.0000080010723364,0.12608467665426573,-0.9999997694764721,-0.6296302210795496,-132.47291673260304
M15,27,1.0,D1,20,short,1.0,8104,469.39200761179825,-1.1256093196893955,0.7198362472331434,0.8339622963009081,0.236426456071076,-0.000148550207427206,-0.2594789334301628,1.000191455002892,0.17650947115303098,-1.0001970172175876,,-122.52254515092977
M15,27,1.0,D1,32,both,0.0,10461,1248.6536764705882,-1.4235308133912838,0.8027284596259341,0.8593105837676214,0.20122359239078483,-0.00014673974331599703,-0.07982216579382173,1.0006909729057858,0.9172471190688434,-1.0007518033662108,,-966.4470108456228
M15,27,1.0,D1,32,both,1.0,7139,884.8048014930438,-1.4359997443934354,0.7737889004547965,0.8394977233664119,0.199467712564785,-0.00018760252075050512,-0.7060668981278343,1.0000974140995524,0.43718722689687345,-1.0,,-590.7542734757569
M15,27,1.0,D1,32,long,0.0,9438,700.5140215403374,-1.0763144114292595,0.7969351935158366,0.8519186117147525,0.162534435261708,-0.00014740200476558944,-0.36972753568753697,1.0000162122294052,0.7888334222576922,-1.0000000005979295,,-1473.6435524567216
M15,27,1.0,D1,32,long,1.0,5873,533.7430330928091,-1.4800825610972919,0.7703240661836682,0.7837156498593785,0.15801123786821045,-0.00024343295675630398,-0.8176191779853743,1.0001812006632496,0.5963286290589906,-1.0000664936104726,,-965.0054358102241
M15,27,1.0,D1,32,short,0.0,9254,588.1370280146162,-1.3156210583767054,0.7482716795310715,0.8257462149607915,0.23816727901448023,-0.00014551006885506413,-0.8478086577776658,1.0000303225916598,0.6351399124897696,-1.0000001376472332,,-125.919091164528
M15,27,1.0,D1,32,short,1.0,7334,463.3702646600934,-1.1989795426271312,0.7372886199761219,0.8245892579177277,0.2352058903736024,-0.0001604025009910936,-0.5940880020382632,1.0002694228576146,0.5322440336096712,-0.9994172175089939,-0.37534372310693753,-116.2118104941639
M15,27,1.0,D1,50,both,0.0,9847,1241.4969796341043,-1.5888993106792575,0.8230666492253046,0.8457009982986968,0.19945160962729766,-0.00016523931300939807,-0.9302811544635687,1.0005360498990135,0.6695021057111289,-1.0005503896631212,,-925.3610148988153
M15,27,1.0,D1,50,both,1.0,6978,879.1702311141773,-1.5385079627523317,0.7825919364740299,0.8300044605295145,0.1991974777873316,-0.00020138464232842098,-0.6993565058133133,1.000461774914548,0.47226750641672993,-0.9997396130885079,-0.6464932693608549,-600.4627005720695
M15,27,1.0,D1,50,long,0.0,9370,689.442485898469,-1.0606643024696751,0.7827008679001515,0.8542277375674688,0.16670224119530416,-0.00014440461073621138,0.05373747930808066,1.0012443100387252,1.1218235952530666,-0.9999999999958435,-0.85459881570725,-1491.3268669117726
M15,27,1.0,D1,50,long,1.0,6409,528.2977318889641,-1.331184516320351,0.7629822401515569,0.8043533713216453,0.16586050865969731,-0.00021557537740778265,-0.7768412996203925,1.0004416668541516,0.6242668184908257,-1.0004533356627712,,-1040.8514629631627
M15,27,1.0,D1,50,short,0.0,8199,605.3536992116434,-1.6124112723826804,0.7613477258081536,0.8004996622106215,0.23576045859251127,-0.00017105403697251337,-0.10345459427388304,1.0003849060720587,0.8933745354508208,-1.0,,-81.61841193115174
M15,27,1.0,D1,50,short,1.0,6786,451.6374817784257,-1.2888525858377795,0.723881765414589,0.8131512778136835,0.2366637194223401,-0.00017075158824727627,-0.5186564032305829,1.0000965096682923,0.5322597997727041,-0.9999709195537875,-0.5010199949126033,-99.42378876264311
M15,27,1.0,D1,80,both,0.0,8806,1241.85,-1.8003895916854766,0.8224563139731118,0.8288950280774527,0.19963661140131728,-0.00018952979408926068,-0.11762788803257966,1.000843061020487,0.8859434221650201,-1.0008428665518356,,-916.025277983842
M15,27,1.0,D1,80,both,1.0,6574,907.1225916131469,-1.6664175924854705,0.7738709269692283,0.8220051829377449,0.20003042287800427,-0.0002164917955864982,-0.2405913100204387,1.0006726474890244,0.8056542236085548,-1.000001040264749,,-664.0560143096257
M15,27,1.0,D1,80,long,0.0,7411,703.44795997921,-1.2363022358975402,0.7576701223539865,0.835298207493864,0.16596950479017678,-0.00017575782358310397,-0.11118944757483216,1.0000465967519678,0.7122571060662621,-1.0000000025533233,,-1297.0529585293402
M15,27,1.0,D1,80,long,1.0,5656,564.4409836065573,-1.4649315787253636,0.7541818179094182,0.7942257392402785,0.16248231966053747,-0.00023636648451166417,-0.891391425052201,1.0002577572161644,0.3341757564359518,-1.0000000089929746,,-972.5252619677739
M15,27,1.0,D1,80,short,0.0,8039,608.8004872486005,-1.717263765604323,0.7654485262669455,0.7912930720787756,0.2339843264087573,-0.00017721581557714777,0.23265586693196907,1.000038447358978,4.350758186998724,-0.999999606844554,-0.6727265589341468,-76.91726721973986
M15,27,1.0,D1,80,short,1.0,6860,471.1573899962392,-1.4127141990720755,0.7137759058745115,0.8040776357557751,0.23411078717201167,-0.0001725950161956146,-0.41043809848637963,1.000121699673386,0.4532353475425247,-0.9999674913852434,-0.5082370359579367,-90.78378438538213
M15,27,1.0,D1,120,both,0.0,9176,1244.073496659243,-1.416551293973837,0.8022168240562139,0.860738474112852,0.19572798605056668,-0.00015269820163028573,-0.053980851873808286,1.0000038274288983,0.9544327621240171,-1.000000000000007,,-1006.5188306939389
M15,27,1.0,D1,120,both,1.0,6739,965.6413299333071,-1.632834797589232,0.7704807249687546,0.8273124702750337,0.1972102685858436,-0.00020918144074200487,-0.40833497217140047,1.0003883804218803,0.6608179160479337,-1.0000004348902238,,-683.9165088707505
M15,27,1.0,D1,120,long,0.0,9283,687.3334177984999,-0.8698924504233588,0.7583781541089845,0.8772612340059249,0.1660023699235161,-0.00012200412889594189,-0.6496856134485689,1.0008128762768724,0.5928812748592095,-1.0009237441349816,,-1617.872103874096
M15,27,1.0,D1,120,long,1.0,6986,561.6633281972265,-1.1956229392049451,0.7507150625866232,0.8240366731840327,0.16432865731462926,-0.00019028606961377602,-0.7421361535182707,1.0005383758924973,0.719840063135628,-1.0005446654743964,,-1218.6075761569705
M15,27,1.0,D1,120,short,0.0,6560,596.4749813293503,-1.944251880792227,0.7632320410318818,0.7633335702497349,0.2253048780487805,-0.00021604783151855833,0.0015361956995933843,1.000002942996375,1.0011319741975389,-1.000002959240137,,-59.93323890132962
M15,27,1.0,D1,120,short,1.0,5891,520.4856676342525,-1.6678296375089636,0.7272185679445462,0.7811209300919651,0.23153963673400102,-0.00020718826756066765,-1.0958683674958698,1.000014466109595,0.525959149812135,-0.9999999999904146,-0.8937091662466153,-67.74824857832945
M15,27,1.5,none,0,both,0.0,9091,1292.5215064227325,-1.8807055284071619,0.8763289695174056,0.8307476671125748,0.22417775822241778,-0.00021771037070867575,-0.36530548189499973,1.0004795590524471,0.8092827465714042,-0.9999968570231473,-0.8349352690246441,-878.324376070349
M15,27,1.5,none,0,both,1.0,5927,872.21464544722,-1.7872099455877082,0.8469900051226986,0.8109660570006935,0.21393622405938922,-0.00028420614762704027,-0.39346178450508384,1.0007786299322985,0.6161655537977893,-1.0000039284249282,,-557.0209430100402
M15,27,1.5,none,0,long,0.0,11129,1125.6901827748547,-1.2500396799205171,0.8495528650180393,0.8711486976783193,0.19974840506784078,-0.00015810711269885448,-0.590405226906868,1.001167507150112,0.3493399758491676,-0.9999996577093844,-0.7781758641150642,-1799.1659913328347
M15,27,1.5,none,0,long,1.0,7075,827.4555715658022,-1.4282225957177597,0.8174868085853497,0.8350618246075651,0.19321554770318022,-0.00022679127219233026,-0.7715384435284997,1.0006743841236063,0.5514080251956349,-0.9999999945182522,-0.8918997973349183,-1050.9801605232365
M15,27,1.5,none,0,short,0.0,7040,1124.3375601224311,-2.9127031633479885,0.8907999905288149,0.7462808215520618,0.23892045454545455,-0.0003074419325920446,-1.2565557281350248,1.0000451345806665,0.49388566181411403,-0.9999928947433335,-0.8494221660379623,-137.59410528548833
M15,27,1.5,none,0,short,1.0,4755,728.5082843959731,-2.3032836730189765,0.8380922341625914,0.7537065839670962,0.22733964248159833,-0.00034115030943209233,-0.07203682523999509,1.0013366320039043,0.9340554890778323,-0.9999582233961438,-0.786652275851738,-101.35205719689813
M15,27,1.5,H4,20,both,0.0,10960,1050.9687582042532,-1.3425615775290596,0.8453276300772644,0.8617597648262825,0.2134124087591241,-0.00016148706786455158,0.3066111247588337,1.0001180200874515,18.798420179057036,-1.0000000007299585,,-926.9359780044659
M15,27,1.5,H4,20,both,1.0,8162,803.7666486923699,-1.2540553453905783,0.7970570516746467,0.8544835879683904,0.20705709384954668,-0.00018346588369116045,-0.40698899730156185,1.0004498413117189,0.6141395551027314,-1.0000000001344362,,-635.6038062482528
M15,27,1.5,H4,20,long,0.0,8886,556.0410313517218,-1.0209164494866165,0.7842247673128097,0.8494554322790625,0.18838622552329506,-0.00016372699581357323,-0.3919440222065814,1.0005446674528702,0.5805858347298614,-0.9994213536456918,-0.3727969525151623,-1322.3738517847196
M15,27,1.5,H4,20,long,1.0,6955,437.75870239531275,-1.0247001505433595,0.7568478799018453,0.8344265698618936,0.18375269590222862,-0.00019452832225731813,-0.07058487252526646,1.0006423426656883,0.9318007561581647,-1.000644412318264,,-1031.4912978426842
M15,27,1.5,H4,20,short,0.0,10450,534.5745798319327,-0.9370960758292286,0.7575057747187258,0.8684263845080299,0.23971291866028707,-0.00013032440728943844,-0.31150765635552174,1.000159522618922,0.6415535157728328,-1.000015646138453,,-181.4786718021214
M15,27,1.5,H4,20,short,1.0,8827,434.50966981132075,-0.8668279036982668,0.7424193029592456,0.8660252216795717,0.2366602469695253,-0.00013930227673449218,-0.44514694591308634,1.0000833470138855,0.6460667883777558,-0.9999999965433366,-0.6167432387626666,-167.4948030265117
M15,27,1.5,H4,32,both,0.0,8936,1058.3249027237355,-1.8275751107765423,0.8689155612079025,0.8220929020128924,0.21732318710832588,-0.00021833183647601516,-0.4975797902360519,1.000054977440959,0.7364666997092665,-1.0000000000004265,,-779.3397383205061
M15,27,1.5,H4,32,both,1.0,6335,767.4490049751245,-1.7789744246731864,0.826900224674857,0.8017892781241983,0.2078926598263615,-0.00026611570440023593,-0.3242785865358024,1.0001202033815062,0.5886668509903538,-1.000000000033718,,-447.5840483827828
M15,27,1.5,H4,32,long,0.0,6431,579.5516284233901,-1.6129065145410315,0.8150886417948137,0.7865261925102787,0.18830663971388586,-0.00025090857744481906,-0.792074163428108,1.0003186396338175,0.6979107399595523,-1.0003223859808312,,-940.027158570503
M15,27,1.5,H4,32,long,1.0,4745,452.7458855799373,-1.8442173908912156,0.8003678804190163,0.7375543555105434,0.17997892518440464,-0.00033182591810581555,-0.7701427551948522,1.0009432933281446,0.4864338900799752,-1.0009441335823983,,-588.3316670994012
M15,27,1.5,H4,32,short,0.0,10484,529.4180837826628,-0.9680717409622503,0.7706373437991102,0.8636587964922158,0.2398893552079359,-0.0001353751205725071,-0.5921474782963313,1.0000337081847586,0.8255768130665209,-1.0000336987897258,,-195.3399975410211
M15,27,1.5,H4,32,short,1.0,9092,436.15090622537434,-0.7942849413173594,0.7743846962430749,0.8656691714514783,0.2357017157941047,-0.0001414196961762336,-0.06424985081964187,1.0002788977228356,0.9131225665820337,-0.999998742674603,-0.4788706535632079,-573.1945402052377
M15,27,1.5,H4,50,both,0.0,10832,1077.4477124183006,-1.5015129498760742,0.8679146096689667,0.8499809595682419,0.21399556868537667,-0.00017814927218445093,-0.4444670975442067,1.0023997993741545,0.6390729576850738,-0.9999999962744044,-0.8549239734327705,-845.1797481230283
M15,27,1.5,H4,50,both,1.0,8066,817.6815154038302,-1.309412146954766,0.8068348567481729,0.8506034350050745,0.20654599553682124,-0.00019134079390212513,0.3076971017725035,1.002619349084781,14.227012575586755,-0.9999996405351745,-0.7778163763310543,-607.1559505059507
M15,27,1.5,H4,50,long,0.0,7648,574.0715166461159,-1.282337176712495,0.8021807984111333,0.8191945438586725,0.18697698744769875,-0.00020302041701796518,-0.1493454244446019,1.0003878890972748,0.8571178780840573,-0.9998624435922338,-0.48696382324586973,-1062.7930790115793
M15,27,1.5,H4,50,long,1.0,5827,447.8770517676768,-1.3179932702517767,0.7723178881864157,0.7940100307188565,0.17847949201990732,-0.00024655128577478374,0.18319450220015743,1.0003271071920465,1.3796351428031168,-1.0003268759665804,,-773.8939682652025
M15,27,1.5,H4,50,short,0.0,10543,534.0217376230759,-0.9172251616607203,0.755940050435993,0.8706891617278074,0.23721900787252206,-0.00012826041803928027,-0.5566989218026199,1.0000603275690603,0.7996253108584872,-1.0000622266458383,,-195.6351497446764
M15,27,1.5,H4,50,short,1.0,9156,437.15411764705885,-0.7492751418872516,0.7508131451514892,0.8835607026548958,0.2361293141109655,-0.00012165376681340471,-0.4002513065689713,1.001329210032308,0.549179960267896,-1.0000000386786216,,-187.13854540482026
M15,27,1.5,H4,80,both,0.0,9188,1082.9031945788963,-1.4916224416852253,0.8434574723111143,0.8496119699180665,0.21702220287331303,-0.00018340326035817882,-0.7085730879995554,1.000596898264077,0.6337726575474886,-0.9998084510890678,-0.6353911108159536,-879.1316100283927
M15,27,1.5,H4,80,both,1.0,6299,777.5294863129436,-1.6657142660609936,0.8222127629867904,0.8096187952879791,0.2060644546753453,-0.00025976515513531265,-0.6855425014588273,1.0002409865908248,0.34680796667095176,-0.9999999659367143,-0.8802685993988144,-476.19772364250025
M15,27,1.5,H4,80,long,0.0,8603,580.0712110023999,-1.2007073908485895,0.8108315644731929,0.8288041549475916,0.18656282692084156,-0.00018432912874162031,-0.8193951159019894,1.0005103921101623,0.6112167512985603,-1.0005174895549704,,-1111.9034991272638
M15,27,1.5,H4,80,long,1.0,5976,452.56769645448895,-1.4088511954007021,0.7957777758261997,0.7818932695653796,0.178714859437751,-0.0002586145288206216,0.26875983327273445,1.0037652866964104,22.3313740189397,-0.9997473250826515,-0.4659733997679162,-682.2878713188111
M15,27,1.5,H4,80,short,0.0,10371,531.2773842917251,-0.8795702659567622,0.7814898540107384,0.8759586781306993,0.24404589721338346,-0.00012361056087560425,-0.011110753059576,1.0000626857870216,0.9769736872581151,-0.9999999246821581,-0.5683782129780925,-194.4174755224615
M15,27,1.5,H4,80,short,1.0,8383,438.2895433724592,-0.9309774716529411,0.7728361604814799,0.8575788811692933,0.23798162948825002,-0.00015099298574451167,-0.2703930747811358,1.0001582515655372,0.8856573851476828,-1.000179081579379,,-158.55893190531566
M15,27,1.5,H4,120,both,0.0,8809,1088.0917314846129,-1.68246114856277,0.8615669503232359,0.8314987069203642,0.2133045748666137,-0.00021046510660303937,-1.217309254117842,1.0004536443367418,0.6453082253587796,-1.0004832211455734,,-835.8223274591732
M15,27,1.5,H4,120,both,1.0,6057,773.2678259349877,-1.7727979917572656,0.8312407422796486,0.79807898647109,0.20307082714214958,-0.0002825793460380298,-0.501499874707922,1.0000256357555102,0.5495096503368424,-1.000000051897845,,-474.9214260371218
M15,27,1.5,H4,120,long,0.0,8667,580.3156278643446,-1.2290536455104346,0.8207790164877337,0.8260175672123191,0.18691588785046728,-0.00018757306944754807,-0.47704075350775504,1.0005779868763762,0.42839089171899813,-1.0005979565820025,,-1072.711139784763
M15,27,1.5,H4,120,long,1.0,5861,461.86197411003235,-1.5177357042973132,0.8060519061491949,0.7730914264955526,0.17846783825285786,-0.00027279595135596665,-1.0366367497218547,1.0002507238589557,0.5374310139313115,-1.0002504699421284,,-631.915551783297
M15,27,1.5,H4,120,short,0.0,10144,531.3489172522587,-0.923551098451239,0.7642236403255003,0.8671511685701122,0.23876182965299683,-0.0001346658320450079,-0.28066623168856614,1.0005194221817615,0.8157489823892604,-1.0005398622165755,,-179.3811259058484
M15,27,1.5,H4,120,short,1.0,9159,435.0227243172952,-0.7791156748226815,0.7680444098291208,0.8764776531027788,0.23670706408996614,-0.00013065749000717568,-0.5111700614703467,1.0061204816912936,0.45364986281445513,-1.0000000000000069,,-173.7439981597328
M15,27,1.5,D1,20,both,0.0,9124,1099.848514851485,-1.6826064840378985,0.8597207036230067,0.8325869073173582,0.21383165278386673,-0.00020667422884155536,-0.41308217242753553,1.0002826394161854,0.21649741775345463,-1.000000010548801,,-890.677420032797
M15,27,1.5,D1,20,both,1.0,6141,783.4440272441494,-1.835333805528865,0.8366320591277387,0.7945729905963939,0.205666829506595,-0.0002860722171571145,-0.9876518056520927,1.0000637929262333,0.711474117096538,-1.0000637086780546,,-465.34580009144474
M15,27,1.5,D1,20,long,0.0,9436,596.7963636363636,-1.0286736075733083,0.7955176150904633,0.855320111598426,0.19298431538787622,-0.000156340045719693,0.002604770088122183,1.0007793872241997,1.0044959223563643,-1.0000000003554357,,-1347.1457651086205
M15,27,1.5,D1,20,long,1.0,6172,476.3996196111581,-1.4543562294783527,0.800537565910938,0.7863740965707094,0.1847051198963059,-0.00025431173372777646,-0.4561691329624657,1.0001093554579188,0.3484699202205695,-1.0000000301498781,,-777.74040105826
M15,27,1.5,D1,20,short,0.0,8690,525.5004139072847,-1.2089301409503757,0.7948612352506997,0.8299263343908124,0.2377445339470656,-0.0001767136485268774,-0.8265092043994919,1.0000743501049882,0.5650561258189244,-0.9999999976919416,-0.6995864492705011,-177.34935236162056
M15,27,1.5,D1,20,short,1.0,7802,424.1858440011908,-1.0372318896717971,0.7734943265750849,0.8386438006032102,0.23814406562419893,-0.00017397374627534486,-0.44810290446275025,1.0008581431815635,0.7229528761612943,-0.9999926665223791,-0.4741852582810052,-159.38770372942022
M15,27,1.5,D1,32,both,0.0,10746,1112.2064324171154,-1.4040391848171685,0.8836136827793902,0.8586111916439156,0.21440536013400335,-0.00016911963821890645,-0.21296105147611258,1.0006289484949584,0.8810641680342126,-0.9999828663619464,-0.6788518251067015,-930.7362397798094
M15,27,1.5,D1,32,both,1.0,7600,835.1083032490974,-1.5875441304342952,0.8662504458636173,0.8229281816151693,0.20789473684210527,-0.00023395646378504006,-0.03419926915593493,1.000046430974702,0.9561721162215141,-0.9999992233327373,-0.7868709252111672,-514.1270769594479
M15,27,1.5,D1,32,long,0.0,9561,613.9513449367089,-1.0250609395064274,0.8312518500789865,0.8558170318865295,0.1897291078339086,-0.0001577436023625139,-0.12215133422855673,1.0000940906947373,0.884475972055816,-0.9999847198292513,-0.509371289613939,-1231.6517897716612
M15,27,1.5,D1,32,long,1.0,6224,471.83810709838104,-1.414988497880923,0.8167284447433644,0.7864087971724631,0.18251928020565553,-0.00026029798370777224,-0.6508889406711912,1.0000214697993237,0.3462921100397754,-1.000000000017372,,-701.5413785740242
M15,27,1.5,D1,32,short,0.0,9960,514.0440864773209,-1.0824726515097611,0.8036255466847958,0.8457387260009718,0.24066265060240963,-0.00015261848938558412,-0.3977090966679952,1.0001524768998304,0.5477207645262875,-1.000087305603054,,-205.38857203597368
M15,27,1.5,D1,32,short,1.0,8117,435.7980670292518,-1.0242201407756149,0.7933923053566887,0.8424106066657412,0.23814217075274116,-0.00016534423469963965,-0.6446508280017026,1.000040578223814,0.7776768314933304,-0.999999188902615,-0.5290434101861039,-173.68582914414404
M15,27,1.5,D1,50,both,0.0,9301,1110.5558188950638,-1.5765424637817775,0.8582753139360466,0.8422468903810514,0.21309536608966778,-0.00019247709327951975,-0.8120702538334446,1.0003685462894822,0.3979121257009143,-0.999994090441742,-0.7624722037109612,-922.7668904397298
M15,27,1.5,D1,50,both,1.0,6701,805.6419519420672,-1.6203106476376565,0.8410624291770082,0.8162502895787916,0.20773018952395164,-0.00024659373143466157,-0.5936573322240658,1.000243178724626,0.5505664619186278,-1.0002616815670886,,-585.5000779805655
M15,27,1.5,D1,50,long,0.0,9387,609.3125555358096,-1.0187567164180682,0.808898215535387,0.8569713192434011,0.19036966016831788,-0.00015551690299733383,-0.3976151167586705,1.0052868944647921,0.5651215109899217,-1.000001874787335,,-1388.3851647380623
M15,27,1.5,D1,50,long,1.0,6802,456.8647480691431,-1.2687788607267383,0.8051934141056731,0.8040233900438045,0.18509261981770067,-0.00022994230813610836,-0.11084734289516217,1.0007761511541813,0.8851415986743243,-0.9999416358256741,-0.4804492458408649,-919.8445262688826
M15,27,1.5,D1,50,short,0.0,8119,510.0558565531476,-1.3207065104319953,0.795308509124331,0.8149521505137022,0.23796033994334279,-0.00018870678232185478,-0.12087690077773547,1.0002740186942238,0.8869133212883008,-0.9997543347928022,-0.40675734010977027,-133.0609982794102
M15,27,1.5,D1,50,short,1.0,6638,407.6895073146124,-1.1524631703359325,0.7806671641984413,0.821004536049425,0.23561313648689364,-0.0001978493343117727,0.033533562311626734,1.000025986487736,1.0569788486959015,-0.9999991351422426,-0.575749688157276,-138.1761870706232
M15,27,1.5,D1,80,both,0.0,8390,1113.5347020348836,-1.825943362000039,0.8591481637781825,0.8232830584159079,0.21442193087008343,-0.00022458901791858328,-0.9765026512928344,1.0002567007372059,0.6749751550461318,-0.999987987187085,-0.7776883134313382,-845.0713242830267
M15,27,1.5,D1,80,both,1.0,6678,848.396347826087,-1.7283989750950532,0.8374786670626768,0.8125099866901311,0.20904462413896377,-0.0002524845897240912,-0.5091869030171711,1.0001082963605468,0.759402513296884,-0.9999999995340302,-0.9347657443309275,-602.5207258712588
M15,27,1.5,D1,80,long,0.0,11455,605.6657136653156,-0.9442131122227935,0.8218268802778952,0.8668682748376657,0.19144478393714534,-0.00014177729188096465,-0.05234085378648207,1.0005853015889012,0.9381207927275034,-0.9999999960877636,-0.6406958312434454,-1369.1348569916247
M15,27,1.5,D1,80,long,1.0,7088,483.00223880597014,-1.1476869041136466,0.7850202094207124,0.8259999534661157,0.18693566591422123,-0.0002059180050001276,-0.08083027997450956,1.0001564763056563,0.9295203171992795,-0.9999768371371589,-0.516785460567996,-959.5800572476674
M15,27,1.5,D1,80,short,0.0,8129,517.2678135888502,-1.3528141655554862,0.800055798041527,0.8120236942369552,0.23594538073563784,-0.00019205005744468787,-0.7851727323587293,1.0003512027808898,0.7352399025052541,-0.9999581185146588,-0.47347531228017925,-139.84727760711627
M15,27,1.5,D1,80,short,1.0,6441,409.0723787167449,-1.2278750222963177,0.7808049946012229,0.8102865650201992,0.23381462505822076,-0.0002102309511421877,-1.203458431904859,1.0000572695283116,0.41595343064960655,-0.9999999999743783,-0.7875125310860254,-128.21919302763655
M15,27,1.5,D1,120,both,0.0,8013,1125.6724038461539,-1.573615499282124,0.8399190602095205,0.8448380584067068,0.21165605890428055,-0.00019933755128209523,-0.9155807529600418,1.0005659062894174,0.5529448026950277,-1.0006290847465733,,-877.1339092446694
M15,27,1.5,D1,120,both,1.0,5835,865.2999390986602,-1.8156243179152682,0.82616885158938,0.8056170263077873,0.20754070265638389,-0.000277621807055608,0.09994385002747155,1.0000166183329091,1.144717935857101,-1.0000000080577658,,-572.8110743420606
M15,27,1.5,D1,120,long,0.0,9589,609.6400783289816,-0.8493362432304489,0.7775426968219719,0.8793641013976264,0.19418083220356658,-0.0001337774594780179,-0.6228052845304686,1.0011855059023238,0.5504507923930245,-0.9998524537305921,-0.4292684772364651,-1446.9543800316646
M15,27,1.5,D1,120,long,1.0,7192,490.0891791044776,-1.157579378825318,0.7909828236068637,0.8243001570865074,0.18951612903225806,-0.0002081204949098759,-0.26666111517371693,1.0007126487805726,0.820918001813523,-1.0007202768772314,,-1017.9021519972781
M15,27,1.5,D1,120,short,0.0,7677,517.5386212624585,-1.5145510427666466,0.8155655158122017,0.7931474296758808,0.23107984889930963,-0.00021004140539927513,-0.6084806231835045,1.0010196638075466,0.7845826730514542,-0.9997595171220427,-0.42979138521968285,-103.06693769652836
M15,27,1.5,D1,120,short,1.0,6000,418.5446906035141,-1.4363461721206512,0.7934816776297242,0.7856786122119498,0.23066666666666666,-0.00023737490925068502,-0.8973009383755681,1.0002738177439647,0.668383312623333,-1.0002933504369171,,-101.48979899298843
M15,27,2.5,none,0,both,0.0,10695,671.1939432989691,-0.9076333077530724,0.8721546241634579,0.8897759939061021,0.2596540439457691,-0.00017595618851384644,-0.5662255833431659,1.000390718757823,0.6231240630151861,-1.0001996465165726,,-1466.19307906851
M15,27,2.5,none,0,both,1.0,7934,531.333608360836,-1.0228261503323748,0.8651666365417037,0.8640160751150641,0.2602722460297454,-0.00023324057527571214,-0.3689049527504214,1.0007457752969167,0.5433693266305052,-1.0007743722556885,,-946.0812970621027
M15,27,2.5,none,0,long,0.0,13076,606.8626429479034,-0.49410090787843663,0.8453682213053914,0.9350889522123462,0.2594065463444478,-9.56712275638253e-05,-0.244280447662558,1.0021829971525813,0.1535963483997482,-0.9998589180301864,-0.337332977692688,-1218.0948653179025
M15,27,2.5,none,0,long,1.0,8657,486.68142989071885,-0.9126751333057688,0.850504616696092,0.8720495615878013,0.25216587732470835,-0.00020638614787381156,0.14402965147819435,1.0015294558179595,1.269742926234682,-1.0015435534626758,,-1514.498325561304
M15,27,2.5,none,0,short,0.0,9701,607.5600565843621,-1.2935389232346695,0.9200408474142496,0.8403961272696168,0.2561591588496031,-0.00024840974211038784,-0.019843492103195238,1.0055442347738013,0.9591848675023031,-0.9944647025790125,-0.27780234130432235,-245.29259440972046
M15,27,2.5,none,0,short,1.0,7201,500.0314163498099,-1.2169385844588974,0.8850698699309901,0.8357795154687468,0.2537147618386335,-0.00027747001400813887,0.0005176009473065536,1.0005232429636366,1.0005671029195757,-0.9999911979091639,-0.5543886233658715,-178.3422973644814
M15,27,2.5,H4,20,both,0.0,11234,521.9051767997965,-0.5663482462818913,0.7946792219230996,0.9209842671631304,0.2560085454869147,-0.00011705307649648508,-0.004728586429099824,1.0030233935391788,0.9941937620595288,-0.9999999999760498,-0.6789388822441107,-1324.2309126765686
M15,27,2.5,H4,20,both,1.0,9161,451.92534440842786,-0.6249812973909926,0.7836138797630714,0.9074417140130916,0.2549939962886148,-0.00014436954760784838,-0.2703351347489423,1.0007363361041257,0.8299656117701668,-1.0008439761281531,,-918.3726272598888
M15,27,2.5,H4,20,long,0.0,6335,294.4589908373632,-0.49906391045942133,0.6596419455421616,0.9091891217770358,0.25193370165745854,-0.00013298121630995265,0.23214326772290492,0.9982977354079325,1.106336871802242,-0.9228810933246461,-0.11228450993034889,771.1890667535557
M15,27,2.5,H4,20,long,1.0,5097,251.51030126992706,-0.518338192291568,0.6294643271393663,0.8994375707542837,0.25348244065136355,-0.00015484058942429524,-0.1675196987545693,0.9640485757411674,0.9597399743170248,-0.8819201058464954,-0.10005341282608549,1180.7989415350564
M15,27,2.5,H4,20,short,0.0,5749,267.08499745611806,-0.3563279840046082,0.560265071015486,0.9288126461887278,0.2605670551400244,-0.00010510297105003557,-0.47785051641960286,0.8040979373239474,0.9031086032439309,-0.7709437351051099,-0.06617731220190826,2290.5626489488845
M15,27,2.5,H4,20,short,1.0,4708,234.85345534007104,-0.40507664464590104,0.5761306974819571,0.9144748907187166,0.25615972812234494,-0.000133320387901841,-0.5385602046438273,0.8267887151216392,0.8883427076591678,-0.7959025344206745,-0.07621267207299598,2040.9746557932256
M15,27,2.5,H4,32,both,0.0,11636,540.9940173116089,-0.4609699639276967,0.7682727145969172,0.9323905924029691,0.25747679614987967,-0.00010070111871484145,-0.2345488436888287,1.0002114322109708,0.9383017048958135,-0.99986648865216,-0.33951459161046493,-843.3120359508301
M15,27,2.5,H4,32,both,1.0,9458,466.51377447670495,-0.5382841249145629,0.7731582293784194,0.9155780234941757,0.25459928103193064,-0.00013241692116744153,-0.38593671496404236,1.0006281785858053,0.7741478906665343,-1.000025333762036,,-457.8565798633442
M15,27,2.5,H4,32,long,0.0,6331,294.4604291353623,-0.3233981714291596,0.6152036559474849,0.938319661529663,0.2569894171536882,-9.059852350185762e-05,0.008719435670421532,0.9687910209591164,1.002128045437123,-0.687142451576523,-0.05261146611787337,3128.57548423487
M15,27,2.5,H4,32,long,1.0,5047,249.04306268576062,-0.42704732095343,0.6395847271397983,0.913155558401673,0.25777689716663366,-0.00013479729551077834,-0.056288197454362816,0.9436168353530394,0.9870084057196353,-0.6513953511735957,-0.05067146532663225,3486.046488264113
M15,27,2.5,H4,32,short,0.0,5947,276.5298217695735,-0.32668591909560807,0.5678775688732747,0.9304588365656528,0.2591222465108458,-0.00010350492807689473,-0.3563512682574557,0.9298113940859548,0.8883324440768653,-0.9061033785236804,-0.10416256978655392,938.9662147631851
M15,27,2.5,H4,32,short,1.0,4903,244.54741909053666,-0.3005360605896031,0.5680902287906091,0.9314741450299211,0.2533142973689578,-0.00010698387697418398,-0.37430418472937177,0.8875027527065514,0.887971249103096,-0.8519363174590187,-0.09087336928622225,1480.6368254098008
M15,27,2.5,H4,50,both,0.0,11906,554.2526765230691,-0.44075398775091357,0.7812236905744996,0.9382241026655928,0.2559213841760457,-9.156810889244686e-05,0.01577611310815684,1.000064890208612,1.0330713268625404,-1.0,-0.9219108589188478,-673.3889339145444
M15,27,2.5,H4,50,both,1.0,9697,478.3023970290344,-0.47687203182815896,0.7810213243188302,0.9286213631342911,0.2542023306177168,-0.0001114733602524727,-0.17503964956063933,1.0042694033635582,0.9065384122346969,-1.0000092467882864,,-310.79724230743574
M15,27,2.5,H4,50,long,0.0,6482,301.8679714395002,-0.3249545608062767,0.6069934981490601,0.9381960860206514,0.25532243134834925,-8.99391762962433e-05,0.04674973578902041,0.9878109646003475,1.0142950143299938,-0.7569225708606193,-0.06374529987046129,2430.774291393965
M15,27,2.5,H4,50,long,1.0,5175,255.3591934612267,-0.3891235747956402,0.6015552923208722,0.9207033893605443,0.2548792270531401,-0.00012195402063069141,-0.06998261580032093,0.9779070699890264,0.9818645227154243,-0.7854157890467185,-0.07313209434524726,2145.84210953289
M15,27,2.5,H4,50,short,0.0,5921,275.8476084183673,-0.3669761762046943,0.5684630931916571,0.9277999560534125,0.25553116027698025,-0.00010875823431636569,-0.4627915649639571,0.8325933540207169,0.9064777639101961,-0.8070116855453292,-0.0737796651584609,1929.8831445467001
M15,27,2.5,H4,50,short,1.0,4896,244.1982793936911,-0.3493600283947088,0.5813499929824995,0.9271960289862365,0.25306372549019607,-0.00011526514926542402,-0.4906001821554699,0.8346888531159335,0.8988286797898043,-0.8015915855098736,-0.07750433390121747,1984.0841449012526
M15,27,2.5,H4,80,both,0.0,12128,565.5965270684371,-0.4989205150578127,0.8182515347195156,0.9294963738103293,0.2587401055408971,-0.00010572632322383821,-0.2446153090175758,1.0301424939688664,0.25272028926815665,-0.9729755000088428,-0.15498565480109106,-1263.2455690062448
M15,27,2.5,H4,80,both,1.0,9824,485.9447453954497,-0.6757004958185443,0.8366604671262518,0.898832107191239,0.25376628664495116,-0.00016068126669176384,-0.257022527346657,1.0002870436099431,0.8209132969449359,-1.0003174572966036,,-1038.9145742259457
M15,27,2.5,H4,80,long,0.0,6630,309.58929941191514,-0.4433535881585178,0.6802842828769778,0.9185133027987015,0.251131221719457,-0.00012069360992034511,-0.32106038064185394,1.0094243284741993,0.7785913781843858,-1.0093817430716794,,1235.947389976753
M15,27,2.5,H4,80,long,1.0,5286,260.8364631180762,-0.6058087260331859,0.7287223417772353,0.8817328136111351,0.24706772606886115,-0.00018575656250973627,0.05775890228503069,1.0000444596450302,1.0785702144037412,-0.999134831665613,-0.2939069623731063,897.4740723987724
M15,27,2.5,H4,80,short,0.0,5872,273.84422880490297,-0.276630916684859,0.6262868163424742,0.9416339135129292,0.26634877384196187,-8.814187233549816e-05,-0.425203684137382,0.9257176542160217,0.8736546427867758,-0.9041728042084742,-0.10360150105142141,958.2719579152655
M15,27,2.5,H4,80,short,1.0,4877,243.2838363835018,-0.3573047686339084,0.6347588376284994,0.9208819002748216,0.2608160754562231,-0.00012624761482976727,-0.4831656178130521,0.9185535156622301,0.8655938993418331,-0.8980258557689341,-0.10764100362463414,1019.7414423106547
M15,27,2.5,H4,120,both,0.0,12270,573.6103289389479,-0.5038269051823581,0.8155229292358634,0.9311156967607165,0.25574572127139367,-0.00010321221124281399,-0.31728866576501297,1.000597339299939,0.7226948676483066,-1.0006848883832171,,-766.272044272815
M15,27,2.5,H4,120,both,1.0,9996,493.05050641458473,-0.6480681704150355,0.8343394217202906,0.906478091697347,0.2537014805922369,-0.00014778378598104679,0.10092519259637626,1.0046437912499981,1.2458298415885176,-0.9999999999630966,-0.6942279157485269,-431.53702541599995
M15,27,2.5,H4,120,long,0.0,6670,311.9356594110115,-0.37569257974027526,0.6618370281775469,0.9304057618925373,0.2553223388305847,-0.00010243474459606012,-0.2070642614701294,1.0008695965912013,0.8848158133369096,-0.9999794050311163,-0.3962754600351204,2028.4682777274709
M15,27,2.5,H4,120,long,1.0,5348,263.8958389624426,-0.6126804946419796,0.7197563091666592,0.8818201806526421,0.25280478683620045,-0.0001845287812469875,-0.09517589245210241,1.0004471396832997,0.9040917837181364,-1.0003497675155342,,1034.966284600964
M15,27,2.5,H4,120,short,0.0,5893,276.05723355136587,-0.38242374567920623,0.5424514669746354,0.9247966014422742,0.25470897675207876,-0.00011453436174008852,-0.4131641788356336,0.8013685176506011,0.9163180211151207,-0.7803947375192198,-0.06855054364553781,2196.052624807782
M15,27,2.5,H4,120,short,1.0,4889,243.84913969684555,-0.35364206177605406,0.5574182315532941,0.9259500634125877,0.25240335446921663,-0.00011807216569249251,-0.4165083913131285,0.7952348087035007,0.9131550405528878,-0.7581184867598504,-0.06834334758333815,2418.8151324014702
M15,27,2.5,D1,20,both,0.0,12512,584.923588890311,-0.6651112764972692,0.8574906653869707,0.9130760290249341,0.2557544757033248,-0.00012991458231270176,-0.23651782347136344,1.0007240494871974,0.8803620282987673,-0.9975112351744339,-0.24444718414505806,-1289.4293464335112
M15,27,2.5,D1,20,both,1.0,7452,480.80604133545313,-1.0645322207453536,0.8541760207438813,0.8538671112738498,0.24892646269457863,-0.00024520797679636113,-0.1891788918422458,1.0003624686671335,0.8935188912330974,-0.9999999990104546,-0.7375649190294138,-887.3637607189921
M15,27,2.5,D1,20,long,0.0,6950,324.94719662058367,-0.29027260126553517,0.6159904320273115,0.9487341134586028,0.26100719424460433,-7.479546202802306e-05,0.058528057801635516,0.9684059581903363,1.016488761713442,-0.5537978550843348,-0.03702756611873337,4462.021449156853
M15,27,2.5,D1,20,long,1.0,5616,277.0828042685398,-0.6472932660496301,0.7223309259073207,0.8836389878756689,0.2589031339031339,-0.0001797832622051947,0.10833203200570941,1.0038707932872406,1.2232121675101841,-1.0038070006050712,,934.024600452669
M15,27,2.5,D1,20,short,0.0,6077,284.67670257791457,-0.7229191204850799,0.7289465860566284,0.8662902639025513,0.24847786736876748,-0.0002042197980609095,-0.632949968797925,0.9274915112039236,0.878277666211503,-0.927492814172379,-0.11566947065349853,725.0718582762044
M15,27,2.5,D1,20,short,1.0,5014,250.1520967081,-0.7061517129905468,0.7084494263123242,0.861589473098293,0.24670921420023934,-0.00022196768876339728,-0.7252359946273662,0.9398610339386736,0.8591913093894824,-0.9372594800871191,-0.12901875529323492,627.4051991287877
M15,27,2.5,D1,32,both,0.0,12602,591.7820133710466,-0.7234733194737762,0.8904699921229117,0.9049749826700758,0.2555149976194255,-0.00014256971872169267,0.15522567989386035,1.0001177745790022,1.411578128210925,-1.000000000101086,,-1719.9241976319
M15,27,2.5,D1,32,both,1.0,8649,476.7653561726532,-0.9875181026076963,0.8875320556894842,0.8595580308459866,0.24927737310671755,-0.00022839229098226644,-0.4589471707605403,1.0005140802928265,0.7916812767736491,-0.999340934645559,-0.332198495224339,-943.2496760386817
M15,27,2.5,D1,32,long,0.0,7268,341.74008753862,-0.5117300687734697,0.7230808428093245,0.9108747093518639,0.2542652724270776,-0.00013199549129368118,-0.458416381130527,1.003609110079123,0.33160766069087116,-0.999999935956373,-0.5410538223830749,-135.01077539000448
M15,27,2.5,D1,32,long,1.0,5958,282.9488363021714,-0.7696302959394906,0.760764773046588,0.858649933104496,0.2502517623363545,-0.00022038225095683903,-0.00431348007128252,1.0163121755872409,0.9890905992400071,-0.9999999033138032,-0.5356227483776553,-229.2077290179722
M15,27,2.5,D1,32,short,0.0,5721,268.6545705836976,-0.5555536764848275,0.6713788878957461,0.8928517368647374,0.256248907533648,-0.00016264739388084496,-0.6292803865637265,0.9045953380515483,0.8758842478718908,-0.8957321427860604,-0.10072408690901768,1042.6785721393917
M15,27,2.5,D1,32,short,1.0,4673,233.17120901639345,-0.639343540694661,0.6876576494463935,0.8698291517624246,0.25272843997432054,-0.00020942785420920325,-0.7419901381497467,0.927721148034437,0.8531587662338017,-0.9209578340368968,-0.11893922676296864,790.4216596310187
M15,27,2.5,D1,50,both,0.0,11260,598.3871671759057,-0.887978697303156,0.8891230496475785,0.8846623745996319,0.24893428063943163,-0.00017488191935098547,-0.27964734889881954,1.000572539367508,0.7545973425241209,-0.9999999999908101,-0.7408925016138573,-1470.3991929687018
M15,27,2.5,D1,50,both,1.0,8507,475.46775057383326,-0.9940507491589344,0.8812568617132281,0.8586130543280939,0.24826613377218762,-0.00023117156430319506,-0.2553015286590212,1.0062672741960264,0.7691222248662848,-1.0000000000000246,,-952.5124106066986
M15,27,2.5,D1,50,long,0.0,7203,340.4368206521739,-0.4650297167360381,0.7118991432346904,0.9183007495885479,0.25072886297376096,-0.00012124518934994143,0.1385347033001181,1.003892197333047,1.3011413989114062,-0.9999999999220587,-0.6671468991479161,192.31600333202277
M15,27,2.5,D1,50,long,1.0,5898,280.02658260756533,-0.6405570531855779,0.7262863907900551,0.8798590488492714,0.24957612750084773,-0.00018775680774956897,-0.5134473052409736,1.000304744434493,0.5329239974825333,-1.000000170800149,,242.49973850960117
M15,27,2.5,D1,50,short,0.0,5675,270.1764533368092,-0.7899908759077747,0.7447624754426635,0.8521772220919331,0.25198237885462554,-0.00022402629689623129,-0.9003201949288123,0.9724903757294499,0.8281615418683065,-0.9720877860130703,-0.15665148238988458,279.12213986928833
M15,27,2.5,D1,50,short,1.0,4697,236.11054913294797,-0.7705196883060209,0.7207479330638658,0.8468363569923172,0.2518628912071535,-0.00024518878898453935,-0.8340230633289613,0.9509435522949906,0.8362163873942086,-0.9488133389066933,-0.13878534334176718,511.86661093306276
M15,27,2.5,D1,80,both,0.0,12521,598.7555970149255,-0.8608447242952296,0.8919914597222146,0.8904663672686145,0.2564491654021244,-0.0001643243313701823,-0.21860140144562393,1.001307721836844,0.058409841507233676,-0.9999423162553602,-0.37296308477036544,-1093.0435613950922
M15,27,2.5,D1,80,both,1.0,8215,496.44750992720054,-1.1187582910586076,0.8835274549363169,0.848094183782661,0.25039561777236763,-0.0002492344064313088,-0.2466260921459407,1.001229859532871,0.41795532373912836,-1.000000021907967,,-893.2080713773364
M15,27,2.5,D1,80,long,0.0,7086,339.6091720246687,-0.4219474546485749,0.6469861161003494,0.927931500114113,0.2595258255715495,-0.00010763891199499337,0.02536302972886438,0.9856601426079686,1.0062705726314698,-0.7974071861494479,-0.07366361694033552,2025.9281385055774
M15,27,2.5,D1,80,long,1.0,5874,289.81203566121843,-0.5635938833693456,0.6719018894972771,0.8992353812119901,0.25893769152196117,-0.00015770417111667253,-0.044104037851609185,0.984762556930238,0.989231081560206,-0.8482669569697843,-0.08883706183131646,1517.330430302182
M15,27,2.5,D1,80,short,0.0,5671,271.1878436763551,-0.8066162230211152,0.7414291547248797,0.8491508637967217,0.25409980603068244,-0.00022660192818634855,-0.6925836305848908,0.9382328421036901,0.8661194878415426,-0.9374396287755512,-0.12413151322986737,625.6037122444685
M15,27,2.5,D1,80,short,1.0,4742,238.43825715859032,-0.885523625416235,0.7559884489777894,0.8261682455203091,0.25010544074230284,-0.00027501143599390014,-0.7999393919843126,0.9614479933952184,0.8399757804945105,-0.9596798041139483,-0.14909203072198884,403.20195886051476
M15,27,2.5,D1,120,both,0.0,10766,605.9919093851133,-0.9025378023168861,0.8871461881596566,0.8861015031660737,0.25478357793052203,-0.00017412006248290648,-0.5594092118324591,1.0002367496989615,0.7008961871309577,-0.9999959111226652,-0.5026062518436971,-1238.4158344803827
M15,27,2.5,D1,120,both,1.0,7555,490.65856152204833,-1.155514312946488,0.874893889436003,0.8436364116227664,0.25056254136333556,-0.0002622855000611141,-0.30230574690116224,1.0000518261721247,0.7290776432621592,-0.9999486044392139,-0.47344155517548914,-778.7211779107721
M15,27,2.5,D1,120,long,0.0,6977,338.741093978466,-0.34952338818857903,0.6917048691085314,0.9397876037839495,0.2621470546079977,-9.079309360344316e-05,0.08929350206328551,0.9910772784279271,1.0283999944233344,-0.8164180569645437,-0.07900318659827998,1835.8194303545797
M15,27,2.5,D1,120,long,1.0,5894,290.7202565833896,-0.5852113094274545,0.7183497251616198,0.8952270390307371,0.25924669155072955,-0.00016554406337695836,0.006458974804924707,0.9871732758403771,1.0017294076871774,-0.8722261290357968,-0.0965056307284552,1277.7387096420448
M15,27,2.5,D1,120,short,0.0,5641,278.76813015830066,-0.7924474144151579,0.7251035670336421,0.8535986570851892,0.2520829640134728,-0.00021800723334963873,-0.6001020705686749,0.9223922076605261,0.8849169339399969,-0.9194425267523094,-0.11703862264745524,805.5747324769136
M15,27,2.5,D1,120,short,1.0,4726,241.99796719472874,-0.8001173249046638,0.7222255021491799,0.8433159956157147,0.2517985611510791,-0.0002452959033448686,-0.6827606343854234,0.9270278133378491,0.8643936096503816,-0.9239108945519431,-0.12356971755305779,760.8910544805598
M15,27,2.0,none,0,both,0.0,13178,938.9903433476395,-1.0541644478147538,0.8728250772537562,0.888367264890473,0.24115950827136137,-0.00014684408063094325,-0.44963616144124197,1.0003267203453652,0.7617170701103827,-1.0000562008608227,,-1166.6792667964405
M15,27,2.0,none,0,both,1.0,8962,753.1915554532903,-1.2328180978654018,0.8692399983242092,0.8585666435571118,0.23577326489622852,-0.00020828523344143182,0.22497292626806586,1.000439909772406,1.7377139958377372,-1.0000172124288862,,-703.9739157017308
M15,27,2.0,none,0,long,0.0,13479,847.8051920096435,-0.8317633453179103,0.8444010253724932,0.9026187814283206,0.22761332443059573,-0.00012172334871965001,-0.4776912244202811,1.0008989088344449,0.2811037822044555,-1.0000000795674384,,-2231.5352865910972
M15,27,2.0,none,0,long,1.0,8804,663.8441370767961,-1.0639075643335119,0.830493215183163,0.8644033509353944,0.2229668332576102,-0.00018853150772008055,-0.8825972590028707,1.0004292741309875,0.5458793464706853,-1.0000000722789781,,-1410.605885416128
M15,27,2.0,none,0,short,0.0,7166,873.6253337783712,-1.9803487046267947,0.8830673490758052,0.7955459971112632,0.24016187552330448,-0.0002892160105274074,-0.20772917260051862,1.0001011186956394,0.6673549458565932,-1.0000000261946496,,-176.9319261154321
M15,27,2.0,none,0,short,1.0,7362,663.9433333333334,-1.431655515613971,0.8667643403303296,0.8277907155176885,0.2349904917142081,-0.0002482697025133296,-0.16432977505021448,1.0003191651657946,0.8743268849294572,-1.0000000002380196,,-139.18714260338575
M15,27,2.0,H4,20,both,0.0,12080,760.8587687532333,-0.9262588838041886,0.8386351127794726,0.8887391952254486,0.23112582781456953,-0.00013963169549919004,0.04538707278397971,1.0001260575794806,1.0591499862617169,-1.0000000000037366,,-1190.5411672224427
M15,27,2.0,H4,20,both,1.0,10672,606.2127527216174,-0.9219830123748348,0.8384859504948337,0.8784950720088427,0.2290104947526237,-0.00016075035234958902,-0.48975482469276116,1.0011917743007859,0.4578849202197743,-1.0000011081986502,,-832.2732476549942
M15,27,2.0,H4,20,long,0.0,9026,419.54015016543656,-0.5467143595307861,0.7046846040719894,0.9103229805284049,0.2264569022822956,-0.00010763699933798336,-0.4397305089241862,1.000135312056043,0.6604238119888303,-1.000008722091158,,-556.7319129267767
M15,27,2.0,H4,20,long,1.0,7224,356.4666306403675,-0.5713327733415008,0.6759777318000355,0.8999697414374641,0.2264673311184939,-0.0001260545329011779,0.16550290503651346,1.022745861323898,1.1444548013761187,-1.0000000000008038,,72.09274152767821
M15,27,2.0,H4,20,short,0.0,8356,388.20007631645893,-0.6524396117786784,0.708044712157982,0.892497908221528,0.2436572522738152,-0.00012943398140793095,-0.28669509062409354,0.999910003953291,0.8829982934148007,-0.999817827480513,-0.3296974943420634,1.821725194870773
M15,27,2.0,H4,20,short,1.0,6829,324.22881190692834,-0.7100078925947779,0.7052391012282992,0.8740590747584744,0.23663786791623956,-0.00015986997989348123,-0.7321962051232246,0.9941644634403389,0.8448055876414357,-0.993565177251853,-0.21303901353835053,64.34822748147091
M15,27,2.0,H4,32,both,0.0,14117,780.0656959152799,-0.8557700701035003,0.8558024798930539,0.8979852970430752,0.232485655592548,-0.00012652514533644912,-0.6664489257934353,1.0003005146753443,0.5358344255400317,-0.9999999999999909,-0.8324459211409421,-1101.6410369254038
M15,27,2.0,H4,32,both,1.0,10898,620.0147196261682,-0.9361949623096927,0.8481673311428858,0.8774323811753004,0.22747293081299322,-0.00016265498041351438,-0.14706645488464196,1.0002451936005947,0.8735764748759007,-0.9999874750118352,-0.47386137937197337,-703.3090606232158
M15,27,2.0,H4,32,long,0.0,9058,421.2956195084681,-0.6039591135950317,0.753444169283691,0.9025335576496922,0.22642967542503864,-0.00011729131575370554,-0.07337820453429186,1.0001063368950425,0.896376113054326,-1.000000000000001,,-252.6070489145611
M15,27,2.0,H4,32,long,1.0,7238,357.1574574439341,-0.7798302986270423,0.7756786554456447,0.8680646811332301,0.22409505388228793,-0.00016749881062204754,0.11818259408313482,1.0001780267369906,1.0616456587578675,-0.999999802770991,-0.5331881579851265,164.23492392726652
M15,27,2.0,H4,32,short,0.0,8492,394.86989178866963,-0.6065499266815849,0.7008659159539097,0.892375032513486,0.24093264248704663,-0.00013162474199767736,-0.17805778041997222,1.0028406068601419,0.8958890308877738,-1.0001203221091137,,9.962777165339794
M15,27,2.0,H4,32,short,1.0,6944,329.6888080072793,-0.516121890430834,0.6790943156705053,0.8988357026568436,0.23617511520737328,-0.00013004274157651257,-0.5171597923391853,0.9717265633938564,0.8756754011456053,-0.9643395068440772,-0.14638817604935084,356.6049315592289
M15,27,2.0,H4,50,both,0.0,13311,795.0683156173345,-0.9016164353441866,0.8481211929059478,0.8944027215298967,0.2342423559462099,-0.00013208711561744013,-0.2599677441409663,1.0050525040860585,0.06508206415177274,-1.0001851158150887,,-1220.533305635221
M15,27,2.0,H4,50,both,1.0,9824,614.0,-0.9294334806682706,0.8310005848170224,0.8782756883100847,0.23055781758957655,-0.0001646386477788924,-0.41443334576232643,1.0000511103138616,0.28703356787334394,-1.000000069665292,,-834.2252375792956
M15,27,2.0,H4,50,long,0.0,9226,429.60179755226926,-0.5792331469351389,0.7436117019528559,0.9052002973460713,0.22729243442445263,-0.00011336711148826549,-0.15137871007312367,1.000175795692081,0.8355104796756265,-1.000000068682447,,-495.1783448806775
M15,27,2.0,H4,50,long,1.0,7392,364.75655228316674,-0.6586655256736487,0.7421637430742551,0.885030734697967,0.22375541125541126,-0.00014469831046079354,-0.3016039728652452,1.0010092559220811,0.3361891652849109,-1.0000005315270932,,-120.71587081712875
M15,27,2.0,H4,50,short,0.0,8414,391.9415253156485,-0.6305063587250704,0.685934615016687,0.8969155421655953,0.24292845257903495,-0.0001251253630043427,-0.8033334234323188,0.9895257668710317,0.8490401308153536,-0.9882158151705258,-0.1868753198019607,117.84184829474242
M15,27,2.0,H4,50,short,1.0,6895,327.3623748862602,-0.5619185938911562,0.6867886214636743,0.8999016366321401,0.24118926758520667,-0.00012784539635342647,-0.8428955319574807,0.9791013882078351,0.8456987048559708,-0.9750276871782969,-0.1607058740044469,249.72312821702525
M15,27,2.0,H4,80,both,0.0,13270,806.0647763179777,-0.7886052032952147,0.8433851893578925,0.9070165415021285,0.23368500376789753,-0.00011600426960228757,-0.7787458440846347,1.0002991599591045,0.5290219692939616,-1.000000000004648,,-1293.4173954722628
M15,27,2.0,H4,80,both,1.0,9483,615.6533505154639,-0.991044552255798,0.8457789189605502,0.8697942132239862,0.22535062743857429,-0.0001770311303523872,0.24726735807056072,1.0003690521676474,8.215729764129897,-1.0000000000081348,,-702.2313336693782
M15,27,2.0,H4,80,long,0.0,9317,435.05935182817694,-0.47770022155444,0.728949123811649,0.9217142530555859,0.22292583449608244,-9.36896045729973e-05,-0.6001748072749651,1.0002944912883442,0.3401956136372484,-0.9999999223481497,-0.5344095277967789,71.50801072668406
M15,27,2.0,H4,80,long,1.0,7388,364.5591731964334,-0.6068822635121301,0.7543763659149996,0.8939097536718421,0.21968056307525718,-0.0001341610524185556,0.07446791688946734,1.0029672375650993,1.3206779515281837,-0.9999955945214036,-0.45586199229466007,305.0792703962994
M15,27,2.0,H4,80,short,0.0,8390,391.2227116047491,-0.581915052547734,0.759299280490308,0.8981555048849575,0.24803337306317044,-0.00012550068016844217,-0.5371022922573394,1.0004523328551278,0.7349442658939492,-1.0005525807900024,,-119.11145552774181
M15,27,2.0,H4,80,short,1.0,6944,330.7205633068197,-0.6903254383732373,0.7618772724605426,0.8703499644157391,0.2390552995391705,-0.00016927889250732561,-0.568301701103327,1.0047886101218753,0.630222401306864,-1.0009730632731113,,-223.58892144070606
M15,27,2.0,H4,120,both,0.0,13468,814.3001158748551,-0.908810036828601,0.8709077308896402,0.8932790751671184,0.2303979803979804,-0.00013448560440277446,0.20947629445057708,1.0079220610587798,1.6350866988733366,-1.0000000018286122,,-1290.2804226537698
M15,27,2.0,H4,120,both,1.0,9261,619.6336783293643,-1.0941023069002507,0.8511294683896359,0.8567783877241767,0.2243818162185509,-0.00019471781328542708,0.13255062785917557,1.002616495384633,1.3367611543483953,-0.9999999999973757,-0.8320648744110031,-732.9867926159571
M15,27,2.0,H4,120,long,0.0,9374,438.39353393085787,-0.49911428851928347,0.7201934512205806,0.9183660351100228,0.2255173885214423,-9.815954070918452e-05,0.21511638037386152,1.0003421917205078,1.7618220914493103,-1.0000003031128997,,-268.0566675891764
M15,27,2.0,H4,120,long,1.0,7519,371.02333828694947,-0.7359368787219545,0.7703829669526621,0.8742896378571648,0.22263598882830163,-0.00015962638596208044,-0.7508491699526987,1.0001284538233761,0.7150694096982788,-1.0001283622698403,,-242.2221904732284
M15,27,2.0,H4,120,short,0.0,8360,391.52327221438645,-0.6081231265483348,0.6876499742951989,0.8981000587247203,0.24162679425837322,-0.00012530581620154933,-0.6712896548618705,0.9631984791944433,0.8829304731836967,-0.9602284156557944,-0.14016741589485693,397.7158434420522
M15,27,2.0,H4,120,short,1.0,6901,327.64724424801767,-0.540866411662583,0.683205093521551,0.9009983155031571,0.2383712505433995,-0.00012789923025075334,-0.6641784616133918,0.9540310364116771,0.8777973229840115,-0.9452719010743635,-0.12885095429722393,547.2809892563542
M15,27,2.0,D1,20,both,0.0,13553,824.7639536821059,-0.9640987248914251,0.8714719314611985,0.8897870673069088,0.2327160038367889,-0.00013854014137089964,0.24275515508221646,1.0217645194917537,7.28204618459715,-1.0000000008016454,,-1473.3258684873824
M15,27,2.0,D1,20,both,1.0,9353,630.5247785160576,-1.1402064752101948,0.8516592755137307,0.8557324038369274,0.22891050999679247,-0.00019498319776562153,-0.49536132417672624,1.0002072453050115,0.8069864516850187,-0.9999844725220464,-0.525963223640834,-679.5307178191613
M15,27,2.0,D1,20,long,0.0,9665,451.8870007680491,-0.4680436096713429,0.725991736361845,0.9264572044120343,0.23010863942058976,-8.855510872092432e-05,-0.42468376983988526,1.290124286593255,0.30211878778770634,-1.0000004764981145,,352.8644679386179
M15,27,2.0,D1,20,long,1.0,6734,375.73991750687446,-1.1270767540019713,0.8026475107178092,0.8215735885107627,0.2191862191862192,-0.0002332077631446078,-0.20809955533310548,1.0002661114613205,0.8456421794585496,-1.0000000000077913,,-926.5720307860396
M15,27,2.0,D1,20,short,0.0,8482,397.3387841477491,-0.8743086885901511,0.7802080474828665,0.8598283734154947,0.23968403678377742,-0.00017095059045384465,-0.3476169748844261,1.0000526844975752,0.7268064106446809,-0.9997509385839274,-0.3220694726647494,-47.841541448964776
M15,27,2.0,D1,20,short,1.0,6960,330.4484596386325,-0.7912575902237614,0.7415714263240164,0.8613185101500729,0.2377873563218391,-0.0001777466373282336,-0.4807206503643776,1.0001164470956319,0.815189579883239,-1.000121553397783,,-0.38150281116249807
M15,27,2.0,D1,32,both,0.0,13690,833.2398766872187,-0.9429905794258171,0.8938178343737492,0.8914479208660724,0.23214024835646457,-0.00013613154804993337,0.32662909258632505,1.0050232663114445,1.4559688307474175,-1.0000000000000415,,-1472.6305327846233
M15,27,2.0,D1,32,both,1.0,9841,637.9881522896699,-1.1105592974616914,0.8842302792319146,0.8577200134578875,0.22670460319073266,-0.00019317176607130363,-0.012321371700790994,1.0006052331513433,0.981880035104422,-0.9999999999999764,-0.8691864869505371,-755.9690915620491
M15,27,2.0,D1,32,long,0.0,10036,471.8909629248198,-0.6308778425871513,0.7841702706801112,0.9022874471909459,0.22479075328816261,-0.00011881155924078612,-0.19830060916860376,1.015419991986414,0.7756036905963885,-1.0,-0.8870709543510356,-1229.2143160126202
M15,27,2.0,D1,32,long,1.0,8270,392.74704199713955,-0.9118267467056995,0.8124884273671775,0.8514544684027747,0.22019347037484885,-0.00018962882839875916,0.16006770632281403,1.0003885624593118,1.6500150508869633,-0.9999999999995788,-0.7416080020930441,-837.1918777420218
M15,27,2.0,D1,32,short,0.0,8041,377.60031499100023,-0.7660870231749481,0.7437038604184393,0.8729647142480484,0.24200970028603408,-0.000152685789744074,-0.9078188639785498,1.0000078612132215,0.690659427084828,-0.9999990791591271,-0.47933079127239786,-33.944999015261516
M15,27,2.0,D1,32,short,1.0,6507,324.6832991803279,-0.7738089827219429,0.7454259201539906,0.8631678407081081,0.2380513293376364,-0.00017445545410345453,-0.5773712218412933,1.001144817020385,0.6750034184170416,-1.0012778118632895,,-68.19049273238244
M15,27,2.0,D1,50,both,0.0,12911,838.0562910964991,-1.021358520069799,0.8752877832045325,0.8825864158547541,0.23321198977615987,-0.0001459407239270161,-0.3514061830278205,1.0001946172802265,0.6443319232194099,-0.9999999990802465,-0.7409106170766437,-1195.8639876763375
M15,27,2.0,D1,50,both,1.0,9696,638.1016216216217,-1.094983074037225,0.8710496363450931,0.8590558894746974,0.2295792079207921,-0.00018810909286925447,-0.08771869439732174,1.0072359810083733,0.9464479558973322,-1.0000000217561589,,-785.7050224602478
M15,27,2.0,D1,50,long,0.0,9969,471.16682841614903,-0.5899715051610347,0.7672842495680445,0.9084073191181219,0.22700371150566756,-0.00011172570600927546,-0.179044610295198,1.0024968601758109,0.6745476946898392,-1.0000325889178108,,-961.4498944472313
M15,27,2.0,D1,50,long,1.0,8191,388.9447152886116,-0.7890596714525289,0.7976343085506673,0.8693185241355821,0.22378219997558296,-0.0001673384769807458,-0.45048404946237247,1.0024830596770085,0.8090971159009489,-1.0025438915334672,,-754.1302005094981
M15,27,2.0,D1,50,short,0.0,7917,378.0473591319127,-0.952038935699855,0.7816475369831941,0.8450074347089295,0.24125299987368953,-0.00018518865359857232,-0.6169943920880802,1.0005338606434755,0.5145905599918064,-1.000017055462349,,-248.2098775830607
M15,27,2.0,D1,50,short,1.0,6516,328.27158620689653,-0.889057255875985,0.7645761782640853,0.8454160696281713,0.23879680785758134,-0.0001957406813730241,-0.6210327299472873,1.0005478803063153,0.7352215332084153,-1.0005889104593066,,-219.27029725606036
M15,27,2.0,D1,80,both,0.0,13381,839.4727327378907,-1.1179927058516903,0.8949468161022213,0.8743272006054232,0.23443688812495328,-0.00015754308743871128,0.03226559928654204,1.0014038940576855,1.0436135603180619,-1.0,-0.9461255116242183,-1229.522539421479
M15,27,2.0,D1,80,both,1.0,9840,677.3577082548059,-1.2470229682233935,0.8851739989533156,0.8475988531333685,0.2303861788617886,-0.00020503555792445238,-0.3666641574906928,1.0000073194241457,0.44730683246507646,-1.0000001804449528,,-813.4055153234833
M15,27,2.0,D1,80,long,0.0,9873,473.18111140270304,-0.5779076390557246,0.7272957076303821,0.9119701907975255,0.22910969310240048,-0.00010783133098699393,-0.45619650111544496,1.0005637179016695,0.3819176202815725,-0.9999999999999999,-0.8325878273824409,-170.06660212892513
M15,27,2.0,D1,80,long,1.0,8214,405.20846839546186,-0.7462065969298365,0.7626151024291377,0.8810281603163753,0.22680788897005114,-0.0001525727194737011,-0.6114846241077746,1.0000381567262397,0.6499867467812392,-1.0000000000000389,,-491.668253446175
M15,27,2.0,D1,80,short,0.0,7899,377.7310487038492,-0.9424960847579404,0.7830168883964822,0.8462929767629667,0.2421825547537663,-0.00018317451264503946,-0.4569828083576419,1.0005703549348897,0.7334681641369476,-1.0005870131850734,,-70.9856409563107
M15,27,2.0,D1,80,short,1.0,6571,330.40442593612335,-0.9943550303967266,0.7886600085515222,0.8292476751981677,0.237711155075331,-0.00021490604011645996,0.11209351596755168,1.0005303182459284,1.2752511978515524,-0.9999999748599135,-0.5851666936127493,-186.4614246848197
M15,27,2.0,D1,120,both,0.0,12614,850.6764217134416,-1.1203779065493087,0.8941001369595498,0.8740901959166942,0.23315363881401618,-0.00015713517455078648,-0.24991126515417786,1.0075391068659871,0.5973068681379363,-1.00000001781757,,-1105.0070591196431
M15,27,2.0,D1,120,both,1.0,7237,710.3773851115291,-1.5266437653687404,0.8656363185127027,0.8220939518637516,0.22785684675970705,-0.000259958989005647,-0.8690495656553545,1.0005678161396991,0.31917888003293876,-1.0000000784152385,,-635.0290270859626
M15,27,2.0,D1,120,long,0.0,9720,471.85406698564594,-0.4769582427075214,0.7404236867989936,0.9264066580683644,0.23055555555555557,-9.076647944311091e-05,-0.15023524002057764,1.0141851379817044,0.8512963268923833,-1.0000000000000002,,-203.5786338036889
M15,27,2.0,D1,120,long,1.0,8213,405.1044226873734,-0.7224182845327587,0.7785326098233798,0.8838106224008191,0.2269572628759284,-0.0001499832620169941,-0.1870685423234491,1.000068063073193,0.6243043589466621,-0.9999999999658975,-0.6954160709976429,-150.51896077815985
M15,27,2.0,D1,120,short,0.0,7867,388.77306859694227,-1.0619649735509549,0.8134639332146998,0.8306877519833344,0.23935426464980297,-0.0002008651835497723,-0.18795154363417654,1.000331167356679,0.8170534558412027,-0.9999578315373824,-0.39215237954727844,-163.7985886760971
M15,27,2.0,D1,120,short,1.0,6566,336.2163886162905,-1.0506998410658288,0.7987310908406771,0.8224011820827094,0.2375875723423698,-0.00022257723417557805,0.19098300858294226,1.0001912537841449,1.9147138059428108,-0.9999999920063481,-0.6150762623073895,-68.20751560183129
M15,34,5.0,none,0,both,0.0,4175,193.763500635324,0.1548874753566075,0.32947108373707534,1.0352668867535415,0.33748502994011975,0.00010490103019849944,0.31317355625746823,0.2913885110522165,1.0787045618506585,1.1076812550800121,0.035208722705422524,21076.812550800172
M15,34,5.0,none,0,both,1.0,3485,165.48313182527303,0.03054306901643899,0.5009637784167403,1.007405837508254,0.33428981348637016,2.3081800943847614e-05,0.17834647234180923,0.47454109008840184,1.0458655373660606,0.4124746120860967,0.0165336068846047,14124.746120861097
M15,34,5.0,none,0,long,0.0,3808,176.73087674714102,0.4431261157487165,0.2592354967635626,1.10736779595798,0.35294117647058826,0.0003069659257803422,0.5492046284324306,0.22044708028271487,1.1468881648526803,2.3103683905193853,0.05712824882867373,33103.683905193684
M15,34,5.0,none,0,long,1.0,3093,146.85015598596127,0.32483001806281786,0.26267962177363025,1.0855088313728316,0.35337859683155515,0.0002587928893488778,0.49171071435426716,0.25275173078601876,1.140130904243046,2.059140683082102,0.05452140809690276,30591.406830820866
M15,34,5.0,none,0,short,0.0,3808,176.73087674714102,-0.44788691897812083,0.719427161658682,0.9036971453491489,0.30961134453781514,-0.00029193002072940786,-0.30294541573877476,0.7101153638308295,0.9303296937925872,-0.6899003684462486,-0.052890135872391664,3100.9963155375344
M15,34,5.0,none,0,short,1.0,3057,145.1598088923557,-0.36370146034101414,0.6712301019389832,0.9135686418667861,0.31141642132809944,-0.00027351091950904175,-0.28638599995334935,0.7029492207044797,0.9285048885437924,-0.6441707198985641,-0.04788155027194341,3558.2928010143805
M15,34,5.0,H4,20,both,0.0,2281,105.99685114503816,0.03343346572407189,0.3701130608634604,1.0098970412959212,0.3371328364752302,2.9444564913648356e-05,0.23845012712625796,0.291641287840702,1.0763406545061731,0.5173264415068006,0.019564359443839274,15173.264415068186
M15,34,5.0,H4,20,both,1.0,1862,88.41595163806552,0.0026413633659134934,0.3630493918234686,1.0008459359779223,0.34049409237379163,2.658397927016848e-06,0.20586102762671402,0.30401312078069254,1.069868096630158,0.4057153498450268,0.016302089775534823,14057.15349845036
M15,34,5.0,H4,20,long,0.0,1370,63.72803107488538,0.3071774775597427,0.2504110862299861,1.117953505981521,0.3708029197080292,0.0003299723948906721,0.44673912758494416,0.2677269892547356,1.1775658367655972,0.8835861768142328,0.029891439486231075,18835.86176814231
M15,34,5.0,H4,20,long,1.0,1105,55.166928649535265,0.33219792118268904,0.20788412099810916,1.137507892542683,0.37918552036199094,0.00040770395832724935,0.49734075878861217,0.21337729540248473,1.2070896313399455,0.938421862396942,0.033595965073951684,19384.218623969366
M15,34,5.0,H4,20,short,0.0,1263,58.690935114503816,-0.1575298907891912,0.36981982946912806,0.936533259931862,0.30403800475059384,-0.00019181348943727225,-0.13462719382016597,0.380331394366872,0.9424033386885028,-0.24525747513051266,-0.012990400702136196,7547.425248694916
M15,34,5.0,H4,20,short,1.0,1015,48.19666536661467,-0.1980334211661756,0.3934359889865702,0.9135470639097931,0.3024630541871921,-0.0002746317743731212,-0.16543758660937705,0.3939482737134198,0.9235614836957488,-0.27753912458714947,-0.015318262283630202,7224.608754128544
M15,34,5.0,H4,32,both,0.0,2541,118.18416528715142,0.10654388385851762,0.43578241930266925,1.0303925515758963,0.34238488783943327,9.022351590838922e-05,0.2622581794092262,0.3072698079834587,1.0803145478938616,0.6050639650372844,0.022251205408115426,16050.639650372868
M15,34,5.0,H4,32,both,1.0,2058,97.72289391575664,0.025877921741895335,0.4457139060121056,1.0079934208004815,0.34062196307094267,2.5165255208128997e-05,0.1874750484784751,0.32950867996540245,1.0607519743819775,0.3584292118770762,0.014652156215509082,13584.292118770789
M15,34,5.0,H4,32,long,0.0,1419,66.07467491075981,0.20661131435371213,0.3623853831354028,1.0764726893298486,0.36152219873150104,0.00021715389778581941,0.3809027032880271,0.24779339554714985,1.1498634102428786,0.7213700438243771,0.025612505890161508,17213.70043824374
M15,34,5.0,H4,32,long,1.0,1131,56.46497402952433,0.1264071592883133,0.3503220242397257,1.0500212387420815,0.3598585322723254,0.0001523839771626071,0.36329861361488996,0.24839690428468908,1.150458711657897,0.6480475249062403,0.025255659437715572,16480.475249062456
M15,34,5.0,H4,32,short,0.0,1338,62.2315675538011,-0.09090132251317976,0.3652975350783314,0.9640403210076793,0.3153961136023916,-0.0001109460463607603,-0.036200976053034684,0.3156876273215552,0.9839276509631198,-0.1362339374088135,-0.006788526467807365,8637.660625911889
M15,34,5.0,H4,32,short,1.0,1081,51.33063572542902,-0.11761204389960721,0.37115306708108997,0.9495973551845142,0.3172987974098057,-0.00016354901725342842,-0.07378248796978563,0.34442297027253954,0.9648888081897604,-0.1907508237905795,-0.009999664881154446,8092.4917620942415
M15,34,5.0,H4,50,both,0.0,2804,130.53288299770585,0.10689962986691486,0.35548293413040066,1.0289783011700893,0.3327389443651926,8.567202191642758e-05,0.21547825023800637,0.30749688912666173,1.0616180568095892,0.4728151142056971,0.018187359217909593,14728.151142057026
M15,34,5.0,H4,50,both,1.0,2271,107.83707098283932,0.05930266281583322,0.3177499212806375,1.0174901582649385,0.3342140026420079,5.472126596717435e-05,0.19142654207111606,0.2825216598227369,1.0583578202140267,0.3871927354140188,0.015662179605796744,13871.927354140214
M15,34,5.0,H4,50,long,0.0,1549,72.13722427642483,0.32364264856041147,0.27660573331522753,1.1213635700592832,0.35442220787604906,0.00033543605713836494,0.3396333319320182,0.25596266948707536,1.1295656375277294,0.6254999338062002,0.02288239187405683,16254.999338061913
M15,34,5.0,H4,50,long,1.0,1228,61.265810681600875,0.27904060613499154,0.23339424632553163,1.112218377880356,0.3574918566775244,0.0003293046504373954,0.3246359834509928,0.2274769038668485,1.1283622893601655,0.556125751599533,0.02230679833842153,15561.257515995345
M15,34,5.0,H4,50,short,0.0,1393,64.9053769613471,-0.17572388513322498,0.4387523072421774,0.9351083048261448,0.3065326633165829,-0.00020449484597823004,-0.05151238583371497,0.3852113814755457,0.9783901090507989,-0.167453783121144,-0.008502758072396643,8325.462168788554
M15,34,5.0,H4,50,short,1.0,1144,54.32215288611545,-0.18078871076117625,0.4404906955964327,0.9275345689474701,0.3094405594405594,-0.00024015178348749737,-0.0505934512290632,0.385181788173504,0.9772574885135014,-0.16091167108472948,-0.008296026212409324,8390.88328915275
M15,34,5.0,H4,80,both,0.0,2995,139.69145064487296,0.22817317608540666,0.28984550891657557,1.0585801744467576,0.3375626043405676,0.0001737401397670009,0.3534285808489198,0.20088576900032828,1.09280518426505,0.9139059086753318,0.03074019864656785,19139.059086753412
M15,34,5.0,H4,80,both,1.0,2398,113.86758970358815,0.15973736074890113,0.31888921415612925,1.044886764468692,0.3323603002502085,0.00014254092581852636,0.314406388067846,0.20271514087103537,1.0884038214251177,0.77096364778041,0.027510068021720624,17709.636477804223
M15,34,5.0,H4,80,long,0.0,1622,75.74932873034139,0.5052824330091223,0.14338191175247694,1.1856010009694962,0.3625154130702836,0.0005182691320950619,0.5806041736599069,0.14039161272173661,1.2179513194594684,1.3034036369752187,0.0397360738070518,23034.036369752088
M15,34,5.0,H4,80,long,1.0,1284,64.05969129900286,0.44919744884493923,0.1338847326414071,1.1774165505857264,0.3598130841121495,0.0005322631113242991,0.5483594936168775,0.1518698558006948,1.2156814151126643,1.1617755056893748,0.03921149816098879,21617.755056893722
M15,34,5.0,H4,80,short,0.0,1481,69.0761397011876,-0.08997249475895101,0.3501802617561577,0.9680660344827254,0.312626603646185,-9.902363911612771e-05,-0.02963841860511389,0.2910353223079766,0.9895001523447026,-0.10793498113779088,-0.005313059134329223,8920.65018862209
M15,34,5.0,H4,80,short,1.0,1199,56.933794851794076,-0.09968346056320494,0.36723130333549814,0.96122981267415,0.3060884070058382,-0.00012771167241127114,-0.04066971510950603,0.3069926573929507,0.9845409129247825,-0.12055272495368152,-0.006081358252076674,8794.47275046321
M15,34,5.0,H4,120,both,0.0,3164,147.95173473306875,0.3398477099784289,0.35658364286294797,1.0900963352861301,0.3448166877370417,0.0002672212748459701,0.47520262542138714,0.246333971435598,1.150446240605165,1.887402838226754,0.05083317592202796,28874.028382267443
M15,34,5.0,H4,120,both,1.0,2559,121.51257800312013,0.2147739477831826,0.3528747419148849,1.0620086984098969,0.34153966393122315,0.00019639375426263323,0.4080289644578945,0.24596067897314833,1.132788071385407,1.4764776060347486,0.04400118155577548,24764.776060347485
M15,34,5.0,H4,120,long,0.0,1696,79.33709016393443,0.6352363885908471,0.13174105947643633,1.2520107576662698,0.3738207547169811,0.0006939691223530011,0.6000062517391567,0.14122983274749734,1.2783066720774645,1.8495523010945116,0.05020473232623579,28495.52301094494
M15,34,5.0,H4,120,long,1.0,1371,68.40018440103812,0.4666595922199034,0.1545036726099248,1.1951659930052505,0.36688548504741064,0.0005786303093208036,0.5316655235619939,0.1612138891252376,1.24710351011532,1.5292754388833871,0.047383599160760514,25292.75438883371
M15,34,5.0,H4,120,short,0.0,1541,72.19731272447409,-0.20302614656985857,0.41495182875513614,0.9302943631662555,0.3108371187540558,-0.00022146185300169028,-0.0007107888494859152,0.34379712006149854,0.9997143743970627,-0.08599560856860611,-0.004203971272031426,9140.043914313994
M15,34,5.0,H4,120,short,1.0,1252,59.450468018720755,-0.1869357247403098,0.3813255768842464,0.929505978183685,0.31150159744408945,-0.0002368700661828569,-0.012185699917898064,0.3301062978524688,0.994790935087971,-0.10030620713284188,-0.005006564345136355,8996.937928671636
M15,34,5.0,D1,20,both,0.0,3413,159.61565300896288,0.22361297136069386,0.3422380987269009,1.056443195871167,0.3425139173747436,0.00016674329748491416,0.37012944070849196,0.29219289606379073,1.1100655674904123,1.2827703005325435,0.039355670834287704,22827.70300532545
M15,34,5.0,D1,20,both,1.0,2779,131.97630347159017,0.054467728649994086,0.40921850409246563,1.0148811471484949,0.3371716444764304,4.671404305697342e-05,0.2797877070056857,0.3722314212813548,1.0847466494461813,0.8288805899024854,0.029085200691692625,18288.80589902496
M15,34,5.0,D1,20,long,0.0,2029,94.8901728553137,0.5977643565401769,0.13357557931314346,1.2120210759963044,0.3642188270083785,0.0005869395595654187,0.5661060023733491,0.11828418299672949,1.2372202666914076,1.8007515141878199,0.04934349541351635,28007.515141878008
M15,34,5.0,D1,20,long,1.0,1647,82.14758295780418,0.3902045170125231,0.16908669623243655,1.1448059649183626,0.35761991499696416,0.0004279754886921639,0.4761911685750083,0.17819757086739918,1.1995586300295311,1.4182125685149072,0.04502719430906543,24182.12568514895
M15,34,5.0,D1,20,short,0.0,1779,83.5837085155647,-0.35879626227366096,0.5214396195560393,0.8883827259402489,0.31309724564362,-0.00035334765373561756,-0.16513824752552606,0.49513389314333944,0.9426137254235858,-0.34746546363232667,-0.019857057377376197,6525.345363676766
M15,34,5.0,D1,20,short,1.0,1446,68.85938722294654,-0.32158126894862155,0.4985676728910252,0.8892859905522673,0.3118948824343015,-0.00036788468487765564,-0.16073614639697467,0.47417392477481835,0.9405876862464182,-0.322695174716788,-0.018383520720208213,6773.048252832169
M15,34,5.0,D1,32,both,0.0,3497,164.25916280864197,0.12855483214983923,0.4233688468879506,1.0319741942118719,0.33028309979982845,9.557137640453343e-05,0.2604953669637975,0.28777532105196124,1.0730228542983975,0.7040830315377498,0.025353118045478462,17040.83031537752
M15,34,5.0,D1,32,both,1.0,2862,135.91802106358082,-0.02973833410457821,0.44984004346887596,0.9920048426503393,0.32320055904961564,-2.5467308489534612e-05,0.21255376835670478,0.2814081211603463,1.0620442305488405,0.5150275495361616,0.019925087508047223,15150.275495361664
M15,34,5.0,D1,32,long,0.0,2089,98.22441426364573,0.3847566371421394,0.13151968768219247,1.1314062992061338,0.344183820009574,0.00038011122152186225,0.4028233790474359,0.13385592078600028,1.1559019281957659,1.1293504626174626,0.03617741829898269,21293.504626174596
M15,34,5.0,D1,32,long,1.0,1712,81.3038616564816,0.17733567341206707,0.16247194278198307,1.064649698215336,0.33352803738317754,0.00020097412463995702,0.30166837436337357,0.17486503573592027,1.1198495683515302,0.7733813379800059,0.02758026757411458,17733.81337980004
M15,34,5.0,D1,32,short,0.0,1686,79.26522074913117,-0.2356296942639955,0.48432395491806646,0.9214048617320073,0.3155397390272835,-0.00024154616112261824,-0.09584523328933789,0.42221333984595744,0.9651146708104197,-0.22771390616480114,-0.012074875201281365,7722.860938352033
M15,34,5.0,D1,32,short,1.0,1362,68.21205265322912,-0.248829946217261,0.47275545707820354,0.9105249449748188,0.30983847283406757,-0.00029171530843324217,-0.100314355178707,0.40165915503839045,0.9615128636550945,-0.22517293919139458,-0.0126954833348083,7748.27060808609
M15,34,5.0,D1,50,both,0.0,3528,166.74456521739128,0.024878157668022698,0.4676220031919338,1.0059304490068057,0.32794784580498865,1.7810954654548708e-05,0.2140733408194999,0.33343099658751885,1.0579267302923117,0.5307129122700787,0.02032533358171018,15307.129122700879
M15,34,5.0,D1,50,both,1.0,2905,137.92424931756142,-0.034196566640307166,0.4041552071351573,0.9911371013706205,0.32598967297762477,-2.8159916986288093e-05,0.22254535678040954,0.28895621001581473,1.0636584861016583,0.563559295495395,0.021447866001473193,15635.59295495403
M15,34,5.0,D1,50,long,0.0,2069,97.78755822981365,0.5046889591546188,0.15075865121606713,1.1751724672815684,0.35234412759787337,0.0004955337800744741,0.5238691391195236,0.13462537475341463,1.2141286426682014,1.65822393695565,0.04729144396422824,26582.23936955635
M15,34,5.0,D1,50,long,1.0,1704,80.90289873911348,0.4012203242919569,0.13514217387810445,1.1522698314740618,0.3532863849765258,0.00045368038690498963,0.4995320642506708,0.15057685151884193,1.2178706276006517,1.6040987114814635,0.04648902582556813,26040.98711481459
M15,34,5.0,D1,50,short,0.0,1665,79.28829856584093,-0.3899195418719393,0.5407469685142083,0.8723856858967541,0.3009009009009009,-0.0004041389714937218,-0.21830827355948776,0.5171795428059529,0.9220224208394346,-0.40826969852213435,-0.02467714980623137,5917.303014778696
M15,34,5.0,D1,50,short,1.0,1369,68.79846587782059,-0.3475141366752607,0.5158520872383823,0.8785717480515876,0.295836376917458,-0.0004075199237525867,-0.1843545882853555,0.4729294127685574,0.9306737641614526,-0.35034820839234526,-0.021442495945419915,6496.51791607659
M15,34,5.0,D1,80,both,0.0,3529,168.779265418358,-0.007860384799201614,0.4272150991716128,0.9981239794913794,0.3329555114763389,-5.623119742977724e-06,0.2589375187258845,0.2384885676547639,1.0698131161735307,0.739822394099833,0.02683928944752534,17398.223940998363
M15,34,5.0,D1,80,both,1.0,2942,146.73842687423186,-0.08053763490698597,0.49454459866407063,0.9795547588534782,0.3314072059823249,-6.470212031744888e-05,0.1979549882082799,0.3462518278448805,1.0551869644722327,0.45138235647841185,0.01875372309617296,14513.823564784143
M15,34,5.0,D1,80,long,0.0,2026,97.09965883742291,0.3671278535250216,0.212692503904937,1.1211987080518313,0.351431391905232,0.0003565303450445335,0.4699982837717978,0.18833094983974397,1.1778613220806284,1.4833352761928396,0.04455851378599629,24833.35276192835
M15,34,5.0,D1,80,long,1.0,1682,83.89328144203195,0.2451470916301835,0.22538719137088725,1.0855357568016002,0.351961950059453,0.0002664115464098523,0.4092104803301995,0.26149336774380205,1.1581795635891006,1.1893080967112835,0.03985676197620758,21893.080967112663
M15,34,5.0,D1,80,short,0.0,1660,79.4646133682831,-0.41384886687364514,0.5533945081463855,0.864459622476614,0.3102409638554217,-0.00041480895352271485,-0.19352816279703658,0.5013939058878373,0.9303561020599098,-0.37800552161395806,-0.022473567099547842,6219.944783860414
M15,34,5.0,D1,80,short,1.0,1380,69.73505810736026,-0.39486881481272357,0.5634947753243205,0.8618812067611297,0.3065217391304348,-0.00044625301026488754,-0.21109457125305883,0.5115390878758252,0.9208100172541311,-0.37985668948152496,-0.023855584808122554,6201.433105184764
M15,34,5.0,D1,120,both,0.0,3527,171.33086181673093,0.03916647481766227,0.5370812460268164,1.0092733486925678,0.32860788205273606,2.7827305844833485e-05,0.24789145597737414,0.3714750726880497,1.0646759985840744,0.6904958706654745,0.025831964998142887,16904.958706654757
M15,34,5.0,D1,120,both,1.0,2970,148.1147596941562,-0.07872974439064273,0.5443975691395897,0.9803226073273076,0.32491582491582494,-6.240207079636739e-05,0.21370695723225488,0.3691340994866893,1.056699569847108,0.5221304324386824,0.021172069016838657,15221.304324386792
M15,34,5.0,D1,120,long,0.0,1988,96.57095358425322,0.4265911982000958,0.18309537504096252,1.1431453558762326,0.3551307847082495,0.0004277802486742998,0.5222575535539302,0.17074987639541528,1.2035022065178211,1.7414225748201009,0.05020850835960511,27414.225748200955
M15,34,5.0,D1,120,long,1.0,1676,83.58260513380667,0.28078887943760245,0.1809494128022775,1.099589838526618,0.35262529832935563,0.0003140365850590039,0.47365429682474497,0.18918384482701256,1.1861189059065362,1.5029973356911417,0.04681836913411086,25029.973356911345
M15,34,5.0,D1,120,short,0.0,1668,82.44073071718539,-0.3583722159592793,0.5209704143332952,0.881097821393023,0.29856115107913667,-0.0003596430786438004,-0.16438124055672113,0.47142681489315386,0.9409593712855387,-0.34671464496417137,-0.020822375503730006,6532.853550358327
M15,34,5.0,D1,120,short,1.0,1399,71.86845991561182,-0.34084898117861356,0.5217985711492412,0.8800331155704947,0.2930664760543245,-0.0003833536271041992,-0.15332950327022482,0.4433001797743036,0.941754091124295,-0.3206691036679685,-0.01966659805780313,6793.308963320354
M15,34,4.0,none,0,both,0.0,6397,296.8874523506988,-0.34011988012583705,0.750958161687898,0.9399888083369391,0.308113178052212,-0.00014565425125198875,-0.04411153450480647,0.9079446602965929,0.9911904243447618,-0.678762756376392,-0.0513378292951453,3212.372436236159
M15,34,4.0,none,0,both,1.0,5312,252.23712948517942,-0.3769116311160337,0.7682839825120752,0.9285141232288955,0.31080572289156627,-0.00018044011846240433,-0.12106556554545143,0.8908749009883512,0.9754836858197485,-0.7267328537736126,-0.05974274718075423,2732.6714622638387
M15,34,4.0,none,0,long,0.0,5826,270.38710292249044,0.121151424033279,0.4920241647480341,1.0227694182656635,0.31874356333676623,5.2177012835980114e-05,0.26200095281367475,0.520143497591867,1.051523117027902,0.8591317913785981,0.029197679287774614,18591.317913785642
M15,34,4.0,none,0,long,1.0,4733,224.71444819966203,-0.04911954647068057,0.5236089015368185,0.9901602773570206,0.31628987956898375,-2.3729837343138274e-05,0.17472377404290046,0.6642650376157944,1.0367337573656215,0.3863462523097756,0.01563069375585946,13863.462523097669
M15,34,4.0,none,0,short,0.0,5826,270.38710292249044,-0.6416196369555959,0.8485339099081676,0.8796021884172374,0.2883625128733265,-0.00029191729189405644,-0.33852226044874245,0.9731428475437962,0.9107319189585857,-0.9601343657679773,-0.1389007760179104,398.6563423202265
M15,34,4.0,none,0,short,1.0,4683,233.57445718967634,-0.517169177089538,0.7912996756577229,0.8944094104680831,0.2923339739483237,-0.00026745673182186115,-0.42898867269879404,0.9240075057330916,0.9049050082402246,-0.8997050071544286,-0.10836582534225503,1002.9499284557081
M15,34,4.0,H4,20,both,0.0,4132,191.98740618241953,-0.37346276128025274,0.6940193538886481,0.9193840099288192,0.2971926427879961,-0.0001900803675036619,-0.2585397190894737,0.8872834986801371,0.9402459291904254,-0.758804060121738,-0.06394209625368841,2411.9593987826215
M15,34,4.0,H4,20,both,1.0,3365,167.83643998361327,-0.39362578084219135,0.6677904762439374,0.9100951525896648,0.2977711738484398,-0.00022387999331484123,-0.2530281822441589,0.8284009869235963,0.9409588370596724,-0.6646234622781244,-0.05303277941117224,3353.765377218735
M15,34,4.0,H4,20,long,0.0,2378,110.61697656647988,-0.10182879778660345,0.4562317968129551,0.9714959735316719,0.3103448275862069,-6.514479075427289e-05,0.08126410944697297,0.575974600524048,1.0250949702151435,0.0662818454502998,0.0029898018664773485,10662.818454503025
M15,34,4.0,H4,20,long,1.0,1915,95.60603471842536,-0.11518553563021969,0.40153310021326394,0.9657084370954745,0.30913838120104437,-8.299905346533544e-05,0.09673419858100747,0.49194287298880823,1.0307168703054843,0.09944622278100446,0.004744422919626734,10994.462227809996
M15,34,4.0,H4,20,short,0.0,2217,103.00969978374253,-0.33122924882255933,0.4662691360182133,0.8992043101723982,0.28506991429860173,-0.00023896306964243691,-0.33518214430710014,0.5760940770261449,0.899874221645165,-0.5383869828991035,-0.03528026062415557,4616.130171008961
M15,34,4.0,H4,20,short,1.0,1803,89.94069243376127,-0.31628132579801377,0.46434280775502035,0.8974380117079142,0.2889628397115918,-0.0002540197479740567,-0.3636385128210654,0.5972664532105824,0.8880368565475734,-0.5347475387009095,-0.037450635777021235,4652.524612990887
M15,34,4.0,H4,32,both,0.0,4463,207.578091175347,-0.16984271763663314,0.5145877457099455,0.9615974067127563,0.30898498767645083,-9.163890613224364e-05,-0.060324676553865746,0.5751048291026646,0.9841038412231102,-0.47479202735717585,-0.02950710332107953,5252.079726428218
M15,34,4.0,H4,32,both,1.0,3621,180.6049774682507,-0.17566015485294914,0.523504542862458,0.9573899680375726,0.3095829881248274,-0.0001069036270746426,-0.07100176429363929,0.6054355884380154,0.9809148318311638,-0.46181902889903537,-0.030429293087869014,5381.809711009639
M15,34,4.0,H4,32,long,0.0,2461,114.59462646608873,0.08342380742510863,0.43584389067407425,1.0242086399683341,0.329134498171475,5.438347799837785e-05,0.27642279366818695,0.4103869761626945,1.0844993086214774,0.6014085247564969,0.022168490456186296,16014.08524756483
M15,34,4.0,H4,32,long,1.0,1964,98.05235101148168,-0.03611235262728326,0.4262891839658366,0.9890514871869479,0.32637474541751527,-2.6141276533627976e-05,0.20045211075569422,0.42702978536403946,1.0626041662465575,0.36136136928530815,0.015520276742504446,13613.613692853025
M15,34,4.0,H4,32,short,0.0,2302,107.06806316057558,-0.19182749820421452,0.4105537497271695,0.9360776829607218,0.29235447437011297,-0.00015807729701558166,-0.17107226402477926,0.5792882893038236,0.9344549728546985,-0.4569092338823334,-0.027994592805911656,5430.907661176654
M15,34,4.0,H4,32,short,1.0,1880,93.78175361922973,-0.11566942163584915,0.3870384359811676,0.9582668144230746,0.29840425531914894,-0.00010732538471413852,-0.15689295247831794,0.5783602674001318,0.9346330872577888,-0.42653408551936667,-0.027357113336534455,5734.659144806339
M15,34,4.0,H4,50,both,0.0,4766,221.86865918939588,-0.25883268300495194,0.6491074795847029,0.9458300146788686,0.3010910616869492,-0.00012872426220447738,-0.12127279132558905,0.8622568208003578,0.9726613693427808,-0.6277693654790233,-0.04496281616261266,3722.306345209753
M15,34,4.0,H4,50,both,1.0,3861,192.5754813600983,-0.22209806676332375,0.6017368934462275,0.949983396218671,0.30225330225330227,-0.0001251156943461304,-0.12338162639409501,0.8082012429044423,0.9714445914500168,-0.5587073059286373,-0.03998062034246941,4412.926940713588
M15,34,4.0,H4,50,long,0.0,2593,120.75650261379573,0.009773339439680964,0.4012889139077078,1.0027534742118205,0.31739298110296954,6.141492597927334e-06,0.0542271705638716,0.5697730396172318,1.0159668914987747,-0.001992327306330699,-9.28712984090696e-05,9980.076726936597
M15,34,4.0,H4,50,long,1.0,2063,102.92456631607705,-0.020830544574777832,0.3729799259748455,0.9936729340224028,0.3165293262239457,-1.4910828606932181e-05,0.012680187545900948,0.5687161332187158,1.0038207488241846,-0.09107053655271669,-0.004752625256375209,9089.294634472804
M15,34,4.0,H4,50,short,0.0,2389,111.31295445847684,-0.35376149509158633,0.5386177497816775,0.8957225174604698,0.28296358308915864,-0.0002631278386755426,-0.22879886255879223,0.5385391266641932,0.926976947455813,-0.5029897857194903,-0.0320510353515473,4970.102142805057
M15,34,4.0,H4,50,short,1.0,1963,97.92211827369572,-0.2936454619078888,0.47258227420345056,0.9070513423471173,0.2857870606214977,-0.00024516073613145675,-0.2015574453007474,0.5120920523132944,0.9334785430511529,-0.43533795559773736,-0.028107469633108284,5646.620444022643
M15,34,4.0,H4,80,both,0.0,4954,231.06225258587665,-0.032122982050723975,0.58785647342288,0.993409793715207,0.30440048445700446,-1.564406356670874e-05,0.08827403433968962,0.6837522436996659,1.019157398534318,0.03246196361310849,0.001491131289079739,10324.619636131001
M15,34,4.0,H4,80,both,1.0,3984,198.71036460467022,-0.18641591012755893,0.6265587333012114,0.9598126936817037,0.29819277108433734,-0.00010134480749401657,-0.028999547250726197,0.7974384168815033,0.9935431194752367,-0.34860868685898594,-0.02115263281532298,6513.913131410099
M15,34,4.0,H4,80,long,0.0,2697,125.95310701956271,0.07793776526084967,0.38261173719489305,1.0217554403121143,0.31590656284760843,5.01396777925069e-05,0.18677663373249168,0.4840611554718762,1.054857742971413,0.36581869526084354,0.014665786314256746,13658.186952608412
M15,34,4.0,H4,80,long,1.0,2135,106.51669853845104,-0.07526912084896566,0.40496835366330586,0.978002455863111,0.31053864168618267,-5.399023779801235e-05,0.07978273569304764,0.581364773623847,1.0238904073335864,0.053323177495992136,0.0025951897225451326,10533.231774959875
M15,34,4.0,H4,80,short,0.0,2415,112.63935001915465,-0.1140925664532904,0.3719322524219626,0.9661053937760616,0.2939958592132505,-8.189365962017183e-05,-0.10014289553153874,0.36481107344799535,0.9704191102369258,-0.2555002591725022,-0.01366699996645726,7444.99740827499
M15,34,4.0,H4,80,short,1.0,1977,98.64743852459016,-0.1481461611297895,0.3870348687763838,0.9532395294175083,0.28882144663631765,-0.00011893722736489719,-0.1455659247514824,0.42836989295283323,0.9555952337581392,-0.3111014089565385,-0.018423059471413428,6888.985910434622
M15,34,4.0,H4,120,both,0.0,5118,239.3226859557035,-0.07003656569655402,0.5387477493976004,0.9858328518601069,0.3040250097694412,-3.3855088238460355e-05,0.1296092474602227,0.5629404793879442,1.0289789334250055,0.19302915070940152,0.008287256604123217,11930.291507094003
M15,34,4.0,H4,120,both,1.0,4146,206.79045473166732,-0.20959613688370077,0.5806422665309032,0.9554777264011887,0.30197780993728895,-0.00011240200674896765,0.037104690698442196,0.6572718021908114,1.0083597678220044,-0.18414523742325484,-0.010099586935126248,8158.547625767365
M15,34,4.0,H4,120,long,0.0,2792,130.60681352459017,0.2893320193608802,0.21044764542076055,1.0809216358610483,0.3241404011461318,0.00018105822677006028,0.34899898827150133,0.22412727990266113,1.0995278825224897,0.7773070693220443,0.027267680413003648,17773.07069322032
M15,34,4.0,H4,120,long,1.0,2236,111.55566179483678,0.09145239414493501,0.22846203430979106,1.0263680432081064,0.3206618962432916,6.244062161347205e-05,0.26314473224728563,0.2627923027503061,1.0774894420723002,0.53645820030527,0.021658271547772,15364.582003052548
M15,34,4.0,H4,120,short,0.0,2440,114.3163160595177,-0.3995291826895826,0.5660283718440152,0.8860418405307043,0.2807377049180328,-0.00029034086487815086,-0.20227265999862676,0.5329202354546712,0.935713362246743,-0.4875052887409602,-0.030832879019671022,5124.947112590434
M15,34,4.0,H4,120,short,1.0,2007,100.1170103796777,-0.3831721192574977,0.5315965750540463,0.8831269765297033,0.28051818634778275,-0.0003129358455057975,-0.21496307531079847,0.5385651236023647,0.9279884161086961,-0.4874900973151701,-0.03279437568213761,5125.099026848308
M15,34,4.0,D1,20,both,0.0,5379,251.52730124183844,-0.1572381805222275,0.659468224853921,0.9693996961263571,0.30637664993493213,-7.287030449350844e-05,0.08313794505464125,0.5464623665151922,1.0178832175504844,-0.011095437015122611,-0.0005215972200874885,9889.045629848642
M15,34,4.0,D1,20,both,1.0,4382,218.5614502253175,-0.3355446094883799,0.6904723737065521,0.9317610208148791,0.305111821086262,-0.00017113137225541664,-0.0008940364685199898,0.6743883865305398,0.999802150272349,-0.3092979854860458,-0.018287575636911968,6907.020145139548
M15,34,4.0,D1,20,long,0.0,3129,146.3338348271447,0.23816861209042717,0.1865545826652334,1.061979462874452,0.32534356024288913,0.00013833560058968477,0.284231078726217,0.267285200416559,1.0764786534840665,0.6439301598403713,0.023519708727987032,16439.30159840358
M15,34,4.0,D1,20,long,1.0,2512,125.29127406800491,-0.023839313148389656,0.3225547321276273,0.9936508954616082,0.321656050955414,-1.4956108938081406e-05,0.17373602811793187,0.3472581373268052,1.0484398454792623,0.31706303332869923,0.013831144190393552,13170.63033328694
M15,34,4.0,D1,20,short,0.0,2711,127.01292329399693,-0.44194381734095534,0.5909327182978321,0.8813700670786986,0.2855035042419771,-0.0002984712010093703,-0.20275162076047026,0.5592099183879979,0.9380913266443557,-0.49535931308714753,-0.031533869403118864,5046.406869128527
M15,34,4.0,D1,20,short,1.0,2226,111.0719262295082,-0.41424350362616436,0.5628853771606137,0.8810090588660663,0.28796046720575025,-0.0003138944733323989,-0.22649075928871146,0.54940816863745,0.9294078498042858,-0.49764556996149967,-0.03376860177424623,5023.5443003850105
M15,34,4.0,D1,32,both,0.0,5462,256.52507393596505,-0.17398649857263487,0.6572286704467349,0.966193943591564,0.2997070670084218,-8.017206993376407e-05,-0.032968413008360974,0.577648358882592,0.9931076745800735,-0.32962519290702974,-0.018607038942232812,6703.748070929688
M15,34,4.0,D1,32,both,1.0,4463,211.9228744149766,-0.36653654504962596,0.6943377220700284,0.9239419298929888,0.2980058256777952,-0.00019003784896986684,-0.10691956664931963,0.6756167215562792,0.9762227575911886,-0.5420641494623347,-0.03640727543270428,4579.3585053766365
M15,34,4.0,D1,32,long,0.0,3231,151.94061413673234,0.03152823858305412,0.3551921547177094,1.0079702771115042,0.30981120396162176,1.8357333946872126e-05,0.10610662466995609,0.3352812629772597,1.0279245646447466,0.12934679421797357,0.005736591601868124,11293.467942179617
M15,34,4.0,D1,32,long,1.0,2641,125.42260434273827,-0.20821797064513986,0.43746964860128623,0.9449192182817163,0.30594471790988265,-0.00013390329827545405,-0.006413657912989675,0.45613152744584684,0.9982339893711332,-0.1764550191815163,-0.009177311681875633,8235.44980818481
M15,34,4.0,D1,32,short,0.0,2553,119.90269384081266,-0.2724557580639369,0.52395312363287,0.9215675936246054,0.2890716803760282,-0.0001923465182330462,-0.1457459691962851,0.4551928555204652,0.95477696117404,-0.3520420325202852,-0.020173412863229823,6479.579674797157
M15,34,4.0,D1,32,short,1.0,2074,103.50163956824701,-0.31143736072975003,0.5242566758263892,0.9039599337298411,0.28833172613307617,-0.0002487696425535074,-0.1839490883856734,0.48491026502151646,0.9408984013757297,-0.39026375193806806,-0.024386839596120646,6097.362480619346
M15,34,4.0,D1,50,both,0.0,5482,259.0968555900621,-0.13396035535506154,0.5404176751856753,0.9741900688317175,0.3024443633710325,-6.0837109525327386e-05,0.0383134032209685,0.5130647554776959,1.0080523841218256,-0.120817107665244,-0.006067239313823913,8791.82892334753
M15,34,4.0,D1,50,both,1.0,4500,213.65202131808135,-0.1761817918098162,0.5353805805024692,0.9630351346076219,0.3048888888888889,-9.154762761842293e-05,0.05173842606281564,0.5291094682374274,1.0117621437460769,-0.08987103418905507,-0.0044609957423377145,9101.28965810941
M15,34,4.0,D1,50,long,0.0,3225,152.42381599378882,0.1516810922877349,0.21488202000608236,1.0383849593107686,0.31286821705426354,8.650423769845669e-05,0.24037004154951883,0.23257396462318125,1.0632012383329081,0.5054102458234746,0.01952184875019336,15054.102458234565
M15,34,4.0,D1,50,long,1.0,2627,124.72530222279994,0.07815972776050777,0.19305144033102228,1.0216061212374539,0.31480776551199086,5.0845850488974784e-05,0.2278975227953669,0.19704491987660244,1.064108296971202,0.4734894637733291,0.018574545277418864,14734.89463773308
M15,34,4.0,D1,50,short,0.0,2516,119.75097732603597,-0.3849178367172444,0.5446705755113797,0.8906155529714969,0.287758346581876,-0.00027073724712333385,-0.24018900549394462,0.5605503572020067,0.9247172065817418,-0.5081997018835367,-0.03321378896510496,4918.002981164652
M15,34,4.0,D1,50,short,1.0,2084,104.73046230049533,-0.3470794883547865,0.5232663292786502,0.895007667150121,0.2903071017274472,-0.0002740984911124351,-0.2292436314957353,0.5261577831270222,0.9255285591992247,-0.4719549294966273,-0.031581765640396164,5280.450705033764
M15,34,4.0,D1,80,both,0.0,5468,261.48036135113904,-0.26207690132114986,0.6325177810465921,0.950581027410727,0.3057790782735918,-0.00011685244023606616,0.016307940966723434,0.5983874108295355,1.0033619594810232,-0.23654992997672009,-0.012824070623264072,7634.500700232797
M15,34,4.0,D1,80,both,1.0,4556,227.240065546907,-0.33129065644895983,0.677690715143332,0.9337884425824603,0.3042142230026339,-0.0001642063503718394,-0.057328594702099694,0.7306348959775243,0.9877278205957035,-0.42978935293969833,-0.02762955633973674,5702.106470602968
M15,34,4.0,D1,80,long,0.0,3156,151.25692166382365,0.14035998289709972,0.31450988581647044,1.0349714726624462,0.3181242078580482,8.04929451809441e-05,0.2918197469966714,0.310526666831774,1.0768602730483519,0.727089482555098,0.02653494102485232,17270.894825550753
M15,34,4.0,D1,80,long,1.0,2603,129.83009012699713,0.037883477863397956,0.34668889529333924,1.0099419223028134,0.3161736457933154,2.3971855588304674e-05,0.24137402137101235,0.39400661872363407,1.0663322928627417,0.543242031944249,0.021876809883878634,15432.420319442366
M15,34,4.0,D1,80,short,0.0,2513,120.1719363707777,-0.5121091241939804,0.6218477186046342,0.8570602641541173,0.28849980103462,-0.00034854417150485237,-0.307481355914544,0.6196933921559098,0.9061091243819992,-0.5890282864279495,-0.0416316912210829,4109.717135720494
M15,34,4.0,D1,80,short,1.0,2104,106.18847588779882,-0.515140966855842,0.6356821355231117,0.8475162442548511,0.2884980988593156,-0.0003912680761458073,-0.3787072331804417,0.6740535900596007,0.881400498076497,-0.6293351360162893,-0.04885533764090444,3706.6486398371158
M15,34,4.0,D1,120,both,0.0,5451,264.65210022597364,-0.1586987753474943,0.6451281798652231,0.9698887558546336,0.30398092093193907,-7.081060810353245e-05,0.10856040040422131,0.5017387286493378,1.022224518292735,0.09054489153643952,0.00421715473897466,10905.448915364408
M15,34,4.0,D1,120,both,1.0,4594,229.10410977607864,-0.31179866994428873,0.6815817411280171,0.9378237411104565,0.30060949063996517,-0.00015366221378645048,0.028576778826700223,0.621931550465741,1.0061418642898081,-0.2429425065701596,-0.013783824459278171,7570.574934298404
M15,34,4.0,D1,120,long,0.0,3103,150.65409411139171,0.17180679038309604,0.38505787762892674,1.0427913749671776,0.3206574282951982,9.940762737845304e-05,0.3093877611132184,0.4080250910627249,1.0816032028346703,0.8116720374693336,0.02927174308070013,18116.720374693225
M15,34,4.0,D1,120,long,1.0,2610,130.16145548880394,0.001612999322204842,0.42956605551692784,1.0004195071526776,0.3157088122605364,1.0225611536867696e-06,0.2466836929024791,0.4893733369467572,1.067635189306086,0.6032598493108545,0.02381998952981612,16032.598493108468
M15,34,4.0,D1,120,short,0.0,2495,123.31512178619757,-0.41273475209973465,0.5775121868700657,0.8838379299089912,0.28617234468937874,-0.0002771917447775174,-0.19488453558651112,0.5470350354100748,0.9401468117896069,-0.43880192032731635,-0.02814809012370012,5611.980796726868
M15,34,4.0,D1,120,short,1.0,2105,108.10619375703037,-0.4238043799633823,0.583485069416137,0.8736396691143302,0.28551068883610453,-0.0003164289215738795,-0.231362319100516,0.5692742648826752,0.9258316948261761,-0.4735830800905947,-0.03241667529957026,5264.169199094044
M15,34,1.0,none,0,both,0.0,9196,1471.8838737949168,-2.0718783732417707,0.8643636141211957,0.8185382602775677,0.20291431056981296,-0.00020803462275118589,0.199443155878113,1.000756590603653,1.219290915882044,-0.9999998788970809,-0.9218532894294613,-904.5046924074592
M15,34,1.0,none,0,both,1.0,8007,1022.5722902097901,-1.3541013382751117,0.7997181694241569,0.8584447414813581,0.19920069938803547,-0.00017547384393836366,0.3567187643379383,1.1772610938331602,18.496026193366703,-0.996856342459621,-0.5209311002951167,-587.4675705259132
M15,34,1.0,none,0,long,0.0,11593,1149.3874185667753,-1.049128740677358,0.8109873914999978,0.8821886783158265,0.15716380574484604,-0.0001317015551592173,-0.20142303941230452,1.000066830349414,0.926017658986675,-1.0000677625284848,,-2426.6918276677493
M15,34,1.0,none,0,long,1.0,8133,865.8053774409793,-1.0349906275635832,0.7511975835575148,0.869421312639558,0.15098979466371573,-0.00016098013583191556,-0.8263918744512969,1.000105318157863,0.7838734863157597,-0.9999910953621985,-0.7100272832581538,-1674.8545995188304
M15,34,1.0,none,0,short,0.0,6627,1125.8194186046512,-3.301290153393307,0.8591237926115165,0.7196129607244154,0.23298626829636337,-0.00029097798541789425,0.19554223185426464,1.0000495753343928,1.290476597269018,-0.9999982842778448,-0.8951601487126377,-74.43381138730706
M15,34,1.0,none,0,short,1.0,4699,756.7503306878307,-2.4908232899152827,0.7839241443620232,0.7430038257904992,0.22260055330921472,-0.00029914859245742557,-0.22705301330841943,1.0001376965995643,0.6349986997550645,-0.9999997756427531,-0.9150423825303733,-53.89528956874399
M15,34,1.0,H4,20,both,0.0,9729,1076.823409090909,-1.3483059483911062,0.7893026796254786,0.8573267130835467,0.19796484736355227,-0.00015079129326284676,-0.7059835962923093,1.0008436013256852,0.21764342952513974,-1.00000000000001,,-904.5560419039466
M15,34,1.0,H4,20,both,1.0,7953,854.3627205882353,-1.1519718266000851,0.7266409908109869,0.8649145766446097,0.1912485854394568,-0.00015050826446952946,-0.7214888492482309,1.000341480952562,0.6457887849207887,-0.9998467245391048,-0.6107588134683092,-738.3756388925549
M15,34,1.0,H4,20,long,0.0,7412,570.664629005059,-1.0861745199143737,0.7424927382410427,0.8329939209507535,0.1484079870480302,-0.00017392981423779456,-0.43574123043377605,1.0003751437325816,0.7744794921726194,-1.000377242504563,,-1371.403410778537
M15,34,1.0,H4,20,long,1.0,7382,455.99112125824456,-0.8920907760010081,0.722137717292521,0.8420694329583106,0.14440531021403413,-0.00016601668698424575,0.006009428521542756,1.000684474883291,1.0067419620553166,-1.0006838389960968,,-1108.9562295948992
M15,34,1.0,H4,20,short,0.0,10425,573.7991636528029,-1.0848519215745218,0.7323554779192583,0.8548296189519792,0.23501199040767387,-0.0001213757867143642,0.3361788477534196,1.000072076753763,1.6052706646256225,-1.0000000490189718,,-114.5947101294208
M15,34,1.0,H4,20,short,1.0,9091,477.8367750755504,-1.0043709013187516,0.7182867777140618,0.8539018488503096,0.23231767682323176,-0.00012669758047989123,-0.7001924668325669,1.0001088725879859,0.7209502508626698,-1.0001145645722878,,-110.00902334742963
M15,34,1.0,H4,32,both,0.0,9013,1081.1160098522166,-1.6863607637884435,0.8348622770969343,0.8236589393325803,0.1906135581937202,-0.00019129511953133298,-0.8908672557767232,1.0003801959002638,0.3006541947533598,-0.999876589737782,-0.6602537300968119,-799.5863621906412
M15,34,1.0,H4,32,both,1.0,6101,806.2193379160636,-1.4664143530569447,0.7355223620898479,0.826378046403268,0.18554335354859858,-0.0002089947401988545,-0.8467702310322444,1.0004388436086904,0.528227770193887,-0.9999999999999972,-0.9880724120378027,-477.0746901009392
M15,34,1.0,H4,32,long,0.0,7895,587.42080871868,-1.09938049222948,0.7652876853558445,0.8291724414741981,0.1447751741608613,-0.00017405657335289816,0.23290609740361473,1.0004728286601208,3.7852413873082003,-0.9999997152813799,-0.6741772988990112,-1319.286578151692
M15,34,1.0,H4,32,long,1.0,5832,459.67587397496766,-1.2266480534064523,0.7444441504911223,0.7919443400668517,0.14026063100137173,-0.0002267896517434634,0.1642126628892118,1.0002368387429559,1.545143248817805,-1.0000004535944855,,-926.950621709254
M15,34,1.0,H4,32,short,0.0,9343,565.7378564323607,-1.282127468646198,0.7575275684352023,0.8302871422547661,0.22936958150486997,-0.00014637311605412856,-0.18960196021748255,1.0002829973610894,0.7664109017357705,-0.999999999999978,-0.8510642162263558,-111.36678745708903
M15,34,1.0,H4,32,short,1.0,8967,490.51920772802157,-1.0472398955693165,0.7323205145309271,0.8499304148023061,0.22961971673915468,-0.00013171229852665945,-0.4863363039908439,1.0001526412214348,0.42888440449910115,-0.9999019254021927,-0.39643051272377383,-109.52360280987563
M15,34,1.0,H4,50,both,0.0,10923,1109.4621106785316,-1.287593270031209,0.8100856608575306,0.8619283893057633,0.19271262473679393,-0.0001442359763308336,-0.08565085805898039,1.0004011520786873,0.9548497321343876,-1.0004028716545135,,-1037.3355033658192
M15,34,1.0,H4,50,both,1.0,8430,884.5324619362252,-1.1345781245098718,0.733020593040834,0.8649841426830838,0.1860023724792408,-0.0001494135179518355,-0.04771826628123374,1.0005962388387575,0.9687880091279103,-1.0000000146868482,,-886.3002980844805
M15,34,1.0,H4,50,long,0.0,7400,601.5691075005565,-1.162061760117673,0.7649299310311257,0.8206419808713711,0.1445945945945946,-0.00018658037413723377,-0.4800685839754592,1.0002226548098878,0.6677203098312952,-1.0002236092405115,,-1472.2555214223323
M15,34,1.0,H4,50,long,1.0,5987,493.51201760324983,-1.233869098782168,0.7486091590844619,0.7951456884712552,0.13813262067813595,-0.00022289047561312677,-0.21490668261216878,1.0030645807943852,0.8452791982126543,-0.9999999670310351,-0.7583076455109039,-1151.641116242258
M15,34,1.0,H4,50,short,0.0,10083,561.4048399390243,-1.1249415713791537,0.7356027683290945,0.8486760558310371,0.23326390955072895,-0.00012832864470990922,0.06800855685356846,1.007077938315796,1.086132648270189,-0.99938834215151,-0.33766441819092363,-114.5696843919259
M15,34,1.0,H4,50,short,1.0,8922,472.21569337777134,-0.9694359811627522,0.7046664232423989,0.8575489129027022,0.2302174400358664,-0.00012436503316694112,-0.744427219339415,1.0000203199231676,0.6398769036223735,-1.0000214297972303,,-108.546193007823
M15,34,1.0,H4,80,both,0.0,11144,1120.3815028901734,-1.133779510146411,0.7765116451483833,0.877021487429234,0.19624910265613782,-0.0001271215922467937,-0.20080184976807366,1.00560934152439,0.9108723027390161,-0.999906921327815,-0.6067023853664699,-1227.4593433808711
M15,34,1.0,H4,80,both,1.0,8082,876.99064171123,-1.1282043526888883,0.7431246731420107,0.8647624112869993,0.19017569908438506,-0.0001518653355397059,-0.21641117847100835,1.0041585715834873,0.8485356170291454,-0.9993652541509329,-0.5501734974358955,-793.2191831464015
M15,34,1.0,H4,80,long,0.0,8170,612.6242044754671,-1.0195642510002463,0.7525320919460048,0.8409954481748614,0.14663402692778457,-0.0001623860036448181,-0.5136539630984663,1.0012369341133385,0.5137609641304587,-0.9999940677355755,-0.5944242167194252,-1445.8118642816933
M15,34,1.0,H4,80,long,1.0,5740,506.5317709591689,-1.1376641028037224,0.7175315211043899,0.8104417383978577,0.1402439024390244,-0.00021180947540176627,-0.9197964542880926,1.000677672757728,0.4695744658379974,-1.0000011198008374,,-983.384709199906
M15,34,1.0,H4,80,short,0.0,10103,557.4200528700907,-1.0363125854255655,0.7301358556580129,0.8593041004430664,0.23755320201920221,-0.0001182836352013161,0.024112991211932038,1.0000104051930963,1.0380653713947932,-1.00000005336783,,-113.09949041040639
M15,34,1.0,H4,80,short,1.0,8533,468.6029544429409,-1.048683936319315,0.743421917527028,0.8470840096534992,0.23121996953005977,-0.0001357587976828883,-0.6957874921230356,1.0001702696120864,0.5727754866619619,-1.0000186518541163,,-99.51271859174264
M15,34,1.0,H4,120,both,0.0,9058,1103.1792264088028,-1.5893962853521575,0.8169439129359224,0.8346074889723306,0.18999779200706557,-0.00017964833881380093,-0.6706848667645161,1.0007472752125868,0.5497611964824644,-1.000749476375927,,-955.8378990845054
M15,34,1.0,H4,120,both,1.0,6534,835.33199159958,-1.4543103575631686,0.7417349355009791,0.8309388195702271,0.18441995714722986,-0.00019979920136649695,-0.11547702982459072,1.000376386172688,0.9191428202951013,-1.0001155085233622,,-654.7798545500516
M15,34,1.0,H4,120,long,0.0,6477,620.76207032275,-1.3969476924965212,0.7701263148174302,0.7988731860260254,0.14096032113632856,-0.0002183296614050269,-1.163396985184668,1.00050117188413,0.585627010451606,-1.0005026481289725,,-1240.504453575964
M15,34,1.0,H4,120,long,1.0,5007,516.1746401354784,-1.5218181289561752,0.7462073740955146,0.7699758265808833,0.13501098462152986,-0.0002662694381045437,-1.3043827841344138,1.000088939957013,0.5505541986121129,-1.000088882205627,,-844.8996506237406
M15,34,1.0,H4,120,short,0.0,10360,554.8372434017596,-1.0698736875829127,0.7369579558680598,0.8514053263068901,0.23561776061776063,-0.00012520232133233795,-0.31071875879413996,1.0000286017807871,0.810222059019485,-0.9999336114219116,-0.4026220219926786,-119.59838415329943
M15,34,1.0,H4,120,short,1.0,8982,468.80187196341814,-0.9146315022700673,0.7358174774061138,0.8613613340059745,0.23268759741705633,-0.00012091211458119333,-0.43742928944396114,1.0002716489484131,0.40877543182892956,-0.9999828056713747,-0.43594928306710024,-110.01694982437493
M15,34,1.0,D1,20,both,0.0,9349,1113.0124674054757,-1.5400242865990426,0.8154356598919917,0.8400472257555966,0.18889720825756764,-0.0001731145283610169,0.06720597807913838,1.00025849074322,1.0583066768869425,-0.9998078596869256,-0.6389567669198202,-1053.5516821430078
M15,34,1.0,D1,20,both,1.0,6412,836.1238843270261,-1.5612530577274413,0.7604488551725554,0.8212132113253542,0.18325015595757954,-0.00021540348856562307,-0.1433065134407614,1.0012519105140119,0.8795473742011611,-0.9999999997544784,-0.944169815973716,-680.0706748019454
M15,34,1.0,D1,20,long,0.0,7916,623.2634188402673,-1.06883811325329,0.7436238954677972,0.8441655288805091,0.14868620515411823,-0.00016390936769284433,-0.596794566301013,1.0010893085209311,0.7244742406829545,-0.9999790716108251,-0.5718659069002838,-1499.6275739409646
M15,34,1.0,D1,20,long,1.0,5777,526.7222291562656,-1.321744863423673,0.7494125119190995,0.8006839803451253,0.14228838497490046,-0.0002263923545555368,-0.2506610164550429,1.0002004536517386,0.3057165669863242,-0.9999999417807776,-0.781047654770486,-1001.1339570474893
M15,34,1.0,D1,20,short,0.0,8668,548.8881761442441,-1.2728840190488946,0.7311161493853056,0.8253931566046182,0.2354637748038763,-0.00014768987522784905,0.05263472467100061,1.000077305920497,1.1929266649130221,-1.0000000046543853,,-103.3279394424972
M15,34,1.0,D1,20,short,1.0,7549,442.1539849262347,-1.1771824241201356,0.7147299950604173,0.8229081457243607,0.2299642336733342,-0.00015970673381311012,-0.37380461456549263,1.0001119568067172,0.7833939704837656,-1.0001156004278497,,-92.55238982128452
M15,34,1.0,D1,32,both,0.0,10636,1130.287750945592,-1.2033797595117497,0.7850748994163751,0.8702890072593241,0.1935878149680331,-0.0001373582725954386,-0.320136609179965,1.001102143412774,0.31526003354684407,-1.001156239634064,,-1250.6819159376143
M15,34,1.0,D1,32,both,1.0,7676,844.9846292947559,-1.2343041902197704,0.7673234475037798,0.8516144703207016,0.19007295466388743,-0.0001719253617021221,0.1680891719201359,1.0002601467593537,1.2601028346688117,-1.0000014921473006,,-793.4355091622228
M15,34,1.0,D1,32,long,0.0,8703,634.1054757630161,-0.9240426729229704,0.7649327101205127,0.8586643243213105,0.14891416752843847,-0.00014428413768547592,-1.0722710151925285,1.000035927463148,0.6587065196672371,-1.0000405181147174,,-1586.7567334554813
M15,34,1.0,D1,32,long,1.0,6455,489.1470435684647,-1.1859825409692908,0.7673589009842339,0.8039952386954559,0.1453137103020914,-0.00021642991791458914,-0.27543146142240177,1.0008181184100788,0.8111544871359091,-1.0008283279481969,,-1128.2622878434192
M15,34,1.0,D1,32,short,0.0,8594,531.3963941086846,-1.2878154665413792,0.7313993520607442,0.8220821271500497,0.23667675122178264,-0.00014948515134975097,-0.9924655830533603,1.0000836326817348,0.6697849348301125,-0.9999959380077404,-0.5358697114877211,-105.49620570796367
M15,34,1.0,D1,32,short,1.0,7982,457.680612244898,-1.1631719279100452,0.7427995007949741,0.827832051940437,0.23289902280130292,-0.00015161475549468407,-0.8036768993427389,1.0000811647000156,0.5340594048549994,-0.9999957784900678,-0.5081539157873332,-91.73478082048933
M15,34,1.0,D1,50,both,0.0,9595,1121.8225832266326,-1.2584256252866899,0.7788853164833012,0.863859004060625,0.19124544033350704,-0.00014638338487726107,-0.4799579106759455,1.001040982793154,0.49184885675989654,-0.9999999932846068,-0.8892248535741746,-1126.4321887321667
M15,34,1.0,D1,50,both,1.0,6742,810.5712639894668,-1.2491604319838203,0.7415479713885538,0.8457085130614813,0.18792643132601602,-0.00018158085586085146,0.014860421448051945,1.0003603784616109,1.0093525792430351,-1.00000076839205,,-752.2838654365676
M15,34,1.0,D1,50,long,0.0,9488,627.238371040724,-0.8550953577528567,0.7577428713686599,0.8673408596290877,0.153035413153457,-0.00013113341062770251,-0.4572713416251328,1.000641019636101,0.6033341737641368,-1.0007095181892878,,-1728.5122773407131
M15,34,1.0,D1,50,long,1.0,6707,472.28296703296706,-1.0454716369010917,0.7439735790531181,0.8223604157100698,0.14954525123005816,-0.00019163922569416075,-0.04360007192004667,1.0004577750471475,0.956222090677073,-1.000466747985537,,-1267.9188550394867
M15,34,1.0,D1,50,short,0.0,8230,539.1941704035875,-1.4884396656637153,0.7460790358662858,0.8033975659138115,0.2345078979343864,-0.00016350807016551585,-0.8229932428902403,1.0000489578565337,0.5845647169587872,-1.000000100033065,,-90.1660657859918
M15,34,1.0,D1,50,short,1.0,6462,421.0213164466643,-1.2699475445398578,0.7103050099209591,0.8099953067959385,0.23042401733209533,-0.00017424499294473348,-0.9050003275627995,1.0001564359122583,0.6678118663727173,-1.0001650749818747,,-81.26637514345637
M15,34,1.0,D1,80,both,0.0,9141,1125.6743931220499,-1.6422291148859405,0.8240349460613738,0.831460710561106,0.18717864566240017,-0.00018305708798008557,-0.4571317866142675,1.000131815307411,0.6165256207420265,-0.9999999978961331,-0.9145981188335774,-1086.215576963153
M15,34,1.0,D1,80,both,1.0,7656,884.3624288425046,-1.4770747861630638,0.7879746694675249,0.8350427219823902,0.1893939393939394,-0.0001923612206901662,0.31581886015524113,1.0054252102186803,1.4373727806465078,-1.0000000824774924,,-815.6675093495621
M15,34,1.0,D1,80,long,0.0,9631,630.7553792361485,-0.912688116919718,0.7647455036514078,0.8633178079051802,0.15169764302772298,-0.00013862872376226723,0.09990924444175282,1.0004525659752377,1.1132009016826798,-1.0000000000436777,,-1567.8526140950155
M15,34,1.0,D1,80,long,1.0,6340,515.8576520383159,-1.1728632768534668,0.7480641968018853,0.8181391684299463,0.14763406940063092,-0.00020440877046598298,-0.1689229207997157,1.0023001669858445,0.809347966516815,-1.0000032524895732,,-1141.8580926352677
M15,34,1.0,D1,80,short,0.0,7826,553.8551637279596,-1.6421011351094572,0.7501497541911694,0.7904153361234851,0.23191924354715052,-0.00017401196144577796,-0.5086010060409701,1.0000195612117375,0.5542253192228778,-0.99999708420951,-0.5942445730771488,-62.23882168633946
M15,34,1.0,D1,80,short,1.0,6408,422.3244316131361,-1.3349032225372546,0.7026671373200235,0.8011705855565908,0.2278401997503121,-0.00017893859778975854,-0.1400620114287633,1.0002634490299895,0.8767036139340607,-1.000273339709755,,-71.98596946537263
M15,34,1.0,D1,120,both,0.0,10288,1133.2002412545237,-1.1979367340357245,0.8006987435137637,0.8730350708937229,0.18993001555209954,-0.00013585870805399644,0.34277787982160546,1.000792477264609,2.570052565040651,-1.0008620398958055,,-1301.6253220321016
M15,34,1.0,D1,120,both,1.0,7320,944.0783898305084,-1.5470502082439104,0.7849996186213171,0.8307106307570575,0.18811475409836065,-0.00020039378556126823,0.28056556487877715,1.0001531052656922,2.635005156199788,-0.9999999713342314,-0.893534807067035,-814.6202538965105
M15,34,1.0,D1,120,long,0.0,9886,628.6318767409471,-0.7210013177408275,0.7468427890864169,0.8902633200085445,0.1539550880032369,-0.00011197346605867647,0.22250899637529997,1.0043982400146514,5.206179102820856,-0.9999992926055639,-0.5936392820169563,-1829.7535771966889
M15,34,1.0,D1,120,long,1.0,6593,511.70702294942623,-1.1619082923906814,0.7534693222058426,0.8165201128296232,0.14894585166085242,-0.00020234097330089002,-0.4678780071428623,1.0017924037994126,0.404003607834325,-1.0000512791202152,,-1307.0558694227632
M15,34,1.0,D1,120,short,0.0,6489,540.6266537408759,-1.7100760328782305,0.7369391270021812,0.7783981213469762,0.22730775157959623,-0.00019963227685888964,-0.5139665912933389,1.0148872098698172,0.428073051691463,-0.9999984284599229,-0.6715488594458514,-52.58735530530877
M15,34,1.0,D1,120,short,1.0,5980,452.4953387197017,-1.5427464986428325,0.7177995220634364,0.7816759458145706,0.2285953177257525,-0.00019837922358865304,-1.0566105603866793,1.000032445633408,0.5838679611182526,-1.0000004367430375,,-57.20322861952101
M15,34,1.5,none,0,both,0.0,8600,1230.8581504702195,-2.160719662141731,0.900299278832598,0.8033027897560001,0.21,-0.0002569215756776115,-0.9893271331043929,1.000560961729199,0.48609826803073836,-1.0000004470499482,,-840.1876322258496
M15,34,1.5,none,0,both,1.0,6956,880.6512998266898,-1.6174732980027344,0.8480208867462229,0.8267306730575142,0.20342150661299596,-0.0002468327362691919,-0.5438510061663554,1.000015319956898,0.40818363187724227,-1.0000002459336643,,-549.7231937746753
M15,34,1.5,none,0,long,0.0,11011,1073.0436899679828,-1.2494441835493022,0.857280341521713,0.8654370981943404,0.18263554627190992,-0.0001647255586634769,0.055640990254953795,1.0009368175152678,1.0405268374844874,-0.9998309054427228,-0.5710330972088659,-1937.3255793641652
M15,34,1.5,none,0,long,1.0,7844,813.9264204545455,-1.2582381097717574,0.8156180146229522,0.8482475619648411,0.1747832738398776,-0.00020223462683485106,-0.6605667431575745,1.0000144739630341,0.3570004825383083,-1.0,,-1153.4220914591087
M15,34,1.5,none,0,short,0.0,6577,1074.3511851520573,-3.099731469192679,0.8932253210334974,0.7267496405179393,0.23141249809943742,-0.000332875136000157,-1.0062121170836573,1.0000043872820368,0.7095255634552302,-1.0000043994122803,,-108.1757287985934
M15,34,1.5,none,0,short,1.0,4583,741.0096281540505,-2.465544065565465,0.8371544172856707,0.7397392683438712,0.2179794894174122,-0.0003556627837935725,-0.9516996541786059,1.0002558689285734,0.5699345286392784,-1.00000585326245,,-76.10107650814673
M15,34,1.5,H4,20,both,0.0,11390,996.9320632638389,-1.2721016611957765,0.8412162781724543,0.8647847767607303,0.2057945566286216,-0.00015375319127467063,-0.36948255076393083,1.0026188136470404,0.6801780324657304,-1.0000012315034708,,-987.5329403139451
M15,34,1.5,H4,20,both,1.0,8529,803.3051186178443,-1.1632679115899387,0.7949775548150183,0.8635141067047966,0.2001406964474147,-0.00016521984109358882,-0.5563569257040031,1.000260894228766,0.8607817953976323,-1.0002784587203,,-713.2723132540431
M15,34,1.5,H4,20,long,0.0,8797,522.1163877153072,-0.9372692729211766,0.7745491341836472,0.8536223140744181,0.1757417301352734,-0.00015915029662151762,-0.8072699243014212,1.0026861481396976,0.5025638859061891,-0.9999999694213485,-0.6419058346457251,-1589.0530532483747
M15,34,1.5,H4,20,long,1.0,9008,436.07316103379725,-0.6992414851252888,0.7491014732532488,0.8793493490395908,0.1741785079928952,-0.00013173757083667965,-0.5473888751700264,1.0000554203184453,0.507242032663676,-0.9999997199587998,-0.518292941694906,-917.3081738478555
M15,34,1.5,H4,20,short,0.0,10141,524.4973449447748,-0.9760586171634265,0.7535988763084804,0.862831426046669,0.23074647470663642,-0.0001331582890341125,0.364039547429124,1.0238663164208026,2.1696456832016415,-1.0000000000004547,,-150.90099001146424
M15,34,1.5,H4,20,short,1.0,8881,453.422595750629,-0.868105886153401,0.7302166631244003,0.8692272152751757,0.2283526629884022,-0.00013160732801801352,-0.6263781630831303,1.0001085940417322,0.4889793051936479,-0.999999999646271,-0.6708005939250514,-143.38178190929216
M15,34,1.5,H4,32,both,0.0,10200,1007.1776155717762,-1.6448188736010483,0.8777620401060073,0.8324284869783773,0.205,-0.00019794758569089899,-0.9551873156251248,1.000583581917039,0.5217719061512333,-1.000043813070343,,-803.1951150817182
M15,34,1.5,H4,32,both,1.0,7711,806.5414518900343,-1.5491949369271387,0.8292898484215393,0.8262381920933143,0.19673194138244066,-0.00021836541320168325,-0.3419942482902415,1.0001795397537085,0.7602300110504997,-0.9999999999998189,-0.9535255385527287,-476.7493462096441
M15,34,1.5,H4,32,long,0.0,8822,527.0257605495584,-1.1003524161829101,0.8140068679695445,0.8336754715204407,0.17354341419179325,-0.0001807982378115997,-0.9399871231734426,1.0000703903593944,0.6582988602944869,-1.0000710869896787,,-1085.362050485058
M15,34,1.5,H4,32,long,1.0,6610,413.9040802331562,-1.1662834215380875,0.7860591256020263,0.8066863641422957,0.1686838124054463,-0.00022449130886501478,-0.6389204730392706,1.0000632028786853,0.626618397397876,-0.9999999679857112,-0.6606087495724462,-733.0305758335461
M15,34,1.5,H4,32,short,0.0,9829,520.7488033072237,-1.0350808492250574,0.7677573599049952,0.8543112711511546,0.22993183436768747,-0.00014362814143151646,-0.38071810800587846,1.0000577356160305,0.6761888347094301,-1.0000577191805289,,-154.78960246398776
M15,34,1.5,H4,32,short,1.0,8752,453.49241027096036,-0.8863671351297966,0.7437434122772622,0.8655116044663824,0.22623400365630714,-0.00013590790468036404,0.07827481229016343,1.0004354012110015,1.199562700460658,-0.9999999574651637,-0.584996205325935,-159.30235837714966
M15,34,1.5,H4,50,both,0.0,10485,1025.0659127408994,-1.6023050313788438,0.8781220670675949,0.8363662619756577,0.2022889842632332,-0.00019241132567505287,0.1356276444286675,1.0001851049829507,1.1437180915862306,-1.0000407286992719,,-849.2001520410898
M15,34,1.5,H4,50,both,1.0,8387,826.3695036417589,-1.35306585105853,0.8228314882284168,0.8463637254388215,0.1957791820674854,-0.0001896870887291342,0.09683095234173789,1.0000197817183585,1.1500530461783682,-0.9999999999879849,-0.9160486739360232,-625.7520304532698
M15,34,1.5,H4,50,long,0.0,7106,538.1435828322622,-1.3581149372558092,0.8097634877637264,0.801462122112136,0.17182662538699692,-0.0002247585031181575,-0.31012142950621857,1.0004514644411604,0.6965122233600654,-0.9999999999999999,-0.9383508203572898,-1162.2364972917537
M15,34,1.5,H4,50,long,1.0,6075,425.80958549222794,-1.2890571258590513,0.7834811695799648,0.7895549292154096,0.16724279835390946,-0.00024452934023012175,-0.7639083776770329,1.0004702447950753,0.6903366187495138,-1.0004698348563497,,-880.2577277152609
M15,34,1.5,H4,50,short,0.0,9903,521.8685254653009,-0.9838201724756235,0.7544285131141046,0.8613450420520106,0.22770877511865092,-0.00013645618015190505,-0.5152495723478713,1.0000802365238224,0.8459952436872434,-1.0000803482972451,,-156.23252747702682
M15,34,1.5,H4,50,short,1.0,8985,437.3362539978678,-0.7847777958024303,0.7362604385643399,0.8789934112845704,0.22671118530884807,-0.00012317071172720674,-0.16966842743122038,1.000091061611223,0.8593291231644068,-0.9999999988255768,-0.6324365810986424,-166.43418013460726
M15,34,1.5,H4,80,both,0.0,10344,1031.7165483342435,-1.408172096351905,0.8501249702595064,0.8528782536785572,0.20494972931167826,-0.00017429672741705297,-1.0871071079803318,1.0000206844509045,0.6095299394841851,-0.9999793458505997,-0.6590300410643908,-936.2489492072359
M15,34,1.5,H4,80,both,1.0,8285,831.3451236263736,-1.4235923748877535,0.8425984576987526,0.8374450249492146,0.19589619794809898,-0.00020322752537278805,0.1486069654519909,1.0013809141247307,1.2457683492362988,-1.0,,-557.1478912301773
M15,34,1.5,H4,80,long,0.0,8654,548.7627604166667,-1.0968840878405683,0.8054551661113295,0.8336971609594346,0.1729835914028195,-0.0001800054624723555,-0.5097819042164227,1.0008588594517658,0.48580690907072016,-1.0008642966764556,,-1252.382308372485
M15,34,1.5,H4,80,long,1.0,6284,436.52168124762267,-1.1761516922548116,0.7710608396729111,0.8053660925220006,0.16661362189688098,-0.00022690652589143017,0.14425402242303456,1.0006767541776882,1.6542009218963687,-1.000000000000053,,-840.9191242008235
M15,34,1.5,H4,80,short,0.0,10146,513.4857281418872,-0.91885158314521,0.7746186747981597,0.8687435762515094,0.23418095801301006,-0.0001281506881494585,-0.6717774485581224,1.0000154660920304,0.714329263479652,-0.9999955081553492,-0.46375782044803415,-166.09589413671014
M15,34,1.5,H4,80,short,1.0,8663,435.6547914085089,-0.9086826787356922,0.7681166623755398,0.8604471831962308,0.22855823617684404,-0.0001424679421425024,-0.5687403588780815,1.000777788018459,0.7105053651376703,-0.999991798642132,-0.4450885248965585,-146.85949004251776
M15,34,1.5,H4,120,both,0.0,8432,1032.1005361930295,-1.7589048305449786,0.8638697860680756,0.8184765275432827,0.19971537001897532,-0.0002270006471494269,-0.7948307064460324,1.00019133273668,0.7573666064434585,-1.0001919589125396,,-861.5014054696666
M15,34,1.5,H4,120,both,1.0,8000,833.4284084426697,-1.4437537943743939,0.8367849590775518,0.8345946143444631,0.192875,-0.00020995729156359435,-0.39651755450022647,1.0000613429151697,0.6942129334353523,-1.0000003317389998,,-572.1111992413106
M15,34,1.5,H4,120,long,0.0,8241,553.3134650735294,-1.2390892484635514,0.8183480018511137,0.8160734804227102,0.1709743963111273,-0.00019890863815160654,-0.6203305503833355,1.000240135884505,0.5559277675084809,-1.0002409217787356,,-1190.8934534899108
M15,34,1.5,H4,120,long,1.0,6014,440.82149307646,-1.3609236058002925,0.7917242445880096,0.7829796243948494,0.16461589624210177,-0.0002535480548375087,-0.6200692735694912,1.0011218492779932,0.4713164260712864,-1.0000000000134546,,-808.0541364593148
M15,34,1.5,H4,120,short,0.0,9617,510.4052964254577,-0.974337442768988,0.7614990739426835,0.8575555179448342,0.23084121867526256,-0.00014327017938297893,-0.5454171670182318,1.000177419967987,0.808486587613966,-0.9999618397147664,-0.4172237603225114,-145.54844759084162
M15,34,1.5,H4,120,short,1.0,8925,431.9979128014842,-0.7789530592000579,0.7647653323656991,0.8757889548460093,0.2292436974789916,-0.00012852970156969904,-0.2797851150975011,1.000202470610145,0.8707847904153321,-1.0000082112454944,,-51.15225513402002
M15,34,1.5,D1,20,both,0.0,10926,1056.8648040254238,-1.5359952002701875,0.8825434954884301,0.841202832002897,0.20135456708768076,-0.00018746304209094446,-0.18344405215705523,1.000337385016534,0.8464005590389728,-1.0000016116585568,,-924.4137952569295
M15,34,1.5,D1,20,both,1.0,8599,851.6227630151844,-1.5314797000123275,0.8522269170044376,0.8282522909196113,0.19688335853006164,-0.00021444217799038024,-0.3972200993367266,1.0004054979365669,0.443899745578758,-1.0000057307462702,,-542.6565555515404
M15,34,1.5,D1,20,long,0.0,8997,575.5086252189142,-1.0358609323718293,0.7891049210568635,0.8467688433694716,0.1760586862287429,-0.0001648581271795981,-0.19842215449265427,1.0005576738524682,0.8412244037935047,-0.9999999982273612,-0.7244484246998881,-1488.089711824347
M15,34,1.5,D1,20,long,1.0,6538,468.60370879120876,-1.2846082916210486,0.7926877474095081,0.8003364797122665,0.17130620985010706,-0.00022997381320503165,-0.3420230852951868,1.0027092186266644,0.7422183906362902,-1.001301860241074,,-952.4892900436074
M15,34,1.5,D1,20,short,0.0,8142,496.96950200534764,-1.2708443000551324,0.7929415751573534,0.8171961392625693,0.23102431834929993,-0.00018800877425107992,-0.29832759973379763,1.002561680722234,0.30297408437559475,-1.0003552827935487,,-134.00315010926926
M15,34,1.5,D1,20,short,1.0,7730,421.02333730987175,-1.0908357628685388,0.7659859743491725,0.8305203026353702,0.2319534282018111,-0.0001776431809230111,-0.5783245670989385,1.0021598929057371,0.6093971426554602,-1.0022153514922307,,-128.24688182495393
M15,34,1.5,D1,32,both,0.0,11184,1061.30319563523,-1.3899438705691205,0.8785687714593433,0.8541969931773944,0.20216380543633763,-0.00017046459861391465,-0.3048348776750599,1.0005221566072842,0.7776545982048199,-1.0005808246040384,,-981.2245731483899
M15,34,1.5,D1,32,both,1.0,7814,803.0566966797974,-1.5416544836383583,0.8643594689024972,0.8219617018800601,0.1966982339390837,-0.00022740445768790549,-0.5488013649838598,1.000130828092152,0.34663637084618565,-1.0000000586931292,,-555.0222154932217
M15,34,1.5,D1,32,long,0.0,9180,591.2528654558279,-1.0654540081366837,0.8239527749481576,0.8429678295502704,0.1724400871459695,-0.00017145745863751037,-0.13029775998684712,1.0004692790994012,0.8733738696189205,-0.9999714594846099,-0.49031528537742763,-1363.588808969413
M15,34,1.5,D1,32,long,1.0,6771,454.86624057384586,-1.3091724026328349,0.8230955585123019,0.7909317786015819,0.16659282233052725,-0.00024378503865729232,-0.26574494114773656,1.0001886355324352,0.07509849370818164,-0.9999401420239226,-0.47962909373764184,-804.8255486161423
M15,34,1.5,D1,32,short,0.0,9650,489.87665045170263,-1.089667764526408,0.7856847917524729,0.8414744835510457,0.23512953367875647,-0.0001532786478727544,-0.7449391430691952,1.0000106426346853,0.7926007809119715,-1.0000111050986369,,-171.9238941357843
M15,34,1.5,D1,32,short,1.0,8061,417.33242381289864,-0.9979707175963548,0.7718949538431857,0.8433949325923218,0.23160898151594095,-0.00015926127280241207,-0.30328232814839506,1.0004180584356357,0.8176389935028219,-0.9999878167080551,-0.44335126750948384,-145.6084845191656
M15,34,1.5,D1,50,both,0.0,10344,1058.007840940913,-1.4438245907416605,0.8603606804543691,0.8497885578346028,0.20050270688321734,-0.00017918917604538658,0.17862029771767832,1.000148888676867,1.194743377609145,-1.0001509586519621,,-981.9048291295046
M15,34,1.5,D1,50,both,1.0,8112,813.7621532546004,-1.405292174688158,0.8440758358475722,0.8371434622309338,0.19538954635108483,-0.00020619479348344528,-0.7379158137195363,1.0001937228923834,0.5577183989386112,-0.999999999999914,-0.9510967416217515,-649.4274091351406
M15,34,1.5,D1,50,long,0.0,9035,586.6726666666667,-1.060790840624687,0.8058554900241722,0.8442772384242397,0.17288323187603763,-0.00017042319595746396,-0.47950307615988735,1.0006719063768297,0.5913700047686079,-0.9999999998667665,-0.7715673141243211,-1469.2321885747374
M15,34,1.5,D1,50,long,1.0,6871,448.95040250447227,-1.1753722344425743,0.799979307747577,0.8092750051075958,0.16911657691747925,-0.00022239115919786182,0.3786944143563707,1.0002034101178294,4.603673407319078,-1.0000000065920103,,-1004.0828479862998
M15,34,1.5,D1,50,short,0.0,7882,489.60892857142863,-1.2736642877129416,0.7749030355047459,0.8173553122111431,0.2298908906368942,-0.00018306161070674233,-0.3616953310025398,1.0001144960985808,0.8337797497463968,-1.0001162071306913,,-135.48482840436472
M15,34,1.5,D1,50,short,1.0,7692,410.92628345765684,-1.1020611675988736,0.7848995448391825,0.8283330408435566,0.22763910556422257,-0.0001762948288288719,-0.05544454538858232,1.000370886665373,0.9582771130432577,-0.9999893456739156,-0.4575524654710408,-136.97970153021674
M15,34,1.5,D1,80,both,0.0,8116,1053.061811722913,-1.856032521471339,0.8656715043631281,0.8134973291955249,0.19837358304583538,-0.0002377734212170298,-0.4496536102324624,1.000408288596744,0.11856140703756338,-1.0000004066318027,,-876.198330389302
M15,34,1.5,D1,80,both,1.0,8473,855.3795605306799,-1.501017606577846,0.8563261637417424,0.8318631762010605,0.19721468193083913,-0.00021207249258122304,-0.4409459127738054,1.001275923801419,0.680129465622665,-1.000002630037979,,-670.6649823977153
M15,34,1.5,D1,80,long,0.0,9418,582.150025385006,-1.0367516869672684,0.8116133351291589,0.8477603493731136,0.17381609683584626,-0.00016955969824351984,-0.07405884095393665,1.0006492162192189,0.8677418374779852,-0.9999999999758183,-0.7793180346064749,-1440.746707478034
M15,34,1.5,D1,80,long,1.0,6978,479.1717428087986,-1.1140973222960997,0.785278084852209,0.8244412622792496,0.16924620235024362,-0.00020784064710183142,-0.5758121908297845,1.0002761863110998,0.7164240376119817,-1.0002823573792128,,-1076.7906355708978
M15,34,1.5,D1,80,short,0.0,7727,492.0304654811715,-1.392092771140583,0.794038401549696,0.803270629597966,0.22712566325870326,-0.00019846133794101684,-0.6139531974099639,1.0001152259116142,0.7794606931576507,-0.9999679460731861,-0.4825969358114247,-110.2485315813054
M15,34,1.5,D1,80,short,1.0,6205,394.28953549060543,-1.2353926270785889,0.7686011401330859,0.8064138499847654,0.22288477034649476,-0.00020988403141318932,-0.4792576898582666,1.000306561043053,0.7871158927335323,-1.0003375676270587,,-109.27966973203701
M15,34,1.5,D1,120,both,0.0,9788,1066.8657117278424,-1.383544142428555,0.8527863494570851,0.85531863174571,0.1974867184307315,-0.0001754431824370371,-0.9599346462515914,1.0001773990992715,0.593899637109017,-0.9999504421014417,-0.6605476136620874,-961.2760374102547
M15,34,1.5,D1,120,both,1.0,7578,902.4664166938377,-1.5512713085096237,0.8402672351415392,0.8290601593335051,0.1946423858537873,-0.0002224463961570794,-0.6787690045121854,1.0001941750524082,0.3294098597531651,-1.0000099679271182,,-616.5636856229384
M15,34,1.5,D1,120,long,0.0,12162,590.4001196172248,-0.6505983978430966,0.8149625126566067,0.9021710853125744,0.17891794112810394,-0.00010566997742281648,-0.42765485368518474,1.0013416129391361,0.5251651099649961,-1.0014380349804457,,-1386.1098645808931
M15,34,1.5,D1,120,long,1.0,7323,483.58809437714694,-1.0550278041242451,0.7814435533986291,0.8333327236777394,0.17602075652055169,-0.00019692522985992016,-0.2817872517636774,1.000583907242152,0.3394220791075085,-0.965127418290436,-0.19878293066254327,-1253.0115456348315
M15,34,1.5,D1,120,short,0.0,7378,493.82710280373834,-1.489819433890936,0.8042755531452315,0.7904612356275916,0.22160477094063433,-0.00020882775551227093,-0.9904181909120094,1.000046667135136,0.7684193564851126,-1.0000485811370308,,-86.67210927203921
M15,34,1.5,D1,120,short,1.0,5862,402.6886402106451,-1.4166183474117726,0.7841732780868236,0.7827232533660125,0.2176731490958717,-0.00023420706216363028,-1.0173603106287996,1.0000612063056427,0.5776535162203871,-1.0000532787280652,,-89.56341051711985
M15,34,3.0,none,0,both,0.0,9972,522.1896774193549,-0.9715533762155034,0.9126607751123741,0.869774443449786,0.26103088648215,-0.00023000456134586626,-0.19398056767880167,1.0003258298243176,0.7907242399924768,-1.0000000000001412,,-1151.867573372293
M15,34,3.0,none,0,both,1.0,7919,430.9318757449345,-0.9596495921686965,0.8969859209887319,0.8600093269096603,0.26493244096476826,-0.0002605945563413091,-0.06162394344731053,1.000005311594122,0.9516603977856802,-1.0000056276505596,,-752.5468574798942
M15,34,3.0,none,0,long,0.0,10279,477.0527001270648,-0.18228719256516732,0.7167506276904979,0.9727668175814267,0.26831403833057693,-4.4914621437570935e-05,-0.2123243220532706,1.0028997973610898,0.05706483768485003,-1.0,,2796.3901912301085
M15,34,3.0,none,0,long,1.0,8393,398.4847588717015,-0.3615060038053381,0.7484339411860605,0.9424516400701058,0.26605504587155965,-9.955940737955046e-05,-0.4644232592098411,1.003640568085578,0.6530851130979373,-1.0000000948305325,,221.04219305057075
M15,34,3.0,none,0,short,0.0,9487,478.0144502690027,-0.990113663929486,0.9090874163222461,0.8603486736327425,0.25434805523347737,-0.00023897452688425224,-0.3627689186920088,1.0000815269526138,0.7299521088421186,-1.000081530569421,,-320.14072943865557
M15,34,3.0,none,0,short,1.0,7566,412.45992537313435,-0.8878062315373975,0.8766522554231773,0.8646045480979995,0.253766851704996,-0.0002430741129862905,-0.022651964585379943,1.0000046252949262,0.9724819815421581,-1.000000006330136,,-249.0710982321844
M15,34,3.0,H4,20,both,0.0,8440,392.15239791375143,-0.2500730020932562,0.6244863811699246,0.9580692665056304,0.26255924170616113,-6.938665765015345e-05,-0.19090370233430778,0.9508283357914181,0.9619328965868448,-0.9030111672535075,-0.10273755592366807,969.8883274649688
M15,34,3.0,H4,20,both,1.0,6905,344.4013723883654,-0.33304149636586156,0.6080476540549488,0.9410874940932471,0.2615496017378711,-0.00010199676022712206,-0.2614554971889209,0.931524866960092,0.9506023573557278,-0.8946386742039532,-0.10617154918765581,1053.6132579604894
M15,34,3.0,H4,20,long,0.0,4702,218.58285605192822,-0.19208427719852392,0.4879770940427822,0.9583608781772838,0.2679710761378137,-6.822995233380157e-05,-0.032361606112939596,0.6846618176528665,0.9922671872844158,-0.3201614865776211,-0.017779460041344453,6798.385134223738
M15,34,3.0,H4,20,long,1.0,3797,189.43508400491737,-0.2450722253793326,0.4824845981671716,0.9438785948623812,0.2678430339741901,-9.66197730066743e-05,-0.05660511718616747,0.6490359976060354,0.9863854554446183,-0.3465893590475223,-0.02100718238902044,6534.106409524645
M15,34,3.0,H4,20,short,0.0,4406,204.7184200483399,-0.22176959554358036,0.480463554735138,0.9474373719947468,0.25828415796640947,-8.716335880466201e-05,-0.4087328872944344,0.7271136351387264,0.9075583682533911,-0.6751501349737739,-0.050902035012685865,3248.4986502622296
M15,34,3.0,H4,20,short,1.0,3627,180.92894700901394,-0.2727401649524774,0.5068251323816273,0.9315752619398566,0.2561345464571271,-0.00011836478278553574,-0.44704244000040566,0.7433992480850697,0.8960133987460888,-0.692902640283366,-0.05719185564093299,3070.973597166331
M15,34,3.0,H4,32,both,0.0,8834,410.7202774949084,-0.41693724763481665,0.7079782709195243,0.9310204755047402,0.262848086936835,-0.00011605119631747446,-0.12108129573950699,1.00594325376178,0.8350641034107205,-1.0,,-102.53692820068761
M15,34,3.0,H4,32,both,1.0,7211,359.6146572910977,-0.47927993830971793,0.7196595794470182,0.9157064259812683,0.26168353903758146,-0.00014887886248970004,-0.01830936195122979,1.0040263523760717,0.975031187533855,-1.0000000036354362,,-55.13178148525477
M15,34,3.0,H4,32,long,0.0,4736,220.27556347892525,-0.2818488883793021,0.6044420398698755,0.9397869058297731,0.2690033783783784,-9.99479546822442e-05,-0.014558377708725674,0.8652165757835367,0.9964554095927364,-0.40941126954589413,-0.024196728988368332,5905.887304541285
M15,34,3.0,H4,32,long,1.0,3784,188.78650457587761,-0.37881258651909044,0.6080930605858665,0.9141264448606722,0.26744186046511625,-0.00015065127322209845,-0.13943671929536103,0.9042928087121628,0.9664119240451408,-0.6035971142048187,-0.0451156977463415,3964.028857951816
M15,34,3.0,H4,32,short,0.0,4580,212.96562698917884,-0.2466981275343444,0.4687456347185587,0.9399848551308567,0.254585152838428,-0.0001009616163446183,-0.35505620546174144,0.7701149535100104,0.9025476275221382,-0.7322488663934584,-0.059432317050077454,2677.5113360653972
M15,34,3.0,H4,32,short,1.0,3795,189.2835927898402,-0.21706087293423723,0.480960167595866,0.9435636393481225,0.2532279314888011,-9.892547321247671e-05,-0.3631798919780379,0.7532209404522311,0.8982675671976809,-0.7037075783468418,-0.058867105917680074,2962.924216531564
M15,34,3.0,H4,50,both,0.0,9106,423.9060030588835,-0.3369768172546425,0.711747674173012,0.9443346950786462,0.26026795519437734,-9.349365346679614e-05,0.23019566643180137,1.0002538393973868,1.8809525264061173,-0.9999999999580836,-0.671226173506674,-224.62629302491615
M15,34,3.0,H4,50,both,1.0,7447,371.38404560349534,-0.42955349097768925,0.7254410349357607,0.924946623054367,0.2571505304149322,-0.0001324850643765832,0.07685837610248746,1.0026836794461176,1.1803412224404628,-1.0010126761079312,,-242.6311334354647
M15,34,3.0,H4,50,long,0.0,4888,227.63508861405072,-0.10115721755852093,0.48072222003727605,0.9777033083995624,0.26698036006546644,-3.6250074248318336e-05,0.017759657611577183,0.752478584761306,1.0042761992772187,-0.20402918981011653,-0.01057071352688177,7959.708101898863
M15,34,3.0,H4,50,long,1.0,3912,195.1725174156536,-0.24450069873800048,0.5125000245423577,0.9431922409747018,0.26099182004089977,-9.771020843797382e-05,-0.09615792500792135,0.8284333012947831,0.9766404633989137,-0.4858750376328913,-0.032646945281118556,5141.249623671115
M15,34,3.0,H4,50,short,0.0,4617,215.0968431122449,-0.32722238498763356,0.5849410348220193,0.922012730106045,0.25232835174355644,-0.00013423390464867424,-0.43992319619566495,0.8635522267225497,0.8772208708592067,-0.8391339333122751,-0.08160236354227224,1608.660666877241
M15,34,3.0,H4,50,short,1.0,3835,191.27867677181482,-0.34709054930131655,0.5977807059204199,0.9123230884521261,0.2513689700130378,-0.00015763060385605708,-0.4905828260467522,0.8395571726138928,0.8735206209021329,-0.8103314738616486,-0.07957480503978065,1896.6852613835013
M15,34,3.0,H4,80,both,0.0,9353,436.1270585982382,-0.30583915564141473,0.7528234337761086,0.9502698382419333,0.26355180156099645,-8.3948064342521e-05,-0.3715341232660583,1.001409684121805,0.7336574020710668,-0.9999999949962036,-0.5898513387279055,-108.22693750490095
M15,34,3.0,H4,80,both,1.0,7620,380.0116056799563,-0.5355573691326899,0.7909525820934735,0.90858871575915,0.2566929133858268,-0.00016304477724351932,-0.7313243372261328,1.0000501416690857,0.7348074889077117,-1.0000171900856412,,-512.7866143719205
M15,34,3.0,H4,80,long,0.0,5116,238.89273843006904,-0.2965771406799432,0.6253955503266981,0.9381675209060188,0.2599687255668491,-0.000102685798205307,-0.06495772927577245,0.925606800060025,0.9839176787568783,-0.5921701899352969,-0.04101628950486491,4078.298100647209
M15,34,3.0,H4,80,long,1.0,4090,204.0530665209671,-0.49643990620986284,0.6731375757209552,0.8912818818977547,0.25207823960880194,-0.00019120790341926042,-0.18136689551144722,0.9687837598235381,0.9538767656528649,-0.7912360899176294,-0.07518020781853485,2087.6391008237106
M15,34,3.0,H4,80,short,0.0,4495,209.60024894676368,-0.12720132373198687,0.5074733201168574,0.9685080248772442,0.2671857619577308,-5.389346178426621e-05,-0.29305331872585333,0.7404246872505327,0.9117620676333233,-0.6679513564805859,-0.0501089268499707,3320.486435194097
M15,34,3.0,H4,80,short,1.0,3750,187.06466812346355,-0.23319308057693797,0.5374538344927199,0.9395125688832712,0.2618666666666667,-0.00010872782883749554,-0.364102676777859,0.7793147954805117,0.8931148872533425,-0.7308693672782145,-0.06337805007174369,2691.3063272178347
M15,34,3.0,H4,120,both,0.0,9497,443.97532957890695,-0.27443347601755563,0.7030656174228012,0.958026074798645,0.2630304306623144,-7.051039405473101e-05,-0.31876372356613075,1.0002712056707073,0.8242949584330396,-0.9999839425977063,-0.4031432972611867,1570.2618081055268
M15,34,3.0,H4,120,both,1.0,7770,387.4921490988531,-0.4203814544203355,0.715714067657006,0.9326318989568239,0.2588159588159588,-0.00011902798861279561,-0.3140240391492492,1.000705147321831,0.7568007256977167,-0.9452488926927259,-0.13486618159126917,639.3194723622021
M15,34,3.0,H4,120,long,0.0,5226,244.4041613316261,-0.2795999767803067,0.6107925959406388,0.943786336937564,0.26406429391504016,-9.264017907243278e-05,-0.035173861414271784,0.8712918054518873,0.9918603556095905,-0.496334146772513,-0.03156582019678156,5036.658532275075
M15,34,3.0,H4,120,long,1.0,4204,209.74060920639258,-0.4742881668318474,0.6507738927933913,0.9008722868331773,0.25903901046622263,-0.0001725096529186959,-0.18775036151240124,0.9131797253663007,0.9568250121202162,-0.7150329768993324,-0.06071084627125922,2849.670231006671
M15,34,3.0,H4,120,short,0.0,4497,210.66169680646402,-0.1619191539612084,0.391997143759513,0.9633200796139816,0.2612853013119858,-6.286598649371349e-05,-0.21730108121295713,0.5704355481681751,0.9507633912991059,-0.46970773773441876,-0.029277859608090706,5302.922622655783
M15,34,3.0,H4,120,short,1.0,3755,187.2885088078656,-0.1738377054847142,0.411992569567351,0.9583951770082884,0.25778961384820237,-7.443658472308393e-05,-0.23263649984210438,0.5852241149963374,0.9458284918919481,-0.47079142822819586,-0.03124198226583752,5292.085717718007
M15,34,3.0,D1,20,both,0.0,9748,455.7093306028414,-0.35208274649805216,0.7409661945904567,0.9473028327546067,0.2654903569963069,-8.846939926708899e-05,0.2597468626231753,1.0075065563490395,1.1473326400880026,-1.007162496502296,,941.337805902856
M15,34,3.0,D1,20,both,1.0,8009,399.4111482796286,-0.5299762119458405,0.7783454891755254,0.9174716914054108,0.2624547384192783,-0.00014526724768896838,-0.11207822369079759,1.0000500783275537,0.8012825894572946,-0.9999999883625461,-0.5979111404635014,67.3039462728072
M15,34,3.0,D1,20,long,0.0,5551,259.53696236559136,-0.09066047762558974,0.4546545721724313,0.9818759562503556,0.2695009908124662,-2.9486564499578712e-05,0.09293738141835216,0.6263943404197523,1.0206618196063515,0.044052629992896275,0.002017635739510304,10440.526299928828
M15,34,3.0,D1,20,long,1.0,4487,223.7985456780008,-0.3287709368985709,0.5591267044556847,0.9322260532528099,0.2663249387118342,-0.00011581859097973139,-0.049853579994157876,0.8513121935107764,0.9885834482930721,-0.4709126128462623,-0.03125304810562457,5290.87387153743
M15,34,3.0,D1,20,short,0.0,4708,220.545979222778,-0.48365961349811676,0.6087003027409477,0.8978943945048504,0.2574341546304163,-0.00017723839666569234,-0.47016405730833377,0.7980380229858345,0.8991974958614607,-0.7892341901035326,-0.07034146909816574,2107.6580989646536
M15,34,3.0,D1,20,short,1.0,3924,195.7712061193826,-0.4826750267956753,0.6028830027664069,0.8925360216020964,0.2558613659531091,-0.00019501670710901485,-0.5717368107882775,0.8259186227364288,0.8776637808415212,-0.8144177299003497,-0.0805952257864826,1855.8227009964958
M15,34,3.0,D1,32,both,0.0,9846,462.36198251478527,-0.4015326010315826,0.783029032668966,0.9389704292340066,0.26071501117204954,-0.00010318748739537303,-0.2460876654175459,1.0017181398527744,0.7922159252964402,-0.9999999999999968,-0.7913785697018075,-449.9355706453309
M15,34,3.0,D1,32,both,1.0,8103,384.7160730534252,-0.6110180409981832,0.8260263680314666,0.9010039961841244,0.2576823398741207,-0.00017574722689366057,0.041120594997809984,1.0008607191054797,1.0873971737114287,-0.9999999517319831,-0.550599943029616,-634.3080618161753
M15,34,3.0,D1,32,long,0.0,5715,268.7528968713789,-0.24793385083100353,0.581292655203256,0.9506379833954043,0.2594925634295713,-8.239908375594834e-05,-0.1130926760855101,0.8156128046861717,0.974922853037317,-0.6179455709711077,-0.04423951260659009,3820.544290288977
M15,34,3.0,D1,32,long,1.0,4711,223.72809127551685,-0.4870689619577164,0.6270119569545973,0.8980072355611269,0.2555720653789004,-0.00017837628647443112,-0.23445332295135926,0.9017367923330627,0.9467345657886915,-0.8245209431383084,-0.07932187255708945,1754.7905686169547
M15,34,3.0,D1,32,short,0.0,4495,211.08237978914886,-0.3852106623914661,0.5820219102715916,0.9139118549998482,0.260734149054505,-0.0001473866412894332,-0.4016362284414714,0.7315034197630099,0.9089843485684496,-0.701516842990569,-0.055194169624444234,2984.831570094274
M15,34,3.0,D1,32,short,1.0,3677,183.4732581967213,-0.4452699218153567,0.6048536911220419,0.8944469650945168,0.2586347565950503,-0.0001903569249059228,-0.48669046452421666,0.7695143300680048,0.8876031743438721,-0.7434899393580578,-0.06563671957649209,2565.1006064194103
M15,34,3.0,D1,50,both,0.0,9828,464.5027173913043,-0.5065832686426335,0.8077839200892738,0.924435673098538,0.25844525844525845,-0.00012784872581192476,-0.05736884343842698,1.0013362785537845,0.9475294556567808,-1.0015635071665279,,-836.7854081429728
M15,34,3.0,D1,50,both,1.0,8122,385.61815936565705,-0.6272613040757435,0.8122700387713198,0.8992937394409887,0.2570795370598375,-0.00017882102897651066,-0.00011872114783113045,1.000110816200274,0.9997312708013119,-1.0000000000751075,,-749.651757431129
M15,34,3.0,D1,50,long,0.0,5697,269.25844332298135,-0.20358350082173868,0.5539730707619979,0.9596230805940046,0.2583816043531683,-6.707715234633681e-05,-0.03738473551459558,0.8236107146823408,0.9915103832765658,-0.48185081717121525,-0.030597308271973045,5181.49182828814
M15,34,3.0,D1,50,long,1.0,4671,221.77079812816845,-0.38553573749131254,0.5679062633290798,0.9183367046517809,0.25604795546992076,-0.00014200693788957302,-0.12146436380242126,0.8735309999140424,0.9713143205207845,-0.6771157163576563,-0.052257366257998816,3228.8428364234815
M15,34,3.0,D1,50,short,0.0,4415,210.13535965598123,-0.5821306015396632,0.6477564001163223,0.8738225223828555,0.25662514156285393,-0.0002178734806708943,-0.5598733639248379,0.8318089255465756,0.8779446234201986,-0.8246186333711878,-0.07951481260621185,1753.8136662881275
M15,34,3.0,D1,50,short,1.0,3684,185.1377270225647,-0.5678173914676139,0.653616294684703,0.8695346496123656,0.255971769815418,-0.00023715065306793945,-0.6091188875620133,0.8347361862749353,0.8645943731795391,-0.8211539412342979,-0.08286409823319763,1788.4605876570033
M15,34,3.0,D1,80,both,0.0,9784,467.8719560094266,-0.6076259908785671,0.8182676400127258,0.9112892220278885,0.2607318070318888,-0.0001506987573717859,-0.35864465739742424,1.0077815821218372,0.46332522467779447,-0.9999999999999999,-0.8248433361581706,-90.2056137274449
M15,34,3.0,D1,80,both,1.0,8190,408.43767067176407,-0.7605182054633881,0.846149631957232,0.8838965404241249,0.2576312576312576,-0.0002062133871572503,-0.543059406152692,1.0001186094422756,0.4658864921644246,-0.9999999999999997,-0.8318866265040546,-150.41616864397386
M15,34,3.0,D1,80,long,0.0,5563,266.61668416218345,-0.20903747848978313,0.5187925069838888,0.9591277897195003,0.2633471148660795,-6.9318227704388e-05,0.033164504977110765,0.7060730653514378,1.00720231693734,-0.22681048086966038,-0.012252576390709535,7731.895191303668
M15,34,3.0,D1,80,long,1.0,4627,230.7813396149119,-0.3624537033888775,0.5562243474974062,0.9265625083973676,0.26042792306029827,-0.0001302256678869943,-0.029208761906928997,0.7772130824266368,0.9934742373682862,-0.4194171710970973,-0.026754889459153053,5805.828289029154
M15,34,3.0,D1,80,short,0.0,4448,212.70384917517677,-0.6121356307134517,0.6560740332391384,0.8672059693201721,0.2589928057553957,-0.00022473620198387012,-0.5339152193944173,0.8339962140086691,0.8837108955613259,-0.8306828296151774,-0.0814212443520076,1693.1717038482238
M15,34,3.0,D1,80,short,1.0,3737,187.9046324339207,-0.6829093678627628,0.6925272806310259,0.8443089034009281,0.25555258228525557,-0.00027630268098905976,-0.703430751357351,0.8878289864493979,0.8466585105650548,-0.8800455628815836,-0.10114238577220802,1199.5443711841601
M15,34,3.0,D1,120,both,0.0,9713,471.5769307457131,-0.4808030118595726,0.8212228990554237,0.9290981107920463,0.26078451559765264,-0.00011984173799744231,-0.3828771746992533,1.001437488387718,0.5009988468229973,-1.0000000000011524,,111.07274043660499
M15,34,3.0,D1,120,both,1.0,8237,410.7815742763517,-0.7153722116502648,0.8496310700734873,0.8902679877925767,0.2573752579822751,-0.00019402268865330015,-0.046488034540844304,1.0002210367876134,0.93783524797644,-0.9999999999999648,-0.7866753383283654,183.2261461022376
M15,34,3.0,D1,120,long,0.0,5525,268.2448823607603,-0.09093801254628815,0.574931214959546,0.9820215450146397,0.26678733031674207,-3.019422632214192e-05,0.09919544841981319,0.7512244090783913,1.021650351330297,0.024327609645671933,0.0011676754289016156,10243.276096457064
M15,34,3.0,D1,120,long,1.0,4685,233.64230611687603,-0.33992162268671466,0.6122885022679863,0.93089414618154,0.26147278548559233,-0.00012098306731303003,0.010824747437857893,0.8337869445254825,1.0024572781896968,-0.3542536655073205,-0.021574564054226752,6457.463344926827
M15,34,3.0,D1,120,short,0.0,4370,215.95758354755785,-0.5970321607925211,0.6472730551836196,0.8714228904040475,0.25446224256292904,-0.00021834224223217028,-0.565062180869321,0.8399569756605413,0.8810747998139284,-0.8272919181214823,-0.08312663679372034,1727.0808187851626
M15,34,3.0,D1,120,short,1.0,3696,189.25613346418058,-0.6290287721923468,0.6649788398949978,0.8567352334559145,0.25405844155844154,-0.00025520326101268246,-0.6487877907589502,0.8556094567102579,0.8590879377605857,-0.8442270356592739,-0.0908175976687553,1557.72964340723
M15,34,2.5,none,0,both,0.0,11226,707.9241194751381,-0.9917993589868511,0.9032199339305412,0.8803558057387616,0.2392659896668448,-0.00017994914503961513,-0.5641213107249927,1.000482565987842,0.7999939018405625,-0.9999670707905659,-0.47840470865487916,-1272.6047726181973
M15,34,2.5,none,0,both,1.0,6629,581.4702809798272,-1.3220798587348874,0.8822051096786306,0.8335234136349209,0.23201086136672197,-0.000288284787706691,-0.6979036827538938,1.0081499277181716,0.35661876716738633,-0.9999538402064075,-0.5834319389478458,-691.5196050610224
M15,34,2.5,none,0,long,0.0,13915,645.8009847522236,-0.44190467344209666,0.8500373701013517,0.940806014562808,0.23643550125763566,-8.169620026595623e-05,-0.4020029260857181,1.000142880247944,0.7818585694243003,-0.9999796267025698,-0.3942525854742478,-1019.8944746322417
M15,34,2.5,none,0,long,1.0,8901,523.1880028966849,-0.9473303178854655,0.8536821403659789,0.8654744924811814,0.22548028311425683,-0.00020300716106171613,0.16968663531916037,1.0011018583866789,1.3267680607287229,-0.9999856013042643,-0.48070614303441916,-1551.7122147969435
M15,34,2.5,none,0,short,0.0,10442,647.7480468750001,-1.2780179430398095,0.9170605912754434,0.8433914857848506,0.23855583221605056,-0.000227683869571113,-0.19896807996379048,1.0000618339229088,0.9285122121305098,-1.0000619723791617,,-243.13029417427603
M15,34,2.5,none,0,short,1.0,7923,507.34147089761575,-1.1356924222996008,0.8821012272039687,0.8429168430029139,0.23425470150195632,-0.00024495439859587183,-0.4691117691343373,1.0002284854293615,0.7498892657463186,-0.9999457610478739,-0.46684824722842155,-182.59538087450403
M15,34,2.5,H4,20,both,0.0,12015,558.188597049097,-0.5105965543428146,0.7667539353325796,0.9273828677918251,0.23653766125676237,-0.00010038798689463485,0.10264474850814007,1.0003891266200733,1.3678786503948837,-1.0,-0.8711132391164569,-1275.4666361695463
M15,34,2.5,H4,20,both,1.0,9892,469.77675204784816,-0.5527159415453768,0.7557651393773026,0.9151586118427758,0.23453295592397896,-0.00012228289785329373,-0.6688823474356957,1.0000564712330104,0.7440830046624584,-0.9999996698276143,-0.5077323666815781,-781.8329670502306
M15,34,2.5,H4,20,long,0.0,6545,304.2200623568338,-0.3677623463849638,0.6219535054470712,0.9294478438248763,0.23376623376623376,-9.649425309238531e-05,0.0075319668551199655,0.9625933854081943,1.001953797686983,-0.7641880276314976,-0.06494738417148482,2358.1197236850708
M15,34,2.5,H4,20,long,1.0,5313,265.06942357601423,-0.39421663215937647,0.5943391956124672,0.9201079792566419,0.23376623376623376,-0.00011373173835700302,-0.10417377376769858,0.9032572278249134,0.9754677034653393,-0.7218310333313869,-0.06184163156335876,2781.6896666862094
M15,34,2.5,H4,20,short,0.0,6291,292.26504070211143,-0.37731103623840534,0.5712704420776138,0.9252767091582081,0.2409791766014942,-0.00010308967588021303,-0.5801537396989559,0.8602606046397333,0.8843500356707144,-0.8400476930133729,-0.0816266467298512,1599.5230698662758
M15,34,2.5,H4,20,short,1.0,5211,247.47337797425564,-0.40865118967968517,0.5878890245855124,0.9125421220964987,0.23584724620994052,-0.00012635258025015328,-0.602186746826764,0.8658804705378331,0.8738927986648035,-0.8431237405242581,-0.08420861996613671,1568.7625947574024
M15,34,2.5,H4,32,both,0.0,12423,577.584107688391,-0.4803791694276206,0.7654812386959053,0.9295696424785291,0.23883120019319004,-9.807507461735946e-05,-0.22135249920100425,1.0009471724895067,0.7270125288594389,-1.0000010296417359,,-787.1969355638458
M15,34,2.5,H4,32,both,1.0,10213,484.9581708268331,-0.5189699087021504,0.7589869097447854,0.9171040041225701,0.23430921374718497,-0.00012044026994234579,0.1254343982590297,1.0011053536206278,1.1539528754401203,-0.9999989130708591,-0.4790301411825534,-488.70266654833495
M15,34,2.5,H4,32,long,0.0,6604,307.15790143894054,-0.32685479384546035,0.644609930131609,0.9371980352650521,0.23758328285887342,-8.608095388912309e-05,-0.24226895258079184,1.0001929606364857,0.7591777371753057,-0.9022142916004898,-0.10249513367497898,3581.5346014007146
M15,34,2.5,H4,32,long,1.0,5321,265.4685493785002,-0.4708591476646583,0.675091712169523,0.9049280476770125,0.23491824844953957,-0.00013657024816391086,0.04776895152410443,0.9948578782052737,1.0150809601374935,-0.7756133740446269,-0.07184444552600011,2243.8662595537758
M15,34,2.5,H4,32,short,0.0,6419,298.4773711012094,-0.36326391836980065,0.5694004534577116,0.9231326424325006,0.2400685465025705,-0.00010776756480887141,-0.39501034061178514,0.9174213270885907,0.8886177511523182,-0.899424695549805,-0.10129573967676297,1005.7530445019457
M15,34,2.5,H4,32,short,1.0,5359,254.46889625585024,-0.2961225917084256,0.5615104498082355,0.9311874356648838,0.2336256764321702,-0.0001004177001251224,-0.3757056615065249,0.908191784046278,0.8817194367159877,-0.8832210145524464,-0.09694464382906642,1167.7898544755178
M15,34,2.5,H4,50,both,0.0,12688,590.6566403262809,-0.45450701818861955,0.7750144042895892,0.9363877650972878,0.23604981084489282,-8.840050926357714e-05,0.07826037300009868,1.0295696186101162,1.1737774641750722,-1.0,,-639.640485856315
M15,34,2.5,H4,50,both,1.0,10437,495.5946762870515,-0.46803449065553776,0.7704107662440409,0.9289160084101405,0.2330171505221807,-0.00010317430465820913,-0.1819132845540088,1.0001489432291382,0.7746414485908089,-1.000000029066741,,-264.21580500098025
M15,34,2.5,H4,50,long,0.0,6755,314.5816333035828,-0.3361567817419831,0.6253250570042885,0.9352267068958009,0.23345669874167282,-8.859292388274867e-05,-0.08431201113263657,1.00382148933492,0.9447449513595796,-1.003638751850147,,2509.973551175697
M15,34,2.5,H4,50,long,1.0,5458,272.30357874607296,-0.4210389779733,0.6307086134585458,0.9142877586988861,0.23103700989373396,-0.0001227066595217144,0.1321264084716433,0.9979273313139406,1.0640642369224773,-0.8285581654457997,-0.08422342169814867,1714.418345542034
M15,34,2.5,H4,50,short,0.0,6427,299.42114158163264,-0.39658402125945974,0.5632281471303751,0.9231097495967827,0.23728022405476895,-0.00010843260692550465,-0.5278174020099301,0.8553340806430005,0.8960032151102252,-0.8400405328297511,-0.0818441463714984,1599.5946717024756
M15,34,2.5,H4,50,short,1.0,5364,254.7063182527301,-0.3454253515836934,0.5698378163659588,0.9272902857487028,0.232662192393736,-0.0001071324478318264,-0.4842883076546487,0.8221999925048057,0.8986822762929343,-0.7926024077718091,-0.07197679770078935,2073.9759222818884
M15,34,2.5,H4,80,both,0.0,12940,603.3875909613175,-0.48881486466426444,0.8234485213822152,0.9307345753063202,0.2384080370942813,-9.745892994048698e-05,0.2057056433679472,1.0150961344321265,1.4358188853012586,-0.9991531017733774,-0.2809718982807998,-1254.8850447265092
M15,34,2.5,H4,80,both,1.0,9309,495.9323585180863,-0.7646501842198914,0.8304292387009673,0.8868887976363378,0.22827371361048449,-0.00016878441627555206,-0.6338420596595287,1.0383904263513875,0.6203617762049193,-0.999999977816802,-0.6089446492821906,-994.5387372981066
M15,34,2.5,H4,80,long,0.0,6965,325.2321976476604,-0.3687683367471665,0.674858676558059,0.9305627697248217,0.22972002871500358,-9.597862609690324e-05,0.0745200249493312,1.001782928510147,1.115081336810456,-1.0018472699765646,,2232.414092083854
M15,34,2.5,H4,80,long,1.0,5615,280.1364226198607,-0.5126130454973542,0.7016957807391243,0.8983090573433641,0.2251113089937667,-0.00014743938448184715,-0.08518122234368593,1.0054395016790951,0.9031589970912648,-0.9835718843377285,-0.1853437782485723,1213.0723032933724
M15,34,2.5,H4,80,short,0.0,6331,295.2122749904251,-0.3317681342435334,0.6452551179708159,0.9311455425686419,0.24735428842205023,-9.822480115602802e-05,-0.4793987264028366,0.9222942855640154,0.8719401756724766,-0.9021411839624367,-0.10271163670727068,978.588160375617
M15,34,2.5,H4,80,short,1.0,5317,252.4745514820593,-0.39682514506614625,0.65617862462347,0.9114119596351359,0.2396088019559902,-0.0001325162865746726,-0.5201918641239643,0.9548586430481498,0.8472466731666333,-0.9443094628536645,-0.1281451588241288,556.9053714633499
M15,34,2.5,H4,120,both,0.0,13094,612.1315115832587,-0.44052043159778737,0.8040615686551377,0.9394024879804939,0.23644417290362,-8.496785885958098e-05,-0.3540733578206071,1.0002838543262258,0.7588300527616177,-1.0003210870492831,,-514.8013548907828
M15,34,2.5,H4,120,both,1.0,10786,512.1667316692668,-0.5295612201852825,0.8119467617024381,0.9214972278784347,0.23243092898201373,-0.00011504505336507525,0.12433262848872412,1.0003646574221285,1.354354074930921,-1.0000000002511513,,-203.06976459085104
M15,34,2.5,H4,120,long,0.0,7062,330.26830985915495,-0.35015949563017346,0.6663655772672201,0.9341917386954951,0.23152081563296517,-9.061105477091811e-05,-0.19370475286718086,1.0014381773211218,0.732181982235322,-1.000001620865749,,2953.5809900771583
M15,34,2.5,H4,120,long,1.0,5726,285.67429312935394,-0.533876216380814,0.7001131833050859,0.8957096329696494,0.2279077890324834,-0.00015087666043091087,0.11648988808313002,1.0007274544509361,1.1700200250827055,-0.9999999999841002,-0.7107658355816633,1392.0075023386198
M15,34,2.5,H4,120,short,0.0,6303,295.1879407616361,-0.3467391646786361,0.5293616799652663,0.9319930861555843,0.2397271140726638,-9.722171278021266e-05,-0.37168834015048313,0.7743986302367184,0.9240359015227791,-0.7393868551831024,-0.06103501348495455,2606.131448168954
M15,34,2.5,H4,120,short,1.0,5292,251.28744149765993,-0.2940839874913525,0.5492512015303919,0.9370472718712675,0.23507180650037793,-9.329410809362492e-05,-0.3429252032836084,0.7561708495761799,0.925846100119205,-0.6861413890548587,-0.0535390098333286,3138.5861094514003
M15,34,2.5,D1,20,both,0.0,13350,624.0992576475105,-0.6513503169438433,0.8641183316068135,0.9145115458339048,0.23685393258426965,-0.00012009346496753902,-0.29424240249737743,1.000780714192044,0.6631165710504935,-0.9869606314075831,-0.18362421604032597,-1131.096924223069
M15,34,2.5,D1,20,both,1.0,8160,499.82223712896194,-0.9933493074612539,0.8520984235272092,0.8600537222755706,0.2269607843137255,-0.00021753984868369143,-0.779229800334971,1.0001886608591029,0.4070792180108902,-0.9999999997337751,-0.7408683939506739,-956.8136088673035
M15,34,2.5,D1,20,long,0.0,7417,346.7817780337941,-0.3187740005273579,0.6540490407511776,0.9428347182561586,0.23661857894027236,-7.839782479482898e-05,-0.10767221837245876,1.002492902691513,0.9341712334619593,-1.0027044052853384,,2977.144622439086
M15,34,2.5,D1,20,long,1.0,6075,303.00337976239246,-0.6165572718393454,0.7304833943505614,0.887457417339012,0.23390946502057613,-0.0001615561195588677,0.1257416521336151,1.0002605940192155,1.1257622384628958,-0.9988965455343382,-0.2879652856263849,564.9221618616585
M15,34,2.5,D1,20,short,0.0,6445,301.9156406310119,-0.6865416259482203,0.7075864840208019,0.8739329985048238,0.23630721489526765,-0.00018100623271601808,-0.6099786528292545,0.9133478817662205,0.883038679597101,-0.9134871433460481,-0.1083229137455547,865.1285665395237
M15,34,2.5,D1,20,short,1.0,5379,255.41858424336976,-0.6240195763790645,0.6695003781134403,0.8753198572363565,0.23294292619445994,-0.0001864593528112774,-0.6627370300301666,0.9130860192036362,0.8697819842957802,-0.9100112304518593,-0.10805051267303722,899.887695481396
M15,34,2.5,D1,32,both,0.0,13429,630.6174145024428,-0.6946690516187844,0.8887718664908361,0.9079452763125375,0.2340457219450443,-0.00012933759806993487,-0.3459849790314847,1.000520657521868,0.40704717825944836,-1.0000002684283191,,-1820.5276018002621
M15,34,2.5,D1,32,both,1.0,8239,503.56337851405624,-0.9876102562223127,0.8729586474159036,0.8579876454708854,0.2241776914674111,-0.00022080193776966153,-0.5259238530830651,1.0000867137985894,0.7267327787645669,-1.0000074745464216,,-947.4519908515801
M15,34,2.5,D1,32,long,0.0,7711,362.5698699794027,-0.4977350885768165,0.729812651946456,0.9113284582351492,0.22876410322915317,-0.00012321615421722725,0.0035895466106148828,1.0000740093661376,1.0070112496923007,-1.000013294716349,,-278.4087148625048
M15,34,2.5,D1,32,long,1.0,6396,303.74970745026656,-0.7773998188780881,0.7751545370846952,0.8554477110852062,0.22467166979362102,-0.0002094551705690582,-0.2326054765307504,1.0001439306804896,0.17688237531576748,-0.9999999990678382,-0.6274916915217619,-466.30103781839705
M15,34,2.5,D1,32,short,0.0,6112,287.0156852661352,-0.5593827148048667,0.6841758576994222,0.8935276258954307,0.23887434554973822,-0.0001510485568070617,-0.6712174292995007,0.9120237902221545,0.8694842108878517,-0.9013241784036703,-0.10304889772428572,986.7582159632889
M15,34,2.5,D1,32,short,1.0,5055,252.23206967213113,-0.6112394174608816,0.6859220791981373,0.8771647052035954,0.23402571711177053,-0.00018316328049431188,-0.7519257954897262,0.9212267339218507,0.8519814150910164,-0.9120076738157716,-0.11421077907916466,879.923261842265
M15,34,2.5,D1,50,both,0.0,11594,637.5652664859982,-0.8852240726503212,0.8860384727253263,0.8850509355851025,0.22822149387614282,-0.00016486060837769137,-0.5395542379146768,1.0004342985870733,0.6498434971086329,-1.0,,-1435.1701368144172
M15,34,2.5,D1,50,both,1.0,9204,515.7657256827248,-0.947156932328924,0.8748216113451484,0.8660392020493627,0.22685788787483702,-0.00020363301249931858,0.0724594011895356,1.002518754132374,1.1333763106978834,-0.9999999666285329,-0.6189066021275937,-997.8508072068583
M15,34,2.5,D1,50,long,0.0,7624,360.33462732919253,-0.47369563995789243,0.7303509450739281,0.9160097390624417,0.22822665267576075,-0.00011729044347650172,-0.3065224819802959,1.0046636414360177,0.6626435641755113,-0.9999999999998733,-0.7542835464389216,140.49121239018396
M15,34,2.5,D1,50,long,1.0,6317,299.91995970362666,-0.6267624481343195,0.7420284899584322,0.8816377951765785,0.22668988443881588,-0.00017217996616716698,-0.25835940957797554,1.0011172629354803,0.2767916875616597,-1.000000000082655,,57.19681119652977
M15,34,2.5,D1,50,short,0.0,6079,289.4101603232534,-0.7744406142992764,0.7265309457356426,0.8568636589337553,0.23523605856226354,-0.00020270843489408972,-0.908155791946512,0.9683213778041958,0.8295600360102701,-0.9676701035021418,-0.15073159878858,323.2989649785672
M15,34,2.5,D1,50,short,1.0,5094,256.06709331131293,-0.6929078663702707,0.6937197115090674,0.8638837082067143,0.23458971338829995,-0.0002023524961193134,-0.8464594044367775,0.9389447593428493,0.8371181763060345,-0.9340865559054238,-0.1277685449503746,659.1344409457557
M15,34,2.5,D1,80,both,0.0,13337,637.7768067556952,-0.8069304174600899,0.8904973515752123,0.8959258735792456,0.23483542025942866,-0.00014644588511500916,-0.1167867395909016,1.0041507419318976,0.8898003795921043,-1.0,,-1017.9134903937914
M15,34,2.5,D1,80,both,1.0,8610,543.613223854797,-1.0628213723793858,0.8702439882722613,0.8553431579041298,0.22566782810685249,-0.0002222381622009915,0.06672744843314454,1.0002355878362559,1.0823292985279964,-0.9999992715408833,-0.5902791439854036,-939.5265018155166
M15,34,2.5,D1,80,long,0.0,7538,361.272077155229,-0.4328835508746728,0.6793914119594333,0.9244822599585172,0.23295303794109842,-0.00010653831013989077,-0.06613142943847398,1.0007548550494056,0.9253526091462199,-0.9999518455111416,-0.37901275888347186,1927.2223366861333
M15,34,2.5,D1,80,long,1.0,6322,315.3230233510856,-0.6027814210100578,0.715309416849119,0.8915098150077292,0.23014868712432773,-0.0001592434174814334,0.2166144150834428,1.0002162080629,1.4363328723233282,-0.9996786142748401,-0.33045369577479944,1028.848795879563
M15,34,2.5,D1,80,short,0.0,6046,289.1203849175177,-0.727218076425312,0.7035784669692168,0.8637936697663049,0.2380086007277539,-0.00019050241828693577,-0.6494525007310861,0.9158420884058396,0.8734316988868598,-0.9146952554113917,-0.11104654902632416,853.047445886064
M15,34,2.5,D1,80,short,1.0,5100,256.4392896475771,-0.77198966544923,0.7204455576118876,0.8480877319216558,0.23411764705882354,-0.00022259486908491247,-0.7930203134623082,0.9464459603752204,0.8449502273916414,-0.9414294861565572,-0.13296590895714244,585.7051384344148
M15,34,2.5,D1,120,both,0.0,10440,645.8689024390243,-0.9129496689133892,0.8784842142960755,0.8834441104686708,0.23132183908045978,-0.0001698873156670599,-0.5542575503309146,1.0003035242425338,0.6950196308966219,-0.9999838496739033,-0.49469346485479904,-1265.012871025992
M15,34,2.5,D1,120,both,1.0,8204,540.9841126557141,-1.1358339991264053,0.8766094170612544,0.8470590783871341,0.22842515845928815,-0.00023776862191967696,0.28845754290620773,1.0000012804892646,2.498130224168561,-1.000001322406107,,-803.173732812615
M15,34,2.5,D1,120,long,0.0,7452,361.7547846889952,-0.37059728776533285,0.7209763323833651,0.9349495166710449,0.23711755233494364,-9.210604054595391e-05,0.29372369509199847,1.0745001162471235,1.2812049873304396,-1.0815711920878606,,1857.319857592229
M15,34,2.5,D1,120,long,1.0,6359,317.12517067176407,-0.6222271605216588,0.7576592560548925,0.8882087683384822,0.2341563138858311,-0.00016468473671627393,0.06217082704336935,1.0008227139146373,1.086437437241306,-1.0000000000000007,,815.1125774875358
M15,34,2.5,D1,120,short,0.0,5969,294.97730347720204,-0.7101515445426644,0.7061519185479894,0.8681129399072804,0.23772826269056793,-0.00018340292239299116,-0.5900040738742521,0.9139102520404981,0.8866711884882373,-0.8997854425159616,-0.10745979601791633,1002.1455748403907
M15,34,2.5,D1,120,short,1.0,5077,259.971155194168,-0.6915553972899904,0.6931309109556465,0.8640903050992378,0.23695095528855623,-0.00019703760912473107,-0.6757933916282713,0.9243171389308559,0.8671724367533902,-0.9056086476732907,-0.11384289630412814,943.9135232670808
M15,34,2.0,none,0,both,0.0,14190,952.213393349256,-1.0527125722723714,0.8867149660503446,0.8856899653092714,0.22311486962649754,-0.00014254406769235013,-0.4820887150559562,1.0001311102700259,0.32844294163881876,-1.0,,-1281.886577037431
M15,34,2.0,none,0,both,1.0,9505,768.2454635981411,-1.1365610723959427,0.8523226760077875,0.8664937822105546,0.2177801157285639,-0.00018795413316189272,-0.375087589352576,1.0001243626413339,0.920346401273208,-1.000128468291143,,-730.1734555679815
M15,34,2.0,none,0,long,0.0,14492,869.591424346969,-0.821618471933423,0.8593173797830166,0.9011738318070778,0.20714877173613028,-0.00011966677680555346,-0.48588726531618903,1.0000254575532208,0.8306928764476484,-1.000027421192231,,-2457.203751464549
M15,34,2.0,none,0,long,1.0,9692,669.1877126654064,-1.043674538050104,0.8427297919371171,0.8616231104604437,0.20130004127115148,-0.00018069437882702264,-0.37695711117344,1.0010465766922445,0.7824510270055889,-0.9980501978322317,-0.35004034649198257,-1490.7528389785375
M15,34,2.0,none,0,short,0.0,6392,890.4187643020595,-2.495136938376496,0.8942170460121587,0.7514291719990421,0.22590738423028786,-0.0003413157928603581,-0.8729071318623094,1.000066885998053,0.6064787256479972,-0.9999519774008169,-0.7497255666850392,-149.7152099114129
M15,34,2.0,none,0,short,1.0,7444,686.2496214033316,-1.4874060525857618,0.8664258504830623,0.8213271645002581,0.21802794196668457,-0.000246300507256018,-0.3062172675888357,1.0038478025662931,0.6658305469334087,-1.0000000343766267,,-108.21980918317055
M15,34,2.0,H4,20,both,0.0,12223,780.7713798530955,-1.0397670283769207,0.8581480023324439,0.8750365545939521,0.21565900351795794,-0.000148733201497499,-0.3368119237100848,1.0006538229713535,0.47746427182715445,-0.9999999239899119,-0.6490463399696238,-1140.1361005204733
M15,34,2.0,H4,20,both,1.0,10303,619.9622322899505,-0.9712806354174541,0.8376666511559332,0.8705861826389908,0.21139473939629233,-0.0001643705280273418,-0.6035436005670294,1.0005033529091367,0.48620242130686864,-1.0000008769661461,,-838.7524573112005
M15,34,2.0,H4,20,long,0.0,9014,418.82247805622694,-0.5773851570459092,0.7104636643124942,0.9017497090416301,0.2095629021522077,-0.00011297244790132012,-0.358561978401923,1.0007617054797573,0.6379372252583908,-1.0,,-630.8512038689528
M15,34,2.0,H4,20,long,1.0,7272,362.6567449481158,-0.5650824898250042,0.658003968819832,0.8975105229775705,0.20764576457645764,-0.00012241866238777568,0.11501740571003183,1.0002420050345306,1.7067764050761614,-1.0000000013443968,,379.5614948042766
M15,34,2.0,H4,20,short,0.0,8728,405.84366645448756,-0.7799986562617428,0.7520562805359392,0.8726777007438696,0.22433547204399634,-0.00014551743563311317,-0.21829256051101825,1.0009678176705252,0.4878147043448438,-0.9980034497972828,-0.2510279542261491,-212.05813792220087
M15,34,2.0,H4,20,short,1.0,7199,341.7957558819706,-0.7897272541954165,0.7374963610838317,0.8609664568553512,0.21753021252951799,-0.00016622909082503355,-0.44864571544672266,1.000042069130823,0.6650664378308904,-1.000046348381414,,-126.31735973081334
M15,34,2.0,H4,32,both,0.0,14825,801.1290501553485,-0.8654198214211419,0.8621721563264937,0.8943045690954207,0.21585160202360876,-0.0001243316232581382,-0.3948834248628046,1.000343809847916,0.7870585955882715,-1.0000000000003477,,-1147.107906897441
M15,34,2.0,H4,32,both,1.0,11718,647.8957765667575,-0.8701585934681914,0.8376119619041076,0.8830974622430723,0.21061614610001705,-0.00014486251075051398,-0.6855463779240986,1.0014726846481585,0.5681374851638384,-0.9999999999991053,-0.7843044346328442,-747.7963100128638
M15,34,2.0,H4,32,long,0.0,9073,421.99328282185155,-0.4877446376769967,0.711075586820554,0.9153849930827125,0.2087512399426871,-9.746856145579169e-05,0.23976117388875653,1.0002053919578484,4.007050162522341,-1.0000007505611945,,245.12639831082296
M15,34,2.0,H4,32,long,1.0,7319,365.1502185493785,-0.6123394059916892,0.7266316693306856,0.8882914969157436,0.20398961606776883,-0.00013427764584679556,0.19707503228100148,1.0002854787389668,1.9312644097195388,-0.9999995305706404,-0.5166407326960925,116.96867395263072
M15,34,2.0,H4,32,short,0.0,8843,411.1910566518141,-0.6708991876147083,0.728166193736903,0.8814315795820913,0.22469750084812845,-0.0001376160714374885,-0.00966619909163107,1.0123372502546115,0.9802205405246033,-0.9933458521686321,-0.20790754364628772,-184.06810294277852
M15,34,2.0,H4,32,short,1.0,7298,346.4961003509684,-0.5424808233884938,0.7028089811845725,0.8939972091585869,0.22006029049054535,-0.00012823753579871566,-0.5293129039333166,0.9764297753306664,0.8665038598445312,-0.9713261284718068,-0.1551800010357579,286.7387152819255
M15,34,2.0,H4,50,both,0.0,13301,813.4946835231078,-0.9315677068843071,0.8516261467984891,0.8881293847577063,0.21562288549733102,-0.00013437527877249242,-0.427223915459074,1.0002315258853587,0.6988991752632822,-0.9984320130906654,-0.3263008824609409,-1256.4462475182206
M15,34,2.0,H4,50,both,1.0,10346,639.0794013191273,-0.9295692363864113,0.8307684118951341,0.8761108323801058,0.21109607577807848,-0.00015863229262249616,0.2671210030100491,1.0118712744350702,7.4152476049880365,-0.9997710510298039,-0.4041477237423391,-876.2007791904542
M15,34,2.0,H4,50,long,0.0,9297,432.9078595104538,-0.6025739335823787,0.7472458381607567,0.8964549935216348,0.20501236958158545,-0.00011913369697590703,-0.4000279119290897,1.0005633960666322,0.2678272923974407,-1.000000000000278,,-533.8141523324141
M15,34,2.0,H4,50,long,1.0,7506,374.47978418248874,-0.7056723229360873,0.7531343869420728,0.8721571151553104,0.20023980815347722,-0.00015345747808610054,-0.22367361620430776,1.0002527355885051,0.0011434813960705106,-1.0000000000000384,,-392.97770555562727
M15,34,2.0,H4,50,short,0.0,8744,407.31360795816863,-0.65875105147821,0.6956454674239988,0.8922147530461858,0.22564043915827997,-0.0001245453808653918,-0.7542031476620028,0.9801248568471128,0.8652994842338949,-0.977177843644757,-0.16145020315384095,228.22156355242805
M15,34,2.0,H4,50,short,1.0,7224,342.98271155595995,-0.5603219945474518,0.6864799685519312,0.8999291982741006,0.22328349944629014,-0.00012044431159356036,-0.769766629603101,0.9624475923840606,0.8619065722142143,-0.9543136314276424,-0.1362878163219644,456.86368572355593
M15,34,2.0,H4,80,both,0.0,13660,826.3191454123883,-0.7651899400825961,0.8343452760777161,0.9070401923556529,0.2165446559297218,-0.00011132833447161466,0.1878019988642535,1.0000126807237342,3.1043739422080616,-1.0000000000000027,,-1443.58626189214
M15,34,2.0,H4,80,both,1.0,10221,643.2150671950379,-0.8646516116740157,0.8246027431110597,0.8831429258204391,0.20947069758340672,-0.00015013111523774918,-0.3672226597760823,1.0005700423542705,0.7670405929859396,-1.0006116628623236,,-808.4320642425082
M15,34,2.0,H4,80,long,0.0,9483,442.8107581181284,-0.46673285158371725,0.7144696380904664,0.9193747278424903,0.20426025519350416,-9.273364836746265e-05,-0.24866842792543528,1.0010791686875118,0.7639558989995446,-0.9999999327731155,-0.5375332095261034,-69.52333445206759
M15,34,2.0,H4,80,long,1.0,7623,380.31699904384647,-0.5698619125930531,0.729828667440445,0.895523958180847,0.19979010888101797,-0.00012552995992780647,-0.4557443402834444,1.000214023714471,0.29036040276062924,-0.9999999999999963,-0.809419068596682,50.70264601173176
M15,34,2.0,H4,80,short,0.0,8648,403.25315970892376,-0.6011010525183014,0.7625862109781254,0.894158365364463,0.23115171137835339,-0.00012418978600709467,-0.5024746244868273,1.0006933181939077,0.527696655871577,-0.9995906705758084,-0.30494020318132686,-15.183010352932104
M15,34,2.0,H4,80,short,1.0,7208,342.2230599246068,-0.6521656653443088,0.7574676755617602,0.876127925143823,0.22364039955604884,-0.00015280709487049094,-0.33096515552933176,0.9988210236796626,0.8443655982166433,-0.9979651071223219,-0.2549004091110316,20.348928776780518
M15,34,2.0,H4,120,both,0.0,13687,833.196125,-0.9279865179959128,0.8725439644894785,0.8879652339773527,0.21231825820121283,-0.0001358041394787672,0.24042969286004026,1.0014318108413067,9.949483710998376,-1.0,-0.9444996459656989,-1320.6164203066503
M15,34,2.0,H4,120,both,1.0,9753,642.5474837662338,-1.0605818613983622,0.8495735959008106,0.8575479781160111,0.20486004306367273,-0.00018308862882097433,0.11422135810934635,1.0015086317592534,1.321731732413104,-1.0000000000078653,,-801.6887826223269
M15,34,2.0,H4,120,long,0.0,9547,446.484218950064,-0.5561975261824744,0.7401134402774412,0.9052861576529864,0.20446213470200064,-0.00010996306200466429,-0.1474085266416124,1.0004336314869458,0.5374801574120892,-1.0004507078443996,,-722.133079280286
M15,34,2.0,H4,120,long,1.0,7738,386.0544324545827,-0.7081579337576327,0.7537333311801441,0.8738923981772357,0.19979322822434736,-0.00015284715676717057,-0.4053127209295281,1.0001731082284937,0.5419172157034517,-0.9998904372786822,-0.3655229682196728,-356.30710691162534
M15,34,2.0,H4,120,short,0.0,8620,403.69983331196306,-0.6219366447873349,0.6870608965874323,0.8952522639381646,0.22436194895591646,-0.00012218463271289727,-0.6339024438503013,0.9485490661373229,0.8877126330048731,-0.9426627682861815,-0.12531041128664644,573.3723171381685
M15,34,2.0,H4,120,short,1.0,7168,340.32393084622385,-0.5228977765133225,0.6864883091810996,0.9035023180742356,0.22140066964285715,-0.00011704484607206136,-0.632712861581276,0.9371980089559779,0.8821036717229553,-0.9217689944272722,-0.11394721931111318,782.3100557272675
M15,34,2.0,D1,20,both,0.0,13769,846.3694463143723,-0.9499564004639208,0.8721414212576084,0.8884238956051027,0.21497566998329581,-0.00013512397844608139,0.2092635417754505,1.0002477618466865,1.1858395849369694,-1.0,,-1504.058489665705
M15,34,2.0,D1,20,both,1.0,9824,657.0620765427577,-1.0959533453994572,0.8464715222805421,0.8588605864606464,0.21019951140065146,-0.0001818310067929408,-0.6174772516190604,1.0004102918486153,0.40740684604960853,-0.9999473638284239,-0.482601530413848,-725.6006512920638
M15,34,2.0,D1,20,long,0.0,9973,466.2875384024577,-0.500803826909012,0.735666195233762,0.9186241192503626,0.20705905946054345,-9.456388429310346e-05,-0.23955173892821052,1.003823186520254,0.10024914696699694,-0.9999484224735791,-0.36971622995467457,-357.3313030028408
M15,34,2.0,D1,20,long,1.0,8172,407.59565751741087,-0.7710555665997396,0.7841046837606772,0.8719052922853922,0.20215369554576604,-0.00015529595745912455,-0.2364654153280113,1.0002330840115796,0.8288731582686153,-0.9999998967697321,-0.5517204173025567,-506.3741625230158
M15,34,2.0,D1,20,short,0.0,8675,406.3798576375529,-0.9117047998727258,0.7867762820923963,0.8530866375580837,0.2240922190201729,-0.00017127975493987782,-0.6962734546868662,0.9945455125083182,0.8529117500641649,-0.9942244139127949,-0.21450739453472478,57.755860872051194
M15,34,2.0,D1,20,short,1.0,7166,340.2289743923047,-0.7919783340947703,0.7302390193083689,0.8602473262528587,0.2224392966787608,-0.00017006021544250588,-0.8253070474832043,0.9864297204560448,0.842446637737766,-0.9855806163746232,-0.1823074264805279,144.19383625376446
M15,34,2.0,D1,32,both,0.0,14040,854.8274712452076,-0.9045573551539197,0.8915250361723206,0.8925611713102467,0.21367521367521367,-0.000129881713796413,-0.6535431925766328,1.0001767972985576,0.4734021030994913,-1.0,-0.9780676034787859,-1505.8652656435781
M15,34,2.0,D1,32,both,1.0,10334,664.0558585503167,-1.0789340896635518,0.8822550872406751,0.858592580418,0.20718018192374685,-0.00018312869023025494,0.10350368055418657,1.0042160756434904,1.650057712597752,-1.0,,-754.0613036369016
M15,34,2.0,D1,32,long,0.0,10305,484.53929582904226,-0.616223938332958,0.7755212364244384,0.9004269428928217,0.2032023289665211,-0.00011701108813140291,-0.2367442937685886,1.0002983036653714,0.06993714357624234,-1.0000000000223397,,-1716.902097949008
M15,34,2.0,D1,32,long,1.0,8556,406.27652106084247,-0.8799178040987767,0.809095998736167,0.8507950133716287,0.19682094436652642,-0.00018269092520073783,-0.6615012970198954,1.0002154016174387,0.7118273824942287,-1.0000014506977988,,-1080.6627610749981
M15,34,2.0,D1,32,short,0.0,8275,388.5888081769092,-0.7751200341694316,0.745960351047279,0.8710793324413275,0.22610271903323262,-0.00014747153368950495,-0.8845013108611479,0.9900776909976388,0.83267835227158,-0.9885969232981028,-0.18948888620777926,114.0307670189681
M15,34,2.0,D1,32,short,1.0,6770,337.8063524590164,-0.7567021106667755,0.7349159463472158,0.865776457430586,0.22304283604135894,-0.00016144583265570255,-0.956903951766997,0.9844135615047899,0.8237303200081062,-0.9819471453773183,-0.18152404216346496,180.52854622680923
M15,34,2.0,D1,50,both,0.0,13250,858.8398402839396,-1.017649481544322,0.8786302466154294,0.8797430531535217,0.2131320754716981,-0.00014459412672337396,0.06699376656782974,1.000404024539682,1.0828830312134448,-1.0,,-1282.82861089666
M15,34,2.0,D1,50,both,1.0,10184,664.351848544383,-1.0386964525460565,0.8642010191104949,0.863263734766683,0.20983896307934014,-0.0001758916393322496,-0.35846185261985813,1.0004669254642338,0.7814266137002642,-1.0005001692544722,,-866.2655812669803
M15,34,2.0,D1,50,long,0.0,10244,484.16420807453414,-0.5389291960023928,0.7571442065602917,0.91197768729999,0.2031433033971105,-0.00010339825049204929,-0.15451798641289902,1.0002304162122422,0.8327687921945348,-0.9999999999573138,-0.6764851424935433,-1162.7855332023616
M15,34,2.0,D1,50,long,1.0,8497,403.42249447549716,-0.6514845749935627,0.7567809017823367,0.886091147440259,0.2001883017535601,-0.00013870817565844764,0.1884892645653493,1.000162880473059,2.288189703056802,-0.9999999684088597,-0.5595540112797379,-643.0404004292076
M15,34,2.0,D1,50,short,0.0,8137,388.248105813194,-0.9979939339556261,0.7925118810532197,0.8376333181856165,0.22416123878579328,-0.00018629518214742025,-0.396184902406516,1.0003988416657539,0.852244155099379,-1.000405873601343,,-210.55172689388985
M15,34,2.0,D1,50,short,1.0,6788,341.3626600578273,-0.9189193741169955,0.7726889179352615,0.8406906097334685,0.22068355922215674,-0.00019225305171744655,-0.8371435112522883,1.0006064455225234,0.7151669579073477,-1.0006624724367228,,-190.8163831327526
M15,34,2.0,D1,80,both,0.0,13788,862.1926040061634,-1.1308372140137084,0.8999709487838063,0.869584852046363,0.2145343777197563,-0.0001580100560494715,-0.24355115352141662,1.0000161930919098,0.3184349424440057,-1.0,,-1211.027544668437
M15,34,2.0,D1,80,both,1.0,10383,713.5260112888052,-1.1973960175215816,0.8791787555426483,0.8518908756368522,0.2114032553211981,-0.00019094132123254748,-0.600509209264559,1.0004144986945225,0.5899580807597011,-1.00000022204646,,-833.8279338583668
M15,34,2.0,D1,80,long,0.0,10174,487.60707256265584,-0.5854789205954131,0.7302266850110861,0.9070108691346438,0.2044426970709652,-0.00010970053321951247,-0.4690591006513731,1.0011070310535242,0.6848113947703555,-0.9999999999973603,-0.7213352259005388,-759.1317857758895
M15,34,2.0,D1,80,long,1.0,8511,424.5039942646456,-0.6923965873108174,0.7434169188218521,0.8852702784039816,0.2011514510633298,-0.00014036025720545384,-0.026646493222365664,1.00006381497224,0.9431601732404303,-1.0,-0.9064006849874973,-698.121189429473
M15,34,2.0,D1,80,short,0.0,8093,387.0081500392773,-1.0019216143804708,0.7964996730825835,0.8368161173964372,0.2264920301495119,-0.00018657458489410708,-0.6152804726692033,0.9868798535412308,0.8793994655187489,-0.9858567626615398,-0.18424632002810537,141.43237338461384
M15,34,2.0,D1,80,short,1.0,6802,342.0196172907489,-0.9748269427964972,0.7870860470013366,0.8321975419608386,0.22390473390179358,-0.00020068931406924667,-0.6062568804479913,0.9925802718423732,0.8640683288943728,-0.9910977873207856,-0.21132837020684947,89.0221267921508
M15,34,2.0,D1,120,both,0.0,11373,871.5879668485103,-1.1866746946416569,0.8854206728767411,0.8646509668783015,0.21234502769717753,-0.00016992345628762828,-0.26452197423867696,1.0011160562157377,0.7919528401526321,-0.9999998434957695,-0.699079573743415,-1066.53311143858
M15,34,2.0,D1,120,both,1.0,7540,748.5689045936396,-1.5111739636383672,0.8634874939032104,0.8228567331918821,0.20729442970822282,-0.0002492552900847404,-0.8942674563291401,1.0001190225773626,0.34029350441195616,-1.000000000000078,,-626.1382713493593
M15,34,2.0,D1,120,long,0.0,10014,486.1261961722488,-0.47761150351384885,0.730895541558898,0.9227893123916218,0.20681046534851208,-9.205672899740934e-05,-0.5120896166874744,1.0012102205427644,0.48731826433495257,-1.0,,-401.66396230240355
M15,34,2.0,D1,120,long,1.0,8524,425.09434735117424,-0.6784702774872561,0.7633668846847501,0.8863639708777931,0.20354293758798686,-0.0001403659175019567,-0.3685911273931773,1.0002383913783977,0.4557503848963813,-1.0002397559817542,,-348.73442185019996
M15,34,2.0,D1,120,short,0.0,8050,397.8166012718171,-1.0569551473053593,0.817114557891238,0.8301900556992118,0.22422360248447204,-0.00019278750504372265,-0.24924823414865158,1.0031861085453615,0.713502553506562,-0.9999999997459575,-0.6643956085011344,55.07755761147062
M15,34,2.0,D1,120,short,1.0,6798,348.09610262161783,-1.023689283079499,0.7985530650586565,0.8257853567012433,0.2213886437187408,-0.00020715895849835839,-0.4444141956946102,0.9918246232071922,0.8980994862644843,-0.9812047796270273,-0.18412908254902494,187.95220372973696
M15,50,5.0,none,0,both,0.0,4507,209.17175984752222,0.12202350177957036,0.30737577807728966,1.0274244532048544,0.31151542045706676,7.585307711187572e-05,0.298632386796931,0.22935904963167986,1.0791277031390045,1.0599121530443325,0.03410788537184173,20599.121530443368
M15,50,5.0,none,0,both,1.0,3745,186.76423402512287,0.08858828340053031,0.3729191062765105,1.0206168082743796,0.31108144192256343,5.9203217029480205e-05,0.23763739315187685,0.26750743491121165,1.0611557710408246,0.6530959442751316,0.025384120400054444,16530.959442751293
M15,50,5.0,none,0,long,0.0,4207,195.2486340533672,0.4317072376012199,0.2967120637589803,1.1032931105004182,0.3239838364630378,0.00027389770442937155,0.5601224730645427,0.21999635710388044,1.1460857145621963,2.3917527855038174,0.05832050111988685,33917.52785503783
M15,50,5.0,none,0,long,1.0,3434,171.2545740032769,0.33603354330424073,0.2967120637589803,1.0851174378655393,0.32265579499126384,0.0002383043075758112,0.5114142622941105,0.28969187278646247,1.1388923595989247,2.1217523964081937,0.058414531822868154,31217.52396408174
M15,50,5.0,none,0,short,0.0,4208,195.29504447268104,-0.40775578542517593,0.6959837029592673,0.9125725387706826,0.28612167300380226,-0.00024438908470801027,-0.24532351169977398,0.6525962527384916,0.943842654403925,-0.6230985271017755,-0.044275859098991566,3769.014728982226
M15,50,5.0,none,0,short,1.0,3411,170.10755734571273,-0.2775333240216002,0.6247842146939127,0.9357590072530811,0.29023746701846964,-0.00018593549562306055,-0.1736809061485384,0.5607872676269132,0.9582199686823638,-0.48120054007040436,-0.032197046062244605,5187.994599295971
M15,50,5.0,H4,20,both,0.0,2679,124.49169847328244,0.03821517535299176,0.4491877298665883,1.0110872001509352,0.3008585293019784,2.934526939661026e-05,0.2433373841209837,0.35115262248384205,1.077349233474859,0.5762116134832902,0.021369867870550285,15762.116134833017
M15,50,5.0,H4,20,both,1.0,2190,109.23084801310938,0.0701020617133756,0.42773371999950294,1.0217271627243625,0.3045662100456621,6.036763916474345e-05,0.27120014242611445,0.33622672675933685,1.0893937126581874,0.6195546032071666,0.024339794521192504,16195.546032071665
M15,50,5.0,H4,20,long,0.0,1535,71.39421240290335,0.2996897141404013,0.2600580293304493,1.127590599076118,0.33420195439739414,0.0003325257593460108,0.4461795650289295,0.21678449885599915,1.2395441060559789,1.4254058628397321,0.04206945243898219,24254.05862839723
M15,50,5.0,H4,20,long,1.0,1241,61.956704483324216,0.33583136540301883,0.23568274367892172,1.1553364456550774,0.3432715551974214,0.0004293845057197142,0.4769570137999532,0.19899524552361814,1.2683456270231925,1.452300057030833,0.04580181969542174,24523.00057030824
M15,50,5.0,H4,20,short,0.0,1520,70.63358778625954,-0.10244851354595946,0.2904585116807924,0.9595031303540357,0.2730263157894737,-0.00010771318078800527,-0.08269345762619924,0.30451386823441173,0.9646058783662254,-0.1963705851830143,-0.010107588652461308,8036.29414816997
M15,50,5.0,H4,20,short,1.0,1239,61.823053278688526,-0.04841494756348689,0.2803182130671217,0.9792548835282573,0.2736077481840194,-5.697955898722489e-05,-0.04188345575995656,0.3011875409772018,0.9812044591141004,-0.12491155338487703,-0.006635730312873678,8750.88446615128
M15,50,5.0,H4,32,both,0.0,2927,136.12003437738733,0.027524252831247237,0.42400281967033693,1.007659734477738,0.3009907755380936,2.0852349849477312e-05,0.18749898286532654,0.3068821290530642,1.0556442120186706,0.37707277105521,0.014990986201416812,13770.727710552135
M15,50,5.0,H4,32,both,1.0,2391,119.23986209721464,0.003628579048708906,0.4259428399528089,1.001075282466242,0.30154746967795903,3.0894814675742405e-06,0.1817989029387313,0.307892726631531,1.0559749710489787,0.3359324024813153,0.014548723105340056,13359.32402481317
M15,50,5.0,H4,32,long,0.0,1581,73.60869980879541,0.12268516257619777,0.4091687372519197,1.04426570422167,0.32321315623023406,0.00011863003104439113,0.3085496953083603,0.280366426970025,1.1171040918457498,0.5671658216966573,0.02113749632411266,15671.658216966618
M15,50,5.0,H4,32,long,1.0,1269,63.35459950792783,0.05668048853148507,0.4078944603983332,1.021751408364928,0.3199369582348306,6.25215186992496e-05,0.281867640715455,0.2842732967682685,1.1117498112151014,0.47706748643874763,0.019664458570818555,14770.674864387473
M15,50,5.0,H4,32,short,0.0,1580,73.47784568372805,-0.09940519389868255,0.3437633166712981,0.9613446457943172,0.2772151898734177,-0.00010587018033247817,-0.04238180510185042,0.33491161296761673,0.9814388725330444,-0.1522119129731011,-0.007649703476692138,8477.880870269017
M15,50,5.0,H4,32,short,1.0,1293,64.50870782679962,-0.06984344234503999,0.3071206436656614,0.9708514754360101,0.2815158546017015,-8.331828109421467e-05,-0.026582523838800103,0.30243865438824236,0.9879505973667994,-0.11723660516524426,-0.006201965096852224,8827.633948347577
M15,50,5.0,H4,50,both,0.0,3201,149.01417919959215,0.12453294902752389,0.4029281713338272,1.0334098234847782,0.3042799125273352,8.966018471847957e-05,0.2629618475156317,0.31981297132877495,1.073762340758416,0.6669688758604526,0.024073796226068866,16669.688758604694
M15,50,5.0,H4,50,both,1.0,2612,130.26119606772255,0.11434165457399033,0.39485698769662203,1.0326322807875357,0.3066615620214395,9.220860638251565e-05,0.2579993146189621,0.31200629220682485,1.0749691495664488,0.6103263456301935,0.02404456276727651,16103.26345630197
M15,50,5.0,H4,50,long,0.0,1723,80.24043733265331,0.24794774711090944,0.2679471265597134,1.0905421777321855,0.3221125943122461,0.00023416153721320443,0.2885132279719197,0.303598218367494,1.1071654709664078,0.5528058254199228,0.02070528170363306,15528.058254199208
M15,50,5.0,H4,50,long,1.0,1373,68.49996585165961,0.21127456837750713,0.25965321442083855,1.0823051526034326,0.3241077931536781,0.00022758536222801848,0.2646849943685126,0.30198548069000286,1.102284405926896,0.4648936589012007,0.019229972652622607,14648.936589011942
M15,50,5.0,H4,50,short,0.0,1630,75.94814389590509,-0.12053914995359749,0.4566878338115312,0.9557175008278609,0.2803680981595092,-0.00012442654477911789,0.03016919840275595,0.3947064675005154,1.0123610307665774,-0.022875236670839905,-0.0010776465502387866,9771.24763329169
M15,50,5.0,H4,50,short,1.0,1351,67.40236989482311,-0.0925218900562009,0.4509703201023513,0.9637572812625117,0.2842339008142117,-0.00010568119650787614,0.052687672290737224,0.3844880873465255,1.0225461313296464,0.01808506200405846,0.0008946149774924361,10180.85062004056
M15,50,5.0,H4,80,both,0.0,3403,158.7009384576098,0.16966757124401402,0.3422955329903732,1.0429909381625984,0.3038495445195416,0.00011650365634122851,0.29983585244213345,0.23000723889128594,1.077123537892089,0.7738280332089191,0.027089139993718536,17738.280332089176
M15,50,5.0,H4,80,both,1.0,2754,137.34277717094483,0.15656572065577762,0.27832755953943344,1.042432099321749,0.3031953522149601,0.00012186937472600808,0.2945905626552115,0.21231530551918876,1.0788630227978555,0.706830935478737,0.027021198185276374,17068.309354787285
M15,50,5.0,H4,80,long,0.0,1805,84.29564633678558,0.41924300289657795,0.14463496077056548,1.1505345275734495,0.3301939058171745,0.0003899654838300804,0.525156322478942,0.13131906033783836,1.1929561513498657,1.2214486673375204,0.037978425062279664,22214.486673375184
M15,50,5.0,H4,80,long,1.0,1441,71.8925351727906,0.37954283052959914,0.1446349607705656,1.146402811495707,0.3296321998612075,0.00040409684088632157,0.48913364599613673,0.1459044202405041,1.1872765549052406,1.0564880808500248,0.036625989803874326,20564.880808500187
M15,50,5.0,H4,80,short,0.0,1716,80.02668539325842,-0.058598640640672245,0.31687588445655945,0.9792110361218408,0.2803030303030303,-5.798884681275587e-05,-0.008186948481983857,0.23952532257678338,0.9971349082777315,-0.07585071089179451,-0.0036719348794472806,9241.492891082062
M15,50,5.0,H4,80,short,1.0,1410,70.34592268815736,-0.03156955372168551,0.27878596028834446,0.9880356206607763,0.2801418439716312,-3.5128384649899964e-05,0.009062411582582707,0.2351644924746662,1.0032809742387012,-0.04565940779241251,-0.0023289097744754184,9543.405922075883
M15,50,5.0,H4,120,both,0.0,3569,166.88993086672642,0.26365450350783215,0.43533682893034176,1.0682668484050335,0.31157186887083216,0.00018574910004030463,0.4389469552628266,0.3252550922078222,1.1359586034226516,1.7607481595876817,0.04863136652970157,27607.481595876718
M15,50,5.0,H4,120,both,1.0,2909,145.07267203713818,0.2288257040037505,0.4231553417603049,1.0634277026295187,0.3128222756961155,0.00018192154918953958,0.42515213072336255,0.3087410140253427,1.1387943675449288,1.6137798865284965,0.049081736372734275,26137.798865284833
M15,50,5.0,H4,120,long,0.0,1891,88.45898437500001,0.6000729162539419,0.12367158417098034,1.233234766751749,0.3416181914331042,0.0005917687883821731,0.5833559277279695,0.13040849166358814,1.2738508974715697,1.9203548539532784,0.05141117199966194,29203.54853953261
M15,50,5.0,H4,120,long,1.0,1535,76.58226335200109,0.4718124982430601,0.13575075542276993,1.1944414758893154,0.33876221498371334,0.0005255254464997622,0.5228439802833749,0.14781355977764454,1.2589496048067275,1.6825480090678795,0.05046248169967771,26825.480090678564
M15,50,5.0,H4,120,short,0.0,1770,82.91554444016928,-0.24235070025567026,0.48017192260234065,0.9187371882686197,0.27853107344632766,-0.00023516633256343646,-0.0025411851541313306,0.36520961084139536,0.9990037605537808,-0.0905521599454362,-0.004436540198192507,9094.478400545639
M15,50,5.0,H4,120,short,1.0,1455,72.5910053271411,-0.14702470739760176,0.41310496845359324,0.9466916831812222,0.2838487972508591,-0.00016076263028318196,0.02202046700594609,0.348571642652017,1.0088835179866622,-0.03850183360850923,-0.0019569233622657167,9614.981663914938
M15,50,5.0,D1,20,both,0.0,3807,178.01904365638202,0.1854478741655155,0.43527320069780695,1.0462344821775578,0.3123194116101918,0.00012582262798826476,0.36466686674507975,0.2834206822462536,1.1081786745839703,1.3738289649086757,0.04125327967032599,23738.28964908664
M15,50,5.0,D1,20,both,1.0,3122,155.6950436919716,0.08295286714402608,0.42812939874458633,1.021934889952608,0.31069827033952596,6.281082919848149e-05,0.32923943874227807,0.2876417293116704,1.0996960781851892,1.1055420140060601,0.03783007508433611,21055.420140060676
M15,50,5.0,D1,20,long,0.0,2269,106.11424455825865,0.5867872548412172,0.14169848713081568,1.2047183919187001,0.33054208902600263,0.0005187680385895658,0.5775600847770347,0.12891732796071287,1.240355446720001,2.010410331807199,0.05289211029138041,30104.103318071706
M15,50,5.0,D1,20,long,1.0,1860,92.77140516181892,0.4013373964431743,0.19796273999377334,1.1463842522861862,0.3258064516129032,0.00039236318600819,0.4894444743470349,0.2203209887701636,1.2128206870795646,1.6826575358700753,0.05045049699652049,26826.575358700622
M15,50,5.0,D1,20,short,0.0,1938,90.78549442093112,-0.3174790491027197,0.514968297682052,0.9001183583527261,0.29256965944272445,-0.0002950357602424035,-0.08785317597642954,0.4099706887906541,0.9691576743527579,-0.23992431769651812,-0.012769087479737817,7600.756823034824
M15,50,5.0,D1,20,short,1.0,1590,79.32625324409234,-0.24960904936045325,0.45585049002077027,0.9151109209012152,0.29559748427672955,-0.0002612720777412529,-0.048437666661680694,0.36341041313625244,0.9823539721003427,-0.15811543507444137,-0.008550049630199119,8418.845649255638
M15,50,5.0,D1,32,both,0.0,3890,182.69544811624021,0.11048146212581142,0.45708917423262807,1.0273174555954112,0.30077120822622105,7.536897440322732e-05,0.2891888854947093,0.3004875157808602,1.0850207419150995,0.9019690422470217,0.03065402689136043,19019.690422470085
M15,50,5.0,D1,32,both,1.0,3201,159.63479655925724,0.04082252852256954,0.4467813722183256,1.0107333270405832,0.29990627928772257,3.1187155360846405e-05,0.2752622675073002,0.28158802856148224,1.084720733802259,0.8178614088619907,0.030254145598225923,18178.61408861973
M15,50,5.0,D1,32,long,0.0,2327,109.41513259526262,0.3302161222653419,0.18906784358018058,1.1106070173285725,0.3158573270305114,0.000297584462267947,0.3837225999851965,0.12210349420811983,1.161237992602847,1.233224321336572,0.03850056693131165,22332.243213365567
M15,50,5.0,D1,32,long,1.0,1922,95.86378533387955,0.18794560984197017,0.19766146352509173,1.0659824091160963,0.3100936524453694,0.00018837106289128398,0.3288318949966039,0.18163378277568965,1.1315026535091703,0.8994199613966769,0.032516040368025134,18994.19961396666
M15,50,5.0,D1,32,short,0.0,1844,86.6042175646136,-0.17583173636892194,0.4532818497681308,0.9402337864655909,0.2885032537960954,-0.00016925126664929917,-0.03602603999949061,0.3398332434708743,0.9868532579042731,-0.13602038874808986,-0.006843108518183039,8639.796112519114
M15,50,5.0,D1,32,short,1.0,1502,75.79517822602928,-0.15672006290875684,0.39992846082409617,0.9428477904678744,0.28761651131824234,-0.0001708414676005132,-0.005271329594197004,0.30005693573476566,0.9979944776170928,-0.07872414448001219,-0.00412919037694226,9212.758555199925
M15,50,5.0,D1,50,both,0.0,3922,185.3662655279503,0.0979249211783169,0.3723360722058858,1.023407709654273,0.30010198878123406,6.43901949684025e-05,0.2745262058238726,0.2717892873180817,1.0774264449641753,0.8222411798451528,0.028767098471014885,18222.41179845158
M15,50,5.0,D1,50,both,1.0,3242,161.679478427089,0.09498671738552687,0.36017065544776405,1.0241736130002188,0.3001233806292412,6.997920517396739e-05,0.30528962968341417,0.25391190276073317,1.0886438839365487,0.9060290991886171,0.03269040187915695,19060.2909918861
M15,50,5.0,D1,50,long,0.0,2314,109.36704192546583,0.531609974009064,0.16599307748080872,1.1830075594590115,0.32454624027657736,0.00047702246878469294,0.5785649980350823,0.10217368353112732,1.2389025033258803,1.95775592196817,0.052589870554643925,29577.559219681545
M15,50,5.0,D1,50,long,1.0,1905,95.00290141998907,0.4692620605559648,0.16599307748080905,1.1732253791952443,0.3249343832020997,0.0004740117918555526,0.5677029166222721,0.10682062051899133,1.2471452200289863,1.8830923739576604,0.05422492344025809,28830.923739576472
M15,50,5.0,D1,50,short,0.0,1818,86.57425032594524,-0.3006673414549816,0.4998294535322393,0.9000555012516537,0.27832783278327833,-0.000290444592777079,-0.14655760563500808,0.4556164844746471,0.9472682547855141,-0.3173658966909352,-0.01801708403957314,6826.3410330906845
M15,50,5.0,D1,50,short,1.0,1514,76.08537424325813,-0.21508767998974299,0.41774179863101346,0.9237456788393545,0.27873183619550856,-0.00023259892383252793,-0.06722295119064542,0.38199005809922104,0.9746338956923448,-0.18430039923183006,-0.010185085734228938,8156.9960076817215
M15,50,5.0,D1,80,both,0.0,3916,187.26355066771407,0.03802162606607961,0.4499051486514589,1.0090605261440644,0.30566905005107253,2.49623450888231e-05,0.3106244695153826,0.24972900283309718,1.0868905087748522,1.0554873006104728,0.03505545859445047,20554.873006104724
M15,50,5.0,D1,80,both,1.0,3284,163.7740305843801,0.016685758371532623,0.4062841844421591,1.0042385976451857,0.30602923264311815,1.2265400427505839e-05,0.30017304918652804,0.24350166955266184,1.0889153783187913,0.9619328208962896,0.03418025648501821,19619.328208962757
M15,50,5.0,D1,80,long,0.0,2239,107.30806324629313,0.4088658023044885,0.19086645383242562,1.1349977553216684,0.32201875837427424,0.00036473709732377514,0.5118670959084146,0.18588812384012043,1.2044487032918472,1.8410043324923762,0.051316422100925685,28410.04332492382
M15,50,5.0,D1,80,long,1.0,1860,92.77140516181892,0.3050008203818638,0.22723740348069976,1.1067063921401548,0.32204301075268815,0.00030444114574967244,0.4638344236401739,0.22403479442851537,1.19871816484474,1.627018782834572,0.049352995699113666,26270.187828345595
M15,50,5.0,D1,80,short,0.0,1840,87.98900235663787,-0.38454751297643414,0.5481710530423511,0.8742953289451526,0.2858695652173913,-0.0003549459373619186,-0.16104644807947863,0.47502211005788453,0.9427323298338521,-0.3378951268407062,-0.01952460590373417,6621.048731592955
M15,50,5.0,D1,80,short,1.0,1552,78.31831997789445,-0.3283241914258344,0.5027078384732556,0.8856242362277977,0.2860824742268041,-0.00033841985689644514,-0.14790874052395947,0.4645188457904147,0.9455780866319796,-0.3000535105930974,-0.017841606283910738,6999.464894069045
M15,50,5.0,D1,120,both,0.0,3919,190.37302167841466,0.0424138961071508,0.5176685550981461,1.0099248529693488,0.30109721867823425,2.7428352032369695e-05,0.2738833205470897,0.3740106810831135,1.0717499573875835,0.8449685693174824,0.030198539645359235,18449.68569317485
M15,50,5.0,D1,120,both,1.0,3310,165.07065811032223,-0.04000785426949028,0.5433838489067788,0.9900977205949354,0.2972809667673716,-2.879585848119054e-05,0.27344485057530615,0.3550521987118799,1.0748236389677204,0.8341131685100427,0.030711537166415726,18341.131685100478
M15,50,5.0,D1,120,long,0.0,2219,107.79222635988828,0.46443483068297137,0.20027378108402205,1.1550325713133534,0.3235691753041911,0.0004215963711979583,0.5523867345215066,0.19261534405730107,1.217811448194417,1.9500865542634882,0.05395758607377821,29500.865542634696
M15,50,5.0,D1,120,long,1.0,1864,92.95821955215729,0.3443818195227543,0.20858178311265518,1.1222071054197595,0.3197424892703863,0.0003501354413717607,0.5032174602237303,0.22021159464935713,1.20905741716557,1.7611872127148933,0.05195600693206637,27611.872127148785
M15,50,5.0,D1,120,short,0.0,1830,90.45980511571254,-0.3889337017638218,0.5530237135798801,0.8733193679329767,0.2748633879781421,-0.0003579007253497777,-0.12812018084080695,0.42765728272472525,0.9536196277774883,-0.30834517656033456,-0.018058806897813695,6916.548234396687
M15,50,5.0,D1,120,short,1.0,1553,79.76842216284629,-0.3527271299714893,0.5356739385900842,0.8787455204063359,0.27237604636188023,-0.0003597260373745083,-0.10143013403244408,0.3873837119286411,0.961435010114512,-0.2567309418817919,-0.015124043873602,7432.690581182135
M15,50,1.0,none,0,both,0.0,10232,1207.508239095315,-1.5664369975772647,0.8571439428485952,0.8406698982764653,0.18999218139171228,-0.00018078698199157367,-0.6050917839513376,1.0002288850791057,0.529384746856697,-0.9999999999822502,-0.946140064652253,-1009.8831248586356
M15,50,1.0,none,0,both,1.0,9290,977.5777873811581,-1.052401119297911,0.7556693911298659,0.8806569066181349,0.19354144241119484,-0.00013883281421913136,-0.3548010875822492,1.000028420594889,0.2192850721242631,-1.0000008021423281,,-694.4837048507859
M15,50,1.0,none,0,long,0.0,10055,943.6250642343268,-0.9290662064091715,0.7935390167606768,0.8780043920397146,0.13446046742913972,-0.00014274504927447307,-0.4426138390565914,1.0016951230112014,0.27979716902471274,-0.9999864599231528,-0.6507628742333929,-2690.9237870876473
M15,50,1.0,none,0,long,1.0,7473,763.2867030201343,-0.9051739964683239,0.742882613235771,0.8692562787317482,0.12859627994112138,-0.00016470109575737285,-0.19501777954107946,1.0010978122896723,0.81861583567788,-0.999553797385352,-0.5452364130767062,-1906.9821272869167
M15,50,1.0,none,0,short,0.0,6453,897.8888571428571,-2.7396849862925134,0.8268376840868277,0.7383314061996894,0.22764605609793895,-0.0002673017085255118,-0.5612473725153777,1.0000759575804485,0.37889006726195307,-0.9986657169391966,-0.6018939392443274,-67.93829221242243
M15,50,1.0,none,0,short,1.0,7403,758.6828703703704,-1.5860317383490148,0.7577660620899437,0.8257528862900129,0.22571930298527623,-0.00017810322520106137,-1.1266174582257145,1.0000906963302765,0.7760672558463648,-1.0000945219195079,,-51.1136728972938
M15,50,1.0,H4,20,both,0.0,9010,876.6389184869472,-1.2691381295058342,0.7879966090929881,0.8485136403405362,0.18701442841287458,-0.00016107713353162052,-0.6707042031068988,1.000177028767531,0.125936066482163,-1.0,,-885.947596739268
M15,50,1.0,H4,20,both,1.0,7248,720.3624489795918,-1.1454194208579995,0.7219032377728971,0.8520835490740521,0.18267108167770418,-0.00016582324978150557,0.1490398869218916,1.00059618241633,1.2272049846908792,-0.9999999993159949,-0.8772229716190263,-760.4005352450889
M15,50,1.0,H4,20,long,0.0,6150,425.19165247018736,-1.0341263821374413,0.7354689339938218,0.806540535230186,0.12113821138211382,-0.0002052153241539613,-0.7975989616685245,1.0007933215246956,0.625600061987249,-0.9999931149958792,-0.5603481182240415,-1406.804300021593
M15,50,1.0,H4,20,long,1.0,7474,361.7649748210972,-0.5904139536563302,0.7057351069588604,0.8746043099634788,0.12443136205512444,-0.00013215108959490816,-0.36343062396099757,1.0029947631155258,0.6462033578388454,-0.9999964873177261,-0.45550754914332625,-907.4217627928043
M15,50,1.0,H4,20,short,0.0,10196,509.1030758714969,-1.0724855373154079,0.7359341359260643,0.8504067740473047,0.2316594743036485,-0.00012481492946640868,-0.2922257385141995,1.0021698777142047,0.18627587006470253,-1.000696459290687,,-117.22153253664646
M15,50,1.0,H4,20,short,1.0,8832,427.5530815109344,-0.7979244023339359,0.6672144299672891,0.8775602851046791,0.23301630434782608,-0.00010716878476037108,-0.301231052151718,0.9918064146804497,0.917730023389858,-0.9754211851844877,-0.16422805085354653,245.78814815513653
M15,50,1.0,H4,32,both,0.0,7550,874.3302155992392,-1.6323548790466869,0.8117313317024231,0.8087996197502973,0.18410596026490067,-0.0002119933998407329,-0.6784634213843643,1.0002163439067437,0.6671033873573419,-0.9995953729367913,-0.5953506121078023,-812.5036488645037
M15,50,1.0,H4,32,both,1.0,6974,721.8060357041654,-1.2497674944860684,0.7533375882980311,0.8396499896876859,0.1816747920848867,-0.0001835097860936011,-0.5549622152516229,1.000228101907948,0.6647391022042257,-0.9999999984591676,-0.8775563048652639,-542.2272599312444
M15,50,1.0,H4,32,long,0.0,7836,443.3238847583643,-0.952875295325358,0.7757259819236979,0.8227284147127393,0.1246809596733027,-0.00018076874573606206,-0.562294916542896,1.0002213788488081,0.3635312168314363,-0.9999999313080461,-0.6066800706974012,-1313.9043528754935
M15,50,1.0,H4,32,long,1.0,6179,361.389871897518,-0.9189460073411718,0.7307521712083411,0.8135902101069299,0.12121702540864218,-0.00020081011239686056,-0.4852455983852014,1.0001443979926912,0.7275922850610584,-1.0001518862923982,,-985.4328722597679
M15,50,1.0,H4,32,short,0.0,9867,498.4677385892116,-1.164731904230209,0.7566646103202787,0.8376830754910927,0.22894496807540285,-0.00013822053273618062,-0.5100247579650592,1.0001158940287063,0.5535924446403628,-0.9999437209906663,-0.3900234418877122,-113.01789633809827
M15,50,1.0,H4,32,short,1.0,8662,436.62648357714596,-0.9018293653614327,0.7363901094592483,0.8471884170267767,0.22823828215192796,-0.00013820029047725626,0.09232875737299806,1.0406507915595835,1.172426233058434,-1.0437255149687026,,-437.2551496870573
M15,50,1.0,H4,50,both,0.0,9546,907.0438345473466,-1.1782162299409293,0.7827183093530721,0.8567952775687018,0.18133249528598366,-0.00015148265352602308,0.17779167574795907,1.001103067261831,1.3447263787810668,-1.0000000000001499,,-1227.891737788123
M15,50,1.0,H4,50,both,1.0,8222,747.5941000746826,-1.053684846290254,0.7370036053543196,0.8590574970672324,0.1751398686450985,-0.00015445771519946648,-0.5250938716357608,1.0009808565427494,0.631820171380122,-1.000993425901331,,-1017.7882896903618
M15,50,1.0,H4,50,long,0.0,6355,465.06987577639757,-1.1102438155210628,0.7608309382834857,0.7968317618982986,0.11990558615263572,-0.00021496679879049884,-1.2559227372557218,1.0000063495740907,0.4429843395194783,-0.9999997909648312,-0.6755392886342534,-1483.2205360598907
M15,50,1.0,H4,50,long,1.0,5356,375.48541266794626,-1.0349669439638016,0.7237066547232007,0.7889595054449491,0.1157580283793876,-0.00023143572322712562,-0.42735233925364696,1.0009283682079964,0.4649093602161006,-1.0009413230517339,,-1170.4361243128876
M15,50,1.0,H4,50,short,0.0,10263,478.0717701823747,-0.9385946915015876,0.7102163214514166,0.8645832652468479,0.23190100360518368,-0.00011459520915551203,-0.28447284554312924,1.0000085897578945,0.7381379975867063,-1.00000000002135,,-42.728032380356346
M15,50,1.0,H4,50,short,1.0,8488,410.845746090644,-0.7674129547404782,0.6448923235898393,0.8799611145849707,0.22985391140433553,-0.00010633986660905406,-0.7082260972877313,0.977844967803157,0.8685654090610613,-0.972889636045103,-0.16023291073719848,271.1036395489818
M15,50,1.0,H4,80,both,0.0,9691,918.4322132848987,-0.985847579798688,0.7433860868813194,0.877320262739508,0.18264369002166958,-0.00013025124611281604,-0.7482316396741764,1.0001844770884827,0.785729399098148,-1.0001887340418767,,-1262.755699353983
M15,50,1.0,H4,80,both,1.0,7441,744.2018756845564,-0.9551954146607946,0.7196079861461426,0.8691475071037242,0.17591721542803387,-0.00014817439935507602,-0.9716182094816022,1.0001615160131676,0.6806174150229155,-0.9998651035656623,-0.5898458951379559,-865.9307019879543
M15,50,1.0,H4,80,long,0.0,7249,471.1205071174377,-0.8357426281971191,0.7174270524146483,0.839720622929426,0.12222375500068976,-0.00016486290639031924,-0.4651949599620453,1.0004838236606375,0.6765410717619398,-0.9999660059708695,-0.487633262424343,-1543.6761583843877
M15,50,1.0,H4,80,long,1.0,5533,385.74694598205764,-0.8568806348345566,0.6955163366138539,0.8206989665650355,0.1163925537682993,-0.00019865908554198697,-0.6657255335126745,1.0004092334527876,0.6101927655953986,-1.0000000442763182,,-1135.5643087721778
M15,50,1.0,H4,80,short,0.0,9681,482.3990791268759,-1.0469222238413556,0.7476266260081925,0.8503747253648595,0.23355025307302965,-0.00012606487648021897,-0.2987227612314596,1.000443682876738,0.43008819586377456,-1.0004828729442035,,-100.8476292473213
M15,50,1.0,H4,80,short,1.0,7999,410.28433506529984,-1.0502442994430459,0.7278756291402741,0.8392794997537163,0.2275284410551319,-0.00014276595976947645,-0.26820291848916883,1.0008871734576228,0.7059472748843485,-0.9999594019421568,-0.40467837788708116,-88.25478193659384
M15,50,1.0,H4,120,both,0.0,9697,920.1946609508964,-1.157109813367035,0.7789506223235055,0.861066048100685,0.1790244405486233,-0.0001482733599496476,-0.27696786241989396,1.0008932963970691,0.6383134577533456,-1.0,-0.9839743860310575,-1141.8264401935883
M15,50,1.0,H4,120,both,1.0,7988,753.7114440712994,-1.0345721519494098,0.7316334233321162,0.8638073062203117,0.17526289434151227,-0.00015150056365998636,-0.28708053635270814,1.0003355606582367,0.493551897844673,-0.9999999059170047,-0.7827236860276592,-904.7117175612208
M15,50,1.0,H4,120,long,0.0,6302,483.5725840336134,-1.0849862232175822,0.7419382230416821,0.8106323376061392,0.12012059663598858,-0.00020643133282584862,-0.6464625360288317,1.000154158674464,0.3264040730719309,-1.0000000000001033,,-1353.8986222110893
M15,50,1.0,H4,120,long,1.0,5030,410.54916201117317,-1.1811857710141869,0.7302064428275381,0.7813756705856962,0.11391650099403579,-0.00024930347553062164,-0.6020261946874949,1.0002219942752124,0.5012767156913553,-0.9999998603726196,-0.7242651031407704,-971.6062360744758
M15,50,1.0,H4,120,short,0.0,9914,464.3016412360559,-0.8735290294377024,0.689014712162068,0.8681153419691519,0.23260036312285656,-0.0001117485200930148,0.1965801912025836,0.999951571485995,1.4410687724045343,-0.9963597451390562,-0.23125790586624695,36.40254860943906
M15,50,1.0,H4,120,short,1.0,8238,398.744964219454,-0.6908396858510598,0.6479312747842056,0.8865469310716135,0.2327021121631464,-0.00010040226885725507,-0.7594732597967487,0.9774067018025733,0.8527214150551417,-0.9705968544309583,-0.156926439727185,294.0314556904278
M15,50,1.0,D1,20,both,0.0,12203,935.9818878622427,-0.9883022971927645,0.7914434420647616,0.8798930128301329,0.17782512496926986,-0.00012153185543226808,-0.4730516191768273,1.000036096940038,0.547162026843821,-0.9999999944892742,-0.7674358668715221,-1544.4316099756834
M15,50,1.0,D1,20,both,1.0,9191,770.8410447761195,-0.9895095867929866,0.759597114583462,0.8701173063182355,0.1766945925361767,-0.0001408671555563714,-0.023734546734326355,1.0005190446466585,0.9692602778167014,-1.0000000052281621,,-1148.4209910883826
M15,50,1.0,D1,20,long,0.0,8049,513.9680506993006,-0.8621302755065791,0.7495791520677076,0.8499925293627607,0.12771772891042366,-0.0001572763341551829,-0.5222765982757983,1.000438168398874,0.35324671322879003,-1.000009979651169,,-2027.6735340291054
M15,50,1.0,D1,20,long,1.0,6066,424.36439379429225,-0.9769354863430926,0.7411276562505366,0.818467868412276,0.12331025387405209,-0.00020337267740543866,-0.5511957390885742,1.0005387817319717,0.7006654302122496,-1.0000214167980996,,-1419.7425810838458
M15,50,1.0,D1,20,short,0.0,9048,454.3904853567991,-1.1813685205901454,0.7424543791044291,0.8250958545494905,0.22866931918656055,-0.00014616870024239983,-0.2653514640740249,1.0001938671441328,0.5094182385347756,-0.9999868120599911,-0.4312317731948422,-102.91245722373725
M15,50,1.0,D1,20,short,1.0,7869,382.40450372538584,-1.0036332102253105,0.6873543456473585,0.8382935254365368,0.22747490151226332,-0.00014180652353779812,-0.6419361682518955,1.0002131024964456,0.47635288970865663,-0.9999999999999989,-0.8122365209312153,-94.946613261978
M15,50,1.0,D1,32,both,0.0,10121,934.6890644753477,-1.0982330063287358,0.7981246916677781,0.8645575626366412,0.17715640746961764,-0.00014354761313821452,0.1559125415329794,1.0004734349505877,1.2220533781425453,-0.9999999999999764,-0.9448429331410167,-1451.7032758066064
M15,50,1.0,D1,32,both,1.0,7746,759.3200483091788,-1.140204003312496,0.7809095660916635,0.8475677454452625,0.17376710560289182,-0.00017272982545742642,-0.6055735343142936,1.0044717016104947,0.477477297852929,-0.9999999816005868,-0.8255226578493735,-1024.1620748657374
M15,50,1.0,D1,32,long,0.0,7299,517.7626238104486,-0.8567037793652431,0.7592831715485403,0.846470042984121,0.12440060282230443,-0.00016407823790705005,-0.3421218635872687,1.0010371677253693,0.5331335674418514,-0.9853094505668946,-0.2587293250977125,-1674.310559017693
M15,50,1.0,D1,32,long,1.0,5600,419.3111931119311,-1.0072046549016742,0.7471674483220073,0.8046827360543685,0.11785714285714285,-0.00022210265701406531,0.2708459031662579,1.0023794537404775,4.685466229496799,-0.9998644501986687,-0.4866859246675366,-1200.2077241155216
M15,50,1.0,D1,32,short,0.0,9138,431.1658054514921,-1.0355005470994791,0.7046961154627271,0.8429201689459364,0.23166994966075727,-0.00013025064813826845,-0.17409220296358172,1.003152099678478,0.6084340698511767,-1.0000793849835399,,-102.14726638691914
M15,50,1.0,D1,32,short,1.0,7532,375.82827868852456,-0.9197693405096429,0.6619993664327536,0.8507430771587768,0.23048327137546468,-0.00013047761529084667,-0.23060005446775564,1.0007584349530863,0.06118193155287445,-0.9998886685678525,-0.3650552312377533,-2.0373521684360085
M15,50,1.0,D1,50,both,0.0,9393,927.492092457421,-1.0877512904602347,0.7719614999093866,0.8648980466499602,0.17566272756307888,-0.0001467925764275485,0.3902616127699654,1.000132800264718,3.2103357915207362,-0.9999999938742963,-0.8454603456766119,-1242.205313206669
M15,50,1.0,D1,50,both,1.0,8127,765.2453596287702,-1.130785250390458,0.779351388375572,0.8487889212500271,0.17472622123784914,-0.00017008220374798073,-0.18349007897793249,1.0003591346144296,0.8557148476715053,-1.0000000000021287,,-1079.27776466004
M15,50,1.0,D1,50,long,0.0,7906,515.0109684323168,-0.8292386449029577,0.7436637343337182,0.850388746117119,0.12775107513281053,-0.00015845685102783917,-0.5361031282058403,1.0008306359751806,0.6223145651932541,-0.9998497486082527,-0.43642577161657137,-1871.464891488281
M15,50,1.0,D1,50,long,1.0,6105,427.2564188541866,-0.8649892923331923,0.7258907158818337,0.831605618364393,0.12612612612612611,-0.00019007117755998548,-0.7731427317461912,1.0010261226949417,0.41501235753030163,-1.0000011054374545,,-1443.0364977479317
M15,50,1.0,D1,50,short,0.0,8535,448.29001294219154,-1.3286158328810387,0.7533341991380744,0.8080187567159228,0.2255418863503222,-0.0001606440506082375,0.17901206456111024,1.0002434669906353,1.298043222225997,-0.9999952628011827,-0.47478327311175306,-97.71958488217558
M15,50,1.0,D1,50,short,1.0,7511,365.5420053297801,-1.1368525116812727,0.7165111468984506,0.8188194895001891,0.22633470909332978,-0.0001589019940993684,-0.7546635232104816,1.0000819110458565,0.5721796503131261,-0.9999999999881385,-0.7060556754580647,-93.05978745805959
M15,50,1.0,D1,80,both,0.0,9358,936.6975883803782,-1.3804341960314712,0.8197062290108132,0.8389721358110309,0.17418251763197265,-0.00017521293244928814,-0.6979722581851383,1.0000717768799932,0.7225887107817812,-1.000072427715682,,-1211.172741314684
M15,50,1.0,D1,80,both,1.0,7636,759.5449346405229,-1.3069123110445853,0.7881494852443784,0.8349972265518758,0.17430591932949188,-0.00018883957683507471,-0.5361098577316316,1.0000388116398027,0.6254319562886501,-0.9999970984739434,-0.7186782915541978,-938.1271617428515
M15,50,1.0,D1,80,long,0.0,7011,510.9273244213887,-1.0278461620589163,0.7687971274537166,0.8251213190633792,0.12394808158607902,-0.0001924818688415595,-0.7660949700053241,1.001113475140211,0.4691955029446383,-0.9999999999304134,-0.8181250030537572,-1508.9124864512357
M15,50,1.0,D1,80,long,1.0,5381,420.6785637842466,-1.1054611361011124,0.7490258035105386,0.8005161016981575,0.11949451774763055,-0.00023567245621057952,-0.9577357822475993,1.0001835442998297,0.4543718188870412,-1.0000001407127102,,-1149.025903877772
M15,50,1.0,D1,80,short,0.0,8123,450.9005699088146,-1.3793114908036734,0.745858472462963,0.8014923832000349,0.22491690262218392,-0.00016496768264662257,-0.23992065960152834,1.0001081444865447,0.35311155263813876,-0.9999846213464137,-0.4594572109326971,-88.16679855473973
M15,50,1.0,D1,80,short,1.0,7121,380.36637174612457,-1.2381678280358341,0.7054196141924849,0.8068064156319359,0.22538969245892432,-0.00016674356231799963,-0.18539768085193514,1.0000175785253687,0.8085619986261702,-0.9999252663774427,-0.3980160295129729,-81.97356853701821
M15,50,1.0,D1,120,both,0.0,9001,930.0184582743989,-1.116390643206077,0.793630653935976,0.8638538338265412,0.1727585823797356,-0.00015056458137821,0.10025135078980853,1.0003024869841164,1.1155666889548081,-1.0003309389356239,,-1364.3177778376287
M15,50,1.0,D1,120,both,1.0,7417,807.7099731663685,-1.3345511615136334,0.7923434418653892,0.8320703569105401,0.17419441822839424,-0.00019533586515560093,-0.8691013813278713,1.0002039760520725,0.5438316339654153,-1.0000029789428275,,-1002.5937680709194
M15,50,1.0,D1,120,long,0.0,8087,515.2235740450027,-0.7470557128670224,0.7540424410591613,0.868385282784593,0.12600469889946828,-0.00014337977676784415,-0.0038713459936548108,1.0008894187469644,0.9914026939344212,-0.9999282588080899,-0.4555342006829647,-1769.9840435162507
M15,50,1.0,D1,120,long,1.0,5602,433.77793088827644,-1.066153424997752,0.7473727331967989,0.8049245385544362,0.1217422349161014,-0.00022547860074539268,-0.8260781836186829,1.0006153448089226,0.6392111773928307,-1.0006398847153988,,-1322.7498369876241
M15,50,1.0,D1,120,short,0.0,6605,439.83158614402913,-1.3742254730448094,0.692610450113903,0.7986206234759334,0.22271006813020439,-0.00017078672723312428,-0.5005608212157391,1.0006263111816716,0.723000788738726,-1.0006406331693942,,-76.38326759140433
M15,50,1.0,D1,120,short,1.0,6300,384.9882884390162,-1.3160285737968742,0.6979587198793613,0.7963037489775217,0.22285714285714286,-0.00018165238694158468,-0.7261002788800269,1.0000155791843892,0.6418897233391844,-1.000000001782999,,-79.07352685086445
M15,50,1.5,none,0,both,0.0,7587,1062.5581863496932,-2.322456611846079,0.9022792539817717,0.7778509103997762,0.20126532226176355,-0.00029375453950164835,-0.849282569340734,1.0003500435378907,0.4203967830007367,-1.000354509176774,,-868.3805861075073
M15,50,1.5,none,0,both,1.0,6105,814.4087837837837,-1.8746113167098468,0.856495497359538,0.7934520061837727,0.1891891891891892,-0.0002982102202189383,-0.5823671632562806,1.000103432069063,0.6957693401999396,-0.9999974894126029,-0.8209689352113738,-479.0800758489204
M15,50,1.5,none,0,long,0.0,9729,937.3561725138486,-1.0310959225147387,0.8241606676206108,0.8722648988895756,0.159625860828451,-0.00016353231356552544,-0.3625402876290591,1.011621531261068,0.6090830546115164,-0.9999958002204615,-0.6966345640441474,-2288.08524321934
M15,50,1.5,none,0,long,1.0,6951,747.8211340206186,-1.1049070845651634,0.8009562251981115,0.8499007914047345,0.14904330312185296,-0.0002093649996688131,-0.3488895321935366,1.0054310976115726,0.5579395559801017,-1.0000353972727782,,-1359.6266457969973
M15,50,1.5,none,0,short,0.0,6289,915.162250996016,-2.876315734085889,0.8752978403656444,0.7306719945538205,0.22626808713626967,-0.0003237748255639947,-0.5100999060256386,1.0096982376602923,0.7267787906180639,-0.9997953128456971,-0.7094656110841056,-94.25380429444661
M15,50,1.5,none,0,short,1.0,7005,746.3758022170362,-1.7405363189665384,0.8226225826415298,0.8075494149010046,0.214418272662384,-0.0002302928768533099,-0.6250367506155807,1.0001776045942945,0.5220785372938845,-1.0,-0.996856494050408,-69.15802537406708
M15,50,1.5,H4,20,both,0.0,9658,864.604044117647,-1.1990740543073157,0.8147211549871534,0.8581644392813328,0.19030855249534065,-0.00016573053679724882,-0.39354090953307197,1.0007496124526443,0.7250042579396807,-1.0007515344627371,,-960.9078644656468
M15,50,1.5,H4,20,both,1.0,7597,707.6776970160673,-1.1371276117755513,0.777761504385445,0.8530037757846683,0.18191391338686325,-0.00018043567177618194,0.2222882261739006,1.000136670543223,2.3089125283982384,-1.0000000000000004,,-692.7487150308485
M15,50,1.5,H4,20,long,0.0,7149,420.54634401674986,-0.8689193623581789,0.757949624058095,0.8372269142317591,0.14967128269688068,-0.0001838312732337888,-0.12752336095644082,1.0014831953284968,0.7762145730589814,-1.0000000016821484,,-1574.4509345489198
M15,50,1.5,H4,20,long,1.0,7324,354.64549913827386,-0.5750862243689828,0.7001626153840241,0.88025342620365,0.1499180775532496,-0.00013525656800218283,-0.6060779776250389,1.01246212225319,0.2594475460987404,-0.9999999999999647,-0.7768527352635926,-398.7644804147485
M15,50,1.5,H4,20,short,0.0,10145,488.13874983533134,-0.9115047291717561,0.7358325986943965,0.8676238492912208,0.22336126170527354,-0.0001264932669079461,-0.031228001282646734,1.0000992128823898,0.9274188056388443,-0.9999959367894222,-0.4497002301553683,-149.59461561248074
M15,50,1.5,H4,20,short,1.0,8573,429.237594242632,-0.825156543904901,0.6925310428859264,0.8728009785305721,0.22045958240989152,-0.0001274149244470117,-0.36727782555613686,1.000101010402891,0.8050617066439153,-1.0000001599112165,,-130.5041563999426
M15,50,1.5,H4,32,both,0.0,9023,876.0368819776714,-1.4256787333559666,0.8421391094438178,0.8358732261011659,0.1939487975174554,-0.00019595091538984757,-0.33180474411603805,1.0009506715646703,0.08915255847812432,-0.9998088921136316,-0.5645363680069544,-864.971018868912
M15,50,1.5,H4,32,both,1.0,6866,711.4344680851063,-1.3998830869960739,0.8062816053628472,0.8241728593233957,0.18467812408971745,-0.00022427493023878645,-0.5989385551228535,1.0000781172441928,0.7925248609938402,-0.9999999999964113,-0.9348226755015023,-499.33014112270354
M15,50,1.5,H4,32,long,0.0,7317,433.78254341827625,-0.9823987317298919,0.785086141849628,0.8235847986613031,0.15019816864835314,-0.0001984596417409552,-0.38889657447748377,1.0001209203238202,0.23617526660091046,-1.0000000005202747,,-1217.9996867894642
M15,50,1.5,H4,32,long,1.0,6193,356.27551582926446,-1.0231277753535293,0.7778563206541678,0.8015725341077833,0.14694009365412564,-0.00023019153792093187,-0.3349443168323238,1.0003763662863987,0.5188918242275401,-1.0003833361540855,,-816.9741529872181
M15,50,1.5,H4,32,short,0.0,9528,481.34190871369293,-1.0259413797588806,0.7568917887808776,0.8513574292335012,0.2232367758186398,-0.0001437779845131849,0.13531400306682204,1.0000843830916555,1.3805485964262676,-1.000009073373231,,-151.4349539101769
M15,50,1.5,H4,32,short,1.0,8402,423.57908902691514,-0.8263732871320428,0.7329263191470926,0.8589520713269325,0.22078076648417044,-0.0001442266940533147,-0.49055994660063884,1.0257692402310434,0.8258861691441743,-1.027355266108007,,-273.5526610800816
M15,50,1.5,H4,50,both,0.0,9853,894.336046222664,-1.2731655182617587,0.8375496030547317,0.8512404184635842,0.1897899117020197,-0.00017509978499386503,-0.3099366409657718,1.0004692857676964,0.6454446614807944,-1.0000000000647253,,-1002.1608752539125
M15,50,1.5,H4,50,both,1.0,8043,731.500435756972,-1.125452416352226,0.7881149797523964,0.8543373019000847,0.18177297028471964,-0.0001800122578426128,0.07138488660524701,1.0004231558997345,1.0364074372997965,-0.9999914373587647,-0.6539592568389401,-714.4782633315637
M15,50,1.5,H4,50,long,0.0,7339,444.834010952539,-0.9587221660693509,0.7824671918823589,0.824625182104726,0.15165553890175773,-0.00019724613456779998,-0.34188654927404455,1.0004857112645427,0.38126652010327705,-1.0004876476067366,,-1518.256637637307
M15,50,1.5,H4,50,long,1.0,5879,373.76932114882504,-0.9574865516600022,0.7532587992471379,0.810248864484059,0.14628338152747067,-0.0002263648609247213,0.22425845363646316,1.000668209771366,2.888583881889595,-1.0000000001533815,,-1182.9307012281663
M15,50,1.5,H4,50,short,0.0,10040,470.1423076923077,-0.9242888891594458,0.749643028650192,0.8645769329345204,0.22061752988047809,-0.00013201460376947548,0.06057663103231712,1.0024352292056584,1.082107512595448,-0.9999999994062561,-0.6302092531506021,-158.8717574161325
M15,50,1.5,H4,50,short,1.0,8350,404.1661144977471,-0.7715059860609843,0.6898642714037786,0.8776094014395012,0.21880239520958084,-0.00012425427050959088,-0.6623632880081745,1.00073386350794,0.7428589286224424,-1.0007880036464185,,17.016786255900165
M15,50,1.5,H4,80,both,0.0,9744,902.1536121673004,-1.1320578316833363,0.8337913071813082,0.8651461210360004,0.18986042692939245,-0.0001613154498893202,-0.2546746399957773,1.000837223196644,0.4548758676522148,-1.0000470184285573,,-1034.6858737587777
M15,50,1.5,H4,80,both,1.0,7422,736.2535306898425,-1.2292958893636576,0.8147937001649727,0.8412446859641788,0.18094853139315548,-0.0002022356961612788,0.3021661734691196,1.0004193794505427,1.701193708625661,-1.0000006470921663,,-566.2837150290493
M15,50,1.5,H4,80,long,0.0,7434,460.76166638384524,-0.8954927854190377,0.7655439357575405,0.8388179706275414,0.15160075329566855,-0.0001822516233481001,-0.30543393397569796,1.0004033848400409,0.12270835032341157,-1.000000025420037,,-1455.4280925924552
M15,50,1.5,H4,80,long,1.0,5575,376.8774292059967,-1.0025637597007,0.7516894126402063,0.8051111141253354,0.14565022421524665,-0.00023525249331277686,-0.6613615782982535,1.0001316550067534,0.7281488321475251,-1.0001340383412924,,-939.0015147072045
M15,50,1.5,H4,80,short,0.0,9813,462.1790135396518,-0.8258231208341966,0.7814266368231844,0.864795225344028,0.22510954855803525,-0.00013333752233363156,-0.20328477958704694,1.0003141675523535,0.8529879384910233,-0.9989027546926024,-0.27455863919360823,-459.37228065538943
M15,50,1.5,H4,80,short,1.0,8185,400.3175214247456,-0.8498931122043936,0.7710795005793871,0.8510566414282418,0.22028100183262064,-0.0001542669853283852,-0.35718205114932505,1.0351357622982575,0.8164315850601777,-1.0395442932378944,,-395.44293237896903
M15,50,1.5,H4,120,both,0.0,9420,907.1065119957817,-1.2913739995119258,0.8504809298828809,0.846044065993333,0.18386411889596602,-0.00018678028204003594,-0.8266960455206702,1.0003468063229646,0.6241509751343911,-0.9999697992497237,-0.6329335809139911,-999.8375197548228
M15,50,1.5,H4,120,both,1.0,7254,737.6179008908686,-1.3384105237578,0.8256854502826512,0.8269619585233121,0.17659222497932175,-0.00022403352383250962,-0.2820437492548284,1.0014949661095118,0.8369813136366809,-1.0,-0.98357198022429,-592.3045268969418
M15,50,1.5,H4,120,long,0.0,7022,471.3812718250322,-1.0734474081061163,0.8009965498877606,0.8112024675828411,0.1465394474508687,-0.0002149483925975363,-0.35913556220513704,1.0001783303042164,0.19658005736100412,-1.0000000010931733,,-1303.5643803127584
M15,50,1.5,H4,120,long,1.0,5348,385.0496747486694,-1.1945795478950143,0.7823067752150918,0.7749166335947769,0.1424831712789828,-0.00027352191263880864,-0.2956550855867599,1.003540921172935,0.6906405278210777,-1.0000001993077743,,-846.37869672885
M15,50,1.5,H4,120,short,0.0,9635,451.23525451981027,-0.7744745684110689,0.7117957416043051,0.8797781431074454,0.22324857291126102,-0.00011802721552223035,-0.44912344050478586,0.9940047340949272,0.905172028548642,-0.9894051819602855,-0.19181767609429845,105.94818039715486
M15,50,1.5,H4,120,short,1.0,8087,391.4360919692552,-0.6713639200294788,0.6918802550260308,0.8878253525687,0.22233213799925808,-0.0001145255697512267,-0.6232670566730728,0.9685320036396157,0.890281621488625,-0.959236868075481,-0.1434896747061155,407.6313192451944
M15,50,1.5,D1,20,both,0.0,12454,917.4714602662365,-1.1152092065340993,0.858428925322088,0.8685029247384594,0.18692789465232054,-0.0001480208809268096,-0.3934914415970922,1.0009338069097617,0.538981266458836,-1.000974217180229,,-1153.308547073395
M15,50,1.5,D1,20,both,1.0,7779,749.2826344936709,-1.3575166840010027,0.833050714037499,0.8305618465393277,0.1785576552256074,-0.00021547610768683068,-0.33558478337862857,1.0004031589407205,0.761878125686834,-1.0,,-676.1388969870181
M15,50,1.5,D1,20,long,0.0,8058,509.5541031855956,-0.8911101635991503,0.7821779095630399,0.8515118553803583,0.1525192355423182,-0.00016882552648966648,-0.7457903831513244,1.000104733568359,0.43581326925494684,-0.9999999999999983,-0.8838966115477245,-1674.5914698869876
M15,50,1.5,D1,20,long,1.0,5986,418.84798850574714,-1.0846567324773517,0.7755620824963481,0.8080470122286365,0.14634146341463414,-0.0002322223896326707,0.14485129567405294,1.000328124318829,1.533251935241613,-1.0000020727582082,,-1055.4637619137975
M15,50,1.5,D1,20,short,0.0,8899,440.78651342554923,-1.0609281600914944,0.7653817449103901,0.8378343518410785,0.22047421058545905,-0.00015805666288197797,-0.8277535322965488,1.000137703875762,0.4559354888665315,-0.9999999999999911,-0.7985945367691691,-144.06509861799898
M15,50,1.5,D1,20,short,1.0,7732,374.25298171216537,-0.9190389108402094,0.7164509499575054,0.8479497537446323,0.21986549405069838,-0.00015479811635091641,-0.3812889961147957,1.0008419297194402,0.6409459037124329,-1.0008520997074086,,7.436967135829356
M15,50,1.5,D1,32,both,0.0,12472,924.0158215010142,-1.0148573137852344,0.8768822530986613,0.8767495571087952,0.1854554201411161,-0.00013891033578295237,-0.016560935187803646,1.0003085379030516,0.9706354305786675,-1.0000000000016487,,-1232.1128677290053
M15,50,1.5,D1,32,both,1.0,7392,749.3555370524564,-1.2710573965737384,0.8379695757507761,0.8356527093937118,0.1783008658008658,-0.00021273942168338226,0.3343844693474783,1.0001232053472704,14.146275541733607,-1.000000039827675,,-666.9207384338498
M15,50,1.5,D1,32,long,0.0,8080,519.9471458773784,-0.8375820738601145,0.8027669118236889,0.855989802820656,0.1495049504950495,-0.00016536710367753574,-0.5327939472153524,1.0004079117868478,0.6570305963646709,-0.9999999685942667,-0.67100952954815,-1587.0438763741183
M15,50,1.5,D1,32,long,1.0,5792,416.7706855791962,-1.1164234502918695,0.7963115472591961,0.7947389028164211,0.14071132596685082,-0.00025245759995113075,-0.4459104529654194,1.0003108728612422,0.6526729381165605,-0.999972684540739,-0.5305157772254083,-896.800954869351
M15,50,1.5,D1,32,short,0.0,8873,418.55395195660594,-0.9479281467787073,0.7406175143497649,0.8516111194687455,0.22495210188211429,-0.0001435513554667596,-0.7638001257001429,1.0004730183925683,0.724408065106623,-1.0004933040278388,,-158.87134399723973
M15,50,1.5,D1,32,short,1.0,7318,365.1502049180328,-0.8924027371315273,0.71277170008339,0.851277164069537,0.2227384531292703,-0.00015061613024964444,-0.8093036980133268,1.0000776836702123,0.5987767103051728,-0.9999014859441162,-0.36891855363568515,31.95213398549633
M15,50,1.5,D1,50,both,0.0,9585,923.4822606172513,-1.2409567969607593,0.8413906030282382,0.8534046143914431,0.18330725091288472,-0.0001781235756734292,0.24944178216966817,1.0001931758472224,2.4544223516426995,-1.0000002745185885,,-1102.6225584856404
M15,50,1.5,D1,50,both,1.0,7537,754.629728618421,-1.2520000463356722,0.8235329309747237,0.8390807877575545,0.1767281411702269,-0.0002069858043085465,-0.22770084488261788,1.0001577262253418,0.8005876038583413,-1.0000000000001414,,-725.6495455700629
M15,50,1.5,D1,50,long,0.0,8299,514.4619399185336,-0.8190114160635484,0.7791923060609187,0.8598978685644189,0.1507410531389324,-0.00016115925020482292,-0.4437003755040455,1.0007350500831107,0.6092730685857765,-0.9998118878326381,-0.41244572316557593,-1766.6169977618126
M15,50,1.5,D1,50,long,1.0,6528,434.466472303207,-0.9422391906086631,0.7759410542209166,0.8284904584609887,0.14736519607843138,-0.00020802331655044636,-0.41050190904453804,1.0005972826752882,0.7554742743552619,-0.9996624096209558,-0.4125790522515258,-1209.5065153319704
M15,50,1.5,D1,50,short,0.0,7498,432.5086070751737,-1.2800392979398758,0.7692941775115509,0.8081009230212327,0.21832488663643637,-0.00019001156495580503,-0.3266540192694764,1.0000190662812087,0.6033198265957976,-0.9999650683734104,-0.4467535766416688,-133.03181789070536
M15,50,1.5,D1,50,short,1.0,7348,357.6568496801706,-1.0771044547779536,0.7654461431701791,0.8224588510009005,0.21706586826347304,-0.00017950358254085398,0.06190212286938929,1.0076204865505405,1.2228149574503568,-0.9998368798278521,-0.34589503608779637,-132.2997009747839
M15,50,1.5,D1,80,both,0.0,8965,924.4681677018633,-1.464633540305311,0.8547131735535336,0.8336910314506971,0.18315672058003346,-0.00020566016160266683,-0.33344075890223457,1.0006650696075212,0.7875583986396795,-1.0006742684900205,,-1004.0856036006429
M15,50,1.5,D1,80,both,1.0,7566,755.0495901639345,-1.4587111639736028,0.8491195667106546,0.8201437319790524,0.17697594501718214,-0.00023209882928109022,-0.3870858859895409,1.0012515369989305,0.42511359517954805,-1.0000000038272163,,-738.9139854581034
M15,50,1.5,D1,80,long,0.0,8208,516.7135470527404,-0.9459836704038389,0.8062932591253757,0.8438783244784098,0.1499756335282651,-0.0001827365267061856,-0.4173058998954563,1.0007955457510833,0.3320039171517511,-0.9999934194009947,-0.5281573264312123,-1451.344315315893
M15,50,1.5,D1,80,long,1.0,6385,427.05021973997435,-1.0201403834238751,0.7889477282971276,0.8202673963923671,0.14643696162881753,-0.0002226574068396142,-0.8736357999792508,1.0007282228048249,0.37410989785934057,-0.9999999986292732,-0.7446066746713076,-1063.562803193657
M15,50,1.5,D1,80,short,0.0,7445,433.62880720778185,-1.2780567862523455,0.765776942393013,0.8080857285990173,0.21611820013431834,-0.00018960909461757602,-0.735203916124056,1.0002090729166044,0.5695856012817586,-1.0000000330874512,,-131.49087220153456
M15,50,1.5,D1,80,short,1.0,7439,360.0708653591306,-1.104772050885028,0.765223728460657,0.8186579284824932,0.21548595241295873,-0.00018136948018327795,-0.1760178564118925,1.0000292986497494,0.8949513144129927,-0.9999999999994046,-0.7439874179549812,-62.54686713323149
M15,50,1.5,D1,120,both,0.0,9160,931.4281737193763,-1.2118884731753725,0.8394455431567288,0.858974946207163,0.18176855895196506,-0.00017290155197728914,-0.511591617793021,1.0001040238552517,0.7302439780081047,-1.0001136360166374,,-1145.6583354234122
M15,50,1.5,D1,120,both,1.0,7368,802.8526252983294,-1.4617233465263975,0.837602147431427,0.8232714282196942,0.1779315960912052,-0.00022842826715016175,0.2508549712371543,1.000035382657206,1.8913183156754825,-0.9999999444703237,-0.8380396696256434,-702.9604350381127
M15,50,1.5,D1,120,long,0.0,10603,514.7189992025518,-0.5283331637063763,0.8093102626037688,0.9085878794112173,0.15316419881165708,-0.00010333625356871213,-0.9257841637915171,1.0002700016179442,0.6339705731591856,-1.0002994933291296,,-1133.72729856426
M15,50,1.5,D1,120,long,1.0,6563,433.3217190889371,-1.0011636151526333,0.7870737697354164,0.8239467635375713,0.14947432576565595,-0.0002161925699436274,0.10016485392254248,1.0006955801877664,1.1810237683311922,-1.0000022654334169,,-1338.809643093502
M15,50,1.5,D1,120,short,0.0,6720,435.268664656854,-1.3870043088234094,0.7667558720842658,0.7933831022271327,0.21011904761904762,-0.00020475588046557226,-0.616276314406769,1.0001101108771924,0.5879406637112042,-0.999957233886559,-0.4787848160122211,-100.1249689393178
M15,50,1.5,D1,120,short,1.0,5754,372.4346092503987,-1.3719971897311098,0.758357712624129,0.7837442511039395,0.20750782064650677,-0.00022911927814689396,-0.2966466853919998,1.0002889674309883,0.4248145359478951,-1.0000169426646108,,-96.51614107079362
M15,50,4.0,none,0,both,0.0,7309,339.2137547649301,-0.5299885258108937,0.8576884750637714,0.9072025335183469,0.2665207278697496,-0.00019894722616792506,0.19821666164932714,0.9989754647189752,1.080502841246152,-0.8838369361702954,-0.09508160501293361,1161.630638297067
M15,50,4.0,none,0,both,1.0,6048,287.22298790794434,-0.5828767371318597,0.8667868603496772,0.8915224387049783,0.26785714285714285,-0.00023960585049273748,-0.18068215634194887,1.0005161811296317,0.8938167780833283,-1.000001970511643,,1079.9075265408105
M15,50,4.0,none,0,long,0.0,6843,317.58649936467594,0.1050699539681617,0.5508660495455362,1.0204259128587585,0.2721028788543037,4.100987136983072e-05,0.268613350359091,0.6717822515772731,1.0598132288575977,1.1741164448331372,0.03670080608977755,21741.164448331077
M15,50,4.0,none,0,long,1.0,5589,265.42481471850215,-0.029699293638609712,0.5968361742789161,0.9937940088053909,0.26802648058686707,-1.3024088814721424e-05,0.1704074239843322,0.875154713799861,1.0412777183951523,0.28454225877492956,0.011962743300748535,12845.422587749661
M15,50,4.0,none,0,short,0.0,6844,317.6329097839898,-0.7419309300669703,0.8700401860376837,0.8702972696592933,0.2548217416715371,-0.00027369329997504885,-0.39051102103021545,0.9645668572611927,0.91459778300405,-0.9525838745950126,-0.13194114154528447,474.16125404986104
M15,50,4.0,none,0,short,1.0,5559,263.96577613104523,-0.5332467525644425,0.7981835155851611,0.8961537386522074,0.25849973016729627,-0.000226560591528793,-0.45279377000066734,0.9122907946177526,0.9098949375457708,-0.8857478460788843,-0.09788219043054636,1142.5215392111722
M15,50,4.0,H4,20,both,0.0,5130,238.358033329093,-0.29441238316128826,0.6995858100644945,0.9334345840847291,0.2524366471734893,-0.00013232034498080752,-0.09519878347401273,0.90110156431706,0.974667518462693,-0.635394995363755,-0.04579712271165082,3646.05004636241
M15,50,4.0,H4,20,both,1.0,4196,199.24453978159127,-0.26628417006319205,0.6820324310209122,0.9341453597351751,0.2540514775977121,-0.00013674412530818985,-0.12785278367996158,0.8509141258268367,0.9654120503950314,-0.5908124765748632,-0.04154358728398844,4091.8752342513153
M15,50,4.0,H4,20,long,0.0,2777,129.1771841569027,-0.07614788748879966,0.49611844521419257,0.97599773727702,0.2668347137198416,-4.794133798435112e-05,0.12509901523804065,0.6401608860814214,1.0499099018068585,0.2042624353680902,0.008683437935669058,12042.62435368083
M15,50,4.0,H4,20,long,1.0,2227,111.53321678321679,-0.06734290410651099,0.45087291193036394,0.9771666415505776,0.2676246070947463,-4.8272852424023255e-05,0.1421056031051357,0.5554834236713782,1.0580182931453932,0.2527262077403982,0.011348556318519831,12527.262077403819
M15,50,4.0,H4,20,short,0.0,2881,133.86149980918458,-0.3758602944335081,0.51120252212844,0.8919679671482481,0.24401249566122873,-0.00021515689691791002,-0.37488869200520153,0.6325876918464535,0.8939784121069747,-0.6104900923593581,-0.04286315544460473,3895.0990764064236
M15,50,4.0,H4,20,short,1.0,2380,113.0128705148206,-0.29563294839876963,0.4885234875929627,0.9067836360249314,0.2449579831932773,-0.0001910829301797975,-0.3394611203240019,0.6034767002840933,0.8981346042591188,-0.5455419681804448,-0.03675603211012668,4544.5803181955525
M15,50,4.0,H4,32,both,0.0,5460,253.91711229946526,-0.3488008881446802,0.704439000296219,0.928291691474083,0.2600732600732601,-0.0001458392845103376,-0.19347469039966692,0.8810846394932355,0.9579063505193355,-0.7093155752037832,-0.055838151630740684,2906.8442479621413
M15,50,4.0,H4,32,both,1.0,4462,211.87539001560063,-0.28185858732131713,0.693535503979688,0.9364003642787466,0.26042133572389065,-0.0001345532842071039,-0.2215625654129223,0.8557235768428232,0.9498895331282269,-0.6698797999357262,-0.051266067771444934,3301.202000642675
M15,50,4.0,H4,32,long,0.0,2851,132.75468510963793,-0.1140427861426954,0.484692220607174,0.9680474228669926,0.27955103472465803,-6.392090324946441e-05,0.05248778073781807,0.5192301500417269,1.0153092668479757,-0.0031267105236355563,-0.0001458103973568381,9968.732894763576
M15,50,4.0,H4,32,long,1.0,2272,113.78691896338955,-0.19457902383622278,0.47596196498280086,0.9428066949398728,0.2772887323943662,-0.00012074662538253695,-0.026855872960147367,0.5337640299760356,0.992031004372046,-0.16328524547900658,-0.008888530998990452,8367.147545209913
M15,50,4.0,H4,32,short,0.0,2963,137.79421313980137,-0.30859092633226587,0.5136790656145838,0.9114527328993759,0.24468444144448195,-0.00018152170674056543,-0.2744247958960361,0.6094400600451719,0.9186550896606922,-0.5260719204354208,-0.03412924127863859,4739.280795645784
M15,50,4.0,H4,32,short,1.0,2459,116.76413806552263,-0.1720823186224995,0.4634625152894948,0.9456103197592569,0.2488816592110614,-0.00011446633896189788,-0.2205656901195348,0.5699939681284507,0.9314949669362121,-0.4248656809177789,-0.0259241217964562,5751.343190822215
M15,50,4.0,H4,50,both,0.0,5738,267.1175758348203,-0.29530393428750146,0.6918077461248935,0.9399697945738559,0.2579295921924015,-0.00012223495485826479,-0.14936637086451687,0.9263031591445584,0.9664653732198847,-0.7429864970654623,-0.06128870668440711,2570.135029345346
M15,50,4.0,H4,50,both,1.0,4681,222.27447347893917,-0.21589750736492905,0.6473073132972171,0.9515288788461813,0.2569963682973724,-0.00010303365724803279,-0.14639140222438965,0.8420190050950482,0.96676840752496,-0.6145940217700783,-0.044264789729187126,3854.0597822991735
M15,50,4.0,H4,50,long,0.0,2991,139.29143822516892,-0.012077997293070398,0.38990899845030735,0.9965935362123809,0.27348712805081915,-6.680782289579661e-06,0.02803634147752632,0.5885378781673196,1.008226760501484,-0.07297333960206887,-0.0035225421015880887,9270.266603979217
M15,50,4.0,H4,50,long,1.0,2385,119.36438065223349,0.0009879124146585753,0.36940935563097865,1.000301383488012,0.27169811320754716,6.185438115614056e-07,0.031181962042092896,0.5642599760532965,1.0094694591204376,-0.05811665650055753,-0.0029920787964077267,9418.83343499432
M15,50,4.0,H4,50,short,0.0,3005,139.9969706632653,-0.413345472376043,0.5949588589428393,0.8853998160528939,0.24093178036605659,-0.00024259669586500684,-0.31333467180622804,0.6533470227370382,0.909044647095162,-0.5991850229088082,-0.04169898467844191,4008.1497709118967
M15,50,4.0,H4,50,short,1.0,2496,118.5210608424337,-0.3151057363770721,0.5428577809638253,0.9037663377283712,0.2403846153846154,-0.00021146602114559794,-0.2853127083580099,0.6387969613888735,0.9117877427902717,-0.5477675753446815,-0.036980553106931824,4522.324246553163
M15,50,4.0,H4,80,both,0.0,5965,278.1813393769152,-0.1951922763322359,0.7114768615486406,0.9615436324260864,0.26152556580050296,-7.838651181533224e-05,-0.06451345631736499,0.9066483706417585,0.9860703212427072,-0.5476971864042411,-0.03632467491995839,4523.028135957547
M15,50,4.0,H4,80,both,1.0,4858,230.67921216848674,-0.2460710998316406,0.6986657350507353,0.94752171240294,0.2573075339645945,-0.00011213623985433855,-0.14349455094078128,0.9042913799511357,0.9683110916542418,-0.6267182098584461,-0.04571428081242479,3732.8179014155016
M15,50,4.0,H4,80,long,0.0,3149,147.0620444955888,0.057250596764850024,0.4116328110012889,1.0158359619102977,0.2705620832010162,3.1698627408236754e-05,0.2080160362843059,0.5193959780280399,1.0611716410267682,0.46476063458737715,0.01798528457083437,14647.606345873653
M15,50,4.0,H4,80,long,1.0,2509,125.19293032786885,-0.01976388358138701,0.4479004315747579,0.9942195911578865,0.2658429653248306,-1.2137431435409179e-05,0.11455043386063454,0.6141137809834369,1.0344270828685345,0.1437472106438431,0.006724240548456439,11437.47210643836
M15,50,4.0,H4,80,short,0.0,2994,139.62697906026557,-0.18339702990908338,0.45597388411719864,0.9477931399954095,0.2558450233800935,-0.00010721998699088472,-0.20497547475352978,0.5126140137569399,0.9420320082604303,-0.43218379853274624,-0.026048495162657503,5678.162014672525
M15,50,4.0,H4,80,short,1.0,2497,118.56854524180969,-0.15449691663631232,0.3885727686813787,0.9520300940223834,0.25350420504605525,-0.00010256698457267886,-0.1752258415702761,0.47354988754904603,0.9476738411785824,-0.3778926360772755,-0.022286032330959937,6221.0736392272565
M15,50,4.0,H4,120,both,0.0,6114,285.89662015106904,-0.07202941298241129,0.6473226751095882,0.9852202301443322,0.26038599934576384,-3.0438408847503303e-05,0.10295717828340914,0.7572536616979373,1.0245360399225558,-0.0030852802665949364,-0.0001444833009230928,9969.147197334081
M15,50,4.0,H4,120,both,1.0,4995,237.18457488299535,-0.1431155897979221,0.640855658703252,0.9680595671752703,0.25805805805805804,-6.874733004223941e-05,0.05859519204425186,0.7835047947210172,1.0145048114016302,-0.17370838178809833,-0.009019458874907182,8262.916182119028
M15,50,4.0,H4,120,long,0.0,3245,151.79767546106558,0.23944961463640874,0.3037416429219071,1.0716444573719948,0.27642526964560865,0.00014237176077409134,0.32106714405611253,0.3165284719162821,1.1242635264762206,1.1843307555166365,0.03722495406742676,21843.30755516632
M15,50,4.0,H4,120,long,1.0,2625,131.37589065497397,0.08183396930250857,0.3616142386590038,1.0256326826740347,0.2712380952380952,5.352401600132155e-05,0.2556418510764942,0.41267543319547884,1.0962909825284721,0.7699796822102443,0.028987990825771526,17699.7968221024
M15,50,4.0,H4,120,short,0.0,3008,140.90958060792613,-0.4080529732922653,0.5732970030541269,0.8893093869327554,0.24301861702127658,-0.00023679752444137552,-0.28462144564480985,0.6185798844184691,0.9184147765360772,-0.5677660462015068,-0.03853102988052459,4322.339537984965
M15,50,4.0,H4,120,short,1.0,2494,118.42609204368175,-0.32224156269202003,0.5386413680145121,0.9035009391492298,0.2441860465116279,-0.00021430104117799474,-0.2841039437254792,0.6316406542372794,0.9146131427151726,-0.5429236949960967,-0.03649323559707507,4570.7630500390305
M15,50,4.0,D1,20,both,0.0,6386,298.6156061963897,-0.180141347956569,0.7264426636907371,0.9646148463085776,0.2662073285311619,-7.304431196691559e-05,0.04901597731387756,0.8434277539202254,1.01187628249673,-0.2888827274535787,-0.015815259863170783,7111.172725464146
M15,50,4.0,D1,20,both,1.0,5238,248.72328393135726,-0.2587086622832511,0.7155300151664938,0.944893104036963,0.26594119893088963,-0.00011840668990027798,0.007562519842180358,0.8141242308341197,1.0018126098851683,-0.35922352283238745,-0.020912339595411167,6407.764771676055
M15,50,4.0,D1,20,long,0.0,3654,170.88649167733675,0.2838725233018937,0.21510038016741928,1.0796911339727813,0.2777777777777778,0.0001555613851630742,0.3522435692853483,0.23613371481756673,1.12701872157187,1.3430374253099164,0.04062307609128002,23430.374253098973
M15,50,4.0,D1,20,long,1.0,2967,148.00556541928435,0.11250105464505465,0.3095024449458945,1.0330660051063272,0.2750252780586451,6.74625745845751e-05,0.29755202187368573,0.3083123183856278,1.107853254906166,1.0277178035536396,0.03589261197203397,20277.17803553623
M15,50,4.0,D1,20,short,0.0,3181,149.01375529049633,-0.5307464787475736,0.6440388265072585,0.8649264398207102,0.25495127318453314,-0.00029519702827442515,-0.43824786240002817,0.7159383054581596,0.8841967280987059,-0.7070780122694041,-0.055895586330647395,2929.219877305977
M15,50,4.0,D1,20,short,1.0,2635,125.12139235569424,-0.4359095442295275,0.5772022761468519,0.8776353136653349,0.25768500948766604,-0.00027677836855768983,-0.37050397474140156,0.658748573631752,0.8943975933460205,-0.6326373345515897,-0.04643830241729807,3673.6266544841133
M15,50,4.0,D1,32,both,0.0,6470,303.8662080493764,-0.1296276215414734,0.6820157084047083,0.9739808995490992,0.25826893353941266,-5.379988066470084e-05,0.019217282169600565,0.7511282621177858,1.0047767869239737,-0.3300305975164771,-0.01863492051343807,6699.694024835192
M15,50,4.0,D1,32,both,1.0,5320,252.61700468018722,-0.23503906257421392,0.6827076333387467,0.948897201301836,0.256203007518797,-0.00011019302699718307,-0.02328884027641401,0.7544356373612344,0.9942457880170639,-0.43750329827518464,-0.02695125388953079,5624.967017248038
M15,50,4.0,D1,32,long,0.0,3757,176.67622634221706,0.1488217039127299,0.3429913488083213,1.0412972974564647,0.26537130689379823,8.274526467492512e-05,0.25092762895138554,0.33413098849415634,1.0893408528610786,0.8368054746933569,0.02900575191254995,18368.054746933507
M15,50,4.0,D1,32,long,1.0,3085,146.52747074122237,-0.013784213610615248,0.39640337177942764,0.9959039441833372,0.25996758508914103,-8.576400330037966e-06,0.1799586771453336,0.418515882262381,1.0640366700248578,0.44813105283274424,0.017742359938774932,14481.310528327374
M15,50,4.0,D1,32,short,0.0,3044,142.96271055676996,-0.4132546193574073,0.6240403281588847,0.8888103789829547,0.2519710906701708,-0.00023860091931903512,-0.3762714586193583,0.679486705644712,0.8942976227988368,-0.625095329792414,-0.04503156322415347,3749.046702075869
M15,50,4.0,D1,32,short,1.0,2503,124.94475194751948,-0.40609842408313307,0.5926982632042155,0.8828121288461169,0.2512984418697563,-0.00026269716529947273,-0.33954494713670497,0.634154974895887,0.9000729268198293,-0.5706747317250638,-0.04132934382657005,4293.252682749327
M15,50,4.0,D1,50,both,0.0,6485,306.5018439440994,-0.2147314864512757,0.6916510174854291,0.9582727764120886,0.25859676175790286,-8.62656414074112e-05,-0.02634212198388191,0.8782143472942738,0.9937882010304667,-0.5358282326452093,-0.03562449647108823,4641.717673547912
M15,50,4.0,D1,50,both,1.0,5356,254.35951111688988,-0.17289885139458588,0.6221118920567231,0.9630352003790819,0.2604555638536221,-7.964175367910219e-05,0.015086555777037035,0.7788558900112297,1.0036953690192427,-0.32479955721600506,-0.018478850678184888,6752.004427839811
M15,50,4.0,D1,50,long,0.0,3793,179.26931288819875,0.1666414470589241,0.28680007894104576,1.0455520614252232,0.26311626680727657,8.997135063717558e-05,0.28272341379525284,0.3274509618914967,1.0982767631856702,0.9844409403434939,0.032921535979912875,19844.409403434875
M15,50,4.0,D1,50,long,1.0,3115,147.93313613314263,0.12130004151462387,0.25423018172040546,1.0365805329295277,0.2622792937399679,7.505827405381537e-05,0.27994043373525507,0.26873874710939794,1.1034024455076548,0.9693092721285392,0.03270703871303304,19693.092721285346
M15,50,4.0,D1,50,short,0.0,2955,140.6271986970684,-0.565203307344828,0.6518021556619438,0.8507872123464296,0.2531302876480541,-0.0003262840904473202,-0.4558864482847342,0.7190337893042928,0.8737803882138802,-0.7078152867428407,-0.056871505588901305,2921.8471325716096
M15,50,4.0,D1,50,short,1.0,2462,123.72667859108421,-0.46827931704597414,0.5903698628130579,0.8677538341304578,0.25670186839967507,-0.00030280430800096853,-0.3921687348066858,0.6582118268355912,0.886890218788721,-0.6265201215806842,-0.048290323235304355,3734.7987841931254
M15,50,4.0,D1,80,both,0.0,6455,308.67880989787903,-0.3106901665373478,0.7249292590365561,0.9406091391210069,0.2630518977536793,-0.00012315815089812397,0.014191340162721772,0.8157493525966507,1.0031043349566646,-0.4166667021609094,-0.025445538367529497,5833.332978390777
M15,50,4.0,D1,80,both,1.0,5412,269.93486276116346,-0.2965013534161316,0.7142626585103662,0.9393512336476643,0.26348854397634885,-0.0001307396391275472,-0.001609980565634749,0.8180956968047445,0.9996317388853388,-0.39992881505060907,-0.025150894296042225,6000.7118494938195
M15,50,4.0,D1,80,long,0.0,3664,175.60372654507282,0.1686258381552475,0.3733833765863537,1.0457683454398046,0.27347161572052403,9.248963099304995e-05,0.3385668806198946,0.38588598656113304,1.1117030823827685,1.3358789030825169,0.04149847433620146,23358.78903082504
M15,50,4.0,D1,80,long,1.0,3033,151.29790357825732,0.11793008659372263,0.3853323238632699,1.0342876460501813,0.2713484998351467,7.194221155345837e-05,0.3119693329645941,0.43375641702024925,1.1106763021168808,1.1699121632472491,0.039400809318866026,21699.121632472317
M15,50,4.0,D1,80,short,0.0,2996,143.26904948939514,-0.6912028699362106,0.7027443606892703,0.8223072696093181,0.24899866488651534,-0.0003809534947353301,-0.4909208611982978,0.7466749024537536,0.866799713472764,-0.737994015125119,-0.062041597740659205,2620.0598487487937
M15,50,4.0,D1,80,short,1.0,2539,128.1251381597126,-0.6270019348194775,0.6791031805650929,0.828581835865899,0.25246159905474597,-0.0003833699972446512,-0.5119127258361862,0.7528384835764121,0.8575825239525803,-0.7219110850709178,-0.06254175600049505,2780.8891492908087
M15,50,4.0,D1,120,both,0.0,6430,312.1836368470025,-0.2598299749131389,0.769440482931737,0.9505971340329069,0.2622083981337481,-0.00010205050236877345,0.02177821850053144,0.8653340387105101,1.004873133846509,-0.47560076043671684,-0.030853835059501566,5243.992395632861
M15,50,4.0,D1,120,both,1.0,5447,271.68056124539123,-0.34496192653110724,0.7763840779460283,0.9305262639768681,0.26014319809069214,-0.00014947016921557598,-0.08060083987741298,0.870118388501829,0.9816996657335113,-0.6407970066038364,-0.04978551545334642,3592.0299339614867
M15,50,4.0,D1,120,long,0.0,3635,176.483284593912,0.20689784888767593,0.4355530903482945,1.0563189281751642,0.2731774415405777,0.00011472057257345071,0.3431924927040181,0.5033332936941615,1.1094969181073764,1.3544024529505667,0.04244996915004795,23544.024529505718
M15,50,4.0,D1,120,long,1.0,3068,153.02294141745185,0.09039044872737213,0.4665846000857191,1.0261465061858612,0.2692307692307692,5.528581339284206e-05,0.30866283307023434,0.5561590795884206,1.103791410008075,1.17706959463167,0.039566057246958275,21770.69594631654
M15,50,4.0,D1,120,short,0.0,2950,145.803450608931,-0.561209107707071,0.6392559890599138,0.8529814493672889,0.2511864406779661,-0.00030896065514728646,-0.3392294206442063,0.6385732721086314,0.9038542763173891,-0.6185637174586561,-0.046519479496275995,3814.362825413423
M15,50,4.0,D1,120,short,1.0,2509,128.85436586051745,-0.5169229554441642,0.6129444265749343,0.856311359809158,0.2526903148664807,-0.0003147859223069,-0.32531726439256337,0.6182631136896921,0.9034813532927715,-0.5813701689188248,-0.04373472714814597,4186.298310811732
M15,50,3.0,none,0,both,0.0,10923,578.4581339712919,-0.9499555955629693,0.9005576602845048,0.8708312039869442,0.2251213036711526,-0.00019888011532393787,-0.6229388480318447,1.0000507640155039,0.5348504005416669,-0.9999999999991107,-0.7699570433918562,-1275.4321766771116
M15,50,3.0,none,0,both,1.0,8866,482.53710326329906,-0.8957169693355536,0.8889179358786057,0.8673482984751177,0.2224227385517708,-0.00021363207890161222,0.19052963358787586,1.0001087258112598,1.39833968494979,-1.0001219929990526,,-861.3653605842987
M15,50,3.0,none,0,long,0.0,11742,544.9511435832275,-0.14783978814562854,0.7149913648477516,0.9771738832351508,0.21972406745017883,-3.2943721393584015e-05,-0.07897166058044276,1.0060071917381785,0.9428218164667301,-1.0001061802516338,,2915.2433813739995
M15,50,3.0,none,0,long,1.0,9707,460.93106474258974,-0.2948303936606666,0.7520943538934192,0.9514259701233678,0.21613268775110744,-7.287762052395857e-05,0.2190904049574794,1.0000375875206964,5.641807496498799,-1.0000000550636912,,45.22661393098143
M15,50,3.0,none,0,short,0.0,11079,546.9123868090282,-0.8868191666050682,0.8885978351119042,0.8736040456391033,0.2227637873454283,-0.00018625986233242013,-0.0354656238267317,1.0001553979260305,0.9764784005496453,-0.999968190701413,-0.40023022413824616,-363.75122715350716
M15,50,3.0,none,0,short,1.0,9031,480.1415938864629,-0.7730107785732989,0.8548480893303857,0.8811297383939646,0.2195770125124571,-0.00018190001604024216,-0.18309281607149783,1.0001233963722609,0.8435445380477653,-0.9998266139638042,-0.36897922957726614,-289.8331376326404
M15,50,3.0,H4,20,both,0.0,9879,459.01345248696094,-0.34843246025402014,0.6874917481248347,0.9413077639201612,0.21763336370077943,-8.379962305778434e-05,0.12524377295502537,1.0118893530002837,1.3740695268828802,-0.9999999999999895,-0.775853040825962,56.10884893616747
M15,50,3.0,H4,20,both,1.0,8173,407.6455346169602,-0.32285011875530145,0.6431332812875878,0.9422308433214888,0.21571026550838127,-8.5428663226446e-05,-0.29222965932651457,0.9430858483859165,0.943757380439922,-0.9146701133124306,-0.11552323904478223,853.2988668757124
M15,50,3.0,H4,20,long,0.0,5057,235.08581519663994,-0.1139139442109262,0.4290516514539019,0.9733360389806149,0.22562784259442356,-3.870504194464039e-05,0.04847057633339708,0.6305336219258215,1.0124162777724675,-0.08774792936775222,-0.004260235041892213,9122.52070632241
M15,50,3.0,H4,20,long,1.0,4137,206.39793061057233,-0.08218972486219779,0.39610854937207274,0.9795492497543261,0.22649262750785593,-3.083477366115837e-05,0.06170400445023081,0.5452674028834631,1.0159200819770644,-0.029001534295487463,-0.0014672261134872633,9709.984657045048
M15,50,3.0,H4,20,short,0.0,5545,257.6404083449943,-0.4062422913565019,0.608702443721184,0.9091833416601247,0.21442741208295762,-0.00012771330349419915,-0.6648863866332557,0.8544103969103681,0.8614300662287121,-0.8279314720595122,-0.07851563142946716,1720.6852794048712
M15,50,3.0,H4,20,short,1.0,4610,229.9648320131112,-0.38974532746136953,0.6028730506756144,0.9072346268862727,0.20932754880694143,-0.0001352013235864832,-0.6586380371532181,0.835798561662725,0.8584833985473077,-0.7990757009386187,-0.07693447088196992,2009.2429906137772
M15,50,3.0,H4,32,both,0.0,10260,477.01947556008145,-0.41997896100731663,0.7129262569540566,0.9299375437063722,0.21998050682261208,-0.00010155567807857274,0.1561939981970821,1.0004856508463498,2.1002195779315516,-1.0,,-59.51157793169972
M15,50,3.0,H4,32,both,1.0,8487,423.24914664117966,-0.3932062876603605,0.6776748712334183,0.9298379170570285,0.2177447861435136,-0.00010575100592987554,0.06410735160736548,1.0094580250969487,1.0315523106066709,-1.005795491932684,,509.30734472302555
M15,50,3.0,H4,32,long,0.0,5168,240.36826690436777,-0.25245418963310573,0.5747243917107389,0.9435308215790695,0.22639318885448917,-8.247257772130757e-05,-0.0029483182400778926,0.8723452627308125,0.9992466460737767,-0.3488451924146091,-0.01975578226062258,6511.548075854077
M15,50,3.0,H4,32,long,1.0,4201,209.59093703046034,-0.30302771053550887,0.5837246667435467,0.9279148045074483,0.22399428707450608,-0.00010962179972340527,-0.053412386651744706,0.8751119542977961,0.986300290326589,-0.4348727619480719,-0.02807132331672435,5651.272380519394
M15,50,3.0,H4,32,short,0.0,5614,261.0456397199236,-0.3450991829630223,0.540135759072621,0.9190963156117725,0.2144638403990025,-0.00011564551399518288,-0.39373886470196395,0.8444858436309451,0.8864329877513814,-0.8172703052615098,-0.0759939191324357,1827.2969473848675
M15,50,3.0,H4,32,short,1.0,4684,233.62433428922571,-0.26370619645053167,0.5028285647766897,0.9335570621632144,0.21157130657557643,-9.85976392662874e-05,-0.3633714300815141,0.7691565088421106,0.8998204001174938,-0.7027631901124567,-0.058717714576179914,2972.3680988754145
M15,50,3.0,H4,50,both,0.0,10532,490.28970175885803,-0.26602813209324233,0.7085322830015259,0.9567405906306257,0.21942650968477023,-6.223686810925724e-05,-0.13487424903493694,1.0350225099711674,0.5198764684882495,-1.000000000182537,,302.4818213249598
M15,50,3.0,H4,50,both,1.0,8715,434.61957263790276,-0.31972519846598046,0.7224211687256679,0.9450572697099996,0.21480206540447505,-8.242866513405554e-05,0.22730410477586022,1.0000434528425446,11.092060603700778,-0.9999999999999002,-0.7752760772725609,379.04316359818455
M15,50,3.0,H4,50,long,0.0,5370,250.0819201836032,-0.13483477270541566,0.5050186204039029,0.9691844020374727,0.2217877094972067,-4.432503058802778e-05,0.0025797355850187024,0.8658709903201691,1.0006625396557556,-0.32802892186225474,-0.018343189932676807,6719.710781377741
M15,50,3.0,H4,50,long,1.0,4341,216.5756385739653,-0.1928798746429409,0.5054524960838384,0.9532213817678309,0.21884358442755125,-7.045026092224033e-05,-0.0445260667591953,0.8619952107903109,0.9885957024938676,-0.4147232838028092,-0.026371038555494386,5852.7671619719595
M15,50,3.0,H4,50,short,0.0,5586,260.24062499999997,-0.3405145323262334,0.6105768212807978,0.9204515554820886,0.21643394199785176,-0.00011598314408788881,-0.45700877151564645,0.8664810942909034,0.8730976670941079,-0.8388554851639313,-0.08152836439586364,1611.4451483606645
M15,50,3.0,H4,50,short,1.0,4704,234.621876280213,-0.3632685894197014,0.6189573028677029,0.9102786132503343,0.210671768707483,-0.0001364827648289856,-0.495008783058293,0.8341195116328144,0.8742994563443357,-0.8008405248731135,-0.07733047350704425,1991.5947512688508
M15,50,3.0,H4,80,both,0.0,10790,503.1338567598621,-0.22947181124903931,0.7164856036639706,0.9631226371775155,0.2216867469879518,-5.33998350606826e-05,0.2981080329106809,1.0045244070645458,2.7988816181521314,-0.9999720540491739,-0.3867134054477479,1122.7587472793555
M15,50,3.0,H4,80,both,1.0,8908,444.24453850354996,-0.3629725117069625,0.7404519825423246,0.9386067789037822,0.21587337224966321,-9.272369147476789e-05,0.21297733143403244,1.0004092100511521,1.68784869616049,-0.9999999994845657,-0.655797997150354,617.2797187062345
M15,50,3.0,H4,80,long,0.0,5622,262.5205190488366,-0.1014080386871544,0.4985937252390077,0.9773446406735833,0.21896122376378513,-3.289234897011049e-05,0.08873834112584264,0.7920162164824754,1.0228989302728035,0.01456941614488283,0.0006756418844040546,10145.694161448806
M15,50,3.0,H4,80,long,1.0,4558,227.40192596639804,-0.18438624073855336,0.5416585199119883,0.9562351360735956,0.2152259763053971,-6.610144667019078e-05,0.014880245571544543,0.8411067695757448,1.0038633583506706,-0.2370318145067153,-0.013406702954153471,7629.681854932777
M15,50,3.0,H4,80,short,0.0,5461,254.64448487169668,-0.2659965977223836,0.5993654256489507,0.9367245536001567,0.2252334737227614,-9.304764517379409e-05,-0.417893071639429,0.8217062579253938,0.8859620059284395,-0.7784410505479961,-0.06786160066120994,2215.589494519999
M15,50,3.0,H4,80,short,1.0,4602,229.56576072111446,-0.34307913961608605,0.5997230572549123,0.9142791912153384,0.21729682746631898,-0.00013185808943447255,-0.4529971104107028,0.8391371276481733,0.8719160949128586,-0.8084030905074383,-0.079120656246083,1915.9690949256033
M15,50,3.0,H4,120,both,0.0,10954,512.088634327403,-0.255342085900433,0.7241580098265643,0.9603034570065413,0.22046740916560162,-5.790095905674535e-05,-0.3535496867735873,1.501127607808773,0.42196270708758893,-1.5285589380228943,,1884.1803241276923
M15,50,3.0,H4,120,both,1.0,9066,452.12404423812126,-0.3423697956607595,0.7384861468673638,0.9440479309015709,0.2186190161041253,-8.470154400713082e-05,-0.35379484636742753,1.000940594183064,0.7749859369934685,-0.9998917420877029,-0.3657837655325068,744.7795255016107
M15,50,3.0,H4,120,long,0.0,5733,268.1150128040973,-0.19164184894452294,0.569875827864593,0.9594334151479624,0.22012907727193443,-5.9023771862699184e-05,0.026846252551308483,0.8195863155282045,1.0065399597326972,-0.25870781856436076,-0.01390263187599905,7412.921814356423
M15,50,3.0,H4,120,long,1.0,4692,234.08728315803853,-0.2981647460017355,0.5840512767037618,0.9340634607557636,0.21930946291560102,-9.956630434694709e-05,-0.05725281058592563,0.8528493656018679,0.9860872596741327,-0.4661751572770002,-0.030830524268690707,5338.2484272300935
M15,50,3.0,H4,120,short,0.0,5456,255.5532187740446,-0.20102009853801672,0.44912179463080326,0.9551489386580714,0.22030791788856305,-6.536248437453504e-05,-0.27595979305727114,0.650730227984536,0.9382375678708679,-0.5422295919661467,-0.035937697603482754,4577.704080338507
M15,50,3.0,H4,120,short,1.0,4580,228.43711593609174,-0.20810426763457646,0.4741865816394396,0.9508817668807417,0.21746724890829694,-7.422169941229915e-05,-0.3276150428264807,0.6872760665652368,0.925315408074796,-0.579210202033725,-0.0422559499010452,4207.897979662697
M15,50,3.0,D1,20,both,0.0,11204,523.775886343274,-0.2884724587161654,0.7348014558584961,0.9560643733117048,0.22250981792217064,-6.457992924059871e-05,-0.1185331873335636,1.0001925781346115,0.9135427542862796,-0.9999836353609347,-0.4026142302023784,1957.3597115957934
M15,50,3.0,D1,20,both,1.0,9281,462.8461564718733,-0.34650566056416565,0.7153835801873354,0.9444315432755919,0.22163559961211077,-8.460273347310879e-05,-0.19104668076002684,1.0052561370133182,0.5195158903444167,-1.0006312831093578,,1567.3177066263156
M15,50,3.0,D1,20,long,0.0,6282,293.71486175115206,-0.043737254200421974,0.47159187576281947,0.9909721097886358,0.2204711875198981,-1.2972430936591437e-05,0.12476994092059454,0.6450985390814756,1.0288202520000505,0.17315085460776913,0.00749439626783599,11731.5085460776
M15,50,3.0,D1,20,long,1.0,5169,257.84993854138213,-0.17491431497745816,0.5207096693242729,0.9623415483296884,0.21861094989359645,-5.5920304302695225e-05,0.08035362273821861,0.768903247473276,1.0193599722562108,-0.04014032536905965,-0.0020415661020734,9598.596746309362
M15,50,3.0,D1,20,short,0.0,5425,254.1338014621008,-0.40222628305283276,0.5546454219807919,0.9139009635635255,0.22377880184331797,-0.00012909029128994198,-0.40372263317864726,0.7344536358725613,0.9121464251143137,-0.7162903888575368,-0.057307791829723675,2837.0961114246115
M15,50,3.0,D1,20,short,1.0,4524,225.73647540983606,-0.3408711633936153,0.5069422345701329,0.9221584244781608,0.22435897435897437,-0.00012095210949872518,-0.4443006512493672,0.7411792620615095,0.9019834826106341,-0.7062899918347373,-0.05930149507713378,2937.100081652587
M15,50,3.0,D1,32,both,0.0,11288,530.1455574128842,-0.36624216979855395,0.7860519769874258,0.9436043628694306,0.2190822111977321,-8.305987587728787e-05,-0.35061674130274983,1.0017282444304545,0.5869962622288117,-0.99740936210308,-0.2440038502029973,-363.8962609076062
M15,50,3.0,D1,32,both,1.0,9389,445.8310257410297,-0.4912981256747641,0.7979938803200622,0.9188360648375445,0.21535839812546598,-0.00012417043499955227,-0.017091841030241854,1.0002231844225609,0.9459458656916291,-1.0000000000006883,,-542.5616626218263
M15,50,3.0,D1,32,long,0.0,6476,304.50038619979404,-0.22165304043564413,0.5811960056955962,0.9546558462689846,0.2127856701667696,-6.632016635441865e-05,-0.09228391482594418,0.8478304735388138,0.9784217487768936,-0.6045726176263113,-0.04268657650973329,3954.2738237368335
M15,50,3.0,D1,32,long,1.0,5399,256.4349479843953,-0.3697740364026535,0.6001912822899558,0.9197010665602081,0.2091127986664197,-0.00012150699530458374,-0.1556187398822389,0.9068406159622932,0.9624903980640204,-0.7582829404317823,-0.06522066765474366,2417.1705956822757
M15,50,3.0,D1,32,short,0.0,5187,243.6095859585959,-0.31048533495224184,0.5494133944247384,0.9302642754162352,0.22672064777327935,-0.00010289775294206766,-0.3779049563224286,0.697895193044459,0.9130351134204872,-0.6497835060863177,-0.0480819080011492,3502.164939136783
M15,50,3.0,D1,32,short,1.0,4286,213.8608606557377,-0.3495139781170562,0.5466076090423353,0.9165558213601058,0.2225851609892674,-0.00012878174920344222,-0.4228625770855174,0.713522588713372,0.9004269872765871,-0.670254081886137,-0.053853606506173546,3297.4591811385544
M15,50,3.0,D1,50,both,0.0,11267,532.5144604037267,-0.49753379176165363,0.8089123036941814,0.9248368595466251,0.21629537587645337,-0.00011073682650847886,-0.40031129013322825,1.0001960161482575,0.6713561645554428,-1.0000010904953058,,-1286.5951399501414
M15,50,3.0,D1,50,both,1.0,9424,447.4929797191888,-0.5139174378437872,0.7898517885493749,0.9159041280558144,0.21487691001697792,-0.00012871248588704765,-0.2352639902075195,1.0456869011040433,0.2026522542080653,-1.051065659413806,,-799.2676638608996
M15,50,3.0,D1,50,long,0.0,6421,303.4769992236025,-0.16418453845503578,0.5415222104290138,0.9663033917684782,0.21102631988786794,-4.8987541701033256e-05,0.02243996878019304,0.8196155623149276,1.0053138574647882,-0.31709911582501393,-0.01786494176038045,6829.008841750056
M15,50,3.0,D1,50,long,1.0,5333,253.2343018720749,-0.24167154974690228,0.5340929346570102,0.9465643543144374,0.2092630789424339,-8.026223095688481e-05,-0.060720045590133415,0.8737879057681193,0.9851153102894595,-0.5612234123254729,-0.038360830014145364,4387.765876745447
M15,50,3.0,D1,50,short,0.0,5134,244.35672400312743,-0.5886423808239885,0.6612043808833443,0.8734035493415848,0.22282820412933385,-0.00018893779518738035,-0.6265291972745916,0.8486329335682739,0.8666314318996762,-0.8407811067587837,-0.08374087623484838,1592.1889324121635
M15,50,3.0,D1,50,short,1.0,4332,217.70266923500276,-0.5280412374217998,0.6365275187395771,0.8789620632483099,0.22160664819944598,-0.00018882572542536655,-0.5898983389680774,0.8102620739057075,0.8695816171282442,-0.7938094880861869,-0.07628310406710404,2061.9051191381186
M15,50,3.0,D1,80,both,0.0,11221,536.5894540455618,-0.5225378202954759,0.8039178173547682,0.9221630140962005,0.21923179752250246,-0.00011463330537175349,0.0976024695459348,1.0008538590428582,1.4099189712407105,-0.9999999999984951,-0.7279506863834262,120.86874120660053
M15,50,3.0,D1,80,both,1.0,9482,472.87008465319497,-0.5406622869005203,0.802648747560067,0.914689163939229,0.21672642902341277,-0.00013003066268285548,-0.2606444413980223,1.0000027530494917,0.40718694259898186,-0.9999911365048124,-0.44019651274134297,-196.8015242030379
M15,50,3.0,D1,80,long,0.0,6274,300.6926256396798,-0.1363321871631426,0.5079489713975445,0.9723556788530181,0.21756455211985973,-4.084910551900866e-05,0.08896325368866145,0.6441300299316732,1.019930790226079,0.002846965042360816,0.00013626129311661295,10028.469650423529
M15,50,3.0,D1,80,long,1.0,5272,262.98798142583996,-0.21216974702050262,0.5238788561154758,0.9549552395390066,0.21509863429438544,-6.881575699187192e-05,0.04303139394830268,0.7504155189077296,1.0099916867406864,-0.18224809661225305,-0.009986260506701039,8177.51903387743
M15,50,3.0,D1,80,short,0.0,5186,247.99509033778477,-0.6047588092978987,0.6537896161918162,0.8691709489264333,0.22059390667180873,-0.00019153806363772264,-0.5415942346891811,0.8278494542313497,0.8812582932780659,-0.8236591252977383,-0.0796341049665138,1763.4087470225863
M15,50,3.0,D1,80,short,1.0,4400,221.24174008810573,-0.5700296278527514,0.6594182316528141,0.8685856634225978,0.2177272727272727,-0.00020002684281992405,-0.5930972192181736,0.8419306075035893,0.8671109836722399,-0.8209510917031457,-0.08285550786023033,1790.4890829685223
M15,50,3.0,D1,120,both,0.0,11139,540.8108135052505,-0.44374082880752885,0.8249434412471791,0.9331126082525306,0.2189604093724751,-9.839668922370449e-05,-0.1838792222219062,1.0002506521557477,0.8239755625631952,-0.9999999989144118,-0.6329108140973059,88.18035811253739
M15,50,3.0,D1,120,both,1.0,9524,474.96463681048607,-0.5654572071297934,0.8385741821173737,0.9105205680268281,0.21598068038639226,-0.00013659555228385387,0.03990444954325479,1.005916417698401,1.0416251325428794,-1.0000000000000002,,229.6066328062659
M15,50,3.0,D1,120,long,0.0,6252,303.5415392795427,-0.06958419390618262,0.5806196330739244,0.9857134343925532,0.2200895713371721,-2.1112757092728798e-05,0.10878142633077115,0.7793756257019934,1.0252959783627358,0.02501575583532678,0.0012003198561749695,10250.1575583538
M15,50,3.0,D1,120,long,1.0,5358,267.20501092299287,-0.24641901291055965,0.6103483517807583,0.9475492213222274,0.21575214632325496,-7.988237832621675e-05,0.03222821451323247,0.8593745710103641,1.0076608138243501,-0.3295795328028459,-0.019743145506536885,6704.204671971596
M15,50,3.0,D1,120,short,0.0,5073,250.69858611825194,-0.5771576578762377,0.6341383301241814,0.8754786359213257,0.21841119653065247,-0.00018166438711203798,-0.549912674727671,0.8148306416370831,0.8818298943887128,-0.8086673659280623,-0.07847462263195948,1913.3263407193463
M15,50,3.0,D1,120,short,1.0,4326,221.51570166830228,-0.539498946980692,0.6190459060508572,0.8759885013302765,0.21752196024040685,-0.00018917532962296033,-0.5886135372030541,0.8167680138096981,0.8692621851961004,-0.8008329751993427,-0.07930462059255894,1991.6702480065287
M15,50,2.0,none,0,both,0.0,14371,913.1885438413361,-1.0344295329347053,0.8877740109234149,0.8804016437696154,0.2047874191079257,-0.00014316793914974856,-0.24358605121302185,1.000198093873067,0.12428614575620416,-1.0,-0.9234391687374801,-1190.3962731694694
M15,50,2.0,none,0,both,1.0,10987,776.81024970964,-1.0299415752003334,0.8537816004790719,0.872175287054185,0.19859834349685992,-0.00016246527988853995,-0.4805788669205963,1.0000956118628659,0.43509269790737704,-0.9999999999997187,-0.8703942919218277,-763.8089952184475
M15,50,2.0,none,0,long,0.0,14446,847.6146987951807,-0.6966073451162907,0.8379966300776348,0.907543968691204,0.17561954866399004,-0.00011038120263063437,-0.33047763360740495,1.0159853317445,0.5171758177275542,-0.9994451564235208,-0.35588236684085717,-2903.8077439935837
M15,50,2.0,none,0,long,1.0,9138,728.7455240174672,-1.002947733225816,0.8347356375921875,0.8616746184316255,0.16622893412125192,-0.00018123165932151615,-0.5137715904125891,1.0010329996955312,0.7660673666119546,-1.0010630845023332,,-1566.2300475643938
M15,50,2.0,none,0,short,0.0,10895,846.680585106383,-1.6258885184075291,0.9061243313046684,0.824114492166021,0.21367599816429556,-0.00020963528674850844,-0.33226572478649485,1.0016595524625433,0.6601007186465553,-0.9999999999999998,-0.9396682133556451,-144.79922788120703
M15,50,2.0,none,0,short,1.0,9340,715.3355001048438,-1.4718697253628585,0.8754898939716216,0.8260147037190385,0.20524625267665952,-0.000210156460797247,0.09585116856246059,1.0000789255810492,1.2166391776323886,-0.9999999999995813,-0.8872863958139746,-101.64636588598799
M15,50,2.0,H4,20,both,0.0,11007,755.4127677564826,-1.0793518905130997,0.8549077240272867,0.8622091867595423,0.19260470609612065,-0.00016159499083754776,-0.5132453088651956,1.000378725494878,0.8124536147855635,-1.0003936365367052,,-1040.9260112660415
M15,50,2.0,H4,20,both,1.0,9730,646.8661266836549,-1.0207713042633684,0.83217347014287,0.8584184892845113,0.18622816032887976,-0.0001726892569674536,-0.7779577780897768,1.000390550469353,0.7152700711976961,-1.0003965199840241,,-720.2278679064669
M15,50,2.0,H4,20,long,0.0,8027,373.10533850852636,-0.39874067052117457,0.6329219277984484,0.9193892805813726,0.17926996387193223,-9.136001045622271e-05,0.23454546924053907,0.9940238366617627,1.108959868360025,-0.8453153950696206,-0.08309476384852021,1546.8460493038117
M15,50,2.0,H4,20,long,1.0,6560,327.4173271385625,-0.3398658624007282,0.5507059195059943,0.926297717692872,0.17667682926829267,-8.568575741783981e-05,-0.018174240372338186,0.9041838929298314,0.9951734926282942,-0.6811992841653576,-0.05546063417385072,3188.0071583466183
M15,50,2.0,H4,20,short,0.0,9083,428.8476926059979,-0.916961247517047,0.7775563861612095,0.8543328308859486,0.20367719916327204,-0.00015684918072892838,-0.5403298916562188,1.000746362128773,0.6340687738399603,-1.000757977264628,,-172.1831381592603
M15,50,2.0,H4,20,short,1.0,7655,383.01215753424657,-0.9693532692115167,0.763014698069694,0.8398340709111648,0.19790986283474854,-0.00018015726106789188,-0.44687536165446334,1.0014187573216278,0.46629176766994884,-1.0000719703654746,,-138.8813230976811
M15,50,2.0,H4,32,both,0.0,12089,774.9222972972973,-1.1035902676862457,0.8695726087911332,0.8602134552308611,0.19290263876251137,-0.00016004545489231532,-0.21450527527974889,1.0000055892451767,0.6542954509594893,-0.999999999999938,-0.8576577230323046,-936.020390689644
M15,50,2.0,H4,32,both,1.0,10383,668.8519841269841,-1.0447978533700808,0.8454541760912809,0.8593240775524414,0.18530289896946933,-0.0001702925557909425,-0.49681604517243916,1.0000732484805437,0.6387204941602799,-0.999970300861136,-0.48906781410653555,-564.5854109529728
M15,50,2.0,H4,32,long,0.0,8273,384.7845727747358,-0.582089895712315,0.7421396776037474,0.8877558772796118,0.174906321769612,-0.0001269435019032966,-0.6559685685545588,1.0000845139214116,0.4711699688727017,-1.0,-0.9145194692050997,-448.5136648254925
M15,50,2.0,H4,32,long,1.0,6766,338.62448616059197,-0.6595253553543273,0.7388792537133664,0.8663143503425,0.16967188885604492,-0.00015594579055779428,-0.11530399207146208,1.002088761775201,0.5772276653394771,-1.000000000287487,,47.54702148682663
M15,50,2.0,H4,32,short,0.0,9013,423.29924778192105,-0.852797096856544,0.7801302447878116,0.8539050026055997,0.20880949739265506,-0.00015990777887589993,-0.12487515296585788,1.0045456551597278,0.7971989811643484,-1.0045557803187046,,-476.6887342667506
M15,50,2.0,H4,32,short,1.0,7615,379.81411306841454,-0.6924928707463581,0.7061698947411159,0.8724990170629221,0.20433355219960603,-0.000145359275659662,-0.09339106999819781,1.0013725184876745,0.932719688897697,-1.00114493932051,,211.04163248669917
M15,50,2.0,H4,50,both,0.0,13044,791.6784646061815,-0.9031835918252277,0.8473414957336739,0.8834768516608571,0.1920423183072677,-0.0001348839207197954,-0.5002025971767274,1.0000193258010026,0.8387686679032289,-0.9999943397271815,-0.5196759069066612,-1195.1402594765916
M15,50,2.0,H4,50,both,1.0,10345,677.0312220032251,-0.9294911161574311,0.8224777043577451,0.8717031862743269,0.18463025616239728,-0.00015682972792278632,-0.2315835628185327,1.0003100243577776,0.7370671606502649,-0.9999999999999605,-0.8673119940619033,-789.5218079593774
M15,50,2.0,H4,50,long,0.0,8632,401.94263131055584,-0.499597847047277,0.7218536402707205,0.9021794134186505,0.17377201112140872,-0.00011051122520741694,-0.38530996050571603,1.0011842138780975,0.2764648598241979,-0.999999709993384,-0.5038855139870835,-187.24889124453733
M15,50,2.0,H4,50,long,1.0,7053,352.9882502055358,-0.5952657624946327,0.7291410612256217,0.8770029043748123,0.16702112576208705,-0.00014422201571924348,-0.3357255722309837,1.001784891455367,0.7303242369634603,-0.9999999949851394,-0.6157490929607448,-173.48556850045372
M15,50,2.0,H4,50,short,0.0,8876,413.46244101517664,-0.709208365065302,0.6954120407349649,0.8841786369581047,0.20910319963947724,-0.00012654090114376458,-0.6710128439251712,0.9692175494669386,0.8825007466829754,-0.9672457918252787,-0.14721791075157675,327.5420817472124
M15,50,2.0,H4,50,short,1.0,7428,370.4870954526833,-0.6214925901806361,0.6470160483869838,0.8926603615987264,0.20490037695207325,-0.00012138677291661357,-0.7102210744346661,0.9469771634132145,0.8777419956779258,-0.9406483442736753,-0.13139487476622935,593.5165572632251
M15,50,2.0,H4,80,both,0.0,12968,802.6710726995424,-0.7928561979203144,0.8370554039002243,0.8977858054897974,0.192550894509562,-0.00011832303532031076,-0.18718829299305506,1.0002680675024593,0.5592129299995096,-0.9999999999999961,-0.8716943796956245,-1241.1170387463217
M15,50,2.0,H4,80,both,1.0,9715,675.1148687214612,-0.9772260477396406,0.8281590752734271,0.8655633815281195,0.1838394235717962,-0.00016550376200032374,0.2568453571536744,1.000718715441961,1.3198262270157932,-1.0000000057807565,,-659.683338397645
M15,50,2.0,H4,80,long,0.0,8891,415.1671886985426,-0.4089351935898646,0.7213229119341915,0.9205657149341802,0.17253402316949726,-9.017690025808311e-05,-0.41258078931934183,1.0004601935080746,0.2818678194260686,-0.9999883984314591,-0.4117844127122261,382.3527027016195
M15,50,2.0,H4,80,long,1.0,7229,360.7093237704918,-0.5121122096237538,0.7340313116973229,0.8949211995965088,0.1661363950753908,-0.00012380605419932858,-0.17832876263547448,1.000388096640764,0.7109165785404409,-1.000000000822547,,163.12558971081185
M15,50,2.0,H4,80,short,0.0,8705,405.91104940635773,-0.601002109373709,0.7241424961051608,0.8924777171124234,0.21401493394600804,-0.00011928373139493987,-0.7386423808126479,0.9844867023340607,0.8422163778955348,-0.9810166703101436,-0.16877017458296384,189.83329689856268
M15,50,2.0,H4,80,short,1.0,7358,367.14610655737704,-0.6798647499840191,0.7187706639345002,0.872780099840557,0.20684968741505844,-0.00014722908388946107,-0.7595400302520616,0.981228082037662,0.8396996825153115,-0.9779005075843452,-0.1732223120666595,220.9949241565439
M15,50,2.0,H4,120,both,0.0,12369,809.4924296721017,-0.9851530531837747,0.8692762355832715,0.874080324348574,0.1891017867248767,-0.00014710863043055839,0.075721796213216,1.0001344968128811,1.2752967854137918,-1.0000000142561036,,-1203.1117210734228
M15,50,2.0,H4,120,both,1.0,9434,679.5047327943206,-1.0771215412564827,0.8427631694821258,0.8528285919842792,0.1826372694509222,-0.00018267420917740388,0.23470799202175865,1.0002202389624966,2.9981752293608,-1.0000668064365872,,-733.3970928086679
M15,50,2.0,H4,120,long,0.0,9046,423.0539692701665,-0.5352097237372259,0.7550961205552622,0.8991433059263142,0.17388901171788637,-0.00011593857060901967,-0.19815015655463877,1.001521336181182,0.3729720575371843,-1.0016015348274416,,-948.0942630279811
M15,50,2.0,H4,120,long,1.0,7454,373.0574815017813,-0.6829854028527237,0.7652487637613803,0.8664450688583522,0.16850013415615778,-0.00015894339810391362,-0.7759423948034517,1.0002607911379182,0.5550303080807868,-1.0000000025379112,,-552.1591237661968
M15,50,2.0,H4,120,short,0.0,8567,401.2176881651494,-0.5646738308753381,0.6476818811611874,0.904073738566166,0.21150927979456052,-0.00010497100111750208,-0.5094438289151766,0.8980884935518403,0.9085190285179285,-0.8889035922262591,-0.09779061950157986,1110.9640777373972
M15,50,2.0,H4,120,short,1.0,7201,359.16499385497747,-0.5053735619548373,0.6115700841230851,0.9089945291291064,0.20858214136925426,-0.0001031765576613566,-0.4535978141171468,0.8609277350448442,0.9155994426646369,-0.8374298361274704,-0.08662524131681693,1625.70163872528
M15,50,2.0,D1,20,both,0.0,13340,821.3814902225218,-0.8596318175476476,0.8515965214364284,0.8921276483707359,0.19100449775112444,-0.00012687689175324633,0.27071256824229084,1.0007185023892309,4.789854367906087,-1.0,,-1598.5375966042482
M15,50,2.0,D1,20,both,1.0,10058,693.2788261936215,-1.0026932169241385,0.8399178380698996,0.8667316305425868,0.18482799761383972,-0.0001660808174062981,0.08526409026993603,1.000154253172539,1.114841312228782,-0.9999999999999996,-0.9120393569359122,-829.4403095953232
M15,50,2.0,D1,20,long,0.0,9758,456.2352150537634,-0.43033601919559566,0.7466861683124288,0.9232547957120786,0.1752408280385325,-8.845297863324246e-05,-0.17657348589500407,1.0014394704263172,0.8367810475581038,-1.0015881515354996,,-945.5789688929254
M15,50,2.0,D1,20,long,1.0,8109,404.5086383501776,-0.6556259228601027,0.7871298352625307,0.8801979781229116,0.16944136145024047,-0.00014296374045820562,-0.37573379485659897,1.0000989787767451,0.5909059311641126,-0.999999983601938,-0.591075247640882,-386.599447388716
M15,50,2.0,D1,20,short,0.0,8320,389.74990380915733,-0.7683526349271653,0.7085581512384183,0.8711764909638846,0.2109375,-0.0001412281424525081,-0.6718189046594542,0.9493873096203194,0.8803897214799675,-0.9486064963678547,-0.12981303652594167,513.9350363214437
M15,50,2.0,D1,20,short,1.0,6934,345.98954918032786,-0.6688016365810338,0.6322455871754025,0.8804438936276645,0.2082492068070378,-0.0001357348221078165,-0.6360863685082678,0.910377091516868,0.8832471886599178,-0.9082164639278889,-0.11234436710218354,917.8353607210956
M15,50,2.0,D1,32,both,0.0,13290,828.3570819112629,-0.7839800578201919,0.8692326722311987,0.8991019183095877,0.18991723100075245,-0.00011854364151729653,-0.3513508025223386,1.000168274896466,0.7740692588423953,-1.000000104021304,,-1546.7275204622526
M15,50,2.0,D1,32,both,1.0,10127,698.6941348696637,-0.9717471051194174,0.8607396193507594,0.8671727211447346,0.1828774563049274,-0.00016543540616461365,-0.6342229058228975,1.0005484103000382,0.7139590972268894,-1.0000095377732754,,-821.9605461897679
M15,50,2.0,D1,32,long,0.0,10087,474.28897399588055,-0.5541578738412026,0.7941567048687836,0.9013327206535603,0.1714087439278279,-0.0001146596769009236,-0.1513245439856151,1.000204659923159,0.68317560921389,-1.0,,-1283.0095464008189
M15,50,2.0,D1,32,long,1.0,6447,409.66714509394575,-1.0010281886068315,0.7995595677549351,0.8178211549333856,0.16085000775554523,-0.00023047025965457817,-0.4387831189124255,1.0003696978003696,0.7224570078885427,-1.0003831898360087,,-938.1733958495633
M15,50,2.0,D1,32,short,0.0,7923,372.0591090254564,-0.5886848707171471,0.6461259388327563,0.8966585930037463,0.2122933232361479,-0.00011188790216694275,-0.7027889381346979,0.9189186401608801,0.8698453585911364,-0.910781525568295,-0.10728256740585895,892.1847443170337
M15,50,2.0,D1,32,short,1.0,6553,326.9785860655738,-0.539373933420694,0.6063324017815565,0.8989259309175092,0.2083015412788036,-0.00011372586525849272,-0.6621548278144807,0.8935178586556164,0.8715408418904452,-0.8804668941547683,-0.10056676772110995,1195.3310584523115
M15,50,2.0,D1,50,both,0.0,12808,831.2228144989339,-0.9128089119373352,0.8540650291169944,0.8834671225392647,0.18792941911305433,-0.0001362695365779293,-0.24142049614074987,1.0001934941959971,0.7575135925751071,-1.000000000000308,,-1311.4515397054322
M15,50,2.0,D1,50,both,1.0,9994,700.6350287907869,-0.9872674882063178,0.8445492102639841,0.8652213800581505,0.18341004602761657,-0.0001666454176451806,-0.5023472838102566,1.0004838344381866,0.4728909209214373,-1.0000000000000009,,-815.3864534017875
M15,50,2.0,D1,50,long,0.0,9950,470.3296881066391,-0.4709090727966577,0.7626208668005398,0.9155498596700388,0.17045226130653265,-9.82963505800884e-05,-0.3168928219861959,1.0004828696065762,0.5854966922464472,-0.9999999999998733,-0.7543311261987734,-959.4860944945282
M15,50,2.0,D1,50,long,1.0,8382,418.0698484227775,-0.6204253593803762,0.7806198652582133,0.8845215019631385,0.16750178954903364,-0.00013829278320816852,-0.3758882409063718,1.000027746228524,0.48687062782008944,-0.9999999999973482,-0.7353941848537606,-416.1630232037775
M15,50,2.0,D1,50,short,0.0,7928,377.4376955161627,-0.888216861529153,0.7400175651397238,0.8490853528518973,0.20824924318869828,-0.00016375950272604244,-0.8540300127438029,1.0004426221657898,0.7047268528704839,-1.0004423079999536,,-48.69004578327854
M15,50,2.0,D1,50,short,1.0,6652,334.3852188274154,-0.7862753059599146,0.6988445500789939,0.8575745825066544,0.20460012026458207,-0.0001613669365087235,-1.0501101698547355,0.9772994906710176,0.8096755298413439,-0.9761650277899866,-0.17124679618141214,238.34972210012472
M15,50,2.0,D1,80,both,0.0,13300,837.2673216132368,-1.043603846233236,0.8830349965163179,0.8706495608691805,0.18736842105263157,-0.00015244346979296233,0.08992259875893771,1.0000118622294794,1.1377466278508406,-0.9999999999999996,-0.892414113991316,-1209.79788148728
M15,50,2.0,D1,80,both,1.0,10598,708.3109789569991,-1.137254601150909,0.8793255986186119,0.8507598573393336,0.18220418946971126,-0.00018574056539880971,-0.6348191292392024,1.0004049042822294,0.6295175727183923,-1.0000000000355287,,-841.0493110443019
M15,50,2.0,D1,80,long,0.0,9895,474.2355005904737,-0.5705767412225176,0.7738813627794063,0.9008340126601594,0.17038908539666497,-0.00011664990181386771,-0.2762560868086663,1.0002397981217306,0.10657740130030921,-1.0,-0.9723323302430567,-687.3036075219192
M15,50,2.0,D1,80,long,1.0,8371,417.5782231630702,-0.6750955147736516,0.7903262480529564,0.8779852148431032,0.16712459682236291,-0.00014780182843124554,-0.34426763626298623,1.0000700439688945,0.3673851233170453,-0.9999892835447581,-0.43495958576115823,-389.8199269763648
M15,50,2.0,D1,80,short,0.0,7834,374.622741555381,-0.8255431661796188,0.7140736098299297,0.8589508895372724,0.21023742660199132,-0.00015139329672925414,-0.6610073777924856,0.9431699567567532,0.880963388121958,-0.9412427487515538,-0.12675444402372604,587.57251248447
M15,50,2.0,D1,80,short,1.0,6658,334.7789785242291,-0.7796273382172358,0.6876546525916551,0.85959458584289,0.2063682787623911,-0.00015704640320470133,-0.7433399055739532,0.9429065268809932,0.8643930569370815,-0.9382640075345563,-0.1306681423270103,617.3599246544159
M15,50,2.0,D1,120,both,0.0,12625,841.4746806569343,-0.9485795782106264,0.8678871496278734,0.881662915018019,0.18685148514851485,-0.0001394719330667342,-0.6904715825753677,1.001175185277198,0.4842276907467309,-1.0,-0.9267338646248209,-1220.9095933060705
M15,50,2.0,D1,120,both,1.0,8982,721.9796434859154,-1.2482052894525622,0.8628691952378751,0.8390523289742435,0.18281006457359164,-0.00020544177082509248,-0.26693594418794003,1.0001057116544765,0.8238510709104452,-0.999999999946408,-0.8505769267691423,-691.9320066867336
M15,50,2.0,D1,120,long,0.0,9678,469.8151913875598,-0.3654445333394651,0.7374817250779604,0.9343015894908986,0.17255631328786938,-7.785313149417533e-05,0.0821000608990401,1.0002122010280174,1.248383613086111,-1.0,-0.8606662226669628,130.71497067050362
M15,50,2.0,D1,120,long,1.0,8373,417.62095452683326,-0.5789287520438292,0.7770276903757707,0.8929396841915342,0.1695927385644333,-0.000130229188148618,-0.23053662968725971,1.0007544297472202,0.5206502435961771,-0.9999999999997685,-0.7656978210843957,-3.761563388217446
M15,50,2.0,D1,120,short,0.0,7835,387.2440798376184,-0.9144304097070522,0.7505653325791002,0.8471685038569522,0.20791320995532867,-0.00016302959670155712,-0.621748258552038,0.9708561007160509,0.8849683724635605,-0.9581554911153557,-0.1451801046504423,418.4450888464631
M15,50,2.0,D1,120,short,1.0,6683,342.20745128277025,-0.8728839152743658,0.729638432716065,0.8456639594945415,0.20454885530450395,-0.0001714269259637954,-0.6537933172576238,0.9491726254418019,0.8783495342038082,-0.9347663835871559,-0.13045067177785663,652.3361641284392
M15,50,2.5,none,0,both,0.0,15997,743.655880106911,-0.5665219367571733,0.8689775705385734,0.9242138175684005,0.2090391948490342,-9.923021833430213e-05,-0.672353674899796,1.000234574416316,0.7823668411978898,-1.000297628299373,,-1808.7848405595162
M15,50,2.5,none,0,both,1.0,10365,612.5916262135922,-0.7593678334080607,0.8407679303579204,0.8941070415747259,0.2028943560057887,-0.00014862098396416595,-0.8325651096475357,1.0000436043054675,0.7702852958363464,-1.0000500283101992,,-959.5805252241257
M15,50,2.5,none,0,long,0.0,15073,699.544250317662,-0.3719110380769974,0.8363891074039324,0.9473253787857451,0.19485172162144232,-6.637984463775923e-05,-0.5411669229397845,1.000662063473963,0.6940928329676456,-0.9998969914385123,-0.34693594738199873,-1550.0280410657847
M15,50,2.5,none,0,long,1.0,10148,576.3577981651376,-0.7714612544595776,0.8334553422039288,0.8848715636097882,0.1884115096570753,-0.00015598959352690467,-0.3347011998137373,1.001212750296354,0.6608307120789904,-0.9999999450090785,-0.6130246536937178,-2036.4013720930107
M15,50,2.5,none,0,short,0.0,11274,699.4782571768303,-1.1453984024940358,0.8844021607579156,0.8579223706261094,0.2137661876884868,-0.0001822142209377503,-0.4605189896083934,1.000123143802093,0.7399995585349781,-0.9999953257894066,-0.5330287729112853,-240.63488116884898
M15,50,2.5,none,0,short,1.0,8943,595.3035811919082,-1.0115342348946958,0.8427487598805873,0.8637479929199411,0.20697752432069774,-0.00018522975906715356,-0.3045419494915824,1.001045009055488,0.33011717694751036,-1.0011165459519196,,-182.82093069747808
M15,50,2.5,H4,20,both,0.0,13139,610.4069893156958,-0.5423879848401345,0.7789130765749226,0.9212660450379435,0.2015374077174823,-9.695564951596404e-05,-0.2076897169557973,1.001409226091722,0.38614429602725253,-0.999999999999988,-0.774466516761243,-1487.8279171245506
M15,50,2.5,H4,20,both,1.0,10904,543.9341709915324,-0.5100724871403236,0.727308397250942,0.921741775607,0.20029347028613353,-9.9335740573899e-05,-0.44266569185203924,1.0003552885384897,0.5913660359105682,-1.0000039944332606,,-737.244878636454
M15,50,2.5,H4,20,long,0.0,6619,307.6596780351235,-0.2667086573105104,0.5031569614774793,0.9431316538467251,0.19625321045475147,-7.090316326223259e-05,-0.11308975528316519,0.7650767158899594,0.9715386953226091,-0.6069903379671426,-0.04248113848260027,3930.096620328684
M15,50,2.5,H4,20,long,1.0,5457,273.1117086873116,-0.2557482354825438,0.43045613749073763,0.9422438733856929,0.1949789261498992,-7.410464118380509e-05,-0.13258278321480338,0.7074035291506209,0.9671359340541328,-0.5560666615894104,-0.03982813968483523,4439.333384105857
M15,50,2.5,H4,20,short,0.0,7384,343.04324599338594,-0.5914040766931689,0.6559305042498713,0.8913253498676816,0.20679848320693392,-0.00013239104649489768,-0.7475830314328928,0.9362580114526815,0.8582230557921444,-0.9301032534509901,-0.11627693028499764,698.967465490079
M15,50,2.5,H4,20,short,1.0,6131,305.838261403988,-0.5461134208711683,0.6392727626659976,0.8938120843406194,0.2022508563040287,-0.000133947539275982,-0.7324447128976009,0.9097015808117838,0.858593353986488,-0.8953276032069641,-0.10647770244577559,1046.7239679303334
M15,50,2.5,H4,32,both,0.0,13567,630.7722441446028,-0.5667031130311775,0.8031356580020563,0.9161879680398757,0.20336109677894892,-0.00010425681584369742,-0.16811276985287285,1.000278488911111,0.897743373478086,-1.0000000017821518,,-1215.5204027210457
M15,50,2.5,H4,32,both,1.0,11262,561.7158951249487,-0.5628641407778027,0.7684165670293885,0.9116609635380788,0.1996980998046528,-0.00011343082471762053,-0.22233849336629585,1.002558365491284,0.5130314624205359,-1.0000234225090636,,-745.6510306525377
M15,50,2.5,H4,32,long,0.0,6798,316.1810136253661,-0.37234150968247987,0.6488272487871931,0.9235380970968445,0.19579288025889968,-9.559711407760686e-05,0.2500717120361703,0.998227083074936,1.2723626572024822,-0.6686656123722825,-0.050079697980772386,3313.3438762774035
M15,50,2.5,H4,32,long,1.0,5545,277.51592902164975,-0.4710718460965238,0.6453864715767954,0.8985365883438508,0.19404869251577997,-0.00013121972410107087,0.03446767804003418,0.9894053527700777,1.0115938412559193,-0.7703147019246956,-0.0709779522783941,2296.852980753078
M15,50,2.5,H4,32,short,0.0,7369,342.6514640356461,-0.44995776083840155,0.6080012336554055,0.9088378346075592,0.20884787623829557,-0.00011248166125080826,-0.4454714410000387,0.9321307919748029,0.8804392479869959,-0.9171417534822264,-0.10935702934299607,828.5824651777224
M15,50,2.5,H4,32,short,1.0,6191,308.7891233101188,-0.34135998054069616,0.5633620017166663,0.9258646727985594,0.20335971571636247,-9.438681502853e-05,-0.43671983456617497,0.9061595145893803,0.878183175935931,-0.8785956710196124,-0.09983057708074528,1214.043289803854
M15,50,2.5,H4,50,both,0.0,13826,643.6332526127964,-0.5122023827219637,0.7874881192348816,0.9271157966320742,0.20237234196441486,-9.035486319399012e-05,-0.22221705473252892,1.0002669669152442,0.2247028614626366,-0.9999476761606212,-0.36803174613285905,-1186.645028780233
M15,50,2.5,H4,50,both,1.0,11465,571.8409463334699,-0.5189609428832948,0.7741338731002041,0.9218570806380002,0.198430004361099,-0.00010022044749635621,-0.3209688361095318,1.0003094252111944,0.4235219945113283,-1.0000000016994113,,-632.9913271082478
M15,50,2.5,H4,50,long,0.0,7041,327.8589048954615,-0.3388817162423535,0.6211124882126215,0.9296017466322667,0.19315438147990344,-8.759167235368057e-05,0.23667569381283318,1.0007665108617363,1.7617279386346145,-0.9996456873114405,-0.30924383484568896,1728.4894218957552
M15,50,2.5,H4,50,long,1.0,5745,287.52552069060016,-0.42842340432486964,0.6305238653033337,0.9060685913239042,0.18903394255874673,-0.00012138181001744577,0.21943813858090866,1.0007145291837325,12.849782900569114,-0.987637577141683,-0.19737315696338675,1238.0782550568238
M15,50,2.5,H4,50,short,0.0,7283,339.3004783163265,-0.41776460641533925,0.5327687811414501,0.9219751786687729,0.21131401894823562,-9.613918437344659e-05,-0.5219163223050262,0.8360310073593027,0.8987029823621167,-0.8244670043547476,-0.07786144929712502,1755.3299564524948
M15,50,2.5,H4,50,short,1.0,6111,304.7989553461696,-0.3435251769784705,0.5064614590869831,0.9319600051422315,0.2065128456881034,-8.657396735649359e-05,-0.4518048520735324,0.7740335392873811,0.9103546387095008,-0.7430899560262016,-0.065538114247222,2569.100439737921
M15,50,2.5,H4,80,both,0.0,14089,656.9650517043278,-0.43181527173236667,0.8026142476342643,0.9373222713976053,0.20405990489033998,-7.876175966793255e-05,-0.36955038937070334,1.0014909973118244,0.6015464475706258,-0.999999972233562,-0.5557330185477416,-1458.1194747359207
M15,50,2.5,H4,80,both,1.0,11691,583.1131708316263,-0.5727870246587626,0.8070858389104836,0.9127500755146287,0.19835771105978958,-0.00011406003770625977,-0.2868208432649328,1.0001315805183637,0.2875951358924972,-1.0000000000467781,,-1131.5606406476845
M15,50,2.5,H4,80,long,0.0,7291,340.4548389158783,-0.25581992538829607,0.6175599509129419,0.9477095633947435,0.19064600192017556,-6.565749161986496e-05,0.1232606525493722,0.988071343336749,1.0471316685214784,-0.5617331713262592,-0.03778769677227589,4382.668286737605
M15,50,2.5,H4,80,long,1.0,5935,296.1419057377049,-0.37465766264984984,0.6312361536693621,0.9192618710930269,0.1865206402695872,-0.00010552670349737367,0.06326190767839844,0.9884980522851504,1.0213254492080033,-0.6979618181822936,-0.05798815282317027,3020.381818177216
M15,50,2.5,H4,80,short,0.0,7145,333.1688050555343,-0.3911054737647057,0.6732120318303183,0.9216085311322485,0.21679496151154654,-9.84434947237751e-05,-0.5196811989578353,0.9549275750526705,0.8527524429691253,-0.9426380868584496,-0.1247843759956272,573.6191314154954
M15,50,2.5,H4,80,short,1.0,6057,302.2294057377049,-0.4603834488885388,0.6672849655226802,0.9035157586087713,0.20851906884596336,-0.00012602280247125234,-0.5669305799962007,0.9214635518048903,0.8607496517988426,-0.9033679696702663,-0.11006141116777224,966.3203032973288
M15,50,2.5,H4,120,both,0.0,14232,665.3318827595034,-0.4302208584169998,0.8108597534378195,0.9392309013082877,0.20074480044969084,-7.611096195456155e-05,-0.6076192659191728,1.0003383348486767,0.7929530780623922,-1.000394899101436,,-1031.8709476544595
M15,50,2.5,H4,120,both,1.0,11831,590.0959647685374,-0.4994143066432991,0.7960964539010125,0.9258535276843458,0.19761643140901022,-9.595538981442543e-05,-0.5127658180634989,1.000284446744655,0.42297853936411345,-1.000060082547231,,-379.6982243058405
M15,50,2.5,H4,120,long,0.0,7446,348.22682458386686,-0.3249952839578855,0.6752449214235987,0.935096495248279,0.19016921837228043,-8.13100126767056e-05,0.17622981016397227,0.988803762416035,1.0626255807001352,-0.7135123334015541,-0.05678544945309316,2864.8766659846406
M15,50,2.5,H4,120,long,1.0,6114,305.99321731981365,-0.4993625902815154,0.6813776458870631,0.8966817628779946,0.18711154726856394,-0.0001344071207240481,0.15177190322313014,1.00159585568613,1.188632033648919,-1.000000002511557,,968.2067412065335
M15,50,2.5,H4,120,short,0.0,7045,329.93797281702786,-0.3536746305719798,0.5353453389453997,0.9313328871152713,0.21022001419446415,-8.604519686874537e-05,-0.3660023069783251,0.7868700234923796,0.9245888612872074,-0.7383071547569113,-0.060853189308808675,2616.9284524308287
M15,50,2.5,H4,120,short,1.0,5946,296.56923392052437,-0.2777924350143121,0.5326072427519515,0.9425003752733773,0.2061890346451396,-7.403237669005005e-05,-0.3260561852732594,0.7394626466250194,0.9310045833504778,-0.6584363891784766,-0.052168983387269385,3415.6361082151993
M15,50,2.5,D1,20,both,0.0,14491,677.4398758479457,-0.5533255379186718,0.8433763123000056,0.9250039393020258,0.20240149058036022,-9.453733593162119e-05,-0.6946782288748806,1.0000002667950927,0.7509403464681751,-1.0000000460277731,,-1320.7805255794901
M15,50,2.5,D1,20,both,1.0,12071,602.066468660385,-0.6292651031118353,0.8342479156794834,0.910818939143293,0.1990721564079198,-0.00011615722579742587,-0.4840920844425932,1.000090654544813,0.8025492011227693,-0.9998616798854607,-0.35802435259918597,-851.218529059037
M15,50,2.5,D1,20,long,0.0,8067,377.1725230414746,-0.2687893328288359,0.6573172926973678,0.9495369079686246,0.19276062972604438,-6.30970530035746e-05,0.17259723425971013,0.992500521056369,1.0865915546883187,-0.5848989518960392,-0.040275050146008184,4151.010481039781
M15,50,2.5,D1,20,long,1.0,6689,333.67348402075936,-0.48200096099033135,0.6969803467173848,0.9070513228002337,0.18911645985947076,-0.00012045373272073275,-0.23961646944717138,1.0036555505643259,0.6752227902868704,-0.999911653944933,-0.3722597744024737,1786.5691434672704
M15,50,2.5,D1,20,short,0.0,6926,324.4480569449788,-0.6138171435963898,0.6567867144013737,0.8852882658908644,0.21166618538839158,-0.00014541886048443584,-0.651451850675201,0.90490966886199,0.8745727656681825,-0.9048013759629107,-0.1043176531654012,951.9862403708679
M15,50,2.5,D1,20,short,1.0,5786,288.70717213114756,-0.5090935805113421,0.578387639374836,0.8981644449524137,0.20808848945731076,-0.00013298778343357734,-0.6145698931404726,0.8652940615694936,0.8783269419314095,-0.8574190724819397,-0.09261886493499583,1425.8092751805702
M15,50,2.5,D1,32,both,0.0,14573,684.3389367446644,-0.5886458754255579,0.8663891533164769,0.9193233417704514,0.20023330817264806,-0.00010199984336160028,-0.20167525156446342,1.0010028945370129,0.1571605253747128,-1.0000000002895921,,-2009.1140250345438
M15,50,2.5,D1,32,both,1.0,12101,577.7634313725491,-0.6906743369405188,0.8568542645842061,0.8985092451095004,0.19576894471531278,-0.00013285659472994036,-0.445237058829336,1.0002463214147534,0.397063642138045,-1.0000224284926775,,-1465.61078466729
M15,50,2.5,D1,32,long,0.0,8343,392.286399330587,-0.4232284460164554,0.7088410482848426,0.9208214797823548,0.18962004075272684,-0.00010048890241392792,-0.5022623610158699,1.0003971083565246,0.3478930917257539,-1.0,,132.5711631856112
M15,50,2.5,D1,32,long,1.0,7001,332.52473992197656,-0.6115845556073086,0.7346693471281783,0.8793337471497747,0.1854020854163691,-0.00015855740132791234,-0.3299548000189318,1.0002736250437672,0.8471345302857795,-1.0002919761325875,,-450.6855374145311
M15,50,2.5,D1,32,short,0.0,6613,310.5423309334019,-0.4377483453061939,0.6005913010295643,0.9151509157953439,0.21276274005746257,-0.00010614820538139057,-0.5412790034613908,0.8285437580648334,0.8884551071772192,-0.8081225374812386,-0.07459624946068277,1918.7746251876
M15,50,2.5,D1,32,short,1.0,5486,273.73790983606557,-0.43475046669843137,0.5630561072773481,0.9104793777458525,0.20798395916879328,-0.00011635695470151142,-0.531941306926299,0.8139218109419666,0.8867725907525945,-0.7822751632630497,-0.07324863157031325,2177.248367369443
M15,50,2.5,D1,50,both,0.0,12342,692.1411791801013,-0.7800097991498823,0.8608204012746254,0.8953810762869351,0.1968886728245017,-0.00013536391410373178,-0.3999264250269582,1.0007841126643644,0.2202113383405436,-0.9999999999999976,-0.848644670331073,-1654.4834305214438
M15,50,2.5,D1,50,both,1.0,12178,579.9992828269658,-0.7361552051911278,0.8690401267578708,0.8931416848243713,0.1960091969124651,-0.00014037009981369438,-0.20736920749289187,1.00012391932451,0.5914304721334113,-0.9999999993175809,-0.6340218956186982,-1289.4735386637392
M15,50,2.5,D1,50,long,0.0,8232,389.121004270739,-0.4178811297730139,0.7200874033903178,0.9218763377737862,0.18768221574344024,-9.966157803013277e-05,0.2110488357893803,1.0028678899319126,3.862124569979918,-1.0000000435209724,,419.6676157770914
M15,50,2.5,D1,50,long,1.0,6873,326.3602769110765,-0.5129808798093661,0.7094005780513009,0.8975403283504162,0.18609049905427033,-0.0001351702861991755,-0.34853809570381405,1.003278719845558,0.7677324586939798,-0.9999934182494897,-0.43251804744638633,343.6323669894458
M15,50,2.5,D1,50,short,0.0,6606,314.4996741397289,-0.7355184278058128,0.6957409620085129,0.8630552127741938,0.20859824402058735,-0.0001718459303192575,-0.8720888848912852,0.9470885987461485,0.8352193319081054,-0.9460635207385123,-0.12978366518130158,539.3647926148575
M15,50,2.5,D1,50,short,1.0,5588,280.8996696944674,-0.6367993515451305,0.6602051940967957,0.8739316142450757,0.20687186828919113,-0.0001643978307516604,-0.8087877499650109,0.9151189118742167,0.8415834920261467,-0.908354946924491,-0.11319749915490518,916.450530755072
M15,50,2.5,D1,80,both,0.0,14473,692.1004516889238,-0.721707425577598,0.8808733549652974,0.9036672688069413,0.1995439784426173,-0.00012203395615676184,-0.25149974330483393,1.0000650878335038,0.7368978198505302,-1.0,,-1289.5962782940076
M15,50,2.5,D1,80,both,1.0,10770,606.6845311536089,-0.947806174909008,0.8789857271858845,0.8685460590760409,0.19387186629526462,-0.00017507523475450852,0.18348209648652652,1.0006411666334558,1.2821760966603097,-1.0006879468082346,,-1221.5284105074422
M15,50,2.5,D1,80,long,0.0,8100,388.2069282246424,-0.42246663536489926,0.6927260086399922,0.922601459859763,0.19148148148148147,-0.00010021622464119533,-0.10902545790495735,1.025073890467423,0.922749959987751,-1.024791383748417,,1644.2970694971882
M15,50,2.5,D1,80,long,1.0,6821,340.2581603387053,-0.5190188122481723,0.7022821958417498,0.9009838058909307,0.18853540536578214,-0.0001324852019838376,-0.11859443510462087,1.0011255486061341,0.957706730218967,-1.0009822004447888,,926.7374606643235
M15,50,2.5,D1,80,short,0.0,6605,315.8518263943441,-0.6801235805118876,0.6788207341292156,0.8717997756973743,0.20938682816048448,-0.00015789681799017351,-0.6487438454157054,0.9014340596122576,0.8723624608636286,-0.8970728499842742,-0.10302761329004462,1029.2715001572262
M15,50,2.5,D1,80,short,1.0,5638,283.49112059471366,-0.691051781263821,0.6725311616561032,0.8630341050693456,0.2039730400851366,-0.0001745700043844015,-0.7038929561121201,0.9080259192188009,0.8590996552629886,-0.8999520876394818,-0.109306574622275,1000.4791236051398
M15,50,2.5,D1,120,both,0.0,14343,696.2760167464114,-0.6416271047561115,0.8856494343832724,0.9136886625203726,0.20037649027400126,-0.00010975705232360946,-0.284050116995365,1.0006897496253258,0.6015156475382643,-1.0007934955095508,,-896.9522276420433
M15,50,2.5,D1,120,both,1.0,9585,599.0625,-0.9968419994912242,0.8709278345218952,0.8617585428813969,0.1954094940010433,-0.00018919623530366944,-0.7066219772504956,1.0003803136017744,0.5254062126640561,-0.9997567341219107,-0.4055298193212771,-1096.1226216767093
M15,50,2.5,D1,120,long,0.0,8026,389.61941786283893,-0.3414423718012494,0.7314303786395819,0.9366270580316867,0.19150261649638675,-8.280485849569177e-05,-0.14633939559288126,1.0006149542944829,0.8954966380564444,-0.999999999998622,-0.7344024534606926,1898.7839210198267
M15,50,2.5,D1,120,long,1.0,6907,344.5011265874641,-0.5143684242109198,0.7449188323973756,0.9012013303699914,0.1890835384392645,-0.00013329142007047115,0.24705315847532522,1.0001626663719114,1.4444655753519837,-1.0000081396465121,,1038.898541293222
M15,50,2.5,D1,120,short,0.0,6505,321.4654647544311,-0.6350406733312425,0.6454021317979434,0.8807106573156842,0.21168332052267486,-0.00014613124927166223,-0.6296084935375424,0.8748865323405703,0.8774946223670644,-0.8722292956113561,-0.0966804019767118,1277.7070438864032
M15,50,2.5,D1,120,short,1.0,5571,285.26675311930467,-0.585823812734559,0.621557285835319,0.8832914811847392,0.20929815113983127,-0.00014783865273447041,-0.6398865548642795,0.861139660388989,0.8707245234572952,-0.8538453052044122,-0.09377991486510928,1461.5469479558349
