timeframe,atr_period,atr_mult,bias_tf,zlsma_len,direction,min_atr,n_trades,trades_per_year,sharpe_px,max_dd_px,profit_factor_px,win_rate,expectancy_px,sharpe_acct,max_dd_acct,profit_factor_acct,total_return_acct,cagr_acct,equity_final
D1,5,4.0,none,0,both,0.0,50,2.513764624913971,-0.3987658451522582,0.500924375755887,0.5308538330832252,0.32,-0.01274136108809591,-0.3476358632154912,0.06652824449269412,0.584789608190047,-0.06827272187684885,-0.003548911376911712,9317.272781231517
D1,5,4.0,none,0,both,1.0,50,2.513764624913971,-0.3987658451522582,0.500924375755887,0.5308538330832252,0.32,-0.01274136108809591,-0.3476358632154912,0.06652824449269412,0.584789608190047,-0.06827272187684885,-0.003548911376911712,9317.272781231517
D1,5,4.0,none,0,long,0.0,49,2.340733716976197,0.36348777665797316,0.2744877348134842,2.6836420599177004,0.5102040816326531,0.03522216205010099,0.3841350179308993,0.031459886749510724,3.778424048957422,0.4280650420607832,0.017167143419458908,14280.650420607848
D1,5,4.0,none,0,long,1.0,49,2.340733716976197,0.36348777665797316,0.2744877348134842,2.6836420599177004,0.5102040816326531,0.03522216205010099,0.3841350179308993,0.031459886749510724,3.778424048957422,0.4280650420607832,0.017167143419458908,14280.650420607848
D1,5,4.0,none,0,short,0.0,49,2.4634893324156915,-0.5309508677465914,0.620116061483956,0.3959468888772215,0.2653061224489796,-0.01742833450343606,-0.33689857047064925,0.09966688875318552,0.5298539458067514,-0.08222948545673281,-0.004304725454164937,9177.705145432674
D1,5,4.0,none,0,short,1.0,49,2.4634893324156915,-0.5309508677465914,0.620116061483956,0.3959468888772215,0.2653061224489796,-0.01742833450343606,-0.33689857047064925,0.09966688875318552,0.5298539458067514,-0.08222948545673281,-0.004304725454164937,9177.705145432674
D1,5,4.0,W1,20,both,0.0,22,1.2494946353599752,0.285328238077597,0.14960602958995284,2.3839020622312392,0.5,0.02775176539342935,0.33789666791418205,0.02091407607314666,3.9424236457213864,0.16464330222601653,0.008694009459619956,11646.433022260167
D1,5,4.0,W1,20,both,1.0,22,1.2494946353599752,0.285328238077597,0.14960602958995284,2.3839020622312392,0.5,0.02775176539342935,0.33789666791418205,0.02091407607314666,3.9424236457213864,0.16464330222601653,0.008694009459619956,11646.433022260167
D1,5,4.0,W1,20,long,0.0,19,1.1346877043819488,0.38242014934189045,0.12934690641661162,3.7172193890265675,0.5789473684210527,0.03992377531637242,0.36574752223206647,0.021903162036105317,5.1873814282703234,0.17153288539268297,0.009499354683031758,11715.328853926834
D1,5,4.0,W1,20,long,1.0,19,1.1346877043819488,0.38242014934189045,0.12934690641661162,3.7172193890265675,0.5789473684210527,0.03992377531637242,0.36574752223206647,0.021903162036105317,5.1873814282703234,0.17153288539268297,0.009499354683031758,11715.328853926834
D1,5,4.0,W1,20,short,0.0,11,1.0,-0.023501092160460986,0.15143858613665617,0.9357162654868536,0.2727272727272727,-0.0019070994616650378,0.10801709414664046,0.0166201907225757,1.4179312507764568,0.014310006433333466,0.000861443596346323,10143.100064333332
D1,5,4.0,W1,20,short,1.0,11,1.0,-0.023501092160460986,0.15143858613665617,0.9357162654868536,0.2727272727272727,-0.0019070994616650378,0.10801709414664046,0.0166201907225757,1.4179312507764568,0.014310006433333466,0.000861443596346323,10143.100064333332
D1,5,4.0,W1,32,both,0.0,20,1.170110523786641,-0.06295487377146354,0.23230126024335118,0.8664059231659756,0.45,-0.0028625175748136704,0.011149406223796178,0.03230928384893661,1.0266548886905744,0.0009503004333333287,5.557297041525189e-05,10009.503004333335
D1,5,4.0,W1,32,both,1.0,20,1.170110523786641,-0.06295487377146354,0.23230126024335118,0.8664059231659756,0.45,-0.0028625175748136704,0.011149406223796178,0.03230928384893661,1.0266548886905744,0.0009503004333333287,5.557297041525189e-05,10009.503004333335
D1,5,4.0,W1,32,long,0.0,12,1.0,0.05932284710141607,0.1639572429049887,1.166648539555162,0.4166666666666667,0.002932332801535103,0.10115387397123904,0.02235775388346639,1.3195708085093816,0.008435742216666986,0.0005502107507582288,10084.35742216667
D1,5,4.0,W1,32,long,1.0,12,1.0,0.05932284710141607,0.1639572429049887,1.166648539555162,0.4166666666666667,0.002932332801535103,0.10115387397123904,0.02235775388346639,1.3195708085093816,0.008435742216666986,0.0005502107507582288,10084.35742216667
D1,5,4.0,W1,32,short,0.0,13,1.0,-0.3486782692200741,0.22236526629398756,0.43127779783522247,0.46153846153846156,-0.015586884956734647,-0.22699833698507363,0.02665947716661754,0.5924736199267335,-0.015374821556732421,-0.0009060879024714863,9846.251784432674
D1,5,4.0,W1,32,short,1.0,13,1.0,-0.3486782692200741,0.22236526629398756,0.43127779783522247,0.46153846153846156,-0.015586884956734647,-0.22699833698507363,0.02665947716661754,0.5924736199267335,-0.015374821556732421,-0.0009060879024714863,9846.251784432674
D1,5,4.0,W1,50,both,0.0,25,1.4903296882650565,-0.14684661466449583,0.3243750642016825,0.731273007143398,0.48,-0.006272374476865464,0.004170222498101645,0.040116560681997204,1.0087335243554978,3.918196666674589e-05,2.3357188958517128e-06,10000.391819666667
D1,5,4.0,W1,50,both,1.0,25,1.4903296882650565,-0.14684661466449583,0.3243750642016825,0.731273007143398,0.48,-0.006272374476865464,0.004170222498101645,0.040116560681997204,1.0087335243554978,3.918196666674589e-05,2.3357188958517128e-06,10000.391819666667
D1,5,4.0,W1,50,long,0.0,14,1.0,0.15579633186309616,0.07492412753568811,1.5415688017111078,0.5,0.0068707235685997615,0.1799652016504187,0.011347914782201096,1.6634251539690483,0.01710482146666714,0.001034191361625858,10171.048214666669
D1,5,4.0,W1,50,long,1.0,14,1.0,0.15579633186309616,0.07492412753568811,1.5415688017111078,0.5,0.0068707235685997615,0.1799652016504187,0.011347914782201096,1.6634251539690483,0.01710482146666714,0.001034191361625858,10171.048214666669
D1,5,4.0,W1,50,short,0.0,12,1.0,-0.3039776254050524,0.2652837166906704,0.47204526065467856,0.5,-0.017858631396273857,-0.14066965931489656,0.027373934250175203,0.7239660316117071,-0.010729647441666934,-0.0006671520341090531,9892.703525583333
D1,5,4.0,W1,50,short,1.0,12,1.0,-0.3039776254050524,0.2652837166906704,0.47204526065467856,0.5,-0.017858631396273857,-0.14066965931489656,0.027373934250175203,0.7239660316117071,-0.010729647441666934,-0.0006671520341090531,9892.703525583333
D1,5,4.0,W1,80,both,0.0,27,1.4675223214285715,0.3438787069645432,0.2104116055006473,3.8702172468201383,0.5925925925925926,0.04797642020420679,0.3116071303076122,0.019566254651497417,5.834197199085242,0.2886697128833329,0.013879850579342712,12886.69712883333
D1,5,4.0,W1,80,both,1.0,27,1.4675223214285715,0.3438787069645432,0.2104116055006473,3.8702172468201383,0.5925925925925926,0.04797642020420679,0.3116071303076122,0.019566254651497417,5.834197199085242,0.2886697128833329,0.013879850579342712,12886.69712883333
D1,5,4.0,W1,80,long,0.0,17,1.0,0.4106920187224131,0.11246226942691051,7.9742040798804315,0.7058823529411765,0.08330115619460966,0.34283686870744173,0.017486309594308413,10.932902170712483,0.2995964690666666,0.014345245876854262,12995.964690666666
D1,5,4.0,W1,80,long,1.0,17,1.0,0.4106920187224131,0.11246226942691051,7.9742040798804315,0.7058823529411765,0.08330115619460966,0.34283686870744173,0.017486309594308413,10.932902170712483,0.2995964690666666,0.014345245876854262,12995.964690666666
D1,5,4.0,W1,80,short,0.0,11,1.0,-0.29977932884705283,0.1307314158665135,0.4180488452596405,0.36363636363636365,-0.016135876063660272,-0.1825995599873171,0.011334792215778933,0.634937012851806,-0.010811946416666607,-0.000753716401274529,9891.880535833332
D1,5,4.0,W1,80,short,1.0,11,1.0,-0.29977932884705283,0.1307314158665135,0.4180488452596405,0.36363636363636365,-0.016135876063660272,-0.1825995599873171,0.011334792215778933,0.634937012851806,-0.010811946416666607,-0.000753716401274529,9891.880535833332
D1,5,4.0,W1,120,both,0.0,23,1.3950099634672866,0.3377123965561129,0.19181125954288591,4.455139877905288,0.5652173913043478,0.04920210817430603,0.2957238233257241,0.028603285365580322,6.260732466807092,0.25770611072988414,0.014004159112820158,12577.061107298836
D1,5,4.0,W1,120,both,1.0,23,1.3950099634672866,0.3377123965561129,0.19181125954288591,4.455139877905288,0.5652173913043478,0.04920210817430603,0.2957238233257241,0.028603285365580322,6.260732466807092,0.25770611072988414,0.014004159112820158,12577.061107298836
D1,5,4.0,W1,120,long,0.0,15,1.0,0.3452543537524388,0.20568473396260734,5.854187561212065,0.6,0.07254853857191342,0.30597453248836426,0.03120377094549731,8.758763479614581,0.2530210514132172,0.013774657294775228,12530.210514132172
D1,5,4.0,W1,120,long,1.0,15,1.0,0.3452543537524388,0.20568473396260734,5.854187561212065,0.6,0.07254853857191342,0.30597453248836426,0.03120377094549731,8.758763479614581,0.2530210514132172,0.013774657294775228,12530.210514132172
D1,5,4.0,W1,120,short,0.0,8,1.0,0.14532308923529833,0.07078984457586601,1.4201592647974302,0.5,0.005427551178792171,0.10736121803769728,0.012480641331161557,1.2943286079592602,0.004685059316666296,0.000510357867048894,10046.850593166664
D1,5,4.0,W1,120,short,1.0,8,1.0,0.14532308923529833,0.07078984457586601,1.4201592647974302,0.5,0.005427551178792171,0.10736121803769728,0.012480641331161557,1.2943286079592602,0.004685059316666296,0.000510357867048894,10046.850593166664
D1,5,3.0,none,0,both,0.0,97,4.508685416136422,0.018855530136046014,0.5172509145135107,1.028915950282647,0.3402061855670103,0.0005995276368503582,0.06437767592808084,0.17002474168748016,1.1369071525077075,0.041313697212170375,0.0018834777195488872,10413.136972121689
D1,5,3.0,none,0,both,1.0,97,4.508685416136422,0.018855530136046014,0.5172509145135107,1.028915950282647,0.3402061855670103,0.0005995276368503582,0.06437767592808084,0.17002474168748016,1.1369071525077075,0.041313697212170375,0.0018834777195488872,10413.136972121689
D1,5,3.0,none,0,long,0.0,88,4.102361199744736,0.3879772269536844,0.16900518357485017,1.8231696484440438,0.4318181818181818,0.01348433503513888,0.3932630033360447,0.04621092667985438,2.006956655012302,0.32628070901537387,0.013250875727319533,13262.807090153723
D1,5,3.0,none,0,long,1.0,88,4.102361199744736,0.3879772269536844,0.16900518357485017,1.8231696484440438,0.4318181818181818,0.01348433503513888,0.3932630033360447,0.04621092667985438,2.006956655012302,0.32628070901537387,0.013250875727319533,13262.807090153723
D1,5,3.0,none,0,short,0.0,88,4.172660002596391,-0.7307075627245544,0.7584225103514552,0.3905953065044933,0.25,-0.015305857065820381,-0.7403597166373707,0.24428392121301146,0.3561872385384821,-0.2475636235095776,-0.013396576220733869,7524.363764904215
D1,5,3.0,none,0,short,1.0,88,4.172660002596391,-0.7307075627245544,0.7584225103514552,0.3905953065044933,0.25,-0.015305857065820381,-0.7403597166373707,0.24428392121301146,0.3561872385384821,-0.2475636235095776,-0.013396576220733869,7524.363764904215
D1,5,3.0,W1,20,both,0.0,41,2.0160541195476576,0.05487152931820732,0.34096782568432915,1.123426723580279,0.3170731707317073,0.002296893500443594,-0.004447680317842076,0.09533322430911062,0.9911852237676714,-0.004243405379817711,-0.00020907905303424457,9957.565946201825
D1,5,3.0,W1,20,both,1.0,41,2.0160541195476576,0.05487152931820732,0.34096782568432915,1.123426723580279,0.3170731707317073,0.002296893500443594,-0.004447680317842076,0.09533322430911062,0.9911852237676714,-0.004243405379817711,-0.00020907905303424457,9957.565946201825
D1,5,3.0,W1,20,long,0.0,24,1.184754696580619,0.39519950056941244,0.09986400834681775,3.138896962713987,0.4583333333333333,0.021135028016408552,0.36612416163296607,0.02617615478033275,2.9329650449919353,0.11507337096492432,0.005391302964751876,11150.733709649245
D1,5,3.0,W1,20,long,1.0,24,1.184754696580619,0.39519950056941244,0.09986400834681775,3.138896962713987,0.4583333333333333,0.021135028016408552,0.36612416163296607,0.02617615478033275,2.9329650449919353,0.11507337096492432,0.005391302964751876,11150.733709649245
D1,5,3.0,W1,20,short,0.0,22,1.2756786791554215,-0.20429866439599695,0.2926477806290695,0.586523616387025,0.22727272727272727,-0.010365036522905382,-0.22116194667355674,0.07864802405836213,0.5633120426716907,-0.04737465851140854,-0.0028102830182530347,9526.25341488592
D1,5,3.0,W1,20,short,1.0,22,1.2756786791554215,-0.20429866439599695,0.2926477806290695,0.586523616387025,0.22727272727272727,-0.010365036522905382,-0.22116194667355674,0.07864802405836213,0.5633120426716907,-0.04737465851140854,-0.0028102830182530347,9526.25341488592
D1,5,3.0,W1,32,both,0.0,39,1.9532085561497325,-0.09231811382697407,0.19745950088757658,0.8372905806663273,0.28205128205128205,-0.0031825511908705087,-0.17538766378116763,0.052399736180897216,0.7139102169498965,-0.04814113702630929,-0.0024679341608923044,9518.588629736907
D1,5,3.0,W1,32,both,1.0,39,1.9532085561497325,-0.09231811382697407,0.19745950088757658,0.8372905806663273,0.28205128205128205,-0.0031825511908705087,-0.17538766378116763,0.052399736180897216,0.7139102169498965,-0.04814113702630929,-0.0024679341608923044,9518.588629736907
D1,5,3.0,W1,32,long,0.0,25,1.2627921449315447,0.01923689564120104,0.15329363644137872,1.0494973041778999,0.28,0.0009320534235699257,-0.044218602137668865,0.026812121318631976,0.8966684769433978,-0.012178121130128838,-0.0006187222397245895,9878.218788698705
D1,5,3.0,W1,32,long,1.0,25,1.2627921449315447,0.01923689564120104,0.15329363644137872,1.0494973041778999,0.28,0.0009320534235699257,-0.044218602137668865,0.026812121318631976,0.8966684769433978,-0.012178121130128838,-0.0006187222397245895,9878.218788698705
D1,5,3.0,W1,32,short,0.0,17,1.0,-0.23648257780287432,0.13344461264076468,0.5677625037924264,0.35294117647058826,-0.0078051264516585195,-0.29524503689225,0.03393951741767964,0.4780205600365937,-0.0321139401878463,-0.0017820862442702312,9678.860598121535
D1,5,3.0,W1,32,short,1.0,17,1.0,-0.23648257780287432,0.13344461264076468,0.5677625037924264,0.35294117647058826,-0.0078051264516585195,-0.29524503689225,0.03393951741767964,0.4780205600365937,-0.0321139401878463,-0.0017820862442702312,9678.860598121535
D1,5,3.0,W1,50,both,0.0,52,2.7934990439770555,0.16188027875634015,0.16952639826772298,1.2866816667438368,0.40384615384615385,0.005325560260892491,0.1862167012991705,0.04092987413832294,1.365750499030318,0.0663802175529209,0.003458621376465132,10663.802175529205
D1,5,3.0,W1,50,both,1.0,52,2.7934990439770555,0.16188027875634015,0.16952639826772298,1.2866816667438368,0.40384615384615385,0.005325560260892491,0.1862167012991705,0.04092987413832294,1.365750499030318,0.0663802175529209,0.003458621376465132,10663.802175529205
D1,5,3.0,W1,50,long,0.0,35,1.8843971108490565,0.1737771310120389,0.16709258459315657,1.4012888571987727,0.37142857142857144,0.0077877564363726505,0.2112635109980289,0.0286546275307763,1.5390753247489164,0.0731175487173985,0.0038066025629341915,10731.175487173978
D1,5,3.0,W1,50,long,1.0,35,1.8843971108490565,0.1737771310120389,0.16709258459315657,1.4012888571987727,0.37142857142857144,0.0077877564363726505,0.2112635109980289,0.0286546275307763,1.5390753247489164,0.0731175487173985,0.0038066025629341915,10731.175487173978
D1,5,3.0,W1,50,short,0.0,19,1.0513179821239207,-0.10047946416435061,0.09862160729897429,0.7997305823709637,0.42105263157894735,-0.0038367003845844287,-0.12982700178006387,0.023566890052034606,0.7475141954546721,-0.015720128449353887,-0.0008763596404266494,9842.798715506467
D1,5,3.0,W1,50,short,1.0,19,1.0513179821239207,-0.10047946416435061,0.09862160729897429,0.7997305823709637,0.42105263157894735,-0.0038367003845844287,-0.12982700178006387,0.023566890052034606,0.7475141954546721,-0.015720128449353887,-0.0008763596404266494,9842.798715506467
D1,5,3.0,W1,80,both,0.0,53,2.8806919642857145,0.30491168964631044,0.17504224754089392,1.7616770019909658,0.41509433962264153,0.01498734521911576,0.33693026768988676,0.04141879230829337,2.143442981894771,0.24577164756098968,0.01201589799766678,12457.716475609892
D1,5,3.0,W1,80,both,1.0,53,2.8806919642857145,0.30491168964631044,0.17504224754089392,1.7616770019909658,0.41509433962264153,0.01498734521911576,0.33693026768988676,0.04141879230829337,2.143442981894771,0.24577164756098968,0.01201589799766678,12457.716475609892
D1,5,3.0,W1,80,long,0.0,37,2.011049107142857,0.39626945437509375,0.15614171583930048,2.392530520631597,0.4594594594594595,0.02657715288334865,0.37796426974018776,0.0395773656602042,2.619619978790908,0.2699895549520097,0.013075508263494351,12699.895549520097
D1,5,3.0,W1,80,long,1.0,37,2.011049107142857,0.39626945437509375,0.15614171583930048,2.392530520631597,0.4594594594594595,0.02657715288334865,0.37796426974018776,0.0395773656602042,2.619619978790908,0.2699895549520097,0.013075508263494351,12699.895549520097
D1,5,3.0,W1,80,short,0.0,17,1.2096727060198715,-0.4154650801378316,0.19867734243700297,0.3904655424125756,0.29411764705882354,-0.013560873668601307,-0.3469283779967083,0.028758432176873905,0.46871096592251393,-0.028728869999353424,-0.002072056333296879,9712.711300006462
D1,5,3.0,W1,80,short,1.0,17,1.2096727060198715,-0.4154650801378316,0.19867734243700297,0.3904655424125756,0.29411764705882354,-0.013560873668601307,-0.3469283779967083,0.028758432176873905,0.46871096592251393,-0.028728869999353424,-0.002072056333296879,9712.711300006462
D1,5,3.0,W1,120,both,0.0,48,2.99078812691914,0.20204834630799384,0.2867292462231701,1.4494375249023448,0.3541666666666667,0.009490060398308893,0.2653550266198853,0.042362695999212385,1.8474997758338791,0.1734816761611635,0.010017587052153054,11734.816761611635
D1,5,3.0,W1,120,both,1.0,48,2.99078812691914,0.20204834630799384,0.2867292462231701,1.4494375249023448,0.3541666666666667,0.009490060398308893,0.2653550266198853,0.042362695999212385,1.8474997758338791,0.1734816761611635,0.010017587052153054,11734.816761611635
D1,5,3.0,W1,120,long,0.0,33,2.056166837256909,0.32007971271751945,0.17743142571568615,2.026313004639772,0.3939393939393939,0.02132712546733989,0.33747049788653527,0.04347378830852333,2.4452371460754314,0.2186074961918576,0.01239504721094109,12186.074961918588
D1,5,3.0,W1,120,long,1.0,33,2.056166837256909,0.32007971271751945,0.17743142571568615,2.026313004639772,0.3939393939393939,0.02132712546733989,0.33747049788653527,0.04347378830852333,2.4452371460754314,0.2186074961918576,0.01239504721094109,12186.074961918588
D1,5,3.0,W1,120,short,0.0,16,1.5439894319682959,-0.28079026090044734,0.16343120653054943,0.5987404533293648,0.3125,-0.00822052924998861,-0.18203179049338716,0.030242516189688762,0.7035905556834114,-0.018148867170224015,-0.0017658801766862187,9818.51132829776
D1,5,3.0,W1,120,short,1.0,16,1.5439894319682959,-0.28079026090044734,0.16343120653054943,0.5987404533293648,0.3125,-0.00822052924998861,-0.18203179049338716,0.030242516189688762,0.7035905556834114,-0.018148867170224015,-0.0017658801766862187,9818.51132829776
D1,5,5.0,none,0,both,0.0,36,1.7953304205352267,-0.44264786645166115,0.5526987577056317,0.4490828465288488,0.25,-0.018853029062024053,-0.36922119279870314,0.07825745288229269,0.5049144315067658,-0.07951367060361325,-0.0041233849674156,9204.863293963866
D1,5,5.0,none,0,both,1.0,36,1.7953304205352267,-0.44264786645166115,0.5526987577056317,0.4490828465288488,0.25,-0.018853029062024053,-0.36922119279870314,0.07825745288229269,0.5049144315067658,-0.07951367060361325,-0.0041233849674156,9204.863293963866
D1,5,5.0,none,0,long,0.0,35,1.6719526549829977,0.24809142228657466,0.42597146341741343,2.0628569064632045,0.37142857142857144,0.03176315693864595,0.2994016762155705,0.04605593752535608,3.3955286385707266,0.31324529859722183,0.013102507945439434,13132.45298597222
D1,5,5.0,none,0,long,1.0,35,1.6719526549829977,0.24809142228657466,0.42597146341741343,2.0628569064632045,0.37142857142857144,0.03176315693864595,0.2994016762155705,0.04605593752535608,3.3955286385707266,0.31324529859722183,0.013102507945439434,13132.45298597222
D1,5,5.0,none,0,short,0.0,35,1.7454601310759148,-0.5961744483658022,0.6013157455044512,0.30494964001575836,0.22857142857142856,-0.02490337289534007,-0.44358763211813246,0.09960081404502497,0.3789019154350221,-0.10128348522103292,-0.005311374433586313,8987.165147789674
D1,5,5.0,none,0,short,1.0,35,1.7454601310759148,-0.5961744483658022,0.6013157455044512,0.30494964001575836,0.22857142857142856,-0.02490337289534007,-0.44358763211813246,0.09960081404502497,0.3789019154350221,-0.10128348522103292,-0.005311374433586313,8987.165147789674
D1,5,5.0,W1,20,both,0.0,26,1.2554865150713908,0.08190321009267736,0.36585690388588066,1.3830247985839423,0.23076923076923078,0.01181045950662488,0.15997689235632243,0.04914086035700971,2.5427960606303865,0.15369983346650917,0.006927808540418079,11536.998334665088
D1,5,5.0,W1,20,both,1.0,26,1.2554865150713908,0.08190321009267736,0.36585690388588066,1.3830247985839423,0.23076923076923078,0.01181045950662488,0.15997689235632243,0.04914086035700971,2.5427960606303865,0.15369983346650917,0.006927808540418079,11536.998334665088
D1,5,5.0,W1,20,long,0.0,21,1.0248864243719937,0.3342203441458763,0.13839225706210612,4.2523740850844325,0.42857142857142855,0.06150026426657863,0.3069405442102686,0.018632003793820795,6.187556439678366,0.3008010231351028,0.01291723422740243,13008.010231351022
D1,5,5.0,W1,20,long,1.0,21,1.0248864243719937,0.3342203441458763,0.13839225706210612,4.2523740850844325,0.42857142857142855,0.06150026426657863,0.3069405442102686,0.018632003793820795,6.187556439678366,0.3008010231351028,0.01291723422740243,13008.010231351022
D1,5,5.0,W1,20,short,0.0,17,1.0,-0.29973740386724684,0.37396431934436447,0.45101949120190626,0.23529411764705882,-0.020168129614378,-0.14676678354140896,0.04769383543035777,0.6504446510218479,-0.027113860662699163,-0.0014913906739033589,9728.86139337301
D1,5,5.0,W1,20,short,1.0,17,1.0,-0.29973740386724684,0.37396431934436447,0.45101949120190626,0.23529411764705882,-0.020168129614378,-0.14676678354140896,0.04769383543035777,0.6504446510218479,-0.027113860662699163,-0.0014913906739033589,9728.86139337301
D1,5,5.0,W1,32,both,0.0,14,1.0,-0.3448052493037017,0.23061918460475128,0.4349844610879828,0.35714285714285715,-0.017158863424964556,-0.16307814038546306,0.02545396704049796,0.6759357271570673,-0.014494802137698826,-0.0008538673015717757,9855.051978623009
D1,5,5.0,W1,32,both,1.0,14,1.0,-0.3448052493037017,0.23061918460475128,0.4349844610879828,0.35714285714285715,-0.017158863424964556,-0.16307814038546306,0.02545396704049796,0.6759357271570673,-0.014494802137698826,-0.0008538673015717757,9855.051978623009
D1,5,5.0,W1,32,long,0.0,7,1.0,0.14141839145312524,0.07806839846125535,1.4916574185388525,0.42857142857142855,0.009868793657014718,0.1956116025028813,0.0073709765395455484,1.7051979125195367,0.01030494923333336,0.0007125652639743407,10103.049492333334
D1,5,5.0,W1,32,long,1.0,7,1.0,0.14141839145312524,0.07806839846125535,1.4916574185388525,0.42857142857142855,0.009868793657014718,0.1956116025028813,0.0073709765395455484,1.7051979125195367,0.01030494923333336,0.0007125652639743407,10103.049492333334
D1,5,5.0,W1,32,short,0.0,13,1.0,-0.5267954491300137,0.2548061307977041,0.2852575123085004,0.3076923076923077,-0.024442621097211015,-0.38435696863908625,0.03070979391714479,0.4128507259276885,-0.027707302729365613,-0.0016425606671208737,9722.926972706342
D1,5,5.0,W1,32,short,1.0,13,1.0,-0.5267954491300137,0.2548061307977041,0.2852575123085004,0.3076923076923077,-0.024442621097211015,-0.38435696863908625,0.03070979391714479,0.4128507259276885,-0.027707302729365613,-0.0016425606671208737,9722.926972706342
D1,5,5.0,W1,50,both,0.0,17,1.0122676882947506,0.2343763642980849,0.07364072912128439,2.0002153546257913,0.4117647058823529,0.015361719795603279,0.2956285079734506,0.009207642113491898,2.446063468356869,0.04017054161666622,0.0023479191751054618,10401.705416166666
D1,5,5.0,W1,50,both,1.0,17,1.0122676882947506,0.2343763642980849,0.07364072912128439,2.0002153546257913,0.4117647058823529,0.015361719795603279,0.2956285079734506,0.009207642113491898,2.446063468356869,0.04017054161666622,0.0023479191751054618,10401.705416166666
D1,5,5.0,W1,50,long,0.0,12,1.0,0.5970737352495988,0.05343219168619473,6.397145474701303,0.5,0.04122298608782117,0.6021095743016505,0.0065754279689582695,6.315639735839743,0.06285778134999997,0.00371853443305481,10628.577813499998
D1,5,5.0,W1,50,long,1.0,12,1.0,0.5970737352495988,0.05343219168619473,6.397145474701303,0.5,0.04122298608782117,0.6021095743016505,0.0065754279689582695,6.315639735839743,0.06285778134999997,0.00371853443305481,10628.577813499998
D1,5,5.0,W1,50,short,0.0,7,1.0,-0.49097313179908103,0.07954327176324816,0.23756398838991719,0.2857142857142857,-0.019662012176721942,-0.4629094930932691,0.009306020475287169,0.2937974909722951,-0.01281999053333338,-0.0007546046786179872,9871.800094666667
D1,5,5.0,W1,50,short,1.0,7,1.0,-0.49097313179908103,0.07954327176324816,0.23756398838991719,0.2857142857142857,-0.019662012176721942,-0.4629094930932691,0.009306020475287169,0.2937974909722951,-0.01281999053333338,-0.0007546046786179872,9871.800094666667
D1,5,5.0,W1,80,both,0.0,17,1.0,0.3890600322254067,0.066061595041779,8.387837111937825,0.5294117647058824,0.07309422501152604,0.30972672540911134,0.011360207504792386,10.714510267111413,0.2641779142416676,0.01349815738376492,12641.779142416668
D1,5,5.0,W1,80,both,1.0,17,1.0,0.3890600322254067,0.066061595041779,8.387837111937825,0.5294117647058824,0.07309422501152604,0.30972672540911134,0.011360207504792386,10.714510267111413,0.2641779142416676,0.01349815738376492,12641.779142416668
D1,5,5.0,W1,80,long,0.0,11,1.0,0.5364178268166078,0.039256569892029525,15.592525999206789,0.6363636363636364,0.11948914203822775,0.409535711406195,0.006598213633212779,18.390869477694324,0.275154726891667,0.014667860083905637,12751.547268916667
D1,5,5.0,W1,80,long,1.0,11,1.0,0.5364178268166078,0.039256569892029525,15.592525999206789,0.6363636363636364,0.11948914203822775,0.409535711406195,0.006598213633212779,18.390869477694324,0.275154726891667,0.014667860083905637,12751.547268916667
D1,5,5.0,W1,80,short,0.0,7,1.0,-0.7591214172620292,0.13872536977623617,0.043476052653685635,0.2857142857142857,-0.019941559717577655,-0.8812767673353827,0.01938000558926234,0.028635677890504193,-0.01885145835833335,-0.001433692298799527,9811.485416416668
D1,5,5.0,W1,80,short,1.0,7,1.0,-0.7591214172620292,0.13872536977623617,0.043476052653685635,0.2857142857142857,-0.019941559717577655,-0.8812767673353827,0.01938000558926234,0.028635677890504193,-0.01885145835833335,-0.001433692298799527,9811.485416416668
D1,5,5.0,W1,120,both,0.0,15,1.0,0.22060001878255522,0.1588462188963261,3.5326641729313484,0.26666666666666666,0.04434376221769933,0.24253840310270117,0.020942498953302024,6.634208030699991,0.1977407613666664,0.011483425181354034,11977.407613666666
D1,5,5.0,W1,120,both,1.0,15,1.0,0.22060001878255522,0.1588462188963261,3.5326641729313484,0.26666666666666666,0.04434376221769933,0.24253840310270117,0.020942498953302024,6.634208030699991,0.1977407613666664,0.011483425181354034,11977.407613666666
D1,5,5.0,W1,120,long,0.0,11,1.0,0.341976269496987,0.14205179029928616,6.031548974546996,0.45454545454545453,0.07959926796443999,0.3278560504115182,0.018886287077842123,10.919060818783356,0.2267358510166666,0.013015600826073115,12267.358510166665
D1,5,5.0,W1,120,long,1.0,11,1.0,0.341976269496987,0.14205179029928616,6.031548974546996,0.45454545454545453,0.07959926796443999,0.3278560504115182,0.018886287077842123,10.919060818783356,0.2267358510166666,0.013015600826073115,12267.358510166665
D1,5,5.0,W1,120,short,0.0,7,1.0,-0.5087937881239238,0.08759157143970386,0.2837182496576239,0.14285714285714285,-0.01324118820213965,-0.5513512986424921,0.01266199242722199,0.26590121231886005,-0.01313178484166666,-0.0016287044283167518,9868.682151583334
D1,5,5.0,W1,120,short,1.0,7,1.0,-0.5087937881239238,0.08759157143970386,0.2837182496576239,0.14285714285714285,-0.01324118820213965,-0.5513512986424921,0.01266199242722199,0.26590121231886005,-0.01313178484166666,-0.0016287044283167518,9868.682151583334
D1,5,2.5,none,0,both,0.0,122,5.670717739882923,-0.18008150916541943,0.5845417487336451,0.8163073103549712,0.319672131147541,-0.003593415976219217,0.032454618231741054,0.11186223379160543,1.045411373487797,0.011788893335808126,0.0005449066362868127,10117.888933358081
D1,5,2.5,none,0,both,1.0,122,5.670717739882923,-0.18008150916541943,0.5845417487336451,0.8163073103549712,0.319672131147541,-0.003593415976219217,0.032454618231741054,0.11186223379160543,1.045411373487797,0.011788893335808126,0.0005449066362868127,10117.888933358081
D1,5,2.5,none,0,long,0.0,110,5.12729709035222,0.45458928166533336,0.25745275693324854,1.7310170199626493,0.43636363636363634,0.010656348799740489,0.6047005792700728,0.0315031850963704,2.247330035252567,0.5399713027754705,0.020329162396480083,15399.713027754717
D1,5,2.5,none,0,long,1.0,110,5.12729709035222,0.45458928166533336,0.25745275693324854,1.7310170199626493,0.43636363636363634,0.010656348799740489,0.6047005792700728,0.0315031850963704,2.247330035252567,0.5399713027754705,0.020329162396480083,15399.713027754717
D1,5,2.5,none,0,short,0.0,110,5.12468112244898,-0.6886357061032693,0.7771499467912507,0.435232229325096,0.2545454545454545,-0.013000673541854699,-0.7099581053872707,0.2879187068968022,0.40068939060257924,-0.2936377247831661,-0.016064813888712615,7063.622752168346
D1,5,2.5,none,0,short,1.0,110,5.12468112244898,-0.6886357061032693,0.7771499467912507,0.435232229325096,0.2545454545454545,-0.013000673541854699,-0.7099581053872707,0.2879187068968022,0.40068939060257924,-0.2936377247831661,-0.016064813888712615,7063.622752168346
D1,5,2.5,W1,20,both,0.0,63,3.0441526656965205,0.15054398368141772,0.20795452324939057,1.302123093116727,0.3492063492063492,0.004823114905887295,0.2872804597143194,0.05271784066830654,1.8203268828688413,0.1852101917134905,0.00824431994922148,11852.101917134896
D1,5,2.5,W1,20,both,1.0,63,3.0441526656965205,0.15054398368141772,0.20795452324939057,1.302123093116727,0.3492063492063492,0.004823114905887295,0.2872804597143194,0.05271784066830654,1.8203268828688413,0.1852101917134905,0.00824431994922148,11852.101917134896
D1,5,2.5,W1,20,long,0.0,31,1.4979163910570181,0.28482468606941036,0.15883304922981156,2.0036287641506063,0.45161290322580644,0.01311172198257497,0.35216533846424203,0.03458404193005837,2.615389410533555,0.1570893622161551,0.007075153644558352,11570.89362216155
D1,5,2.5,W1,20,long,1.0,31,1.4979163910570181,0.28482468606941036,0.15883304922981156,2.0036287641506063,0.45161290322580644,0.01311172198257497,0.35216533846424203,0.03458404193005837,2.615389410533555,0.1570893622161551,0.007075153644558352,11570.89362216155
D1,5,2.5,W1,20,short,0.0,34,1.7982189400521287,-0.08916785001575696,0.24362624416321965,0.8073542802977157,0.2647058823529412,-0.0035712136292752198,0.046911427174666086,0.06281992731125008,1.1560614556050612,0.01574444249144702,0.0008265587300642085,10157.444424914467
D1,5,2.5,W1,20,short,1.0,34,1.7982189400521287,-0.08916785001575696,0.24362624416321965,0.8073542802977157,0.2647058823529412,-0.0035712136292752198,0.046911427174666086,0.06281992731125008,1.1560614556050612,0.01574444249144702,0.0008265587300642085,10157.444424914467
D1,5,2.5,W1,32,both,0.0,62,3.0392564756408533,-0.015187956505675757,0.38054810034820374,0.9775606519899932,0.3548387096774194,-0.0003487512961372404,0.054174612069639694,0.07245693879856219,1.0846903095878344,0.01551182470187129,0.0007548412578746166,10155.118247018705
D1,5,2.5,W1,32,both,1.0,62,3.0392564756408533,-0.015187956505675757,0.38054810034820374,0.9775606519899932,0.3548387096774194,-0.0003487512961372404,0.054174612069639694,0.07245693879856219,1.0846903095878344,0.01551182470187129,0.0007548412578746166,10155.118247018705
D1,5,2.5,W1,32,long,0.0,40,1.960810629445712,0.052586787703636,0.2655391675178477,1.103477422962338,0.375,0.0016309000151564612,0.11967702897258947,0.049098708735994645,1.2556637441163923,0.0333064123322393,0.001607379158344413,10333.064123322385
D1,5,2.5,W1,32,long,1.0,40,1.960810629445712,0.052586787703636,0.2655391675178477,1.103477422962338,0.375,0.0016309000151564612,0.11967702897258947,0.049098708735994645,1.2556637441163923,0.0333064123322393,0.001607379158344413,10333.064123322385
D1,5,2.5,W1,32,short,0.0,24,1.269331016507385,-0.09500653731852424,0.21122104445630863,0.8089632825666635,0.3333333333333333,-0.00291564410665643,-0.07687795614140966,0.030912881226576094,0.8470805971522589,-0.012512238935892928,-0.0006657104169451866,9874.877610641066
D1,5,2.5,W1,32,short,1.0,24,1.269331016507385,-0.09500653731852424,0.21122104445630863,0.8089632825666635,0.3333333333333333,-0.00291564410665643,-0.07687795614140966,0.030912881226576094,0.8470805971522589,-0.012512238935892928,-0.0006657104169451866,9874.877610641066
D1,5,2.5,W1,50,both,0.0,65,3.3528103375229485,0.1985848891577527,0.28682204611603257,1.339648070372456,0.4,0.0059671801516367395,0.3423626477702804,0.046268746260739624,1.8061501567000708,0.19156037601620635,0.009081386390924706,11915.603760162048
D1,5,2.5,W1,50,both,1.0,65,3.3528103375229485,0.1985848891577527,0.28682204611603257,1.339648070372456,0.4,0.0059671801516367395,0.3423626477702804,0.046268746260739624,1.8061501567000708,0.19156037601620635,0.009081386390924706,11915.603760162048
D1,5,2.5,W1,50,long,0.0,41,2.178218181818182,0.2375306306479892,0.21049812578515648,1.5613413047579605,0.3902439024390244,0.00999178417636472,0.3370936680967533,0.04255687077132819,2.0574327757214603,0.17739074060775417,0.008713466818973892,11773.907406077524
D1,5,2.5,W1,50,long,1.0,41,2.178218181818182,0.2375306306479892,0.21049812578515648,1.5613413047579605,0.3902439024390244,0.00999178417636472,0.3370936680967533,0.04255687077132819,2.0574327757214603,0.17739074060775417,0.008713466818973892,11773.907406077524
D1,5,2.5,W1,50,short,0.0,27,1.4727822580645162,-0.10278107485352236,0.20993723829222433,0.8138528130008733,0.4074074074074074,-0.0033168492938121467,-0.02424185174077588,0.028217952357976195,0.9543922543201399,-0.004405768058214132,-0.00024082555566629082,9955.942319417856
D1,5,2.5,W1,50,short,1.0,27,1.4727822580645162,-0.10278107485352236,0.20993723829222433,0.8138528130008733,0.4074074074074074,-0.0033168492938121467,-0.02424185174077588,0.028217952357976195,0.9543922543201399,-0.004405768058214132,-0.00024082555566629082,9955.942319417856
D1,5,2.5,W1,80,both,0.0,70,3.803555489437667,0.20135348286100133,0.31052999982070406,1.3184325377163486,0.38571428571428573,0.005862417449190479,0.4262506215967069,0.039296935651728204,1.9398318351848232,0.2553448393057216,0.012433340964674633,12553.448393057208
D1,5,2.5,W1,80,both,1.0,70,3.803555489437667,0.20135348286100133,0.31052999982070406,1.3184325377163486,0.38571428571428573,0.005862417449190479,0.4262506215967069,0.039296935651728204,1.9398318351848232,0.2553448393057216,0.012433340964674633,12553.448393057208
D1,5,2.5,W1,80,long,0.0,47,2.5538158286224335,0.3301869316455971,0.15093064944400147,1.7500432447078949,0.40425531914893614,0.01288894937969539,0.47219995262204006,0.0333097758524028,2.3680271916361817,0.27109669307911965,0.0131195609101864,12710.966930791188
D1,5,2.5,W1,80,long,1.0,47,2.5538158286224335,0.3301869316455971,0.15093064944400147,1.7500432447078949,0.40425531914893614,0.01288894937969539,0.47219995262204006,0.0333097758524028,2.3680271916361817,0.27109669307911965,0.0131195609101864,12710.966930791188
D1,5,2.5,W1,80,short,0.0,24,1.7071080817916262,-0.31331713669236694,0.25971007906886046,0.5526627431172316,0.3333333333333333,-0.009633604282705283,-0.2201027068603958,0.034841898667515636,0.6731336278182548,-0.025815905431731845,-0.001858661597415212,9741.840945682687
D1,5,2.5,W1,80,short,1.0,24,1.7071080817916262,-0.31331713669236694,0.25971007906886046,0.5526627431172316,0.3333333333333333,-0.009633604282705283,-0.2201027068603958,0.034841898667515636,0.6731336278182548,-0.025815905431731845,-0.001858661597415212,9741.840945682687
D1,5,2.5,W1,120,both,0.0,65,3.8540990259740258,0.2583231187459694,0.1547668405559789,1.416345461725668,0.38461538461538464,0.006822333059804561,0.4371156503671838,0.04525100221430245,1.971549690918126,0.23930079774166124,0.012802594604409911,12393.007977416613
D1,5,2.5,W1,120,both,1.0,65,3.8540990259740258,0.2583231187459694,0.1547668405559789,1.416345461725668,0.38461538461538464,0.006822333059804561,0.4371156503671838,0.04525100221430245,1.971549690918126,0.23930079774166124,0.012802594604409911,12393.007977416613
D1,5,2.5,W1,120,long,0.0,46,2.7275162337662335,0.31279175874157555,0.11072445558178357,1.6574454910320522,0.41304347826086957,0.010866957143487992,0.4653161954422702,0.03425001512258674,2.3429255020322084,0.23982335222006923,0.012827911068347797,12398.233522200682
D1,5,2.5,W1,120,long,1.0,46,2.7275162337662335,0.31279175874157555,0.11072445558178357,1.6574454910320522,0.41304347826086957,0.010866957143487992,0.4653161954422702,0.03425001512258674,2.3429255020322084,0.23982335222006923,0.012827911068347797,12398.233522200682
D1,5,2.5,W1,120,short,0.0,19,1.8095827900912647,-0.11606787616955686,0.12945057984911124,0.8148482011082914,0.3157894736842105,-0.0029699147217448012,-0.016202674151856458,0.023211583488770726,0.9664797964685539,-0.003074455845073931,-0.0002932229120893304,9969.255441549263
D1,5,2.5,W1,120,short,1.0,19,1.8095827900912647,-0.11606787616955686,0.12945057984911124,0.8148482011082914,0.3157894736842105,-0.0029699147217448012,-0.016202674151856458,0.023211583488770726,0.9664797964685539,-0.003074455845073931,-0.0002932229120893304,9969.255441549263
D1,5,2.0,none,0,both,0.0,184,8.549293982953824,-0.121372512087995,0.6053981242088426,0.8939811875123441,0.33695652173913043,-0.0016301881973721033,0.13155462945356203,0.11203326077217313,1.146283146344884,0.0961356057010958,0.004274039631900761,10961.356057010978
D1,5,2.0,none,0,both,1.0,184,8.549293982953824,-0.121372512087995,0.6053981242088426,0.8939811875123441,0.33695652173913043,-0.0016301881973721033,0.13155462945356203,0.11203326077217313,1.146283146344884,0.0961356057010958,0.004274039631900761,10961.356057010978
D1,5,2.0,none,0,long,0.0,160,7.450280469148393,0.298399272263486,0.33492759632778857,1.352252993776179,0.4,0.005070760628745252,0.48391390095043546,0.08645473376996848,1.7568036815171064,0.6021442320998884,0.022190352108688804,16021.44232099887
D1,5,2.0,none,0,long,1.0,160,7.450280469148393,0.298399272263486,0.33492759632778857,1.352252993776179,0.4,0.005070760628745252,0.48391390095043546,0.08645473376996848,1.7568036815171064,0.6021442320998884,0.022190352108688804,16021.44232099887
D1,5,2.0,none,0,short,0.0,160,7.451230396531939,-0.8229012234147547,0.7689591869666514,0.47874347627796526,0.30625,-0.008732568384234371,-0.7857104724023142,0.30890134244823275,0.4744569265439036,-0.3118018250009579,-0.01725173076231956,6881.981749990424
D1,5,2.0,none,0,short,1.0,160,7.451230396531939,-0.8229012234147547,0.7689591869666514,0.47874347627796526,0.30625,-0.008732568384234371,-0.7857104724023142,0.30890134244823275,0.4744569265439036,-0.3118018250009579,-0.01725173076231956,6881.981749990424
D1,5,2.0,W1,20,both,0.0,101,4.88030824183093,-0.03005087702332317,0.38748292744378543,0.9636868484505272,0.3465346534653465,-0.000540013928192565,0.14816410777453184,0.09681612142215423,1.2531551126038716,0.08974422604160925,0.004161391057905028,10897.442260416092
D1,5,2.0,W1,20,both,1.0,101,4.88030824183093,-0.03005087702332317,0.38748292744378543,0.9636868484505272,0.3465346534653465,-0.000540013928192565,0.14816410777453184,0.09681612142215423,1.2531551126038716,0.08974422604160925,0.004161391057905028,10897.442260416092
D1,5,2.0,W1,20,long,0.0,50,2.4159941791242225,0.2980603030268538,0.1398148696244964,1.6968838095222756,0.44,0.009491540394645977,0.38191783949729363,0.04248825137825474,2.259969210753582,0.24553320449998695,0.010665771249530609,12455.332044999865
D1,5,2.0,W1,20,long,1.0,50,2.4159941791242225,0.2980603030268538,0.1398148696244964,1.6968838095222756,0.44,0.009491540394645977,0.38191783949729363,0.04248825137825474,2.259969210753582,0.24553320449998695,0.010665771249530609,12455.332044999865
D1,5,2.0,W1,20,short,0.0,55,2.88755929279862,-0.5270861494527982,0.36519665213268726,0.46181106211828954,0.2727272727272727,-0.008362119476297341,-0.5964473732475494,0.12224625337747808,0.4254436492991373,-0.11662786627122823,-0.006489443750126167,8833.721337287723
D1,5,2.0,W1,20,short,1.0,55,2.88755929279862,-0.5270861494527982,0.36519665213268726,0.46181106211828954,0.2727272727272727,-0.008362119476297341,-0.5964473732475494,0.12224625337747808,0.4254436492991373,-0.11662786627122823,-0.006489443750126167,8833.721337287723
D1,5,2.0,W1,32,both,0.0,106,5.276884285130162,-0.05432624419482863,0.32838888023548074,0.9401857792283485,0.33962264150943394,-0.0008905278427382677,0.08972136925386423,0.08267291338544303,1.11483160029424,0.04023773661259589,0.0019657908204635532,10402.377366125953
D1,5,2.0,W1,32,both,1.0,106,5.276884285130162,-0.05432624419482863,0.32838888023548074,0.9401857792283485,0.33962264150943394,-0.0008905278427382677,0.08972136925386423,0.08267291338544303,1.11483160029424,0.04023773661259589,0.0019657908204635532,10402.377366125953
D1,5,2.0,W1,32,long,0.0,61,3.036697560310754,0.07930019999142321,0.28110036200221356,1.128669195216665,0.3770491803278688,0.001902985077800329,0.20440104252036434,0.06504080584334226,1.3946474578813173,0.08546959982237667,0.004091096253855175,10854.695998223771
D1,5,2.0,W1,32,long,1.0,61,3.036697560310754,0.07930019999142321,0.28110036200221356,1.128669195216665,0.3770491803278688,0.001902985077800329,0.20440104252036434,0.06504080584334226,1.3946474578813173,0.08546959982237667,0.004091096253855175,10854.695998223771
D1,5,2.0,W1,32,short,0.0,51,2.6694969905417025,-0.23483235804681854,0.1986357454381178,0.7032289203391168,0.3137254901960784,-0.004391345889282852,-0.24434600266599316,0.06634666197799677,0.6973466832140952,-0.05905384666277891,-0.0031810196761762333,9409.461533372205
D1,5,2.0,W1,32,short,1.0,51,2.6694969905417025,-0.23483235804681854,0.1986357454381178,0.7032289203391168,0.3137254901960784,-0.004391345889282852,-0.24434600266599316,0.06634666197799677,0.6973466832140952,-0.05905384666277891,-0.0031810196761762333,9409.461533372205
D1,5,2.0,W1,50,both,0.0,110,5.6310441485634195,-0.18702867131704204,0.4465572718912194,0.8157598146240376,0.33636363636363636,-0.003063639930619573,0.01909191248170672,0.10474476483803585,1.0258013943174562,0.0024563639764605405,0.00012559819298774144,10024.563639764601
D1,5,2.0,W1,50,both,1.0,110,5.6310441485634195,-0.18702867131704204,0.4465572718912194,0.8157598146240376,0.33636363636363636,-0.003063639930619573,0.01909191248170672,0.10474476483803585,1.0258013943174562,0.0024563639764605405,0.00012559819298774144,10024.563639764601
D1,5,2.0,W1,50,long,0.0,67,3.5522935113949776,-0.07189494712716699,0.32081785462140855,0.9023851819732781,0.34328358208955223,-0.0016469085555615237,0.15800512987874485,0.07229411188592494,1.311187209249608,0.08195579644793294,0.004185081125214429,10819.557964479327
D1,5,2.0,W1,50,long,1.0,67,3.5522935113949776,-0.07189494712716699,0.32081785462140855,0.9023851819732781,0.34328358208955223,-0.0016469085555615237,0.15800512987874485,0.07229411188592494,1.311187209249608,0.08195579644793294,0.004185081125214429,10819.557964479327
D1,5,2.0,W1,50,short,0.0,45,2.4375278066142667,-0.16582399651721497,0.1968283998731304,0.7749921819321587,0.3333333333333333,-0.0036715104339897875,-0.18638773004681583,0.042777018946804635,0.7521065886232181,-0.04200755446623072,-0.0023219101517464313,9579.924455337698
D1,5,2.0,W1,50,short,1.0,45,2.4375278066142667,-0.16582399651721497,0.1968283998731304,0.7749921819321587,0.3333333333333333,-0.0036715104339897875,-0.18638773004681583,0.042777018946804635,0.7521065886232181,-0.04200755446623072,-0.0023219101517464313,9579.924455337698
D1,5,2.0,W1,80,both,0.0,114,6.192519333729923,-0.023876873793717463,0.4482955966864478,0.973892712140094,0.3157894736842105,-0.0004249825665127095,0.1821052885141625,0.13086710072080499,1.261792128806126,0.12169432437929717,0.006257664330929336,11216.94324379296
D1,5,2.0,W1,80,both,1.0,114,6.192519333729923,-0.023876873793717463,0.4482955966864478,0.973892712140094,0.3157894736842105,-0.0004249825665127095,0.1821052885141625,0.13086710072080499,1.261792128806126,0.12169432437929717,0.006257664330929336,11216.94324379296
D1,5,2.0,W1,80,long,0.0,77,4.182666567519334,0.124087318346693,0.26018644328325324,1.186989583464304,0.3116883116883117,0.0030399919126697164,0.33495870493117685,0.07001994119726085,1.6805982941087803,0.23019974525916864,0.011317465091235324,12301.997452591686
D1,5,2.0,W1,80,long,1.0,77,4.182666567519334,0.124087318346693,0.26018644328325324,1.186989583464304,0.3116883116883117,0.0030399919126697164,0.33495870493117685,0.07001994119726085,1.6805982941087803,0.23019974525916864,0.011317465091235324,12301.997452591686
D1,5,2.0,W1,80,short,0.0,39,2.540529695024077,-0.2983984073276034,0.24083033459036074,0.635315872034146,0.3333333333333333,-0.006157316495814273,-0.2120082021880589,0.04004926771236994,0.7249183558422264,-0.03907236273536874,-0.002592934808208769,9609.276372646307
D1,5,2.0,W1,80,short,1.0,39,2.540529695024077,-0.2983984073276034,0.24083033459036074,0.635315872034146,0.3333333333333333,-0.006157316495814273,-0.2120082021880589,0.04004926771236994,0.7249183558422264,-0.03907236273536874,-0.002592934808208769,9609.276372646307
D1,5,2.0,W1,120,both,0.0,110,6.522321428571429,0.16294876805115302,0.3252972140999072,1.191992190273653,0.38181818181818183,0.0028259334966897827,0.34046023042009593,0.09631426412061628,1.5169364484545245,0.24093131267411594,0.012881555807988443,12409.313126741168
D1,5,2.0,W1,120,both,1.0,110,6.522321428571429,0.16294876805115302,0.3252972140999072,1.191992190273653,0.38181818181818183,0.0028259334966897827,0.34046023042009593,0.09631426412061628,1.5169364484545245,0.24093131267411594,0.012881555807988443,12409.313126741168
D1,5,2.0,W1,120,long,0.0,74,4.387743506493506,0.22312191091840544,0.23026999839053475,1.351127513276015,0.3783783783783784,0.005144737552225993,0.37225822979804846,0.0706847200111842,1.780749455620636,0.24279032682861268,0.012971463593669963,12427.903268286127
D1,5,2.0,W1,120,long,1.0,74,4.387743506493506,0.22312191091840544,0.23026999839053475,1.351127513276015,0.3783783783783784,0.005144737552225993,0.37225822979804846,0.0706847200111842,1.780749455620636,0.24279032682861268,0.012971463593669963,12427.903268286127
D1,5,2.0,W1,120,short,0.0,38,3.6201095461658843,0.024646295972806806,0.18501607620581628,1.0326492406918117,0.42105263157894735,0.0004595282902815665,0.16566433861240654,0.028514968974334698,1.2564431291457474,0.03198465276378726,0.00300383906253332,10319.846527637874
D1,5,2.0,W1,120,short,1.0,38,3.6201095461658843,0.024646295972806806,0.18501607620581628,1.0326492406918117,0.42105263157894735,0.0004595282902815665,0.16566433861240654,0.028514968974334698,1.2564431291457474,0.03198465276378726,0.00300383906253332,10319.846527637874
D1,5,1.5,none,0,both,0.0,258,11.952625570776256,0.0737663487057596,0.31183176244028454,1.0574765934814712,0.37209302325581395,0.0006855186903407114,0.2536384873967778,0.17272502965854097,1.2168471516519839,0.24638067689750942,0.01025569321319142,12463.806768975137
D1,5,1.5,none,0,both,1.0,258,11.952625570776256,0.0737663487057596,0.31183176244028454,1.0574765934814712,0.37209302325581395,0.0006855186903407114,0.2536384873967778,0.17272502965854097,1.2168471516519839,0.24638067689750942,0.01025569321319142,12463.806768975137
D1,5,1.5,none,0,long,0.0,218,10.109763839512443,0.4727848785917215,0.2778416930559606,1.541239889574755,0.3944954128440367,0.005930052242570852,0.5320454131585721,0.12602626855637622,1.753109022427217,0.981896142625287,0.032231588416978596,19818.961426252838
D1,5,1.5,none,0,long,1.0,218,10.109763839512443,0.4727848785917215,0.2778416930559606,1.541239889574755,0.3944954128440367,0.005930052242570852,0.5320454131585721,0.12602626855637622,1.753109022427217,0.981896142625287,0.032231588416978596,19818.961426252838
D1,5,1.5,none,0,short,0.0,218,10.130343511450382,-0.631202205170929,0.6921784646516742,0.6040542995707538,0.3165137614678899,-0.005171413837349737,-0.44332822632388147,0.25201298057193133,0.6988467421851906,-0.259310040468972,-0.013852050917374958,7406.89959531028
D1,5,1.5,none,0,short,1.0,218,10.130343511450382,-0.631202205170929,0.6921784646516742,0.6040542995707538,0.3165137614678899,-0.005171413837349737,-0.44332822632388147,0.25201298057193133,0.6988467421851906,-0.259310040468972,-0.013852050917374958,7406.89959531028
D1,5,1.5,W1,20,both,0.0,163,7.84397233201581,0.14273283453756563,0.22379569529968468,1.142031763626597,0.36809815950920244,0.0015585482691057406,0.2208360801505732,0.07426554963868104,1.2316786685247623,0.15013640702997066,0.006754112755116948,11501.364070299716
D1,5,1.5,W1,20,both,1.0,163,7.84397233201581,0.14273283453756563,0.22379569529968468,1.142031763626597,0.36809815950920244,0.0015585482691057406,0.2208360801505732,0.07426554963868104,1.2316786685247623,0.15013640702997066,0.006754112755116948,11501.364070299716
D1,5,1.5,W1,20,long,0.0,86,4.138537549407115,0.3145091711950465,0.22322166705575297,1.495793076690668,0.4069767441860465,0.005589455231508461,0.3177571399986521,0.08609470806682296,1.5025134813207681,0.18400962784228225,0.008161339773802956,11840.096278422807
D1,5,1.5,W1,20,long,1.0,86,4.138537549407115,0.3145091711950465,0.22322166705575297,1.495793076690668,0.4069767441860465,0.005589455231508461,0.3177571399986521,0.08609470806682296,1.5025134813207681,0.18400962784228225,0.008161339773802956,11840.096278422807
D1,5,1.5,W1,20,short,0.0,83,4.34509817973341,-0.26474865134096165,0.2559947550013404,0.7320622155404412,0.3132530120481928,-0.002835155796764276,-0.16152668909945966,0.08014873891456431,0.8197191229566619,-0.05866630188446054,-0.0031599861875758473,9413.336981155395
D1,5,1.5,W1,20,short,1.0,83,4.34509817973341,-0.26474865134096165,0.2559947550013404,0.7320622155404412,0.3132530120481928,-0.002835155796764276,-0.16152668909945966,0.08014873891456431,0.8197191229566619,-0.05866630188446054,-0.0031599861875758473,9413.336981155395
D1,5,1.5,W1,32,both,0.0,160,7.89623023915687,0.2558914869823437,0.18704465859092645,1.2892021678929675,0.375,0.0032674544142372677,0.3796949227408644,0.04824342534365145,1.474407049944782,0.34591827333564673,0.014769155192942085,13459.182733356452
D1,5,1.5,W1,32,both,1.0,160,7.89623023915687,0.2558914869823437,0.18704465859092645,1.2892021678929675,0.375,0.0032674544142372677,0.3796949227408644,0.04824342534365145,1.474407049944782,0.34591827333564673,0.014769155192942085,13459.182733356452
D1,5,1.5,W1,32,long,0.0,88,4.342926631536279,0.3944260986488294,0.17730480424540196,1.7138703230974084,0.4318181818181818,0.008044056309191798,0.45197087217201826,0.04431315418850057,1.8853870835399937,0.33750335713976964,0.014455109988187775,13375.033571397697
D1,5,1.5,W1,32,long,1.0,88,4.342926631536279,0.3944260986488294,0.17730480424540196,1.7138703230974084,0.4318181818181818,0.008044056309191798,0.45197087217201826,0.04431315418850057,1.8853870835399937,0.33750335713976964,0.014455109988187775,13375.033571397697
D1,5,1.5,W1,32,short,0.0,81,4.240397018775978,-0.19974778199443027,0.259659829615029,0.7861167679084687,0.2962962962962963,-0.0023545125025250997,-0.015142872592394312,0.09455409614297283,0.9809007336890866,-0.010858856083054924,-0.0005714130806874218,9891.411439169464
D1,5,1.5,W1,32,short,1.0,81,4.240397018775978,-0.19974778199443027,0.259659829615029,0.7861167679084687,0.2962962962962963,-0.0023545125025250997,-0.015142872592394312,0.09455409614297283,0.9809007336890866,-0.010858856083054924,-0.0005714130806874218,9891.411439169464
D1,5,1.5,W1,50,both,0.0,167,8.5489488437281,0.06798731633724182,0.3464357793548808,1.0660436574633918,0.3532934131736527,0.0007742653095814176,0.1976423645205107,0.12995489787948633,1.2149168375781005,0.14201705007059062,0.006821162240149059,11420.170500705874
D1,5,1.5,W1,50,both,1.0,167,8.5489488437281,0.06798731633724182,0.3464357793548808,1.0660436574633918,0.3532934131736527,0.0007742653095814176,0.1976423645205107,0.12995489787948633,1.2149168375781005,0.14201705007059062,0.006821162240149059,11420.170500705874
D1,5,1.5,W1,50,long,0.0,99,5.2276637270493,0.013379727839146335,0.3357269169737289,1.0164471560987576,0.35353535353535354,0.00020010322660488653,0.11725210736004169,0.12400869538270509,1.172457111663283,0.06687516381870173,0.0034241056397010805,10668.751638187001
D1,5,1.5,W1,50,long,1.0,99,5.2276637270493,0.013379727839146335,0.3357269169737289,1.0164471560987576,0.35353535353535354,0.00020010322660488653,0.11725210736004169,0.12400869538270509,1.172457111663283,0.06687516381870173,0.0034241056397010805,10668.751638187001
D1,5,1.5,W1,50,short,0.0,73,3.954211775174255,-0.019918203756208373,0.2265367876275458,0.9736361254177395,0.3287671232876712,-0.00032005379839848713,0.11693288485469082,0.07240738634249977,1.165272546416519,0.04401895558939373,0.002336123604294693,10440.189555893936
D1,5,1.5,W1,50,short,1.0,73,3.954211775174255,-0.019918203756208373,0.2265367876275458,0.9736361254177395,0.3287671232876712,-0.00032005379839848713,0.11693288485469082,0.07240738634249977,1.165272546416519,0.04401895558939373,0.002336123604294693,10440.189555893936
D1,5,1.5,W1,80,both,0.0,167,9.0338788507109,0.20090797456935822,0.25530983528884266,1.2191781955023036,0.3532934131736527,0.0025707371535226464,0.32737936691856395,0.08413635039983303,1.4404931749488168,0.34884712853562183,0.016319702043890993,13488.47128535622
D1,5,1.5,W1,80,both,1.0,167,9.0338788507109,0.20090797456935822,0.25530983528884266,1.2191781955023036,0.3532934131736527,0.0025707371535226464,0.32737936691856395,0.08413635039983303,1.4404931749488168,0.34884712853562183,0.016319702043890993,13488.47128535622
D1,5,1.5,W1,80,long,0.0,110,5.950459123222748,0.2685826638635546,0.16094911520664057,1.405297674554116,0.35454545454545455,0.0047046420443515174,0.36420899682550834,0.06912661282918164,1.681007827898957,0.3646269669708673,0.016959343391783843,13646.269669708658
D1,5,1.5,W1,80,long,1.0,110,5.950459123222748,0.2685826638635546,0.16094911520664057,1.405297674554116,0.35454545454545455,0.0047046420443515174,0.36420899682550834,0.06912661282918164,1.681007827898957,0.3646269669708673,0.016959343391783843,13646.269669708658
D1,5,1.5,W1,80,short,0.0,61,3.944105151354222,-0.2009614373798468,0.24047196308939212,0.774577011136024,0.32786885245901637,-0.0028323960621920202,-0.16872927395045753,0.0790925734873058,0.8108579022088744,-0.05039382564233885,-0.0033377211121359274,9496.061743576622
D1,5,1.5,W1,80,short,1.0,61,3.944105151354222,-0.2009614373798468,0.24047196308939212,0.774577011136024,0.32786885245901637,-0.0028323960621920202,-0.16872927395045753,0.0790925734873058,0.8108579022088744,-0.05039382564233885,-0.0033377211121359274,9496.061743576622
D1,5,1.5,W1,120,both,0.0,152,9.011199480603798,0.42125334861958025,0.14737056668128035,1.5544979134315102,0.39473684210526316,0.0054705827531528126,0.4861828178979246,0.059661507825598536,1.7368978401436386,0.5320483948510415,0.025613508395690543,15320.483948510377
D1,5,1.5,W1,120,both,1.0,152,9.011199480603798,0.42125334861958025,0.14737056668128035,1.5544979134315102,0.39473684210526316,0.0054705827531528126,0.4861828178979246,0.059661507825598536,1.7368978401436386,0.5320483948510415,0.025613508395690543,15320.483948510377
D1,5,1.5,W1,120,long,0.0,98,5.80985229670508,0.42422296641900453,0.17101900317266072,1.7686851101371812,0.3979591836734694,0.007861006230208958,0.463606703298102,0.057056571414205504,2.009695414446468,0.46784216490689445,0.023013709189174447,14678.42164906895
D1,5,1.5,W1,120,long,1.0,98,5.80985229670508,0.42422296641900453,0.17101900317266072,1.7686851101371812,0.3979591836734694,0.007861006230208958,0.463606703298102,0.057056571414205504,2.009695414446468,0.46784216490689445,0.023013709189174447,14678.42164906895
D1,5,1.5,W1,120,short,0.0,56,4.132956152758132,0.11674011156319261,0.08713351357403742,1.1600441011295501,0.39285714285714285,0.001483344540749364,0.24474507544036858,0.043418971807509754,1.3702645228646426,0.07413583562063342,0.005292068281969264,10741.358356206345
D1,5,1.5,W1,120,short,1.0,56,4.132956152758132,0.11674011156319261,0.08713351357403742,1.1600441011295501,0.39285714285714285,0.001483344540749364,0.24474507544036858,0.043418971807509754,1.3702645228646426,0.07413583562063342,0.005292068281969264,10741.358356206345
D1,5,1.0,none,0,both,0.0,460,21.31088280060883,-0.23770211359253068,0.5312777836992886,0.8681868098608405,0.30434782608695654,-0.0012102614973657476,-0.07280760995748002,0.358615787636022,0.9558628153137418,-0.1450771324677046,-0.007235336270158377,8549.228675322938
D1,5,1.0,none,0,both,1.0,460,21.31088280060883,-0.23770211359253068,0.5312777836992886,0.8681868098608405,0.30434782608695654,-0.0012102614973657476,-0.07280760995748002,0.358615787636022,0.9558628153137418,-0.1450771324677046,-0.007235336270158377,8549.228675322938
D1,5,1.0,none,0,long,0.0,357,16.551694592536176,0.4176888045040294,0.2687155552073379,1.3910131235347396,0.3557422969187675,0.003208449371087918,0.4616240376020292,0.1804476241463504,1.4926846715568345,1.2249570950602453,0.03777444963643717,22249.57095060247
D1,5,1.0,none,0,long,1.0,357,16.551694592536176,0.4176888045040294,0.2687155552073379,1.3910131235347396,0.3557422969187675,0.003208449371087918,0.4616240376020292,0.1804476241463504,1.4926846715568345,1.2249570950602453,0.03777444963643717,22249.57095060247
D1,5,1.0,none,0,short,0.0,357,16.591710141239343,-0.6537106706038649,0.7154528290695782,0.6556718349444982,0.2913165266106443,-0.0033481469845783396,-0.4930572549142901,0.399303840129842,0.7279163797886333,-0.4031637297262507,-0.023701131606886694,5968.362702737489
D1,5,1.0,none,0,short,1.0,357,16.591710141239343,-0.6537106706038649,0.7154528290695782,0.6556718349444982,0.2913165266106443,-0.0033481469845783396,-0.4930572549142901,0.399303840129842,0.7279163797886333,-0.4031637297262507,-0.023701131606886694,5968.362702737489
D1,5,1.0,W1,20,both,0.0,305,14.640721513996583,0.2154987499214013,0.29516303420271384,1.1852448652719951,0.3377049180327869,0.0016142331407926506,0.24125440076377003,0.20560434265087923,1.2051663342074537,0.31845179400288304,0.013359091742951357,13184.517940028822
D1,5,1.0,W1,20,both,1.0,305,14.640721513996583,0.2154987499214013,0.29516303420271384,1.1852448652719951,0.3377049180327869,0.0016142331407926506,0.24125440076377003,0.20560434265087923,1.2051663342074537,0.31845179400288304,0.013359091742951357,13184.517940028822
D1,5,1.0,W1,20,long,0.0,166,7.968392692863714,0.35906130245846063,0.13669733212161794,1.5016139149970065,0.3493975903614458,0.004132775633640818,0.39319400106393004,0.09589667276252378,1.5622816003075652,0.49211127150191447,0.019395868900777824,14921.11271501916
D1,5,1.0,W1,20,long,1.0,166,7.968392692863714,0.35906130245846063,0.13669733212161794,1.5016139149970065,0.3493975903614458,0.004132775633640818,0.39319400106393004,0.09589667276252378,1.5622816003075652,0.49211127150191447,0.019395868900777824,14921.11271501916
D1,5,1.0,W1,20,short,0.0,151,7.406035987646032,-0.17357198972321067,0.32107875613380665,0.840419899314327,0.31125827814569534,-0.001438905345917839,-0.16453549757563052,0.19455017323125878,0.8546731710421941,-0.11612803708451114,-0.006036170816768882,8838.719629154884
D1,5,1.0,W1,20,short,1.0,151,7.406035987646032,-0.17357198972321067,0.32107875613380665,0.840419899314327,0.31125827814569534,-0.001438905345917839,-0.16453549757563052,0.19455017323125878,0.8546731710421941,-0.11612803708451114,-0.006036170816768882,8838.719629154884
D1,5,1.0,W1,32,both,0.0,304,14.948303715670436,0.20874354914686188,0.24622653601106725,1.1800585335553868,0.3355263157894737,0.0015874198956492046,0.2830204812904167,0.14878124791478642,1.252128160490508,0.4146198482694863,0.01720214061787173,14146.198482694903
D1,5,1.0,W1,32,both,1.0,304,14.948303715670436,0.20874354914686188,0.24622653601106725,1.1800585335553868,0.3355263157894737,0.0015874198956492046,0.2830204812904167,0.14878124791478642,1.252128160490508,0.4146198482694863,0.01720214061787173,14146.198482694903
D1,5,1.0,W1,32,long,0.0,175,8.605109046849758,0.34998785629087414,0.1698856571947568,1.4766922578042447,0.3485714285714286,0.004006711048345272,0.366702397015129,0.10556490216982273,1.5091731812576445,0.4866529224407212,0.019689386180343105,14866.529224407212
D1,5,1.0,W1,32,long,1.0,175,8.605109046849758,0.34998785629087414,0.1698856571947568,1.4766922578042447,0.3485714285714286,0.004006711048345272,0.366702397015129,0.10556490216982273,1.5091731812576445,0.4866529224407212,0.019689386180343105,14866.529224407212
D1,5,1.0,W1,32,short,0.0,143,7.486133008456356,-0.25506456913377346,0.3175264877009013,0.7845340156604392,0.3076923076923077,-0.002065465565152668,-0.12041439414345932,0.14598829355991116,0.8906566518033147,-0.09451745813177259,-0.00518426193173005,9054.82541868227
D1,5,1.0,W1,32,short,1.0,143,7.486133008456356,-0.25506456913377346,0.3175264877009013,0.7845340156604392,0.3076923076923077,-0.002065465565152668,-0.12041439414345932,0.14598829355991116,0.8906566518033147,-0.09451745813177259,-0.00518426193173005,9054.82541868227
D1,5,1.0,W1,50,both,0.0,300,15.35739313244569,0.02841226855210954,0.39233480845126545,1.0206855614533843,0.3233333333333333,0.00018276537177935444,0.20013383095986306,0.1886435784009537,1.1628732963879167,0.23408332352257033,0.01082516140776324,12340.833235225706
D1,5,1.0,W1,50,both,1.0,300,15.35739313244569,0.02841226855210954,0.39233480845126545,1.0206855614533843,0.3233333333333333,0.00018276537177935444,0.20013383095986306,0.1886435784009537,1.1628732963879167,0.23408332352257033,0.01082516140776324,12340.833235225706
D1,5,1.0,W1,50,long,0.0,191,9.789889138366544,0.1940278172150339,0.22962346554906932,1.1972102839446068,0.34554973821989526,0.0015480986270382442,0.3012309421890222,0.08591859364330579,1.351365444841328,0.32801711953790846,0.014646877192788565,13280.171195379062
D1,5,1.0,W1,50,long,1.0,191,9.789889138366544,0.1940278172150339,0.22962346554906932,1.1972102839446068,0.34554973821989526,0.0015480986270382442,0.3012309421890222,0.08591859364330579,1.351365444841328,0.32801711953790846,0.014646877192788565,13280.171195379062
D1,5,1.0,W1,50,short,0.0,123,6.663564224265796,-0.22786817785574126,0.34285134701788766,0.786487924179632,0.2926829268292683,-0.002198801890351267,-0.1154258349594344,0.1600878824247618,0.8890367570595835,-0.08428119031551429,-0.004758558768919174,9157.188096844864
D1,5,1.0,W1,50,short,1.0,123,6.663564224265796,-0.22786817785574126,0.34285134701788766,0.786487924179632,0.2926829268292683,-0.002198801890351267,-0.1154258349594344,0.1600878824247618,0.8890367570595835,-0.08428119031551429,-0.004758558768919174,9157.188096844864
D1,5,1.0,W1,80,both,0.0,294,15.903954383886255,0.11567672439737627,0.45418895973960094,1.0953470962239977,0.2891156462585034,0.0008676471308520335,0.1696147622861095,0.2392114113757251,1.1492451164494029,0.20907014162011617,0.010322955134264067,12090.701416201164
D1,5,1.0,W1,80,both,1.0,294,15.903954383886255,0.11567672439737627,0.45418895973960094,1.0953470962239977,0.2891156462585034,0.0008676471308520335,0.1696147622861095,0.2392114113757251,1.1492451164494029,0.20907014162011617,0.010322955134264067,12090.701416201164
D1,5,1.0,W1,80,long,0.0,195,10.54854117298578,0.275483195817849,0.22839869632349286,1.330008002245507,0.3128205128205128,0.0026788353140839503,0.3016855375938013,0.13015291670846052,1.4164558000402094,0.44046119626526137,0.019938898439554986,14404.61196265261
D1,5,1.0,W1,80,long,1.0,195,10.54854117298578,0.275483195817849,0.22839869632349286,1.330008002245507,0.3128205128205128,0.0026788353140839503,0.3016855375938013,0.13015291670846052,1.4164558000402094,0.44046119626526137,0.019938898439554986,14404.61196265261
D1,5,1.0,W1,80,short,0.0,105,6.659359263761069,-0.2549523642209149,0.3316042507757895,0.7638239356249676,0.26666666666666666,-0.0025283376479381414,-0.2751102279974561,0.1786319182899545,0.7597636976617616,-0.13915805354148236,-0.009458483840372178,8608.419464585166
D1,5,1.0,W1,80,short,1.0,105,6.659359263761069,-0.2549523642209149,0.3316042507757895,0.7638239356249676,0.26666666666666666,-0.0025283376479381414,-0.2751102279974561,0.1786319182899545,0.7597636976617616,-0.13915805354148236,-0.009458483840372178,8608.419464585166
D1,5,1.0,W1,120,both,0.0,266,15.680519690122662,0.11723403950006199,0.4200325067908153,1.0982424090122103,0.3082706766917293,0.0008245676260574409,0.18859756938473737,0.2607262656460311,1.164227330285425,0.2055383501236876,0.011080109309653086,12055.383501236867
D1,5,1.0,W1,120,both,1.0,266,15.680519690122662,0.11723403950006199,0.4200325067908153,1.0982424090122103,0.3082706766917293,0.0008245676260574409,0.18859756938473737,0.2607262656460311,1.164227330285425,0.2055383501236876,0.011080109309653086,12055.383501236867
D1,5,1.0,W1,120,long,0.0,175,10.316131375080698,0.20255571689755528,0.3433725675835121,1.2370514911494694,0.32,0.0019114385386206952,0.24874070936353387,0.1955145932876483,1.3055075115971653,0.25860997593822255,0.013651148404436597,12586.099759382232
D1,5,1.0,W1,120,long,1.0,175,10.316131375080698,0.20255571689755528,0.3433725675835121,1.2370514911494694,0.32,0.0019114385386206952,0.24874070936353387,0.1955145932876483,1.3055075115971653,0.25860997593822255,0.013651148404436597,12586.099759382232
D1,5,1.0,W1,120,short,0.0,96,7.089365143550344,-0.17923525334504448,0.26203415419224885,0.8365040672638926,0.28125,-0.0014848874175593353,-0.0794985624277943,0.15929642183661097,0.9253562002341551,-0.048924779591449585,-0.003697497458132526,9510.75220408551
D1,5,1.0,W1,120,short,1.0,96,7.089365143550344,-0.17923525334504448,0.26203415419224885,0.8365040672638926,0.28125,-0.0014848874175593353,-0.0794985624277943,0.15929642183661097,0.9253562002341551,-0.048924779591449585,-0.003697497458132526,9510.75220408551
D1,8,2.5,none,0,both,0.0,119,5.531273861033342,0.3799072550978937,0.2627969371655414,1.527531568548936,0.42857142857142855,0.008232497928890373,0.509277148790439,0.04511357551915918,1.8902994909517465,0.386571912084692,0.015307668103751615,13865.719120846932
D1,8,2.5,none,0,both,1.0,119,5.531273861033342,0.3799072550978937,0.2627969371655414,1.527531568548936,0.42857142857142855,0.008232497928890373,0.509277148790439,0.04511357551915918,1.8902994909517465,0.386571912084692,0.015307668103751615,13865.719120846932
D1,8,2.5,none,0,long,0.0,110,5.122720897615708,0.4681353563552267,0.19321533285908177,1.752507071840171,0.45454545454545453,0.010920366746022162,0.5935059431378651,0.04434557024675656,2.1804412482429147,0.5103919293896346,0.019389695758758263,15103.919293896352
D1,8,2.5,none,0,long,1.0,110,5.122720897615708,0.4681353563552267,0.19321533285908177,1.752507071840171,0.45454545454545453,0.010920366746022162,0.5935059431378651,0.04434557024675656,2.1804412482429147,0.5103919293896346,0.019389695758758263,15103.919293896352
D1,8,2.5,none,0,short,0.0,110,5.12468112244898,-0.5871189400661562,0.6567565640312181,0.5281592374742788,0.2909090909090909,-0.00928458040349485,-0.5921731731047908,0.22319144772982824,0.48618403148558526,-0.22819053042040605,-0.011994597123460737,7718.094695795932
D1,8,2.5,none,0,short,1.0,110,5.12468112244898,-0.5871189400661562,0.6567565640312181,0.5281592374742788,0.2909090909090909,-0.00928458040349485,-0.5921731731047908,0.22319144772982824,0.48618403148558526,-0.22819053042040605,-0.011994597123460737,7718.094695795932
D1,8,2.5,W1,20,both,0.0,55,2.657593597036645,0.013458872439342778,0.22641468524617903,1.022239077714728,0.36363636363636365,0.0003575363406729118,0.06572866519811421,0.04537825228614234,1.128091012342328,0.02242180840147867,0.001072025831564405,10224.218084014785
D1,8,2.5,W1,20,both,1.0,55,2.657593597036645,0.013458872439342778,0.22641468524617903,1.022239077714728,0.36363636363636365,0.0003575363406729118,0.06572866519811421,0.04537825228614234,1.128091012342328,0.02242180840147867,0.001072025831564405,10224.218084014785
D1,8,2.5,W1,20,long,0.0,29,1.401276623892049,0.15002424210341278,0.18067690386225554,1.4053627301350413,0.41379310344827586,0.006472955670167203,0.1985793282976368,0.04283987052790483,1.6445326240983962,0.07092044396655717,0.0033162930394015078,10709.204439665567
D1,8,2.5,W1,20,long,1.0,29,1.401276623892049,0.15002424210341278,0.18067690386225554,1.4053627301350413,0.41379310344827586,0.006472955670167203,0.1985793282976368,0.04283987052790483,1.6445326240983962,0.07092044396655717,0.0033162930394015078,10709.204439665567
D1,8,2.5,W1,20,short,0.0,30,1.7354292049414,-0.40018554970931736,0.27254243597628114,0.4728463418395561,0.26666666666666666,-0.009405622920249272,-0.6030530841075012,0.08093938794246991,0.3331183865274392,-0.08131732655674462,-0.004894303031436786,9186.826734432549
D1,8,2.5,W1,20,short,1.0,30,1.7354292049414,-0.40018554970931736,0.27254243597628114,0.4728463418395561,0.26666666666666666,-0.009405622920249272,-0.6030530841075012,0.08093938794246991,0.3331183865274392,-0.08131732655674462,-0.004894303031436786,9186.826734432549
D1,8,2.5,W1,32,both,0.0,59,2.892195678432425,0.2763916484592957,0.20684810460886738,1.536077157949379,0.423728813559322,0.007899173708921887,0.32138819708500344,0.04362627495045368,1.670510971941379,0.1352790962062822,0.006239000779447945,11352.79096206282
D1,8,2.5,W1,32,both,1.0,59,2.892195678432425,0.2763916484592957,0.20684810460886738,1.536077157949379,0.423728813559322,0.007899173708921887,0.32138819708500344,0.04362627495045368,1.670510971941379,0.1352790962062822,0.006239000779447945,11352.79096206282
D1,8,2.5,W1,32,long,0.0,39,1.9117903637095692,0.15925789120632217,0.2217970639717749,1.3591717086063893,0.41025641025641024,0.0059350578749590216,0.20883967760825645,0.04842718689566239,1.483715658936656,0.06757977018583694,0.003210784107124942,10675.797701858364
D1,8,2.5,W1,32,long,1.0,39,1.9117903637095692,0.15925789120632217,0.2217970639717749,1.3591717086063893,0.41025641025641024,0.0059350578749590216,0.20883967760825645,0.04842718689566239,1.483715658936656,0.06757977018583694,0.003210784107124942,10675.797701858364
D1,8,2.5,W1,32,short,0.0,24,1.315426170468187,0.242587812733312,0.13492612466549114,1.7362772507303186,0.4583333333333333,0.008738864683083552,0.2212021977029172,0.022607260621583247,1.7136368434800962,0.04796880075230203,0.002571330826507623,10479.68800752302
D1,8,2.5,W1,32,short,1.0,24,1.315426170468187,0.242587812733312,0.13492612466549114,1.7362772507303186,0.4583333333333333,0.008738864683083552,0.2212021977029172,0.022607260621583247,1.7136368434800962,0.04796880075230203,0.002571330826507623,10479.68800752302
D1,8,2.5,W1,50,both,0.0,64,3.347558356007447,0.2757836445060288,0.32486765673017337,1.4684057203752696,0.421875,0.0077992516211347375,0.4029881454002997,0.06384841779640882,1.9338469956843725,0.2094996633064765,0.009998533870821058,12094.996633064757
D1,8,2.5,W1,50,both,1.0,64,3.347558356007447,0.2757836445060288,0.32486765673017337,1.4684057203752696,0.421875,0.0077992516211347375,0.4029881454002997,0.06384841779640882,1.9338469956843725,0.2094996633064765,0.009998533870821058,12094.996633064757
D1,8,2.5,W1,50,long,0.0,41,2.178218181818182,0.12091019275082267,0.33729769375016605,1.238675290301983,0.36585365853658536,0.0045306053934883505,0.29685697888952906,0.06360169476266919,1.8764546271558038,0.13907594517940436,0.006942078447260025,11390.759451794034
D1,8,2.5,W1,50,long,1.0,41,2.178218181818182,0.12091019275082267,0.33729769375016605,1.238675290301983,0.36585365853658536,0.0045306053934883505,0.29685697888952906,0.06360169476266919,1.8764546271558038,0.13907594517940436,0.006942078447260025,11390.759451794034
D1,8,2.5,W1,50,short,0.0,26,1.439299787814489,0.21308426249888515,0.09735923497072374,1.5344121902351422,0.46153846153846156,0.00804756626418973,0.23850855031203452,0.016922127827618372,1.6922730786580351,0.052954409664988766,0.0028605365385832027,10529.544096649874
D1,8,2.5,W1,50,short,1.0,26,1.439299787814489,0.21308426249888515,0.09735923497072374,1.5344121902351422,0.46153846153846156,0.00804756626418973,0.23850855031203452,0.016922127827618372,1.6922730786580351,0.052954409664988766,0.0028605365385832027,10529.544096649874
D1,8,2.5,W1,80,both,0.0,69,3.7492189824457007,0.23867639795501402,0.33187729427030144,1.3829651571933474,0.37681159420289856,0.006913442026958128,0.38114768971109025,0.06440133842057927,1.76776513857515,0.2049216950138828,0.01018059036127017,12049.216950138822
D1,8,2.5,W1,80,both,1.0,69,3.7492189824457007,0.23867639795501402,0.33187729427030144,1.3829651571933474,0.37681159420289856,0.006913442026958128,0.38114768971109025,0.06440133842057927,1.76776513857515,0.2049216950138828,0.01018059036127017,12049.216950138822
D1,8,2.5,W1,80,long,0.0,47,2.5538158286224335,0.2640708479258622,0.3229627641557441,1.549376402882278,0.3829787234042553,0.0102143397306094,0.3979830300875471,0.07706338707660232,2.0252619501602287,0.20604294485918806,0.01023164595053383,12060.429448591874
D1,8,2.5,W1,80,long,1.0,47,2.5538158286224335,0.2640708479258622,0.3229627641557441,1.549376402882278,0.3829787234042553,0.0102143397306094,0.3979830300875471,0.07706338707660232,2.0252619501602287,0.20604294485918806,0.01023164595053383,12060.429448591874
D1,8,2.5,W1,80,short,0.0,23,1.6359785783836418,-0.052143811886417986,0.1453313627276812,0.904696940371603,0.34782608695652173,-0.0016887639504829504,-0.045307679045816,0.023437654033505617,0.9197190753769028,-0.006045481645305384,-0.000431224181099088,9939.545183546947
D1,8,2.5,W1,80,short,1.0,23,1.6359785783836418,-0.052143811886417986,0.1453313627276812,0.904696940371603,0.34782608695652173,-0.0016887639504829504,-0.045307679045816,0.023437654033505617,0.9197190753769028,-0.006045481645305384,-0.000431224181099088,9939.545183546947
D1,8,2.5,W1,120,both,0.0,68,4.03198051948052,0.4478303966125976,0.17088719858572277,1.8029385775182456,0.4117647058823529,0.01256634489546692,0.5873744058084437,0.03737248304466256,2.3715726000268105,0.35920728607408026,0.018363955870412285,13592.0728607408
D1,8,2.5,W1,120,both,1.0,68,4.03198051948052,0.4478303966125976,0.17088719858572277,1.8029385775182456,0.4117647058823529,0.01256634489546692,0.5873744058084437,0.03737248304466256,2.3715726000268105,0.35920728607408026,0.018363955870412285,13592.0728607408
D1,8,2.5,W1,120,long,0.0,48,2.8461038961038962,0.41483263323992187,0.19590600468703112,1.9210743171322762,0.4375,0.01494195939685847,0.5311838020848009,0.05279278560870637,2.47559704454748,0.27539569549469456,0.014528130815671059,12753.956954946947
D1,8,2.5,W1,120,long,1.0,48,2.8461038961038962,0.41483263323992187,0.19590600468703112,1.9210743171322762,0.4375,0.01494195939685847,0.5311838020848009,0.05279278560870637,2.47559704454748,0.27539569549469456,0.014528130815671059,12753.956954946947
D1,8,2.5,W1,120,short,0.0,20,1.9304968287526427,0.21261114651387225,0.12586693044776998,1.4808022986986613,0.35,0.006864870092127199,0.24548358177722146,0.03416443806884373,1.6858009492137143,0.0434037548710513,0.004109589057936569,10434.03754871052
D1,8,2.5,W1,120,short,1.0,20,1.9304968287526427,0.21261114651387225,0.12586693044776998,1.4808022986986613,0.35,0.006864870092127199,0.24548358177722146,0.03416443806884373,1.6858009492137143,0.0434037548710513,0.004109589057936569,10434.03754871052
D1,8,1.0,none,0,both,0.0,465,21.542522831050228,0.03490936099743791,0.36489033084554956,1.0223543834355189,0.3053763440860215,0.00019362278867983263,0.19048161004803968,0.27739076617080083,1.1408420065988438,0.31341115402822917,0.012710396226363718,13134.111540282272
D1,8,1.0,none,0,both,1.0,465,21.542522831050228,0.03490936099743791,0.36489033084554956,1.0223543834355189,0.3053763440860215,0.00019362278867983263,0.19048161004803968,0.27739076617080083,1.1408420065988438,0.31341115402822917,0.012710396226363718,13134.111540282272
D1,8,1.0,none,0,long,0.0,370,17.154417364813405,0.4481441681583021,0.2807630958411156,1.4141793943985732,0.33513513513513515,0.003270062230628855,0.47102860500296134,0.17184457377438989,1.4737331151707083,1.207661158319358,0.03739903204924033,22076.611583193608
D1,8,1.0,none,0,long,1.0,370,17.154417364813405,0.4481441681583021,0.2807630958411156,1.4141793943985732,0.33513513513513515,0.003270062230628855,0.47102860500296134,0.17184457377438989,1.4737331151707083,1.207661158319358,0.03739903204924033,22076.611583193608
D1,8,1.0,none,0,short,0.0,370,17.195890062348898,-0.5014785358128765,0.6483538631815964,0.708049588513748,0.2891891891891892,-0.00263323678792871,-0.4167195660188764,0.3657705538780648,0.7575459335321438,-0.3694854158974219,-0.02120722339140313,6305.145841025785
D1,8,1.0,none,0,short,1.0,370,17.195890062348898,-0.5014785358128765,0.6483538631815964,0.708049588513748,0.2891891891891892,-0.00263323678792871,-0.4167195660188764,0.3657705538780648,0.7575459335321438,-0.3694854158974219,-0.02120722339140313,6305.145841025785
D1,8,1.0,W1,20,both,0.0,311,14.950348775993682,0.24186144379975866,0.24431410722681102,1.2180263012580872,0.33440514469453375,0.0017770614781677649,0.27529923577174936,0.17515898564564247,1.2469258212287737,0.38448965226705,0.01576222876346023,13844.89652267053
D1,8,1.0,W1,20,both,1.0,311,14.950348775993682,0.24186144379975866,0.24431410722681102,1.2180263012580872,0.33440514469453375,0.0017770614781677649,0.27529923577174936,0.17515898564564247,1.2469258212287737,0.38448965226705,0.01576222876346023,13844.89652267053
D1,8,1.0,W1,20,long,0.0,163,7.835713345617267,0.3432993468071156,0.1718920651554806,1.496172585245666,0.3374233128834356,0.004037389554822389,0.37569249003927013,0.11340673057318573,1.5605083518955722,0.4779148476966739,0.01895584050796817,14779.148476966739
D1,8,1.0,W1,20,long,1.0,163,7.835713345617267,0.3432993468071156,0.1718920651554806,1.496172585245666,0.3374233128834356,0.004037389554822389,0.37569249003927013,0.11340673057318573,1.5605083518955722,0.4779148476966739,0.01895584050796817,14779.148476966739
D1,8,1.0,W1,20,short,0.0,158,8.240682564615165,-0.1528554905567091,0.26452077340516267,0.8595070669607785,0.3291139240506329,-0.0011576687866341625,-0.15366235360409206,0.18293619293456964,0.8656685263415674,-0.10629146623259134,-0.005843942776509015,8937.08533767408
D1,8,1.0,W1,20,short,1.0,158,8.240682564615165,-0.1528554905567091,0.26452077340516267,0.8595070669607785,0.3291139240506329,-0.0011576687866341625,-0.15366235360409206,0.18293619293456964,0.8656685263415674,-0.10629146623259134,-0.005843942776509015,8937.08533767408
D1,8,1.0,W1,32,both,0.0,305,15.052188893392785,0.14334535079908997,0.3433358349583555,1.1232055450862537,0.32131147540983607,0.001032074392971925,0.20826266768041254,0.17162956355300862,1.175834269857149,0.256500999698253,0.011332185391733862,12565.009996982526
D1,8,1.0,W1,32,both,1.0,305,15.052188893392785,0.14334535079908997,0.3433358349583555,1.1232055450862537,0.32131147540983607,0.001032074392971925,0.20826266768041254,0.17162956355300862,1.175834269857149,0.256500999698253,0.011332185391733862,12565.009996982526
D1,8,1.0,W1,32,long,0.0,175,8.636501824077827,0.2897713605734327,0.19918089524453175,1.3881485337506474,0.33714285714285713,0.0030974376153811655,0.2833313344966247,0.1238061183054604,1.3575541092986294,0.30034684944054346,0.013045580242984745,13003.468494405432
D1,8,1.0,W1,32,long,1.0,175,8.636501824077827,0.2897713605734327,0.19918089524453175,1.3881485337506474,0.33714285714285713,0.0030974376153811655,0.2833313344966247,0.1238061183054604,1.3575541092986294,0.30034684944054346,0.013045580242984745,13003.468494405432
D1,8,1.0,W1,32,short,0.0,146,7.614807939454519,-0.15529381189958053,0.2757640340161851,0.8551341641475964,0.3219178082191781,-0.0012418210813396645,-0.019988090015530684,0.15504030451297968,0.9795764266037628,-0.029599581154001076,-0.0015658840137269259,9704.004188459989
D1,8,1.0,W1,32,short,1.0,146,7.614807939454519,-0.15529381189958053,0.2757640340161851,0.8551341641475964,0.3219178082191781,-0.0012418210813396645,-0.019988090015530684,0.15504030451297968,0.9795764266037628,-0.029599581154001076,-0.0015658840137269259,9704.004188459989
D1,8,1.0,W1,50,both,0.0,309,15.754082914572866,0.18695903694183144,0.2717107481447809,1.1545111057990727,0.3333333333333333,0.0012633820733863998,0.33275839881922453,0.11894245184814523,1.2968514273718124,0.48230338469121325,0.02026989465049911,14823.033846912133
D1,8,1.0,W1,50,both,1.0,309,15.754082914572866,0.18695903694183144,0.2717107481447809,1.1545111057990727,0.3333333333333333,0.0012633820733863998,0.33275839881922453,0.11894245184814523,1.2968514273718124,0.48230338469121325,0.02026989465049911,14823.033846912133
D1,8,1.0,W1,50,long,0.0,191,9.789889138366544,0.2648349001661917,0.17561085519463326,1.29789903550594,0.3507853403141361,0.0021926324802401774,0.3553807355559474,0.07876738299892239,1.454835489125413,0.4240682156153146,0.018285052646100697,14240.682156153134
D1,8,1.0,W1,50,long,1.0,191,9.789889138366544,0.2648349001661917,0.17561085519463326,1.29789903550594,0.3507853403141361,0.0021926324802401774,0.3553807355559474,0.07876738299892239,1.454835489125413,0.4240682156153146,0.018285052646100697,14240.682156153134
D1,8,1.0,W1,50,short,0.0,129,6.958684093929996,-0.04356301067528408,0.21927242179095285,0.9513137592652338,0.3023255813953488,-0.0004557827358693184,0.016217490901692565,0.14417575802245342,1.017418100766966,-0.0018193565492835573,-9.82266350871841e-05,9981.806434507156
D1,8,1.0,W1,50,short,1.0,129,6.958684093929996,-0.04356301067528408,0.21927242179095285,0.9513137592652338,0.3023255813953488,-0.0004557827358693184,0.016217490901692565,0.14417575802245342,1.017418100766966,-0.0018193565492835573,-9.82266350871841e-05,9981.806434507156
D1,8,1.0,W1,80,both,0.0,303,16.39081013033175,0.08383544344621144,0.46846289738812763,1.0678799280937634,0.2871287128712871,0.0005870113236557615,0.16977477385694537,0.24840751084922608,1.1483310620749891,0.2025513958540326,0.010027534753996648,12025.513958540343
D1,8,1.0,W1,80,both,1.0,303,16.39081013033175,0.08383544344621144,0.46846289738812763,1.0678799280937634,0.2871287128712871,0.0005870113236557615,0.16977477385694537,0.24840751084922608,1.1483310620749891,0.2025513958540326,0.010027534753996648,12025.513958540343
D1,8,1.0,W1,80,long,0.0,203,10.98130183649289,0.2009878830385486,0.318810525753461,1.2262374315485,0.2955665024630542,0.0017745916031240503,0.238484659806871,0.21087136510724536,1.3114064193940282,0.31243015077704506,0.014816083912328581,13124.301507770466
D1,8,1.0,W1,80,long,1.0,203,10.98130183649289,0.2009878830385486,0.318810525753461,1.2262374315485,0.2955665024630542,0.0017745916031240503,0.238484659806871,0.21087136510724536,1.3114064193940282,0.31243015077704506,0.014816083912328581,13124.301507770466
D1,8,1.0,W1,80,short,0.0,105,6.65127471383975,-0.20356659578287542,0.29186864044506,0.7990010215189404,0.2761904761904762,-0.0020407370447235156,-0.22040607649990704,0.1502749035715536,0.7997909367091808,-0.11660315628330886,-0.007822860387414865,8833.968437166894
D1,8,1.0,W1,80,short,1.0,105,6.65127471383975,-0.20356659578287542,0.29186864044506,0.7990010215189404,0.2761904761904762,-0.0020407370447235156,-0.22040607649990704,0.1502749035715536,0.7997909367091808,-0.11660315628330886,-0.007822860387414865,8833.968437166894
D1,8,1.0,W1,120,both,0.0,275,16.211063589412525,0.1787464438550739,0.3555864877610586,1.150079444883032,0.32,0.0011793768995881815,0.2630442778627551,0.22068686354520417,1.245055821957992,0.3333790118602362,0.017105331670949298,13333.790118602345
D1,8,1.0,W1,120,both,1.0,275,16.211063589412525,0.1787464438550739,0.3555864877610586,1.150079444883032,0.32,0.0011793768995881815,0.2630442778627551,0.22068686354520417,1.245055821957992,0.3333790118602362,0.017105331670949298,13333.790118602345
D1,8,1.0,W1,120,long,0.0,183,10.787725952227245,0.225183384027028,0.33619418844511006,1.2530283670864886,0.3224043715846995,0.001935526705996324,0.2824573867064039,0.20288486149243412,1.368363958145272,0.3234750243966924,0.016658417929154457,13234.750243966932
D1,8,1.0,W1,120,long,1.0,183,10.787725952227245,0.225183384027028,0.33619418844511006,1.2530283670864886,0.3224043715846995,0.001935526705996324,0.2824573867064039,0.20288486149243412,1.368363958145272,0.3234750243966924,0.016658417929154457,13234.750243966932
D1,8,1.0,W1,120,short,0.0,95,7.011264902000404,-0.07774946980747476,0.22287546772916278,0.9203792994243556,0.30526315789473685,-0.0006659568010764811,-0.0013385820255744155,0.13404624789792718,0.998624707537997,-0.010265399414830068,-0.0007612406399924998,9897.346005851698
D1,8,1.0,W1,120,short,1.0,95,7.011264902000404,-0.07774946980747476,0.22287546772916278,0.9203792994243556,0.30526315789473685,-0.0006659568010764811,-0.0013385820255744155,0.13404624789792718,0.998624707537997,-0.010265399414830068,-0.0007612406399924998,9897.346005851698
D1,8,3.0,none,0,both,0.0,102,4.741091880885722,-0.16535799305892127,0.5469489690055144,0.8184663451126547,0.3431372549019608,-0.0037204096131963505,-0.022775506054048055,0.11951607808438347,0.969403187330374,-0.018366076656214814,-0.0008612445995647144,9816.339233437842
D1,8,3.0,none,0,both,1.0,102,4.741091880885722,-0.16535799305892127,0.5469489690055144,0.8184663451126547,0.3431372549019608,-0.0037204096131963505,-0.022775506054048055,0.11951607808438347,0.969403187330374,-0.018366076656214814,-0.0008612445995647144,9816.339233437842
D1,8,3.0,none,0,long,0.0,94,4.382067645181877,0.35658109943632715,0.24916476037205892,1.5802135695583979,0.44680851063829785,0.009603032210575008,0.43006954612312964,0.04819008948779224,1.7898645683426855,0.26737123204041113,0.011107064521801657,12673.712320404109
D1,8,3.0,none,0,long,1.0,94,4.382067645181877,0.35658109943632715,0.24916476037205892,1.5802135695583979,0.44680851063829785,0.009603032210575008,0.43006954612312964,0.04819008948779224,1.7898645683426855,0.26737123204041113,0.011107064521801657,12673.712320404109
D1,8,3.0,none,0,short,0.0,94,4.379272959183673,-0.8826428105376428,0.8065391873908896,0.3613015326622915,0.23404255319148937,-0.016710972366406677,-0.8944615245244507,0.3198361390362261,0.29985799424507126,-0.3220595037258004,-0.0179455871841383,6779.404962741997
D1,8,3.0,none,0,short,1.0,94,4.379272959183673,-0.8826428105376428,0.8065391873908896,0.3613015326622915,0.23404255319148937,-0.016710972366406677,-0.8944615245244507,0.3198361390362261,0.29985799424507126,-0.3220595037258004,-0.0179455871841383,6779.404962741997
D1,8,3.0,W1,20,both,0.0,49,2.368927862342819,0.06940529991058318,0.27726829442281964,1.1327925827276586,0.3673469387755102,0.0024703137183662576,0.051219990934424614,0.07378870275649196,1.097497695426024,0.015504236873850052,0.0007440849552560191,10155.04236873851
D1,8,3.0,W1,20,both,1.0,49,2.368927862342819,0.06940529991058318,0.27726829442281964,1.1327925827276586,0.3673469387755102,0.0024703137183662576,0.051219990934424614,0.07378870275649196,1.097497695426024,0.015504236873850052,0.0007440849552560191,10155.04236873851
D1,8,3.0,W1,20,long,0.0,28,1.3536730641958967,0.32806243238359417,0.10947939377792071,2.2885085256800863,0.5,0.017367775487754054,0.36627663262894994,0.018479113071678932,2.630447039315347,0.13218462059075775,0.0060200925348026235,11321.846205907581
D1,8,3.0,W1,20,long,1.0,28,1.3536730641958967,0.32806243238359417,0.10947939377792071,2.2885085256800863,0.5,0.017367775487754054,0.36627663262894994,0.018479113071678932,2.630447039315347,0.13218462059075775,0.0060200925348026235,11321.846205907581
D1,8,3.0,W1,20,short,0.0,27,1.5656056516907446,-0.23756223468176027,0.31985868654851823,0.6237781943261504,0.25925925925925924,-0.0084790294038186,-0.2769322890024446,0.08702256086752946,0.5645764896593657,-0.05151346553188685,-0.0030620157964382777,9484.865344681131
D1,8,3.0,W1,20,short,1.0,27,1.5656056516907446,-0.23756223468176027,0.31985868654851823,0.6237781943261504,0.25925925925925924,-0.0084790294038186,-0.2769322890024446,0.08702256086752946,0.5645764896593657,-0.05151346553188685,-0.0030620157964382777,9484.865344681131
D1,8,3.0,W1,32,both,0.0,46,2.2558404940923737,0.0529181146133867,0.27043854543101653,1.0962797350892892,0.3695652173913043,0.0017413576436355047,0.08113389950491662,0.05033894262787775,1.153970150224393,0.02431718865307131,0.001178941139447831,10243.171886530718
D1,8,3.0,W1,32,both,1.0,46,2.2558404940923737,0.0529181146133867,0.27043854543101653,1.0962797350892892,0.3695652173913043,0.0017413576436355047,0.08113389950491662,0.05033894262787775,1.153970150224393,0.02431718865307131,0.001178941139447831,10243.171886530718
D1,8,3.0,W1,32,long,0.0,31,1.5202403329752954,0.0626886185779882,0.2596068692086301,1.146093546413934,0.3548387096774194,0.002736948219202027,0.10211028332882756,0.056898472859300275,1.250896753064605,0.029231985501020352,0.001413982626025545,10292.319855010204
D1,8,3.0,W1,32,long,1.0,31,1.5202403329752954,0.0626886185779882,0.2596068692086301,1.146093546413934,0.3548387096774194,0.002736948219202027,0.10211028332882756,0.056898472859300275,1.250896753064605,0.029231985501020352,0.001413982626025545,10292.319855010204
D1,8,3.0,W1,32,short,0.0,18,1.0,0.014796576229736598,0.12046668685441497,1.0375417524169703,0.4444444444444444,0.0005550410648318613,-0.00510969249199716,0.032104378678655676,0.9872841355807257,-0.0010657211396152277,-5.8266137917706295e-05,9989.342788603846
D1,8,3.0,W1,32,short,1.0,18,1.0,0.014796576229736598,0.12046668685441497,1.0375417524169703,0.4444444444444444,0.0005550410648318613,-0.00510969249199716,0.032104378678655676,0.9872841355807257,-0.0010657211396152277,-5.8266137917706295e-05,9989.342788603846
D1,8,3.0,W1,50,both,0.0,60,3.1383359587569815,0.15460414866441397,0.2723482561513505,1.2545451521934785,0.4166666666666667,0.004587509837894997,0.21516397322955919,0.04936961296425213,1.4075738282772332,0.08232567615628184,0.004146580732548699,10823.256761562816
D1,8,3.0,W1,50,both,1.0,60,3.1383359587569815,0.15460414866441397,0.2723482561513505,1.2545451521934785,0.4166666666666667,0.004587509837894997,0.21516397322955919,0.04936961296425213,1.4075738282772332,0.08232567615628184,0.004146580732548699,10823.256761562816
D1,8,3.0,W1,50,long,0.0,41,2.1494545715516007,0.12026169671018985,0.29741237382093466,1.2451990839906883,0.3902439024390244,0.004706975997661571,0.19181025322247147,0.05341454918531352,1.4519709560446246,0.06984749955310687,0.0035458527153442443,10698.474995531058
D1,8,3.0,W1,50,long,1.0,41,2.1494545715516007,0.12026169671018985,0.29741237382093466,1.2451990839906883,0.3902439024390244,0.004706975997661571,0.19181025322247147,0.05341454918531352,1.4519709560446246,0.06984749955310687,0.0035458527153442443,10698.474995531058
D1,8,3.0,W1,50,short,0.0,21,1.161983032873807,0.010146734865821806,0.09862160729897429,1.0222733884459105,0.42857142857142855,0.00039068022747777145,0.0008369138041434739,0.023213323865621027,1.0018097701338533,-0.00036655397192109085,-2.02858693895136e-05,9996.334460280788
D1,8,3.0,W1,50,short,1.0,21,1.161983032873807,0.010146734865821806,0.09862160729897429,1.0222733884459105,0.42857142857142855,0.00039068022747777145,0.0008369138041434739,0.023213323865621027,1.0018097701338533,-0.00036655397192109085,-2.02858693895136e-05,9996.334460280788
D1,8,3.0,W1,80,both,0.0,60,3.2601904195180005,0.3087419401856042,0.20071951248421593,1.566062457805574,0.43333333333333335,0.010617973869624311,0.40801243833817924,0.03703047904790502,1.91323688441729,0.20369424988266727,0.010124647680445742,12036.942498826667
D1,8,3.0,W1,80,both,1.0,60,3.2601904195180005,0.3087419401856042,0.20071951248421593,1.566062457805574,0.43333333333333335,0.010617973869624311,0.40801243833817924,0.03703047904790502,1.91323688441729,0.20369424988266727,0.010124647680445742,12036.942498826667
D1,8,3.0,W1,80,long,0.0,42,2.2821332936626004,0.3581525232114737,0.24718398463905622,1.8493321217565142,0.4523809523809524,0.01629735340571821,0.43006201133205413,0.04938245023014476,2.1745337022679476,0.20825818519718586,0.010332384076817913,12082.58185197186
D1,8,3.0,W1,80,long,1.0,42,2.2821332936626004,0.3581525232114737,0.24718398463905622,1.8493321217565142,0.4523809523809524,0.01629735340571821,0.43006201133205413,0.04938245023014476,2.1745337022679476,0.20825818519718586,0.010332384076817913,12082.58185197186
D1,8,3.0,W1,80,short,0.0,19,1.3519871420222092,-0.13181330804194974,0.1287872881879868,0.7537195021420209,0.3684210526315789,-0.0046799949030612315,-0.09134819420399137,0.017505309917946965,0.8264197074480548,-0.009074897922851877,-0.0006484820151219095,9909.251020771475
D1,8,3.0,W1,80,short,1.0,19,1.3519871420222092,-0.13181330804194974,0.1287872881879868,0.7537195021420209,0.3684210526315789,-0.0046799949030612315,-0.09134819420399137,0.017505309917946965,0.8264197074480548,-0.009074897922851877,-0.0006484820151219095,9909.251020771475
D1,8,3.0,W1,120,both,0.0,54,3.3646366427840326,0.132916840817312,0.2497610619921089,1.1999678025828107,0.37037037037037035,0.004041258021666819,0.2468537192883057,0.04498650458600284,1.4459304897022536,0.09745257933127993,0.005810950618837518,10974.525793312803
D1,8,3.0,W1,120,both,1.0,54,3.3646366427840326,0.132916840817312,0.2497610619921089,1.1999678025828107,0.37037037037037035,0.004041258021666819,0.2468537192883057,0.04498650458600284,1.4459304897022536,0.09745257933127993,0.005810950618837518,10974.525793312803
D1,8,3.0,W1,120,long,0.0,38,2.3677072671443193,0.24695676875239145,0.20739909136765833,1.5015478988691695,0.39473684210526316,0.010262966379871558,0.3740490023360499,0.0451632944749597,1.9580137939533022,0.1573495125093678,0.009146814366637557,11573.495125093683
D1,8,3.0,W1,120,long,1.0,38,2.3677072671443193,0.24695676875239145,0.20739909136765833,1.5015478988691695,0.39473684210526316,0.010262966379871558,0.3740490023360499,0.0451632944749597,1.9580137939533022,0.1573495125093678,0.009146814366637557,11573.495125093683
D1,8,3.0,W1,120,short,0.0,17,1.6404887714663143,-0.1072986853161838,0.14949167072956238,0.8246270202752093,0.35294117647058826,-0.003236530350678769,-0.06530332228615408,0.027230386797774453,0.8849552592660418,-0.007040644378087713,-0.0006815881999134854,9929.593556219123
D1,8,3.0,W1,120,short,1.0,17,1.6404887714663143,-0.1072986853161838,0.14949167072956238,0.8246270202752093,0.35294117647058826,-0.003236530350678769,-0.06530332228615408,0.027230386797774453,0.8849552592660418,-0.007040644378087713,-0.0006815881999134854,9929.593556219123
D1,8,4.0,none,0,both,0.0,54,2.70852787695688,-0.02246898317902227,0.49499587050087535,0.961760133430602,0.4074074074074074,-0.0010220926689134355,0.08915328010069735,0.04778718639022239,1.1700646178337817,0.029116208152364376,0.001440588299511214,10291.162081523635
D1,8,4.0,none,0,both,1.0,54,2.70852787695688,-0.02246898317902227,0.49499587050087535,0.961760133430602,0.4074074074074074,-0.0010220926689134355,0.08915328010069735,0.04778718639022239,1.1700646178337817,0.029116208152364376,0.001440588299511214,10291.162081523635
D1,8,4.0,none,0,long,0.0,51,2.436273868689511,0.3715529946370514,0.20501243315716344,2.656600267862712,0.5098039215686274,0.031648560823272505,0.3575968334274385,0.02970812009010071,3.4775001457371326,0.36301276114157544,0.014904250736469171,13630.127611415764
D1,8,4.0,none,0,long,1.0,51,2.436273868689511,0.3715529946370514,0.20501243315716344,2.656600267862712,0.5098039215686274,0.031648560823272505,0.3575968334274385,0.02970812009010071,3.4775001457371326,0.36301276114157544,0.014904250736469171,13630.127611415764
D1,8,4.0,none,0,short,0.0,51,2.558054106014831,-0.5584319918142772,0.6442365115430619,0.39433071143689413,0.29411764705882354,-0.0186376715317658,-0.4059729672406235,0.11299068376716448,0.48676148298496047,-0.10577079326243966,-0.005591620813767295,8942.2920673756
D1,8,4.0,none,0,short,1.0,51,2.558054106014831,-0.5584319918142772,0.6442365115430619,0.39433071143689413,0.29411764705882354,-0.0186376715317658,-0.4059729672406235,0.11299068376716448,0.48676148298496047,-0.10577079326243966,-0.005591620813767295,8942.2920673756
D1,8,4.0,W1,20,both,0.0,24,1.3630850567563366,0.46312334310947806,0.15603733848672652,3.214908779983588,0.5416666666666666,0.033154176373658535,0.5104599825814317,0.023422464160504752,3.629603452618804,0.13182871681245922,0.007058006644839354,11318.287168124598
D1,8,4.0,W1,20,both,1.0,24,1.3630850567563366,0.46312334310947806,0.15603733848672652,3.214908779983588,0.5416666666666666,0.033154176373658535,0.5104599825814317,0.023422464160504752,3.629603452618804,0.13182871681245922,0.007058006644839354,11318.287168124598
D1,8,4.0,W1,20,long,0.0,21,1.2551546391752577,0.5980600407140803,0.13593142980412576,5.364801444811709,0.6190476190476191,0.04420377778822624,0.5847442582133848,0.024462462629892823,5.022919367671675,0.13852887124579327,0.00778442582958605,11385.288712457932
D1,8,4.0,W1,20,long,1.0,21,1.2551546391752577,0.5980600407140803,0.13593142980412576,5.364801444811709,0.6190476190476191,0.04420377778822624,0.5847442582133848,0.024462462629892823,5.022919367671675,0.13852887124579327,0.00778442582958605,11385.288712457932
D1,8,4.0,W1,20,short,0.0,9,1.0,-0.006968292583465254,0.09770197069476139,0.9801480494968589,0.2222222222222222,-0.0006161133658465289,0.09108443358546106,0.012524623832554038,1.350104133470797,0.010890392416666339,0.0006566303483297453,10108.903924166665
D1,8,4.0,W1,20,short,1.0,9,1.0,-0.006968292583465254,0.09770197069476139,0.9801480494968589,0.2222222222222222,-0.0006161133658465289,0.09108443358546106,0.012524623832554038,1.350104133470797,0.010890392416666339,0.0006566303483297453,10108.903924166665
D1,8,4.0,W1,32,both,0.0,22,1.0960987586959487,0.3438835734771424,0.2167036112146411,4.684053532763387,0.5454545454545454,0.05919129721892286,0.3110976467779953,0.029760130252524553,6.860946876765475,0.2995538398680482,0.013140169434538551,12995.538398680475
D1,8,4.0,W1,32,both,1.0,22,1.0960987586959487,0.3438835734771424,0.2167036112146411,4.684053532763387,0.5454545454545454,0.05919129721892286,0.3110976467779953,0.029760130252524553,6.860946876765475,0.2995538398680482,0.013140169434538551,12995.538398680475
D1,8,4.0,W1,32,long,0.0,14,1.0,0.4382365317845654,0.13467005905621543,8.68451450491805,0.5714285714285714,0.09534788054695534,0.37951430613216725,0.01992135846337284,11.008875233418593,0.3001477281166669,0.013163232271132586,13001.477281166668
D1,8,4.0,W1,32,long,1.0,14,1.0,0.4382365317845654,0.13467005905621543,8.68451450491805,0.5714285714285714,0.09534788054695534,0.37951430613216725,0.01992135846337284,11.008875233418593,0.3001477281166669,0.013163232271132586,13001.477281166668
D1,8,4.0,W1,32,short,0.0,12,1.0,-0.17938199766816015,0.1633787749726966,0.6524511922200387,0.5,-0.007804230321504226,-0.061235086465788256,0.021441931888081744,0.8662690092567421,-0.004061535922803339,-0.00023807781762885671,9959.384640771963
D1,8,4.0,W1,32,short,1.0,12,1.0,-0.17938199766816015,0.1633787749726966,0.6524511922200387,0.5,-0.007804230321504226,-0.061235086465788256,0.021441931888081744,0.8662690092567421,-0.004061535922803339,-0.00023807781762885671,9959.384640771963
D1,8,4.0,W1,50,both,0.0,27,1.4872191223043283,0.06251507846624632,0.3560836677322533,1.1606243963952974,0.48148148148148145,0.003931674671233466,0.2026126635324762,0.053024185358833464,1.7343189647230748,0.061016063725706005,0.0032676800978661547,10610.160637257055
D1,8,4.0,W1,50,both,1.0,27,1.4872191223043283,0.06251507846624632,0.3560836677322533,1.1606243963952974,0.48148148148148145,0.003931674671233466,0.2026126635324762,0.053024185358833464,1.7343189647230748,0.061016063725706005,0.0032676800978661547,10610.160637257055
D1,8,4.0,W1,50,long,0.0,17,1.0,0.1932524550002952,0.17397553783359065,1.8363382701465645,0.47058823529411764,0.015986237328886474,0.24662963120028225,0.02856052184389324,2.319597000383953,0.06864832035765867,0.0037395631906094184,10686.483203576581
D1,8,4.0,W1,50,long,1.0,17,1.0,0.1932524550002952,0.17397553783359065,1.8363382701465645,0.47058823529411764,0.015986237328886474,0.24662963120028225,0.02856052184389324,2.319597000383953,0.06864832035765867,0.0037395631906094184,10686.483203576581
D1,8,4.0,W1,50,short,0.0,11,1.0,-0.18343104464036944,0.22493811230866845,0.6222135278316582,0.5454545454545454,-0.011537718485547228,-0.014882905595278795,0.023119736524616852,0.9650974910491129,-0.0012962645736191991,-8.074802078072985e-05,9987.037354263808
D1,8,4.0,W1,50,short,1.0,11,1.0,-0.18343104464036944,0.22493811230866845,0.6222135278316582,0.5454545454545454,-0.011537718485547228,-0.014882905595278795,0.023119736524616852,0.9650974910491129,-0.0012962645736191991,-8.074802078072985e-05,9987.037354263808
D1,8,4.0,W1,80,both,0.0,27,1.4675223214285715,0.3912407589973737,0.1780347197056258,4.353593084926799,0.5925925925925926,0.05540154550134417,0.3770600679722279,0.019015191195345893,6.649314518452796,0.3486578063407484,0.016390294159197794,13486.57806340748
D1,8,4.0,W1,80,both,1.0,27,1.4675223214285715,0.3912407589973737,0.1780347197056258,4.353593084926799,0.5925925925925926,0.05540154550134417,0.3770600679722279,0.019015191195345893,6.649314518452796,0.3486578063407484,0.016390294159197794,13486.57806340748
D1,8,4.0,W1,80,long,0.0,17,1.0,0.5094180376795154,0.12428050023590997,11.52705576349164,0.7647058823529411,0.10238317991674226,0.44155225784052515,0.019483934991372798,15.692542881576603,0.3757502802283532,0.017489646844582873,13757.50280228353
D1,8,4.0,W1,80,long,1.0,17,1.0,0.5094180376795154,0.12428050023590997,11.52705576349164,0.7647058823529411,0.10238317991674226,0.44155225784052515,0.019483934991372798,15.692542881576603,0.3757502802283532,0.017489646844582873,13757.50280228353
D1,8,4.0,W1,80,short,0.0,11,1.0,-0.2687362757232673,0.1933557494720568,0.43619660404477717,0.36363636363636365,-0.01438745789828511,-0.16752592529169807,0.016927370138144604,0.6498374999446181,-0.009767426706302484,-0.0006926648669198787,9902.325732936975
D1,8,4.0,W1,80,short,1.0,11,1.0,-0.2687362757232673,0.1933557494720568,0.43619660404477717,0.36363636363636365,-0.01438745789828511,-0.16752592529169807,0.016927370138144604,0.6498374999446181,-0.009767426706302484,-0.0006926648669198787,9902.325732936975
D1,8,4.0,W1,120,both,0.0,25,1.5163151776818333,0.38600917952565056,0.21972765488797597,4.519717611481586,0.52,0.05308926006767848,0.34957525585981064,0.04088484656640723,5.566480323886207,0.3070007649404254,0.016371393323854067,13070.007649404253
D1,8,4.0,W1,120,both,1.0,25,1.5163151776818333,0.38600917952565056,0.21972765488797597,4.519717611481586,0.52,0.05308926006767848,0.34957525585981064,0.04088484656640723,5.566480323886207,0.3070007649404254,0.016371393323854067,13070.007649404253
D1,8,4.0,W1,120,long,0.0,16,1.0,0.3997551688780418,0.22077429209389776,6.439510560838687,0.5625,0.08249717115825221,0.36892742947511087,0.03675907955806945,8.802259804413222,0.3129164455613642,0.016649818991690823,13129.164455613638
D1,8,4.0,W1,120,long,1.0,16,1.0,0.3997551688780418,0.22077429209389776,6.439510560838687,0.5625,0.08249717115825221,0.36892742947511087,0.03675907955806945,8.802259804413222,0.3129164455613642,0.016649818991690823,13129.164455613638
D1,8,4.0,W1,120,short,0.0,9,1.0,0.021701671837338843,0.0898807837770883,1.0541328825532719,0.4444444444444444,0.0008085292399918535,-0.10126454745054654,0.01618375277696671,0.7800806863015768,-0.0059156806209381685,-0.0006547020823394201,9940.843193790615
D1,8,4.0,W1,120,short,1.0,9,1.0,0.021701671837338843,0.0898807837770883,1.0541328825532719,0.4444444444444444,0.0008085292399918535,-0.10126454745054654,0.01618375277696671,0.7800806863015768,-0.0059156806209381685,-0.0006547020823394201,9940.843193790615
D1,8,2.0,none,0,both,0.0,187,8.688684645719375,-0.13812677178204316,0.5575847187885892,0.8864209675930613,0.3422459893048128,-0.001803638751870661,0.0728094049108845,0.15435558289670137,1.0723258280549515,0.044062870787776376,0.002005503262000996,10440.628707877764
D1,8,2.0,none,0,both,1.0,187,8.688684645719375,-0.13812677178204316,0.5575847187885892,0.8864209675930613,0.3422459893048128,-0.001803638751870661,0.0728094049108845,0.15435558289670137,1.0723258280549515,0.044062870787776376,0.002005503262000996,10440.628707877764
D1,8,2.0,none,0,long,0.0,163,7.589973227944926,0.3458200079895961,0.3594529576050436,1.4065125593417078,0.39263803680981596,0.0056098972344827336,0.5035773175680976,0.10502236542168197,1.7281348696313465,0.5752733711145674,0.021385602008299864,15752.73371114568
D1,8,2.0,none,0,long,1.0,163,7.589973227944926,0.3458200079895961,0.3594529576050436,1.4065125593417078,0.39263803680981596,0.0056098972344827336,0.5035773175680976,0.10502236542168197,1.7281348696313465,0.5752733711145674,0.021385602008299864,15752.73371114568
D1,8,2.0,none,0,short,0.0,163,7.593845663265306,-0.7955504594085885,0.775916837586233,0.4915973052652873,0.3006134969325153,-0.008716050691739759,-0.7589714826762686,0.3134086610218122,0.49334563582881164,-0.31540283409710457,-0.017498439995514814,6845.971659028959
D1,8,2.0,none,0,short,1.0,163,7.593845663265306,-0.7955504594085885,0.775916837586233,0.4915973052652873,0.3006134969325153,-0.008716050691739759,-0.7589714826762686,0.3134086610218122,0.49334563582881164,-0.31540283409710457,-0.017498439995514814,6845.971659028959
D1,8,2.0,W1,20,both,0.0,102,4.9286281254134146,-0.08980376423625638,0.3682236198638672,0.8999141811527049,0.3235294117647059,-0.0014932923705506646,0.06708914255511113,0.0856322284960086,1.0936929129887132,0.03043058342749605,0.00144952295507772,10304.305834274946
D1,8,2.0,W1,20,both,1.0,102,4.9286281254134146,-0.08980376423625638,0.3682236198638672,0.8999141811527049,0.3235294117647059,-0.0014932923705506646,0.06708914255511113,0.0856322284960086,1.0936929129887132,0.03043058342749605,0.00144952295507772,10304.305834274946
D1,8,2.0,W1,20,long,0.0,49,2.3676742955417382,0.27797770420880774,0.10588532087477243,1.618681530286181,0.42857142857142855,0.007960040610413546,0.34637783636135566,0.031051639519465435,1.9723931058716935,0.172840931081514,0.007733337372341387,11728.409310815137
D1,8,2.0,W1,20,long,1.0,49,2.3676742955417382,0.27797770420880774,0.10588532087477243,1.618681530286181,0.42857142857142855,0.007960040610413546,0.34637783636135566,0.031051639519465435,1.9723931058716935,0.172840931081514,0.007733337372341387,11728.409310815137
D1,8,2.0,W1,20,short,0.0,58,3.045062526951272,-0.5413812123102236,0.39872065394415,0.4640814170392422,0.2413793103448276,-0.008713034910291245,-0.6511701048558413,0.1322149870214594,0.40823186777652765,-0.13043461465604334,-0.007310787729791879,8695.653853439566
D1,8,2.0,W1,20,short,1.0,58,3.045062526951272,-0.5413812123102236,0.39872065394415,0.4640814170392422,0.2413793103448276,-0.008713034910291245,-0.6511701048558413,0.1322149870214594,0.40823186777652765,-0.13043461465604334,-0.007310787729791879,8695.653853439566
D1,8,2.0,W1,32,both,0.0,109,5.42623006678479,-0.07216030136185798,0.3149387591927254,0.9238938986897797,0.3211009174311927,-0.0011545129587091055,0.06691197918702053,0.075481577601756,1.0824874170230647,0.029178768564500857,0.0014328120742537198,10291.787685645015
D1,8,2.0,W1,32,both,1.0,109,5.42623006678479,-0.07216030136185798,0.3149387591927254,0.9238938986897797,0.3211009174311927,-0.0011545129587091055,0.06691197918702053,0.075481577601756,1.0824874170230647,0.029178768564500857,0.0014328120742537198,10291.787685645015
D1,8,2.0,W1,32,long,0.0,61,3.036697560310754,0.11544629233855196,0.18957495669349522,1.1925107649267839,0.3770491803278688,0.0026961810726608775,0.22961697336756168,0.05845798722254891,1.4597096643436158,0.10032653116594026,0.004770844242943051,11003.265311659414
D1,8,2.0,W1,32,long,1.0,61,3.036697560310754,0.11544629233855196,0.18957495669349522,1.1925107649267839,0.3770491803278688,0.0026961810726608775,0.22961697336756168,0.05845798722254891,1.4597096643436158,0.10032653116594026,0.004770844242943051,11003.265311659414
D1,8,2.0,W1,32,short,0.0,52,2.7218400687876185,-0.3067433494960133,0.27045844825267606,0.6369562188237985,0.25,-0.0057846809758295824,-0.32524091965181134,0.07757654765612187,0.6254081553640787,-0.07837575163138055,-0.004263007991827994,9216.24248368619
D1,8,2.0,W1,32,short,1.0,52,2.7218400687876185,-0.3067433494960133,0.27045844825267606,0.6369562188237985,0.25,-0.0057846809758295824,-0.32524091965181134,0.07757654765612187,0.6254081553640787,-0.07837575163138055,-0.004263007991827994,9216.24248368619
D1,8,2.0,W1,50,both,0.0,114,5.835809390329362,-0.21372401939926952,0.4938613749740902,0.802422858285508,0.3333333333333333,-0.0032414458253353677,-0.012248936644570418,0.11917541264170062,0.9859578304562969,-0.012686006747878786,-0.0006533541842413948,9873.139932521204
D1,8,2.0,W1,50,both,1.0,114,5.835809390329362,-0.21372401939926952,0.4938613749740902,0.802422858285508,0.3333333333333333,-0.0032414458253353677,-0.012248936644570418,0.11917541264170062,0.9859578304562969,-0.012686006747878786,-0.0006533541842413948,9873.139932521204
D1,8,2.0,W1,50,long,0.0,67,3.5522935113949776,-0.06479944282277822,0.29802344534919434,0.91511035645212,0.3582089552238806,-0.0012975311699651027,0.16391014526529196,0.07472694826310966,1.2912610830941729,0.07112781875994645,0.003649713477619221,10711.278187599451
D1,8,2.0,W1,50,long,1.0,67,3.5522935113949776,-0.06479944282277822,0.29802344534919434,0.91511035645212,0.3582089552238806,-0.0012975311699651027,0.16391014526529196,0.07472694826310966,1.2912610830941729,0.07112781875994645,0.003649713477619221,10711.278187599451
D1,8,2.0,W1,50,short,0.0,49,2.6541969449799794,-0.19329740785396463,0.2540863364298803,0.7514936481557969,0.30612244897959184,-0.004361940580200985,-0.22275455341111755,0.05672506657980714,0.7212116622443718,-0.05341776985393032,-0.002969228026869608,9465.822301460701
D1,8,2.0,W1,50,short,1.0,49,2.6541969449799794,-0.19329740785396463,0.2540863364298803,0.7514936481557969,0.30612244897959184,-0.004361940580200985,-0.22275455341111755,0.05672506657980714,0.7212116622443718,-0.05341776985393032,-0.002969228026869608,9465.822301460701
D1,8,2.0,W1,80,both,0.0,118,6.409800713860798,-0.03459172823857139,0.46181263952458484,0.9637566879066186,0.3220338983050847,-0.0005838748514905638,0.15379623538453807,0.14441083127109466,1.1930697293742791,0.09028484550086646,0.004706436309489304,10902.848455008676
D1,8,2.0,W1,80,both,1.0,118,6.409800713860798,-0.03459172823857139,0.46181263952458484,0.9637566879066186,0.3220338983050847,-0.0005838748514905638,0.15379623538453807,0.14441083127109466,1.1930697293742791,0.09028484550086646,0.004706436309489304,10902.848455008676
D1,8,2.0,W1,80,long,0.0,78,4.2369869125520525,0.1657919946542891,0.2592595073279518,1.2541931039444831,0.3333333333333333,0.003799875785203016,0.3264014312056707,0.08346734866869987,1.6004974944024468,0.19459738209913802,0.009705453002455622,11945.973820991388
D1,8,2.0,W1,80,long,1.0,78,4.2369869125520525,0.1657919946542891,0.2592595073279518,1.2541931039444831,0.3333333333333333,0.003799875785203016,0.3264014312056707,0.08346734866869987,1.6004974944024468,0.19459738209913802,0.009705453002455622,11945.973820991388
D1,8,2.0,W1,80,short,0.0,43,2.7792868518846223,-0.4061956185025022,0.3130603591089042,0.5607596098275324,0.3023255813953488,-0.008241255591214523,-0.4013428346690156,0.06811854524294758,0.57199448866149,-0.07305266066795213,-0.004891083102519511,9269.473393320479
D1,8,2.0,W1,80,short,1.0,43,2.7792868518846223,-0.4061956185025022,0.3130603591089042,0.5607596098275324,0.3023255813953488,-0.008241255591214523,-0.4013428346690156,0.06811854524294758,0.57199448866149,-0.07305266066795213,-0.004891083102519511,9269.473393320479
D1,8,2.0,W1,120,both,0.0,112,6.640909090909091,0.24210752281801243,0.3204663268429351,1.2898932737007653,0.375,0.00399263299989957,0.41511955510310966,0.08828645278527081,1.6128135174589193,0.2759875648855108,0.014556040810883797,12759.875648855113
D1,8,2.0,W1,120,both,1.0,112,6.640909090909091,0.24210752281801243,0.3204663268429351,1.2898932737007653,0.375,0.00399263299989957,0.41511955510310966,0.08828645278527081,1.6128135174589193,0.2759875648855108,0.014556040810883797,12759.875648855113
D1,8,2.0,W1,120,long,0.0,74,4.387743506493506,0.2938009130646037,0.25928775378109603,1.4764819085799097,0.3783783783783784,0.006489159774310582,0.41379683376882775,0.08640276391016766,1.7791139553281534,0.22871837168332032,0.012287729714143714,12287.183716833206
D1,8,2.0,W1,120,long,1.0,74,4.387743506493506,0.2938009130646037,0.25928775378109603,1.4764819085799097,0.3783783783783784,0.006489159774310582,0.41379683376882775,0.08640276391016766,1.7791139553281534,0.22871837168332032,0.012287729714143714,12287.183716833206
D1,8,2.0,W1,120,short,0.0,39,3.71537558685446,0.03292263948560661,0.14173636807851986,1.0433550261561249,0.38461538461538464,0.0005944657136956178,0.10327754968955238,0.02606605532115458,1.1497917043015466,0.01945533882017303,0.001837319810486182,10194.553388201733
D1,8,2.0,W1,120,short,1.0,39,3.71537558685446,0.03292263948560661,0.14173636807851986,1.0433550261561249,0.38461538461538464,0.0005944657136956178,0.10327754968955238,0.02606605532115458,1.1497917043015466,0.01945533882017303,0.001837319810486182,10194.553388201733
D1,8,5.0,none,0,both,0.0,34,1.6958213846784105,-0.6088778215711869,0.6349728184174572,0.27693684346028463,0.23529411764705882,-0.02812017913977526,-0.481408703293976,0.10193357897783595,0.35857540761215745,-0.10467330639166605,-0.005499563366777371,8953.266936083332
D1,8,5.0,none,0,both,1.0,34,1.6958213846784105,-0.6088778215711869,0.6349728184174572,0.27693684346028463,0.23529411764705882,-0.02812017913977526,-0.481408703293976,0.10193357897783595,0.35857540761215745,-0.10467330639166605,-0.005499563366777371,8953.266936083332
D1,8,5.0,none,0,long,0.0,34,1.6241825791263407,0.28271139577253346,0.36928376403740015,2.332921805853765,0.4117647058823529,0.03675376047174167,0.30219508508947457,0.040219409398316364,3.5149580571428545,0.3101314064368539,0.012987624406293863,13101.314064368544
D1,8,5.0,none,0,long,1.0,34,1.6241825791263407,0.28271139577253346,0.36928376403740015,2.332921805853765,0.4117647058823529,0.03675376047174167,0.30219508508947457,0.040219409398316364,3.5149580571428545,0.3101314064368539,0.012987624406293863,13101.314064368544
D1,8,5.0,none,0,short,0.0,34,1.6958213846784105,-0.6088778215711869,0.6349728184174572,0.27693684346028463,0.23529411764705882,-0.02812017913977526,-0.481408703293976,0.10193357897783595,0.35857540761215745,-0.10467330639166605,-0.005499563366777371,8953.266936083332
D1,8,5.0,none,0,short,1.0,34,1.6958213846784105,-0.6088778215711869,0.6349728184174572,0.27693684346028463,0.23529411764705882,-0.02812017913977526,-0.481408703293976,0.10193357897783595,0.35857540761215745,-0.10467330639166605,-0.005499563366777371,8953.266936083332
D1,8,5.0,W1,20,both,0.0,22,1.0623347435219461,0.03928817088932321,0.5149990397809955,1.1683941154672663,0.22727272727272727,0.006892697278417292,0.14761109442530665,0.06618136492412163,2.422980247478754,0.14128658931448945,0.006401957156733751,11412.865893144895
D1,8,5.0,W1,20,both,1.0,22,1.0623347435219461,0.03928817088932321,0.5149990397809955,1.1683941154672663,0.22727272727272727,0.006892697278417292,0.14761109442530665,0.06618136492412163,2.422980247478754,0.14128658931448945,0.006401957156733751,11412.865893144895
D1,8,5.0,W1,20,long,0.0,18,1.0,0.2221482805393542,0.15173268826254294,2.797035341354026,0.3888888888888889,0.04228443928420934,0.22064702502932879,0.021246369450864666,4.34936464858771,0.19826334810291568,0.009807565183215461,11982.633481029148
D1,8,5.0,W1,20,long,1.0,18,1.0,0.2221482805393542,0.15173268826254294,2.797035341354026,0.3888888888888889,0.04228443928420934,0.22064702502932879,0.021246369450864666,4.34936464858771,0.19826334810291568,0.009807565183215461,11982.633481029148
D1,8,5.0,W1,20,short,0.0,15,1.0,-0.3566991622263848,0.4670170815716551,0.37424300014597917,0.26666666666666666,-0.029312816231984742,-0.1617988562192479,0.052756016532636174,0.6301609063954575,-0.027303399141666906,-0.001551741967861786,9726.966008583335
D1,8,5.0,W1,20,short,1.0,15,1.0,-0.3566991622263848,0.4670170815716551,0.37424300014597917,0.26666666666666666,-0.029312816231984742,-0.1617988562192479,0.052756016532636174,0.6301609063954575,-0.027303399141666906,-0.001551741967861786,9726.966008583335
D1,8,5.0,W1,32,both,0.0,14,1.0,-0.4058404312062775,0.3887402699621856,0.3287309356766525,0.35714285714285715,-0.028401281485554923,-0.2283677923825005,0.04192769514782346,0.5720725948524295,-0.02384920123333345,-0.001411221239627225,9761.507987666668
D1,8,5.0,W1,32,both,1.0,14,1.0,-0.4058404312062775,0.3887402699621856,0.3287309356766525,0.35714285714285715,-0.028401281485554923,-0.2283677923825005,0.04192769514782346,0.5720725948524295,-0.02384920123333345,-0.001411221239627225,9761.507987666668
D1,8,5.0,W1,32,long,0.0,6,1.0,0.1839505139409572,0.04799548337886228,1.58861110469232,0.5,0.01475024792696472,0.20862851648082484,0.0061093700498084935,1.657739414595293,0.011554201908333006,0.0008869297621956207,10115.542019083334
D1,8,5.0,W1,32,long,1.0,6,1.0,0.1839505139409572,0.04799548337886228,1.58861110469232,0.5,0.01475024792696472,0.20862851648082484,0.0061093700498084935,1.657739414595293,0.011554201908333006,0.0008869297621956207,10115.542019083334
D1,8,5.0,W1,32,short,0.0,13,1.0,-0.5559854414516485,0.38781550145336285,0.19830508437337846,0.3076923076923077,-0.03643995537208718,-0.4623137272969459,0.041470086390339,0.32701811655254936,-0.036671973666666635,-0.0021834550420797294,9633.280263333334
D1,8,5.0,W1,32,short,1.0,13,1.0,-0.5559854414516485,0.38781550145336285,0.19830508437337846,0.3076923076923077,-0.03643995537208718,-0.4623137272969459,0.041470086390339,0.32701811655254936,-0.036671973666666635,-0.0021834550420797294,9633.280263333334
D1,8,5.0,W1,50,both,0.0,17,1.0132588120104438,-0.07729669765668042,0.24988371524196917,0.7970311035607142,0.35294117647058826,-0.006040735845467335,0.017350748001743604,0.024463674778817057,1.049149759224436,0.001896143225000202,0.00011291605784435887,10018.96143225
D1,8,5.0,W1,50,both,1.0,17,1.0132588120104438,-0.07729669765668042,0.24988371524196917,0.7970311035607142,0.35294117647058826,-0.006040735845467335,0.017350748001743604,0.024463674778817057,1.049149759224436,0.001896143225000202,0.00011291605784435887,10018.96143225
D1,8,5.0,W1,50,long,0.0,10,1.0,0.5460197065281231,0.05748774339255447,5.256696325560509,0.5,0.037844282543455884,0.5297610840228444,0.007233373674058852,4.649965066105539,0.04545425730833341,0.0031606511431661044,10454.542573083332
D1,8,5.0,W1,50,long,1.0,10,1.0,0.5460197065281231,0.05748774339255447,5.256696325560509,0.5,0.037844282543455884,0.5297610840228444,0.007233373674058852,4.649965066105539,0.04545425730833341,0.0031606511431661044,10454.542573083332
D1,8,5.0,W1,50,short,0.0,8,1.0,-0.6519771294750061,0.29825458257719284,0.10282969773290622,0.25,-0.04677023487929824,-0.6854163320854729,0.030260701318109873,0.1458373596361602,-0.03157737955833351,-0.002187785617090099,9684.226204416667
D1,8,5.0,W1,50,short,1.0,8,1.0,-0.6519771294750061,0.29825458257719284,0.10282969773290622,0.25,-0.04677023487929824,-0.6854163320854729,0.030260701318109873,0.1458373596361602,-0.03157737955833351,-0.002187785617090099,9684.226204416667
D1,8,5.0,W1,80,both,0.0,18,1.0295176949577198,0.3096321260306118,0.19681469960134268,3.821701193482885,0.5,0.059168578073957846,0.2907223988872603,0.014027976686597388,6.9833775962342965,0.2540565092999998,0.013032290951192627,12540.565093000001
D1,8,5.0,W1,80,both,1.0,18,1.0295176949577198,0.3096321260306118,0.19681469960134268,3.821701193482885,0.5,0.059168578073957846,0.2907223988872603,0.014027976686597388,6.9833775962342965,0.2540565092999998,0.013032290951192627,12540.565093000001
D1,8,5.0,W1,80,long,0.0,11,1.0,0.5586688387596482,0.039256569892029636,19.183885613026327,0.6363636363636364,0.12375202851333295,0.42473619414258035,0.004984869148113025,24.482641840599857,0.2835755108250002,0.015068028810511391,12835.75510825
D1,8,5.0,W1,80,long,1.0,11,1.0,0.5586688387596482,0.039256569892029636,19.183885613026327,0.6363636363636364,0.12375202851333295,0.42473619414258035,0.004984869148113025,24.482641840599857,0.2835755108250002,0.015068028810511391,12835.75510825
D1,8,5.0,W1,80,short,0.0,8,1.0,-0.6836248738450048,0.32776974010247417,0.01712957343558443,0.25,-0.04550626113923776,-0.9270942443018824,0.03791220573965115,0.01454321476447503,-0.03739364723333338,-0.0028689296555842736,9626.063527666667
D1,8,5.0,W1,80,short,1.0,8,1.0,-0.6836248738450048,0.32776974010247417,0.01712957343558443,0.25,-0.04550626113923776,-0.9270942443018824,0.03791220573965115,0.01454321476447503,-0.03739364723333338,-0.0028689296555842736,9626.063527666667
D1,8,5.0,W1,120,both,0.0,15,1.0,0.35590225839536366,0.10918337005588752,6.670556995413719,0.4,0.07178869144626222,0.3201880994450481,0.013947930835282452,10.476768059144971,0.2578888392250003,0.01462445376022381,12578.888392250003
D1,8,5.0,W1,120,both,1.0,15,1.0,0.35590225839536366,0.10918337005588752,6.670556995413719,0.4,0.07178869144626222,0.3201880994450481,0.013947930835282452,10.476768059144971,0.2578888392250003,0.01462445376022381,12578.888392250003
D1,8,5.0,W1,120,long,0.0,10,1.0,0.39901535256890813,0.09448754166815909,9.114788560626693,0.5,0.09583673948760735,0.36379861306300754,0.012514200598237601,16.085841420698806,0.23788840266666633,0.013595911936268523,12378.884026666667
D1,8,5.0,W1,120,long,1.0,10,1.0,0.39901535256890813,0.09448754166815909,9.114788560626693,0.5,0.09583673948760735,0.36379861306300754,0.012514200598237601,16.085841420698806,0.23788840266666633,0.013595911936268523,12378.884026666667
D1,8,5.0,W1,120,short,0.0,7,1.0,0.18163249911495055,0.08107032572047101,1.8483445992659255,0.2857142857142857,0.014343372369258669,0.2013599453208445,0.012322375173540734,2.07237266766605,0.01784388619166677,0.0019636665767714945,10178.438861916668
D1,8,5.0,W1,120,short,1.0,7,1.0,0.18163249911495055,0.08107032572047101,1.8483445992659255,0.2857142857142857,0.014343372369258669,0.2013599453208445,0.012322375173540734,2.07237266766605,0.01784388619166677,0.0019636665767714945,10178.438861916668
D1,8,1.5,none,0,both,0.0,269,12.462233637747337,-0.09009279353655633,0.3938637414496273,0.9353389462410372,0.3345724907063197,-0.0007960094589308958,0.12785032500104912,0.177666306993704,1.104300038752873,0.10765054112803751,0.004747863827683885,11076.505411280365
D1,8,1.5,none,0,both,1.0,269,12.462233637747337,-0.09009279353655633,0.3938637414496273,0.9353389462410372,0.3345724907063197,-0.0007960094589308958,0.12785032500104912,0.177666306993704,1.104300038752873,0.10765054112803751,0.004747863827683885,11076.505411280365
D1,8,1.5,none,0,long,0.0,228,10.573514474352464,0.47731820288815796,0.261431801780993,1.5379186454698983,0.38596491228070173,0.005742632476693188,0.568056871459808,0.08844863987414064,1.7598126257732267,0.9959534957277911,0.03256998021937396,19959.534957277916
D1,8,1.5,none,0,long,1.0,228,10.573514474352464,0.47731820288815796,0.261431801780993,1.5379186454698983,0.38596491228070173,0.005742632476693188,0.568056871459808,0.08844863987414064,1.7598126257732267,0.9959534957277911,0.03256998021937396,19959.534957277916
D1,8,1.5,none,0,short,0.0,228,10.595038167938931,-0.626258987911604,0.6870370251688801,0.6102478310920239,0.2982456140350877,-0.004873888810010332,-0.4672901486132733,0.2665902567797479,0.6882172175895398,-0.273457025186723,-0.014735381865842112,7265.429748132777
D1,8,1.5,none,0,short,1.0,228,10.595038167938931,-0.626258987911604,0.6870370251688801,0.6102478310920239,0.2982456140350877,-0.004873888810010332,-0.4672901486132733,0.2665902567797479,0.6882172175895398,-0.273457025186723,-0.014735381865842112,7265.429748132777
D1,8,1.5,W1,20,both,0.0,164,7.892094861660079,0.14654168585259975,0.22280684576639298,1.151518474703896,0.35365853658536583,0.0015939087621341704,0.2137665455309128,0.08095862963487943,1.2300668922929792,0.14365250838969246,0.0064802539521533475,11436.525083896933
D1,8,1.5,W1,20,both,1.0,164,7.892094861660079,0.14654168585259975,0.22280684576639298,1.151518474703896,0.35365853658536583,0.0015939087621341704,0.2137665455309128,0.08095862963487943,1.2300668922929792,0.14365250838969246,0.0064802539521533475,11436.525083896933
D1,8,1.5,W1,20,long,0.0,91,4.379150197628459,0.37366009955967155,0.15358318401894067,1.6235742696483852,0.4065934065934066,0.0063268671216374925,0.4039942671810445,0.05160907098629375,1.6833534014485902,0.2449067077837601,0.010597509918858439,12449.067077837602
D1,8,1.5,W1,20,long,1.0,91,4.379150197628459,0.37366009955967155,0.15358318401894067,1.6235742696483852,0.4065934065934066,0.0063268671216374925,0.4039942671810445,0.05160907098629375,1.6833534014485902,0.2449067077837601,0.010597509918858439,12449.067077837602
D1,8,1.5,W1,20,short,0.0,84,4.397448760212125,-0.33778518515831507,0.304062356788818,0.6624607801612297,0.2857142857142857,-0.003578031905329813,-0.3264068756218264,0.12676617110603094,0.6709041300784497,-0.10517286991069008,-0.005800555563565735,8948.271300893099
D1,8,1.5,W1,20,short,1.0,84,4.397448760212125,-0.33778518515831507,0.304062356788818,0.6624607801612297,0.2857142857142857,-0.003578031905329813,-0.3264068756218264,0.12676617110603094,0.6709041300784497,-0.10517286991069008,-0.005800555563565735,8948.271300893099
D1,8,1.5,W1,32,both,0.0,165,8.142987434130523,0.16062956075743504,0.2124605536458154,1.1683768641513321,0.3515151515151515,0.0018878991279853044,0.2892864861680732,0.06938140238061585,1.3347384688481339,0.2333121827000999,0.010402901462214453,12333.121827001
D1,8,1.5,W1,32,both,1.0,165,8.142987434130523,0.16062956075743504,0.2124605536458154,1.1683768641513321,0.3515151515151515,0.0018878991279853044,0.2892864861680732,0.06938140238061585,1.3347384688481339,0.2333121827000999,0.010402901462214453,12333.121827001
D1,8,1.5,W1,32,long,0.0,95,4.688386704499392,0.33311522389268095,0.14567125566688255,1.5469712447301445,0.4,0.005830171670877615,0.4061687167879934,0.04593184325632693,1.7222502244027784,0.2672744716463795,0.011758394522974447,12672.744716463803
D1,8,1.5,W1,32,long,1.0,95,4.688386704499392,0.33311522389268095,0.14567125566688255,1.5469712447301445,0.4,0.005830171670877615,0.4061687167879934,0.04593184325632693,1.7222502244027784,0.2672744716463795,0.011758394522974447,12672.744716463803
D1,8,1.5,W1,32,short,0.0,81,4.240397018775978,-0.26576604843203805,0.27141985593644624,0.7170344853042784,0.2716049382716049,-0.0031794069890881734,-0.1571371553237066,0.09752414352946348,0.8156508668309327,-0.06506477286616896,-0.003515848692271395,9349.3522713383
D1,8,1.5,W1,32,short,1.0,81,4.240397018775978,-0.26576604843203805,0.27141985593644624,0.7170344853042784,0.2716049382716049,-0.0031794069890881734,-0.1571371553237066,0.09752414352946348,0.8156508668309327,-0.06506477286616896,-0.003515848692271395,9349.3522713383
D1,8,1.5,W1,50,both,0.0,173,8.856096706377015,0.042804127614366944,0.3087512386571578,1.040938935279756,0.34104046242774566,0.0004747734719872607,0.17435146015374156,0.10252247898212752,1.1902976149069096,0.12311862736850676,0.005961486807241734,11231.186273685063
D1,8,1.5,W1,50,both,1.0,173,8.856096706377015,0.042804127614366944,0.3087512386571578,1.040938935279756,0.34104046242774566,0.0004747734719872607,0.17435146015374156,0.10252247898212752,1.1902976149069096,0.12311862736850676,0.005961486807241734,11231.186273685063
D1,8,1.5,W1,50,long,0.0,103,5.438882463495736,0.13059384876704871,0.2028891538055798,1.1731941839847866,0.36893203883495146,0.001932619738996833,0.22297411064305503,0.07934458215383,1.350562753358342,0.14210358366403586,0.00704092557652336,11421.035836640352
D1,8,1.5,W1,50,long,1.0,103,5.438882463495736,0.13059384876704871,0.2028891538055798,1.1731941839847866,0.36893203883495146,0.001932619738996833,0.22297411064305503,0.07934458215383,1.350562753358342,0.14210358366403586,0.00704092557652336,11421.035836640352
D1,8,1.5,W1,50,short,0.0,75,4.062546344357111,-0.1021424062940717,0.2317855250361035,0.8717821236810271,0.29333333333333333,-0.0016133716885898053,-0.005354408002571661,0.06639214155677953,0.9929216376174489,-0.006633048515338302,-0.00036042616121989557,9933.669514846613
D1,8,1.5,W1,50,short,1.0,75,4.062546344357111,-0.1021424062940717,0.2317855250361035,0.8717821236810271,0.29333333333333333,-0.0016133716885898053,-0.005354408002571661,0.06639214155677953,0.9929216376174489,-0.006633048515338302,-0.00036042616121989557,9933.669514846613
D1,8,1.5,W1,80,both,0.0,172,9.304354265402843,0.20179521826643348,0.3082664118345563,1.2082588219628032,0.3488372093023256,0.0023670244579631666,0.3622202865854388,0.10650496602290715,1.462780122486971,0.36263391738946193,0.01687894160403336,13626.339173894634
D1,8,1.5,W1,80,both,1.0,172,9.304354265402843,0.20179521826643348,0.3082664118345563,1.2082588219628032,0.3488372093023256,0.0023670244579631666,0.3622202865854388,0.10650496602290715,1.462780122486971,0.36263391738946193,0.01687894160403336,13626.339173894634
D1,8,1.5,W1,80,long,0.0,112,6.058649289099526,0.2963008801526599,0.21658562027895056,1.4336004391996846,0.35714285714285715,0.00468158706784345,0.38404188375217513,0.09420242403781698,1.6814016915721903,0.34614184936053616,0.016209332362046247,13461.418493605368
D1,8,1.5,W1,80,long,1.0,112,6.058649289099526,0.2963008801526599,0.21658562027895056,1.4336004391996846,0.35714285714285715,0.00468158706784345,0.38404188375217513,0.09420242403781698,1.6814016915721903,0.34614184936053616,0.016209332362046247,13461.418493605368
D1,8,1.5,W1,80,short,0.0,64,4.138077535847052,-0.20336991975681531,0.23694149753759552,0.7764752468822591,0.3125,-0.002826714908471602,-0.14204055996075393,0.07017761733962591,0.8396071658814385,-0.04540033857939396,-0.002999686369468346,9545.996614206062
D1,8,1.5,W1,80,short,1.0,64,4.138077535847052,-0.20336991975681531,0.23694149753759552,0.7764752468822591,0.3125,-0.002826714908471602,-0.14204055996075393,0.07017761733962591,0.8396071658814385,-0.04540033857939396,-0.002999686369468346,9545.996614206062
D1,8,1.5,W1,120,both,0.0,160,9.485473137477683,0.3532700409499433,0.23817939328829663,1.407696149599843,0.375,0.004143327430212567,0.4508878321726235,0.07546713882271949,1.594131372625246,0.43435177931718183,0.02161487457370659,14343.517793171812
D1,8,1.5,W1,120,both,1.0,160,9.485473137477683,0.3532700409499433,0.23817939328829663,1.407696149599843,0.375,0.004143327430212567,0.4508878321726235,0.07546713882271949,1.594131372625246,0.43435177931718183,0.02161487457370659,14343.517793171812
D1,8,1.5,W1,120,long,0.0,103,6.106273332251258,0.38470197028706254,0.2305805606509691,1.6220094669040748,0.3883495145631068,0.006214744393718159,0.43014096410505376,0.07835985148987601,1.816972508745505,0.37182395150267644,0.01891891781135424,13718.239515026758
D1,8,1.5,W1,120,long,1.0,103,6.106273332251258,0.38470197028706254,0.2305805606509691,1.6220094669040748,0.3883495145631068,0.006214744393718159,0.43014096410505376,0.07835985148987601,1.816972508745505,0.37182395150267644,0.01891891781135424,13718.239515026758
D1,8,1.5,W1,120,short,0.0,59,4.364064398541919,0.04396143171107041,0.10451027674333435,1.0561227458695164,0.3559322033898305,0.0005862172936081911,0.18164416440372938,0.04006411306624391,1.2634047086962406,0.058940782470857433,0.004245022729931325,10589.40782470857
D1,8,1.5,W1,120,short,1.0,59,4.364064398541919,0.04396143171107041,0.10451027674333435,1.0561227458695164,0.3559322033898305,0.0005862172936081911,0.18164416440372938,0.04006411306624391,1.2634047086962406,0.058940782470857433,0.004245022729931325,10589.40782470857
D1,10,4.0,none,0,both,0.0,55,2.6102845634095635,0.29793119217082836,0.41368596791502554,2.031321249438023,0.4727272727272727,0.024793574828006443,0.3295476683872574,0.039845084493189575,2.823035407592073,0.34357610569232366,0.014115198263546347,13435.761056923242
D1,10,4.0,none,0,both,1.0,55,2.6102845634095635,0.29793119217082836,0.41368596791502554,2.031321249438023,0.4727272727272727,0.024793574828006443,0.3295476683872574,0.039845084493189575,2.823035407592073,0.34357610569232366,0.014115198263546347,13435.761056923242
D1,10,4.0,none,0,long,0.0,51,2.436273868689511,0.37985990638136574,0.19576190521830372,2.7334237773079724,0.5098039215686274,0.03234301664003877,0.36488172821167236,0.028347224031821217,3.563063500155245,0.36989034969024726,0.015148299202080606,13698.903496902481
D1,10,4.0,none,0,long,1.0,51,2.436273868689511,0.37985990638136574,0.19576190521830372,2.7334237773079724,0.5098039215686274,0.03234301664003877,0.36488172821167236,0.028347224031821217,3.563063500155245,0.36989034969024726,0.015148299202080606,13698.903496902481
D1,10,4.0,none,0,short,0.0,51,2.558054106014831,-0.5467480356656087,0.6314723783804315,0.3943285698298594,0.29411764705882354,-0.018065788255437178,-0.401662420889828,0.10896804194092302,0.4844587110215299,-0.10314185379147967,-0.005445190691130586,8968.5814620852
D1,10,4.0,none,0,short,1.0,51,2.558054106014831,-0.5467480356656087,0.6314723783804315,0.3943285698298594,0.29411764705882354,-0.018065788255437178,-0.401662420889828,0.10896804194092302,0.4844587110215299,-0.10314185379147967,-0.005445190691130586,8968.5814620852
D1,10,4.0,W1,20,both,0.0,25,1.4198802674545172,0.3838050309646763,0.14490520153617947,2.6286258443751467,0.48,0.029407416761764213,0.4148953597527043,0.022787973368479042,2.8522110490836985,0.12049011355036887,0.006482294501067409,11204.901135503691
D1,10,4.0,W1,20,both,1.0,25,1.4198802674545172,0.3838050309646763,0.14490520153617947,2.6286258443751467,0.48,0.029407416761764213,0.4148953597527043,0.022787973368479042,2.8522110490836985,0.12049011355036887,0.006482294501067409,11204.901135503691
D1,10,4.0,W1,20,long,0.0,21,1.2555655590112949,0.5430588205300397,0.12587707073857368,4.821552330866857,0.5714285714285714,0.041205736811221826,0.5270286590584937,0.023119156345008607,4.410822293314295,0.1268943236003699,0.007168270910920427,11268.943236003692
D1,10,4.0,W1,20,long,1.0,21,1.2555655590112949,0.5430588205300397,0.12587707073857368,4.821552330866857,0.5714285714285714,0.041205736811221826,0.5270286590584937,0.023119156345008607,4.410822293314295,0.1268943236003699,0.007168270910920427,11268.943236003692
D1,10,4.0,W1,20,short,0.0,11,1.0,-0.10839918500709503,0.1714548579671934,0.7386788064534335,0.18181818181818182,-0.008804768572059847,-0.034637195392061955,0.029568982237756947,0.8982678374658642,-0.005916890491666549,-0.0003595774821488762,9940.831095083333
D1,10,4.0,W1,20,short,1.0,11,1.0,-0.10839918500709503,0.1714548579671934,0.7386788064534335,0.18181818181818182,-0.008804768572059847,-0.034637195392061955,0.029568982237756947,0.8982678374658642,-0.005916890491666549,-0.0003595774821488762,9940.831095083333
D1,10,4.0,W1,32,both,0.0,23,1.1459214295457645,0.35853521604942673,0.19254054166848134,5.226725577304265,0.5652173913043478,0.05873771771405343,0.3150668184408892,0.026904927901927222,7.133409207756055,0.30307364058165565,0.013276710135326164,13030.736405816564
D1,10,4.0,W1,32,both,1.0,23,1.1459214295457645,0.35853521604942673,0.19254054166848134,5.226725577304265,0.5652173913043478,0.05873771771405343,0.3150668184408892,0.026904927901927222,7.133409207756055,0.30307364058165565,0.013276710135326164,13030.736405816564
D1,10,4.0,W1,32,long,0.0,13,1.0,0.4806740649752349,0.09261945622920398,11.901801260376107,0.6153846153846154,0.1068093723839716,0.40662099304664856,0.014393257666953652,13.757147334352812,0.30712386158333405,0.013433394022351441,13071.238615833336
D1,10,4.0,W1,32,long,1.0,13,1.0,0.4806740649752349,0.09261945622920398,11.901801260376107,0.6153846153846154,0.1068093723839716,0.40662099304664856,0.014393257666953652,13.757147334352812,0.30712386158333405,0.013433394022351441,13071.238615833336
D1,10,4.0,W1,32,short,0.0,13,1.0,-0.21214211103154038,0.1500864530870598,0.6082746284400368,0.46153846153846156,-0.008523977987108109,-0.15173102410330994,0.019358487727072493,0.6984679647811656,-0.010252395934660652,-0.0006027360848480656,9897.476040653391
D1,10,4.0,W1,32,short,1.0,13,1.0,-0.21214211103154038,0.1500864530870598,0.6082746284400368,0.46153846153846156,-0.008523977987108109,-0.15173102410330994,0.019358487727072493,0.6984679647811656,-0.010252395934660652,-0.0006027360848480656,9897.476040653391
D1,10,4.0,W1,50,both,0.0,25,1.377054742874378,0.06811673498935113,0.36442750412855285,1.1883033730649413,0.48,0.004601633213045551,0.20102700625620043,0.053839379031540346,1.7807574209343051,0.06016329092152506,0.0032232472273909796,10601.632909215246
D1,10,4.0,W1,50,both,1.0,25,1.377054742874378,0.06811673498935113,0.36442750412855285,1.1883033730649413,0.48,0.004601633213045551,0.20102700625620043,0.053839379031540346,1.7807574209343051,0.06016329092152506,0.0032232472273909796,10601.632909215246
D1,10,4.0,W1,50,long,0.0,15,1.0,0.21989938808885628,0.16819862944546704,2.0242650830867164,0.4666666666666667,0.019070097084712842,0.2664881729824076,0.029681676787828626,2.4911070089806677,0.06921643668153554,0.003769554258825636,10692.16436681535
D1,10,4.0,W1,50,long,1.0,15,1.0,0.21989938808885628,0.16819862944546704,2.0242650830867164,0.4666666666666667,0.019070097084712842,0.2664881729824076,0.029681676787828626,2.4911070089806677,0.06921643668153554,0.003769554258825636,10692.16436681535
D1,10,4.0,W1,50,short,0.0,10,1.0,-0.26427006951243726,0.23305429151200385,0.4843775719249098,0.5,-0.017101062594455388,-0.13867547686605114,0.023543888555551118,0.7090128168720372,-0.009053145760010373,-0.0005660099090327719,9909.468542399896
D1,10,4.0,W1,50,short,1.0,10,1.0,-0.26427006951243726,0.23305429151200385,0.4843775719249098,0.5,-0.017101062594455388,-0.13867547686605114,0.023543888555551118,0.7090128168720372,-0.009053145760010373,-0.0005660099090327719,9909.468542399896
D1,10,4.0,W1,80,both,0.0,27,1.4675223214285715,0.37862747943031166,0.18938066866599135,3.9386439373366753,0.5555555555555556,0.05415782281423094,0.3699970773317803,0.027930670104501676,5.946206545248698,0.34374693663816625,0.01618878863895179,13437.469366381667
D1,10,4.0,W1,80,both,1.0,27,1.4675223214285715,0.37862747943031166,0.18938066866599135,3.9386439373366753,0.5555555555555556,0.05415782281423094,0.3699970773317803,0.027930670104501676,5.946206545248698,0.34374693663816625,0.01618878863895179,13437.469366381667
D1,10,4.0,W1,80,long,0.0,17,1.0,0.528072380323806,0.1264808411696593,11.731864484464786,0.7647058823529411,0.10582738676361934,0.4577872274281852,0.019804048160139254,15.827279291014005,0.38688867395653515,0.01793569002980422,13868.88673956535
D1,10,4.0,W1,80,long,1.0,17,1.0,0.528072380323806,0.1264808411696593,11.731864484464786,0.7647058823529411,0.10582738676361934,0.4577872274281852,0.019804048160139254,15.827279291014005,0.38688867395653515,0.01793569002980422,13868.88673956535
D1,10,4.0,W1,80,short,0.0,11,1.0,-0.42537675392973245,0.25797074288020083,0.24113703697715147,0.2727272727272727,-0.022763096893645793,-0.489587983035389,0.028333475692506327,0.261002563980499,-0.02575584011335097,-0.001840320090901293,9742.441598866493
D1,10,4.0,W1,80,short,1.0,11,1.0,-0.42537675392973245,0.25797074288020083,0.24113703697715147,0.2727272727272727,-0.022763096893645793,-0.489587983035389,0.028333475692506327,0.261002563980499,-0.02575584011335097,-0.001840320090901293,9742.441598866493
D1,10,4.0,W1,120,both,0.0,25,1.5163151776818333,0.3791521465128773,0.215689402754075,4.30546400547967,0.48,0.05243392494276715,0.3526295252954494,0.03548904801304964,5.693127637418713,0.309462567519611,0.016487403312423377,13094.625675196106
D1,10,4.0,W1,120,both,1.0,25,1.5163151776818333,0.3791521465128773,0.215689402754075,4.30546400547967,0.48,0.05243392494276715,0.3526295252954494,0.03548904801304964,5.693127637418713,0.309462567519611,0.016487403312423377,13094.625675196106
D1,10,4.0,W1,120,long,0.0,17,1.0310943208236467,0.3978199434913146,0.21632699002823597,6.117295698125226,0.5294117647058824,0.0788938058557517,0.3679140082010069,0.036165682759666695,8.145590307315448,0.3172152101662957,0.01685140504063587,13172.152101662949
D1,10,4.0,W1,120,long,1.0,17,1.0310943208236467,0.3978199434913146,0.21632699002823597,6.117295698125226,0.5294117647058824,0.0788938058557517,0.3679140082010069,0.036165682759666695,8.145590307315448,0.3172152101662957,0.01685140504063587,13172.152101662949
D1,10,4.0,W1,120,short,0.0,9,1.0,0.021181985669183164,0.089628227331921,1.0536980464558612,0.4444444444444444,0.000802365504528204,-0.013394200509560555,0.01595700215028606,0.9675496336786606,-0.0008125781550171185,-8.972544578600417e-05,9991.874218449824
D1,10,4.0,W1,120,short,1.0,9,1.0,0.021181985669183164,0.089628227331921,1.0536980464558612,0.4444444444444444,0.000802365504528204,-0.013394200509560555,0.01595700215028606,0.9675496336786606,-0.0008125781550171185,-8.972544578600417e-05,9991.874218449824
D1,10,2.5,none,0,both,0.0,122,5.670717739882923,0.11822479225065388,0.2680692559524034,1.1338267836947626,0.39344262295081966,0.0024523215640528113,0.28956780381566477,0.08522015491741886,1.413200302388537,0.20285073391001696,0.008621787587207441,12028.507339100173
D1,10,2.5,none,0,both,1.0,122,5.670717739882923,0.11822479225065388,0.2680692559524034,1.1338267836947626,0.39344262295081966,0.0024523215640528113,0.28956780381566477,0.08522015491741886,1.413200302388537,0.20285073391001696,0.008621787587207441,12028.507339100173
D1,10,2.5,none,0,long,0.0,110,5.12729709035222,0.4347690494434032,0.18889216667607434,1.6821880760195396,0.45454545454545453,0.010165789880630676,0.5258671322246262,0.045771418993437174,1.9953457093959046,0.44368382259021777,0.017263073232036907,14436.838225902151
D1,10,2.5,none,0,long,1.0,110,5.12729709035222,0.4347690494434032,0.18889216667607434,1.6821880760195396,0.45454545454545453,0.010165789880630676,0.5258671322246262,0.045771418993437174,1.9953457093959046,0.44368382259021777,0.017263073232036907,14436.838225902151
D1,10,2.5,none,0,short,0.0,110,5.12468112244898,-0.6197946612685802,0.6894051815878167,0.5047659033076206,0.2818181818181818,-0.010209852768678682,-0.7395464443362066,0.274935945814774,0.4117023917144679,-0.28075923359779387,-0.015236239259040718,7192.407664022062
D1,10,2.5,none,0,short,1.0,110,5.12468112244898,-0.6197946612685802,0.6894051815878167,0.5047659033076206,0.2818181818181818,-0.010209852768678682,-0.7395464443362066,0.274935945814774,0.4117023917144679,-0.28075923359779387,-0.015236239259040718,7192.407664022062
D1,10,2.5,W1,20,both,0.0,54,2.6092737134541606,-0.010748636331410176,0.25151328386904015,0.9820790479856302,0.35185185185185186,-0.000313463733581859,0.09343574768250971,0.0709986651208876,1.209376505553656,0.04052707526698307,0.001921466414292805,10405.27075266984
D1,10,2.5,W1,20,both,1.0,54,2.6092737134541606,-0.010748636331410176,0.25151328386904015,0.9820790479856302,0.35185185185185186,-0.000313463733581859,0.09343574768250971,0.0709986651208876,1.209376505553656,0.04052707526698307,0.001921466414292805,10405.27075266984
D1,10,2.5,W1,20,long,0.0,29,1.401276623892049,0.08499981792899935,0.1419691402089418,1.2121119979880943,0.41379310344827586,0.0037389681834578167,0.16620248459849674,0.041494887102182076,1.5688257135298727,0.06765457065085245,0.003168233335437476,10676.54570650852
D1,10,2.5,W1,20,long,1.0,29,1.401276623892049,0.08499981792899935,0.1419691402089418,1.2121119979880943,0.41379310344827586,0.0037389681834578167,0.16620248459849674,0.041494887102182076,1.5688257135298727,0.06765457065085245,0.003168233335437476,10676.54570650852
D1,10,2.5,W1,20,short,0.0,30,1.7354292049414,-0.20082644721325962,0.2709835727253481,0.6646796352617065,0.26666666666666666,-0.006119195373394961,-0.17055652023635068,0.07954648836173794,0.6684961943394792,-0.04282853706720169,-0.0025289463213471475,9571.714629327984
D1,10,2.5,W1,20,short,1.0,30,1.7354292049414,-0.20082644721325962,0.2709835727253481,0.6646796352617065,0.26666666666666666,-0.006119195373394961,-0.17055652023635068,0.07954648836173794,0.6684961943394792,-0.04282853706720169,-0.0025289463213471475,9571.714629327984
D1,10,2.5,W1,32,both,0.0,59,2.892195678432425,0.15818006417225447,0.21247315890984797,1.2772861050651465,0.4067796610169492,0.004417883123130947,0.16160651301666398,0.04139559677907312,1.2775563208648144,0.05843528402034104,0.002787821541623936,10584.352840203414
D1,10,2.5,W1,32,both,1.0,59,2.892195678432425,0.15818006417225447,0.21247315890984797,1.2772861050651465,0.4067796610169492,0.004417883123130947,0.16160651301666398,0.04139559677907312,1.2775563208648144,0.05843528402034104,0.002787821541623936,10584.352840203414
D1,10,2.5,W1,32,long,0.0,40,1.960810629445712,0.10027499511962798,0.226528358800696,1.2090430041600155,0.4,0.003730388320436943,0.1276383809858638,0.049313175919190155,1.2689454681262322,0.042087588706424706,0.0020229527936881375,10420.875887064249
D1,10,2.5,W1,32,long,1.0,40,1.960810629445712,0.10027499511962798,0.226528358800696,1.2090430041600155,0.4,0.003730388320436943,0.1276383809858638,0.049313175919190155,1.2689454681262322,0.042087588706424706,0.0020229527936881375,10420.875887064249
D1,10,2.5,W1,32,short,0.0,23,1.2606167466986795,0.11857952401540615,0.13492612466549114,1.302599004794219,0.43478260869565216,0.0037647100929679893,0.009933148034230555,0.022607260621583247,1.0212430136480801,0.000899658080582677,4.9288787979717696e-05,10008.996580805831
D1,10,2.5,W1,32,short,1.0,23,1.2606167466986795,0.11857952401540615,0.13492612466549114,1.302599004794219,0.43478260869565216,0.0037647100929679893,0.009933148034230555,0.022607260621583247,1.0212430136480801,0.000899658080582677,4.9288787979717696e-05,10008.996580805831
D1,10,2.5,W1,50,both,0.0,65,3.3998639553200634,0.19969356838884575,0.3309523655383475,1.313765098736838,0.4153846153846154,0.005464407964985191,0.30969950417077535,0.06069282324629599,1.647203701129453,0.15330943288749332,0.0074885392620547275,11533.094328874928
D1,10,2.5,W1,50,both,1.0,65,3.3998639553200634,0.19969356838884575,0.3309523655383475,1.313765098736838,0.4153846153846154,0.005464407964985191,0.30969950417077535,0.06069282324629599,1.647203701129453,0.15330943288749332,0.0074885392620547275,11533.094328874928
D1,10,2.5,W1,50,long,0.0,44,2.3064006888633752,0.08838816950471712,0.3429309840902679,1.1611722011121814,0.36363636363636365,0.00318072110520822,0.2484818109065179,0.06077517070701066,1.651595233642113,0.1174486764297864,0.005837916851989755,11174.486764297859
D1,10,2.5,W1,50,long,1.0,44,2.3064006888633752,0.08838816950471712,0.3429309840902679,1.1611722011121814,0.36363636363636365,0.00318072110520822,0.2484818109065179,0.06077517070701066,1.651595233642113,0.1174486764297864,0.005837916851989755,11174.486764297859
D1,10,2.5,W1,50,short,0.0,25,1.383942103667778,0.0993460103615477,0.0921298256174583,1.2192515069582976,0.44,0.003444809592958089,0.06917832730176338,0.016891637650578883,1.1411518813095944,0.010482683219124711,0.0005774432776195493,10104.82683219124
D1,10,2.5,W1,50,short,1.0,25,1.383942103667778,0.0993460103615477,0.0921298256174583,1.2192515069582976,0.44,0.003444809592958089,0.06917832730176338,0.016891637650578883,1.1411518813095944,0.010482683219124711,0.0005774432776195493,10104.82683219124
D1,10,2.5,W1,80,both,0.0,70,3.803555489437667,0.19862442729273916,0.3372305372362513,1.3058820739998207,0.37142857142857144,0.00574232840689618,0.32486135181416836,0.07375193118760659,1.609272790760024,0.17320546796964398,0.008717476152311221,11732.054679696432
D1,10,2.5,W1,80,both,1.0,70,3.803555489437667,0.19862442729273916,0.3372305372362513,1.3058820739998207,0.37142857142857144,0.00574232840689618,0.32486135181416836,0.07375193118760659,1.609272790760024,0.17320546796964398,0.008717476152311221,11732.054679696432
D1,10,2.5,W1,80,long,0.0,48,2.6081523356144003,0.2232809265439431,0.34492616206162363,1.438105928556753,0.375,0.00861283161859227,0.33352778265427085,0.08900717815848369,1.780460050716513,0.1712937291701997,0.008628094047483215,11712.937291702003
D1,10,2.5,W1,80,long,1.0,48,2.6081523356144003,0.2232809265439431,0.34492616206162363,1.438105928556753,0.375,0.00861283161859227,0.33352778265427085,0.08900717815848369,1.780460050716513,0.1712937291701997,0.008628094047483215,11712.937291702003
D1,10,2.5,W1,80,short,0.0,23,1.6359785783836418,-0.06416548799277266,0.1444413587206379,0.8837006803366619,0.34782608695652173,-0.002054262286620574,-0.0824811484484701,0.025628574232434143,0.858578572971158,-0.010194317133890296,-0.0007285725249167596,9898.056828661094
D1,10,2.5,W1,80,short,1.0,23,1.6359785783836418,-0.06416548799277266,0.1444413587206379,0.8837006803366619,0.34782608695652173,-0.002054262286620574,-0.0824811484484701,0.025628574232434143,0.858578572971158,-0.010194317133890296,-0.0007285725249167596,9898.056828661094
D1,10,2.5,W1,120,both,0.0,68,4.03198051948052,0.34273215436567656,0.1732770126016958,1.5675971916036802,0.39705882352941174,0.009469925099568942,0.4539264563368343,0.05019618016787264,1.9586003399924323,0.26415480397131863,0.013995732879273248,12641.548039713189
D1,10,2.5,W1,120,both,1.0,68,4.03198051948052,0.34273215436567656,0.1732770126016958,1.5675971916036802,0.39705882352941174,0.009469925099568942,0.4539264563368343,0.05019618016787264,1.9586003399924323,0.26415480397131863,0.013995732879273248,12641.548039713189
D1,10,2.5,W1,120,long,0.0,49,2.905397727272727,0.35366634765920396,0.2213846837101704,1.724725983174625,0.42857142857142855,0.012641916272756645,0.466896559477275,0.06157137672164248,2.1800874533148966,0.23895956458163492,0.012786057286789276,12389.595645816358
D1,10,2.5,W1,120,long,1.0,49,2.905397727272727,0.35366634765920396,0.2213846837101704,1.724725983174625,0.42857142857142855,0.012641916272756645,0.466896559477275,0.06157137672164248,2.1800874533148966,0.23895956458163492,0.012786057286789276,12389.595645816358
D1,10,2.5,W1,120,short,0.0,19,1.8339719873150107,0.045697909314356785,0.12472843838956504,1.087570603387103,0.3157894736842105,0.0012895268108217117,-0.00012197599548996154,0.030680962617424146,0.9997711477417983,-0.0005983275583888448,-5.7769088645298616e-05,9994.016724416108
D1,10,2.5,W1,120,short,1.0,19,1.8339719873150107,0.045697909314356785,0.12472843838956504,1.087570603387103,0.3157894736842105,0.0012895268108217117,-0.00012197599548996154,0.030680962617424146,0.9997711477417983,-0.0005983275583888448,-5.7769088645298616e-05,9994.016724416108
D1,10,3.0,none,0,both,0.0,104,4.834054466785442,-0.025126759492977973,0.4040397708018685,0.970263181132527,0.38461538461538464,-0.0006015884303766025,0.07400878717715605,0.09799443324907253,1.1029864311483675,0.03415643552256542,0.0015623425069808405,10341.56435522564
D1,10,3.0,none,0,both,1.0,104,4.834054466785442,-0.025126759492977973,0.4040397708018685,0.970263181132527,0.38461538461538464,-0.0006015884303766025,0.07400878717715605,0.09799443324907253,1.1029864311483675,0.03415643552256542,0.0015623425069808405,10341.56435522564
D1,10,3.0,none,0,long,0.0,93,4.335449904275686,0.3793546610829528,0.23447557886102788,1.6285690009425262,0.45161290322580644,0.010472407907691574,0.5033913616779077,0.05054697043339862,1.9881072265115274,0.33124993964693705,0.01342753947648645,13312.499396469375
D1,10,3.0,none,0,long,1.0,93,4.335449904275686,0.3793546610829528,0.23447557886102788,1.6285690009425262,0.45161290322580644,0.010472407907691574,0.5033913616779077,0.05054697043339862,1.9881072265115274,0.33124993964693705,0.01342753947648645,13312.499396469375
D1,10,3.0,none,0,short,0.0,93,4.332684948979591,-0.8180109852705153,0.7789473254675748,0.3897329512799046,0.26881720430107525,-0.015532282876445664,-0.8430966017225195,0.2857836060066056,0.331401334497871,-0.28857538236428304,-0.015737408893497506,7114.246176357179
D1,10,3.0,none,0,short,1.0,93,4.332684948979591,-0.8180109852705153,0.7789473254675748,0.3897329512799046,0.26881720430107525,-0.015532282876445664,-0.8430966017225195,0.2857836060066056,0.331401334497871,-0.28857538236428304,-0.015737408893497506,7114.246176357179
D1,10,3.0,W1,20,both,0.0,49,2.368927862342819,0.023634966041886488,0.2716955642589868,1.0434517121299198,0.3469387755102041,0.000861596639202567,0.023385783147134923,0.06878764574448792,1.043295213781902,0.0053820624407185935,0.0002595342935025613,10053.820624407186
D1,10,3.0,W1,20,both,1.0,49,2.368927862342819,0.023634966041886488,0.2716955642589868,1.0434517121299198,0.3469387755102041,0.000861596639202567,0.023385783147134923,0.06878764574448792,1.043295213781902,0.0053820624407185935,0.0002595342935025613,10053.820624407186
D1,10,3.0,W1,20,long,0.0,28,1.3536730641958967,0.273854243001965,0.16962642218360613,1.973776657146109,0.4642857142857143,0.01512101788780115,0.31404396456091377,0.027718677919683077,2.2648180778229583,0.11254128205312885,0.005169205808072563,11125.412820531286
D1,10,3.0,W1,20,long,1.0,28,1.3536730641958967,0.273854243001965,0.16962642218360613,1.973776657146109,0.4642857142857143,0.01512101788780115,0.31404396456091377,0.027718677919683077,2.2648180778229583,0.11254128205312885,0.005169205808072563,11125.412820531286
D1,10,3.0,W1,20,short,0.0,27,1.5656056516907446,-0.2698873810110287,0.31337331413064506,0.5834311157263369,0.25925925925925924,-0.009611760140367425,-0.3092485223535872,0.08527161993750254,0.5257976231687841,-0.05748604779075073,-0.0034271135519087226,9425.139522092493
D1,10,3.0,W1,20,short,1.0,27,1.5656056516907446,-0.2698873810110287,0.31337331413064506,0.5834311157263369,0.25925925925925924,-0.009611760140367425,-0.3092485223535872,0.08527161993750254,0.5257976231687841,-0.05748604779075073,-0.0034271135519087226,9425.139522092493
D1,10,3.0,W1,32,both,0.0,47,2.3048805048335126,0.0574534806032289,0.30974650750159693,1.1023778606140127,0.40425531914893614,0.0018816722371338785,0.13657540677970176,0.05291662253410112,1.2737580283894907,0.04383550673365777,0.0021061252158851573,10438.355067336575
D1,10,3.0,W1,32,both,1.0,47,2.3048805048335126,0.0574534806032289,0.30974650750159693,1.1023778606140127,0.40425531914893614,0.0018816722371338785,0.13657540677970176,0.05291662253410112,1.2737580283894907,0.04383550673365777,0.0021061252158851573,10438.355067336575
D1,10,3.0,W1,32,long,0.0,31,1.5202403329752954,0.07541779704049131,0.28928178894566503,1.1757420064765742,0.3870967741935484,0.003346910088111069,0.15545766276994408,0.05741301608105498,1.4125668290104643,0.04685069554839738,0.002247884315617066,10468.506955483972
D1,10,3.0,W1,32,long,1.0,31,1.5202403329752954,0.07541779704049131,0.28928178894566503,1.1757420064765742,0.3870967741935484,0.003346910088111069,0.15545766276994408,0.05741301608105498,1.4125668290104643,0.04685069554839738,0.002247884315617066,10468.506955483972
D1,10,3.0,W1,32,short,0.0,19,1.038263016157989,-0.000841539356447006,0.13613263316852064,0.9979820179966865,0.47368421052631576,-3.062817006041131e-05,0.009806692894339894,0.03496222260725401,1.0244368965251998,0.0008338868935939825,4.555014973095517e-05,10008.338868935936
D1,10,3.0,W1,32,short,1.0,19,1.038263016157989,-0.000841539356447006,0.13613263316852064,0.9979820179966865,0.47368421052631576,-3.062817006041131e-05,0.009806692894339894,0.03496222260725401,1.0244368965251998,0.0008338868935939825,4.555014973095517e-05,10008.338868935936
D1,10,3.0,W1,50,both,0.0,57,2.9814191608191325,0.17827794901353602,0.3019108695890008,1.3051741268095758,0.43859649122807015,0.0055607464604115016,0.2697827525971372,0.04979229855245515,1.5590474176986973,0.10524226426828664,0.005247657472833289,11052.422642682855
D1,10,3.0,W1,50,both,1.0,57,2.9814191608191325,0.17827794901353602,0.3019108695890008,1.3051741268095758,0.43859649122807015,0.0055607464604115016,0.2697827525971372,0.04979229855245515,1.5590474176986973,0.10524226426828664,0.005247657472833289,11052.422642682855
D1,10,3.0,W1,50,long,0.0,40,2.0970288502942442,0.10101819662755157,0.3555516955786957,1.2021637503200568,0.375,0.004103925352738106,0.21021377819921552,0.061099334247289194,1.5223173744919292,0.07802612332896275,0.003946601242418746,10780.261233289619
D1,10,3.0,W1,50,long,1.0,40,2.0970288502942442,0.10101819662755157,0.3555516955786957,1.2021637503200568,0.375,0.004103925352738106,0.21021377819921552,0.061099334247289194,1.5223173744919292,0.07802612332896275,0.003946601242418746,10780.261233289619
D1,10,3.0,W1,50,short,0.0,19,1.0513179821239207,0.09439711694906039,0.09321229472312842,1.2389177942000276,0.5263157894736842,0.0038511321510113247,0.11180064602780125,0.019276942660394036,1.2957063446664125,0.013985009261695547,0.0007687601686594547,10139.850092616956
D1,10,3.0,W1,50,short,1.0,19,1.0513179821239207,0.09439711694906039,0.09321229472312842,1.2389177942000276,0.5263157894736842,0.0038511321510113247,0.11180064602780125,0.019276942660394036,1.2957063446664125,0.013985009261695547,0.0007687601686594547,10139.850092616956
D1,10,3.0,W1,80,both,0.0,59,3.2058539125260337,0.33565250287675774,0.18346385097406237,1.6308493025675126,0.4406779661016949,0.011840855075236955,0.4430542802208865,0.03354494733301516,2.0397175560606926,0.22532300539025307,0.011102603504359099,12253.230053902524
D1,10,3.0,W1,80,both,1.0,59,3.2058539125260337,0.33565250287675774,0.18346385097406237,1.6308493025675126,0.4406779661016949,0.011840855075236955,0.4430542802208865,0.03354494733301516,2.0397175560606926,0.22532300539025307,0.011102603504359099,12253.230053902524
D1,10,3.0,W1,80,long,0.0,41,2.2277967866706336,0.3780898601883015,0.25298428647212745,1.9224319008453699,0.4634146341463415,0.01784357215509317,0.46488149588095296,0.04841162973186941,2.3481558241809815,0.228997171143434,0.011267108889621458,12289.971711434324
D1,10,3.0,W1,80,long,1.0,41,2.2277967866706336,0.3780898601883015,0.25298428647212745,1.9224319008453699,0.4634146341463415,0.01784357215509317,0.46488149588095296,0.04841162973186941,2.3481558241809815,0.228997171143434,0.011267108889621458,12289.971711434324
D1,10,3.0,W1,80,short,0.0,19,1.2368116200320798,-0.11262960726893653,0.1325045169649336,0.7820669993952435,0.3684210526315789,-0.0041261218359754034,-0.08099406099608644,0.023879407138061026,0.8412896552832849,-0.008610128361513092,-0.0005627477434078099,9913.898716384867
D1,10,3.0,W1,80,short,1.0,19,1.2368116200320798,-0.11262960726893653,0.1325045169649336,0.7820669993952435,0.3684210526315789,-0.0041261218359754034,-0.08099406099608644,0.023879407138061026,0.8412896552832849,-0.008610128361513092,-0.0005627477434078099,9913.898716384867
D1,10,3.0,W1,120,both,0.0,53,3.3023285568065504,0.22125407304631936,0.18957761276755725,1.3598843909340799,0.39622641509433965,0.007047077622119569,0.37456640681526276,0.04062006439851873,1.8004967357361639,0.1649126712681761,0.00955646194760229,11649.126712681771
D1,10,3.0,W1,120,both,1.0,53,3.3023285568065504,0.22125407304631936,0.18957761276755725,1.3598843909340799,0.39622641509433965,0.007047077622119569,0.37456640681526276,0.04062006439851873,1.8004967357361639,0.1649126712681761,0.00955646194760229,11649.126712681771
D1,10,3.0,W1,120,long,0.0,38,2.3677072671443193,0.2371548110427221,0.2037462836920777,1.4758151668589994,0.39473684210526316,0.009904273948334328,0.368866261045951,0.04883210688339212,1.9667455372762606,0.15522097481622965,0.009031072537282636,11552.209748162299
D1,10,3.0,W1,120,long,1.0,38,2.3677072671443193,0.2371548110427221,0.2037462836920777,1.4758151668589994,0.39473684210526316,0.009904273948334328,0.368866261045951,0.04883210688339212,1.9667455372762606,0.15522097481622965,0.009031072537282636,11552.209748162299
D1,10,3.0,W1,120,short,0.0,15,1.5834537572254335,-0.006314877562144721,0.14737240722325917,0.9883837650861843,0.4,-0.00019115307095781965,0.032716669833646246,0.026572323584416635,1.0667987663196539,0.0026004764269473846,0.00027419687825824823,10026.004764269472
D1,10,3.0,W1,120,short,1.0,15,1.5834537572254335,-0.006314877562144721,0.14737240722325917,0.9883837650861843,0.4,-0.00019115307095781965,0.032716669833646246,0.026572323584416635,1.0667987663196539,0.0026004764269473846,0.00027419687825824823,10026.004764269472
D1,10,2.0,none,0,both,0.0,187,8.714180913498343,-0.16114940687711135,0.45478587083903166,0.8682093843821067,0.3315508021390374,-0.0020840265140761615,0.10989458001164738,0.10217921028468513,1.1198422801643682,0.07983861039766826,0.0035858262412968855,10798.386103976693
D1,10,2.0,none,0,both,1.0,187,8.714180913498343,-0.16114940687711135,0.45478587083903166,0.8682093843821067,0.3315508021390374,-0.0020840265140761615,0.10989458001164738,0.10217921028468513,1.1198422801643682,0.07983861039766826,0.0035858262412968855,10798.386103976693
D1,10,2.0,none,0,long,0.0,165,7.683101733809281,0.4078888751745785,0.29968767840625987,1.5085215785323505,0.3939393939393939,0.006780691692860971,0.5396028367998923,0.09295699865623064,1.8585207914603223,0.690516419789869,0.02474911685422576,16905.1641978987
D1,10,2.0,none,0,long,1.0,165,7.683101733809281,0.4078888751745785,0.29968767840625987,1.5085215785323505,0.3939393939393939,0.006780691692860971,0.5396028367998923,0.09295699865623064,1.8585207914603223,0.690516419789869,0.02474911685422576,16905.1641978987
D1,10,2.0,none,0,short,0.0,165,7.688983158969125,-0.8135601466984718,0.7883199957325093,0.4779914957368311,0.28484848484848485,-0.008940950984068264,-0.7818535318252662,0.3333851960341938,0.4805663047435363,-0.33445543349183093,-0.01879427641564546,6655.445665081692
D1,10,2.0,none,0,short,1.0,165,7.688983158969125,-0.8135601466984718,0.7883199957325093,0.4779914957368311,0.28484848484848485,-0.008940950984068264,-0.7818535318252662,0.3333851960341938,0.4805663047435363,-0.33445543349183093,-0.01879427641564546,6655.445665081692
D1,10,2.0,W1,20,both,0.0,107,5.149110671936759,0.049645234694362834,0.3098752415621512,1.0606870620284952,0.3364485981308411,0.0008810610749973909,0.19123984525167328,0.07143926511648069,1.3168864336941535,0.12841487430027132,0.005830802949452485,11284.148743002712
D1,10,2.0,W1,20,both,1.0,107,5.149110671936759,0.049645234694362834,0.3098752415621512,1.0606870620284952,0.3364485981308411,0.0008810610749973909,0.19123984525167328,0.07143926511648069,1.3168864336941535,0.12841487430027132,0.005830802949452485,11284.148743002712
D1,10,2.0,W1,20,long,0.0,51,2.4542490118577076,0.4107562320030632,0.0751013006343606,2.0734942153334264,0.45098039215686275,0.012508216563753704,0.4262781772302197,0.021864758468323475,2.4889768114757036,0.2690216583240441,0.011530987658657565,12690.216583240417
D1,10,2.0,W1,20,long,1.0,51,2.4542490118577076,0.4107562320030632,0.0751013006343606,2.0734942153334264,0.45098039215686275,0.012508216563753704,0.4262781772302197,0.021864758468323475,2.4889768114757036,0.2690216583240441,0.011530987658657565,12690.216583240417
D1,10,2.0,W1,20,short,0.0,62,3.255066839154808,-0.6478478568274483,0.4523554459113297,0.40971824942746093,0.22580645161290322,-0.009791327829676169,-0.7362293419994679,0.1661643638686201,0.36245492420127456,-0.16068613767239548,-0.009154483018689263,8393.138623276045
D1,10,2.0,W1,20,short,1.0,62,3.255066839154808,-0.6478478568274483,0.4523554459113297,0.40971824942746093,0.22580645161290322,-0.009791327829676169,-0.7362293419994679,0.1661643638686201,0.36245492420127456,-0.16068613767239548,-0.009154483018689263,8393.138623276045
D1,10,2.0,W1,32,both,0.0,112,5.575575848439417,-0.0020336502185389353,0.23380229562698263,0.9977771339141684,0.33035714285714285,-3.2508838648726895e-05,0.1041465374423123,0.06299213073519239,1.1321990438040384,0.05204077267306739,0.002528722140827,10520.407726730667
D1,10,2.0,W1,32,both,1.0,112,5.575575848439417,-0.0020336502185389353,0.23380229562698263,0.9977771339141684,0.33035714285714285,-3.2508838648726895e-05,0.1041465374423123,0.06299213073519239,1.1321990438040384,0.05204077267306739,0.002528722140827,10520.407726730667
D1,10,2.0,W1,32,long,0.0,63,3.136261414747172,0.2296070808685803,0.1419195600372961,1.4166472693591252,0.3968253968253968,0.005342827101133581,0.32237480468282725,0.047128549328852465,1.6968520146781387,0.14966320259372945,0.006967195970952966,11496.632025937275
D1,10,2.0,W1,32,long,1.0,63,3.136261414747172,0.2296070808685803,0.1419195600372961,1.4166472693591252,0.3968253968253968,0.005342827101133581,0.32237480468282725,0.047128549328852465,1.6968520146781387,0.14966320259372945,0.006967195970952966,11496.632025937275
D1,10,2.0,W1,32,short,0.0,54,2.826931345850652,-0.36987134328187404,0.3152834718453821,0.583413990025508,0.24074074074074073,-0.006727186865507083,-0.4010297049485134,0.09989869414592678,0.5601009165122737,-0.10330971430416935,-0.005692293348597777,8966.902856958306
D1,10,2.0,W1,32,short,1.0,54,2.826931345850652,-0.36987134328187404,0.3152834718453821,0.583413990025508,0.24074074074074073,-0.006727186865507083,-0.4010297049485134,0.09989869414592678,0.5601009165122737,-0.10330971430416935,-0.005692293348597777,8966.902856958306
D1,10,2.0,W1,50,both,0.0,117,5.989383321653819,-0.12768378117245688,0.4255994558060048,0.8726569322158979,0.3247863247863248,-0.0020402884168168136,0.05914349410366189,0.10393712981923875,1.0794661648362733,0.02760355224786415,0.0013948828195129437,10276.035522478638
D1,10,2.0,W1,50,both,1.0,117,5.989383321653819,-0.12768378117245688,0.4255994558060048,0.8726569322158979,0.3247863247863248,-0.0020402884168168136,0.05914349410366189,0.10393712981923875,1.0794661648362733,0.02760355224786415,0.0013948828195129437,10276.035522478638
D1,10,2.0,W1,50,long,0.0,69,3.6583321236754247,0.04672886281196985,0.23663847947553096,1.069230080062856,0.34782608695652173,0.0009853404960778133,0.21778109301973816,0.05964556536206844,1.465629632223483,0.11669531299919167,0.005869093570218364,11166.953129991922
D1,10,2.0,W1,50,long,1.0,69,3.6583321236754247,0.04672886281196985,0.23663847947553096,1.069230080062856,0.34782608695652173,0.0009853404960778133,0.21778109301973816,0.05964556536206844,1.465629632223483,0.11669531299919167,0.005869093570218364,11166.953129991922
D1,10,2.0,W1,50,short,0.0,51,2.7625315141628355,-0.24393746684146433,0.27482875536996976,0.697252443321532,0.29411764705882354,-0.005454964092173797,-0.24303955806957325,0.0675089238338884,0.6944344779257744,-0.06627117504793556,-0.003707319325465641,9337.288249520652
D1,10,2.0,W1,50,short,1.0,51,2.7625315141628355,-0.24393746684146433,0.27482875536996976,0.697252443321532,0.29411764705882354,-0.005454964092173797,-0.24303955806957325,0.0675089238338884,0.6944344779257744,-0.06627117504793556,-0.003707319325465641,9337.288249520652
D1,10,2.0,W1,80,both,0.0,121,6.572761748958953,0.02068634288917843,0.4374519990022835,1.0225104232397637,0.32231404958677684,0.00035448662459309816,0.21101140057532408,0.14239436012370832,1.2929166240925858,0.14493121370020545,0.00737905522217619,11449.312137002049
D1,10,2.0,W1,80,both,1.0,121,6.572761748958953,0.02068634288917843,0.4374519990022835,1.0225104232397637,0.32231404958677684,0.00035448662459309816,0.21101140057532408,0.14239436012370832,1.2929166240925858,0.14493121370020545,0.00737905522217619,11449.312137002049
D1,10,2.0,W1,80,long,0.0,80,4.34562760261749,0.24150479280313297,0.20694375764555872,1.3955743719084837,0.3375,0.005592355917072431,0.36223704098746246,0.08780662768585912,1.7688948133757851,0.25939271405406594,0.012606683810576058,12593.927140540674
D1,10,2.0,W1,80,long,1.0,80,4.34562760261749,0.24150479280313297,0.20694375764555872,1.3955743719084837,0.3375,0.005592355917072431,0.36223704098746246,0.08780662768585912,1.7688948133757851,0.25939271405406594,0.012606683810576058,12593.927140540674
D1,10,2.0,W1,80,short,0.0,43,2.7792868518846223,-0.5631119998532932,0.37079303427144694,0.44739410631981574,0.27906976744186046,-0.010627811894899558,-0.5133040487791118,0.08474471716234178,0.48981277038677684,-0.08967566886939304,-0.006054297230564165,9103.24331130607
D1,10,2.0,W1,80,short,1.0,43,2.7792868518846223,-0.5631119998532932,0.37079303427144694,0.44739410631981574,0.27906976744186046,-0.010627811894899558,-0.5133040487791118,0.08474471716234178,0.48981277038677684,-0.08967566886939304,-0.006054297230564165,9103.24331130607
D1,10,2.0,W1,120,both,0.0,114,6.759496753246753,0.3115664963515267,0.2761677101865385,1.3958792772419497,0.3684210526315789,0.005193415911095875,0.44211498867929616,0.0852287344763426,1.7332637885292732,0.3363955864959485,0.017342459749126293,13363.955864959478
D1,10,2.0,W1,120,both,1.0,114,6.759496753246753,0.3115664963515267,0.2761677101865385,1.3958792772419497,0.3684210526315789,0.005193415911095875,0.44211498867929616,0.0852287344763426,1.7332637885292732,0.3363955864959485,0.017342459749126293,13363.955864959478
D1,10,2.0,W1,120,long,0.0,75,4.447037337662338,0.3416725284427762,0.23440860876671687,1.5832782101697058,0.37333333333333335,0.007654902063617733,0.45127098472406507,0.08163800309356328,2.068987098684701,0.3145942860986992,0.01635076265503299,13145.94286098697
D1,10,2.0,W1,120,long,1.0,75,4.447037337662338,0.3416725284427762,0.23440860876671687,1.5832782101697058,0.37333333333333335,0.007654902063617733,0.45127098472406507,0.08163800309356328,2.068987098684701,0.3145942860986992,0.01635076265503299,13145.94286098697
D1,10,2.0,W1,120,short,0.0,40,3.810641627543036,0.10234091055657014,0.12126125546838695,1.1450189795042114,0.375,0.0018534712309490066,0.12497787982749427,0.030659449314692222,1.1875120697923283,0.02517138151815934,0.002371101352508953,10251.71381518159
D1,10,2.0,W1,120,short,1.0,40,3.810641627543036,0.10234091055657014,0.12126125546838695,1.1450189795042114,0.375,0.0018534712309490066,0.12497787982749427,0.030659449314692222,1.1875120697923283,0.02517138151815934,0.002371101352508953,10251.71381518159
D1,10,5.0,none,0,both,0.0,34,1.6958213846784105,-0.6244780145242781,0.6323143047367649,0.2694070332818909,0.20588235294117646,-0.02803010088251182,-0.49258752090098584,0.10510217831035418,0.3448148229071724,-0.10783223929166708,-0.0056748682581628795,8921.677607083333
D1,10,5.0,none,0,both,1.0,34,1.6958213846784105,-0.6244780145242781,0.6323143047367649,0.2694070332818909,0.20588235294117646,-0.02803010088251182,-0.49258752090098584,0.10510217831035418,0.3448148229071724,-0.10783223929166708,-0.0056748682581628795,8921.677607083333
D1,10,5.0,none,0,long,0.0,34,1.6241825791263407,0.34390592725765595,0.24237566051798254,2.752855385456952,0.4411764705882353,0.04621491753976928,0.35287365480972754,0.03232977399492387,4.211785611880471,0.3622832256215609,0.014878294709299356,13622.832256215603
D1,10,5.0,none,0,long,1.0,34,1.6241825791263407,0.34390592725765595,0.24237566051798254,2.752855385456952,0.4411764705882353,0.04621491753976928,0.35287365480972754,0.03232977399492387,4.211785611880471,0.3622832256215609,0.014878294709299356,13622.832256215603
D1,10,5.0,none,0,short,0.0,34,1.6958213846784105,-0.6244780145242781,0.6323143047367649,0.2694070332818909,0.20588235294117646,-0.02803010088251182,-0.49258752090098584,0.10510217831035418,0.3448148229071724,-0.10783223929166708,-0.0056748682581628795,8921.677607083333
D1,10,5.0,none,0,short,1.0,34,1.6958213846784105,-0.6244780145242781,0.6323143047367649,0.2694070332818909,0.20588235294117646,-0.02803010088251182,-0.49258752090098584,0.10510217831035418,0.3448148229071724,-0.10783223929166708,-0.0056748682581628795,8921.677607083333
D1,10,5.0,W1,20,both,0.0,24,1.1589106292966684,0.09630436243256102,0.4241106905655979,1.4708452072301412,0.375,0.01530911393701606,0.1730227095728192,0.04709335181114915,2.8829924755121366,0.1668122367316638,0.007477461575653432,11668.122367316631
D1,10,5.0,W1,20,both,1.0,24,1.1589106292966684,0.09630436243256102,0.4241106905655979,1.4708452072301412,0.375,0.01530911393701606,0.1730227095728192,0.04709335181114915,2.8829924755121366,0.1668122367316638,0.007477461575653432,11668.122367316631
D1,10,5.0,W1,20,long,0.0,20,1.079184517654011,0.3215732212153218,0.15481815980120162,4.069938216101583,0.5,0.05743595458350085,0.27432144978989714,0.021564242117400045,5.718995606734389,0.24951728328166345,0.012092339885421133,12495.172832816632
D1,10,5.0,W1,20,long,1.0,20,1.079184517654011,0.3215732212153218,0.15481815980120162,4.069938216101583,0.5,0.05743595458350085,0.27432144978989714,0.021564242117400045,5.718995606734389,0.24951728328166345,0.012092339885421133,12495.172832816632
D1,10,5.0,W1,20,short,0.0,17,1.0,-0.3164508376726648,0.46794851791762404,0.4166363079793211,0.29411764705882354,-0.02407728596356769,-0.13448609347927315,0.05503495069464959,0.6764716666629281,-0.024532240791666604,-0.0013923858336895023,9754.677592083337
D1,10,5.0,W1,20,short,1.0,17,1.0,-0.3164508376726648,0.46794851791762404,0.4166363079793211,0.29411764705882354,-0.02407728596356769,-0.13448609347927315,0.05503495069464959,0.6764716666629281,-0.024532240791666604,-0.0013923858336895023,9754.677592083337
D1,10,5.0,W1,32,both,0.0,14,1.0,-0.29541031895948544,0.33221915620095455,0.46134468674847284,0.42857142857142855,-0.020360258189350573,-0.09869928494640064,0.03255944717958803,0.7881199431072673,-0.010488499158333608,-0.0006166856695399847,9895.11500841667
D1,10,5.0,W1,32,both,1.0,14,1.0,-0.29541031895948544,0.33221915620095455,0.46134468674847284,0.42857142857142855,-0.020360258189350573,-0.09869928494640064,0.03255944717958803,0.7881199431072673,-0.010488499158333608,-0.0006166856695399847,9895.11500841667
D1,10,5.0,W1,32,long,0.0,7,1.0,0.2645065684646857,0.04799548337886228,1.9080417989887177,0.5714285714285714,0.01965906783976054,0.29325622946371843,0.006065706557986883,1.9778696761338117,0.017391616250000297,0.0013337313333114942,10173.916162500002
D1,10,5.0,W1,32,long,1.0,7,1.0,0.2645065684646857,0.04799548337886228,1.9080417989887177,0.5714285714285714,0.01965906783976054,0.29325622946371843,0.006065706557986883,1.9778696761338117,0.017391616250000297,0.0013337313333114942,10173.916162500002
D1,10,5.0,W1,32,short,0.0,13,1.0,-0.5815009975060789,0.3842391204505251,0.19998261899677172,0.3076923076923077,-0.03578409528181791,-0.458482367473533,0.04268847964924194,0.33291542511893946,-0.0364669678916667,-0.0021710329144641882,9635.330321083335
D1,10,5.0,W1,32,short,1.0,13,1.0,-0.5815009975060789,0.3842391204505251,0.19998261899677172,0.3076923076923077,-0.03578409528181791,-0.458482367473533,0.04268847964924194,0.33291542511893946,-0.0364669678916667,-0.0021710329144641882,9635.330321083335
D1,10,5.0,W1,50,both,0.0,18,1.0728622715404699,-0.11525705556447323,0.2749391495820105,0.7230631323907208,0.2777777777777778,-0.008179163865706433,-0.037449801758665816,0.031681492185522186,0.9043192867625556,-0.00577985493333355,-0.00034543910281525925,9942.201450666667
D1,10,5.0,W1,50,both,1.0,18,1.0728622715404699,-0.11525705556447323,0.2749391495820105,0.7230631323907208,0.2777777777777778,-0.008179163865706433,-0.037449801758665816,0.031681492185522186,0.9043192867625556,-0.00577985493333355,-0.00034543910281525925,9942.201450666667
D1,10,5.0,W1,50,long,0.0,11,1.0,0.624245784825744,0.051242584295242866,6.939949307100977,0.5454545454545454,0.04027845307035983,0.620323710794016,0.006370174114318061,6.254869445556262,0.05369369181666661,0.0037198714580888304,10536.936918166666
D1,10,5.0,W1,50,long,1.0,11,1.0,0.624245784825744,0.051242584295242866,6.939949307100977,0.5454545454545454,0.04027845307035983,0.620323710794016,0.006370174114318061,6.254869445556262,0.05369369181666661,0.0037198714580888304,10536.936918166666
D1,10,5.0,W1,50,short,0.0,10,1.0,-0.7005207748344819,0.3193396448171668,0.09383386987731061,0.2,-0.04141440302157349,-0.7655017229427787,0.0366430018468632,0.12325800280031705,-0.03845339720833385,-0.002672981280732456,9615.466027916667
D1,10,5.0,W1,50,short,1.0,10,1.0,-0.7005207748344819,0.3193396448171668,0.09383386987731061,0.2,-0.04141440302157349,-0.7655017229427787,0.0366430018468632,0.12325800280031705,-0.03845339720833385,-0.002672981280732456,9615.466027916667
D1,10,5.0,W1,80,both,0.0,19,1.0823066126013725,0.2784565372202553,0.1745883419420754,3.1396096324030824,0.42105263157894735,0.050858194679672265,0.2750852502303754,0.012785499106516718,5.723827591366476,0.24229249220000026,0.012435398828597233,12422.924922000002
D1,10,5.0,W1,80,both,1.0,19,1.0823066126013725,0.2784565372202553,0.1745883419420754,3.1396096324030824,0.42105263157894735,0.050858194679672265,0.2750852502303754,0.012785499106516718,5.723827591366476,0.24229249220000026,0.012435398828597233,12422.924922000002
D1,10,5.0,W1,80,long,0.0,12,1.0,0.4748248084904679,0.04848786668209748,8.679038454435984,0.5833333333333334,0.10453372956384276,0.38512274622521486,0.006208681027295548,13.834243919040784,0.27230567901666736,0.013813095120126073,12723.056790166669
D1,10,5.0,W1,80,long,1.0,12,1.0,0.4748248084904679,0.04848786668209748,8.679038454435984,0.5833333333333334,0.10453372956384276,0.38512274622521486,0.006208681027295548,13.834243919040784,0.27230567901666736,0.013813095120126073,12723.056790166669
D1,10,5.0,W1,80,short,0.0,9,1.0,-0.6920587307597077,0.3198405549156669,0.01747065680148235,0.2222222222222222,-0.039646532489469165,-0.918235122380916,0.03868897943912941,0.014240965678744487,-0.03817083960833356,-0.002929643908814894,9618.291603916667
D1,10,5.0,W1,80,short,1.0,9,1.0,-0.6920587307597077,0.3198405549156669,0.01747065680148235,0.2222222222222222,-0.039646532489469165,-0.918235122380916,0.03868897943912941,0.014240965678744487,-0.03817083960833356,-0.002929643908814894,9618.291603916667
D1,10,5.0,W1,120,both,0.0,15,1.0,0.3474500610402084,0.11189687106265722,6.464862186234334,0.4,0.07015782977744174,0.3155894053961911,0.014337738850384918,10.229071674918202,0.25453863379999997,0.01445323918260133,12545.386338
D1,10,5.0,W1,120,both,1.0,15,1.0,0.3474500610402084,0.11189687106265722,6.464862186234334,0.4,0.07015782977744174,0.3155894053961911,0.014337738850384918,10.229071674918202,0.25453863379999997,0.01445323918260133,12545.386338
D1,10,5.0,W1,120,long,0.0,10,1.0,0.387949329329885,0.0972458073815865,8.73274956272107,0.5,0.09339044698437665,0.3580001856345214,0.012913611246559875,15.53595651446687,0.2345381972416667,0.013422103918827144,12345.381972416668
D1,10,5.0,W1,120,long,1.0,10,1.0,0.387949329329885,0.0972458073815865,8.73274956272107,0.5,0.09339044698437665,0.3580001856345214,0.012913611246559875,15.53595651446687,0.2345381972416667,0.013422103918827144,12345.381972416668
D1,10,5.0,W1,120,short,0.0,7,1.0,0.18163249911495055,0.08107032572047101,1.8483445992659255,0.2857142857142857,0.014343372369258669,0.2013599453208445,0.012322375173540734,2.07237266766605,0.01784388619166677,0.0019636665767714945,10178.438861916668
D1,10,5.0,W1,120,short,1.0,7,1.0,0.18163249911495055,0.08107032572047101,1.8483445992659255,0.2857142857142857,0.014343372369258669,0.2013599453208445,0.012322375173540734,2.07237266766605,0.01784388619166677,0.0019636665767714945,10178.438861916668
D1,10,1.5,none,0,both,0.0,272,12.63969465648855,-0.4046219278079348,0.6131798570595793,0.7470506163758153,0.29044117647058826,-0.003113801105308369,-0.23620988026037762,0.23706812904363173,0.8386881525970232,-0.19501047096158253,-0.010029798425377878,8049.895290384176
D1,10,1.5,none,0,both,1.0,272,12.63969465648855,-0.4046219278079348,0.6131798570595793,0.7470506163758153,0.29044117647058826,-0.003113801105308369,-0.23620988026037762,0.23706812904363173,0.8386881525970232,-0.19501047096158253,-0.010029798425377878,8049.895290384176
D1,10,1.5,none,0,long,0.0,236,10.934796397310668,0.530318416313087,0.2293489326700957,1.6105694336949112,0.3855932203389831,0.006236687745204702,0.5978459083827279,0.09249446431408903,1.7914544470355573,1.0851635653668592,0.03463460825861642,20851.635653668553
D1,10,1.5,none,0,long,1.0,236,10.934796397310668,0.530318416313087,0.2293489326700957,1.6105694336949112,0.3855932203389831,0.006236687745204702,0.5978459083827279,0.09249446431408903,1.7914544470355573,1.0851635653668592,0.03463460825861642,20851.635653668553
D1,10,1.5,none,0,short,0.0,236,10.96679389312977,-0.5754813637866928,0.6687846052952094,0.6361807368097576,0.2711864406779661,-0.004365297547157667,-0.40491871273966235,0.24829675761738434,0.7245555252613864,-0.2484515239187004,-0.013184896208667252,7515.484760812995
D1,10,1.5,none,0,short,1.0,236,10.96679389312977,-0.5754813637866928,0.6687846052952094,0.6361807368097576,0.2711864406779661,-0.004365297547157667,-0.40491871273966235,0.24829675761738434,0.7245555252613864,-0.2484515239187004,-0.013184896208667252,7515.484760812995
D1,10,1.5,W1,20,both,0.0,169,8.132707509881422,0.18002161349461948,0.3051554107950857,1.1870845315059075,0.33727810650887574,0.0019311636992090766,0.2018371517702401,0.11067854926835963,1.2106099518610347,0.13326343607278934,0.0060383568721158465,11332.63436072789
D1,10,1.5,W1,20,both,1.0,169,8.132707509881422,0.18002161349461948,0.3051554107950857,1.1870845315059075,0.33727810650887574,0.0019311636992090766,0.2018371517702401,0.11067854926835963,1.2106099518610347,0.13326343607278934,0.0060383568721158465,11332.63436072789
D1,10,1.5,W1,20,long,0.0,96,4.619762845849802,0.37806729229674785,0.1240706547019449,1.6278596288235327,0.3854166666666667,0.006345506769859212,0.39764399790448995,0.05817183742172716,1.6629699937775324,0.24952248470135663,0.010777508660062773,12495.22484701357
D1,10,1.5,W1,20,long,1.0,96,4.619762845849802,0.37806729229674785,0.1240706547019449,1.6278596288235327,0.3854166666666667,0.006345506769859212,0.39764399790448995,0.05817183742172716,1.6629699937775324,0.24952248470135663,0.010777508660062773,12495.22484701357
D1,10,1.5,W1,20,short,0.0,85,4.463233179988499,-0.24250155955444908,0.26223674352482984,0.7427571764495423,0.27058823529411763,-0.0026424531937127766,-0.27156426750591905,0.10641898567572938,0.7196370306200114,-0.08840481645110387,-0.004848368337181164,9115.95183548895
D1,10,1.5,W1,20,short,1.0,85,4.463233179988499,-0.24250155955444908,0.26223674352482984,0.7427571764495423,0.27058823529411763,-0.0026424531937127766,-0.27156426750591905,0.10641898567572938,0.7196370306200114,-0.08840481645110387,-0.004848368337181164,9115.95183548895
D1,10,1.5,W1,32,both,0.0,172,8.488447507093635,0.15672334578617259,0.23280991119192296,1.1629216303215344,0.3313953488372093,0.0017725917274997573,0.21181476423023957,0.07058353205238377,1.229851271622977,0.15768895966776708,0.00725249392568994,11576.889596677645
D1,10,1.5,W1,32,both,1.0,172,8.488447507093635,0.15672334578617259,0.23280991119192296,1.1629216303215344,0.3313953488372093,0.0017725917274997573,0.21181476423023957,0.07058353205238377,1.229851271622977,0.15768895966776708,0.00725249392568994,11576.889596677645
D1,10,1.5,W1,32,long,0.0,101,4.984495338467775,0.3256116490116393,0.17191074368656356,1.5237663189407329,0.38613861386138615,0.00553279085483285,0.400110183871394,0.056778361415278145,1.6938307537342603,0.27852485160220253,0.012199809641604054,12785.248516022
D1,10,1.5,W1,32,long,1.0,101,4.984495338467775,0.3256116490116393,0.17191074368656356,1.5237663189407329,0.38613861386138615,0.00553279085483285,0.400110183871394,0.056778361415278145,1.6938307537342603,0.27852485160220253,0.012199809641604054,12785.248516022
D1,10,1.5,W1,32,short,0.0,82,4.292747599254694,-0.1012382108952356,0.20060228995800267,0.8786368151011794,0.2682926829268293,-0.0012494029241581365,-0.04045743071022459,0.08015218987219574,0.9471707194533332,-0.021910322173335328,-0.0011590981949904933,9780.896778266646
D1,10,1.5,W1,32,short,1.0,82,4.292747599254694,-0.1012382108952356,0.20060228995800267,0.8786368151011794,0.2682926829268293,-0.0012494029241581365,-0.04045743071022459,0.08015218987219574,0.9471707194533332,-0.021910322173335328,-0.0011590981949904933,9780.896778266646
D1,10,1.5,W1,50,both,0.0,177,9.060861948142957,0.05136324902215964,0.3780404686592528,1.0494739668506086,0.3220338983050847,0.0005567292869628543,0.18861471603392133,0.10392832236451743,1.2094465596561168,0.14010102769564492,0.006734621126452067,11401.010276956427
D1,10,1.5,W1,50,both,1.0,177,9.060861948142957,0.05136324902215964,0.3780404686592528,1.0494739668506086,0.3220338983050847,0.0005567292869628543,0.18861471603392133,0.10392832236451743,1.2094465596561168,0.14010102769564492,0.006734621126452067,11401.010276956427
D1,10,1.5,W1,50,long,0.0,109,5.777427078798432,0.16916222993653096,0.22513219037049215,1.2290996981451034,0.3669724770642202,0.002452366928108726,0.25274896069240205,0.08489508692523584,1.401178119371344,0.16761443508260587,0.00824745589940723,11676.144350826058
D1,10,1.5,W1,50,long,1.0,109,5.777427078798432,0.16916222993653096,0.22513219037049215,1.2290996981451034,0.3669724770642202,0.002452366928108726,0.25274896069240205,0.08489508692523584,1.401178119371344,0.16761443508260587,0.00824745589940723,11676.144350826058
D1,10,1.5,W1,50,short,0.0,76,4.116713628948539,0.0174185247991961,0.16989613453473895,1.02370478932116,0.27631578947368424,0.0002770961923710491,0.09586830555050894,0.055199176063221,1.1393757377399591,0.037780570495357546,0.0020107783134333257,10377.805704953566
D1,10,1.5,W1,50,short,1.0,76,4.116713628948539,0.0174185247991961,0.16989613453473895,1.02370478932116,0.27631578947368424,0.0002770961923710491,0.09586830555050894,0.055199176063221,1.1393757377399591,0.037780570495357546,0.0020107783134333257,10377.805704953566
D1,10,1.5,W1,80,both,0.0,178,9.628924763033174,0.17532359304284767,0.386551822600642,1.1760711646725093,0.33707865168539325,0.0019657469917443906,0.30944124197155515,0.1498069280941321,1.3778533123909786,0.2952447847263875,0.014092761486517613,12952.447847263882
D1,10,1.5,W1,80,both,1.0,178,9.628924763033174,0.17532359304284767,0.386551822600642,1.1760711646725093,0.33707865168539325,0.0019657469917443906,0.30944124197155515,0.1498069280941321,1.3778533123909786,0.2952447847263875,0.014092761486517613,12952.447847263882
D1,10,1.5,W1,80,long,0.0,119,6.437314869668246,0.2953411724058983,0.23932431419105393,1.4125812368473856,0.35294117647058826,0.0045015500570782935,0.367171028499766,0.11277088904168842,1.615610662105538,0.3391742035003489,0.015924098130993825,13391.742035003483
D1,10,1.5,W1,80,long,1.0,119,6.437314869668246,0.2953411724058983,0.23932431419105393,1.4125812368473856,0.35294117647058826,0.0045015500570782935,0.367171028499766,0.11277088904168842,1.615610662105538,0.3391742035003489,0.015924098130993825,13391.742035003483
D1,10,1.5,W1,80,short,0.0,66,4.266637168141593,-0.12503060399151847,0.21358236025729538,0.8546976882235329,0.30303030303030304,-0.0016998534578214857,-0.09595244606266595,0.06937724721997529,0.8867691837578701,-0.03331406406775894,-0.0021879147044097103,9666.859359322405
D1,10,1.5,W1,80,short,1.0,66,4.266637168141593,-0.12503060399151847,0.21358236025729538,0.8546976882235329,0.30303030303030304,-0.0016998534578214857,-0.09595244606266595,0.06937724721997529,0.8867691837578701,-0.03331406406775894,-0.0021879147044097103,9666.859359322405
D1,10,1.5,W1,120,both,0.0,166,9.841178380133096,0.40449645293182557,0.2204374424519866,1.470525821230723,0.3674698795180723,0.004590291617481805,0.4891168926954257,0.07965642859085587,1.6307621561644514,0.47483284702783335,0.023301906352179325,14748.328470278333
D1,10,1.5,W1,120,both,1.0,166,9.841178380133096,0.40449645293182557,0.2204374424519866,1.470525821230723,0.3674698795180723,0.004590291617481805,0.4891168926954257,0.07965642859085587,1.6307621561644514,0.47483284702783335,0.023301906352179325,14748.328470278333
D1,10,1.5,W1,120,long,0.0,109,6.461978574906671,0.40641880073925446,0.2449754634173703,1.6348898562558343,0.3853211009174312,0.006246505048614323,0.4407104695912672,0.09312252526114362,1.7876753040834792,0.3765084587308454,0.0191248610782484,13765.084587308434
D1,10,1.5,W1,120,long,1.0,109,6.461978574906671,0.40641880073925446,0.2449754634173703,1.6348898562558343,0.3853211009174312,0.006246505048614323,0.4407104695912672,0.09312252526114362,1.7876753040834792,0.3765084587308454,0.0191248610782484,13765.084587308434
D1,10,1.5,W1,120,short,0.0,59,4.364064398541919,0.15434454034139394,0.09326171506637115,1.2202027118611687,0.3559322033898305,0.0020416128502402423,0.258582305739695,0.04100786244301691,1.4084393904164563,0.08690782766206784,0.006183227595764285,10869.07827662068
D1,10,1.5,W1,120,short,1.0,59,4.364064398541919,0.15434454034139394,0.09326171506637115,1.2202027118611687,0.3559322033898305,0.0020416128502402423,0.258582305739695,0.04100786244301691,1.4084393904164563,0.08690782766206784,0.006183227595764285,10869.07827662068
D1,14,2.0,none,0,both,0.0,194,9.013929525505661,-0.27969171592177716,0.6278667740896884,0.7836054457820654,0.30412371134020616,-0.0034193547853373038,0.013362265487521945,0.12401859159512585,1.013746115971108,-0.004201898914817148,-0.0001956273525309804,9957.981010851832
D1,14,2.0,none,0,both,1.0,194,9.013929525505661,-0.27969171592177716,0.6278667740896884,0.7836054457820654,0.30412371134020616,-0.0034193547853373038,0.013362265487521945,0.12401859159512585,1.013746115971108,-0.004201898914817148,-0.0001956273525309804,9957.981010851832
D1,14,2.0,none,0,long,0.0,172,8.009051504334524,0.31972711428520495,0.3265125644940452,1.3701696228703677,0.37790697674418605,0.0050421715087728075,0.4563475845241949,0.1070951445593411,1.6534894966119107,0.5194372202733315,0.019670657484934795,15194.372202733306
D1,14,2.0,none,0,long,1.0,172,8.009051504334524,0.31972711428520495,0.3265125644940452,1.3701696228703677,0.37790697674418605,0.0050421715087728075,0.4563475845241949,0.1070951445593411,1.6534894966119107,0.5194372202733315,0.019670657484934795,15194.372202733306
D1,14,2.0,none,0,short,0.0,172,8.016205180553783,-0.8773592717911174,0.8012325421392966,0.4638788896691948,0.26744186046511625,-0.008966350251213142,-0.7953390387713439,0.33056796695518,0.4771476376018145,-0.3316427274208109,-0.018603778098337576,6683.572725791893
D1,14,2.0,none,0,short,1.0,172,8.016205180553783,-0.8773592717911174,0.8012325421392966,0.4638788896691948,0.26744186046511625,-0.008966350251213142,-0.7953390387713439,0.33056796695518,0.4771476376018145,-0.3316427274208109,-0.018603778098337576,6683.572725791893
D1,14,2.0,W1,20,both,0.0,116,5.582213438735177,-0.021035764313374585,0.35252568228003944,0.976279546258979,0.33620689655172414,-0.00034593801443975365,0.16095192092089636,0.09174086873974074,1.2514120678370413,0.1064635242700891,0.004880374533419385,11064.635242700893
D1,14,2.0,W1,20,both,1.0,116,5.582213438735177,-0.021035764313374585,0.35252568228003944,0.976279546258979,0.33620689655172414,-0.00034593801443975365,0.16095192092089636,0.09174086873974074,1.2514120678370413,0.1064635242700891,0.004880374533419385,11064.635242700893
D1,14,2.0,W1,20,long,0.0,56,2.6948616600790514,0.31787438414666336,0.11480860318522468,1.7153454800595407,0.44642857142857145,0.008965945836285214,0.3667748801187495,0.03330884045603133,2.129094176343095,0.2328449123815448,0.010124127034158548,12328.44912381544
D1,14,2.0,W1,20,long,1.0,56,2.6948616600790514,0.31787438414666336,0.11480860318522468,1.7153454800595407,0.44642857142857145,0.008965945836285214,0.3667748801187495,0.03330884045603133,2.129094176343095,0.2328449123815448,0.010124127034158548,12328.44912381544
D1,14,2.0,W1,20,short,0.0,66,3.4685611510791365,-0.5820804925794555,0.4411932050286511,0.4627190826317403,0.22727272727272727,-0.00855837938397444,-0.6593495976844005,0.1676255914367214,0.4175861572481102,-0.15870658836552298,-0.009040983600290153,8412.934116344773
D1,14,2.0,W1,20,short,1.0,66,3.4685611510791365,-0.5820804925794555,0.4411932050286511,0.4627190826317403,0.22727272727272727,-0.00855837938397444,-0.6593495976844005,0.1676255914367214,0.4175861572481102,-0.15870658836552298,-0.009040983600290153,8412.934116344773
D1,14,2.0,W1,32,both,0.0,118,5.874267411748671,-0.062233141067880006,0.32112001662648415,0.934384059960549,0.3050847457627119,-0.0009675223190586302,0.0894520557084933,0.07990473495851913,1.113485072206946,0.04432120084886981,0.0021612302025681984,10443.2120084887
D1,14,2.0,W1,32,both,1.0,118,5.874267411748671,-0.062233141067880006,0.32112001662648415,0.934384059960549,0.3050847457627119,-0.0009675223190586302,0.0894520557084933,0.07990473495851913,1.113485072206946,0.04432120084886981,0.0021612302025681984,10443.2120084887
D1,14,2.0,W1,32,long,0.0,70,3.4847349052746357,0.14165207005826605,0.1985319173607597,1.228812979319723,0.37142857142857144,0.003147562672097039,0.2523868403268765,0.054040215912870226,1.4911009592377653,0.1199539649752488,0.005655607050281564,11199.539649752487
D1,14,2.0,W1,32,long,1.0,70,3.4847349052746357,0.14165207005826605,0.1985319173607597,1.228812979319723,0.37142857142857144,0.003147562672097039,0.2523868403268765,0.054040215912870226,1.4911009592377653,0.1199539649752488,0.005655607050281564,11199.539649752487
D1,14,2.0,W1,32,short,0.0,54,2.837913669064748,-0.39341458159902987,0.32312850356840284,0.5576330545631609,0.2222222222222222,-0.006861429445664493,-0.3733624828538335,0.0949966384594011,0.5727821386041956,-0.09606502818657336,-0.005293775236365428,9039.349718134261
D1,14,2.0,W1,32,short,1.0,54,2.837913669064748,-0.39341458159902987,0.32312850356840284,0.5576330545631609,0.2222222222222222,-0.006861429445664493,-0.3733624828538335,0.0949966384594011,0.5727821386041956,-0.09606502818657336,-0.005293775236365428,9039.349718134261
D1,14,2.0,W1,50,both,0.0,124,6.37183455261677,-0.1730331764769142,0.4505756616420822,0.8345376864703369,0.31451612903225806,-0.0026008990047271946,0.0466967314354234,0.10013160402900301,1.0610868138460692,0.01973615670497786,0.001004783891671357,10197.36156704977
D1,14,2.0,W1,50,both,1.0,124,6.37183455261677,-0.1730331764769142,0.4505756616420822,0.8345376864703369,0.31451612903225806,-0.0026008990047271946,0.0466967314354234,0.10013160402900301,1.0610868138460692,0.01973615670497786,0.001004783891671357,10197.36156704977
D1,14,2.0,W1,50,long,0.0,73,3.869847605224964,-0.05130213928288709,0.3033760057985644,0.9302491723323288,0.3287671232876712,-0.001029370151437285,0.17263572367947536,0.0805789139726717,1.350596636345831,0.09252033491067047,0.004701871532201807,10925.203349106701
D1,14,2.0,W1,50,long,1.0,73,3.869847605224964,-0.05130213928288709,0.3033760057985644,0.9302491723323288,0.3287671232876712,-0.001029370151437285,0.17263572367947536,0.0805789139726717,1.350596636345831,0.09252033491067047,0.004701871532201807,10925.203349106701
D1,14,2.0,W1,50,short,0.0,55,2.9911777843954734,-0.27827600104889433,0.3049976594434224,0.6702858154892102,0.2727272727272727,-0.005585001203749389,-0.25021593098995154,0.06977401080334,0.6947046591155428,-0.06848973627644661,-0.003851079904922061,9315.102637235537
D1,14,2.0,W1,50,short,1.0,55,2.9911777843954734,-0.27827600104889433,0.3049976594434224,0.6702858154892102,0.2727272727272727,-0.005585001203749389,-0.25021593098995154,0.06977401080334,0.6947046591155428,-0.06848973627644661,-0.003851079904922061,9315.102637235537
D1,14,2.0,W1,80,both,0.0,125,6.7900431290898275,-0.01646023012238606,0.450510080846354,0.9824868392604053,0.312,-0.00027566124898069334,0.18704993989710317,0.15011803914712019,1.257781831587888,0.12547049422684808,0.0064413851453921644,11254.704942268478
D1,14,2.0,W1,80,both,1.0,125,6.7900431290898275,-0.01646023012238606,0.450510080846354,0.9824868392604053,0.312,-0.00027566124898069334,0.18704993989710317,0.15011803914712019,1.257781831587888,0.12547049422684808,0.0064413851453921644,11254.704942268478
D1,14,2.0,W1,80,long,0.0,80,4.34562760261749,0.21821850641451135,0.21025801537759536,1.3561722300311216,0.3375,0.005148463201763187,0.336178540269143,0.08301246541022878,1.707552885781911,0.23965967885866735,0.011738374234638194,12396.596788586663
D1,14,2.0,W1,80,long,1.0,80,4.34562760261749,0.21821850641451135,0.21025801537759536,1.3561722300311216,0.3375,0.005148463201763187,0.336178540269143,0.08301246541022878,1.707552885781911,0.23965967885866735,0.011738374234638194,12396.596788586663
D1,14,2.0,W1,80,short,0.0,47,3.032994699646643,-0.6304114976328326,0.39570904729959044,0.42423282689372627,0.2553191489361702,-0.010534036344731402,-0.5744863249730224,0.0967672085258291,0.46366795696354074,-0.0987805793002472,-0.006689254880235529,9012.194206997521
D1,14,2.0,W1,80,short,1.0,47,3.032994699646643,-0.6304114976328326,0.39570904729959044,0.42423282689372627,0.2553191489361702,-0.010534036344731402,-0.5744863249730224,0.0967672085258291,0.46366795696354074,-0.0987805793002472,-0.006689254880235529,9012.194206997521
D1,14,2.0,W1,120,both,0.0,117,6.937378246753247,0.26740185108628006,0.3085571349994437,1.3368309605966353,0.3418803418803419,0.004428059263925471,0.38188137177172055,0.10001415634131816,1.6051538026264105,0.2779575525738758,0.01464884924605614,12779.575525738745
D1,14,2.0,W1,120,both,1.0,117,6.937378246753247,0.26740185108628006,0.3085571349994437,1.3368309605966353,0.3418803418803419,0.004428059263925471,0.38188137177172055,0.10001415634131816,1.6051538026264105,0.2779575525738758,0.01464884924605614,12779.575525738745
D1,14,2.0,W1,120,long,0.0,77,4.565625,0.27761942539953954,0.2532152950238644,1.461544619861921,0.36363636363636365,0.006208637409712792,0.399603310633614,0.09193709974431852,1.8371074403090406,0.24797853178356788,0.013221713938128321,12479.78531783567
D1,14,2.0,W1,120,long,1.0,77,4.565625,0.27761942539953954,0.2532152950238644,1.461544619861921,0.36363636363636365,0.006208637409712792,0.399603310633614,0.09193709974431852,1.8371074403090406,0.24797853178356788,0.013221713938128321,12479.78531783567
D1,14,2.0,W1,120,short,0.0,41,3.8906858924395946,0.03656276250311786,0.138726369659657,1.0502552322072358,0.2926829268292683,0.0006329495338413717,0.06687498028306814,0.032396856392710616,1.099006111089427,0.012058764661389665,0.0011381164214918638,10120.587646613898
D1,14,2.0,W1,120,short,1.0,41,3.8906858924395946,0.03656276250311786,0.138726369659657,1.0502552322072358,0.2926829268292683,0.0006329495338413717,0.06687498028306814,0.032396856392710616,1.099006111089427,0.012058764661389665,0.0011381164214918638,10120.587646613898
D1,10,1.0,none,0,both,0.0,462,21.42255935000635,0.03603032454725161,0.364919289227446,1.024083701879012,0.2813852813852814,0.00020731641867117225,0.09167080291109904,0.29247783885528555,1.0632297108504745,0.09522348078056853,0.004226574542588901,10952.234807805688
D1,10,1.0,none,0,both,1.0,462,21.42255935000635,0.03603032454725161,0.364919289227446,1.024083701879012,0.2813852813852814,0.00020731641867117225,0.09167080291109904,0.29247783885528555,1.0632297108504745,0.09522348078056853,0.004226574542588901,10952.234807805688
D1,10,1.0,none,0,long,0.0,369,17.11239842559675,0.48356114591257643,0.22639846733307556,1.4699651954103852,0.3008130081300813,0.0036080828710362083,0.5071195239791825,0.17079274308168046,1.5450415488848994,1.417571917385835,0.04178774448328504,24175.7191738584
D1,10,1.0,none,0,long,1.0,369,17.11239842559675,0.48356114591257643,0.22639846733307556,1.4699651954103852,0.3008130081300813,0.0036080828710362083,0.5071195239791825,0.17079274308168046,1.5450415488848994,1.417571917385835,0.04178774448328504,24175.7191738584
D1,10,1.0,none,0,short,0.0,369,17.164703260315843,-0.37937497810449206,0.5715488685888479,0.7594008894673339,0.2872628726287263,-0.0020687658191206504,-0.36943369502424633,0.33291253853058633,0.7753094581234339,-0.334777047674753,-0.018783144721193357,6652.229523252485
D1,10,1.0,none,0,short,1.0,369,17.164703260315843,-0.37937497810449206,0.5715488685888479,0.7594008894673339,0.2872628726287263,-0.0020687658191206504,-0.36943369502424633,0.33291253853058633,0.7753094581234339,-0.334777047674753,-0.018783144721193357,6652.229523252485
D1,10,1.0,W1,20,both,0.0,300,14.421558304817058,0.3378755988704175,0.266903398721544,1.3349218069955355,0.31,0.0026009827182390047,0.3353281463547732,0.1964937867810289,1.3190068216906563,0.48287323791852943,0.019119916501038503,14828.732379185305
D1,10,1.0,W1,20,both,1.0,300,14.421558304817058,0.3378755988704175,0.266903398721544,1.3349218069955355,0.31,0.0026009827182390047,0.3353281463547732,0.1964937867810289,1.3190068216906563,0.48287323791852943,0.019119916501038503,14828.732379185305
D1,10,1.0,W1,20,long,0.0,157,7.547282179520926,0.4078551764783077,0.16638721493640707,1.6436751062736827,0.3057324840764331,0.0050618596410797485,0.422418778601919,0.11257906970989962,1.6568833236642768,0.5368615312622138,0.02087337966668712,15368.615312622152
D1,10,1.0,W1,20,long,1.0,157,7.547282179520926,0.4078551764783077,0.16638721493640707,1.6436751062736827,0.3057324840764331,0.0050618596410797485,0.422418778601919,0.11257906970989962,1.6568833236642768,0.5368615312622138,0.02087337966668712,15368.615312622152
D1,10,1.0,W1,20,short,0.0,157,8.23793276828042,-0.0789959103262946,0.2508666985249782,0.9217668448503299,0.3184713375796178,-0.0006010611266066621,-0.0792735577241245,0.17958883536628023,0.9242147747022075,-0.061754000032236855,-0.0033390715058226883,9382.459999677636
D1,10,1.0,W1,20,short,1.0,157,8.23793276828042,-0.0789959103262946,0.2508666985249782,0.9217668448503299,0.3184713375796178,-0.0006010611266066621,-0.0792735577241245,0.17958883536628023,0.9242147747022075,-0.061754000032236855,-0.0033390715058226883,9382.459999677636
D1,10,1.0,W1,32,both,0.0,304,14.964420485175202,0.2631228971233238,0.2316283087866836,1.2432529543255855,0.3026315789473684,0.0019494149248193645,0.3290187333794868,0.17202142839615298,1.3027210752672511,0.48624080322376395,0.01969690586060513,14862.408032237656
D1,10,1.0,W1,32,both,1.0,304,14.964420485175202,0.2631228971233238,0.2316283087866836,1.2432529543255855,0.3026315789473684,0.0019494149248193645,0.3290187333794868,0.17202142839615298,1.3027210752672511,0.48624080322376395,0.01969690586060513,14862.408032237656
D1,10,1.0,W1,32,long,0.0,170,8.368261455525607,0.3722007343670956,0.17574093828970394,1.5467715449989146,0.3058823529411765,0.004149759064936955,0.37714395037713805,0.1026980643468074,1.5344407624284289,0.4460815095568085,0.01832287602156568,14460.815095568116
D1,10,1.0,W1,32,long,1.0,170,8.368261455525607,0.3722007343670956,0.17574093828970394,1.5467715449989146,0.3058823529411765,0.004149759064936955,0.37714395037713805,0.1026980643468074,1.5344407624284289,0.4460815095568085,0.01832287602156568,14460.815095568116
D1,10,1.0,W1,32,short,0.0,148,7.7191203769812935,-0.09925673462389928,0.25659927069792976,0.9026196413373436,0.3108108108108108,-0.000800791174737455,0.0351155708079252,0.14304421850039184,1.0383885940215398,0.011966075629165074,0.0006205932243481538,10119.660756291645
D1,10,1.0,W1,32,short,1.0,148,7.7191203769812935,-0.09925673462389928,0.25659927069792976,0.9026196413373436,0.3108108108108108,-0.000800791174737455,0.0351155708079252,0.14304421850039184,1.0383885940215398,0.011966075629165074,0.0006205932243481538,10119.660756291645
D1,10,1.0,W1,50,both,0.0,305,15.550146566164155,0.25598975309981686,0.2636611731830574,1.2276418642249056,0.30491803278688523,0.0017677208813094722,0.35026415186447146,0.18532478546700604,1.3465689220260297,0.5479905825037572,0.0225278942503484,15479.905825037558
D1,10,1.0,W1,50,both,1.0,305,15.550146566164155,0.25598975309981686,0.2636611731830574,1.2276418642249056,0.30491803278688523,0.0017677208813094722,0.35026415186447146,0.18532478546700604,1.3465689220260297,0.5479905825037572,0.0225278942503484,15479.905825037558
D1,10,1.0,W1,50,long,0.0,190,9.738633174291326,0.3091125479812088,0.17932273848889635,1.3812294521339399,0.3105263157894737,0.0026736370383878016,0.3584943308599419,0.13088004881881743,1.5020246350606528,0.44935997225620383,0.019204294068829064,14493.599722562049
D1,10,1.0,W1,50,long,1.0,190,9.738633174291326,0.3091125479812088,0.17932273848889635,1.3812294521339399,0.3105263157894737,0.0026736370383878016,0.3584943308599419,0.13088004881881743,1.5020246350606528,0.44935997225620383,0.019204294068829064,14493.599722562049
D1,10,1.0,W1,50,short,0.0,126,6.796854231280461,0.017676552196212402,0.22342488188899645,1.0209528942200503,0.2857142857142857,0.0001826660703175737,0.040332147656262425,0.16529390287405188,1.0452991287065112,0.015489562360320619,0.0008294966027373452,10154.89562360321
D1,10,1.0,W1,50,short,1.0,126,6.796854231280461,0.017676552196212402,0.22342488188899645,1.0209528942200503,0.2857142857142857,0.0001826660703175737,0.040332147656262425,0.16529390287405188,1.0452991287065112,0.015489562360320619,0.0008294966027373452,10154.89562360321
D1,10,1.0,W1,80,both,0.0,299,16.1744297985782,0.11873638503127555,0.42344323553551366,1.10033413203833,0.26421404682274247,0.0008182638580261778,0.18463405316659315,0.25943649757944753,1.1675850638630172,0.22297504061779994,0.010948103739633286,12229.750406178006
D1,10,1.0,W1,80,both,1.0,299,16.1744297985782,0.11873638503127555,0.42344323553551366,1.10033413203833,0.26421404682274247,0.0008182638580261778,0.18463405316659315,0.25943649757944753,1.1675850638630172,0.22297504061779994,0.010948103739633286,12229.750406178006
D1,10,1.0,W1,80,long,0.0,203,10.98130183649289,0.2103735078152401,0.31017708019214607,1.2417022366944692,0.26108374384236455,0.0017965268871321174,0.21096432783929342,0.21610793336946332,1.25344427146038,0.2346941394821338,0.011469782031402698,12346.941394821355
D1,10,1.0,W1,80,long,1.0,203,10.98130183649289,0.2103735078152401,0.31017708019214607,1.2417022366944692,0.26108374384236455,0.0017965268871321174,0.21096432783929342,0.21610793336946332,1.25344427146038,0.2346941394821338,0.011469782031402698,12346.941394821355
D1,10,1.0,W1,80,short,0.0,103,6.524583766909469,-0.16908266107297218,0.2851805187809303,0.8244744702768313,0.2815533980582524,-0.0017095693156332205,-0.19258976133646494,0.14283204523770976,0.8173380897811506,-0.10145518429121714,-0.00675370664173236,8985.448157087829
D1,10,1.0,W1,80,short,1.0,103,6.524583766909469,-0.16908266107297218,0.2851805187809303,0.8244744702768313,0.2815533980582524,-0.0017095693156332205,-0.19258976133646494,0.14283204523770976,0.8173380897811506,-0.10145518429121714,-0.00675370664173236,8985.448157087829
D1,10,1.0,W1,120,both,0.0,273,16.033646888567294,0.2940895411265293,0.3666806438797049,1.2716770386718834,0.30036630036630035,0.0020453165702496623,0.32655594867337656,0.25936267860050555,1.332817818843582,0.4810382745791295,0.023334417173626942,14810.382745791276
D1,10,1.0,W1,120,both,1.0,273,16.033646888567294,0.2940895411265293,0.3666806438797049,1.2716770386718834,0.30036630036630035,0.0020453165702496623,0.32655594867337656,0.25936267860050555,1.332817818843582,0.4810382745791295,0.023334417173626942,14810.382745791276
D1,10,1.0,W1,120,long,0.0,172,10.13764724866871,0.3953178813425173,0.290900231949897,1.5227489731749524,0.3023255813953488,0.003788388430772914,0.41282687736440693,0.18174048758058747,1.619390651739827,0.554081394695328,0.02632622677528884,15540.813946953285
D1,10,1.0,W1,120,long,1.0,172,10.13764724866871,0.3953178813425173,0.290900231949897,1.5227489731749524,0.3023255813953488,0.003788388430772914,0.41282687736440693,0.18174048758058747,1.619390651739827,0.554081394695328,0.02632622677528884,15540.813946953285
D1,10,1.0,W1,120,short,0.0,105,7.615418983320095,-0.16212732708736965,0.2772455881895074,0.8400758243486335,0.2857142857142857,-0.0012973218375784323,-0.1379303319163165,0.19655224080574651,0.8683170177507236,-0.07944990139594665,-0.005986142046310872,9205.50098604053
D1,10,1.0,W1,120,short,1.0,105,7.615418983320095,-0.16212732708736965,0.2772455881895074,0.8400758243486335,0.2857142857142857,-0.0012973218375784323,-0.1379303319163165,0.19655224080574651,0.8683170177507236,-0.07944990139594665,-0.005986142046310872,9205.50098604053
D1,14,3.0,none,0,both,0.0,102,4.741091880885722,0.08995932305581744,0.3641225370543151,1.1164743820120384,0.3627450980392157,0.0021858397150740826,0.18156739200822614,0.0689954666905237,1.295499793375339,0.10101376484577496,0.00448297663428554,11010.137648457749
D1,14,3.0,none,0,both,1.0,102,4.741091880885722,0.08995932305581744,0.3641225370543151,1.1164743820120384,0.3627450980392157,0.0021858397150740826,0.18156739200822614,0.0689954666905237,1.295499793375339,0.10101376484577496,0.00448297663428554,11010.137648457749
D1,14,3.0,none,0,long,0.0,94,4.382067645181877,0.3835315203947209,0.2386909176906189,1.6417899230293345,0.4148936170212766,0.011023647350025633,0.45830060993113036,0.05700960400187505,1.9058320181372979,0.3085269787445133,0.012614506660077796,13085.269787445117
D1,14,3.0,none,0,long,1.0,94,4.382067645181877,0.3835315203947209,0.2386909176906189,1.6417899230293345,0.4148936170212766,0.011023647350025633,0.45830060993113036,0.05700960400187505,1.9058320181372979,0.3085269787445133,0.012614506660077796,13085.269787445117
D1,14,3.0,none,0,short,0.0,94,4.4028597076173375,-0.8127621160586218,0.7513536449612191,0.39945493675573185,0.26595744680851063,-0.01423610095372265,-0.837160330678243,0.27364136187604104,0.3358228664706147,-0.27648060064199975,-0.015044076457580657,7235.19399358001
D1,14,3.0,none,0,short,1.0,94,4.4028597076173375,-0.8127621160586218,0.7513536449612191,0.39945493675573185,0.26595744680851063,-0.01423610095372265,-0.837160330678243,0.27364136187604104,0.3358228664706147,-0.27648060064199975,-0.015044076457580657,7235.19399358001
D1,14,3.0,W1,20,both,0.0,51,2.456514572069102,-0.08756901859037745,0.4057707561934816,0.853274223920116,0.27450980392156865,-0.002983325719858737,0.006592587979963837,0.10379356473988788,1.014428045720179,-0.001677580799559486,-8.086853795052917e-05,9983.224192004407
D1,14,3.0,W1,20,both,1.0,51,2.456514572069102,-0.08756901859037745,0.4057707561934816,0.853274223920116,0.27450980392156865,-0.002983325719858737,0.006592587979963837,0.10379356473988788,1.014428045720179,-0.001677580799559486,-8.086853795052917e-05,9983.224192004407
D1,14,3.0,W1,20,long,0.0,27,1.3005077146248187,0.20867915044462115,0.14377016641231422,1.7473560297141335,0.37037037037037035,0.011590336866281357,0.2660944114205229,0.024745742366604317,2.3225947504434394,0.11374742821570849,0.005202531008174471,11137.474282157084
D1,14,3.0,W1,20,long,1.0,27,1.3005077146248187,0.20867915044462115,0.14377016641231422,1.7473560297141335,0.37037037037037035,0.011590336866281357,0.2660944114205229,0.024745742366604317,2.3225947504434394,0.11374742821570849,0.005202531008174471,11137.474282157084
D1,14,3.0,W1,20,short,0.0,30,1.7395618352119384,-0.35592643025400483,0.33691628704556564,0.5128274308992355,0.23333333333333334,-0.011360547972334229,-0.3810948752036267,0.08659722380766244,0.4800999212313672,-0.06801523547629829,-0.004076092366041784,9319.847645237027
D1,14,3.0,W1,20,short,1.0,30,1.7395618352119384,-0.35592643025400483,0.33691628704556564,0.5128274308992355,0.23333333333333334,-0.011360547972334229,-0.3810948752036267,0.08659722380766244,0.4800999212313672,-0.06801523547629829,-0.004076092366041784,9319.847645237027
D1,14,3.0,W1,32,both,0.0,47,2.3039524895987116,-0.04306381430702151,0.3065375509041728,0.9279218128415657,0.3191489361702128,-0.0014153282694223887,0.04182605008602877,0.061928309444583274,1.0941133145782072,0.013499575766920291,0.0006575419827576923,10134.995757669196
D1,14,3.0,W1,32,both,1.0,47,2.3039524895987116,-0.04306381430702151,0.3065375509041728,0.9279218128415657,0.3191489361702128,-0.0014153282694223887,0.04182605008602877,0.061928309444583274,1.0941133145782072,0.013499575766920291,0.0006575419827576923,10134.995757669196
D1,14,3.0,W1,32,long,0.0,31,1.5196282378204267,-0.04404839700530511,0.3163967234901911,0.9076913951471283,0.25806451612903225,-0.0019845641743951752,0.02819498613697566,0.06464517330384378,1.0792953354029056,0.00768394484276147,0.00037529964417348793,10076.839448427605
D1,14,3.0,W1,32,long,1.0,31,1.5196282378204267,-0.04404839700530511,0.3163967234901911,0.9076913951471283,0.25806451612903225,-0.0019845641743951752,0.02819498613697566,0.06464517330384378,1.0792953354029056,0.00768394484276147,0.00037529964417348793,10076.839448427605
D1,14,3.0,W1,32,short,0.0,23,1.2568447037701975,-0.1679427703625725,0.18465748742475796,0.6967569834841444,0.391304347826087,-0.005235174189978381,-0.17466178816171923,0.04784241144136425,0.6810765034755548,-0.024114289014764978,-0.0013329945279030309,9758.857109852352
D1,14,3.0,W1,32,short,1.0,23,1.2568447037701975,-0.1679427703625725,0.18465748742475796,0.6967569834841444,0.391304347826087,-0.005235174189978381,-0.17466178816171923,0.04784241144136425,0.6810765034755548,-0.024114289014764978,-0.0013329945279030309,9758.857109852352
D1,14,3.0,W1,50,both,0.0,57,2.9814191608191325,0.09595454011965342,0.2552711283744432,1.1578361591308104,0.38596491228070173,0.0030031426516255685,0.17987646722344594,0.040886264293035324,1.408465554990147,0.07811550535577272,0.003941894401093604,10781.155053557732
D1,14,3.0,W1,50,both,1.0,57,2.9814191608191325,0.09595454011965342,0.2552711283744432,1.1578361591308104,0.38596491228070173,0.0030031426516255685,0.17987646722344594,0.040886264293035324,1.408465554990147,0.07811550535577272,0.003941894401093604,10781.155053557732
D1,14,3.0,W1,50,long,0.0,38,1.9921774077795322,0.06334883985466751,0.32532990057134914,1.1305583728634707,0.3157894736842105,0.0026967304232742733,0.15773414288311355,0.05124271276178294,1.4553790411247673,0.06622466567865248,0.0033674070796481104,10662.246656786523
D1,14,3.0,W1,50,long,1.0,38,1.9921774077795322,0.06334883985466751,0.32532990057134914,1.1305583728634707,0.3157894736842105,0.0026967304232742733,0.15773414288311355,0.05124271276178294,1.4553790411247673,0.06622466567865248,0.0033674070796481104,10662.246656786523
D1,14,3.0,W1,50,short,0.0,23,1.2726480836236935,-0.1087672772072618,0.15863740602273502,0.8035324029661388,0.43478260869565216,-0.003915655143260535,-0.11141946438995418,0.03186330880374266,0.7973282054588655,-0.015979585489545145,-0.0008909343752300236,9840.204145104546
D1,14,3.0,W1,50,short,1.0,23,1.2726480836236935,-0.1087672772072618,0.15863740602273502,0.8035324029661388,0.43478260869565216,-0.003915655143260535,-0.11141946438995418,0.03186330880374266,0.7973282054588655,-0.015979585489545145,-0.0008909343752300236,9840.204145104546
D1,14,3.0,W1,80,both,0.0,58,3.151517405534067,0.31908244783432255,0.2091495134614495,1.6132520586183907,0.39655172413793105,0.011188146180238907,0.3783086715319978,0.03683205750576135,1.9267064307494435,0.19904185396688012,0.009912116760121492,11990.418539668804
D1,14,3.0,W1,80,both,1.0,58,3.151517405534067,0.31908244783432255,0.2091495134614495,1.6132520586183907,0.39655172413793105,0.011188146180238907,0.3783086715319978,0.03683205750576135,1.9267064307494435,0.19904185396688012,0.009912116760121492,11990.418539668804
D1,14,3.0,W1,80,long,0.0,41,2.2277967866706336,0.3182944960680762,0.2698808515422857,1.7513679429655071,0.3902439024390244,0.015036516529871006,0.3846282841064663,0.04835173518418023,2.1538323283643255,0.19597554943979434,0.009771614946249674,11959.75549439794
D1,14,3.0,W1,80,long,1.0,41,2.2277967866706336,0.3182944960680762,0.2698808515422857,1.7513679429655071,0.3902439024390244,0.015036516529871006,0.3846282841064663,0.04835173518418023,2.1538323283643255,0.19597554943979434,0.009771614946249674,11959.75549439794
D1,14,3.0,W1,80,short,0.0,19,1.2368116200320798,-0.07822915190816426,0.13805298221074036,0.8493190658018102,0.3684210526315789,-0.002521753287738918,-0.1053583246318636,0.029335974488089556,0.8008933748611691,-0.010603342447689013,-0.000693673007129747,9893.96657552311
D1,14,3.0,W1,80,short,1.0,19,1.2368116200320798,-0.07822915190816426,0.13805298221074036,0.8493190658018102,0.3684210526315789,-0.002521753287738918,-0.1053583246318636,0.029335974488089556,0.8008933748611691,-0.010603342447689013,-0.000693673007129747,9893.96657552311
D1,14,3.0,W1,120,both,0.0,56,3.4892528147389967,0.18330323769531637,0.21523130280103664,1.2908294519482497,0.3392857142857143,0.005877416496536164,0.30990772989535115,0.05770701027749581,1.6588651161707977,0.1503926382851828,0.008767782807375779,11503.926382851832
D1,14,3.0,W1,120,both,1.0,56,3.4892528147389967,0.18330323769531637,0.21523130280103664,1.2908294519482497,0.3392857142857143,0.005877416496536164,0.30990772989535115,0.05770701027749581,1.6588651161707977,0.1503926382851828,0.008767782807375779,11503.926382851832
D1,14,3.0,W1,120,long,0.0,39,2.430015353121801,0.24105773336922848,0.2225820416195553,1.4949026875935942,0.3333333333333333,0.010463909860154611,0.35034305607465854,0.05571609683225276,1.9660931335650997,0.16443708580865324,0.009530776131750018,11644.370858086522
D1,14,3.0,W1,120,long,1.0,39,2.430015353121801,0.24105773336922848,0.2225820416195553,1.4949026875935942,0.3333333333333333,0.010463909860154611,0.35034305607465854,0.05571609683225276,1.9660931335650997,0.16443708580865324,0.009530776131750018,11644.370858086522
D1,14,3.0,W1,120,short,0.0,17,1.634873617693523,-0.16549636061177797,0.17190758709541865,0.7429119824078789,0.35294117647058826,-0.004644538867059095,-0.1381160707504811,0.03215090103121998,0.7683164405200972,-0.014044447523469339,-0.0013592905630538388,9859.55552476531
D1,14,3.0,W1,120,short,1.0,17,1.634873617693523,-0.16549636061177797,0.17190758709541865,0.7429119824078789,0.35294117647058826,-0.004644538867059095,-0.1381160707504811,0.03215090103121998,0.7683164405200972,-0.014044447523469339,-0.0013592905630538388,9859.55552476531
D1,14,1.0,none,0,both,0.0,426,19.79095649961842,0.07814898044112333,0.28963618479332676,1.0586560317833709,0.25821596244131456,0.00048500406409494027,0.19320761055922236,0.15837097432298974,1.1618797796713622,0.32067109630486823,0.013005576148265474,13206.71096304871
D1,14,1.0,none,0,both,1.0,426,19.79095649961842,0.07814898044112333,0.28963618479332676,1.0586560317833709,0.25821596244131456,0.00048500406409494027,0.19320761055922236,0.15837097432298974,1.1618797796713622,0.32067109630486823,0.013005576148265474,13206.71096304871
D1,14,1.0,none,0,long,0.0,350,16.287106637788252,0.532427764500554,0.25307950750342123,1.5536030213683503,0.2714285714285714,0.00418462310358055,0.5316010605394075,0.18465923518677152,1.6147370808046129,1.6073181846407665,0.045604440330337725,26073.18184640765
D1,14,1.0,none,0,long,1.0,350,16.287106637788252,0.532427764500554,0.25307950750342123,1.5536030213683503,0.2714285714285714,0.00418462310358055,0.5316010605394075,0.18465923518677152,1.6147370808046129,1.6073181846407665,0.045604440330337725,26073.18184640765
D1,14,1.0,none,0,short,0.0,350,16.312045425545488,-0.3228378849148877,0.5069471291302723,0.7871299003951053,0.28,-0.0017693235993641435,-0.2393148684958255,0.2539227777748273,0.840395742069633,-0.24587761948754228,-0.013066085676318506,7541.223805124577
D1,14,1.0,none,0,short,1.0,350,16.312045425545488,-0.3228378849148877,0.5069471291302723,0.7871299003951053,0.28,-0.0017693235993641435,-0.2393148684958255,0.2539227777748273,0.840395742069633,-0.24587761948754228,-0.013066085676318506,7541.223805124577
D1,14,1.0,W1,20,both,0.0,285,13.700480389576205,0.18434894036265193,0.3409750884383921,1.17686595857688,0.26666666666666666,0.0013297234574332641,0.13421773394964825,0.20648832353415425,1.124552418017014,0.13656675471447155,0.006172753267193576,11365.66754714471
D1,14,1.0,W1,20,both,1.0,285,13.700480389576205,0.18434894036265193,0.3409750884383921,1.17686595857688,0.26666666666666666,0.0013297234574332641,0.13421773394964825,0.20648832353415425,1.124552418017014,0.13656675471447155,0.006172753267193576,11365.66754714471
D1,14,1.0,W1,20,long,0.0,139,6.681988681231903,0.3428959350806494,0.14907027532118577,1.5575355334275875,0.2589928057553957,0.004205300765691409,0.3126956832720122,0.09921171995298683,1.5464706000009256,0.3690689703211829,0.015215452227818727,13690.68970321183
D1,14,1.0,W1,20,long,1.0,139,6.681988681231903,0.3428959350806494,0.14907027532118577,1.5575355334275875,0.2589928057553957,0.004205300765691409,0.3126956832720122,0.09921171995298683,1.5464706000009256,0.3690689703211829,0.015215452227818727,13690.68970321183
D1,14,1.0,W1,20,short,0.0,161,8.312871077184054,-0.3115665836768655,0.32715955678972164,0.724538001929528,0.2670807453416149,-0.0021661028087193923,-0.3251468805108489,0.17526900486855934,0.728892626291648,-0.18124766625919908,-0.010272065213904225,8187.5233374080035
D1,14,1.0,W1,20,short,1.0,161,8.312871077184054,-0.3115665836768655,0.32715955678972164,0.724538001929528,0.2670807453416149,-0.0021661028087193923,-0.3251468805108489,0.17526900486855934,0.728892626291648,-0.18124766625919908,-0.010272065213904225,8187.5233374080035
D1,14,1.0,W1,32,both,0.0,281,13.867754357519255,0.24227744435612888,0.2464330970109011,1.2297111685345452,0.2669039145907473,0.0017840825937339856,0.2802204647323577,0.16033083722090347,1.2745561787918898,0.3825798683830417,0.016115942272124872,13825.798683830426
D1,14,1.0,W1,32,both,1.0,281,13.867754357519255,0.24227744435612888,0.2464330970109011,1.2297111685345452,0.2669039145907473,0.0017840825937339856,0.2802204647323577,0.16033083722090347,1.2745561787918898,0.3825798683830417,0.016115942272124872,13825.798683830426
D1,14,1.0,W1,32,long,0.0,155,7.649473044183218,0.399392784287385,0.11497103815002785,1.607274830070094,0.27741935483870966,0.004420719474533665,0.3526401697812205,0.08839301006903588,1.5192050139468107,0.38956931752479074,0.016368845511867347,13895.693175247927
D1,14,1.0,W1,32,long,1.0,155,7.649473044183218,0.399392784287385,0.11497103815002785,1.607274830070094,0.27741935483870966,0.004420719474533665,0.3526401697812205,0.08839301006903588,1.5192050139468107,0.38956931752479074,0.016368845511867347,13895.693175247927
D1,14,1.0,W1,32,short,0.0,143,7.365780566915809,-0.15448501780357982,0.23926983035855165,0.8452780321071939,0.27972027972027974,-0.0012475509053350767,0.029694782402002014,0.12731475199005138,1.0348799925683358,0.008120974733443642,0.000416700344033627,10081.209747334431
D1,14,1.0,W1,32,short,1.0,143,7.365780566915809,-0.15448501780357982,0.23926983035855165,0.8452780321071939,0.27972027972027974,-0.0012475509053350767,0.029694782402002014,0.12731475199005138,1.0348799925683358,0.008120974733443642,0.000416700344033627,10081.209747334431
D1,14,1.0,W1,50,both,0.0,289,14.734401172529314,0.2729288401835679,0.26480305192821574,1.269825414346564,0.2698961937716263,0.0020510738022592612,0.342851679163106,0.11801513858738288,1.376922853811109,0.5666721301622328,0.023153469645839087,15666.721301622307
D1,14,1.0,W1,50,both,1.0,289,14.734401172529314,0.2729288401835679,0.26480305192821574,1.269825414346564,0.2698961937716263,0.0020510738022592612,0.342851679163106,0.11801513858738288,1.376922853811109,0.5666721301622328,0.023153469645839087,15666.721301622307
D1,14,1.0,W1,50,long,0.0,173,8.86728178501263,0.272047049013624,0.1711971012641731,1.3798339465812939,0.2543352601156069,0.00273334279030313,0.3166124708486466,0.09614422917498344,1.5202639477198003,0.4318956623190797,0.018571189157852164,14318.95662319081
D1,14,1.0,W1,50,long,1.0,173,8.86728178501263,0.272047049013624,0.1711971012641731,1.3798339465812939,0.2543352601156069,0.00273334279030313,0.3166124708486466,0.09614422917498344,1.5202639477198003,0.4318956623190797,0.018571189157852164,14318.95662319081
D1,14,1.0,W1,50,short,0.0,127,6.850797518830307,0.06358211409431279,0.1891277968830608,1.0788190626810379,0.2755905511811024,0.0006470723131202971,0.10524814783184215,0.09516505938297692,1.130217842392286,0.06512855311390364,0.0034093773978360886,10651.285531139052
D1,14,1.0,W1,50,short,1.0,127,6.850797518830307,0.06358211409431279,0.1891277968830608,1.0788190626810379,0.2755905511811024,0.0006470723131202971,0.10524814783184215,0.09516505938297692,1.130217842392286,0.06512855311390364,0.0034093773978360886,10651.285531139052
D1,14,1.0,W1,80,both,0.0,286,15.471193720379146,0.09088615981597627,0.4662655797598366,1.0798636126260859,0.24125874125874125,0.0006334646863452464,0.15243503820495216,0.34295016818074675,1.1438163672963695,0.16906837683727183,0.008485842313033398,11690.683768372717
D1,14,1.0,W1,80,both,1.0,286,15.471193720379146,0.09088615981597627,0.4662655797598366,1.0798636126260859,0.24125874125874125,0.0006334646863452464,0.15243503820495216,0.34295016818074675,1.1438163672963695,0.16906837683727183,0.008485842313033398,11690.683768372717
D1,14,1.0,W1,80,long,0.0,189,10.22397067535545,0.19089042277529156,0.33828315028712963,1.2325483490327462,0.2328042328042328,0.0017024042130498601,0.20547505397326968,0.27977982686216873,1.2650243107218981,0.2261635272284075,0.011090506602319472,12261.635272284073
D1,14,1.0,W1,80,long,1.0,189,10.22397067535545,0.19089042277529156,0.33828315028712963,1.2325483490327462,0.2328042328042328,0.0017024042130498601,0.20547505397326968,0.27977982686216873,1.2650243107218981,0.2261635272284075,0.011090506602319472,12261.635272284073
D1,14,1.0,W1,80,short,0.0,102,6.461238293444328,-0.21271696394778475,0.3076973421936833,0.7789330113451814,0.24509803921568626,-0.0020710098407499098,-0.1900874086658302,0.14952086682417454,0.809534143867042,-0.09847888154148243,-0.0065456233969457545,9015.21118458517
D1,14,1.0,W1,80,short,1.0,102,6.461238293444328,-0.21271696394778475,0.3076973421936833,0.7789330113451814,0.24509803921568626,-0.0020710098407499098,-0.1900874086658302,0.14952086682417454,0.809534143867042,-0.09847888154148243,-0.0065456233969457545,9015.21118458517
D1,14,1.0,W1,120,both,0.0,261,15.328871201157744,0.2999572516765826,0.24317495322846772,1.291283280236063,0.2796934865900383,0.0022047026561030315,0.3708628199152181,0.1570098695543204,1.391558615217875,0.5514057278755511,0.02612803103452377,15514.057278755541
D1,14,1.0,W1,120,both,1.0,261,15.328871201157744,0.2999572516765826,0.24317495322846772,1.291283280236063,0.2796934865900383,0.0022047026561030315,0.3708628199152181,0.1570098695543204,1.391558615217875,0.5514057278755511,0.02612803103452377,15514.057278755541
D1,14,1.0,W1,120,long,0.0,166,9.820456754130223,0.3563295719699223,0.24935142283127865,1.4823584239594452,0.2710843373493976,0.003563199422100449,0.3812461491283368,0.1760289011460322,1.5838197553888473,0.5027638376756034,0.024388621621680873,15027.638376756044
D1,14,1.0,W1,120,long,1.0,166,9.820456754130223,0.3563295719699223,0.24935142283127865,1.4823584239594452,0.2710843373493976,0.003563199422100449,0.3812461491283368,0.1760289011460322,1.5838197553888473,0.5027638376756034,0.024388621621680873,15027.638376756044
D1,14,1.0,W1,120,short,0.0,101,7.32530778395552,-0.08638603148621384,0.15365902774240325,0.9080314549322597,0.27722772277227725,-0.0007352363331325268,0.006667177081956688,0.0885967278952785,1.0073555072371083,-0.0069137559034527785,-0.0005030543764442674,9930.862440965466
D1,14,1.0,W1,120,short,1.0,101,7.32530778395552,-0.08638603148621384,0.15365902774240325,0.9080314549322597,0.27722772277227725,-0.0007352363331325268,0.006667177081956688,0.0885967278952785,1.0073555072371083,-0.0069137559034527785,-0.0005030543764442674,9930.862440965466
D1,14,2.5,none,0,both,0.0,128,5.949605497582082,0.21476120163919116,0.27267890458780286,1.2583832388687382,0.40625,0.004157576276047473,0.28687869501162944,0.05920964829726738,1.398404829723615,0.18647323613022726,0.007979281140873429,11864.732361302276
D1,14,2.5,none,0,both,1.0,128,5.949605497582082,0.21476120163919116,0.27267890458780286,1.2583832388687382,0.40625,0.004157576276047473,0.28687869501162944,0.05920964829726738,1.398404829723615,0.18647323613022726,0.007979281140873429,11864.732361302276
D1,14,2.5,none,0,long,0.0,117,5.4535796324655434,0.2809696440665944,0.2397599605508377,1.380921395522207,0.42735042735042733,0.005921690200641742,0.3814045512945788,0.05534303385995576,1.5895070558673754,0.27426667773420044,0.011361395913099814,12742.666777341996
D1,14,2.5,none,0,long,1.0,117,5.4535796324655434,0.2809696440665944,0.2397599605508377,1.380921395522207,0.42735042735042733,0.005921690200641742,0.3814045512945788,0.05534303385995576,1.5895070558673754,0.27426667773420044,0.011361395913099814,12742.666777341996
D1,14,2.5,none,0,short,0.0,117,5.454971917283635,-0.7883206250469953,0.7492408339239348,0.4468503219106785,0.27350427350427353,-0.011480217459084533,-0.8646358912592214,0.29967889591436225,0.37859099224198006,-0.30530346288340837,-0.01684066960650643,6946.96537116592
D1,14,2.5,none,0,short,1.0,117,5.454971917283635,-0.7883206250469953,0.7492408339239348,0.4468503219106785,0.27350427350427353,-0.011480217459084533,-0.8646358912592214,0.29967889591436225,0.37859099224198006,-0.30530346288340837,-0.01684066960650643,6946.96537116592
D1,14,2.5,W1,20,both,0.0,63,3.0321188562392933,-0.04067093916371789,0.3622414449313247,0.9425933132765633,0.38095238095238093,-0.0009641227657454087,0.03417074829431263,0.10547965145423877,1.0568005163550451,0.010164014847271252,0.0004868317094304242,10101.640148472708
D1,14,2.5,W1,20,both,1.0,63,3.0321188562392933,-0.04067093916371789,0.3622414449313247,0.9425933132765633,0.38095238095238093,-0.0009641227657454087,0.03417074829431263,0.10547965145423877,1.0568005163550451,0.010164014847271252,0.0004868317094304242,10101.640148472708
D1,14,2.5,W1,20,long,0.0,35,1.6845104756884963,0.11267627256832036,0.16404692294808687,1.2516609084779646,0.42857142857142855,0.004068470744998654,0.16226830355578115,0.048771862490812334,1.4328713748908803,0.056927094246710164,0.0026682435182319164,10569.270942467103
D1,14,2.5,W1,20,long,1.0,35,1.6845104756884963,0.11267627256832036,0.16404692294808687,1.2516609084779646,0.42857142857142855,0.004068470744998654,0.16226830355578115,0.048771862490812334,1.4328713748908803,0.056927094246710164,0.0026682435182319164,10569.270942467103
D1,14,2.5,W1,20,short,0.0,32,1.6868234954538897,-0.2849185790773407,0.29705019534350996,0.5954558058422496,0.3125,-0.007324543359666483,-0.3192216004527371,0.08595581353520731,0.5473169584954025,-0.05847741368909998,-0.0031712990439810573,9415.225863109
D1,14,2.5,W1,20,short,1.0,32,1.6868234954538897,-0.2849185790773407,0.29705019534350996,0.5954558058422496,0.3125,-0.007324543359666483,-0.3192216004527371,0.08595581353520731,0.5473169584954025,-0.05847741368909998,-0.0031712990439810573,9415.225863109
D1,14,2.5,W1,32,both,0.0,65,3.2358252691835903,0.15267796887328056,0.17697436739370198,1.2507881127128655,0.38461538461538464,0.003916813855947401,0.15860160601751258,0.05184426150846044,1.2686030544126505,0.0626601282953716,0.003030094011578388,10626.601282953712
D1,14,2.5,W1,32,both,1.0,65,3.2358252691835903,0.15267796887328056,0.17697436739370198,1.2507881127128655,0.38461538461538464,0.003916813855947401,0.15860160601751258,0.05184426150846044,1.2686030544126505,0.0626601282953716,0.003030094011578388,10626.601282953712
D1,14,2.5,W1,32,long,0.0,43,2.1406228703829906,0.10838701546234994,0.19793528327896748,1.2230768770055853,0.37209302325581395,0.003715748153397417,0.12295830370375292,0.05086243825296621,1.2656844397416138,0.043252008989487445,0.002110127697232178,10432.52008989487
D1,14,2.5,W1,32,long,1.0,43,2.1406228703829906,0.10838701546234994,0.19793528327896748,1.2230768770055853,0.37209302325581395,0.003715748153397417,0.12295830370375292,0.05086243825296621,1.2656844397416138,0.043252008989487445,0.002110127697232178,10432.52008989487
D1,14,2.5,W1,32,short,0.0,26,1.366599510720967,0.10270320899677002,0.11577783262048291,1.2395689898277475,0.4230769230769231,0.00318760407643303,0.012861026710703794,0.030426895562056133,1.0270344594793102,0.0014953985725509877,7.854479497093614e-05,10014.95398572551
D1,14,2.5,W1,32,short,1.0,26,1.366599510720967,0.10270320899677002,0.11577783262048291,1.2395689898277475,0.4230769230769231,0.00318760407643303,0.012861026710703794,0.030426895562056133,1.0270344594793102,0.0014953985725509877,7.854479497093614e-05,10014.95398572551
D1,14,2.5,W1,50,both,0.0,72,3.7013370865587616,0.056115712875308525,0.2457511048781641,1.0731690244860093,0.4027777777777778,0.0012435139916762686,0.12693228575244625,0.05478447486967919,1.2024417139278778,0.050077503258246114,0.0025151304168873345,10500.77503258245
D1,14,2.5,W1,50,both,1.0,72,3.7013370865587616,0.056115712875308525,0.2457511048781641,1.0731690244860093,0.4027777777777778,0.0012435139916762686,0.12693228575244625,0.05478447486967919,1.2024417139278778,0.050077503258246114,0.0025151304168873345,10500.77503258245
D1,14,2.5,W1,50,long,0.0,47,2.4636552812858783,-0.0897825858407624,0.2822695529094831,0.8667431420459033,0.3404255319148936,-0.0025076672479910824,0.05973688575437148,0.052527480103333524,1.119857509148894,0.019639658017530204,0.0010200165047957732,10196.396580175297
D1,14,2.5,W1,50,long,1.0,47,2.4636552812858783,-0.0897825858407624,0.2822695529094831,0.8667431420459033,0.3404255319148936,-0.0025076672479910824,0.05973688575437148,0.052527480103333524,1.119857509148894,0.019639658017530204,0.0010200165047957732,10196.396580175297
D1,14,2.5,W1,50,short,0.0,29,1.5762276785714286,0.08893694336916536,0.13611381547730217,1.1764389525923973,0.4482758620689655,0.00282670549831886,0.03936186732038915,0.027505202624503178,1.0748048741881588,0.006376462392791549,0.0003455371997505008,10063.764623927917
D1,14,2.5,W1,50,short,1.0,29,1.5762276785714286,0.08893694336916536,0.13611381547730217,1.1764389525923973,0.4482758620689655,0.00282670549831886,0.03936186732038915,0.027505202624503178,1.0748048741881588,0.006376462392791549,0.0003455371997505008,10063.764623927917
D1,14,2.5,W1,80,both,0.0,78,4.238247545373401,0.04777835882104241,0.3878675529338439,1.0626573644819455,0.34615384615384615,0.0011699936374840653,0.11975381098379234,0.11928720895223965,1.1807458423447121,0.0545116278932285,0.0028882223149520048,10545.116278932279
D1,14,2.5,W1,80,both,1.0,78,4.238247545373401,0.04777835882104241,0.3878675529338439,1.0626573644819455,0.34615384615384615,0.0011699936374840653,0.11975381098379234,0.11928720895223965,1.1807458423447121,0.0545116278932285,0.0028882223149520048,10545.116278932279
D1,14,2.5,W1,80,long,0.0,55,2.988507884558167,0.10079723638018856,0.37698133682532775,1.1695418308777803,0.34545454545454546,0.0031678211624248226,0.1560975333306459,0.10974241185751654,1.290330631772035,0.0705362748322853,0.0037104274511157165,10705.362748322857
D1,14,2.5,W1,80,long,1.0,55,2.988507884558167,0.10079723638018856,0.37698133682532775,1.1695418308777803,0.34545454545454546,0.0031678211624248226,0.1560975333306459,0.10974241185751654,1.290330631772035,0.0705362748322853,0.0037104274511157165,10705.362748322857
D1,14,2.5,W1,80,short,0.0,24,1.7071080817916262,-0.16834135192639657,0.14801992038889178,0.736348893873632,0.3333333333333333,-0.005159844741791792,-0.21386338922943135,0.026823834384241296,0.6837786190751393,-0.027063561897194277,-0.0019496433430487015,9729.364381028052
D1,14,2.5,W1,80,short,1.0,24,1.7071080817916262,-0.16834135192639657,0.14801992038889178,0.736348893873632,0.3333333333333333,-0.005159844741791792,-0.21386338922943135,0.026823834384241296,0.6837786190751393,-0.027063561897194277,-0.0019496433430487015,9729.364381028052
D1,14,2.5,W1,120,both,0.0,72,4.388119472718171,0.2532588202378328,0.19226397945525853,1.3678461581463466,0.3888888888888889,0.006099336062083741,0.31952145607106996,0.052504703778545436,1.5324216857860904,0.15574854425708917,0.008860867414883122,11557.485442570889
D1,14,2.5,W1,120,both,1.0,72,4.388119472718171,0.2532588202378328,0.19226397945525853,1.3678461581463466,0.3888888888888889,0.006099336062083741,0.31952145607106996,0.052504703778545436,1.5324216857860904,0.15574854425708917,0.008860867414883122,11557.485442570889
D1,14,2.5,W1,120,long,0.0,52,3.1691973969631233,0.26263850787137116,0.22869576758435606,1.4815745263586657,0.40384615384615385,0.007942250792563532,0.3347395822768607,0.06465874394249016,1.7088159872375877,0.15386562469706333,0.00876061887202173,11538.656246970642
D1,14,2.5,W1,120,long,1.0,52,3.1691973969631233,0.26263850787137116,0.22869576758435606,1.4815745263586657,0.40384615384615385,0.007942250792563532,0.3347395822768607,0.06465874394249016,1.7088159872375877,0.15386562469706333,0.00876061887202173,11538.656246970642
D1,14,2.5,W1,120,short,0.0,20,1.9304968287526427,0.044093297748397195,0.13100659792213054,1.0777848278304236,0.35,0.0013077577628362823,0.03460821943144522,0.028160971728667605,1.0629482664660825,0.0038191614266920304,0.0003680094818654389,10038.191614266914
D1,14,2.5,W1,120,short,1.0,20,1.9304968287526427,0.044093297748397195,0.13100659792213054,1.0777848278304236,0.35,0.0013077577628362823,0.03460821943144522,0.028160971728667605,1.0629482664660825,0.0038191614266920304,0.0003680094818654389,10038.191614266914
D1,14,4.0,none,0,both,0.0,58,2.7526637214137217,0.1328208394119658,0.40918164288631165,1.2868031087181337,0.3620689655172414,0.0078074966685820054,0.2257614181244003,0.06482448828058196,1.7551535590242293,0.1684661660113318,0.0074164615275298384,11684.661660113312
D1,14,4.0,none,0,both,1.0,58,2.7526637214137217,0.1328208394119658,0.40918164288631165,1.2868031087181337,0.3620689655172414,0.0078074966685820054,0.2257614181244003,0.06482448828058196,1.7551535590242293,0.1684661660113318,0.0074164615275298384,11684.661660113312
D1,14,4.0,none,0,long,0.0,54,2.5795840962594823,0.4027625015900028,0.19737082705014752,2.2316267538100942,0.48148148148148145,0.025184748414145832,0.44014243835626987,0.033370911479139065,2.9112048718350643,0.33217370312627503,0.013795318863060624,13321.737031262754
D1,14,4.0,none,0,long,1.0,54,2.5795840962594823,0.4027625015900028,0.19737082705014752,2.2316267538100942,0.48148148148148145,0.025184748414145832,0.44014243835626987,0.033370911479139065,2.9112048718350643,0.33217370312627503,0.013795318863060624,13321.737031262754
D1,14,4.0,none,0,short,0.0,54,2.5897452731092434,-0.5774212944993745,0.638595280233833,0.3817009248471231,0.2777777777777778,-0.017755079905514025,-0.49220336958331634,0.12247057558443086,0.42530350388954624,-0.12465715162995361,-0.006364801996044167,8753.428483700462
D1,14,4.0,none,0,short,1.0,54,2.5897452731092434,-0.5774212944993745,0.638595280233833,0.3817009248471231,0.2777777777777778,-0.017755079905514025,-0.49220336958331634,0.12247057558443086,0.42530350388954624,-0.12465715162995361,-0.006364801996044167,8753.428483700462
D1,14,4.0,W1,20,both,0.0,30,1.4641234633885625,0.4608470871237869,0.18981097626842447,3.518139827279974,0.5,0.04419953257052036,0.4456631351145973,0.035237098099794584,4.538784111988619,0.30429530327060816,0.013049858503194622,13042.953032706078
D1,14,4.0,W1,20,both,1.0,30,1.4641234633885625,0.4608470871237869,0.18981097626842447,3.518139827279974,0.5,0.04419953257052036,0.4456631351145973,0.035237098099794584,4.538784111988619,0.30429530327060816,0.013049858503194622,13042.953032706078
D1,14,4.0,W1,20,long,0.0,23,1.1224946552645645,0.5777854949923094,0.11449313966229713,7.512336848759462,0.6086956521739131,0.06505845930404645,0.5214733557196128,0.02056152578903636,9.601044275232777,0.33196464456702857,0.014088262342720093,13319.646445670289
D1,14,4.0,W1,20,long,1.0,23,1.1224946552645645,0.5777854949923094,0.11449313966229713,7.512336848759462,0.6086956521739131,0.06505845930404645,0.5214733557196128,0.02056152578903636,9.601044275232777,0.33196464456702857,0.014088262342720093,13319.646445670289
D1,14,4.0,W1,20,short,0.0,14,1.0,-0.12878068694437528,0.215865461894013,0.7106576416148527,0.21428571428571427,-0.009119208060497042,-0.11894997580541584,0.043889330450202824,0.7115696303651495,-0.020283118446421278,-0.0011154784188329714,9797.168815535788
D1,14,4.0,W1,20,short,1.0,14,1.0,-0.12878068694437528,0.215865461894013,0.7106576416148527,0.21428571428571427,-0.009119208060497042,-0.11894997580541584,0.043889330450202824,0.7115696303651495,-0.020283118446421278,-0.0011154784188329714,9797.168815535788
D1,14,4.0,W1,32,both,0.0,26,1.2953894420952121,0.41926967225928785,0.18657181153061797,2.971506221387427,0.5,0.033049012527930494,0.39771429929393015,0.024393558989100672,3.6596066588852825,0.1821011763094076,0.008369842530300708,11821.011763094084
D1,14,4.0,W1,32,both,1.0,26,1.2953894420952121,0.41926967225928785,0.18657181153061797,2.971506221387427,0.5,0.033049012527930494,0.39771429929393015,0.024393558989100672,3.6596066588852825,0.1821011763094076,0.008369842530300708,11821.011763094084
D1,14,4.0,W1,32,long,0.0,15,1.0,0.5046115154709467,0.1369035305889622,4.866042508000346,0.5333333333333333,0.04932097514165492,0.46328189612806575,0.01913652412688882,6.493508523271631,0.16611940720833274,0.007686210727227083,11661.194072083334
D1,14,4.0,W1,32,long,1.0,15,1.0,0.5046115154709467,0.1369035305889622,4.866042508000346,0.5333333333333333,0.04932097514165492,0.46328189612806575,0.01913652412688882,6.493508523271631,0.16611940720833274,0.007686210727227083,11661.194072083334
D1,14,4.0,W1,32,short,0.0,15,1.0,0.05353347169235448,0.14321393812025995,1.1620043991681834,0.4666666666666667,0.0036383800556744833,0.07738131883803674,0.022663550899668317,1.2690674173056542,0.01206025183547399,0.000653159217994137,10120.60251835474
D1,14,4.0,W1,32,short,1.0,15,1.0,0.05353347169235448,0.14321393812025995,1.1620043991681834,0.4666666666666667,0.0036383800556744833,0.07738131883803674,0.022663550899668317,1.2690674173056542,0.01206025183547399,0.000653159217994137,10120.60251835474
D1,14,4.0,W1,50,both,0.0,30,1.5476694915254237,0.17125266236584089,0.39274496998281905,1.4825169501283446,0.4666666666666667,0.012342967151722986,0.3014263952115491,0.05776958229939799,2.3360595711484136,0.14466243022690373,0.006994523990471624,11446.624302269034
D1,14,4.0,W1,50,both,1.0,30,1.5476694915254237,0.17125266236584089,0.39274496998281905,1.4825169501283446,0.4666666666666667,0.012342967151722986,0.3014263952115491,0.05776958229939799,2.3360595711484136,0.14466243022690373,0.006994523990471624,11446.624302269034
D1,14,4.0,W1,50,long,0.0,18,1.0,0.22834859088881104,0.24829992115277522,2.0026963669547095,0.4444444444444444,0.02105015434859358,0.3203065151463157,0.04027197482050571,3.3008309768088107,0.13582495035082864,0.006719560767824095,11358.249503508283
D1,14,4.0,W1,50,long,1.0,18,1.0,0.22834859088881104,0.24829992115277522,2.0026963669547095,0.4444444444444444,0.02105015434859358,0.3203065151463157,0.04027197482050571,3.3008309768088107,0.13582495035082864,0.006719560767824095,11358.249503508283
D1,14,4.0,W1,50,short,0.0,12,1.0,-0.008152567318786367,0.2298771589281896,0.9778866379074687,0.5,-0.0007178136435828982,0.08029694937007902,0.02303636903725248,1.2690403261653167,0.011439096701074902,0.0006196989045479384,10114.390967010751
D1,14,4.0,W1,50,short,1.0,12,1.0,-0.008152567318786367,0.2298771589281896,0.9778866379074687,0.5,-0.0007178136435828982,0.08029694937007902,0.02303636903725248,1.2690403261653167,0.011439096701074902,0.0006196989045479384,10114.390967010751
D1,14,4.0,W1,80,both,0.0,29,1.5762276785714286,0.4243929096509048,0.2026432477427541,3.048440241525889,0.5172413793103449,0.042364808282363275,0.475626041152479,0.02766839318039438,4.684607893502478,0.3177361686924953,0.015109747619647784,13177.36168692495
D1,14,4.0,W1,80,both,1.0,29,1.5762276785714286,0.4243929096509048,0.2026432477427541,3.048440241525889,0.5172413793103449,0.042364808282363275,0.475626041152479,0.02766839318039438,4.684607893502478,0.3177361686924953,0.015109747619647784,13177.36168692495
D1,14,4.0,W1,80,long,0.0,19,1.0327008928571428,0.6025600171419546,0.17009664234570776,6.633972698350424,0.6842105263157895,0.08126487579581465,0.5691356849568954,0.02775442492076785,8.36790177110596,0.3520505758091619,0.016529103278258406,13520.505758091618
D1,14,4.0,W1,80,long,1.0,19,1.0327008928571428,0.6025600171419546,0.17009664234570776,6.633972698350424,0.6842105263157895,0.08126487579581465,0.5691356849568954,0.02775442492076785,8.36790177110596,0.3520505758091619,0.016529103278258406,13520.505758091618
D1,14,4.0,W1,80,short,0.0,11,1.0,-0.3742111411274856,0.24245285609417944,0.2967798781763862,0.2727272727272727,-0.020822082433159417,-0.41508054155751656,0.025912578423667454,0.32151850002246357,-0.02332852069166691,-0.001664964091478427,9766.714793083334
D1,14,4.0,W1,80,short,1.0,11,1.0,-0.3742111411274856,0.24245285609417944,0.2967798781763862,0.2727272727272727,-0.020822082433159417,-0.41508054155751656,0.025912578423667454,0.32151850002246357,-0.02332852069166691,-0.001664964091478427,9766.714793083334
D1,14,4.0,W1,120,both,0.0,28,1.6982729990036534,0.5455558524586435,0.1693238956636669,4.098511529709301,0.5,0.048799487975317864,0.5133257848409876,0.028516561232306614,4.857463930254363,0.3199964211095374,0.016981498016989782,13199.964211095377
D1,14,4.0,W1,120,both,1.0,28,1.6982729990036534,0.5455558524586435,0.1693238956636669,4.098511529709301,0.5,0.048799487975317864,0.5133257848409876,0.028516561232306614,4.857463930254363,0.3199964211095374,0.016981498016989782,13199.964211095377
D1,14,4.0,W1,120,long,0.0,19,1.1523995350381933,0.5212180024860614,0.21971740062115397,4.9321380395965475,0.5263157894736842,0.06351921181890012,0.5034828449834404,0.03649216163534297,6.313095498311124,0.30060057370120474,0.01606882749457439,13006.005737012047
D1,14,4.0,W1,120,long,1.0,19,1.1523995350381933,0.5212180024860614,0.21971740062115397,4.9321380395965475,0.5263157894736842,0.06351921181890012,0.5034828449834404,0.03649216163534297,6.313095498311124,0.30060057370120474,0.01606882749457439,13006.005737012047
D1,14,4.0,W1,120,short,0.0,10,1.0211070729661726,0.27570787065647845,0.09211293860534464,2.4599579868319568,0.5,0.019571896800795317,0.26704349255618787,0.01591332604431328,2.509171265084449,0.030791919233333243,0.0031015481041285486,10307.919192333331
D1,14,4.0,W1,120,short,1.0,10,1.0211070729661726,0.27570787065647845,0.09211293860534464,2.4599579868319568,0.5,0.019571896800795317,0.26704349255618787,0.01591332604431328,2.509171265084449,0.030791919233333243,0.0031015481041285486,10307.919192333331
D1,14,5.0,none,0,both,0.0,36,1.7955755837771403,-0.21070114305582088,0.6349124908519257,0.6236576414772177,0.2222222222222222,-0.01587455115278077,-0.0713900744544833,0.09312379289706063,0.8413790720574686,-0.031710762607192744,-0.001605970518010702,9682.892373928082
D1,14,5.0,none,0,both,1.0,36,1.7955755837771403,-0.21070114305582088,0.6349124908519257,0.6236576414772177,0.2222222222222222,-0.01587455115278077,-0.0713900744544833,0.09312379289706063,0.8413790720574686,-0.031710762607192744,-0.001605970518010702,9682.892373928082
D1,14,5.0,none,0,long,0.0,35,1.6750196540880502,0.3316487201869191,0.24970115195949938,2.594898485976525,0.42857142857142855,0.04325116060864926,0.3452918122789016,0.032050066211995576,3.891861434862419,0.3556713634875308,0.014669502774938614,13556.713634875308
D1,14,5.0,none,0,long,1.0,35,1.6750196540880502,0.3316487201869191,0.24970115195949938,2.594898485976525,0.42857142857142855,0.04325116060864926,0.3452918122789016,0.032050066211995576,3.891861434862419,0.3556713634875308,0.014669502774938614,13556.713634875308
D1,14,5.0,none,0,short,0.0,35,1.7456984842277754,-0.6506777893533138,0.659336616374164,0.254356302703815,0.2,-0.029583803906475557,-0.5214293712173593,0.11194597604605405,0.33275982025165823,-0.11620570100852434,-0.006142422550799886,8837.942989914758
D1,14,5.0,none,0,short,1.0,35,1.7456984842277754,-0.6506777893533138,0.659336616374164,0.254356302703815,0.2,-0.029583803906475557,-0.5214293712173593,0.11194597604605405,0.33275982025165823,-0.11620570100852434,-0.006142422550799886,8837.942989914758
D1,14,5.0,W1,20,both,0.0,25,1.2168510127931769,0.2680061472103192,0.20849419595497354,2.940500692188716,0.48,0.0423491401533195,0.2601808367812538,0.026082207503148824,4.525536289303465,0.2555772261110072,0.011139576232017667,12555.772261110073
D1,14,5.0,W1,20,both,1.0,25,1.2168510127931769,0.2680061472103192,0.20849419595497354,2.940500692188716,0.48,0.0423491401533195,0.2601808367812538,0.026082207503148824,4.525536289303465,0.2555772261110072,0.011139576232017667,12555.772261110073
D1,14,5.0,W1,20,long,0.0,21,1.0259831460674158,0.3682028901905274,0.14994287296310038,4.838778647261325,0.5238095238095238,0.06955065681349447,0.34111311645902787,0.01979780427776412,7.312851592848802,0.3301451097945325,0.014035718233094352,13301.451097945315
D1,14,5.0,W1,20,long,1.0,21,1.0259831460674158,0.3682028901905274,0.14994287296310038,4.838778647261325,0.5238095238095238,0.06955065681349447,0.34111311645902787,0.01979780427776412,7.312851592848802,0.3301451097945325,0.014035718233094352,13301.451097945315
D1,14,5.0,W1,20,short,0.0,16,1.0,-0.2507784493595045,0.3798475448313058,0.5119608778215906,0.3125,-0.0177218164398456,-0.0960594241858342,0.045492007686059655,0.756126373504166,-0.017064221258524803,-0.0009737233254415445,9829.357787414758
D1,14,5.0,W1,20,short,1.0,16,1.0,-0.2507784493595045,0.3798475448313058,0.5119608778215906,0.3125,-0.0177218164398456,-0.0960594241858342,0.045492007686059655,0.756126373504166,-0.017064221258524803,-0.0009737233254415445,9829.357787414758
D1,14,5.0,W1,32,both,0.0,13,1.0,-0.2349383047863825,0.22278020055898196,0.5477734600714476,0.38461538461538464,-0.01386858345678126,-0.0698828407274878,0.023541646204226496,0.8321534808008652,-0.0068573761583332615,-0.00040255973777292287,9931.426238416669
D1,14,5.0,W1,32,both,1.0,13,1.0,-0.2349383047863825,0.22278020055898196,0.5477734600714476,0.38461538461538464,-0.01386858345678126,-0.0698828407274878,0.023541646204226496,0.8321534808008652,-0.0068573761583332615,-0.00040255973777292287,9931.426238416669
D1,14,5.0,W1,32,long,0.0,7,1.0,0.0055315643093472745,0.04799548337886228,1.0140476660096025,0.42857142857142855,0.0003646338818542985,0.10139002872544028,0.006166598668247092,1.3013988847598186,0.006206628274999959,0.0004787178586898033,10062.06628275
D1,14,5.0,W1,32,long,1.0,7,1.0,0.0055315643093472745,0.04799548337886228,1.0140476660096025,0.42857142857142855,0.0003646338818542985,0.10139002872544028,0.006166598668247092,1.3013988847598186,0.006206628274999959,0.0004787178586898033,10062.06628275
D1,14,5.0,W1,32,short,0.0,11,1.0,-0.7278083644923747,0.27295771061126384,0.14870298671522017,0.2727272727272727,-0.033796096842111725,-0.7135838406690647,0.03201232167004042,0.18771464757764109,-0.03568723154166653,-0.002124148144158289,9643.127684583336
D1,14,5.0,W1,32,short,1.0,11,1.0,-0.7278083644923747,0.27295771061126384,0.14870298671522017,0.2727272727272727,-0.033796096842111725,-0.7135838406690647,0.03201232167004042,0.18771464757764109,-0.03568723154166653,-0.002124148144158289,9643.127684583336
D1,14,5.0,W1,50,both,0.0,18,1.0730373755508407,-0.10366703392000304,0.2945164396620428,0.7432320807756556,0.3333333333333333,-0.007898289110027011,-0.007601203489553953,0.03303222179880816,0.9792401015648021,-0.0018056398833330434,-0.00010773144216114083,9981.94360116667
D1,14,5.0,W1,50,both,1.0,18,1.0730373755508407,-0.10366703392000304,0.2945164396620428,0.7432320807756556,0.3333333333333333,-0.007898289110027011,-0.007601203489553953,0.03303222179880816,0.9792401015648021,-0.0018056398833330434,-0.00010773144216114083,9981.94360116667
D1,14,5.0,W1,50,long,0.0,11,1.0,0.6679615866380201,0.04799548337886228,8.584276004453129,0.6363636363636364,0.04337606947558207,0.6549720220308173,0.005949318853498919,7.9011958080077385,0.05958578770000034,0.004119696358927172,10595.857876999999
D1,14,5.0,W1,50,long,1.0,11,1.0,0.6679615866380201,0.04799548337886228,8.584276004453129,0.6363636363636364,0.04337606947558207,0.6549720220308173,0.005949318853498919,7.9011958080077385,0.05958578770000034,0.004119696358927172,10595.857876999999
D1,14,5.0,W1,50,short,0.0,10,1.0,-0.6840772074408562,0.3413853910035958,0.08738153477482691,0.2,-0.04478914696053723,-0.7594911459739595,0.03883019749462502,0.1167437528626894,-0.040961278041666604,-0.0028512830476977724,9590.387219583336
D1,14,5.0,W1,50,short,1.0,10,1.0,-0.6840772074408562,0.3413853910035958,0.08738153477482691,0.2,-0.04478914696053723,-0.7594911459739595,0.03883019749462502,0.1167437528626894,-0.040961278041666604,-0.0028512830476977724,9590.387219583336
D1,14,5.0,W1,80,both,0.0,18,1.0258230613200185,0.23580753635879495,0.19746872814373773,2.524174726819777,0.3888888888888889,0.04646555263796519,0.26111773132332067,0.014413470425870711,4.870077997581212,0.23134874271666672,0.01193084182828863,12313.487427166667
D1,14,5.0,W1,80,both,1.0,18,1.0258230613200185,0.23580753635879495,0.19746872814373773,2.524174726819777,0.3888888888888889,0.04646555263796519,0.26111773132332067,0.014413470425870711,4.870077997581212,0.23134874271666672,0.01193084182828863,12313.487427166667
D1,14,5.0,W1,80,long,0.0,11,1.0,0.5048059157170985,0.04848786668209759,8.543542052012496,0.6363636363636364,0.11552789059136472,0.40923024849301726,0.006214265388905904,13.579369428665892,0.27581524460833395,0.01397877433038519,12758.152446083332
D1,14,5.0,W1,80,long,1.0,11,1.0,0.5048059157170985,0.04848786668209759,8.543542052012496,0.6363636363636364,0.11552789059136472,0.40923024849301726,0.006214265388905904,13.579369428665892,0.27581524460833395,0.01397877433038519,12758.152446083332
D1,14,5.0,W1,80,short,0.0,9,1.0,-0.6481384367672923,0.3346967128936993,0.016684300165100096,0.2222222222222222,-0.04154836051083052,-0.8736606159916408,0.03957446825026578,0.013921780664732857,-0.03905680569166692,-0.002998910914719821,9609.431943083335
D1,14,5.0,W1,80,short,1.0,9,1.0,-0.6481384367672923,0.3346967128936993,0.016684300165100096,0.2222222222222222,-0.04154836051083052,-0.8736606159916408,0.03957446825026578,0.013921780664732857,-0.03905680569166692,-0.002998910914719821,9609.431943083335
D1,14,5.0,W1,120,both,0.0,16,1.0,0.3864784041041191,0.10885735807853902,7.359736928829543,0.5,0.07561921596933983,0.32776622047896703,0.01375786020719183,10.879675388004783,0.2715249981583332,0.014501790010177817,12715.249981583333
D1,14,5.0,W1,120,both,1.0,16,1.0,0.3864784041041191,0.10885735807853902,7.359736928829543,0.5,0.07561921596933983,0.32776622047896703,0.01375786020719183,10.879675388004783,0.2715249981583332,0.014501790010177817,12715.249981583333
D1,14,5.0,W1,120,long,0.0,11,1.0,0.4355143940964363,0.09415615146154277,10.23406140111189,0.6363636363636364,0.09943213068290299,0.3692162094728853,0.01233312358301264,16.651890963199726,0.2518105615999997,0.013552092213374056,12518.105616
D1,14,5.0,W1,120,long,1.0,11,1.0,0.4355143940964363,0.09415615146154277,10.23406140111189,0.6363636363636364,0.09943213068290299,0.3692162094728853,0.01233312358301264,16.651890963199726,0.2518105615999997,0.013552092213374056,12518.105616
D1,14,5.0,W1,120,short,0.0,7,1.0,0.19381195512227037,0.07551504865248815,1.9429700800107546,0.2857142857142857,0.015166791513460112,0.21011189524707077,0.011639239913496469,2.160125031404408,0.01854788619166703,0.0020405103105634037,10185.478861916668
D1,14,5.0,W1,120,short,1.0,7,1.0,0.19381195512227037,0.07551504865248815,1.9429700800107546,0.2857142857142857,0.015166791513460112,0.21011189524707077,0.011639239913496469,2.160125031404408,0.01854788619166703,0.0020405103105634037,10185.478861916668
D1,14,1.5,none,0,both,0.0,278,12.890630950869621,0.21904096607880513,0.31682004840245503,1.1939907882319991,0.31654676258992803,0.0020064020326203812,0.2507014629102748,0.19040992466830142,1.238964189888483,0.27442982257469506,0.01130793000718322,12744.298225746967
D1,14,1.5,none,0,both,1.0,278,12.890630950869621,0.21904096607880513,0.31682004840245503,1.1939907882319991,0.31654676258992803,0.0020064020326203812,0.2507014629102748,0.19040992466830142,1.238964189888483,0.27442982257469506,0.01130793000718322,12744.298225746967
D1,14,1.5,none,0,long,0.0,245,11.361890553580498,0.5758269941596301,0.2232022901523475,1.691998091775083,0.3551020408163265,0.006633747541637926,0.6055709606479559,0.09945563149700254,1.8309744855122685,1.197167775618575,0.03717951022526611,21971.67775618571
D1,14,1.5,none,0,long,1.0,245,11.361890553580498,0.5758269941596301,0.2232022901523475,1.691998091775083,0.3551020408163265,0.006633747541637926,0.6055709606479559,0.09945563149700254,1.8309744855122685,1.197167775618575,0.03717951022526611,21971.67775618571
D1,14,1.5,none,0,short,0.0,245,11.396618695873663,-0.4537936951048033,0.5771703947368013,0.699222130817691,0.2612244897959184,-0.0032951798317613474,-0.4365358211114132,0.2537762153686217,0.7115826377199959,-0.259478376922202,-0.01387649216490483,7405.21623077797
D1,14,1.5,none,0,short,1.0,245,11.396618695873663,-0.4537936951048033,0.5771703947368013,0.699222130817691,0.2612244897959184,-0.0032951798317613474,-0.4365358211114132,0.2537762153686217,0.7115826377199959,-0.259478376922202,-0.01387649216490483,7405.21623077797
D1,14,1.5,W1,20,both,0.0,181,8.710177865612648,0.21383822360870192,0.2751980819277643,1.2352885644462819,0.30386740331491713,0.0022280075668415222,0.21892556190992177,0.08967682814487876,1.244643780590851,0.15784401354688726,0.007077751630102824,11578.4401354689
D1,14,1.5,W1,20,both,1.0,181,8.710177865612648,0.21383822360870192,0.2751980819277643,1.2352885644462819,0.30386740331491713,0.0022280075668415222,0.21892556190992177,0.08967682814487876,1.244643780590851,0.15784401354688726,0.007077751630102824,11578.4401354689
D1,14,1.5,W1,20,long,0.0,94,4.523517786561265,0.5012079295183628,0.1382342644982878,2.0305126189518905,0.3723404255319149,0.009079529971936656,0.46844577988424474,0.047927876133691094,2.057055712139176,0.3944393086098419,0.016129067088591853,13944.393086098416
D1,14,1.5,W1,20,long,1.0,94,4.523517786561265,0.5012079295183628,0.1382342644982878,2.0305126189518905,0.3723404255319149,0.009079529971936656,0.46844577988424474,0.047927876133691094,2.057055712139176,0.3944393086098419,0.016129067088591853,13944.393086098416
D1,14,1.5,W1,20,short,0.0,100,5.24558380008617,-0.403668025125872,0.32098705986419873,0.6255865476408169,0.24,-0.0037204551940545755,-0.41720304233435385,0.13781930640480888,0.6174223113180823,-0.13277657241392227,-0.007444935145815679,8672.234275860768
D1,14,1.5,W1,20,short,1.0,100,5.24558380008617,-0.403668025125872,0.32098705986419873,0.6255865476408169,0.24,-0.0037204551940545755,-0.41720304233435385,0.13781930640480888,0.6174223113180823,-0.13277657241392227,-0.007444935145815679,8672.234275860768
D1,14,1.5,W1,32,both,0.0,184,9.080664775030401,0.30429486162766406,0.15406731851441025,1.3498349164163987,0.30978260869565216,0.0034139497816770606,0.33720512737932457,0.06003073263060332,1.4093195824553824,0.3095948717443846,0.013399948348247426,13095.948717443858
D1,14,1.5,W1,32,both,1.0,184,9.080664775030401,0.30429486162766406,0.15406731851441025,1.3498349164163987,0.30978260869565216,0.0034139497816770606,0.33720512737932457,0.06003073263060332,1.4093195824553824,0.3095948717443846,0.013399948348247426,13095.948717443858
D1,14,1.5,W1,32,long,0.0,101,4.984495338467775,0.43695225355829836,0.13714208649691473,1.8181936879644076,0.36633663366336633,0.007541400540782682,0.4433412775719536,0.04970315586000418,1.8880781563557805,0.35102746632835036,0.014958921146381643,13510.274663283513
D1,14,1.5,W1,32,long,1.0,101,4.984495338467775,0.43695225355829836,0.13714208649691473,1.8181936879644076,0.36633663366336633,0.007541400540782682,0.4433412775719536,0.04970315586000418,1.8880781563557805,0.35102746632835036,0.014958921146381643,13510.274663283513
D1,14,1.5,W1,32,short,0.0,92,4.820398795007891,-0.14119874218064032,0.22721509299803744,0.8375676092236812,0.2391304347826087,-0.001628964888614645,-0.04287353197867564,0.0795054985683441,0.9451077558021634,-0.023977148727229003,-0.001270796271066632,9760.22851272772
D1,14,1.5,W1,32,short,1.0,92,4.820398795007891,-0.14119874218064032,0.22721509299803744,0.8375676092236812,0.2391304347826087,-0.001628964888614645,-0.04287353197867564,0.0795054985683441,0.9451077558021634,-0.023977148727229003,-0.001270796271066632,9760.22851272772
D1,14,1.5,W1,50,both,0.0,189,9.677870461236507,0.18669679823035304,0.3881354587057537,1.1968002169678673,0.30687830687830686,0.002033761942170541,0.22899247738215664,0.12473635390224302,1.2586321794314956,0.18547573583473564,0.008750407531941784,11854.757358347348
D1,14,1.5,W1,50,both,1.0,189,9.677870461236507,0.18669679823035304,0.3881354587057537,1.1968002169678673,0.30687830687830686,0.002033761942170541,0.22899247738215664,0.12473635390224302,1.2586321794314956,0.18547573583473564,0.008750407531941784,11854.757358347348
D1,14,1.5,W1,50,long,0.0,113,5.989442751414889,0.33060039001511166,0.20656692556667222,1.5397744159522895,0.35398230088495575,0.005061284785320584,0.38219487998613316,0.08180569113654124,1.7652719484740573,0.3318579173014715,0.015305540608329338,13318.579173014721
D1,14,1.5,W1,50,long,1.0,113,5.989442751414889,0.33060039001511166,0.20656692556667222,1.5397744159522895,0.35398230088495575,0.005061284785320584,0.38219487998613316,0.08180569113654124,1.7652719484740573,0.3318579173014715,0.015305540608329338,13318.579173014721
D1,14,1.5,W1,50,short,0.0,85,4.605585224744103,-0.036181666651152106,0.18901789796835233,0.9540728694195857,0.24705882352941178,-0.0005226461895526118,0.05867571634707194,0.0582892931476765,1.0805273112906302,0.02230412768375789,0.0011959467552298264,10223.04127683757
D1,14,1.5,W1,50,short,1.0,85,4.605585224744103,-0.036181666651152106,0.18901789796835233,0.9540728694195857,0.24705882352941178,-0.0005226461895526118,0.05867571634707194,0.0582892931476765,1.0805273112906302,0.02230412768375789,0.0011959467552298264,10223.04127683757
D1,14,1.5,W1,80,both,0.0,189,10.22397067535545,0.19687216154093662,0.36198956586993225,1.2126725885962155,0.30158730158730157,0.002146356787526864,0.2553246566831388,0.16644973565834154,1.2985082355515216,0.21936571167038776,0.010786481003318249,12193.657116703887
D1,14,1.5,W1,80,both,1.0,189,10.22397067535545,0.19687216154093662,0.36198956586993225,1.2126725885962155,0.30158730158730157,0.002146356787526864,0.2553246566831388,0.16644973565834154,1.2985082355515216,0.21936571167038776,0.010786481003318249,12193.657116703887
D1,14,1.5,W1,80,long,0.0,124,6.707790284360189,0.324248222484238,0.21345692435614216,1.5106272761831445,0.3064516129032258,0.005007160764961551,0.3594931239607414,0.10421305645646828,1.6527854409486438,0.34502309064824965,0.0161636280329418,13450.230906482506
D1,14,1.5,W1,80,long,1.0,124,6.707790284360189,0.324248222484238,0.21345692435614216,1.5106272761831445,0.3064516129032258,0.005007160764961551,0.3594931239607414,0.10421305645646828,1.6527854409486438,0.34502309064824965,0.0161636280329418,13450.230906482506
D1,14,1.5,W1,80,short,0.0,72,4.564040263797293,-0.1269984078035932,0.2194002280880999,0.8526076550842954,0.2916666666666667,-0.0015697540677407332,-0.1585938303970087,0.07730245458108609,0.8225352057647015,-0.051512828720041925,-0.003346865408915378,9484.871712799579
D1,14,1.5,W1,80,short,1.0,72,4.564040263797293,-0.1269984078035932,0.2194002280880999,0.8526076550842954,0.2916666666666667,-0.0015697540677407332,-0.1585938303970087,0.07730245458108609,0.8225352057647015,-0.051512828720041925,-0.003346865408915378,9484.871712799579
D1,14,1.5,W1,120,both,0.0,177,10.493304658334687,0.49908710631946573,0.19554558290526747,1.6194900480108614,0.3502824858757062,0.005621951515341844,0.5406746116096496,0.07777303938609836,1.7406671599316048,0.5949451495228777,0.028062744331634137,15949.451495228795
D1,14,1.5,W1,120,both,1.0,177,10.493304658334687,0.49908710631946573,0.19554558290526747,1.6194900480108614,0.3502824858757062,0.005621951515341844,0.5406746116096496,0.07777303938609836,1.7406671599316048,0.5949451495228777,0.028062744331634137,15949.451495228795
D1,14,1.5,W1,120,long,0.0,116,6.87696802467132,0.48743105170388173,0.23609789228470346,1.8352523026302197,0.35344827586206895,0.007433948524828059,0.5315952757182061,0.08761359108460276,2.042826132913487,0.49064768212334564,0.02394917387794937,14906.476821233484
D1,14,1.5,W1,120,long,1.0,116,6.87696802467132,0.48743105170388173,0.23609789228470346,1.8352523026302197,0.35344827586206895,0.007433948524828059,0.5315952757182061,0.08761359108460276,2.042826132913487,0.49064768212334564,0.02394917387794937,14906.476821233484
D1,14,1.5,W1,120,short,0.0,63,5.967518153526971,0.1783977993199393,0.10558596701344058,1.2222549532884976,0.3492063492063492,0.002063278274263635,0.30044431624105317,0.05271227071844675,1.409907049431782,0.09492867126735449,0.00862731325067645,10949.286712673547
D1,14,1.5,W1,120,short,1.0,63,5.967518153526971,0.1783977993199393,0.10558596701344058,1.2222549532884976,0.3492063492063492,0.002063278274263635,0.30044431624105317,0.05271227071844675,1.409907049431782,0.09492867126735449,0.00862731325067645,10949.286712673547
D1,20,2.5,none,0,both,0.0,137,6.367937134130822,0.2569124433821588,0.27165649624060606,1.3259432551267958,0.3795620437956204,0.0046394150348462865,0.3243278634207496,0.07804519647504693,1.4608447517716454,0.21399271878715442,0.009054148802411621,12139.92718787153
D1,20,2.5,none,0,both,1.0,137,6.367937134130822,0.2569124433821588,0.27165649624060606,1.3259432551267958,0.3795620437956204,0.0046394150348462865,0.3243278634207496,0.07804519647504693,1.4608447517716454,0.21399271878715442,0.009054148802411621,12139.92718787153
D1,20,2.5,none,0,long,0.0,127,5.919697549770291,0.35629592673474675,0.26015442555727875,1.5284376412525702,0.3937007874015748,0.007260036883262027,0.3963084289180365,0.06899831840090487,1.632575936946769,0.2923505277561502,0.012025921621749758,12923.50527756148
D1,20,2.5,none,0,long,1.0,127,5.919697549770291,0.35629592673474675,0.26015442555727875,1.5284376412525702,0.3937007874015748,0.007260036883262027,0.3963084289180365,0.06899831840090487,1.632575936946769,0.2923505277561502,0.012025921621749758,12923.50527756148
D1,20,2.5,none,0,short,0.0,127,5.921208833290784,-0.6958219914653914,0.686063559276088,0.497449468863199,0.25196850393700787,-0.008871413357162773,-0.7081337510804385,0.2354924231618254,0.47030317676839606,-0.24065854641594553,-0.01275365023005326,7593.414535840543
D1,20,2.5,none,0,short,1.0,127,5.921208833290784,-0.6958219914653914,0.686063559276088,0.497449468863199,0.25196850393700787,-0.008871413357162773,-0.7081337510804385,0.2354924231618254,0.47030317676839606,-0.24065854641594553,-0.01275365023005326,7593.414535840543
D1,20,2.5,W1,20,both,0.0,76,3.660688381906897,0.0555448668603645,0.2833152037187936,1.0840528681522492,0.32894736842105265,0.0012257862051227926,0.14099781867476838,0.07123512932746645,1.243457419748729,0.059440470989621685,0.002785074856026748,10594.40470989621
D1,20,2.5,W1,20,both,1.0,76,3.660688381906897,0.0555448668603645,0.2833152037187936,1.0840528681522492,0.32894736842105265,0.0012257862051227926,0.14099781867476838,0.07123512932746645,1.243457419748729,0.059440470989621685,0.002785074856026748,10594.40470989621
D1,20,2.5,W1,20,long,0.0,40,1.926678095740472,0.3254390041923393,0.1264444572382878,1.9470314785857048,0.425,0.011553453525918248,0.3421962347332614,0.03120051198810414,2.0803244891077886,0.13017363513214142,0.005911656915326136,11301.73635132141
D1,20,2.5,W1,20,long,1.0,40,1.926678095740472,0.3254390041923393,0.1264444572382878,1.9470314785857048,0.425,0.011553453525918248,0.3421962347332614,0.03120051198810414,2.0803244891077886,0.13017363513214142,0.005911656915326136,11301.73635132141
D1,20,2.5,W1,20,short,0.0,43,2.2660150050497765,-0.34435504212962814,0.31682815309555157,0.5643532428381517,0.2558139534883721,-0.007451133304929102,-0.2715570347505539,0.08472241387153412,0.6102437652525268,-0.06304002898946304,-0.003425536349730307,9369.599710105367
D1,20,2.5,W1,20,short,1.0,43,2.2660150050497765,-0.34435504212962814,0.31682815309555157,0.5643532428381517,0.2558139534883721,-0.007451133304929102,-0.2715570347505539,0.08472241387153412,0.6102437652525268,-0.06304002898946304,-0.003425536349730307,9369.599710105367
D1,20,2.5,W1,32,both,0.0,75,3.7331357318070317,0.014496345804557265,0.2341049629364086,1.0201579299556287,0.30666666666666664,0.0002864107899894347,0.0781213415543315,0.05553400118047469,1.1226431689233318,0.027884857492497472,0.0013699109190696834,10278.848574924965
D1,20,2.5,W1,32,both,1.0,75,3.7331357318070317,0.014496345804557265,0.2341049629364086,1.0201579299556287,0.30666666666666664,0.0002864107899894347,0.0781213415543315,0.05553400118047469,1.1226431689233318,0.027884857492497472,0.0013699109190696834,10278.848574924965
D1,20,2.5,W1,32,long,0.0,47,2.3394317252657397,0.10976922906652775,0.1547832662261428,1.220352304496925,0.3404255319148936,0.0027782295467668736,0.1551425535583018,0.03801901654883466,1.353814332723101,0.04978363571628508,0.0024212060158448345,10497.836357162854
D1,20,2.5,W1,32,long,1.0,47,2.3394317252657397,0.10976922906652775,0.1547832662261428,1.220352304496925,0.3404255319148936,0.0027782295467668736,0.1551425535583018,0.03801901654883466,1.353814332723101,0.04978363571628508,0.0024212060158448345,10497.836357162854
D1,20,2.5,W1,32,short,0.0,34,1.786577470867501,-0.1054636684527048,0.18802344413268357,0.8198992278130407,0.29411764705882354,-0.002824301931849622,-0.12120052874318793,0.039256450499310036,0.7864506762323672,-0.027969440289905778,-0.001489527556787218,9720.305597100942
D1,20,2.5,W1,32,short,1.0,34,1.786577470867501,-0.1054636684527048,0.18802344413268357,0.8198992278130407,0.29411764705882354,-0.002824301931849622,-0.12120052874318793,0.039256450499310036,0.7864506762323672,-0.027969440289905778,-0.001489527556787218,9720.305597100942
D1,20,2.5,W1,50,both,0.0,86,4.408012910468706,0.11578410979940605,0.20982153588263042,1.1609716813257531,0.36046511627906974,0.002380455174594926,0.2175826458201409,0.05157439488127313,1.3667943766746746,0.0964858722518227,0.004732370038693423,10964.858722518218
D1,20,2.5,W1,50,both,1.0,86,4.408012910468706,0.11578410979940605,0.20982153588263042,1.1609716813257531,0.36046511627906974,0.002380455174594926,0.2175826458201409,0.05157439488127313,1.3667943766746746,0.0964858722518227,0.004732370038693423,10964.858722518218
D1,20,2.5,W1,50,long,0.0,54,2.7678220600617456,0.09612613280460619,0.30201008359237713,1.17974965780722,0.3333333333333333,0.0026476757446861933,0.1558171682445952,0.06686385040007103,1.3232976104318561,0.05397625984074561,0.0026981557260670197,10539.762598407453
D1,20,2.5,W1,50,long,1.0,54,2.7678220600617456,0.09612613280460619,0.30201008359237713,1.17974965780722,0.3333333333333333,0.0026476757446861933,0.1558171682445952,0.06686385040007103,1.3232976104318561,0.05397625984074561,0.0026981557260670197,10539.762598407453
D1,20,2.5,W1,50,short,0.0,35,1.9017777447188335,0.04477926226984614,0.1299423668138021,1.0823165400787884,0.4,0.0012521735197208654,0.05582298412525257,0.026709835772597446,1.1112460825071162,0.010860588992571252,0.0005871172099998212,10108.60588992571
D1,20,2.5,W1,50,short,1.0,35,1.9017777447188335,0.04477926226984614,0.1299423668138021,1.0823165400787884,0.4,0.0012521735197208654,0.05582298412525257,0.026709835772597446,1.1112460825071162,0.010860588992571252,0.0005871172099998212,10108.60588992571
D1,20,2.5,W1,80,both,0.0,86,4.652177132701421,0.0739267374072051,0.43046732834926515,1.1016297220198863,0.3023255813953488,0.001666391290638005,0.16754003381199567,0.12037272005069255,1.2726198027565812,0.08408876187383107,0.00437717725141562,10840.887618738307
D1,20,2.5,W1,80,both,1.0,86,4.652177132701421,0.0739267374072051,0.43046732834926515,1.1016297220198863,0.3023255813953488,0.001666391290638005,0.16754003381199567,0.12037272005069255,1.2726198027565812,0.08408876187383107,0.00437717725141562,10840.887618738307
D1,20,2.5,W1,80,long,0.0,59,3.191609893364929,0.1359917296020449,0.4144628357809461,1.2476058957261733,0.3050847457627119,0.004070201739357722,0.20589610071669148,0.1103901409708824,1.4276350612023787,0.10079077861464447,0.005208202282290575,11007.907786146448
D1,20,2.5,W1,80,long,1.0,59,3.191609893364929,0.1359917296020449,0.4144628357809461,1.2476058957261733,0.3050847457627119,0.004070201739357722,0.20589610071669148,0.1103901409708824,1.4276350612023787,0.10079077861464447,0.005208202282290575,11007.907786146448
D1,20,2.5,W1,80,short,0.0,30,2.1338851022395326,-0.23159916936128858,0.1667091717435809,0.6726901256321335,0.26666666666666666,-0.005570041500614378,-0.22440622622986198,0.03300417221413199,0.6837878096880042,-0.030637900350986125,-0.00221089289863996,9693.620996490135
D1,20,2.5,W1,80,short,1.0,30,2.1338851022395326,-0.23159916936128858,0.1667091717435809,0.6726901256321335,0.26666666666666666,-0.005570041500614378,-0.22440622622986198,0.03300417221413199,0.6837878096880042,-0.030637900350986125,-0.00221089289863996,9693.620996490135
D1,20,2.5,W1,120,both,0.0,80,4.980398840974945,0.26121041997574174,0.2127608987870515,1.3850346359672423,0.3375,0.005746613416974708,0.3625049073051514,0.053654022078086006,1.646544901821868,0.18640838700915197,0.010698100645916586,11864.08387009151
D1,20,2.5,W1,120,both,1.0,80,4.980398840974945,0.26121041997574174,0.2127608987870515,1.3850346359672423,0.3375,0.005746613416974708,0.3625049073051514,0.053654022078086006,1.646544901821868,0.18640838700915197,0.010698100645916586,11864.08387009151
D1,20,2.5,W1,120,long,0.0,54,3.361769217658088,0.29292842839200744,0.23980573958817775,1.5795165062866074,0.37037037037037035,0.00852401821586537,0.39839333029016255,0.06409353027534892,1.9675366063890696,0.18924442961967847,0.010848341431055841,11892.444296196783
D1,20,2.5,W1,120,long,1.0,54,3.361769217658088,0.29292842839200744,0.23980573958817775,1.5795165062866074,0.37037037037037035,0.00852401821586537,0.39839333029016255,0.06409353027534892,1.9675366063890696,0.18924442961967847,0.010848341431055841,11892.444296196783
D1,20,2.5,W1,120,short,0.0,26,2.5050118702189397,-0.0008835291954414299,0.13577820737452728,0.9985792171546182,0.2692307692307692,-2.184270379820803e-05,0.031478677387513296,0.03239757982291802,1.0571432670432703,0.0037735328895296405,0.0003629487076597382,10037.735328895304
D1,20,2.5,W1,120,short,1.0,26,2.5050118702189397,-0.0008835291954414299,0.13577820737452728,0.9985792171546182,0.2692307692307692,-2.184270379820803e-05,0.031478677387513296,0.03239757982291802,1.0571432670432703,0.0037735328895296405,0.0003629487076597382,10037.735328895304
D1,20,3.0,none,0,both,0.0,107,4.974764511201629,0.2117502887028557,0.3502820915605436,1.292761552499663,0.3925233644859813,0.004932499850643715,0.3357276628341451,0.04379416808473324,1.610633053048306,0.2104007705116362,0.008917458865232764,12104.00770511635
D1,20,3.0,none,0,both,1.0,107,4.974764511201629,0.2117502887028557,0.3502820915605436,1.292761552499663,0.3925233644859813,0.004932499850643715,0.3357276628341451,0.04379416808473324,1.610633053048306,0.2104007705116362,0.008917458865232764,12104.00770511635
D1,20,3.0,none,0,long,0.0,100,4.6617740906190175,0.4009968848541958,0.2769827884391526,1.6663722341864524,0.41,0.010841533510812941,0.4867337030067368,0.0610921251939015,1.985864950511961,0.3318507436147311,0.013448856359527861,13318.507436147303
D1,20,3.0,none,0,long,1.0,100,4.6617740906190175,0.4009968848541958,0.2769827884391526,1.6663722341864524,0.41,0.010841533510812941,0.4867337030067368,0.0610921251939015,1.985864950511961,0.3318507436147311,0.013448856359527861,13318.507436147303
D1,20,3.0,none,0,short,0.0,100,4.685094920472038,-0.823835884962586,0.7298074607409744,0.4021087761573206,0.24,-0.012811330665373379,-0.8453493532335836,0.24756336235536325,0.361205852526186,-0.25248258648572375,-0.013541001960962196,7475.174135142751
D1,20,3.0,none,0,short,1.0,100,4.685094920472038,-0.823835884962586,0.7298074607409744,0.4021087761573206,0.24,-0.012811330665373379,-0.8453493532335836,0.24756336235536325,0.361205852526186,-0.25248258648572375,-0.013541001960962196,7475.174135142751
D1,20,3.0,W1,20,both,0.0,57,2.7455162864301728,0.03880902566172916,0.37037853417469746,1.068396260027104,0.3157894736842105,0.001195355161090889,0.12204230590624698,0.08641849236971166,1.2832548658062202,0.05013575369460055,0.0023590788385332573,10501.357536945996
D1,20,3.0,W1,20,both,1.0,57,2.7455162864301728,0.03880902566172916,0.37037853417469746,1.068396260027104,0.3157894736842105,0.001195355161090889,0.12204230590624698,0.08641849236971166,1.2832548658062202,0.05013575369460055,0.0023590788385332573,10501.357536945996
D1,20,3.0,W1,20,long,0.0,30,1.445008571805354,0.32300075795873057,0.10863550767313401,2.186600845912314,0.43333333333333335,0.016250943899612017,0.3779282928400566,0.018737676591921493,3.0585292837929265,0.16033634076916026,0.0071886182059459625,11603.363407691595
D1,20,3.0,W1,20,long,1.0,30,1.445008571805354,0.32300075795873057,0.10863550767313401,2.186600845912314,0.43333333333333335,0.016250943899612017,0.3779282928400566,0.018737676591921493,3.0585292837929265,0.16033634076916026,0.0071886182059459625,11603.363407691595
D1,20,3.0,W1,20,short,0.0,34,1.786577470867501,-0.3643274945744196,0.35820939502106863,0.4950038352897319,0.23529411764705882,-0.010501539437686275,-0.39135619986889975,0.09355669413544532,0.45535690337340073,-0.0718914496230717,-0.003912632574622044,9281.08550376929
D1,20,3.0,W1,20,short,1.0,34,1.786577470867501,-0.3643274945744196,0.35820939502106863,0.4950038352897319,0.23529411764705882,-0.010501539437686275,-0.39135619986889975,0.09355669413544532,0.45535690337340073,-0.0718914496230717,-0.003912632574622044,9281.08550376929
D1,20,3.0,W1,32,both,0.0,50,2.4870625085115075,0.0004003238773169136,0.29462689372938633,1.0006594066538932,0.3,1.1793095669118126e-05,0.12904981870050977,0.04612713800116397,1.3102622737726792,0.048598294411081655,0.0023632249594465193,10485.982944110818
D1,20,3.0,W1,32,both,1.0,50,2.4870625085115075,0.0004003238773169136,0.29462689372938633,1.0006594066538932,0.3,1.1793095669118126e-05,0.12904981870050977,0.04612713800116397,1.3102622737726792,0.048598294411081655,0.0023632249594465193,10485.982944110818
D1,20,3.0,W1,32,long,0.0,31,1.5419787552771347,0.11004947291011581,0.20206401920932726,1.2655585310116,0.3225806451612903,0.004685214059378505,0.19694576149842918,0.033145502266052285,1.6977504827528331,0.07261617819301058,0.0034929822825329193,10726.161781930105
D1,20,3.0,W1,32,long,1.0,31,1.5419787552771347,0.11004947291011581,0.20206401920932726,1.2655585310116,0.3225806451612903,0.004685214059378505,0.19694576149842918,0.033145502266052285,1.6977504827528331,0.07261617819301058,0.0034929822825329193,10726.161781930105
D1,20,3.0,W1,32,short,0.0,25,1.3136599050496331,-0.34084103003883354,0.23062927057676286,0.5003305741194755,0.28,-0.009502910427042597,-0.4153225366110933,0.05475507240958499,0.4163995704475389,-0.05344805341823544,-0.0028821819512578895,9465.519465817644
D1,20,3.0,W1,32,short,1.0,25,1.3136599050496331,-0.34084103003883354,0.23062927057676286,0.5003305741194755,0.28,-0.009502910427042597,-0.4153225366110933,0.05475507240958499,0.4163995704475389,-0.05344805341823544,-0.0028821819512578895,9465.519465817644
D1,20,3.0,W1,50,both,0.0,67,3.434149593039573,0.012715606370278004,0.252932643642904,1.0179113238862116,0.3283582089552239,0.00034533928672179107,0.15232576980336968,0.04004552783609838,1.3055989083688215,0.06814254843071499,0.003384569625915601,10681.425484307149
D1,20,3.0,W1,50,both,1.0,67,3.434149593039573,0.012715606370278004,0.252932643642904,1.0179113238862116,0.3283582089552239,0.00034533928672179107,0.15232576980336968,0.04004552783609838,1.3055989083688215,0.06814254843071499,0.003384569625915601,10681.425484307149
D1,20,3.0,W1,50,long,0.0,40,2.0502385630087003,0.16286906577087087,0.1996752795844391,1.360989806671602,0.325,0.006522259046925325,0.26815697011192596,0.032331007049011595,1.8866709813497218,0.11574417128706416,0.005629421195049389,11157.441712870628
D1,20,3.0,W1,50,long,1.0,40,2.0502385630087003,0.16286906577087087,0.1996752795844391,1.360989806671602,0.325,0.006522259046925325,0.26815697011192596,0.032331007049011595,1.8866709813497218,0.11574417128706416,0.005629421195049389,11157.441712870628
D1,20,3.0,W1,50,short,0.0,28,1.5211958946898707,-0.2749629371640873,0.22618751743407928,0.6019850336426156,0.35714285714285715,-0.008089442884247438,-0.3301493039183891,0.04753589352652432,0.5465021348587857,-0.04621889235634813,-0.0025675778976091967,9537.811076436521
D1,20,3.0,W1,50,short,1.0,28,1.5211958946898707,-0.2749629371640873,0.22618751743407928,0.6019850336426156,0.35714285714285715,-0.008089442884247438,-0.3301493039183891,0.04753589352652432,0.5465021348587857,-0.04621889235634813,-0.0025675778976091967,9537.811076436521
D1,20,3.0,W1,80,both,0.0,67,3.640545968461767,0.3122544495867912,0.24437358051746016,1.5646182268345423,0.373134328358209,0.009588478263376854,0.39945559964242966,0.04343399463089026,1.9722636831184064,0.21702356808912615,0.010729284772114767,12170.23568089125
D1,20,3.0,W1,80,both,1.0,67,3.640545968461767,0.3122544495867912,0.24437358051746016,1.5646182268345423,0.373134328358209,0.009588478263376854,0.39945559964242966,0.04343399463089026,1.9722636831184064,0.21702356808912615,0.010729284772114767,12170.23568089125
D1,20,3.0,W1,80,long,0.0,43,2.3364698006545668,0.4319026429681818,0.15828209846168662,2.1624729616493688,0.4186046511627907,0.01903202122179072,0.4917010525996826,0.032362645120272315,2.7356591299074347,0.2541513594376743,0.012381016412969847,12541.513594376736
D1,20,3.0,W1,80,long,1.0,43,2.3364698006545668,0.4319026429681818,0.15828209846168662,2.1624729616493688,0.4186046511627907,0.01903202122179072,0.4917010525996826,0.032362645120272315,2.7356591299074347,0.2541513594376743,0.012381016412969847,12541.513594376736
D1,20,3.0,W1,80,short,0.0,26,1.653866248693835,-0.36164658476855055,0.18019494905224376,0.520622369800241,0.2692307692307692,-0.009132142649574486,-0.37138623344487826,0.03876035739982597,0.5116309425947875,-0.03842649920219099,-0.002489417270797989,9615.735007978088
D1,20,3.0,W1,80,short,1.0,26,1.653866248693835,-0.36164658476855055,0.18019494905224376,0.520622369800241,0.2692307692307692,-0.009132142649574486,-0.37138623344487826,0.03876035739982597,0.5116309425947875,-0.03842649920219099,-0.002489417270797989,9615.735007978088
D1,20,3.0,W1,120,both,0.0,63,3.8154120378046756,0.2763636499592979,0.30522839669402835,1.4768663371995228,0.36507936507936506,0.008607409968382596,0.3831764618126992,0.07139527625741138,1.880206688107617,0.19936276657985275,0.011070435644942034,11993.627665798518
D1,20,3.0,W1,120,both,1.0,63,3.8154120378046756,0.2763636499592979,0.30522839669402835,1.4768663371995228,0.36507936507936506,0.008607409968382596,0.3831764618126992,0.07139527625741138,1.880206688107617,0.19936276657985275,0.011070435644942034,11993.627665798518
D1,20,3.0,W1,120,long,0.0,39,2.3619217376886086,0.44974434128635704,0.17557188350189468,2.2482419325479253,0.41025641025641024,0.020728357030513202,0.49890496600153117,0.04392144713625723,2.784278546786251,0.2438729301873528,0.013304180064900084,12438.72930187354
D1,20,3.0,W1,120,long,1.0,39,2.3619217376886086,0.44974434128635704,0.17557188350189468,2.2482419325479253,0.41025641025641024,0.020728357030513202,0.49890496600153117,0.04392144713625723,2.784278546786251,0.2438729301873528,0.013304180064900084,12438.72930187354
D1,20,3.0,W1,120,short,0.0,24,2.1261217560029104,-0.5029730801911217,0.24231697718099998,0.4563161564699676,0.2916666666666667,-0.011089129007579634,-0.41376899043578097,0.043675137895509475,0.5032316863443566,-0.04451016360750204,-0.004025408464315983,9554.898363924978
D1,20,3.0,W1,120,short,1.0,24,2.1261217560029104,-0.5029730801911217,0.24231697718099998,0.4563161564699676,0.2916666666666667,-0.011089129007579634,-0.41376899043578097,0.043675137895509475,0.5032316863443566,-0.04451016360750204,-0.004025408464315983,9554.898363924978
D1,20,1.0,none,0,both,0.0,364,16.910582548969728,0.2109453636793858,0.2141333134863097,1.2324869958410838,0.25824175824175827,0.001866945016315182,0.30568736698525195,0.12493647237815697,1.3972631960839543,0.8121956561108092,0.028005882995996156,18121.95656110807
D1,20,1.0,none,0,both,1.0,364,16.910582548969728,0.2109453636793858,0.2141333134863097,1.2324869958410838,0.25824175824175827,0.001866945016315182,0.30568736698525195,0.12493647237815697,1.3972631960839543,0.8121956561108092,0.028005882995996156,18121.95656110807
D1,20,1.0,none,0,long,0.0,307,14.286119250859983,0.5057171835712825,0.3066497583055766,1.7163484024107685,0.250814332247557,0.005606634320178947,0.5193875295894912,0.22142188767327908,1.874996343008895,2.2901941498397282,0.05698467801562557,32901.94149839718
D1,20,1.0,none,0,long,1.0,307,14.286119250859983,0.5057171835712825,0.3066497583055766,1.7163484024107685,0.250814332247557,0.005606634320178947,0.5193875295894912,0.22142188767327908,1.874996343008895,2.2901941498397282,0.05698467801562557,32901.94149839718
D1,20,1.0,none,0,short,0.0,307,14.562564935064936,-0.3308863608315141,0.4713922205872477,0.7708631491406578,0.26384364820846906,-0.0018419946873595018,-0.13493528210648842,0.21228504902423462,0.8967076426749017,-0.1485040773763544,-0.007596686159429655,8514.959226236462
D1,20,1.0,none,0,short,1.0,307,14.562564935064936,-0.3308863608315141,0.4713922205872477,0.7708631491406578,0.26384364820846906,-0.0018419946873595018,-0.13493528210648842,0.21228504902423462,0.8967076426749017,-0.1485040773763544,-0.007596686159429655,8514.959226236462
D1,20,1.0,W1,20,both,0.0,239,11.49068711333421,0.2249000311024402,0.24147463474483233,1.3430630554294252,0.2594142259414226,0.002566976588035839,0.22759743377683153,0.13949832399965056,1.359150671907527,0.37602541293273317,0.015464882319721873,13760.254129327313
D1,20,1.0,W1,20,both,1.0,239,11.49068711333421,0.2249000311024402,0.24147463474483233,1.3430630554294252,0.2594142259414226,0.002566976588035839,0.22759743377683153,0.13949832399965056,1.359150671907527,0.37602541293273317,0.015464882319721873,13760.254129327313
D1,20,1.0,W1,20,long,0.0,99,4.759740687113334,0.30939169526703186,0.1686526682999877,2.048665595983757,0.26262626262626265,0.007689972583691474,0.3127238440751309,0.10814735330392622,2.0363531396533463,0.4979386712069178,0.0196178626043797,14979.386712069172
D1,20,1.0,W1,20,long,1.0,99,4.759740687113334,0.30939169526703186,0.1686526682999877,2.048665595983757,0.26262626262626265,0.007689972583691474,0.3127238440751309,0.10814735330392622,2.0363531396533463,0.4979386712069178,0.0196178626043797,14979.386712069172
D1,20,1.0,W1,20,short,0.0,159,7.941303158758376,-0.25030861420157857,0.2726150100419349,0.7656257112481358,0.2578616352201258,-0.0018214176249222586,-0.2247312534183896,0.1334906079482726,0.7953435537021479,-0.13488462659547062,-0.00721057304158057,8651.153734045296
D1,20,1.0,W1,20,short,1.0,159,7.941303158758376,-0.25030861420157857,0.2726150100419349,0.7656257112481358,0.2578616352201258,-0.0018214176249222586,-0.2247312534183896,0.1334906079482726,0.7953435537021479,-0.13488462659547062,-0.00721057304158057,8651.153734045296
D1,20,1.0,W1,32,both,0.0,238,12.008495648570245,0.21184348847850618,0.21716239783013536,1.224793952896466,0.25210084033613445,0.0017623237299146672,0.3179308993296282,0.12626058238857585,1.363893162566758,0.4398128463550586,0.01856199658046087,14398.128463550596
D1,20,1.0,W1,32,both,1.0,238,12.008495648570245,0.21184348847850618,0.21716239783013536,1.224793952896466,0.25210084033613445,0.0017623237299146672,0.3179308993296282,0.12626058238857585,1.363893162566758,0.4398128463550586,0.01856199658046087,14398.128463550596
D1,20,1.0,W1,32,long,0.0,118,5.972768847006652,0.28037422891674807,0.15298634352384377,1.4927412949563672,0.2457627118644068,0.0037573627948653777,0.30877622515867204,0.09868612843720992,1.569045009883275,0.32124389005959353,0.014200354497592604,13212.43890059596
D1,20,1.0,W1,32,long,1.0,118,5.972768847006652,0.28037422891674807,0.15298634352384377,1.4927412949563672,0.2457627118644068,0.0037573627948653777,0.30877622515867204,0.09868612843720992,1.569045009883275,0.32124389005959353,0.014200354497592604,13212.43890059596
D1,20,1.0,W1,32,short,0.0,137,7.056726836835426,-0.035126188300308475,0.21946662804248607,0.960596951947222,0.2773722627737226,-0.000306959549303593,0.14027004190179784,0.10712169438754204,1.1836260579077518,0.09894884341396581,0.004871911789968486,10989.488434139646
D1,20,1.0,W1,32,short,1.0,137,7.056726836835426,-0.035126188300308475,0.21946662804248607,0.960596951947222,0.2773722627737226,-0.000306959549303593,0.14027004190179784,0.10712169438754204,1.1836260579077518,0.09894884341396581,0.004871911789968486,10989.488434139646
D1,20,1.0,W1,50,both,0.0,249,12.695037688442213,0.34160831587472534,0.2153098258322642,1.5117019736288224,0.26506024096385544,0.0038835804162584394,0.40220642320673056,0.11461327381640596,1.66805540747243,0.9485284269563437,0.03459513998017827,19485.28426956346
D1,20,1.0,W1,50,both,1.0,249,12.695037688442213,0.34160831587472534,0.2153098258322642,1.5117019736288224,0.26506024096385544,0.0038835804162584394,0.40220642320673056,0.11461327381640596,1.66805540747243,0.9485284269563437,0.03459513998017827,19485.28426956346
D1,20,1.0,W1,50,long,0.0,141,7.460560625814863,0.31732864931966365,0.14426382073188637,1.7540004615016875,0.24113475177304963,0.005633344975568379,0.3649701877807993,0.08800993579514105,2.057750077704844,0.794773414757947,0.03143081185383134,17947.734147579467
D1,20,1.0,W1,50,long,1.0,141,7.460560625814863,0.31732864931966365,0.14426382073188637,1.7540004615016875,0.24113475177304963,0.005633344975568379,0.3649701877807993,0.08800993579514105,2.057750077704844,0.794773414757947,0.03143081185383134,17947.734147579467
D1,20,1.0,W1,50,short,0.0,118,6.365307930881702,0.19185673291303965,0.1083145636400713,1.2721625197520154,0.2966101694915254,0.002111107220671025,0.25006073262801987,0.06401203754789941,1.3568321612367342,0.1822669197944653,0.009072835887380615,11822.669197944657
D1,20,1.0,W1,50,short,1.0,118,6.365307930881702,0.19185673291303965,0.1083145636400713,1.2721625197520154,0.2966101694915254,0.002111107220671025,0.25006073262801987,0.06401203754789941,1.3568321612367342,0.1822669197944653,0.009072835887380615,11822.669197944657
D1,20,1.0,W1,80,both,0.0,247,13.375352112676056,0.24062058335492317,0.3686245091825948,1.3369329139381665,0.23076923076923078,0.0026737890705020137,0.33044068006048755,0.22254481622270705,1.5614092942501534,0.7540122323379432,0.03089554952061624,17540.122323379437
D1,20,1.0,W1,80,both,1.0,247,13.375352112676056,0.24062058335492317,0.3686245091825948,1.3369329139381665,0.23076923076923078,0.0026737890705020137,0.33044068006048755,0.22254481622270705,1.5614092942501534,0.7540122323379432,0.03089554952061624,17540.122323379437
D1,20,1.0,W1,80,long,0.0,154,8.339288361749444,0.28753371959798535,0.28217093904128876,1.6449676247654434,0.2077922077922078,0.0047369775953737545,0.34131440605678687,0.2158445597741635,1.907358012933978,0.7560974542944339,0.03096187777296322,17560.97454294435
D1,20,1.0,W1,80,long,1.0,154,8.339288361749444,0.28753371959798535,0.28217093904128876,1.6449676247654434,0.2077922077922078,0.0047369775953737545,0.34131440605678687,0.2158445597741635,1.907358012933978,0.7560974542944339,0.03096187777296322,17560.97454294435
D1,20,1.0,W1,80,short,0.0,96,6.081165452653486,-0.10517405325675996,0.2717111432932747,0.8820081854097525,0.2604166666666667,-0.001059043414195304,-0.013404833430658175,0.13744768828596776,0.9841469079458665,-0.015209494262292012,-0.0009703834512071463,9847.90505737707
D1,20,1.0,W1,80,short,1.0,96,6.081165452653486,-0.10517405325675996,0.2717111432932747,0.8820081854097525,0.2604166666666667,-0.001059043414195304,-0.013404833430658175,0.13744768828596776,0.9841469079458665,-0.015209494262292012,-0.0009703834512071463,9847.90505737707
D1,20,1.0,W1,120,both,0.0,226,13.27327544621322,0.35676432477195713,0.23191023615882678,1.533155443412243,0.25663716814159293,0.004024214729591954,0.433275500351502,0.1470396627205186,1.7062114320282835,0.9495464090412471,0.03998764052452275,19495.464090412483
D1,20,1.0,W1,120,both,1.0,226,13.27327544621322,0.35676432477195713,0.23191023615882678,1.533155443412243,0.25663716814159293,0.004024214729591954,0.433275500351502,0.1470396627205186,1.7062114320282835,0.9495464090412471,0.03998764052452275,19495.464090412483
D1,20,1.0,W1,120,long,0.0,135,7.9865160349854225,0.39269506133988435,0.2174300858372734,1.9046403601436592,0.2518518518518518,0.00689985376980398,0.4246841387465089,0.1353705502382605,2.11424753145559,0.8743723877528311,0.03786767075154773,18743.72387752832
D1,20,1.0,W1,120,long,1.0,135,7.9865160349854225,0.39269506133988435,0.2174300858372734,1.9046403601436592,0.2518518518518518,0.00689985376980398,0.4246841387465089,0.1353705502382605,2.11424753145559,0.8743723877528311,0.03786767075154773,18743.72387752832
D1,20,1.0,W1,120,short,0.0,97,7.035196584590945,-0.07287072833355769,0.13044771727852467,0.9180901343684126,0.25773195876288657,-0.0006106257986382663,0.058003080201595454,0.07386239744197465,1.0720639500852975,0.021474979563332885,0.0015422326843748113,10214.749795633328
D1,20,1.0,W1,120,short,1.0,97,7.035196584590945,-0.07287072833355769,0.13044771727852467,0.9180901343684126,0.25773195876288657,-0.0006106257986382663,0.058003080201595454,0.07386239744197465,1.0720639500852975,0.021474979563332885,0.0015422326843748113,10214.749795633328
D1,20,2.0,none,0,both,0.0,208,9.664419285078235,0.12140551442506997,0.4105460194788526,1.1203806143444959,0.28365384615384615,0.0015417762047955318,0.22316409786483096,0.08734523633616276,1.2596975012645129,0.19622917972435605,0.00835982268884261,11962.291797243559
D1,20,2.0,none,0,both,1.0,208,9.664419285078235,0.12140551442506997,0.4105460194788526,1.1203806143444959,0.28365384615384615,0.0015417762047955318,0.22316409786483096,0.08734523633616276,1.2596975012645129,0.19622917972435605,0.00835982268884261,11962.291797243559
D1,20,2.0,none,0,long,0.0,191,8.893772310045895,0.4308934427528371,0.33748236165628964,1.5424316390188304,0.32460732984293195,0.0061755923810876395,0.44696330034094617,0.11824796994169795,1.6338512876054416,0.5030499689037391,0.019155928267478695,15030.49968903739
D1,20,2.0,none,0,long,1.0,191,8.893772310045895,0.4308934427528371,0.33748236165628964,1.5424316390188304,0.32460732984293195,0.0061755923810876395,0.44696330034094617,0.11824796994169795,1.6338512876054416,0.5030499689037391,0.019155928267478695,15030.49968903739
D1,20,2.0,none,0,short,0.0,191,8.901716217940539,-0.8260401493498728,0.7597011491812882,0.491123992228261,0.2356020942408377,-0.007140061776244103,-0.8792981303439943,0.3307065468399121,0.46411469656924703,-0.3318807921410506,-0.018620072742254634,6681.19207858948
D1,20,2.0,none,0,short,1.0,191,8.901716217940539,-0.8260401493498728,0.7597011491812882,0.491123992228261,0.2356020942408377,-0.007140061776244103,-0.8792981303439943,0.3307065468399121,0.46411469656924703,-0.3318807921410506,-0.018620072742254634,6681.19207858948
D1,20,2.0,W1,20,both,0.0,134,6.448418972332016,-0.02997509844567291,0.36050468539395564,0.9681016214196427,0.291044776119403,-0.00038560271345670634,0.034770666430575595,0.10772491589309541,1.0460300507997455,0.012568823193696677,0.0006012547148699365,10125.688231936949
D1,20,2.0,W1,20,both,1.0,134,6.448418972332016,-0.02997509844567291,0.36050468539395564,0.9681016214196427,0.291044776119403,-0.00038560271345670634,0.034770666430575595,0.10772491589309541,1.0460300507997455,0.012568823193696677,0.0006012547148699365,10125.688231936949
D1,20,2.0,W1,20,long,0.0,66,3.176086956521739,0.4608872729039842,0.10098029636452344,2.1783151085141244,0.3939393939393939,0.01135128065323871,0.43934898415253165,0.027958916052147398,2.442951090904167,0.28676190244035826,0.012206985342058774,12867.619024403579
D1,20,2.0,W1,20,long,1.0,66,3.176086956521739,0.4608872729039842,0.10098029636452344,2.1783151085141244,0.3939393939393939,0.01135128065323871,0.43934898415253165,0.027958916052147398,2.442951090904167,0.28676190244035826,0.012206985342058774,12867.619024403579
D1,20,2.0,W1,20,short,0.0,78,4.098618903754856,-0.6354024447714752,0.49093008204280164,0.45259527461706184,0.20512820512820512,-0.007783355709485818,-0.7037137071894388,0.17427744601508632,0.4083539235646123,-0.16750265524584296,-0.009586831544909358,8324.973447541566
D1,20,2.0,W1,20,short,1.0,78,4.098618903754856,-0.6354024447714752,0.49093008204280164,0.45259527461706184,0.20512820512820512,-0.007783355709485818,-0.7037137071894388,0.17427744601508632,0.4083539235646123,-0.16750265524584296,-0.009586831544909358,8324.973447541566
D1,20,2.0,W1,32,both,0.0,140,6.963775023832221,0.06432733783352716,0.31285240401001957,1.0716755522246617,0.2714285714285714,0.0008532388529275686,0.04768884691444702,0.11660858122497553,1.0557185488651752,0.019171217579031508,0.0009450209140235977,10191.7121757903
D1,20,2.0,W1,32,both,1.0,140,6.963775023832221,0.06432733783352716,0.31285240401001957,1.0716755522246617,0.2714285714285714,0.0008532388529275686,0.04768884691444702,0.11660858122497553,1.0557185488651752,0.019171217579031508,0.0009450209140235977,10191.7121757903
D1,20,2.0,W1,32,long,0.0,79,3.9295587634481817,0.34382012832412356,0.17519591224900954,1.6555393033514048,0.3291139240506329,0.006918827950667464,0.32139715909775896,0.054702289617234445,1.6457160130097237,0.1599502030708475,0.007407763979071724,11599.502030708463
D1,20,2.0,W1,32,long,1.0,79,3.9295587634481817,0.34382012832412356,0.17519591224900954,1.6555393033514048,0.3291139240506329,0.006918827950667464,0.32139715909775896,0.054702289617234445,1.6457160130097237,0.1599502030708475,0.007407763979071724,11599.502030708463
D1,20,2.0,W1,32,short,0.0,68,3.573154941735002,-0.3716074329815999,0.36736220846148626,0.5986474098093101,0.22058823529411764,-0.005233731664734495,-0.3387063533991891,0.10735397186389306,0.6231854425036255,-0.09221053893593456,-0.005070586366025087,9077.894610640647
D1,20,2.0,W1,32,short,1.0,68,3.573154941735002,-0.3716074329815999,0.36736220846148626,0.5986474098093101,0.22058823529411764,-0.005233731664734495,-0.3387063533991891,0.10735397186389306,0.6231854425036255,-0.09221053893593456,-0.005070586366025087,9077.894610640647
D1,20,2.0,W1,50,both,0.0,140,7.173821548821549,-0.024030706684537825,0.37228295416910395,0.9753932300297743,0.2642857142857143,-0.0003062668389885832,0.09514828175150902,0.11845859317973784,1.1259087652061954,0.05122550565096984,0.0025631361015518994,10512.255056509688
D1,20,2.0,W1,50,both,1.0,140,7.173821548821549,-0.024030706684537825,0.37228295416910395,0.9753932300297743,0.2642857142857143,-0.0003062668389885832,0.09514828175150902,0.11845859317973784,1.1259087652061954,0.05122550565096984,0.0025631361015518994,10512.255056509688
D1,20,2.0,W1,50,long,0.0,85,4.355534511784512,0.14057655136185654,0.2126294334850768,1.2189197177544044,0.27058823529411763,0.0025196041423590256,0.2399577535865708,0.06247667847465177,1.500839956255503,0.13635857384366523,0.006571655155724887,11363.585738436634
D1,20,2.0,W1,50,long,1.0,85,4.355534511784512,0.14057655136185654,0.2126294334850768,1.2189197177544044,0.27058823529411763,0.0025196041423590256,0.2399577535865708,0.06247667847465177,1.500839956255503,0.13635857384366523,0.006571655155724887,11363.585738436634
D1,20,2.0,W1,50,short,0.0,63,3.4226907630522088,-0.13851579277989032,0.2537050866581604,0.8236785890779759,0.2857142857142857,-0.0023368970773553683,-0.1541441047949981,0.0711320625569265,0.8051703861882621,-0.04379823336480726,-0.0024302132849989277,9562.017666351921
D1,20,2.0,W1,50,short,1.0,63,3.4226907630522088,-0.13851579277989032,0.2537050866581604,0.8236785890779759,0.2857142857142857,-0.0023368970773553683,-0.1541441047949981,0.0711320625569265,0.8051703861882621,-0.04379823336480726,-0.0024302132849989277,9562.017666351921
D1,20,2.0,W1,80,both,0.0,139,7.514764653641207,0.07549368523367228,0.44067347642759125,1.0873846762614865,0.2446043165467626,0.0011474600865937613,0.17150896281951716,0.184876065364459,1.2415445659222102,0.115347014861086,0.00591927487409305,11153.470148610837
D1,20,2.0,W1,80,both,1.0,139,7.514764653641207,0.07549368523367228,0.44067347642759125,1.0873846762614865,0.2446043165467626,0.0011474600865937613,0.17150896281951716,0.184876065364459,1.2415445659222102,0.115347014861086,0.00591927487409305,11153.470148610837
D1,20,2.0,W1,80,long,0.0,94,5.081927175843694,0.33582088652632985,0.20631388389567928,1.6079203567414788,0.26595744680851063,0.0071180780596435365,0.37523497098002845,0.08313809168601694,1.7928471030256545,0.2808815610108095,0.013473187748224369,12808.81561010808
D1,20,2.0,W1,80,long,1.0,94,5.081927175843694,0.33582088652632985,0.20631388389567928,1.6079203567414788,0.26595744680851063,0.0071180780596435365,0.37523497098002845,0.08313809168601694,1.7928471030256545,0.2808815610108095,0.013473187748224369,12808.81561010808
D1,20,2.0,W1,80,short,0.0,51,3.247515690376569,-0.6030438365491285,0.3676119059706451,0.4414623377277662,0.21568627450980393,-0.00872230428297001,-0.5855330659006736,0.10108550652822623,0.45119173820991465,-0.09757930378538182,-0.006516652983470372,9024.206962146176
D1,20,2.0,W1,80,short,1.0,51,3.247515690376569,-0.6030438365491285,0.3676119059706451,0.4414623377277662,0.21568627450980393,-0.00872230428297001,-0.5855330659006736,0.10108550652822623,0.45119173820991465,-0.09757930378538182,-0.006516652983470372,9024.206962146176
D1,20,2.0,W1,120,both,0.0,131,7.767491883116883,0.3635201986422928,0.29847072124870255,1.4894915679924412,0.2748091603053435,0.005522969538901661,0.4117231938080037,0.10752983225497603,1.6545532586122909,0.31305332790524054,0.01628008342536713,13130.533279052412
D1,20,2.0,W1,120,both,1.0,131,7.767491883116883,0.3635201986422928,0.29847072124870255,1.4894915679924412,0.2748091603053435,0.005522969538901661,0.4117231938080037,0.10752983225497603,1.6545532586122909,0.31305332790524054,0.01628008342536713,13130.533279052412
D1,20,2.0,W1,120,long,0.0,87,5.158563311688312,0.36994714560640846,0.24016990934587024,1.67229368866815,0.27586206896551724,0.007597837460179655,0.4248688342218657,0.09748556124601637,1.905408364887504,0.2763087951326286,0.014571183538944155,12763.0879513263
D1,20,2.0,W1,120,long,1.0,87,5.158563311688312,0.36994714560640846,0.24016990934587024,1.67229368866815,0.27586206896551724,0.007597837460179655,0.4248688342218657,0.09748556124601637,1.905408364887504,0.2763087951326286,0.014571183538944155,12763.0879513263
D1,20,2.0,W1,120,short,0.0,45,3.328523693803159,0.06134284140592111,0.12320211683168969,1.095160750601558,0.26666666666666666,0.0010762272914797517,0.10502500182295356,0.03434656951977333,1.179883836509797,0.023055537971908624,0.0016874136281259666,10230.555379719079
D1,20,2.0,W1,120,short,1.0,45,3.328523693803159,0.06134284140592111,0.12320211683168969,1.095160750601558,0.26666666666666666,0.0010762272914797517,0.10502500182295356,0.03434656951977333,1.179883836509797,0.023055537971908624,0.0016874136281259666,10230.555379719079
D1,20,1.5,none,0,both,0.0,263,12.218360468074282,0.32277777233814764,0.23533100936823148,1.3613689467555283,0.2889733840304182,0.003462266835709062,0.35209904549944837,0.10529658631400218,1.4272587319460892,0.48469460653218377,0.01853007377873306,14846.94606532183
D1,20,1.5,none,0,both,1.0,263,12.218360468074282,0.32277777233814764,0.23533100936823148,1.3613689467555283,0.2889733840304182,0.003462266835709062,0.35209904549944837,0.10529658631400218,1.4272587319460892,0.48469460653218377,0.01853007377873306,14846.94606532183
D1,20,1.5,none,0,long,0.0,243,11.315113462519122,0.5478522871138752,0.27584775114676097,1.7316851312446886,0.3168724279835391,0.006936479409246205,0.5810524535848478,0.1382669178536191,1.8759358370457972,1.2235599830981712,0.037910894102631154,22235.599830981708
D1,20,1.5,none,0,long,1.0,243,11.315113462519122,0.5478522871138752,0.27584775114676097,1.7316851312446886,0.3168724279835391,0.006936479409246205,0.5810524535848478,0.1382669178536191,1.8759358370457972,1.2235599830981712,0.037910894102631154,22235.599830981708
D1,20,1.5,none,0,short,0.0,243,11.39208702348864,-0.38599005588414254,0.5068685326045039,0.7266024015258045,0.25925925925925924,-0.0026768519410099354,-0.30246774205242183,0.17965042985360657,0.7728175853606954,-0.18257604252561965,-0.009406569804427556,8174.239574743806
D1,20,1.5,none,0,short,1.0,243,11.39208702348864,-0.38599005588414254,0.5068685326045039,0.7266024015258045,0.25925925925925924,-0.0026768519410099354,-0.30246774205242183,0.17965042985360657,0.7728175853606954,-0.18257604252561965,-0.009406569804427556,8174.239574743806
D1,20,1.5,W1,20,both,0.0,177,8.517687747035573,0.15245302468402935,0.25473426368554297,1.1794035610053037,0.2824858757062147,0.0015603717037686474,0.08699092365720187,0.11209200535308383,1.1008379973789577,0.04960212998355673,0.002332383677708938,10496.021299835551
D1,20,1.5,W1,20,both,1.0,177,8.517687747035573,0.15245302468402935,0.25473426368554297,1.1794035610053037,0.2824858757062147,0.0015603717037686474,0.08699092365720187,0.11209200535308383,1.1008379973789577,0.04960212998355673,0.002332383677708938,10496.021299835551
D1,20,1.5,W1,20,long,0.0,80,3.849802371541502,0.4194107365311975,0.1729682649412465,2.1359193595613797,0.35,0.009203679690935903,0.3500303399647901,0.08521740056117677,1.8403610116289422,0.22680716281128355,0.009885508498359119,12268.071628112812
D1,20,1.5,W1,20,long,1.0,80,3.849802371541502,0.4194107365311975,0.1729682649412465,2.1359193595613797,0.35,0.009203679690935903,0.3500303399647901,0.08521740056117677,1.8403610116289422,0.22680716281128355,0.009885508498359119,12268.071628112812
D1,20,1.5,W1,20,short,0.0,115,5.730388813096862,-0.38391858110850774,0.3275756332013161,0.6396163563569032,0.24347826086956523,-0.0032569644742706893,-0.44531016412831703,0.1454506190170599,0.5978031714887742,-0.14399607086105304,-0.007717566726691771,8560.039291389458
D1,20,1.5,W1,20,short,1.0,115,5.730388813096862,-0.38391858110850774,0.3275756332013161,0.6396163563569032,0.24347826086956523,-0.0032569644742706893,-0.44531016412831703,0.1454506190170599,0.5978031714887742,-0.14399607086105304,-0.007717566726691771,8560.039291389458
D1,20,1.5,W1,32,both,0.0,181,8.93261045804621,0.3884912617897347,0.1701649837460244,1.5508417576323341,0.30386740331491713,0.005005506077293606,0.4178902591845811,0.07701724239526964,1.633169765624775,0.44690197926081754,0.01839885177062839,14469.019792608176
D1,20,1.5,W1,32,both,1.0,181,8.93261045804621,0.3884912617897347,0.1701649837460244,1.5508417576323341,0.30386740331491713,0.005005506077293606,0.4178902591845811,0.07701724239526964,1.633169765624775,0.44690197926081754,0.01839885177062839,14469.019792608176
D1,20,1.5,W1,32,long,0.0,87,4.293575192541549,0.5038848158869155,0.10987381017387121,2.377861971584932,0.3793103448275862,0.011584026744178865,0.4965937620380768,0.05076794111640792,2.5221628950272925,0.482904136394396,0.019634863620288545,14829.041363943934
D1,20,1.5,W1,32,long,1.0,87,4.293575192541549,0.5038848158869155,0.10987381017387121,2.377861971584932,0.3793103448275862,0.011584026744178865,0.4965937620380768,0.05076794111640792,2.5221628950272925,0.482904136394396,0.019634863620288545,14829.041363943934
D1,20,1.5,W1,32,short,0.0,103,5.405280172413793,-0.09628397863162583,0.21647650533414042,0.8880465063546868,0.24271844660194175,-0.0010566173995114087,-0.00593945136957084,0.08309487384650538,0.992297388379185,-0.008096692542670092,-0.00042654035822287106,9919.033074573312
D1,20,1.5,W1,32,short,1.0,103,5.405280172413793,-0.09628397863162583,0.21647650533414042,0.8880465063546868,0.24271844660194175,-0.0010566173995114087,-0.00593945136957084,0.08309487384650538,0.992297388379185,-0.008096692542670092,-0.00042654035822287106,9919.033074573312
D1,20,1.5,W1,50,both,0.0,186,9.538963774220724,0.24344719430329795,0.2672438689707054,1.295857190551867,0.3010752688172043,0.002787018264242545,0.2774812948875056,0.09405035820757457,1.3459636008533502,0.23061704558485463,0.010699223120827606,12306.170455848545
D1,20,1.5,W1,50,both,1.0,186,9.538963774220724,0.24344719430329795,0.2672438689707054,1.295857190551867,0.3010752688172043,0.002787018264242545,0.2774812948875056,0.09405035820757457,1.3459636008533502,0.23061704558485463,0.010699223120827606,12306.170455848545
D1,20,1.5,W1,50,long,0.0,100,5.223080223080223,0.2771939667953519,0.2752924733715747,1.5587671921594446,0.33,0.004826914671698538,0.2853159843500189,0.09230475301732477,1.5989025289977443,0.1982848086403577,0.009492867049651244,11982.848086403577
D1,20,1.5,W1,50,long,1.0,100,5.223080223080223,0.2771939667953519,0.2752924733715747,1.5587671921594446,0.33,0.004826914671698538,0.2853159843500189,0.09230475301732477,1.5989025289977443,0.1982848086403577,0.009492867049651244,11982.848086403577
D1,20,1.5,W1,50,short,0.0,95,5.152004454342984,-0.03792952570747814,0.17656827298297517,0.953960851294591,0.25263157894736843,-0.0004712324377013886,0.04162194901209575,0.05870200602278952,1.0541533030071566,0.01338448155986982,0.000721307482780098,10133.844815598697
D1,20,1.5,W1,50,short,1.0,95,5.152004454342984,-0.03792952570747814,0.17656827298297517,0.953960851294591,0.25263157894736843,-0.0004712324377013886,0.04162194901209575,0.05870200602278952,1.0541533030071566,0.01338448155986982,0.000721307482780098,10133.844815598697
D1,20,1.5,W1,80,both,0.0,183,9.89061112755253,0.31128856943011274,0.3237261408533597,1.4310968201461445,0.273224043715847,0.004020390214869862,0.37754850619579255,0.17808265796789235,1.6145200896024987,0.4620057057920386,0.020739712010510614,14620.057057920363
D1,20,1.5,W1,80,both,1.0,183,9.89061112755253,0.31128856943011274,0.3237261408533597,1.4310968201461445,0.273224043715847,0.004020390214869862,0.37754850619579255,0.17808265796789235,1.6145200896024987,0.4620057057920386,0.020739712010510614,14620.057057920363
D1,20,1.5,W1,80,long,0.0,118,6.377552530334419,0.39258064098181994,0.2969562499488282,1.833974356508927,0.2796610169491525,0.007218338354121452,0.42848470352086626,0.14865396439372913,2.034148992239612,0.4976508661553818,0.022069492737622598,14976.508661553815
D1,20,1.5,W1,80,long,1.0,118,6.377552530334419,0.39258064098181994,0.2969562499488282,1.833974356508927,0.2796610169491525,0.007218338354121452,0.42848470352086626,0.14865396439372913,2.034148992239612,0.4976508661553818,0.022069492737622598,14976.508661553815
D1,20,1.5,W1,80,short,0.0,71,4.499869859448204,-0.2408383002817475,0.24811512589939577,0.733865299473483,0.23943661971830985,-0.002907753963037492,-0.19231054741339218,0.07342393241435607,0.7776547494330062,-0.060144823929784264,-0.003923614875001369,9398.551760702154
D1,20,1.5,W1,80,short,1.0,71,4.499869859448204,-0.2408383002817475,0.24811512589939577,0.733865299473483,0.23943661971830985,-0.002907753963037492,-0.19231054741339218,0.07342393241435607,0.7776547494330062,-0.060144823929784264,-0.003923614875001369,9398.551760702154
D1,20,1.5,W1,120,both,0.0,165,9.766042780748663,0.5130304760139022,0.20545094461578706,1.816348942465042,0.3151515151515151,0.006780397279270424,0.5240028756422963,0.09237507627752217,1.905433023795291,0.6365939475998297,0.02958632575394793,16365.939475998264
D1,20,1.5,W1,120,both,1.0,165,9.766042780748663,0.5130304760139022,0.20545094461578706,1.816348942465042,0.3151515151515151,0.006780397279270424,0.5240028756422963,0.09237507627752217,1.905433023795291,0.6365939475998297,0.02958632575394793,16365.939475998264
D1,20,1.5,W1,120,long,0.0,103,6.096378220709771,0.5560563643851834,0.2110650951538131,2.355750492050486,0.34951456310679613,0.010676472837603665,0.5698919331433464,0.08761531555442681,2.576412029696319,0.6360857137767268,0.029567398678296275,16360.857137767272
D1,20,1.5,W1,120,long,1.0,103,6.096378220709771,0.5560563643851834,0.2110650951538131,2.355750492050486,0.34951456310679613,0.010676472837603665,0.5698919331433464,0.08761531555442681,2.576412029696319,0.6360857137767268,0.029567398678296275,16360.857137767272
D1,20,1.5,W1,120,short,0.0,66,4.60487106017192,0.0678085930616844,0.08833132643264208,1.0992939505265094,0.2727272727272727,0.0008622108124985976,0.11837150369389611,0.056010480094349724,1.1860455441630193,0.03877366146922068,0.0026576645814768707,10387.736614692205
D1,20,1.5,W1,120,short,1.0,66,4.60487106017192,0.0678085930616844,0.08833132643264208,1.0992939505265094,0.2727272727272727,0.0008622108124985976,0.11837150369389611,0.056010480094349724,1.1860455441630193,0.03877366146922068,0.0026576645814768707,10387.736614692205
D1,20,5.0,none,0,both,0.0,40,1.898635477582846,0.0683547399801983,0.633566481098666,1.1698155784653324,0.275,0.00614959431770998,0.25321246833891803,0.09558467490578959,2.0956072900728637,0.20511905278524178,0.008895438732019256,12051.190527852425
D1,20,5.0,none,0,both,1.0,40,1.898635477582846,0.0683547399801983,0.633566481098666,1.1698155784653324,0.275,0.00614959431770998,0.25321246833891803,0.09558467490578959,2.0956072900728637,0.20511905278524178,0.008895438732019256,12051.190527852425
D1,20,5.0,none,0,long,0.0,38,1.8185927672955975,0.2936459678495299,0.3528108569165257,1.9817585582405206,0.39473684210526316,0.026991950855802853,0.3696416488794807,0.03541751500830248,2.9913596310440536,0.29002478210146876,0.012262081749010667,12900.24782101469
D1,20,5.0,none,0,long,1.0,38,1.8185927672955975,0.2936459678495299,0.3528108569165257,1.9817585582405206,0.39473684210526316,0.026991950855802853,0.3696416488794807,0.03541751500830248,2.9913596310440536,0.29002478210146876,0.012262081749010667,12900.24782101469
D1,20,5.0,none,0,short,0.0,38,1.8252893214097843,-0.6579854963412496,0.6748374221520246,0.2679356369005434,0.18421052631578946,-0.02844491568199149,-0.5609540301143308,0.1290992899452149,0.32575466580966933,-0.1332767356798067,-0.006847010753619154,8667.232643201933
D1,20,5.0,none,0,short,1.0,38,1.8252893214097843,-0.6579854963412496,0.6748374221520246,0.2679356369005434,0.18421052631578946,-0.02844491568199149,-0.5609540301143308,0.1290992899452149,0.32575466580966933,-0.1332767356798067,-0.006847010753619154,8667.232643201933
D1,20,5.0,W1,20,both,0.0,27,1.314199093816631,0.3365719915130063,0.19904689730642955,2.6124806646914567,0.4444444444444444,0.03643872777563601,0.35872744745577356,0.035901408778498345,3.8604637423334935,0.2540659628140838,0.01108030363140311,12540.659628140831
D1,20,5.0,W1,20,both,1.0,27,1.314199093816631,0.3365719915130063,0.19904689730642955,2.6124806646914567,0.4444444444444444,0.03643872777563601,0.35872744745577356,0.035901408778498345,3.8604637423334935,0.2540659628140838,0.01108030363140311,12540.659628140831
D1,20,5.0,W1,20,long,0.0,22,1.0748394863563404,0.4047075170875149,0.1507743037854603,3.7747616261550125,0.45454545454545453,0.05132812695889108,0.3959976676928124,0.027915093018896164,5.370643318373905,0.2725533415922725,0.011845223881651101,12725.533415922724
D1,20,5.0,W1,20,long,1.0,22,1.0748394863563404,0.4047075170875149,0.1507743037854603,3.7747616261550125,0.45454545454545453,0.05132812695889108,0.3959976676928124,0.027915093018896164,5.370643318373905,0.2725533415922725,0.011845223881651101,12725.533415922724
D1,20,5.0,W1,20,short,0.0,15,1.0,-0.27601487244827727,0.364592499273488,0.4836811730816217,0.26666666666666666,-0.020145565876792487,-0.14030914883932272,0.043552724510587004,0.6602651741619486,-0.02413812096314072,-0.001381845555014971,9758.6187903686
D1,20,5.0,W1,20,short,1.0,15,1.0,-0.27601487244827727,0.364592499273488,0.4836811730816217,0.26666666666666666,-0.020145565876792487,-0.14030914883932272,0.043552724510587004,0.6602651741619486,-0.02413812096314072,-0.001381845555014971,9758.6187903686
D1,20,5.0,W1,32,both,0.0,15,1.0,-0.01405769680546115,0.2459215027617644,0.9632738945126483,0.4,-0.0012026228506592665,0.19457627130400026,0.028705428352949758,2.251362544244489,0.06930456456666678,0.003463372236077289,10693.045645666665
D1,20,5.0,W1,32,both,1.0,15,1.0,-0.01405769680546115,0.2459215027617644,0.9632738945126483,0.4,-0.0012026228506592665,0.19457627130400026,0.028705428352949758,2.251362544244489,0.06930456456666678,0.003463372236077289,10693.045645666665
D1,20,5.0,W1,32,long,0.0,9,1.0,0.17531209444561008,0.08517704439496909,1.5772179791673135,0.4444444444444444,0.01768000161163565,0.2986923429545906,0.016567939918625374,3.129044593239238,0.08182724449004919,0.004254882467277676,10818.27244490049
D1,20,5.0,W1,32,long,1.0,9,1.0,0.17531209444561008,0.08517704439496909,1.5772179791673135,0.4444444444444444,0.01768000161163565,0.2986923429545906,0.016567939918625374,3.129044593239238,0.08182724449004919,0.004254882467277676,10818.27244490049
D1,20,5.0,W1,32,short,0.0,11,1.0,-0.7200021771472921,0.26517224909832293,0.16196509244267512,0.2727272727272727,-0.032557293084287404,-0.6924327732289295,0.03161443219019566,0.2023263976797783,-0.034739284708333096,-0.0020667750666429896,9652.607152916666
D1,20,5.0,W1,32,short,1.0,11,1.0,-0.7200021771472921,0.26517224909832293,0.16196509244267512,0.2727272727272727,-0.032557293084287404,-0.6924327732289295,0.03161443219019566,0.2023263976797783,-0.034739284708333096,-0.0020667750666429896,9652.607152916666
D1,20,5.0,W1,50,both,0.0,21,1.0835216838536517,0.05107253635630442,0.25168824871150286,1.1461272585385862,0.38095238095238093,0.004548144355928576,0.19938551458476503,0.02391967348432056,2.1300924066200073,0.08353186312500038,0.004147938769232473,10835.31863125
D1,20,5.0,W1,50,both,1.0,21,1.0835216838536517,0.05107253635630442,0.25168824871150286,1.1461272585385862,0.38095238095238093,0.004548144355928576,0.19938551458476503,0.02391967348432056,2.1300924066200073,0.08353186312500038,0.004147938769232473,10835.31863125
D1,20,5.0,W1,50,long,0.0,14,1.0,0.475840295924091,0.08524781877346688,3.680232987544852,0.5714285714285714,0.04232031560531637,0.3831094775495256,0.016355182345870523,4.589477608648339,0.12906893155671573,0.0065747141028160705,11290.689315567157
D1,20,5.0,W1,50,long,1.0,14,1.0,0.475840295924091,0.08524781877346688,3.680232987544852,0.5714285714285714,0.04232031560531637,0.3831094775495256,0.016355182345870523,4.589477608648339,0.12906893155671573,0.0065747141028160705,11290.689315567157
D1,20,5.0,W1,50,short,0.0,10,1.0,-0.6827335989246064,0.3435418774690179,0.09541634322829896,0.2,-0.044711349761217156,-0.7539352725349817,0.03930054708539388,0.12773516935251317,-0.040877331208333256,-0.0028453244118650245,9591.226687916667
D1,20,5.0,W1,50,short,1.0,10,1.0,-0.6827335989246064,0.3435418774690179,0.09541634322829896,0.2,-0.044711349761217156,-0.7539352725349817,0.03930054708539388,0.12773516935251317,-0.040877331208333256,-0.0028453244118650245,9591.226687916667
D1,20,5.0,W1,80,both,0.0,23,1.241612474135383,0.27214115534146577,0.26107867529295936,2.0871711070914336,0.43478260869565216,0.030124135856755285,0.336925800328064,0.027762542445444405,3.612985447665573,0.21297968418171553,0.010477569717069368,12129.79684181716
D1,20,5.0,W1,80,both,1.0,23,1.241612474135383,0.27214115534146577,0.26107867529295936,2.0871711070914336,0.43478260869565216,0.030124135856755285,0.336925800328064,0.027762542445444405,3.612985447665573,0.21297968418171553,0.010477569717069368,12129.79684181716
D1,20,5.0,W1,80,long,0.0,16,1.0,0.4654104775510165,0.10213015739034093,3.8828725668397106,0.5625,0.06053516294445531,0.4274764456302979,0.01960352266658183,5.750393792548216,0.23978711721504853,0.01167069882395766,12397.871172150491
D1,20,5.0,W1,80,long,1.0,16,1.0,0.4654104775510165,0.10213015739034093,3.8828725668397106,0.5625,0.06053516294445531,0.4274764456302979,0.01960352266658183,5.750393792548216,0.23978711721504853,0.01167069882395766,12397.871172150491
D1,20,5.0,W1,80,short,0.0,9,1.0,-0.5654023176045965,0.3096623208360787,0.08612714685566382,0.2222222222222222,-0.03748317783123285,-0.726977648939882,0.0346633954170692,0.09634179782097416,-0.03414308582500003,-0.002616025314651549,9658.569141750002
D1,20,5.0,W1,80,short,1.0,9,1.0,-0.5654023176045965,0.3096623208360787,0.08612714685566382,0.2222222222222222,-0.03748317783123285,-0.726977648939882,0.0346633954170692,0.09634179782097416,-0.03414308582500003,-0.002616025314651549,9658.569141750002
D1,20,5.0,W1,120,both,0.0,19,1.138784049885133,0.5114076966155933,0.14279541733959034,4.869048958336144,0.47368421052631576,0.05848920876093979,0.4548533238656299,0.02649428362441486,6.6231973843649135,0.26286546285,0.014086353746516789,12628.6546285
D1,20,5.0,W1,120,both,1.0,19,1.138784049885133,0.5114076966155933,0.14279541733959034,4.869048958336144,0.47368421052631576,0.05848920876093979,0.4548533238656299,0.02649428362441486,6.6231973843649135,0.26286546285,0.014086353746516789,12628.6546285
D1,20,5.0,W1,120,long,0.0,14,1.0,0.5284984182562544,0.10213015739034104,5.425809477284765,0.5714285714285714,0.06956549135502012,0.4636872575772029,0.019611658123899867,7.546658226096593,0.23934706864166655,0.012944411003245948,12393.470686416667
D1,20,5.0,W1,120,long,1.0,14,1.0,0.5284984182562544,0.10213015739034104,5.425809477284765,0.5714285714285714,0.06956549135502012,0.4636872575772029,0.019611658123899867,7.546658226096593,0.23934706864166655,0.012944411003245948,12393.470686416667
D1,20,5.0,W1,120,short,0.0,7,1.0,0.2099377831302977,0.07271205457939578,2.069906797990823,0.2857142857142857,0.017382647058083643,0.23252698196201912,0.010631933786193759,2.3908406378331826,0.0216398861916669,0.0023781763715409188,10216.398861916667
D1,20,5.0,W1,120,short,1.0,7,1.0,0.2099377831302977,0.07271205457939578,2.069906797990823,0.2857142857142857,0.017382647058083643,0.23252698196201912,0.010631933786193759,2.3908406378331826,0.0216398861916669,0.0023781763715409188,10216.398861916667
D1,20,4.0,none,0,both,0.0,65,3.084881756756757,0.025194412692073762,0.5439386937604278,1.0414187601551281,0.38461538461538464,0.0009764856187973954,0.22889909055657376,0.0962862477271762,1.5946658678986327,0.13987500723440882,0.006232703624208025,11398.750072344093
D1,20,4.0,none,0,both,1.0,65,3.084881756756757,0.025194412692073762,0.5439386937604278,1.0414187601551281,0.38461538461538464,0.0009764856187973954,0.22889909055657376,0.0962862477271762,1.5946658678986327,0.13987500723440882,0.006232703624208025,11398.750072344093
D1,20,4.0,none,0,long,0.0,61,2.913974627256082,0.4008129786306849,0.2320506810611066,2.003893783798883,0.47540983606557374,0.02013031196572688,0.4785116347692802,0.039250508249621174,2.620385531185026,0.31818001525872774,0.013284038571636403,13181.800152587277
D1,20,4.0,none,0,long,1.0,61,2.913974627256082,0.4008129786306849,0.2320506810611066,2.003893783798883,0.47540983606557374,0.02013031196572688,0.4785116347692802,0.039250508249621174,2.620385531185026,0.31818001525872774,0.013284038571636403,13181.800152587277
D1,20,4.0,none,0,short,0.0,61,2.925452993697479,-0.7884302756743962,0.6896092628602883,0.33300982717866145,0.26229508196721313,-0.018449876149099154,-0.7547236660068349,0.18090031316780497,0.3064662809779285,-0.18294129744057197,-0.009642898093267571,8170.5870255942855
D1,20,4.0,none,0,short,1.0,61,2.925452993697479,-0.7884302756743962,0.6896092628602883,0.33300982717866145,0.26229508196721313,-0.018449876149099154,-0.7547236660068349,0.18090031316780497,0.3064662809779285,-0.18294129744057197,-0.009642898093267571,8170.5870255942855
D1,20,4.0,W1,20,both,0.0,42,2.0497728487439875,0.5869813123034322,0.16441367205891455,3.282398391395619,0.5238095238095238,0.0391819440858984,0.6188334631565574,0.025364943435085774,4.246564745444326,0.38684417453822584,0.016088496611377012,13868.44174538227
D1,20,4.0,W1,20,both,1.0,42,2.0497728487439875,0.5869813123034322,0.16441367205891455,3.282398391395619,0.5238095238095238,0.0391819440858984,0.6188334631565574,0.025364943435085774,4.246564745444326,0.38684417453822584,0.016088496611377012,13868.44174538227
D1,20,4.0,W1,20,long,0.0,31,1.5129275788348477,0.6820970697783939,0.11560213216209436,5.490872876003495,0.5806451612903226,0.05561945700678378,0.6930039011250038,0.02051076667777174,7.220100271271405,0.40301881547341734,0.016663668305868073,14030.188154734182
D1,20,4.0,W1,20,long,1.0,31,1.5129275788348477,0.6820970697783939,0.11560213216209436,5.490872876003495,0.5806451612903226,0.05561945700678378,0.6930039011250038,0.02051076667777174,7.220100271271405,0.40301881547341734,0.016663668305868073,14030.188154734182
D1,20,4.0,W1,20,short,0.0,19,1.034856844616761,-0.26795960912449873,0.2439275954015515,0.5374262200953853,0.2631578947368421,-0.013768876278327888,-0.2673599257204848,0.05364317346824388,0.5183308176901663,-0.04213899075185834,-0.0023421619784007586,9578.61009248142
D1,20,4.0,W1,20,short,1.0,19,1.034856844616761,-0.26795960912449873,0.2439275954015515,0.5374262200953853,0.2631578947368421,-0.013768876278327888,-0.2673599257204848,0.05364317346824388,0.5183308176901663,-0.04213899075185834,-0.0023421619784007586,9578.61009248142
D1,20,4.0,W1,32,both,0.0,34,1.6925855254191087,0.41478064581273466,0.2917009599472069,2.497551135558666,0.47058823529411764,0.028007652940552196,0.4479411679506283,0.03360139098810244,3.3418433744273774,0.2315545576521636,0.010422380929327124,12315.545576521637
D1,20,4.0,W1,32,both,1.0,34,1.6925855254191087,0.41478064581273466,0.2917009599472069,2.497551135558666,0.47058823529411764,0.028007652940552196,0.4479411679506283,0.03360139098810244,3.3418433744273774,0.2315545576521636,0.010422380929327124,12315.545576521637
D1,20,4.0,W1,32,long,0.0,20,1.0,0.45950395115527903,0.1275493670614697,3.8262956775139143,0.5,0.04683554284259885,0.44866950005885864,0.016275917940973605,4.813916771404198,0.21823295837628476,0.009875466570916869,12182.329583762845
D1,20,4.0,W1,32,long,1.0,20,1.0,0.45950395115527903,0.1275493670614697,3.8262956775139143,0.5,0.04683554284259885,0.44866950005885864,0.016275917940973605,4.813916771404198,0.21823295837628476,0.009875466570916869,12182.329583762845
D1,20,4.0,W1,32,short,0.0,19,1.034856844616761,-0.06343099150757092,0.17796331558689504,0.8573016767493487,0.42105263157894735,-0.0031269072047401536,-0.06244037599349321,0.031884853110570655,0.8481695963174332,-0.009790687240787133,-0.0005357451355382237,9902.093127592127
D1,20,4.0,W1,32,short,1.0,19,1.034856844616761,-0.06343099150757092,0.17796331558689504,0.8573016767493487,0.42105263157894735,-0.0031269072047401536,-0.06244037599349321,0.031884853110570655,0.8481695963174332,-0.009790687240787133,-0.0005357451355382237,9902.093127592127
D1,20,4.0,W1,50,both,0.0,39,2.0119703389830508,0.2779670397358792,0.2181820953704594,1.7344681000466071,0.46153846153846156,0.01578980788574015,0.36661715387381155,0.026010512154528986,2.4404656907038427,0.19479105956837017,0.009223637618749336,11947.910595683694
D1,20,4.0,W1,50,both,1.0,39,2.0119703389830508,0.2779670397358792,0.2181820953704594,1.7344681000466071,0.46153846153846156,0.01578980788574015,0.36661715387381155,0.026010512154528986,2.4404656907038427,0.19479105956837017,0.009223637618749336,11947.910595683694
D1,20,4.0,W1,50,long,0.0,23,1.2094370860927153,0.3486372194664066,0.1303215556178935,2.5506162063812337,0.4782608695652174,0.02927077070421336,0.4127985603075012,0.024774832920090528,3.6897087665686072,0.20429755022546603,0.009823153615895475,12042.975502254652
D1,20,4.0,W1,50,long,1.0,23,1.2094370860927153,0.3486372194664066,0.1303215556178935,2.5506162063812337,0.4782608695652174,0.02927077070421336,0.4127985603075012,0.024774832920090528,3.6897087665686072,0.20429755022546603,0.009823153615895475,12042.975502254652
D1,20,4.0,W1,50,short,0.0,16,1.0,-0.06282205421927307,0.15882741329314443,0.8579516956738589,0.4375,-0.003589076165815091,-0.06315499433492627,0.035839143018526864,0.8477654297464323,-0.009506490657096078,-0.0005201234868337234,9904.935093429041
D1,20,4.0,W1,50,short,1.0,16,1.0,-0.06282205421927307,0.15882741329314443,0.8579516956738589,0.4375,-0.003589076165815091,-0.06315499433492627,0.035839143018526864,0.8477654297464323,-0.009506490657096078,-0.0005201234868337234,9904.935093429041
D1,20,4.0,W1,80,both,0.0,38,2.0647872656947337,0.4697879722178598,0.13748775720706308,2.6482333098756365,0.5,0.03127424406268575,0.5299952172789707,0.023553164382582703,3.478670350362899,0.29093618904284213,0.013972503460353725,12909.361890428423
D1,20,4.0,W1,80,both,1.0,38,2.0647872656947337,0.4697879722178598,0.13748775720706308,2.6482333098756365,0.5,0.03127424406268575,0.5299952172789707,0.023553164382582703,3.478670350362899,0.29093618904284213,0.013972503460353725,12909.361890428423
D1,20,4.0,W1,80,long,0.0,24,1.3040761678072001,0.6221236113474796,0.180415610019677,4.608942216009048,0.625,0.05921838044386322,0.6308344787630709,0.029074986547766857,5.413762737901472,0.319718033475465,0.015188115390352586,13197.180334754652
D1,20,4.0,W1,80,long,1.0,24,1.3040761678072001,0.6221236113474796,0.180415610019677,4.608942216009048,0.625,0.05921838044386322,0.6308344787630709,0.029074986547766857,5.413762737901472,0.319718033475465,0.015188115390352586,13197.180334754652
D1,20,4.0,W1,80,short,0.0,15,1.0515834932821497,-0.2453962171636133,0.17643229872246047,0.5372850588657986,0.3333333333333333,-0.010093859317212935,-0.23069852553031509,0.023428545452274796,0.5588209760159272,-0.018359013282623127,-0.0012981869298230864,9816.409867173772
D1,20,4.0,W1,80,short,1.0,15,1.0515834932821497,-0.2453962171636133,0.17643229872246047,0.5372850588657986,0.3333333333333333,-0.010093859317212935,-0.23069852553031509,0.023428545452274796,0.5588209760159272,-0.018359013282623127,-0.0012981869298230864,9816.409867173772
D1,20,4.0,W1,120,both,0.0,35,2.1228412487545665,0.5006177084348538,0.20299994153282985,2.630784329185752,0.45714285714285713,0.030129552123978432,0.523360808474759,0.03594302167246188,3.260644263963386,0.2629313043096366,0.014259174531270569,12629.313043096365
D1,20,4.0,W1,120,both,1.0,35,2.1228412487545665,0.5006177084348538,0.20299994153282985,2.630784329185752,0.45714285714285713,0.030129552123978432,0.523360808474759,0.03594302167246188,3.260644263963386,0.2629313043096366,0.014259174531270569,12629.313043096365
D1,20,4.0,W1,120,long,0.0,23,1.3950099634672866,0.5046367626998326,0.21883706704753714,3.2273922473230825,0.4782608695652174,0.04258549923667483,0.5148688632706037,0.03646928430900198,3.955331095995005,0.24756155305892613,0.013506199749838688,12475.615530589259
D1,20,4.0,W1,120,long,1.0,23,1.3950099634672866,0.5046367626998326,0.21883706704753714,3.2273922473230825,0.4782608695652174,0.04258549923667483,0.5148688632706037,0.03646928430900198,3.955331095995005,0.24756155305892613,0.013506199749838688,12475.615530589259
D1,20,4.0,W1,120,short,0.0,13,1.3142125657348462,0.15668288293014526,0.14960984721760218,1.447519997148832,0.46153846153846156,0.007122644113383659,0.13598128442865207,0.02596201831164857,1.3924237247927684,0.012222839734043811,0.0012289108013390226,10122.228397340437
D1,20,4.0,W1,120,short,1.0,13,1.3142125657348462,0.15668288293014526,0.14960984721760218,1.447519997148832,0.46153846153846156,0.007122644113383659,0.13598128442865207,0.02596201831164857,1.3924237247927684,0.012222839734043811,0.0012289108013390226,10122.228397340437
D1,27,2.0,none,0,both,0.0,206,9.65253367543297,-0.20350982795574238,0.41277173389242794,0.825728721526204,0.23786407766990292,-0.0021321391294568544,-0.13472163687209415,0.1089158722258764,0.8668002087116367,-0.10041959703082248,-0.004946449943763587,8995.804029691772
D1,27,2.0,none,0,both,1.0,206,9.65253367543297,-0.20350982795574238,0.41277173389242794,0.825728721526204,0.23786407766990292,-0.0021321391294568544,-0.13472163687209415,0.1089158722258764,0.8668002087116367,-0.10041959703082248,-0.004946449943763587,8995.804029691772
D1,27,2.0,none,0,long,0.0,197,9.17315782763896,0.42841421048937217,0.27663202938559495,1.607295446822159,0.24873096446700507,0.006968273935776744,0.4742187943407932,0.1002575821274625,1.7513097135940467,0.6327863861597456,0.023092490774844432,16327.863861597463
D1,27,2.0,none,0,long,1.0,197,9.17315782763896,0.42841421048937217,0.27663202938559495,1.607295446822159,0.24873096446700507,0.006968273935776744,0.4742187943407932,0.1002575821274625,1.7513097135940467,0.6327863861597456,0.023092490774844432,16327.863861597463
D1,27,2.0,none,0,short,0.0,197,9.230821039127646,-0.6798397724547843,0.6795492804366137,0.5507500144238148,0.20812182741116753,-0.005530698102191933,-0.6641070849051511,0.26695795286572843,0.5385517437440895,-0.27003446827332434,-0.014640373247343352,7299.655317266744
D1,27,2.0,none,0,short,1.0,197,9.230821039127646,-0.6798397724547843,0.6795492804366137,0.5507500144238148,0.20812182741116753,-0.005530698102191933,-0.6641070849051511,0.26695795286572843,0.5385517437440895,-0.27003446827332434,-0.014640373247343352,7299.655317266744
D1,27,2.0,W1,20,both,0.0,139,6.68903162055336,0.07271464237921221,0.2822911697640045,1.0996072921689275,0.23741007194244604,0.0011391745624238481,0.1118725435201867,0.08905066133232187,1.178381297377033,0.068981305876062,0.0032152261985494146,10689.813058760607
D1,27,2.0,W1,20,both,1.0,139,6.68903162055336,0.07271464237921221,0.2822911697640045,1.0996072921689275,0.23741007194244604,0.0011391745624238481,0.1118725435201867,0.08905066133232187,1.178381297377033,0.068981305876062,0.0032152261985494146,10689.813058760607
D1,27,2.0,W1,20,long,0.0,57,2.74298418972332,0.34840295353318207,0.14966865881728697,2.032740386698857,0.2807017543859649,0.012027688742771204,0.38374714289605216,0.04213300661756603,2.3924869600418135,0.27037844748497153,0.011583005230533683,12703.784474849712
D1,27,2.0,W1,20,long,1.0,57,2.74298418972332,0.34840295353318207,0.14966865881728697,2.032740386698857,0.2807017543859649,0.012027688742771204,0.38374714289605216,0.04213300661756603,2.3924869600418135,0.27037844748497153,0.011583005230533683,12703.784474849712
D1,27,2.0,W1,20,short,0.0,96,4.782976401582322,-0.5780075637971614,0.4750029315842622,0.48329940542002153,0.19791666666666666,-0.0061130772371371855,-0.6665513657358851,0.1703238944623019,0.421827733561637,-0.16754870401206112,-0.009094898309782828,8324.512959879381
D1,27,2.0,W1,20,short,1.0,96,4.782976401582322,-0.5780075637971614,0.4750029315842622,0.48329940542002153,0.19791666666666666,-0.0061130772371371855,-0.6665513657358851,0.1703238944623019,0.421827733561637,-0.16754870401206112,-0.009094898309782828,8324.512959879381
D1,27,2.0,W1,32,both,0.0,142,7.115585128275484,-0.007800612438310695,0.34401971202997284,0.9902888741690102,0.2112676056338028,-0.00011842138615306903,-0.0004102220675675974,0.13502120445409072,0.9994429024595006,-0.010151644127182724,-0.0005111653659012338,9898.483558728163
D1,27,2.0,W1,32,both,1.0,142,7.115585128275484,-0.007800612438310695,0.34401971202997284,0.9902888741690102,0.2112676056338028,-0.00011842138615306903,-0.0004102220675675974,0.13502120445409072,0.9994429024595006,-0.010151644127182724,-0.0005111653659012338,9898.483558728163
D1,27,2.0,W1,32,long,0.0,72,3.6079023185622168,0.24318996609377364,0.1590156981322296,1.56368970013623,0.25,0.006620965039942071,0.2141268795581427,0.05140735237039862,1.5069318113542296,0.11844729063976045,0.005625116739505387,11184.472906397605
D1,27,2.0,W1,32,long,1.0,72,3.6079023185622168,0.24318996609377364,0.1590156981322296,1.56368970013623,0.25,0.006620965039942071,0.2141268795581427,0.05140735237039862,1.5069318113542296,0.11844729063976045,0.005625116739505387,11184.472906397605
D1,27,2.0,W1,32,short,0.0,84,4.413897280966768,-0.3893318027907448,0.38027902465376584,0.6017642594988036,0.20238095238095238,-0.0048328777978377,-0.35576566249734687,0.10987099065842776,0.6152880614199765,-0.1023758727436972,-0.005659140268037266,8976.241272563033
D1,27,2.0,W1,32,short,1.0,84,4.413897280966768,-0.3893318027907448,0.38027902465376584,0.6017642594988036,0.20238095238095238,-0.0048328777978377,-0.35576566249734687,0.10987099065842776,0.6152880614199765,-0.1023758727436972,-0.005659140268037266,8976.241272563033
D1,27,2.0,W1,50,both,0.0,149,7.574425887265136,-0.019196993519742172,0.37771949821617234,0.9783758283128693,0.2214765100671141,-0.0002542846003351338,0.10567513099882683,0.09790657614192122,1.152815646651656,0.06311371493903817,0.0031160564979038075,10631.137149390357
D1,27,2.0,W1,50,both,1.0,149,7.574425887265136,-0.019196993519742172,0.37771949821617234,0.9783758283128693,0.2214765100671141,-0.0002542846003351338,0.10567513099882683,0.09790657614192122,1.152815646651656,0.06311371493903817,0.0031160564979038075,10631.137149390357
D1,27,2.0,W1,50,long,0.0,82,4.168475991649269,0.1034418972655721,0.27102622777601804,1.1818464852719988,0.2073170731707317,0.002187470275175394,0.20808947355371363,0.07325439791295396,1.4717971240272305,0.12743450596232808,0.00611602470358652,11274.345059623272
D1,27,2.0,W1,50,long,1.0,82,4.168475991649269,0.1034418972655721,0.27102622777601804,1.1818464852719988,0.2073170731707317,0.002187470275175394,0.20808947355371363,0.07325439791295396,1.4717971240272305,0.12743450596232808,0.00611602470358652,11274.345059623272
D1,27,2.0,W1,50,short,0.0,77,4.183288710397144,-0.14381780818296017,0.24474398203141057,0.822870738106543,0.24675324675324675,-0.002031071006212766,-0.13452599336997223,0.0621221200398282,0.8300203247374168,-0.03867139739573322,-0.002140364363727887,9613.286026042671
D1,27,2.0,W1,50,short,1.0,77,4.183288710397144,-0.14381780818296017,0.24474398203141057,0.822870738106543,0.24675324675324675,-0.002031071006212766,-0.13452599336997223,0.0621221200398282,0.8300203247374168,-0.03867139739573322,-0.002140364363727887,9613.286026042671
D1,27,2.0,W1,80,both,0.0,143,7.743624907338769,0.15941734931423407,0.38636837499749654,1.2225027974943332,0.20279720279720279,0.002707090335746507,0.2000151656690895,0.16403626867390264,1.3129303053344472,0.15142888874770732,0.007664746835321257,11514.288887477072
D1,27,2.0,W1,80,both,1.0,143,7.743624907338769,0.15941734931423407,0.38636837499749654,1.2225027974943332,0.20279720279720279,0.002707090335746507,0.2000151656690895,0.16403626867390264,1.3129303053344472,0.15142888874770732,0.007664746835321257,11514.288887477072
D1,27,2.0,W1,80,long,0.0,91,4.927761304670126,0.348288061525777,0.15074043912862178,1.7418592985146801,0.21978021978021978,0.0089580991605127,0.3947685316411988,0.06825365420657226,1.939901499556987,0.3247613444395461,0.01534562769429404,13247.613444395458
D1,27,2.0,W1,80,long,1.0,91,4.927761304670126,0.348288061525777,0.15074043912862178,1.7418592985146801,0.21978021978021978,0.0089580991605127,0.3947685316411988,0.06825365420657226,1.939901499556987,0.3247613444395461,0.01534562769429404,13247.613444395458
D1,27,2.0,W1,80,short,0.0,58,3.69196584175671,-0.5533322175229549,0.30584310611534116,0.4685894525213133,0.1896551724137931,-0.0066803433459588215,-0.5996718867405455,0.09287492891681248,0.44172609860331596,-0.09516950181031492,-0.00634572545505474,9048.304981896854
D1,27,2.0,W1,80,short,1.0,58,3.69196584175671,-0.5533322175229549,0.30584310611534116,0.4685894525213133,0.1896551724137931,-0.0066803433459588215,-0.5996718867405455,0.09287492891681248,0.44172609860331596,-0.09516950181031492,-0.00634572545505474,9048.304981896854
D1,27,2.0,W1,120,both,0.0,133,7.886079545454545,0.4841713066500184,0.2479141838814013,1.8132564814218066,0.23308270676691728,0.008593568241329758,0.48616869439589305,0.08732658840741281,1.8597010995315457,0.40893901357375917,0.02053613947873134,14089.39013573758
D1,27,2.0,W1,120,both,1.0,133,7.886079545454545,0.4841713066500184,0.2479141838814013,1.8132564814218066,0.23308270676691728,0.008593568241329758,0.48616869439589305,0.08732658840741281,1.8597010995315457,0.40893901357375917,0.02053613947873134,14089.39013573758
D1,27,2.0,W1,120,long,0.0,82,4.862094155844156,0.5177062452078611,0.16261470962144897,2.2957681895469415,0.25609756097560976,0.013670384130291495,0.513898406097019,0.06211770187982435,2.3813015746564137,0.3950087784159515,0.019935059770415986,13950.087784159525
D1,27,2.0,W1,120,long,1.0,82,4.862094155844156,0.5177062452078611,0.16261470962144897,2.2957681895469415,0.25609756097560976,0.013670384130291495,0.513898406097019,0.06211770187982435,2.3813015746564137,0.3950087784159515,0.019935059770415986,13950.087784159525
D1,27,2.0,W1,120,short,0.0,54,3.9918032786885242,0.06346423134296482,0.13868233968918275,1.095808270302355,0.2222222222222222,0.0009588865820429546,0.05564331873439266,0.045226691734948754,1.0892879047136461,0.011517170887630712,0.0008468685583653546,10115.171708876307
D1,27,2.0,W1,120,short,1.0,54,3.9918032786885242,0.06346423134296482,0.13868233968918275,1.095808270302355,0.2222222222222222,0.0009588865820429546,0.05564331873439266,0.045226691734948754,1.0892879047136461,0.011517170887630712,0.0008468685583653546,10115.171708876307
D1,27,1.5,none,0,both,0.0,257,11.945692288114024,0.21090832118371122,0.45492877283899524,1.241784944904155,0.23346303501945526,0.0024170885007861707,0.28817792508574475,0.190589128222742,1.3942323524025941,0.44498380717610364,0.017256885215136242,14449.838071761049
D1,27,1.5,none,0,both,1.0,257,11.945692288114024,0.21090832118371122,0.45492877283899524,1.241784944904155,0.23346303501945526,0.0024170885007861707,0.28817792508574475,0.190589128222742,1.3942323524025941,0.44498380717610364,0.017256885215136242,14449.838071761049
D1,27,1.5,none,0,long,0.0,237,11.035727944926057,0.517164251709268,0.28609561561428665,1.7588311538731185,0.25316455696202533,0.007118473510943433,0.5222105216337144,0.1457278328611873,1.8510367753082166,1.1577612919672786,0.03646017335232865,21577.612919672774
D1,27,1.5,none,0,long,1.0,237,11.035727944926057,0.517164251709268,0.28609561561428665,1.7588311538731185,0.25316455696202533,0.007118473510943433,0.5222105216337144,0.1457278328611873,1.8510367753082166,1.1577612919672786,0.03646017335232865,21577.612919672774
D1,27,1.5,none,0,short,0.0,237,11.109375,-0.39996861809728645,0.5028584341098096,0.7144307192971193,0.24472573839662448,-0.002790180389168808,-0.33972520950629526,0.19062114001674324,0.7410243981960051,-0.19854645570492835,-0.010321130420142155,8014.53544295072
D1,27,1.5,none,0,short,1.0,237,11.109375,-0.39996861809728645,0.5028584341098096,0.7144307192971193,0.24472573839662448,-0.002790180389168808,-0.33972520950629526,0.19062114001674324,0.7410243981960051,-0.19854645570492835,-0.010321130420142155,8014.53544295072
D1,27,1.5,W1,20,both,0.0,171,8.222452606635072,-0.02249857479931297,0.33233600208895475,0.9739707504325616,0.23976608187134502,-0.00024704925510143065,-0.07909727543876661,0.17580834477110618,0.9097799635791322,-0.06613802636013777,-0.00328485462666106,9338.619736398614
D1,27,1.5,W1,20,both,1.0,171,8.222452606635072,-0.02249857479931297,0.33233600208895475,0.9739707504325616,0.23976608187134502,-0.00024704925510143065,-0.07909727543876661,0.17580834477110618,0.9097799635791322,-0.06613802636013777,-0.00328485462666106,9338.619736398614
D1,27,1.5,W1,20,long,0.0,68,3.269747235387046,0.2936252902093858,0.19329766835629025,1.849416097445835,0.27941176470588236,0.007373665504124175,0.2697558002721077,0.09711626270946272,1.7563159310632124,0.18778422422079077,0.008309175449226158,11877.842242207917
D1,27,1.5,W1,20,long,1.0,68,3.269747235387046,0.2936252902093858,0.19329766835629025,1.849416097445835,0.27941176470588236,0.007373665504124175,0.2697558002721077,0.09711626270946272,1.7563159310632124,0.18778422422079077,0.008309175449226158,11877.842242207917
D1,27,1.5,W1,20,short,0.0,125,6.215963240299524,-0.5184684484003887,0.42598200817217,0.5682875836375915,0.224,-0.004228541840937397,-0.5852079365563797,0.19155308420848804,0.5354050278920682,-0.19147954113997012,-0.010513927040012416,8085.204588600306
D1,27,1.5,W1,20,short,1.0,125,6.215963240299524,-0.5184684484003887,0.42598200817217,0.5682875836375915,0.224,-0.004228541840937397,-0.5852079365563797,0.19155308420848804,0.5354050278920682,-0.19147954113997012,-0.010513927040012416,8085.204588600306
D1,27,1.5,W1,32,both,0.0,175,8.654041429731926,0.2972680915486389,0.20073858601206274,1.4248334402792735,0.2571428571428571,0.003925511785626266,0.31684565170734474,0.09060357859357993,1.4635195529920504,0.30889041897425407,0.013400378838889893,13088.904189742541
D1,27,1.5,W1,32,both,1.0,175,8.654041429731926,0.2972680915486389,0.20073858601206274,1.4248334402792735,0.2571428571428571,0.003925511785626266,0.31684565170734474,0.09060357859357993,1.4635195529920504,0.30889041897425407,0.013400378838889893,13088.904189742541
D1,27,1.5,W1,32,long,0.0,75,3.7088748984565396,0.4425893331066004,0.11106463491883412,2.470589098424375,0.32,0.01148298761201429,0.4002414244516806,0.05681738211958842,2.256971710213347,0.34401770643043217,0.014728458687647938,13440.177064304313
D1,27,1.5,W1,32,long,1.0,75,3.7088748984565396,0.4425893331066004,0.11106463491883412,2.470589098424375,0.32,0.01148298761201429,0.4002414244516806,0.05681738211958842,2.256971710213347,0.34401770643043217,0.014728458687647938,13440.177064304313
D1,27,1.5,W1,32,short,0.0,110,5.737184063972583,-0.1536408078612509,0.25605793076017136,0.8340147554337036,0.22727272727272727,-0.0016465723661420522,-0.05923322689368395,0.09774662510420629,0.928019759280076,-0.03297910995444375,-0.0017475394986743442,9670.20890045557
D1,27,1.5,W1,32,short,1.0,110,5.737184063972583,-0.1536408078612509,0.25605793076017136,0.8340147554337036,0.22727272727272727,-0.0016465723661420522,-0.05923322689368395,0.09774662510420629,0.928019759280076,-0.03297910995444375,-0.0017475394986743442,9670.20890045557
D1,27,1.5,W1,50,both,0.0,182,9.282991202346041,0.05474275743974327,0.25724480540184946,1.0594745245801944,0.26373626373626374,0.0005682428031333973,0.13161793893572926,0.09663348434803398,1.1637296023618253,0.09220509597843529,0.004508746796399787,10922.050959784341
D1,27,1.5,W1,50,both,1.0,182,9.282991202346041,0.05474275743974327,0.25724480540184946,1.0594745245801944,0.26373626373626374,0.0005682428031333973,0.13161793893572926,0.09663348434803398,1.1637296023618253,0.09220509597843529,0.004508746796399787,10922.050959784341
D1,27,1.5,W1,50,long,0.0,89,4.716664248403946,0.11894886566100318,0.22680822491124497,1.2263630362368294,0.2808988764044944,0.0019090031048608661,0.13464512687790436,0.09370079713483737,1.2891500742156394,0.07947406702301163,0.004061054547383591,10794.740670230105
D1,27,1.5,W1,50,long,1.0,89,4.716664248403946,0.11894886566100318,0.22680822491124497,1.2263630362368294,0.2808988764044944,0.0019090031048608661,0.13464512687790436,0.09370079713483737,1.2891500742156394,0.07947406702301163,0.004061054547383591,10794.740670230105
D1,27,1.5,W1,50,short,0.0,103,5.553697962798937,-0.13764700627542722,0.24315833934221576,0.8500836276379972,0.23300970873786409,-0.0015827305419317,-0.03470214270371103,0.07610432019627567,0.9586383758922408,-0.02059259944457592,-0.0011213032405975598,9794.07400555424
D1,27,1.5,W1,50,short,1.0,103,5.553697962798937,-0.13764700627542722,0.24315833934221576,0.8500836276379972,0.23300970873786409,-0.0015827305419317,-0.03470214270371103,0.07610432019627567,0.9586383758922408,-0.02059259944457592,-0.0011213032405975598,9794.07400555424
D1,27,1.5,W1,80,both,0.0,178,9.63891771682728,0.27998540012172163,0.3633704566652476,1.4051645571664495,0.24157303370786518,0.003878701737065332,0.30735601207947033,0.21091466882638066,1.4936878504205666,0.360228102287129,0.016799301759568452,13602.281022871273
D1,27,1.5,W1,80,both,1.0,178,9.63891771682728,0.27998540012172163,0.3633704566652476,1.4051645571664495,0.24157303370786518,0.003878701737065332,0.30735601207947033,0.21091466882638066,1.4936878504205666,0.360228102287129,0.016799301759568452,13602.281022871273
D1,27,1.5,W1,80,long,0.0,115,6.227390659747961,0.3768215961321148,0.2741775990010944,1.8612401449916665,0.23478260869565218,0.007486788796690749,0.39906110938441486,0.15227514821562782,2.0573076526273613,0.5161679353980273,0.02279286043990747,15161.679353980257
D1,27,1.5,W1,80,long,1.0,115,6.227390659747961,0.3768215961321148,0.2741775990010944,1.8612401449916665,0.23478260869565218,0.007486788796690749,0.39906110938441486,0.15227514821562782,2.0573076526273613,0.5161679353980273,0.02279286043990747,15161.679353980257
D1,27,1.5,W1,80,short,0.0,69,4.373112961998959,-0.24771808375369062,0.2380334810012592,0.72708095518321,0.2608695652173913,-0.0030438946437987948,-0.22132787793576053,0.08368243493778127,0.7465579583121046,-0.06848298276440268,-0.004486026740158966,9315.17017235597
D1,27,1.5,W1,80,short,1.0,69,4.373112961998959,-0.24771808375369062,0.2380334810012592,0.72708095518321,0.2608695652173913,-0.0030438946437987948,-0.22132787793576053,0.08368243493778127,0.7465579583121046,-0.06848298276440268,-0.004486026740158966,9315.17017235597
D1,27,1.5,W1,120,both,0.0,163,9.642978620019436,0.5129498222729716,0.23745919241000446,1.864527240897919,0.2822085889570552,0.007334438160310676,0.4863772442094028,0.12886518504734312,1.825390584319641,0.5893661276070115,0.027789754023329838,15893.661276070095
D1,27,1.5,W1,120,both,1.0,163,9.642978620019436,0.5129498222729716,0.23745919241000446,1.864527240897919,0.2822085889570552,0.007334438160310676,0.4863772442094028,0.12886518504734312,1.825390584319641,0.5893661276070115,0.027789754023329838,15893.661276070095
D1,27,1.5,W1,120,long,0.0,95,5.62014091350826,0.5507338471770143,0.1974389183118177,2.5315476569761026,0.3157894736842105,0.012276159303587136,0.5363398124958624,0.09086809781702643,2.5555629129562627,0.588710052938797,0.027764650103028865,15887.100529387986
D1,27,1.5,W1,120,long,1.0,95,5.62014091350826,0.5507338471770143,0.1974389183118177,2.5315476569761026,0.3157894736842105,0.012276159303587136,0.5363398124958624,0.09086809781702643,2.5555629129562627,0.588710052938797,0.027764650103028865,15887.100529387986
D1,27,1.5,W1,120,short,0.0,69,5.10167004048583,0.019029300993493002,0.13235905694541217,1.0252106664410594,0.2318840579710145,0.00023188533575586867,0.05772830321948441,0.06431831239568919,1.0817245682445695,0.0162465832315124,0.0011922843381324544,10162.46583231513
D1,27,1.5,W1,120,short,1.0,69,5.10167004048583,0.019029300993493002,0.13235905694541217,1.0252106664410594,0.2318840579710145,0.00023188533575586867,0.05772830321948441,0.06431831239568919,1.0817245682445695,0.0162465832315124,0.0011922843381324544,10162.46583231513
D1,27,1.0,none,0,both,0.0,313,14.548644693306185,0.2993188177650402,0.22048844104933263,1.390729620633494,0.23322683706070288,0.0032686316811796393,0.36052369559489394,0.1373476575701419,1.5886014163829598,1.2197334437974892,0.03775900385877029,22197.334437974896
D1,27,1.0,none,0,both,1.0,313,14.548644693306185,0.2993188177650402,0.22048844104933263,1.390729620633494,0.23322683706070288,0.0032686316811796393,0.36052369559489394,0.1373476575701419,1.5886014163829598,1.2197334437974892,0.03775900385877029,22197.334437974896
D1,27,1.0,none,0,long,0.0,259,12.049388612915552,0.42643343960226227,0.3586516767713417,1.700176608998542,0.18532818532818532,0.006083430596339184,0.45745695822154625,0.2658402495605061,1.8554158107222507,1.9763713832010361,0.052052035146824105,29763.713832010406
D1,27,1.0,none,0,long,1.0,259,12.049388612915552,0.42643343960226227,0.3586516767713417,1.700176608998542,0.18532818532818532,0.006083430596339184,0.45745695822154625,0.2658402495605061,1.8554158107222507,1.9763713832010361,0.052052035146824105,29763.713832010406
D1,27,1.0,none,0,short,0.0,259,12.292067307692308,-0.24228109266605743,0.35015358050006673,0.8125941069770699,0.25868725868725867,-0.0014600888342880425,-0.11239378885537045,0.14371026736339632,0.9051539879303587,-0.11515181245812112,-0.005789360226975182,8848.481875418805
D1,27,1.0,none,0,short,1.0,259,12.292067307692308,-0.24228109266605743,0.35015358050006673,0.8125941069770699,0.25868725868725867,-0.0014600888342880425,-0.11239378885537045,0.14371026736339632,0.9051539879303587,-0.11515181245812112,-0.005789360226975182,8848.481875418805
D1,27,1.0,W1,20,both,0.0,207,9.953495260663509,0.030160862073743612,0.44630909033102895,1.0456836421679558,0.21739130434782608,0.00038068984779511707,-0.0017357830919892173,0.2528628354266724,0.9978251049674942,-0.03556639458833044,-0.0017398312940133387,9644.336054116697
D1,27,1.0,W1,20,both,1.0,207,9.953495260663509,0.030160862073743612,0.44630909033102895,1.0456836421679558,0.21739130434782608,0.00038068984779511707,-0.0017357830919892173,0.2528628354266724,0.9978251049674942,-0.03556639458833044,-0.0017398312940133387,9644.336054116697
D1,27,1.0,W1,20,long,0.0,58,2.7889020537124805,0.17820982907036068,0.22702769091775576,1.782656554088166,0.13793103448275862,0.00731171750370585,0.1753157836537336,0.1461051578429592,1.8879722771663556,0.25498091976772863,0.010980825025728391,12549.809197677283
D1,27,1.0,W1,20,long,1.0,58,2.7889020537124805,0.17820982907036068,0.22702769091775576,1.782656554088166,0.13793103448275862,0.00731171750370585,0.1753157836537336,0.1461051578429592,1.8879722771663556,0.25498091976772863,0.010980825025728391,12549.809197677283
D1,27,1.0,W1,20,short,0.0,160,7.974890829694323,-0.41118970059727883,0.3740257716055375,0.6599413157157112,0.24375,-0.002758778187064071,-0.32569024997283624,0.18467572567323942,0.7222986461540297,-0.18517228397490648,-0.010154880059707216,8148.277160250939
D1,27,1.0,W1,20,short,1.0,160,7.974890829694323,-0.41118970059727883,0.3740257716055375,0.6599413157157112,0.24375,-0.002758778187064071,-0.32569024997283624,0.18467572567323942,0.7222986461540297,-0.18517228397490648,-0.010154880059707216,8148.277160250939
D1,27,1.0,W1,32,both,0.0,200,10.112126245847175,0.13120710261431667,0.1822514753188873,1.1573263952142279,0.22,0.0012848779710844347,0.20186957801257902,0.11649061701299157,1.2574951131358563,0.23480884877037878,0.010721118885578251,12348.088487703808
D1,27,1.0,W1,32,both,1.0,200,10.112126245847175,0.13120710261431667,0.1822514753188873,1.1573263952142279,0.22,0.0012848779710844347,0.20186957801257902,0.11649061701299157,1.2574951131358563,0.23480884877037878,0.010721118885578251,12348.088487703808
D1,27,1.0,W1,32,long,0.0,83,4.209936119983336,0.10707600394252924,0.2077453748172987,1.2251924570368657,0.1566265060240964,0.0019443024445374613,0.09490704881998753,0.13480384807141854,1.1979497298024833,0.06583674489415792,0.003239286131116126,10658.36744894158
D1,27,1.0,W1,32,long,1.0,83,4.209936119983336,0.10707600394252924,0.2077453748172987,1.2251924570368657,0.1566265060240964,0.0019443024445374613,0.09490704881998753,0.13480384807141854,1.1979497298024833,0.06583674489415792,0.003239286131116126,10658.36744894158
D1,27,1.0,W1,32,short,0.0,132,6.88560411311054,0.011174106705590051,0.12722593843996455,1.0135272372734254,0.26515151515151514,0.0001060531121094515,0.1343345198104573,0.10475657515441172,1.1874921039246675,0.096753870066705,0.004829187667102719,10967.538700667046
D1,27,1.0,W1,32,short,1.0,132,6.88560411311054,0.011174106705590051,0.12722593843996455,1.0135272372734254,0.26515151515151514,0.0001060531121094515,0.1343345198104573,0.10475657515441172,1.1874921039246675,0.096753870066705,0.004829187667102719,10967.538700667046
D1,27,1.0,W1,50,both,0.0,209,10.65567420435511,0.1612765154777262,0.3186341757890968,1.2501874343493875,0.22009569377990432,0.0020425256562725666,0.2537924573781102,0.14137839623437254,1.4275289861310991,0.423613751325985,0.01817061755800564,14236.137513259864
D1,27,1.0,W1,50,both,1.0,209,10.65567420435511,0.1612765154777262,0.3186341757890968,1.2501874343493875,0.22009569377990432,0.0020425256562725666,0.2537924573781102,0.14137839623437254,1.4275289861310991,0.423613751325985,0.01817061755800564,14236.137513259864
D1,27,1.0,W1,50,long,0.0,107,5.6615601912212075,0.13808963597140836,0.3319092936891802,1.3704398161149807,0.14953271028037382,0.003012571301599829,0.20090375686810155,0.198435997121845,1.6445696030452643,0.29891100903903634,0.0139340033389741,12989.110090390375
D1,27,1.0,W1,50,long,1.0,107,5.6615601912212075,0.13808963597140836,0.3319092936891802,1.3704398161149807,0.14953271028037382,0.003012571301599829,0.20090375686810155,0.198435997121845,1.6445696030452643,0.29891100903903634,0.0139340033389741,12989.110090390375
D1,27,1.0,W1,50,short,0.0,114,6.149534780682322,0.06419066095293564,0.11594001556695532,1.0810780527212005,0.2807017543859649,0.0006626446659908862,0.16487242997544238,0.0814884490994846,1.2283494960545323,0.10859441609067022,0.005576663103194157,11085.944160906693
D1,27,1.0,W1,50,short,1.0,114,6.149534780682322,0.06419066095293564,0.11594001556695532,1.0810780527212005,0.2807017543859649,0.0006626446659908862,0.16487242997544238,0.0814884490994846,1.2283494960545323,0.10859441609067022,0.005576663103194157,11085.944160906693
D1,27,1.0,W1,80,both,0.0,208,11.28688159263111,0.2832810255038139,0.334265646638053,1.4848091878045488,0.20192307692307693,0.004007179213461517,0.342150916966746,0.23796594867492027,1.6854475145735583,0.847874620879923,0.033881293728637685,18478.746208799217
D1,27,1.0,W1,80,both,1.0,208,11.28688159263111,0.2832810255038139,0.334265646638053,1.4848091878045488,0.20192307692307693,0.004007179213461517,0.342150916966746,0.23796594867492027,1.6854475145735583,0.847874620879923,0.033881293728637685,18478.746208799217
D1,27,1.0,W1,80,long,0.0,125,6.782981726340811,0.3218931773074142,0.2883076808234494,1.917210129691588,0.144,0.007135262027600515,0.3570774872974164,0.23488754416265856,2.1463957555700595,0.8609923997971509,0.03427822518519008,18609.92399797152
D1,27,1.0,W1,80,long,1.0,125,6.782981726340811,0.3218931773074142,0.2883076808234494,1.917210129691588,0.144,0.007135262027600515,0.3570774872974164,0.23488754416265856,2.1463957555700595,0.8609923997971509,0.03427822518519008,18609.92399797152
D1,27,1.0,W1,80,short,0.0,86,5.447710718002081,-0.09048004589029753,0.19519518645583267,0.8936362140739086,0.27906976744186046,-0.0009527298027626305,-0.006178300656046969,0.10387876014438036,0.9921818492668559,-0.011386311482663003,-0.0007251459952752892,9886.136885173364
D1,27,1.0,W1,80,short,1.0,86,5.447710718002081,-0.09048004589029753,0.19519518645583267,0.8936362140739086,0.27906976744186046,-0.0009527298027626305,-0.006178300656046969,0.10387876014438036,0.9921818492668559,-0.011386311482663003,-0.0007251459952752892,9886.136885173364
D1,27,1.0,W1,120,both,0.0,190,11.24028182701652,0.3459414807375309,0.310443210128031,1.6413035653541164,0.21578947368421053,0.0050027640414472335,0.3649833684780264,0.21946325536902145,1.741017339716143,0.8158375739322277,0.03592146988985334,18158.375739322262
D1,27,1.0,W1,120,both,1.0,190,11.24028182701652,0.3459414807375309,0.310443210128031,1.6413035653541164,0.21578947368421053,0.0050027640414472335,0.3649833684780264,0.21946325536902145,1.741017339716143,0.8158375739322277,0.03592146988985334,18158.375739322262
D1,27,1.0,W1,120,long,0.0,106,6.27089407191448,0.3954885796158314,0.2761085375924689,2.207288878124632,0.1792452830188679,0.009702945457783392,0.40630327466336413,0.18704157018344192,2.378651293363958,0.8847338692253495,0.03820620666874763,18847.3386922535
D1,27,1.0,W1,120,long,1.0,106,6.27089407191448,0.3954885796158314,0.2761085375924689,2.207288878124632,0.1792452830188679,0.009702945457783392,0.40630327466336413,0.18704157018344192,2.378651293363958,0.8847338692253495,0.03820620666874763,18847.3386922535
D1,27,1.0,W1,120,short,0.0,90,6.639567764088063,-0.13535413619027664,0.183233958006481,0.8446085322502017,0.25555555555555554,-0.0011567663158443832,-0.05374931798257007,0.11502796664688608,0.9339190342387533,-0.03565563959057583,-0.002674878825861926,9643.443604094235
D1,27,1.0,W1,120,short,1.0,90,6.639567764088063,-0.13535413619027664,0.183233958006481,0.8446085322502017,0.25555555555555554,-0.0011567663158443832,-0.05374931798257007,0.11502796664688608,0.9339190342387533,-0.03565563959057583,-0.002674878825861926,9643.443604094235
D1,27,5.0,none,0,both,0.0,38,1.8037037037037038,0.044853833350700555,0.6157867205965804,1.135822778488547,0.2631578947368421,0.005117429997285238,0.1700948670813001,0.09562002195983932,1.9590783478700038,0.17504212393477725,0.007685822753860316,11750.421239347768
D1,27,5.0,none,0,both,1.0,38,1.8037037037037038,0.044853833350700555,0.6157867205965804,1.135822778488547,0.2631578947368421,0.005117429997285238,0.1700948670813001,0.09562002195983932,1.9590783478700038,0.17504212393477725,0.007685822753860316,11750.421239347768
D1,27,5.0,none,0,long,0.0,35,1.6750196540880502,0.28619084077964635,0.35693357233905454,2.2899672044657335,0.4,0.037291549293588654,0.3028340855793418,0.0359305925140978,3.3438110442357956,0.31489670973568384,0.013187634771129941,13148.967097356835
D1,27,5.0,none,0,long,1.0,35,1.6750196540880502,0.28619084077964635,0.35693357233905454,2.2899672044657335,0.4,0.037291549293588654,0.3028340855793418,0.0359305925140978,3.3438110442357956,0.31489670973568384,0.013187634771129941,13148.967097356835
D1,27,5.0,none,0,short,0.0,35,1.7459369024856597,-0.6023339724290399,0.6260672422098432,0.2920331175639064,0.2,-0.027051335525052823,-0.49022833884590306,0.10563590537049294,0.3667899564075633,-0.1099258978221549,-0.00579216969975882,8900.741021778455
D1,27,5.0,none,0,short,1.0,35,1.7459369024856597,-0.6023339724290399,0.6260672422098432,0.2920331175639064,0.2,-0.027051335525052823,-0.49022833884590306,0.10563590537049294,0.3667899564075633,-0.1099258978221549,-0.00579216969975882,8900.741021778455
D1,27,5.0,W1,20,both,0.0,25,1.2899067664924426,0.2778657844015145,0.18231304787865033,2.8270435152098377,0.48,0.041659992735261796,0.2515070340554838,0.034709859737939164,4.014897392168943,0.23631798360864487,0.011005629962420826,12363.17983608644
D1,27,5.0,W1,20,both,1.0,25,1.2899067664924426,0.2778657844015145,0.18231304787865033,2.8270435152098377,0.48,0.041659992735261796,0.2515070340554838,0.034709859737939164,4.014897392168943,0.23631798360864487,0.011005629962420826,12363.17983608644
D1,27,5.0,W1,20,long,0.0,22,1.1876293230860184,0.2987780943097271,0.14350716859748192,3.2997492915159046,0.45454545454545453,0.04919185312414957,0.26035024042177235,0.026430924331277694,4.44709338509423,0.23859665943199304,0.011618234798292049,12385.966594319922
D1,27,5.0,W1,20,long,1.0,22,1.1876293230860184,0.2987780943097271,0.14350716859748192,3.2997492915159046,0.45454545454545453,0.04919185312414957,0.26035024042177235,0.026430924331277694,4.44709338509423,0.23859665943199304,0.011618234798292049,12385.966594319922
D1,27,5.0,W1,20,short,0.0,12,1.0,-0.19623156151955837,0.26502664198224246,0.5996095831366172,0.3333333333333333,-0.015115756295817734,-0.07103503259999082,0.03476567568280453,0.8130275523140158,-0.010603270268666698,-0.000645590683703734,9893.967297313335
D1,27,5.0,W1,20,short,1.0,12,1.0,-0.19623156151955837,0.26502664198224246,0.5996095831366172,0.3333333333333333,-0.015115756295817734,-0.07103503259999082,0.03476567568280453,0.8130275523140158,-0.010603270268666698,-0.000645590683703734,9893.967297313335
D1,27,5.0,W1,32,both,0.0,14,1.0,-0.07311333529335878,0.14057241876089543,0.8336530730273962,0.42857142857142855,-0.004666239738200134,0.03187635101470324,0.015193194321711845,1.0874489466759838,0.0034435226296203325,0.00020117147538623037,10034.435226296206
D1,27,5.0,W1,32,both,1.0,14,1.0,-0.07311333529335878,0.14057241876089543,0.8336530730273962,0.42857142857142855,-0.004666239738200134,0.03187635101470324,0.015193194321711845,1.0874489466759838,0.0034435226296203325,0.00020117147538623037,10034.435226296206
D1,27,5.0,W1,32,long,0.0,9,1.0,0.012072884700280694,0.09634723247114196,1.02909073994965,0.4444444444444444,0.0009078262745578765,0.06206728134239098,0.013376561537672416,1.1637419454219444,0.005723736625969478,0.00041052616605607994,10057.237366259691
D1,27,5.0,W1,32,long,1.0,9,1.0,0.012072884700280694,0.09634723247114196,1.02909073994965,0.4444444444444444,0.0009078262745578765,0.06206728134239098,0.013376561537672416,1.1637419454219444,0.005723736625969478,0.00041052616605607994,10057.237366259691
D1,27,5.0,W1,32,short,0.0,10,1.0,-0.6342465126627058,0.20646006900419,0.19573152008000183,0.3,-0.02844071877780991,-0.6104011877342457,0.02536085335970406,0.23561720067597525,-0.02851623820833349,-0.0016914463358091991,9714.837617916666
D1,27,5.0,W1,32,short,1.0,10,1.0,-0.6342465126627058,0.20646006900419,0.19573152008000183,0.3,-0.02844071877780991,-0.6104011877342457,0.02536085335970406,0.23561720067597525,-0.02851623820833349,-0.0016914463358091991,9714.837617916666
D1,27,5.0,W1,50,both,0.0,19,1.132650563081443,-0.18771772504176976,0.3535426473345068,0.613012948030195,0.3684210526315789,-0.0135440928607969,-0.07939240816999918,0.03930811146291757,0.8195446824530807,-0.014514137103713187,-0.0008711947545204657,9854.858628962871
D1,27,5.0,W1,50,both,1.0,19,1.132650563081443,-0.18771772504176976,0.3535426473345068,0.613012948030195,0.3684210526315789,-0.0135440928607969,-0.07939240816999918,0.03930811146291757,0.8195446824530807,-0.014514137103713187,-0.0008711947545204657,9854.858628962871
D1,27,5.0,W1,50,long,0.0,13,1.0,0.33332115587744615,0.0725373834918871,2.4390248161012686,0.5384615384615384,0.023430037420243577,0.2943068987830115,0.013840674510540718,2.1845535904208586,0.03905404448430283,0.0024096741340442485,10390.540444843025
D1,27,5.0,W1,50,long,1.0,13,1.0,0.33332115587744615,0.0725373834918871,2.4390248161012686,0.5384615384615384,0.023430037420243577,0.2943068987830115,0.013840674510540718,2.1845535904208586,0.03905404448430283,0.0024096741340442485,10390.540444843025
D1,27,5.0,W1,50,short,0.0,10,1.0,-0.7185635959759861,0.35848248952966233,0.09133804897287284,0.2,-0.046918316920277536,-0.8066601636322576,0.04242876706854537,0.11991857565126078,-0.043990278041666775,-0.0030666104733860777,9560.097219583333
D1,27,5.0,W1,50,short,1.0,10,1.0,-0.7185635959759861,0.35848248952966233,0.09133804897287284,0.2,-0.046918316920277536,-0.8066601636322576,0.04242876706854537,0.11991857565126078,-0.043990278041666775,-0.0030666104733860777,9560.097219583333
D1,27,5.0,W1,80,both,0.0,21,1.133646172036654,0.18284322310151022,0.28594810242563184,2.0074323890300407,0.38095238095238093,0.03181959355185654,0.2259254438458884,0.026846029384057224,3.5833582228744705,0.20798146300468212,0.010252356035492127,12079.814630046816
D1,27,5.0,W1,80,both,1.0,21,1.133646172036654,0.18284322310151022,0.28594810242563184,2.0074323890300407,0.38095238095238093,0.03181959355185654,0.2259254438458884,0.026846029384057224,3.5833582228744705,0.20798146300468212,0.010252356035492127,12079.814630046816
D1,27,5.0,W1,80,long,0.0,14,1.0,0.3219418223168565,0.11025037576073582,3.848720540156511,0.5,0.06899145329280248,0.3023861857437632,0.01687058949327236,6.008144256391666,0.23847087412968238,0.011612688595610487,12384.708741296816
D1,27,5.0,W1,80,long,1.0,14,1.0,0.3219418223168565,0.11025037576073582,3.848720540156511,0.5,0.06899145329280248,0.3023861857437632,0.01687058949327236,6.008144256391666,0.23847087412968238,0.011612688595610487,12384.708741296816
D1,27,5.0,W1,80,short,0.0,9,1.0,-0.6154317643752296,0.3301675963418321,0.08199713809080714,0.2222222222222222,-0.0407098464514589,-0.8056238416914316,0.03916494720420849,0.08860535037994258,-0.03864706391666661,-0.0029668689594657405,9613.52936083333
D1,27,5.0,W1,80,short,1.0,9,1.0,-0.6154317643752296,0.3301675963418321,0.08199713809080714,0.2222222222222222,-0.0407098464514589,-0.8056238416914316,0.03916494720420849,0.08860535037994258,-0.03864706391666661,-0.0029668689594657405,9613.52936083333
D1,27,5.0,W1,120,both,0.0,17,1.0757536382536381,0.3291140620530687,0.15891008833711762,4.204158935226309,0.4117647058823529,0.06216161210166392,0.30214737796827373,0.02569908225275319,6.0744181524683265,0.25374313948795435,0.014412521975010861,12537.431394879537
D1,27,5.0,W1,120,both,1.0,17,1.0757536382536381,0.3291140620530687,0.15891008833711762,4.204158935226309,0.4117647058823529,0.06216161210166392,0.30214737796827373,0.02569908225275319,6.0744181524683265,0.25374313948795435,0.014412521975010861,12537.431394879537
D1,27,5.0,W1,120,long,0.0,12,1.0,0.366153973596999,0.09616101640457664,5.866251535348476,0.5833333333333334,0.08257600428534778,0.3307492489845229,0.01684454364019805,8.446003957289735,0.24008820096295347,0.01370979756377344,12400.88200962954
D1,27,5.0,W1,120,long,1.0,12,1.0,0.366153973596999,0.09616101640457664,5.866251535348476,0.5833333333333334,0.08257600428534778,0.3307492489845229,0.01684454364019805,8.446003957289735,0.24008820096295347,0.01370979756377344,12400.88200962954
D1,27,5.0,W1,120,short,0.0,7,1.0,0.17379208551157155,0.08455495657595247,1.7676425224798287,0.2857142857142857,0.013836810474363855,0.19656076816526907,0.012671674038079783,1.9991256617810236,0.017483918824999778,0.0019243567877105239,10174.839188249998
D1,27,5.0,W1,120,short,1.0,7,1.0,0.17379208551157155,0.08455495657595247,1.7676425224798287,0.2857142857142857,0.013836810474363855,0.19656076816526907,0.012671674038079783,1.9991256617810236,0.017483918824999778,0.0019243567877105239,10174.839188249998
D1,27,3.0,none,0,both,0.0,114,5.300216395112016,0.16985366867356694,0.3421613922730964,1.2348342584932517,0.32456140350877194,0.0038330998626775526,0.30619188052740637,0.06260215936678915,1.548259147741883,0.1880050050227764,0.008041786350418745,11880.050050227768
D1,27,3.0,none,0,both,1.0,114,5.300216395112016,0.16985366867356694,0.3421613922730964,1.2348342584932517,0.32456140350877194,0.0038330998626775526,0.30619188052740637,0.06260215936678915,1.548259147741883,0.1880050050227764,0.008041786350418745,11880.050050227768
D1,27,3.0,none,0,long,0.0,107,4.988098276962349,0.4648546994958167,0.21108278064795538,1.843477858475677,0.37383177570093457,0.011827460654977208,0.5581117154205376,0.04525990034048488,2.253302423254456,0.39371956676459563,0.015596349862280201,13937.195667645969
D1,27,3.0,none,0,long,1.0,107,4.988098276962349,0.4648546994958167,0.21108278064795538,1.843477858475677,0.37383177570093457,0.011827460654977208,0.5581117154205376,0.04525990034048488,2.253302423254456,0.39371956676459563,0.015596349862280201,13937.195667645969
D1,27,3.0,none,0,short,0.0,107,5.01305156490508,-0.7197714590996594,0.6758208304441933,0.44236213280259706,0.21495327102803738,-0.010415472668451333,-0.7465519723592354,0.21305132121758574,0.4119969218015904,-0.22022254549166875,-0.011586374643572372,7797.774545083309
D1,27,3.0,none,0,short,1.0,107,5.01305156490508,-0.7197714590996594,0.6758208304441933,0.44236213280259706,0.21495327102803738,-0.010415472668451333,-0.7465519723592354,0.21305132121758574,0.4119969218015904,-0.22022254549166875,-0.011586374643572372,7797.774545083309
D1,27,3.0,W1,20,both,0.0,63,3.031719367588933,0.011146670139653389,0.3726204905034921,1.0195952942180977,0.2857142857142857,0.00030578226301479386,0.12063678044391872,0.08558165558837505,1.2871617374220403,0.04866342013688185,0.002289226621968732,10486.634201368826
D1,27,3.0,W1,20,both,1.0,63,3.031719367588933,0.011146670139653389,0.3726204905034921,1.0195952942180977,0.2857142857142857,0.00030578226301479386,0.12063678044391872,0.08558165558837505,1.2871617374220403,0.04866342013688185,0.002289226621968732,10486.634201368826
D1,27,3.0,W1,20,long,0.0,34,1.6361660079051383,0.35199476866280366,0.10781064554380093,2.439999289057211,0.4411764705882353,0.014932762786255915,0.3905638081453151,0.021284518162432042,3.3877561017421427,0.16694343094927389,0.007457202719796108,11669.434309492746
D1,27,3.0,W1,20,long,1.0,34,1.6361660079051383,0.35199476866280366,0.10781064554380093,2.439999289057211,0.4411764705882353,0.014932762786255915,0.3905638081453151,0.021284518162432042,3.3877561017421427,0.16694343094927389,0.007457202719796108,11669.434309492746
D1,27,3.0,W1,20,short,0.0,38,1.9967630556754425,-0.32608879138250174,0.358960287775549,0.5323693594433673,0.21052631578947367,-0.00922534013521921,-0.3369982550703623,0.08768877385944263,0.5125521637841237,-0.0674992689488908,-0.003665488583219023,9325.007310511095
D1,27,3.0,W1,20,short,1.0,38,1.9967630556754425,-0.32608879138250174,0.358960287775549,0.5323693594433673,0.21052631578947367,-0.00922534013521921,-0.3369982550703623,0.08768877385944263,0.5125521637841237,-0.0674992689488908,-0.003665488583219023,9325.007310511095
D1,27,3.0,W1,32,both,0.0,60,3.011543218359214,-0.06436914316687349,0.35139244497264177,0.898279498623104,0.25,-0.0016674263232843854,0.06067034388071053,0.07942746397876954,1.1336930537079166,0.020884952936428336,0.0010380075709148784,10208.84952936428
D1,27,3.0,W1,32,both,1.0,60,3.011543218359214,-0.06436914316687349,0.35139244497264177,0.898279498623104,0.25,-0.0016674263232843854,0.06067034388071053,0.07942746397876954,1.1336930537079166,0.020884952936428336,0.0010380075709148784,10208.84952936428
D1,27,3.0,W1,32,long,0.0,35,1.7567335440428746,0.11508879008683641,0.18733031932291044,1.2932032583785968,0.2857142857142857,0.004582693082795947,0.18373596124406777,0.03815768314055046,1.6470048415376355,0.06718477885728791,0.003269048186964829,10671.847788572884
D1,27,3.0,W1,32,long,1.0,35,1.7567335440428746,0.11508879008683641,0.18733031932291044,1.2932032583785968,0.2857142857142857,0.004582693082795947,0.18373596124406777,0.03815768314055046,1.6470048415376355,0.06718477885728791,0.003269048186964829,10671.847788572884
D1,27,3.0,W1,32,short,0.0,32,1.6814846784635304,-0.43879343271280696,0.2975684728640172,0.4292500452524117,0.21875,-0.010199882047525945,-0.46935255844482376,0.06714412861449481,0.3894355654376716,-0.06585424034902598,-0.003573208133129002,9341.457596509743
D1,27,3.0,W1,32,short,1.0,32,1.6814846784635304,-0.43879343271280696,0.2975684728640172,0.4292500452524117,0.21875,-0.010199882047525945,-0.46935255844482376,0.06714412861449481,0.3894355654376716,-0.06585424034902598,-0.003573208133129002,9341.457596509743
D1,27,3.0,W1,50,both,0.0,72,3.7013370865587616,0.05346149430583576,0.3132237435342422,1.0811086566767434,0.2916666666666667,0.001349324339300247,0.16306860282686272,0.05478425252264807,1.3462193740480648,0.07357378955484184,0.0036562413472946975,10735.737895548422
D1,27,3.0,W1,50,both,1.0,72,3.7013370865587616,0.05346149430583576,0.3132237435342422,1.0811086566767434,0.2916666666666667,0.001349324339300247,0.16306860282686272,0.05478425252264807,1.3462193740480648,0.07357378955484184,0.0036562413472946975,10735.737895548422
D1,27,3.0,W1,50,long,0.0,41,2.155953066513101,0.18888516854044302,0.25781700160021104,1.4648632987446164,0.2926829268292683,0.007308387638851227,0.2746782626950604,0.040697088085631994,1.99187956645925,0.11785384393403575,0.005875635762802034,11178.53843934036
D1,27,3.0,W1,50,long,1.0,41,2.155953066513101,0.18888516854044302,0.25781700160021104,1.4648632987446164,0.2926829268292683,0.007308387638851227,0.2746782626950604,0.040697088085631994,1.99187956645925,0.11785384393403575,0.005875635762802034,11178.53843934036
D1,27,3.0,W1,50,short,0.0,32,1.7385095939312807,-0.2946088499529344,0.23964166171852652,0.5897175256080419,0.28125,-0.007625063533085621,-0.34501730970803984,0.05010446651349354,0.5375295565460732,-0.04879101698752797,-0.0027138994446943565,9512.089830124729
D1,27,3.0,W1,50,short,1.0,32,1.7385095939312807,-0.2946088499529344,0.23964166171852652,0.5897175256080419,0.28125,-0.007625063533085621,-0.34501730970803984,0.05010446651349354,0.5375295565460732,-0.04879101698752797,-0.0027138994446943565,9512.089830124729
D1,27,3.0,W1,80,both,0.0,73,3.966565010413567,0.3481052042693867,0.3266435702344096,1.6672794911770001,0.3150684931506849,0.010240862134464224,0.4284908091607422,0.052848336755716985,2.0745250308953755,0.24199865919484553,0.011845520260743925,12419.986591948445
D1,27,3.0,W1,80,both,1.0,73,3.966565010413567,0.3481052042693867,0.3266435702344096,1.6672794911770001,0.3150684931506849,0.010240862134464224,0.4284908091607422,0.052848336755716985,2.0745250308953755,0.24199865919484553,0.011845520260743925,12419.986591948445
D1,27,3.0,W1,80,long,0.0,45,2.4451428146385004,0.4712231023328464,0.19280261894185102,2.3803159590157366,0.37777777777777777,0.020798145813617337,0.5432923995042063,0.033187415432122114,3.104227937891697,0.2897676066117929,0.013922608299562711,12897.676066117934
D1,27,3.0,W1,80,long,1.0,45,2.4451428146385004,0.4712231023328464,0.19280261894185102,2.3803159590157366,0.37777777777777777,0.020798145813617337,0.5432923995042063,0.033187415432122114,3.104227937891697,0.2897676066117929,0.013922608299562711,12897.676066117934
D1,27,3.0,W1,80,short,0.0,31,2.0168774492340575,-0.41615032380600775,0.2594483625261592,0.4849808920220615,0.1935483870967742,-0.00869985820451684,-0.44578682387057117,0.05575160204367624,0.45952627263135387,-0.04808732492389123,-0.0032011783826163542,9519.126750761088
D1,27,3.0,W1,80,short,1.0,31,2.0168774492340575,-0.41615032380600775,0.2594483625261592,0.4849808920220615,0.1935483870967742,-0.00869985820451684,-0.44578682387057117,0.05575160204367624,0.45952627263135387,-0.04808732492389123,-0.0032011783826163542,9519.126750761088
D1,27,3.0,W1,120,both,0.0,68,4.118905472636816,0.3753462190053087,0.21700940685120385,1.7168167496477114,0.3235294117647059,0.010929314427929116,0.46726072013766995,0.04488454300324074,2.207466370607322,0.24573640756096915,0.013398288500416022,12457.364075609696
D1,27,3.0,W1,120,both,1.0,68,4.118905472636816,0.3753462190053087,0.21700940685120385,1.7168167496477114,0.3235294117647059,0.010929314427929116,0.46726072013766995,0.04488454300324074,2.207466370607322,0.24573640756096915,0.013398288500416022,12457.364075609696
D1,27,3.0,W1,120,long,0.0,43,2.6046019900497512,0.5021701175394888,0.15608019524584527,2.519716261584449,0.37209302325581395,0.021141364828763165,0.556167609879033,0.037345425576270075,3.2869170824767475,0.2753642122117481,0.014842136785183202,12753.64212211749
D1,27,3.0,W1,120,long,1.0,43,2.6046019900497512,0.5021701175394888,0.15608019524584527,2.519716261584449,0.37209302325581395,0.021141364828763165,0.556167609879033,0.037345425576270075,3.2869170824767475,0.2753642122117481,0.014842136785183202,12753.64212211749
D1,27,3.0,W1,120,short,0.0,25,2.1294892723880596,-0.2840310714441336,0.20345811013652448,0.6217906906387316,0.24,-0.006635412261505458,-0.2144615947454448,0.03086626006785853,0.6890266065698522,-0.024247520471222694,-0.0020886617115716266,9757.524795287769
D1,27,3.0,W1,120,short,1.0,25,2.1294892723880596,-0.2840310714441336,0.20345811013652448,0.6217906906387316,0.24,-0.006635412261505458,-0.2144615947454448,0.03086626006785853,0.6890266065698522,-0.024247520471222694,-0.0020886617115716266,9757.524795287769
D1,27,4.0,none,0,both,0.0,65,3.084881756756757,0.09156915472465305,0.5278864248745122,1.203008607025699,0.4,0.004274394315955189,0.2299215030771878,0.08780564375591149,1.9400218716304423,0.18663567195930586,0.00815447667854885,11866.356719593061
D1,27,4.0,none,0,both,1.0,65,3.084881756756757,0.09156915472465305,0.5278864248745122,1.203008607025699,0.4,0.004274394315955189,0.2299215030771878,0.08780564375591149,1.9400218716304423,0.18663567195930586,0.00815447667854885,11866.356719593061
D1,27,4.0,none,0,long,0.0,63,3.009514778969396,0.3901404472475935,0.25330515499991346,2.159165748942404,0.42857142857142855,0.022716750491913015,0.43505787312359545,0.037920064847509094,3.0232812189146,0.3732905177992427,0.015268522130432727,13732.905177992421
D1,27,4.0,none,0,long,1.0,63,3.009514778969396,0.3901404472475935,0.25330515499991346,2.159165748942404,0.42857142857142855,0.022716750491913015,0.43505787312359545,0.037920064847509094,3.0232812189146,0.3732905177992427,0.015268522130432727,13732.905177992421
D1,27,4.0,none,0,short,0.0,63,3.092011556033324,-0.7963389207716206,0.6799707925094114,0.3333277542229332,0.25396825396825395,-0.017433610776626394,-0.7577712967091501,0.1625619742967811,0.33380521192941986,-0.1646486529603849,-0.00879068550767903,8353.513470396152
D1,27,4.0,none,0,short,1.0,63,3.092011556033324,-0.7963389207716206,0.6799707925094114,0.3333277542229332,0.25396825396825395,-0.017433610776626394,-0.7577712967091501,0.1625619742967811,0.33380521192941986,-0.1646486529603849,-0.00879068550767903,8353.513470396152
D1,27,4.0,W1,20,both,0.0,41,2.000968733297702,0.4426050023113517,0.23151658958607613,2.912490224031661,0.43902439024390244,0.03687266075211496,0.4567287491559761,0.03661919540126202,4.291622655927569,0.3715219987843066,0.015537722862748904,13715.219987843064
D1,27,4.0,W1,20,both,1.0,41,2.000968733297702,0.4426050023113517,0.23151658958607613,2.912490224031661,0.43902439024390244,0.03687266075211496,0.4567287491559761,0.03661919540126202,4.291622655927569,0.3715219987843066,0.015537722862748904,13715.219987843064
D1,27,4.0,W1,20,long,0.0,30,1.4641234633885625,0.5092501463467203,0.12828384464172526,4.6646803635726455,0.5,0.054109087765839864,0.49758306134324193,0.019821824894081685,7.491093293488178,0.3885672504139286,0.016150072150234118,13885.672504139293
D1,27,4.0,W1,20,long,1.0,30,1.4641234633885625,0.5092501463467203,0.12828384464172526,4.6646803635726455,0.5,0.054109087765839864,0.49758306134324193,0.019821824894081685,7.491093293488178,0.3885672504139286,0.016150072150234118,13885.672504139293
D1,27,4.0,W1,20,short,0.0,20,1.0899731423455683,-0.3515283985159519,0.27722175296701745,0.44144168611130274,0.2,-0.017806401174652424,-0.3126181644365664,0.05189819590284894,0.46659436205331406,-0.05029572161295626,-0.0028084319240450073,9497.042783870436
D1,27,4.0,W1,20,short,1.0,20,1.0899731423455683,-0.3515283985159519,0.27722175296701745,0.44144168611130274,0.2,-0.017806401174652424,-0.3126181644365664,0.05189819590284894,0.46659436205331406,-0.05029572161295626,-0.0028084319240450073,9497.042783870436
D1,27,4.0,W1,32,both,0.0,34,1.691202505787825,0.27610744802734316,0.3342513291207718,2.167338955093713,0.4117647058823529,0.024367557413189876,0.31321209338096306,0.036224046373297125,3.4644330055895565,0.24133882144726204,0.010811612955041738,12413.388214472623
D1,27,4.0,W1,32,both,1.0,34,1.691202505787825,0.27610744802734316,0.3342513291207718,2.167338955093713,0.4117647058823529,0.024367557413189876,0.31321209338096306,0.036224046373297125,3.4644330055895565,0.24133882144726204,0.010811612955041738,12413.388214472623
D1,27,4.0,W1,32,long,0.0,22,1.0943075037450634,0.32611990796423107,0.20437843302450132,3.148251133743018,0.4090909090909091,0.04253050273264183,0.3336064328720352,0.021936648809802395,4.9735155348558395,0.2518696921389296,0.011236444175049876,12518.696921389292
D1,27,4.0,W1,32,long,1.0,22,1.0943075037450634,0.32611990796423107,0.20437843302450132,3.148251133743018,0.4090909090909091,0.04253050273264183,0.3336064328720352,0.021936648809802395,4.9735155348558395,0.2518696921389296,0.011236444175049876,12518.696921389292
D1,27,4.0,W1,32,short,0.0,17,1.0,-0.28249768018975774,0.1801647987530559,0.49963021245421096,0.4117647058823529,-0.012014038020124714,-0.27697156304612625,0.02750830067802368,0.4926861696100527,-0.029129146758333557,-0.0016097825854327619,9708.708532416666
D1,27,4.0,W1,32,short,1.0,17,1.0,-0.28249768018975774,0.1801647987530559,0.49963021245421096,0.4117647058823529,-0.012014038020124714,-0.27697156304612625,0.02750830067802368,0.4926861696100527,-0.029129146758333557,-0.0016097825854327619,9708.708532416666
D1,27,4.0,W1,50,both,0.0,38,1.9301209845640386,0.1644520302480463,0.25979254106652283,1.5245876238381633,0.42105263157894735,0.012171320143181312,0.24586192667433737,0.028652882570096017,2.4283902048289607,0.18832551944439024,0.008802545257894367,11883.255194443907
D1,27,4.0,W1,50,both,1.0,38,1.9301209845640386,0.1644520302480463,0.25979254106652283,1.5245876238381633,0.42105263157894735,0.012171320143181312,0.24586192667433737,0.028652882570096017,2.4283902048289607,0.18832551944439024,0.008802545257894367,11883.255194443907
D1,27,4.0,W1,50,long,0.0,23,1.1682311222361286,0.24813980787266995,0.13729212246692968,2.3621487333441897,0.43478260869565216,0.02878470273563326,0.29033076467474,0.021457672052293097,3.814907993537731,0.21765793844090853,0.010052754870004454,12176.579384409082
D1,27,4.0,W1,50,long,1.0,23,1.1682311222361286,0.24813980787266995,0.13729212246692968,2.3621487333441897,0.43478260869565216,0.02878470273563326,0.29033076467474,0.021457672052293097,3.814907993537731,0.21765793844090853,0.010052754870004454,12176.579384409082
D1,27,4.0,W1,50,short,0.0,15,1.0,-0.2909859180596493,0.16811498426579385,0.4956475522466921,0.4,-0.013302533165245012,-0.29057942068056,0.03242255397589011,0.4764522641338246,-0.029332418996517395,-0.0016211757852515607,9706.675810034825
D1,27,4.0,W1,50,short,1.0,15,1.0,-0.2909859180596493,0.16811498426579385,0.4956475522466921,0.4,-0.013302533165245012,-0.29057942068056,0.03242255397589011,0.4764522641338246,-0.029332418996517395,-0.0016211757852515607,9706.675810034825
D1,27,4.0,W1,80,both,0.0,38,2.173085955847816,0.2898612982318034,0.20391335872175875,2.013952304678255,0.4473684210526316,0.02065171817758729,0.32581220578242703,0.03113667450994817,2.9528518872398726,0.23552793267772354,0.012168283255945989,12355.279326777241
D1,27,4.0,W1,80,both,1.0,38,2.173085955847816,0.2898612982318034,0.20391335872175875,2.013952304678255,0.4473684210526316,0.02065171817758729,0.32581220578242703,0.03113667450994817,2.9528518872398726,0.23552793267772354,0.012168283255945989,12355.279326777241
D1,27,4.0,W1,80,long,0.0,23,1.3778497621781203,0.4328872555075965,0.17243156515125446,3.5777431280238465,0.5652173913043478,0.04685919858449032,0.39750952805896467,0.028740766476658464,4.669013304663118,0.2708686805659082,0.014463225510149336,12708.686805659081
D1,27,4.0,W1,80,long,1.0,23,1.3778497621781203,0.4328872555075965,0.17243156515125446,3.5777431280238465,0.5652173913043478,0.04685919858449032,0.39750952805896467,0.028740766476658464,4.669013304663118,0.2708686805659082,0.014463225510149336,12708.686805659081
D1,27,4.0,W1,80,short,0.0,16,1.1216890595009597,-0.3617684637085641,0.22398898790589827,0.40543473259660723,0.3125,-0.013224019386405978,-0.3198462166880364,0.027899814657718514,0.4416519572449839,-0.02532102866318442,-0.001796390591096153,9746.78971336816
D1,27,4.0,W1,80,short,1.0,16,1.1216890595009597,-0.3617684637085641,0.22398898790589827,0.40543473259660723,0.3125,-0.013224019386405978,-0.3198462166880364,0.027899814657718514,0.4416519572449839,-0.02532102866318442,-0.001796390591096153,9746.78971336816
D1,27,4.0,W1,120,both,0.0,35,2.1228412487545665,0.3969851383964183,0.1926379448538762,2.5397873729676457,0.42857142857142855,0.030196494633226743,0.37339201146167295,0.03360317679475633,3.1990211377027915,0.26192087934439034,0.014209938163598057,12619.208793443906
D1,27,4.0,W1,120,both,1.0,35,2.1228412487545665,0.3969851383964183,0.1926379448538762,2.5397873729676457,0.42857142857142855,0.030196494633226743,0.37339201146167295,0.03360317679475633,3.1990211377027915,0.26192087934439034,0.014209938163598057,12619.208793443906
D1,27,4.0,W1,120,long,0.0,23,1.3950099634672866,0.4460091612987905,0.2017092640581597,3.590344401874932,0.4782608695652174,0.049113366939421234,0.40304168749695785,0.033987312867961084,4.392065027002963,0.2754115216992419,0.01486428310272947,12754.115216992413
D1,27,4.0,W1,120,long,1.0,23,1.3950099634672866,0.4460091612987905,0.2017092640581597,3.590344401874932,0.4782608695652174,0.049113366939421234,0.40304168749695785,0.033987312867961084,4.392065027002963,0.2754115216992419,0.01486428310272947,12754.115216992413
D1,27,4.0,W1,120,short,0.0,13,1.3648318482322506,-0.11595817783671476,0.14154467334547383,0.7794457435380204,0.38461538461538464,-0.004246430451191447,-0.14414181347779392,0.025012450470457193,0.7310457856286708,-0.010286402596517696,-0.001084942974480474,9897.135974034825
D1,27,4.0,W1,120,short,1.0,13,1.3648318482322506,-0.11595817783671476,0.14154467334547383,0.7794457435380204,0.38461538461538464,-0.004246430451191447,-0.14414181347779392,0.025012450470457193,0.7310457856286708,-0.010286402596517696,-0.001084942974480474,9897.135974034825
D1,27,2.5,none,0,both,0.0,150,6.972193942479003,0.20659294557601873,0.3713471655870768,1.2856384580207145,0.28,0.003589935283174042,0.31602300126407806,0.06520307337319187,1.5416919772483313,0.24731241385283376,0.010324892838524669,12473.124138528325
D1,27,2.5,none,0,both,1.0,150,6.972193942479003,0.20659294557601873,0.3713471655870768,1.2856384580207145,0.28,0.003589935283174042,0.31602300126407806,0.06520307337319187,1.5416919772483313,0.24731241385283376,0.010324892838524669,12473.124138528325
D1,27,2.5,none,0,long,0.0,144,6.7052524222335546,0.44161367858331463,0.28622675866042213,1.7257806484245657,0.2986111111111111,0.008959273799311981,0.4594017097364828,0.07637493173087584,1.8204945975564941,0.3999780387041272,0.01579021637274791,13999.780387041274
D1,27,2.5,none,0,long,1.0,144,6.7052524222335546,0.44161367858331463,0.28622675866042213,1.7257806484245657,0.2986111111111111,0.008959273799311981,0.4594017097364828,0.07637493173087584,1.8204945975564941,0.3999780387041272,0.01579021637274791,13999.780387041274
D1,27,2.5,none,0,short,0.0,144,6.7482678983833715,-0.6809370117117908,0.6541714715230985,0.5029968274682238,0.2152777777777778,-0.007151562066645552,-0.6081172396497623,0.1988981698423523,0.5144533774341062,-0.2030567975914478,-0.010580207792937113,7969.432024085521
D1,27,2.5,none,0,short,1.0,144,6.7482678983833715,-0.6809370117117908,0.6541714715230985,0.5029968274682238,0.2152777777777778,-0.007151562066645552,-0.6081172396497623,0.1988981698423523,0.5144533774341062,-0.2030567975914478,-0.010580207792937113,7969.432024085521
D1,27,2.5,W1,20,both,0.0,90,4.3315983660561335,0.03303454206945065,0.26036509108116135,1.053102374778957,0.24444444444444444,0.0006513133387587091,0.16393131516007312,0.0556858931461921,1.3550254387135372,0.08461184936890209,0.003916782446237388,10846.118493689024
D1,27,2.5,W1,20,both,1.0,90,4.3315983660561335,0.03303454206945065,0.26036509108116135,1.053102374778957,0.24444444444444444,0.0006513133387587091,0.16393131516007312,0.0556858931461921,1.3550254387135372,0.08461184936890209,0.003916782446237388,10846.118493689024
D1,27,2.5,W1,20,long,0.0,41,1.9732837000922387,0.3160946362053889,0.09844473110267171,2.1070924707930714,0.34146341463414637,0.011802891860837886,0.34688321935608574,0.025995574035158953,2.57014068827616,0.18100166630494274,0.008039001460754758,11810.01666304942
D1,27,2.5,W1,20,long,1.0,41,1.9732837000922387,0.3160946362053889,0.09844473110267171,2.1070924707930714,0.34146341463414637,0.011802891860837886,0.34688321935608574,0.025995574035158953,2.57014068827616,0.18100166630494274,0.008039001460754758,11810.01666304942
D1,27,2.5,W1,20,short,0.0,61,3.025152749490835,-0.5560064002861362,0.40588586519325487,0.4095913042978216,0.18032786885245902,-0.008281200454179145,-0.395398968951538,0.10181780877304214,0.483844683313867,-0.09153078456427566,-0.004749298545753677,9084.692154357244
D1,27,2.5,W1,20,short,1.0,61,3.025152749490835,-0.5560064002861362,0.40588586519325487,0.4095913042978216,0.18032786885245902,-0.008281200454179145,-0.395398968951538,0.10181780877304214,0.483844683313867,-0.09153078456427566,-0.004749298545753677,9084.692154357244
D1,27,2.5,W1,32,both,0.0,88,4.341753343239228,-0.10188757929128178,0.35347168907268456,0.8602654974463497,0.22727272727272727,-0.001889064239743777,0.01698407924910548,0.07413234608953978,1.031247828546659,0.0026787764456306373,0.00013199776186856305,10026.787764456303
D1,27,2.5,W1,32,both,1.0,88,4.341753343239228,-0.10188757929128178,0.35347168907268456,0.8602654974463497,0.22727272727272727,-0.001889064239743777,0.01698407924910548,0.07413234608953978,1.031247828546659,0.0026787764456306373,0.00013199776186856305,10026.787764456303
D1,27,2.5,W1,32,long,0.0,49,2.417567202485479,0.030549745088399933,0.22554277682999435,1.0677813417638309,0.22448979591836735,0.0008433090651803301,0.0925244197284334,0.05264904212245369,1.2720204049130877,0.03497994011769445,0.0016977845937611313,10349.79940117694
D1,27,2.5,W1,32,long,1.0,49,2.417567202485479,0.030549745088399933,0.22554277682999435,1.0677813417638309,0.22448979591836735,0.0008433090651803301,0.0925244197284334,0.05264904212245369,1.2720204049130877,0.03497994011769445,0.0016977845937611313,10349.79940117694
D1,27,2.5,W1,32,short,0.0,47,2.477164502164502,-0.2354818808954668,0.25848753010880077,0.6628091973003689,0.2553191489361702,-0.004555898579311758,-0.1379989181556393,0.04721895484241345,0.7615940317194247,-0.03222972473675023,-0.0017251749341188338,9677.702752632506
D1,27,2.5,W1,32,short,1.0,47,2.477164502164502,-0.2354818808954668,0.25848753010880077,0.6628091973003689,0.2553191489361702,-0.004555898579311758,-0.1379989181556393,0.04721895484241345,0.7615940317194247,-0.03222972473675023,-0.0017251749341188338,9677.702752632506
D1,27,2.5,W1,50,both,0.0,98,5.037931034482758,0.09371268656397927,0.22844571272467384,1.1386295272229046,0.25510204081632654,0.001846991419172456,0.19639101248937202,0.0375922715263034,1.386876777252743,0.09958476434200914,0.004892172693062857,10995.847643420078
D1,27,2.5,W1,50,both,1.0,98,5.037931034482758,0.09371268656397927,0.22844571272467384,1.1386295272229046,0.25510204081632654,0.001846991419172456,0.19639101248937202,0.0375922715263034,1.386876777252743,0.09958476434200914,0.004892172693062857,10995.847643420078
D1,27,2.5,W1,50,long,0.0,61,3.1975100459242247,0.10657729414479382,0.2663717590642817,1.21480679327683,0.22950819672131148,0.0029443051963019898,0.2032833400010865,0.0449959813975257,1.5616676887237348,0.09387514381953199,0.0047143829307969565,10938.751438195322
D1,27,2.5,W1,50,long,1.0,61,3.1975100459242247,0.10657729414479382,0.2663717590642817,1.21480679327683,0.22950819672131148,0.0029443051963019898,0.2032833400010865,0.0449959813975257,1.5616676887237348,0.09387514381953199,0.0047143829307969565,10938.751438195322
D1,27,2.5,W1,50,short,0.0,41,2.2307835542976315,-0.10234691660090237,0.1614989895583928,0.8320518892312098,0.2682926829268293,-0.0023186221883498516,-0.047476506885268575,0.0314047532756061,0.9089956384376453,-0.011260294342209098,-0.0006159510871862617,9887.397056577902
D1,27,2.5,W1,50,short,1.0,41,2.2307835542976315,-0.10234691660090237,0.1614989895583928,0.8320518892312098,0.2682926829268293,-0.0023186221883498516,-0.047476506885268575,0.0314047532756061,0.9089956384376453,-0.011260294342209098,-0.0006159510871862617,9887.397056577902
D1,27,2.5,W1,80,both,0.0,100,5.40470553418171,0.12684295697704134,0.4655627575739514,1.1975307009182132,0.21,0.0027765515372481313,0.2209048243889307,0.12213284018837767,1.4431121354492096,0.13710872271040642,0.006968611606104291,11371.087227104057
D1,27,2.5,W1,80,both,1.0,100,5.40470553418171,0.12684295697704134,0.4655627575739514,1.1975307009182132,0.21,0.0027765515372481313,0.2209048243889307,0.12213284018837767,1.4431121354492096,0.13710872271040642,0.006968611606104291,11371.087227104057
D1,27,2.5,W1,80,long,0.0,66,3.567105652559929,0.23078088290159882,0.37769856833386284,1.5038837055681633,0.24242424242424243,0.007245021031869105,0.3115813999954119,0.09678816325557738,1.8435800290139794,0.1905214135118536,0.009469898631351725,11905.21413511854
D1,27,2.5,W1,80,long,1.0,66,3.567105652559929,0.23078088290159882,0.37769856833386284,1.5038837055681633,0.24242424242424243,0.007245021031869105,0.3115813999954119,0.09678816325557738,1.8435800290139794,0.1905214135118536,0.009469898631351725,11905.21413511854
D1,27,2.5,W1,80,short,0.0,38,2.417189132706374,-0.4245502370149998,0.20809996153458887,0.487755214153902,0.15789473684210525,-0.007219868605737771,-0.5657219119115384,0.05704340826044485,0.39272387854415913,-0.06622517683478157,-0.004349086242734668,9337.748231652184
D1,27,2.5,W1,80,short,1.0,38,2.417189132706374,-0.4245502370149998,0.20809996153458887,0.487755214153902,0.15789473684210525,-0.007219868605737771,-0.5657219119115384,0.05704340826044485,0.39272387854415913,-0.06622517683478157,-0.004349086242734668,9337.748231652184
D1,27,2.5,W1,120,both,0.0,93,5.514326298701299,0.29739309424698307,0.22401049090709935,1.5046966877673205,0.24731182795698925,0.006842515530502861,0.4133717689060486,0.05669289650213283,1.9278537324809444,0.2671167070316567,0.014136447127615526,12671.167070316556
D1,27,2.5,W1,120,both,1.0,93,5.514326298701299,0.29739309424698307,0.22401049090709935,1.5046966877673205,0.24731182795698925,0.006842515530502861,0.4133717689060486,0.05669289650213283,1.9278537324809444,0.2671167070316567,0.014136447127615526,12671.167070316556
D1,27,2.5,W1,120,long,0.0,61,3.616923701298701,0.32408525356131873,0.2521270941374001,1.7529669303062998,0.26229508196721313,0.01047813857824438,0.42689424248362046,0.07148546037391146,2.347286373725919,0.2590500689538493,0.013752487376156308,12590.500689538492
D1,27,2.5,W1,120,long,1.0,61,3.616923701298701,0.32408525356131873,0.2521270941374001,1.7529669303062998,0.26229508196721313,0.01047813857824438,0.42689424248362046,0.07148546037391146,2.347286373725919,0.2590500689538493,0.013752487376156308,12590.500689538492
D1,27,2.5,W1,120,short,0.0,33,3.166907514450867,0.027608297006780795,0.10525024210860146,1.0438217303629906,0.24242424242424243,0.0005471079395566493,0.062087194592271897,0.028234557211018196,1.115871320716203,0.00895628721114039,0.0008560471005987225,10089.562872111399
D1,27,2.5,W1,120,short,1.0,33,3.166907514450867,0.027608297006780795,0.10525024210860146,1.0438217303629906,0.24242424242424243,0.0005471079395566493,0.062087194592271897,0.028234557211018196,1.115871320716203,0.00895628721114039,0.0008560471005987225,10089.562872111399
D1,34,3.0,none,0,both,0.0,121,5.724031861157881,0.2253021423046157,0.37135910356528345,1.3808571376693395,0.30578512396694213,0.00552163113900298,0.27022131568788804,0.07426981772736119,1.6700000228771787,0.21002680452438183,0.009059333496528987,12100.268045243803
D1,34,3.0,none,0,both,1.0,121,5.724031861157881,0.2253021423046157,0.37135910356528345,1.3808571376693395,0.30578512396694213,0.00552163113900298,0.27022131568788804,0.07426981772736119,1.6700000228771787,0.21002680452438183,0.009059333496528987,12100.268045243803
D1,34,3.0,none,0,long,0.0,117,5.539112119248218,0.4124845746849197,0.2576277171748961,1.828227844438675,0.3418803418803419,0.01091102346689084,0.4800827006709446,0.055997881345123846,2.3073183159508757,0.39817259155888896,0.015994274918776474,13981.7259155889
D1,34,3.0,none,0,long,1.0,117,5.539112119248218,0.4124845746849197,0.2576277171748961,1.828227844438675,0.3418803418803419,0.01091102346689084,0.4800827006709446,0.055997881345123846,2.3073183159508757,0.39817259155888896,0.015994274918776474,13981.7259155889
D1,34,3.0,none,0,short,0.0,117,5.64744945156601,-0.6816553034312629,0.6732291596956214,0.46008904790481486,0.19658119658119658,-0.00910579188749586,-0.6550928466326447,0.18828956173549016,0.46157173949077246,-0.18980745924040676,-0.010108342484320132,8101.925407595938
D1,34,3.0,none,0,short,1.0,117,5.64744945156601,-0.6816553034312629,0.6732291596956214,0.46008904790481486,0.19658119658119658,-0.00910579188749586,-0.6550928466326447,0.18828956173549016,0.46157173949077246,-0.18980745924040676,-0.010108342484320132,8101.925407595938
D1,34,3.0,W1,20,both,0.0,74,3.6397118233234584,-0.07726280477095114,0.3895195320304191,0.8846191815046733,0.25675675675675674,-0.0018131606009950422,-0.0001354431532806456,0.0856988260569036,0.9997828807859286,-0.0022512815931885477,-0.00011084863445620652,9977.48718406811
D1,34,3.0,W1,20,both,1.0,74,3.6397118233234584,-0.07726280477095114,0.3895195320304191,0.8846191815046733,0.25675675675675674,-0.0018131606009950422,-0.0001354431532806456,0.0856988260569036,0.9997828807859286,-0.0022512815931885477,-0.00011084863445620652,9977.48718406811
D1,34,3.0,W1,20,long,0.0,36,1.7706706167519528,0.29987695491916755,0.12253580744693104,2.033332136409486,0.4166666666666667,0.011522552564635326,0.38665270511660377,0.013070194773011634,2.8565859865095957,0.11744950990559411,0.005476914943561617,11174.495099055932
D1,34,3.0,W1,20,long,1.0,36,1.7706706167519528,0.29987695491916755,0.12253580744693104,2.033332136409486,0.4166666666666667,0.011522552564635326,0.38665270511660377,0.013070194773011634,2.8565859865095957,0.11744950990559411,0.005476914943561617,11174.495099055932
D1,34,3.0,W1,20,short,0.0,51,2.4996980676328504,-0.47137426469189686,0.43059221938459236,0.42346434536207617,0.1568627450980392,-0.01085017851970255,-0.4299566319724727,0.0882790712464856,0.4453464004363611,-0.09312487691159732,-0.004779654355166918,9068.751230884027
D1,34,3.0,W1,20,short,1.0,51,2.4996980676328504,-0.47137426469189686,0.43059221938459236,0.42346434536207617,0.1568627450980392,-0.01085017851970255,-0.4299566319724727,0.0882790712464856,0.4453464004363611,-0.09312487691159732,-0.004779654355166918,9068.751230884027
D1,34,3.0,W1,32,both,0.0,72,3.701858108108108,-0.05404275802389426,0.3257685703968638,0.9189337260896188,0.25,-0.0011936052524931815,0.05035587271007159,0.05361861605956686,1.0837726745135856,0.012720432317657515,0.0006501036374582103,10127.204323176573
D1,34,3.0,W1,32,both,1.0,72,3.701858108108108,-0.05404275802389426,0.3257685703968638,0.9189337260896188,0.25,-0.0011936052524931815,0.05035587271007159,0.05361861605956686,1.0837726745135856,0.012720432317657515,0.0006501036374582103,10127.204323176573
D1,34,3.0,W1,32,long,0.0,39,2.0051731418918917,0.09432891851913003,0.1940177665753846,1.2243981650119171,0.3333333333333333,0.00288966059338567,0.19187094530091092,0.024304313955821444,1.5312773982767534,0.042843378344662675,0.002159225695684608,10428.43378344663
D1,34,3.0,W1,32,long,1.0,39,2.0051731418918917,0.09432891851913003,0.1940177665753846,1.2243981650119171,0.3333333333333333,0.00288966059338567,0.19187094530091092,0.024304313955821444,1.5312773982767534,0.042843378344662675,0.002159225695684608,10428.43378344663
D1,34,3.0,W1,32,short,0.0,44,2.312041432887354,-0.2250717162221317,0.24034776330383179,0.6496250687746484,0.20454545454545456,-0.0056675244032188135,-0.22527936881771807,0.05150440519744515,0.6462893495788543,-0.04622337138982158,-0.0024837094986920327,9537.76628610179
D1,34,3.0,W1,32,short,1.0,44,2.312041432887354,-0.2250717162221317,0.24034776330383179,0.6496250687746484,0.20454545454545456,-0.0056675244032188135,-0.22527936881771807,0.05150440519744515,0.6462893495788543,-0.04622337138982158,-0.0024837094986920327,9537.76628610179
D1,34,3.0,W1,50,both,0.0,80,4.221323316960416,-0.1406513070449252,0.3842377872498093,0.8256368663673975,0.2625,-0.002605490816625762,-0.03797134238301181,0.06468348092041232,0.9462329423207331,-0.013544849413389848,-0.0007193405179767298,9864.551505866097
D1,34,3.0,W1,50,both,1.0,80,4.221323316960416,-0.1406513070449252,0.3842377872498093,0.8256368663673975,0.2625,-0.002605490816625762,-0.03797134238301181,0.06468348092041232,0.9462329423207331,-0.013544849413389848,-0.0007193405179767298,9864.551505866097
D1,34,3.0,W1,50,long,0.0,43,2.3223051900044362,-0.019249975923435778,0.28662957354882834,0.9634979283385307,0.27906976744186046,-0.0005487807559385523,0.11379775460466506,0.04716000649998675,1.2937412143796738,0.03196066607195047,0.0017005373773242294,10319.606660719488
D1,34,3.0,W1,50,long,1.0,43,2.3223051900044362,-0.019249975923435778,0.28662957354882834,0.9634979283385307,0.27906976744186046,-0.0005487807559385523,0.11379775460466506,0.04716000649998675,1.2937412143796738,0.03196066607195047,0.0017005373773242294,10319.606660719488
D1,34,3.0,W1,50,short,0.0,40,2.174107142857143,-0.33186271172509035,0.25149240234073034,0.5690076700386109,0.225,-0.006894991648837484,-0.33069829509636345,0.0454005009358629,0.5701057001843303,-0.046001201285339244,-0.00255635040620239,9539.98798714661
D1,34,3.0,W1,50,short,1.0,40,2.174107142857143,-0.33186271172509035,0.25149240234073034,0.5690076700386109,0.225,-0.006894991648837484,-0.33069829509636345,0.0454005009358629,0.5701057001843303,-0.046001201285339244,-0.00255635040620239,9539.98798714661
D1,34,3.0,W1,80,both,0.0,84,4.564266587325201,0.301881119746518,0.3190234689815269,1.6460789019419289,0.30952380952380953,0.009342557884392482,0.3620366390290452,0.06398980535497656,2.166960967699099,0.2621946585146808,0.012732744033085108,12621.946585146818
D1,34,3.0,W1,80,both,1.0,84,4.564266587325201,0.301881119746518,0.3190234689815269,1.6460789019419289,0.30952380952380953,0.009342557884392482,0.3620366390290452,0.06398980535497656,2.166960967699099,0.2621946585146808,0.012732744033085108,12621.946585146818
D1,34,3.0,W1,80,long,0.0,48,2.6081523356144003,0.38721047024097344,0.23629068493922867,2.325143298563154,0.3958333333333333,0.019799766681690176,0.4223727776771209,0.04755787731699879,3.158574080747632,0.29574408681179776,0.01417733872453475,12957.440868117972
D1,34,3.0,W1,80,long,1.0,48,2.6081523356144003,0.38721047024097344,0.23629068493922867,2.325143298563154,0.3958333333333333,0.019799766681690176,0.4223727776771209,0.04755787731699879,3.158574080747632,0.29574408681179776,0.01417733872453475,12957.440868117972
D1,34,3.0,W1,80,short,0.0,39,2.5324,-0.37200116863918054,0.2222013994865808,0.5548286236519364,0.1794871794871795,-0.006827503108615509,-0.36702884884556325,0.04628418210533458,0.5581353384916348,-0.04341396713493084,-0.002877887611653307,9565.860328650691
D1,34,3.0,W1,80,short,1.0,39,2.5324,-0.37200116863918054,0.2222013994865808,0.5548286236519364,0.1794871794871795,-0.006827503108615509,-0.36702884884556325,0.04628418210533458,0.5581353384916348,-0.04341396713493084,-0.002877887611653307,9565.860328650691
D1,34,3.0,W1,120,both,0.0,78,4.62416815452037,0.39106903087190203,0.20277841244681893,1.9014891172887802,0.3333333333333333,0.012647383459246046,0.4047201664923524,0.04187792703198667,2.3308448915667275,0.2796207791238636,0.014724693196066063,12796.207791238643
D1,34,3.0,W1,120,both,1.0,78,4.62416815452037,0.39106903087190203,0.20277841244681893,1.9014891172887802,0.3333333333333333,0.012647383459246046,0.4047201664923524,0.04187792703198667,2.3308448915667275,0.2796207791238636,0.014724693196066063,12796.207791238643
D1,34,3.0,W1,120,long,0.0,45,2.6677893199155984,0.44291913542333167,0.19225436902860915,2.7246669853584917,0.4222222222222222,0.02244445275754083,0.4307847301685935,0.04678925376964804,3.4824637717327,0.28417078318852207,0.014938239697791955,12841.707831885213
D1,34,3.0,W1,120,long,1.0,45,2.6677893199155984,0.44291913542333167,0.19225436902860915,2.7246669853584917,0.4222222222222222,0.02244445275754083,0.4307847301685935,0.04678925376964804,3.4824637717327,0.28417078318852207,0.014938239697791955,12841.707831885213
D1,34,3.0,W1,120,short,0.0,34,3.0069007263922516,0.0019498998286252847,0.18335406028424583,1.0032427590690787,0.23529411764705882,4.851505706371455e-05,0.05354801272677483,0.027331869181415724,1.0946469206299576,0.007107014117671229,0.0006265051445730752,10071.070141176715
D1,34,3.0,W1,120,short,1.0,34,3.0069007263922516,0.0019498998286252847,0.18335406028424583,1.0032427590690787,0.23529411764705882,4.851505706371455e-05,0.05354801272677483,0.027331869181415724,1.0946469206299576,0.007107014117671229,0.0006265051445730752,10071.070141176715
D1,34,5.0,none,0,both,0.0,39,1.945472548484021,-0.35825474324579065,0.576126268478004,0.505519055070902,0.23076923076923078,-0.017915379553972304,-0.28241205611282205,0.0819082113033146,0.576443194628002,-0.08046471311798731,-0.004175861417621607,9195.352868820122
D1,34,5.0,none,0,both,1.0,39,1.945472548484021,-0.35825474324579065,0.576126268478004,0.505519055070902,0.23076923076923078,-0.017915379553972304,-0.28241205611282205,0.0819082113033146,0.576443194628002,-0.08046471311798731,-0.004175861417621607,9195.352868820122
D1,34,5.0,none,0,long,0.0,38,1.8185927672955975,0.2921459559202412,0.32284991337920976,2.309199182679423,0.3684210526315789,0.0337245255442302,0.29465717532226643,0.03618586337330121,3.287294233936981,0.3002623026730775,0.012645088231439727,13002.623026730764
D1,34,5.0,none,0,long,1.0,38,1.8185927672955975,0.2921459559202412,0.32284991337920976,2.309199182679423,0.3684210526315789,0.0337245255442302,0.29465717532226643,0.03618586337330121,3.287294233936981,0.3002623026730775,0.012645088231439727,13002.623026730764
D1,34,5.0,none,0,short,0.0,38,1.8955886369844306,-0.6568423430705553,0.6005597820043601,0.31024106990100364,0.2631578947368421,-0.023640106678546154,-0.5269165227032169,0.09811876621985494,0.3858556032808313,-0.10244481610093292,-0.005376978810170185,8975.551838990668
D1,34,5.0,none,0,short,1.0,38,1.8955886369844306,-0.6568423430705553,0.6005597820043601,0.31024106990100364,0.2631578947368421,-0.023640106678546154,-0.5269165227032169,0.09811876621985494,0.3858556032808313,-0.10244481610093292,-0.005376978810170185,8975.551838990668
D1,34,5.0,W1,20,both,0.0,27,1.343013754596214,0.30909966091165947,0.21588711708776243,3.1914989401197578,0.48148148148148145,0.043691047937048734,0.2675887180824902,0.03189947199590215,4.514851845588444,0.2551706287246114,0.011368910034535551,12551.706287246116
D1,34,5.0,W1,20,both,1.0,27,1.343013754596214,0.30909966091165947,0.21588711708776243,3.1914989401197578,0.48148148148148145,0.043691047937048734,0.2675887180824902,0.03189947199590215,4.514851845588444,0.2551706287246114,0.011368910034535551,12551.706287246116
D1,34,5.0,W1,20,long,0.0,24,1.1937900040855236,0.2804512712980467,0.21419682205977209,3.0343360095253575,0.4166666666666667,0.044638851735124774,0.2466031108384598,0.030028544626077625,4.145090079421862,0.2362922469397437,0.01060681125065388,12362.92246939743
D1,34,5.0,W1,20,long,1.0,24,1.1937900040855236,0.2804512712980467,0.21419682205977209,3.0343360095253575,0.4166666666666667,0.044638851735124774,0.2466031108384598,0.030028544626077625,4.145090079421862,0.2362922469397437,0.01060681125065388,12362.92246939743
D1,34,5.0,W1,20,short,0.0,15,1.0,-0.34889280080202534,0.36699561751006016,0.43822079983851453,0.3333333333333333,-0.02302476886196181,-0.20467862215699478,0.047459645963843444,0.606598972547481,-0.027256498884265734,-0.0016727788524667497,9727.435011157339
D1,34,5.0,W1,20,short,1.0,15,1.0,-0.34889280080202534,0.36699561751006016,0.43822079983851453,0.3333333333333333,-0.02302476886196181,-0.20467862215699478,0.047459645963843444,0.606598972547481,-0.027256498884265734,-0.0016727788524667497,9727.435011157339
D1,34,5.0,W1,32,both,0.0,17,1.0,0.036680094964851424,0.3240402338868178,1.1099481622364447,0.4117647058823529,0.003245804327717592,0.10119208236494949,0.032806464573649,1.32938018765296,0.016858277949999945,0.0009389834158974875,10168.582779499999
D1,34,5.0,W1,32,both,1.0,17,1.0,0.036680094964851424,0.3240402338868178,1.1099481622364447,0.4117647058823529,0.003245804327717592,0.10119208236494949,0.032806464573649,1.32938018765296,0.016858277949999945,0.0009389834158974875,10168.582779499999
D1,34,5.0,W1,32,long,0.0,11,1.0,0.2379182114361666,0.15418388056481092,1.898507360633099,0.45454545454545453,0.02471442969455789,0.2112995489704979,0.01760258324265107,1.7338669321860543,0.028369213890131695,0.0018081388107564766,10283.692138901315
D1,34,5.0,W1,32,long,1.0,11,1.0,0.2379182114361666,0.15418388056481092,1.898507360633099,0.45454545454545453,0.02471442969455789,0.2112995489704979,0.01760258324265107,1.7338669321860543,0.028369213890131695,0.0018081388107564766,10283.692138901315
D1,34,5.0,W1,32,short,0.0,13,1.0,-0.5214828012743686,0.2986498192104734,0.25955616431029477,0.3076923076923077,-0.02862837108622874,-0.4353521309912405,0.035150074674975884,0.3474839143561794,-0.03388062670926628,-0.0020145294200935027,9661.193732907337
D1,34,5.0,W1,32,short,1.0,13,1.0,-0.5214828012743686,0.2986498192104734,0.25955616431029477,0.3076923076923077,-0.02862837108622874,-0.4353521309912405,0.035150074674975884,0.3474839143561794,-0.03388062670926628,-0.0020145294200935027,9661.193732907337
D1,34,5.0,W1,50,both,0.0,21,1.2516726501305482,-0.029090968243463758,0.22652867695330192,0.9330998094226001,0.38095238095238093,-0.0017963846415199665,0.04132163287050745,0.027943607820811733,1.1067585837040028,0.006255004324067226,0.00037172781522887277,10062.550043240672
D1,34,5.0,W1,50,both,1.0,21,1.2516726501305482,-0.029090968243463758,0.22652867695330192,0.9330998094226001,0.38095238095238093,-0.0017963846415199665,0.04132163287050745,0.027943607820811733,1.1067585837040028,0.006255004324067226,0.00037172781522887277,10062.550043240672
D1,34,5.0,W1,50,long,0.0,14,1.0,0.3599795302605932,0.047279576143497426,2.7962504780888233,0.5,0.02564770479604418,0.320533220523765,0.008771758102630423,2.5192022310598996,0.04401335391513239,0.002709572503640345,10440.133539151315
D1,34,5.0,W1,50,long,1.0,14,1.0,0.3599795302605932,0.047279576143497426,2.7962504780888233,0.5,0.02564770479604418,0.320533220523765,0.008771758102630423,2.5192022310598996,0.04401335391513239,0.002709572503640345,10440.133539151315
D1,34,5.0,W1,50,short,0.0,11,1.0,-0.5594873475221918,0.27974370022402706,0.25317969105148336,0.2727272727272727,-0.02907059328144286,-0.45972281289496725,0.03585109803085873,0.33507735788102383,-0.030156605284266336,-0.0020879311274255574,9698.433947157335
D1,34,5.0,W1,50,short,1.0,11,1.0,-0.5594873475221918,0.27974370022402706,0.25317969105148336,0.2727272727272727,-0.02907059328144286,-0.45972281289496725,0.03585109803085873,0.33507735788102383,-0.030156605284266336,-0.0020879311274255574,9698.433947157335
D1,34,5.0,W1,80,both,0.0,23,1.241612474135383,0.21362165794146176,0.3232175919051945,2.131524211847952,0.34782608695652173,0.03451948283712977,0.24667652144159374,0.033866344394980596,3.692623624783563,0.22808278956513184,0.01115280148803377,12280.827895651313
D1,34,5.0,W1,80,both,1.0,23,1.241612474135383,0.21362165794146176,0.3232175919051945,2.131524211847952,0.34782608695652173,0.03451948283712977,0.24667652144159374,0.033866344394980596,3.692623624783563,0.22808278956513184,0.01115280148803377,12280.827895651313
D1,34,5.0,W1,80,long,0.0,15,1.0,0.3744745471589374,0.09634723247114196,4.511748919814923,0.4666666666666667,0.07912258322173546,0.3283417436689275,0.010242209772981403,6.884010305701785,0.26690103888179806,0.012852896199063713,12669.01038881798
D1,34,5.0,W1,80,long,1.0,15,1.0,0.3744745471589374,0.09634723247114196,4.511748919814923,0.4666666666666667,0.07912258322173546,0.3283417436689275,0.010242209772981403,6.884010305701785,0.26690103888179806,0.012852896199063713,12669.01038881798
D1,34,5.0,W1,80,short,0.0,11,1.0,-0.5692428148662996,0.3110357555750608,0.21425843934796546,0.2727272727272727,-0.03132901576524561,-0.5470502257818173,0.036067408397351564,0.26561929633820747,-0.03554785555833362,-0.002724917893201284,9644.521444416663
D1,34,5.0,W1,80,short,1.0,11,1.0,-0.5692428148662996,0.3110357555750608,0.21425843934796546,0.2727272727272727,-0.03132901576524561,-0.5470502257818173,0.036067408397351564,0.26561929633820747,-0.03554785555833362,-0.002724917893201284,9644.521444416663
D1,34,5.0,W1,120,both,0.0,19,1.1322809593734704,0.2708098576134932,0.11626480576891618,3.2312219559338042,0.42105263157894735,0.04761706131780443,0.2757644362736292,0.019825375480294616,5.541719336186535,0.2393108348666675,0.012868252832658245,12393.108348666665
D1,34,5.0,W1,120,both,1.0,19,1.1322809593734704,0.2708098576134932,0.11626480576891618,3.2312219559338042,0.42105263157894735,0.04761706131780443,0.2757644362736292,0.019825375480294616,5.541719336186535,0.2393108348666675,0.012868252832658245,12393.108348666665
D1,34,5.0,W1,120,long,0.0,13,1.0,0.37079215251681885,0.09349861945563509,6.48799615885036,0.5384615384615384,0.08050416403249601,0.3251048216839745,0.01166499819923994,9.79226139814684,0.24520666963333393,0.013246134721994762,12452.066696333335
D1,34,5.0,W1,120,long,1.0,13,1.0,0.37079215251681885,0.09349861945563509,6.48799615885036,0.5384615384615384,0.08050416403249601,0.3251048216839745,0.01166499819923994,9.79226139814684,0.24520666963333393,0.013246134721994762,12452.066696333335
D1,34,5.0,W1,120,short,0.0,9,1.0,-0.06377171048111274,0.0931068703857778,0.8448829245144428,0.3333333333333333,-0.004504257695324967,0.046658200197811604,0.013983465687358532,1.13281426997011,0.003653703766666405,0.000290382881185991,10036.537037666665
D1,34,5.0,W1,120,short,1.0,9,1.0,-0.06377171048111274,0.0931068703857778,0.8448829245144428,0.3333333333333333,-0.004504257695324967,0.046658200197811604,0.013983465687358532,1.13281426997011,0.003653703766666405,0.000290382881185991,10036.537037666665
D1,34,1.5,none,0,both,0.0,251,11.677206725257928,0.16838873924941358,0.3738501686789084,1.2276334534443767,0.21115537848605578,0.002194549673959662,0.23504398891505154,0.16442067372240354,1.3347693420016522,0.3147577127165826,0.012812443267089302,13147.577127165823
D1,34,1.5,none,0,both,1.0,251,11.677206725257928,0.16838873924941358,0.3738501686789084,1.2276334534443767,0.21115537848605578,0.002194549673959662,0.23504398891505154,0.16442067372240354,1.3347693420016522,0.3147577127165826,0.012812443267089302,13147.577127165823
D1,34,1.5,none,0,long,0.0,234,10.88909415212129,0.4486603929863625,0.34550724678517086,1.7739369678857306,0.24358974358974358,0.006948410997222316,0.47441920213763766,0.17433936627324553,1.857760192682594,1.0823630671949789,0.03472250269021049,20823.630671949795
D1,34,1.5,none,0,long,1.0,234,10.88909415212129,0.4486603929863625,0.34550724678517086,1.7739369678857306,0.24358974358974358,0.006948410997222316,0.47441920213763766,0.17433936627324553,1.857760192682594,1.0823630671949789,0.03472250269021049,20823.630671949795
D1,34,1.5,none,0,short,0.0,234,11.10990510854023,-0.43482072004551425,0.5178572122771529,0.685846478749146,0.21367521367521367,-0.0029117518848970733,-0.3571636159446523,0.19259539046722418,0.7199905768943252,-0.19552285993386442,-0.010276326587862705,8044.771400661346
D1,34,1.5,none,0,short,1.0,234,11.10990510854023,-0.43482072004551425,0.5178572122771529,0.685846478749146,0.21367521367521367,-0.0029117518848970733,-0.3571636159446523,0.19259539046722418,0.7199905768943252,-0.19552285993386442,-0.010276326587862705,8044.771400661346
D1,34,1.5,W1,20,both,0.0,177,8.685912938331319,-0.10526199890833281,0.3632362378774632,0.8814789699642626,0.23163841807909605,-0.0010531088282329597,-0.13349636963619815,0.14945846001752838,0.8542618903041039,-0.09016409679096948,-0.004626219540949106,9098.35903209031
D1,34,1.5,W1,20,both,1.0,177,8.685912938331319,-0.10526199890833281,0.3632362378774632,0.8814789699642626,0.23163841807909605,-0.0010531088282329597,-0.13349636963619815,0.14945846001752838,0.8542618903041039,-0.09016409679096948,-0.004626219540949106,9098.35903209031
D1,34,1.5,W1,20,long,0.0,57,2.7994150867285197,0.3312163179054871,0.18596475812955837,2.2726532832355923,0.3333333333333333,0.009567472197128344,0.2914358705121414,0.09139868603650825,2.075846486487567,0.19998221986564735,0.008993750944779055,11999.822198656464
D1,34,1.5,W1,20,long,1.0,57,2.7994150867285197,0.3312163179054871,0.18596475812955837,2.2726532832355923,0.3333333333333333,0.009567472197128344,0.2914358705121414,0.09139868603650825,2.075846486487567,0.19998221986564735,0.008993750944779055,11999.822198656464
D1,34,1.5,W1,20,short,0.0,146,7.164651350261991,-0.7255476537152653,0.515026006221731,0.470460684659818,0.19863013698630136,-0.004864587504875873,-0.8266498681635629,0.22904827186300092,0.43851013966487273,-0.23270936935695719,-0.012914795751794772,7672.906306430422
D1,34,1.5,W1,20,short,1.0,146,7.164651350261991,-0.7255476537152653,0.515026006221731,0.470460684659818,0.19863013698630136,-0.004864587504875873,-0.8266498681635629,0.22904827186300092,0.43851013966487273,-0.23270936935695719,-0.012914795751794772,7672.906306430422
D1,34,1.5,W1,32,both,0.0,177,8.94427919203099,0.018455160373033123,0.2252200550056287,1.0211606902053354,0.22598870056497175,0.00019613959855828195,0.012315286648282481,0.08808790021481139,1.0139238336389864,-0.0033699919823174662,-0.00017056767179912669,9966.300080176816
D1,34,1.5,W1,32,both,1.0,177,8.94427919203099,0.018455160373033123,0.2252200550056287,1.0211606902053354,0.22598870056497175,0.00019613959855828195,0.012315286648282481,0.08808790021481139,1.0139238336389864,-0.0033699919823174662,-0.00017056767179912669,9966.300080176816
D1,34,1.5,W1,32,long,0.0,66,3.4541481587620004,0.2640711638307755,0.17470037678075012,1.7845688894178984,0.2878787878787879,0.005990250672036135,0.2315871751516636,0.06197917690864996,1.6570809246090834,0.1319394068199311,0.006507156611125886,11319.394068199306
D1,34,1.5,W1,32,long,1.0,66,3.4541481587620004,0.2640711638307755,0.17470037678075012,1.7845688894178984,0.2878787878787879,0.005990250672036135,0.2315871751516636,0.06197917690864996,1.6570809246090834,0.1319394068199311,0.006507156611125886,11319.394068199306
D1,34,1.5,W1,32,short,0.0,123,6.3293533389687235,-0.21795361997262008,0.29611215615037245,0.7766870367850809,0.2032520325203252,-0.00219376959804918,-0.11211990451018942,0.10052823927509302,0.870856020203683,-0.05982877073268744,-0.0031695877679522866,9401.71229267313
D1,34,1.5,W1,32,short,1.0,123,6.3293533389687235,-0.21795361997262008,0.29611215615037245,0.7766870367850809,0.2032520325203252,-0.00219376959804918,-0.11211990451018942,0.10052823927509302,0.870856020203683,-0.05982877073268744,-0.0031695877679522866,9401.71229267313
D1,34,1.5,W1,50,both,0.0,185,9.653035714285714,0.00586704971734488,0.28506665049414903,1.0061329778065455,0.24324324324324326,5.7393426242374754e-05,0.13659627317922587,0.07691586843857756,1.1654332784891939,0.09452606196369473,0.004723967118570371,10945.260619636945
D1,34,1.5,W1,50,both,1.0,185,9.653035714285714,0.00586704971734488,0.28506665049414903,1.0061329778065455,0.24324324324324326,5.7393426242374754e-05,0.13659627317922587,0.07691586843857756,1.1654332784891939,0.09452606196369473,0.004723967118570371,10945.260619636945
D1,34,1.5,W1,50,long,0.0,84,4.550051905679965,0.17238291941683787,0.15998837450136383,1.335711156036737,0.2619047619047619,0.0028578814921929358,0.19488382984520405,0.05436859998184784,1.417150686141238,0.11534942791106828,0.005930838453100051,11153.494279110675
D1,34,1.5,W1,50,long,1.0,84,4.550051905679965,0.17238291941683787,0.15998837450136383,1.335711156036737,0.2619047619047619,0.0028578814921929358,0.19488382984520405,0.05436859998184784,1.417150686141238,0.11534942791106828,0.005930838453100051,11153.494279110675
D1,34,1.5,W1,50,short,0.0,111,5.990359042553191,-0.2443604231015442,0.3087106921630437,0.7515239756794736,0.21621621621621623,-0.0025443403426385364,-0.1295040296075351,0.09374515726503507,0.8540785738164269,-0.061198184548952206,-0.003402275247058162,9388.018154510462
D1,34,1.5,W1,50,short,1.0,111,5.990359042553191,-0.2443604231015442,0.3087106921630437,0.7515239756794736,0.21621621621621623,-0.0025443403426385364,-0.1295040296075351,0.09374515726503507,0.8540785738164269,-0.061198184548952206,-0.003402275247058162,9388.018154510462
D1,34,1.5,W1,80,both,0.0,179,9.713229832120042,0.30084228327435947,0.3179934475131021,1.5505730355914311,0.22346368715083798,0.004880005314007416,0.313854027433387,0.18679348065805967,1.574580918098268,0.38885910305818805,0.017984541577597435,13888.591030581847
D1,34,1.5,W1,80,both,1.0,179,9.713229832120042,0.30084228327435947,0.3179934475131021,1.5505730355914311,0.22346368715083798,0.004880005314007416,0.313854027433387,0.18679348065805967,1.574580918098268,0.38885910305818805,0.017984541577597435,13888.591030581847
D1,34,1.5,W1,80,long,0.0,111,6.02328777299064,0.3378271811709588,0.2935816991590887,1.999403523117162,0.2072072072072072,0.008335246094459925,0.36232559153534893,0.15729784474239017,2.0106002867863877,0.43513036575040265,0.019796529051580247,14351.303657503999
D1,34,1.5,W1,80,long,1.0,111,6.02328777299064,0.3378271811709588,0.2935816991590887,1.999403523117162,0.2072072072072072,0.008335246094459925,0.36232559153534893,0.15729784474239017,2.0106002867863877,0.43513036575040265,0.019796529051580247,14351.303657503999
D1,34,1.5,W1,80,short,0.0,75,4.7533836543466945,-0.12744243510760317,0.22974195332112457,0.8451881823621483,0.25333333333333335,-0.001505851066415787,-0.1244225462379635,0.06851195830160184,0.8473774107725668,-0.040024333012282365,-0.002585492993975591,9599.756669877172
D1,34,1.5,W1,80,short,1.0,75,4.7533836543466945,-0.12744243510760317,0.22974195332112457,0.8451881823621483,0.25333333333333335,-0.001505851066415787,-0.1244225462379635,0.06851195830160184,0.8473774107725668,-0.040024333012282365,-0.002585492993975591,9599.756669877172
D1,34,1.5,W1,120,both,0.0,166,9.841178380133096,0.435881007335983,0.1872420732249217,1.8807569699491666,0.2289156626506024,0.0071566663346125355,0.4445806222427874,0.08987151889742895,2.0006041449059215,0.6720551456409884,0.030944377900859354,16720.551456409852
D1,34,1.5,W1,120,both,1.0,166,9.841178380133096,0.435881007335983,0.1872420732249217,1.8807569699491666,0.2289156626506024,0.0071566663346125355,0.4445806222427874,0.08987151889742895,2.0006041449059215,0.6720551456409884,0.030944377900859354,16720.551456409852
D1,34,1.5,W1,120,long,0.0,85,5.039157604285019,0.5064370274150656,0.17155256249905926,2.9789524868907513,0.2823529411764706,0.015114028087749217,0.5046262006435634,0.0708273221975333,3.2384443397906093,0.7118376032528275,0.03238252070944658,17118.37603252825
D1,34,1.5,W1,120,long,1.0,85,5.039157604285019,0.5064370274150656,0.17155256249905926,2.9789524868907513,0.2823529411764706,0.015114028087749217,0.5046262006435634,0.0708273221975333,3.2384443397906093,0.7118376032528275,0.03238252070944658,17118.37603252825
D1,34,1.5,W1,120,short,0.0,83,6.136791497975708,-0.10852129657447422,0.16636752674875688,0.8724504259761873,0.18072289156626506,-0.0010799716076819257,-0.06339958510533812,0.07660976056542168,0.9193657247918877,-0.026449533057512742,-0.0019799706278423868,9735.50466942486
D1,34,1.5,W1,120,short,1.0,83,6.136791497975708,-0.10852129657447422,0.16636752674875688,0.8724504259761873,0.18072289156626506,-0.0010799716076819257,-0.06339958510533812,0.07660976056542168,0.9193657247918877,-0.026449533057512742,-0.0019799706278423868,9735.50466942486
D1,34,4.0,none,0,both,0.0,67,3.1798011954261955,0.11294652697070383,0.5294157505249901,1.249034996646411,0.3582089552238806,0.005283207900926146,0.24562165831862448,0.08572924082259026,1.9747250709713176,0.20171917637423276,0.008759011886992463,12017.191763742338
D1,34,4.0,none,0,both,1.0,67,3.1798011954261955,0.11294652697070383,0.5294157505249901,1.249034996646411,0.3582089552238806,0.005283207900926146,0.24562165831862448,0.08572924082259026,1.9747250709713176,0.20171917637423276,0.008759011886992463,12017.191763742338
D1,34,4.0,none,0,long,0.0,65,3.10505493068271,0.3872678406077617,0.2393211345245574,2.2093061168344716,0.38461538461538464,0.02167429802290558,0.41511898182318024,0.034684494521422415,3.2115629372851653,0.38783641012456416,0.015779655413678206,13878.364101245654
D1,34,4.0,none,0,long,1.0,65,3.10505493068271,0.3872678406077617,0.2393211345245574,2.2093061168344716,0.38461538461538464,0.02167429802290558,0.41511898182318024,0.034684494521422415,3.2115629372851653,0.38783641012456416,0.015779655413678206,13878.364101245654
D1,34,4.0,none,0,short,0.0,65,3.190170653050255,-0.8037532553767407,0.683658322170509,0.325396283814362,0.23076923076923078,-0.0170757576387431,-0.7465937006177125,0.16065224724152682,0.33300828242863223,-0.16274368445033305,-0.008679866536963843,8372.56315549668
D1,34,4.0,none,0,short,1.0,65,3.190170653050255,-0.8037532553767407,0.683658322170509,0.325396283814362,0.23076923076923078,-0.0170757576387431,-0.7465937006177125,0.16065224724152682,0.33300828242863223,-0.16274368445033305,-0.008679866536963843,8372.56315549668
D1,34,4.0,W1,20,both,0.0,44,2.117391304347826,0.27926341309978747,0.21394052654814955,1.9139682036101768,0.38636363636363635,0.019321259399476244,0.3065595711205228,0.03798076924268645,2.775715865867253,0.24157184335646376,0.010467066442435558,12415.718433564642
D1,34,4.0,W1,20,both,1.0,44,2.117391304347826,0.27926341309978747,0.21394052654814955,1.9139682036101768,0.38636363636363635,0.019321259399476244,0.3065595711205228,0.03798076924268645,2.775715865867253,0.24157184335646376,0.010467066442435558,12415.718433564642
D1,34,4.0,W1,20,long,0.0,34,1.6361660079051383,0.49962949504811355,0.15614772276355304,4.467578435086075,0.5,0.04793965178119557,0.47353167750729186,0.016713111128853098,7.557638142367976,0.4144762823249999,0.016826941410517327,14144.762823250005
D1,34,4.0,W1,20,long,1.0,34,1.6361660079051383,0.49962949504811355,0.15614772276355304,4.467578435086075,0.5,0.04793965178119557,0.47353167750729186,0.016713111128853098,7.557638142367976,0.4144762823249999,0.016826941410517327,14144.762823250005
D1,34,4.0,W1,20,short,0.0,23,1.178225806451613,-0.42395480857353934,0.37268343052000297,0.3825275657537294,0.21739130434782608,-0.020224895235046732,-0.36592781526298923,0.05682814068659636,0.419363045120617,-0.0628241771768705,-0.0033183273192491924,9371.758228231301
D1,34,4.0,W1,20,short,1.0,23,1.178225806451613,-0.42395480857353934,0.37268343052000297,0.3825275657537294,0.21739130434782608,-0.020224895235046732,-0.36592781526298923,0.05682814068659636,0.419363045120617,-0.0628241771768705,-0.0033183273192491924,9371.758228231301
D1,34,4.0,W1,32,both,0.0,35,1.793958742632613,0.2113536671897006,0.23699651668913857,1.8106490877640238,0.37142857142857144,0.016726766799516325,0.26612853242125867,0.025457646793294764,2.9791516796495476,0.19951065585833216,0.00936776681303142,11995.106558583337
D1,34,4.0,W1,32,both,1.0,35,1.793958742632613,0.2113536671897006,0.23699651668913857,1.8106490877640238,0.37142857142857144,0.016726766799516325,0.26612853242125867,0.025457646793294764,2.9791516796495476,0.19951065585833216,0.00936776681303142,11995.106558583337
D1,34,4.0,W1,32,long,0.0,22,1.1276312096547851,0.2661185647668984,0.1018165139116427,2.625274017224897,0.36363636363636365,0.03204482582169463,0.29123360804397047,0.013459136419287976,4.513162277760874,0.21457078948333375,0.01001348832306892,12145.707894833336
D1,34,4.0,W1,32,long,1.0,22,1.1276312096547851,0.2661185647668984,0.1018165139116427,2.625274017224897,0.36363636363636365,0.03204482582169463,0.29123360804397047,0.013459136419287976,4.513162277760874,0.21457078948333375,0.01001348832306892,12145.707894833336
D1,34,4.0,W1,32,short,0.0,19,1.03547448522829,-0.34736482601296936,0.21468342100355742,0.42747215647297965,0.3684210526315789,-0.014507008510983407,-0.3334922439999735,0.03377603165673648,0.43634751554407036,-0.037140818941666764,-0.0020605451786880336,9628.591810583333
D1,34,4.0,W1,32,short,1.0,19,1.03547448522829,-0.34736482601296936,0.21468342100355742,0.42747215647297965,0.3684210526315789,-0.014507008510983407,-0.3334922439999735,0.03377603165673648,0.43634751554407036,-0.037140818941666764,-0.0020605451786880336,9628.591810583333
D1,34,4.0,W1,50,both,0.0,38,1.9477266348582654,0.21478779964766534,0.15726681393221575,1.775473906522249,0.39473684210526316,0.01578526217202869,0.26461285349764757,0.02204280538451464,2.7131748815928773,0.2006426606310281,0.009416569489288484,12006.426606310288
D1,34,4.0,W1,50,both,1.0,38,1.9477266348582654,0.21478779964766534,0.15726681393221575,1.775473906522249,0.39473684210526316,0.01578526217202869,0.26461285349764757,0.02204280538451464,2.7131748815928773,0.2006426606310281,0.009416569489288484,12006.426606310288
D1,34,4.0,W1,50,long,0.0,25,1.2813991018804378,0.3412252961469073,0.10937520574165849,3.102130170609381,0.48,0.036313479383421166,0.3384240306874302,0.01919064988992092,4.849383566633767,0.2486849288745654,0.011448523695692714,12486.849288745652
D1,34,4.0,W1,50,long,1.0,25,1.2813991018804378,0.3412252961469073,0.10937520574165849,3.102130170609381,0.48,0.036313479383421166,0.3384240306874302,0.01919064988992092,4.849383566633767,0.2486849288745654,0.011448523695692714,12486.849288745652
D1,34,4.0,W1,50,short,0.0,16,1.0,-0.4093059654860798,0.2134088281887775,0.3565889802127219,0.3125,-0.016112141433621573,-0.38474516417414756,0.03649061324551828,0.3512817544594972,-0.03728995091020326,-0.0020689694000655123,9627.100490897968
D1,34,4.0,W1,50,short,1.0,16,1.0,-0.4093059654860798,0.2134088281887775,0.3565889802127219,0.3125,-0.016112141433621573,-0.38474516417414756,0.03649061324551828,0.3512817544594972,-0.03728995091020326,-0.0020689694000655123,9627.100490897968
D1,34,4.0,W1,80,both,0.0,42,2.3085778781038373,0.38134631963343746,0.11038323277459883,2.5184262135076425,0.4523809523809524,0.024787016852605172,0.36100122964057296,0.01839834898832371,3.411083987025388,0.2630579065147971,0.012919297700573207,12630.57906514797
D1,34,4.0,W1,80,both,1.0,42,2.3085778781038373,0.38134631963343746,0.11038323277459883,2.5184262135076425,0.4523809523809524,0.024787016852605172,0.36100122964057296,0.01839834898832371,3.411083987025388,0.2630579065147971,0.012919297700573207,12630.57906514797
D1,34,4.0,W1,80,long,0.0,25,1.3741534988713318,0.5257894545055817,0.10220315335776742,5.086596711251081,0.56,0.05321042444906492,0.43122790682267487,0.017785808265187386,6.140445460968073,0.30062241666666645,0.014552330374941302,13006.22416666667
D1,34,4.0,W1,80,long,1.0,25,1.3741534988713318,0.5257894545055817,0.10220315335776742,5.086596711251081,0.56,0.05321042444906492,0.43122790682267487,0.017785808265187386,6.140445460968073,0.30062241666666645,0.014552330374941302,13006.22416666667
D1,34,4.0,W1,80,short,0.0,18,1.2619001919385797,-0.3668604526365971,0.22064182415402522,0.422028076634288,0.3333333333333333,-0.011562531634469348,-0.327131719518977,0.02843077066040589,0.45227347196103534,-0.02585339318520352,-0.0018346228061951741,9741.466068147967
D1,34,4.0,W1,80,short,1.0,18,1.2619001919385797,-0.3668604526365971,0.22064182415402522,0.422028076634288,0.3333333333333333,-0.011562531634469348,-0.327131719518977,0.02843077066040589,0.45227347196103534,-0.02585339318520352,-0.0018346228061951741,9741.466068147967
D1,34,4.0,W1,120,both,0.0,37,2.2441464629691135,0.4018866861454515,0.19969581014367643,2.6055789054156175,0.3783783783783784,0.02845490996701393,0.3787816330444053,0.03496546007520118,3.3295300035348045,0.2647022710397966,0.014345381669380597,12647.02271039797
D1,34,4.0,W1,120,both,1.0,37,2.2441464629691135,0.4018866861454515,0.19969581014367643,2.6055789054156175,0.3783783783783784,0.02845490996701393,0.3787816330444053,0.03496546007520118,3.3295300035348045,0.2647022710397966,0.014345381669380597,12647.02271039797
D1,34,4.0,W1,120,long,0.0,24,1.45566257057456,0.4688634485623277,0.18341645135173412,4.081328464545308,0.4583333333333333,0.04838264131895672,0.4171416231852312,0.02996605019418841,4.951497775675555,0.2828978971666667,0.015224599723952847,12828.978971666671
D1,34,4.0,W1,120,long,1.0,24,1.45566257057456,0.4688634485623277,0.18341645135173412,4.081328464545308,0.4583333333333333,0.04838264131895672,0.4171416231852312,0.02996605019418841,4.951497775675555,0.2828978971666667,0.015224599723952847,12828.978971666671
D1,34,4.0,W1,120,short,0.0,14,1.4698189134808852,-0.19124503089195696,0.15173174001685674,0.6743313160925276,0.2857142857142857,-0.006487513664084436,-0.21216731454572568,0.026021781675191313,0.6425970008672335,-0.014991386368536364,-0.0015845616460901102,9850.086136314632
D1,34,4.0,W1,120,short,1.0,14,1.4698189134808852,-0.19124503089195696,0.15173174001685674,0.6743313160925276,0.2857142857142857,-0.006487513664084436,-0.21216731454572568,0.026021781675191313,0.6425970008672335,-0.014991386368536364,-0.0015845616460901102,9850.086136314632
D1,34,1.0,none,0,both,0.0,277,12.893366891805785,0.4079705689707452,0.22418094396417043,1.6237374857857243,0.2490974729241877,0.005195220842193228,0.4354467725819573,0.13430583136515883,1.7200192547504505,1.5625028538308094,0.04477284319423114,25625.028538308088
D1,34,1.0,none,0,both,1.0,277,12.893366891805785,0.4079705689707452,0.22418094396417043,1.6237374857857243,0.2490974729241877,0.005195220842193228,0.4354467725819573,0.13430583136515883,1.7200192547504505,1.5625028538308094,0.04477284319423114,25625.028538308088
D1,34,1.0,none,0,long,0.0,228,10.61664966853646,0.43467437710433987,0.3662426427041401,1.7825049423759531,0.20175438596491227,0.006910359101749186,0.4480386315298371,0.2767052350538791,1.8983072897586144,1.8659405624356227,0.05024906745863045,28659.40562435622
D1,34,1.0,none,0,long,1.0,228,10.61664966853646,0.43467437710433987,0.3662426427041401,1.7825049423759531,0.20175438596491227,0.006910359101749186,0.4480386315298371,0.2767052350538791,1.8983072897586144,1.8659405624356227,0.05024906745863045,28659.40562435622
D1,34,1.0,none,0,short,0.0,228,10.836304489264801,-0.24213727931098145,0.3423295069419512,0.8000654469772688,0.2412280701754386,-0.00158684001138306,-0.14000310005808914,0.17151464344558032,0.87498390686558,-0.13524184078761192,-0.006882232397606325,8647.581592123881
D1,34,1.0,none,0,short,1.0,228,10.836304489264801,-0.24213727931098145,0.3423295069419512,0.8000654469772688,0.2412280701754386,-0.00158684001138306,-0.14000310005808914,0.17151464344558032,0.87498390686558,-0.13524184078761192,-0.006882232397606325,8647.581592123881
D1,34,1.0,W1,20,both,0.0,185,8.885108481262327,0.1719424066533859,0.3306646058623094,1.319494929914325,0.21621621621621623,0.0025675705767362854,0.17285673265716306,0.2259860126750567,1.3405344725872639,0.27272562519764176,0.01164971129561132,12727.256251976429
D1,34,1.0,W1,20,both,1.0,185,8.885108481262327,0.1719424066533859,0.3306646058623094,1.319494929914325,0.21621621621621623,0.0025675705767362854,0.17285673265716306,0.2259860126750567,1.3405344725872639,0.27272562519764176,0.01164971129561132,12727.256251976429
D1,34,1.0,W1,20,long,0.0,42,2.0195497630331753,0.3501905642642182,0.14059543487287784,3.5489309330934034,0.19047619047619047,0.020927235805525073,0.320226554205698,0.11937004206612023,2.951776277675068,0.5061384184219624,0.01988815373615016,15061.384184219636
D1,34,1.0,W1,20,long,1.0,42,2.0195497630331753,0.3501905642642182,0.14059543487287784,3.5489309330934034,0.19047619047619047,0.020927235805525073,0.320226554205698,0.11937004206612023,2.951776277675068,0.5061384184219624,0.01988815373615016,15061.384184219636
D1,34,1.0,W1,20,short,0.0,154,7.574535416105576,-0.4905571375146441,0.4039477601778426,0.5962389560755826,0.21428571428571427,-0.0032687627422403357,-0.4371091908012579,0.22546606178671857,0.6318864127936235,-0.22933449919605886,-0.012731076554622134,7706.655008039421
D1,34,1.0,W1,20,short,1.0,154,7.574535416105576,-0.4905571375146441,0.4039477601778426,0.5962389560755826,0.21428571428571427,-0.0032687627422403357,-0.4371091908012579,0.22546606178671857,0.6318864127936235,-0.22933449919605886,-0.012731076554622134,7706.655008039421
D1,34,1.0,W1,32,both,0.0,177,8.94923172757475,0.187220358915019,0.2918160100396655,1.2574986657663583,0.22033898305084745,0.0020634257975973304,0.21266042087781367,0.17216696225400974,1.29236370132565,0.2465433385210143,0.011204574611200835,12465.433385210143
D1,34,1.0,W1,32,both,1.0,177,8.94923172757475,0.187220358915019,0.2918160100396655,1.2574986657663583,0.22033898305084745,0.0020634257975973304,0.21266042087781367,0.17216696225400974,1.29236370132565,0.2465433385210143,0.011204574611200835,12465.433385210143
D1,34,1.0,W1,32,long,0.0,68,3.4491042910706846,0.21881247540838455,0.20973388621848754,1.6476075807378963,0.17647058823529413,0.004869813090521917,0.17664397043945454,0.13362052030689797,1.4746245762239643,0.1472727055175349,0.006992925955271234,11472.727055175352
D1,34,1.0,W1,32,long,1.0,68,3.4491042910706846,0.21881247540838455,0.20973388621848754,1.6476075807378963,0.17647058823529413,0.004869813090521917,0.17664397043945454,0.13362052030689797,1.4746245762239643,0.1472727055175349,0.006992925955271234,11472.727055175352
D1,34,1.0,W1,32,short,0.0,123,6.416131105398458,-0.037467828189564116,0.19318183299761393,0.9544243052492555,0.25203252032520324,-0.00037304733951211725,0.0553541732708849,0.09703602737090755,1.0726320177153692,0.027431727171441267,0.0014126614934799608,10274.317271714426
D1,34,1.0,W1,32,short,1.0,123,6.416131105398458,-0.037467828189564116,0.19318183299761393,0.9544243052492555,0.25203252032520324,-0.00037304733951211725,0.0553541732708849,0.09703602737090755,1.0726320177153692,0.027431727171441267,0.0014126614934799608,10274.317271714426
D1,34,1.0,W1,50,both,0.0,186,9.477748325892858,0.2720838380847247,0.20557392724410795,1.487190057925294,0.22580645161290322,0.00396322324530618,0.3115217548282097,0.12569684157866223,1.5424888770144634,0.5462846320400587,0.022457732768319527,15462.84632040058
D1,34,1.0,W1,50,both,1.0,186,9.477748325892858,0.2720838380847247,0.20557392724410795,1.487190057925294,0.22580645161290322,0.00396322324530618,0.3115217548282097,0.12569684157866223,1.5424888770144634,0.5462846320400587,0.022457732768319527,15462.84632040058
D1,34,1.0,W1,50,long,0.0,90,4.5860072544642865,0.24016774283359027,0.23342509130331424,1.7792002474176982,0.17777777777777778,0.006558766263372187,0.2507188551073769,0.1640574921586705,1.8290424970965657,0.3919012689443,0.016992286432504944,13919.012689443018
D1,34,1.0,W1,50,long,1.0,90,4.5860072544642865,0.24016774283359027,0.23342509130331424,1.7792002474176982,0.17777777777777778,0.006558766263372187,0.2507188551073769,0.1640574921586705,1.8290424970965657,0.3919012689443,0.016992286432504944,13919.012689443018
D1,34,1.0,W1,50,short,0.0,108,5.837945833949978,0.05027457803812062,0.11782732625272152,1.065778067808961,0.26851851851851855,0.0005288528189776395,0.15189416611635867,0.07506555852683094,1.2213814436299182,0.09957804531404513,0.005144445131338493,10995.780453140444
D1,34,1.0,W1,50,short,1.0,108,5.837945833949978,0.05027457803812062,0.11782732625272152,1.065778067808961,0.26851851851851855,0.0005288528189776395,0.15189416611635867,0.07506555852683094,1.2213814436299182,0.09957804531404513,0.005144445131338493,10995.780453140444
D1,34,1.0,W1,80,both,0.0,183,9.924387527839643,0.3538485656293227,0.26237600574187203,1.7073940808006314,0.1912568306010929,0.00563035509118567,0.3716177656539676,0.19078854890959418,1.8022325208453698,0.9231367261497563,0.03610157246490986,19231.36726149758
D1,34,1.0,W1,80,both,1.0,183,9.924387527839643,0.3538485656293227,0.26237600574187203,1.7073940808006314,0.1912568306010929,0.00563035509118567,0.3716177656539676,0.19078854890959418,1.8022325208453698,0.9231367261497563,0.03610157246490986,19231.36726149758
D1,34,1.0,W1,80,long,0.0,111,6.019710467706013,0.36828134111702776,0.28430133287773696,2.2003997585532096,0.15315315315315314,0.009123692327043909,0.3787646734794889,0.23681150469783463,2.2995138538849553,0.9217100233526865,0.03605987297792712,19217.100233526893
D1,34,1.0,W1,80,long,1.0,111,6.019710467706013,0.36828134111702776,0.28430133287773696,2.2003997585532096,0.15315315315315314,0.009123692327043909,0.3787646734794889,0.23681150469783463,2.2995138538849553,0.9217100233526865,0.03605987297792712,19217.100233526893
D1,34,1.0,W1,80,short,0.0,77,4.877601456815817,0.006088158429091184,0.14426553042916845,1.008261701931892,0.2597402597402597,6.949185635129081e-05,0.04320047990294317,0.06795494571618843,1.0606222044264817,0.013989353388068393,0.0008804083358460169,10139.893533880673
D1,34,1.0,W1,80,short,1.0,77,4.877601456815817,0.006088158429091184,0.14426553042916845,1.008261701931892,0.2597402597402597,6.949185635129081e-05,0.04320047990294317,0.06795494571618843,1.0606222044264817,0.013989353388068393,0.0008804083358460169,10139.893533880673
D1,34,1.0,W1,120,both,0.0,169,10.041849682772083,0.32541138075061427,0.2512902826950183,1.6445085623702198,0.21301775147928995,0.00510222567442766,0.3419570564354547,0.18875869863693606,1.6406004159364307,0.6020695620950258,0.028399860670133448,16020.695620950271
D1,34,1.0,W1,120,both,1.0,169,10.041849682772083,0.32541138075061427,0.2512902826950183,1.6445085623702198,0.21301775147928995,0.00510222567442766,0.3419570564354547,0.18875869863693606,1.6406004159364307,0.6020695620950258,0.028399860670133448,16020.695620950271
D1,34,1.0,W1,120,long,0.0,86,5.110053684724256,0.3863805044403879,0.25994287046353604,2.3600965701082823,0.19767441860465115,0.011218518579617484,0.38017076269860917,0.18008073057444884,2.5371459981443842,0.7973519567491727,0.03545231678956684,17973.51956749174
D1,34,1.0,W1,120,long,1.0,86,5.110053684724256,0.3863805044403879,0.25994287046353604,2.3600965701082823,0.19767441860465115,0.011218518579617484,0.38017076269860917,0.18008073057444884,2.5371459981443842,0.7973519567491727,0.03545231678956684,17973.51956749174
D1,34,1.0,W1,120,short,0.0,89,6.5657947889315285,-0.15345197732041596,0.18395026059802166,0.821116745312803,0.23595505617977527,-0.0013126697296455012,-0.10711937442560662,0.11392351923090083,0.8760755302101771,-0.056139180455011095,-0.004253277855781001,9438.608195449893
D1,34,1.0,W1,120,short,1.0,89,6.5657947889315285,-0.15345197732041596,0.18395026059802166,0.821116745312803,0.23595505617977527,-0.0013126697296455012,-0.10711937442560662,0.11392351923090083,0.8760755302101771,-0.056139180455011095,-0.004253277855781001,9438.608195449893
D1,34,2.0,none,0,both,0.0,211,10.017905888470038,-0.2490617381257437,0.4813090731105142,0.7948920482651842,0.20853080568720378,-0.0022886142670368106,-0.21000362213989984,0.1417203390850328,0.8178562103705154,-0.11643619473769562,-0.005860175595298278,8835.638052623024
D1,34,2.0,none,0,both,1.0,211,10.017905888470038,-0.2490617381257437,0.4813090731105142,0.7948920482651842,0.20853080568720378,-0.0022886142670368106,-0.21000362213989984,0.1417203390850328,0.8178562103705154,-0.11643619473769562,-0.005860175595298278,8835.638052623024
D1,34,2.0,none,0,long,0.0,205,9.54567185109638,0.4337990930878244,0.30025497527425804,1.7401950360363072,0.2731707317073171,0.007222455079814698,0.49137570851423934,0.10870035956443835,1.8767581747604187,0.6789977117025812,0.024422927907493674,16789.97711702581
D1,34,2.0,none,0,long,1.0,205,9.54567185109638,0.4337990930878244,0.30025497527425804,1.7401950360363072,0.2731707317073171,0.007222455079814698,0.49137570851423934,0.10870035956443835,1.8767581747604187,0.6789977117025812,0.024422927907493674,16789.97711702581
D1,34,2.0,none,0,short,0.0,205,9.733036526712596,-0.685107687983627,0.6527106819712485,0.5411422955493147,0.2,-0.005007306477124995,-0.5982482516384166,0.23385866289729051,0.5575317289135242,-0.23940293815247737,-0.012908452176579432,7605.970618475207
D1,34,2.0,none,0,short,1.0,205,9.733036526712596,-0.685107687983627,0.6527106819712485,0.5411422955493147,0.2,-0.005007306477124995,-0.5982482516384166,0.23385866289729051,0.5575317289135242,-0.23940293815247737,-0.012908452176579432,7605.970618475207
D1,34,2.0,W1,20,both,0.0,148,7.276484048997173,-0.16060434134125964,0.4074199222716167,0.8294140306879143,0.25675675675675674,-0.001653615438986802,-0.3658200233274113,0.1673992713695105,0.646536355843638,-0.13809462384581372,-0.007279837158656877,8619.053761541853
D1,34,2.0,W1,20,both,1.0,148,7.276484048997173,-0.16060434134125964,0.4074199222716167,0.8294140306879143,0.25675675675675674,-0.001653615438986802,-0.3658200233274113,0.1673992713695105,0.646536355843638,-0.13809462384581372,-0.007279837158656877,8619.053761541853
D1,34,2.0,W1,20,long,0.0,57,2.8225664316702823,0.40528076249508466,0.10963393242083874,2.4884523609244455,0.3508771929824561,0.010523958919435136,0.3903405241504089,0.03603004667090004,2.9204346536215184,0.2217234904025318,0.00996607728472143,12217.234904025318
D1,34,2.0,W1,20,long,1.0,57,2.8225664316702823,0.40528076249508466,0.10963393242083874,2.4884523609244455,0.3508771929824561,0.010523958919435136,0.3903405241504089,0.03603004667090004,2.9204346536215184,0.2217234904025318,0.00996607728472143,12217.234904025318
D1,34,2.0,W1,20,short,0.0,116,5.703190200565352,-0.5676045572643083,0.46706815920894196,0.5072272261596419,0.21551724137931033,-0.005339469938334279,-0.6456742175559813,0.16824680202641418,0.4455105840516877,-0.1752742577641141,-0.009429653649842829,8247.257422358853
D1,34,2.0,W1,20,short,1.0,116,5.703190200565352,-0.5676045572643083,0.46706815920894196,0.5072272261596419,0.21551724137931033,-0.005339469938334279,-0.6456742175559813,0.16824680202641418,0.4455105840516877,-0.1752742577641141,-0.009429653649842829,8247.257422358853
D1,34,2.0,W1,32,both,0.0,147,7.647308075772682,-0.08820442808145944,0.34727473558984345,0.903129588326926,0.23129251700680273,-0.0010024334638386136,-0.14714162340385908,0.1403000210005354,0.8388406481419177,-0.07016396613368747,-0.0037773298008516587,9298.360338663106
D1,34,2.0,W1,32,both,1.0,147,7.647308075772682,-0.08820442808145944,0.34727473558984345,0.903129588326926,0.23129251700680273,-0.0010024334638386136,-0.14714162340385908,0.1403000210005354,0.8388406481419177,-0.07016396613368747,-0.0037773298008516587,9298.360338663106
D1,34,2.0,W1,32,long,0.0,64,3.342293394338004,0.2391522324477842,0.19917748808229052,1.5896823838846803,0.296875,0.005123818772579439,0.20311824605715081,0.06518025364726832,1.4998948462707204,0.07702690229771436,0.003882718270183938,10770.269022977143
D1,34,2.0,W1,32,long,1.0,64,3.342293394338004,0.2391522324477842,0.19917748808229052,1.5896823838846803,0.296875,0.005123818772579439,0.20311824605715081,0.06518025364726832,1.4998948462707204,0.07702690229771436,0.003882718270183938,10770.269022977143
D1,34,2.0,W1,32,short,0.0,99,5.204339378238342,-0.37296582674721407,0.3665073857066595,0.6260325177335708,0.1919191919191919,-0.004179991085639446,-0.3689862017648131,0.11422735849158638,0.6151685880779274,-0.11246266443850872,-0.006252112060625703,8875.373355614907
D1,34,2.0,W1,32,short,1.0,99,5.204339378238342,-0.37296582674721407,0.3665073857066595,0.6260325177335708,0.1919191919191919,-0.004179991085639446,-0.3689862017648131,0.11422735849158638,0.6151685880779274,-0.11246266443850872,-0.006252112060625703,8875.373355614907
D1,34,2.0,W1,50,both,0.0,156,8.12129418472064,-0.10481457545016075,0.28648149326359784,0.8927418511262516,0.23717948717948717,-0.0010944676556075702,-0.11269976572384359,0.10140274183452969,0.8765195083117772,-0.05799729378272489,-0.003105578147370003,9420.027062172752
D1,34,2.0,W1,50,both,1.0,156,8.12129418472064,-0.10481457545016075,0.28648149326359784,0.8927418511262516,0.23717948717948717,-0.0010944676556075702,-0.11269976572384359,0.10140274183452969,0.8765195083117772,-0.05799729378272489,-0.003105578147370003,9420.027062172752
D1,34,2.0,W1,50,long,0.0,79,4.112706670467503,0.1856376650543424,0.16370359388844014,1.355911327470847,0.27848101265822783,0.0034958980660413238,0.24678035267238907,0.04271312040133324,1.5990446104917977,0.12864517377127216,0.006320031178657537,11286.451737712716
D1,34,2.0,W1,50,long,1.0,79,4.112706670467503,0.1856376650543424,0.16370359388844014,1.355911327470847,0.27848101265822783,0.0034958980660413238,0.24678035267238907,0.04271312040133324,1.5990446104917977,0.12864517377127216,0.006320031178657537,11286.451737712716
D1,34,2.0,W1,50,short,0.0,89,4.841711349419124,-0.21718869554341252,0.26869281459525074,0.7529055315207085,0.2247191011235955,-0.002573992908749762,-0.222380133528436,0.07614762173548184,0.7385494919499166,-0.06296116216280256,-0.0035314927571299393,9370.38837837196
D1,34,2.0,W1,50,short,1.0,89,4.841711349419124,-0.21718869554341252,0.26869281459525074,0.7529055315207085,0.2247191011235955,-0.002573992908749762,-0.222380133528436,0.07614762173548184,0.7385494919499166,-0.06296116216280256,-0.0035314927571299393,9370.38837837196
D1,34,2.0,W1,80,both,0.0,148,8.03105036398752,0.20201225942717654,0.34735265366910206,1.360439831244346,0.20270270270270271,0.003826981758006858,0.20658053749890587,0.14252195798488942,1.4070829259220954,0.17842271589626946,0.008948671371696637,11784.227158962674
D1,34,2.0,W1,80,both,1.0,148,8.03105036398752,0.20201225942717654,0.34735265366910206,1.360439831244346,0.20270270270270271,0.003826981758006858,0.20658053749890587,0.14252195798488942,1.4070829259220954,0.17842271589626946,0.008948671371696637,11784.227158962674
D1,34,2.0,W1,80,long,0.0,85,4.612427573911751,0.39115616946629683,0.15247751764395046,2.233829792562928,0.25882352941176473,0.012456357518094211,0.4145328165496238,0.06068256909389269,2.3323446367355793,0.3778274113989166,0.017544116224330386,13778.274113989159
D1,34,2.0,W1,80,long,1.0,85,4.612427573911751,0.39115616946629683,0.15247751764395046,2.233829792562928,0.25882352941176473,0.012456357518094211,0.4145328165496238,0.06068256909389269,2.3323446367355793,0.3778274113989166,0.017544116224330386,13778.274113989159
D1,34,2.0,W1,80,short,0.0,72,4.579937304075235,-0.4184893167366357,0.296682606453184,0.5764970638221101,0.16666666666666666,-0.0046261597798965895,-0.5129986107622387,0.08869885632549357,0.5191473558063002,-0.08815071947130348,-0.005852794202691247,9118.492805286958
D1,34,2.0,W1,80,short,1.0,72,4.579937304075235,-0.4184893167366357,0.296682606453184,0.5764970638221101,0.16666666666666666,-0.0046261597798965895,-0.5129986107622387,0.08869885632549357,0.5191473558063002,-0.08815071947130348,-0.005852794202691247,9118.492805286958
D1,34,2.0,W1,120,both,0.0,137,8.114034376520188,0.44225838060843686,0.19803192524432067,1.9380587720186784,0.23357664233576642,0.00866973090933767,0.4444418117747302,0.06667530071999406,1.9149724142828914,0.3823514715998484,0.019361775862882347,13823.51471599846
D1,34,2.0,W1,120,both,1.0,137,8.114034376520188,0.44225838060843686,0.19803192524432067,1.9380587720186784,0.23357664233576642,0.00866973090933767,0.4444418117747302,0.06667530071999406,1.9149724142828914,0.3823514715998484,0.019361775862882347,13823.51471599846
D1,34,2.0,W1,120,long,0.0,77,4.56044267877412,0.5188348603166049,0.14256037353485673,2.9297790610182495,0.2857142857142857,0.017165695430997475,0.544394966993318,0.048292621709999706,3.0690344721239784,0.47121134801859577,0.023129983286036104,14712.113480185957
D1,34,2.0,W1,120,long,1.0,77,4.56044267877412,0.5188348603166049,0.14256037353485673,2.9297790610182495,0.2857142857142857,0.017165695430997475,0.544394966993318,0.048292621709999706,3.0690344721239784,0.47121134801859577,0.023129983286036104,14712.113480185957
D1,34,2.0,W1,120,short,0.0,64,4.731026108075288,0.015840200659248564,0.15419739787210562,1.0226412348809608,0.1875,0.00021056596388571887,-0.018743567797719376,0.057200773956425754,0.9721568031979082,-0.0068195053034982855,-0.0005057122418842264,9931.80494696502
D1,34,2.0,W1,120,short,1.0,64,4.731026108075288,0.015840200659248564,0.15419739787210562,1.0226412348809608,0.1875,0.00021056596388571887,-0.018743567797719376,0.057200773956425754,0.9721568031979082,-0.0068195053034982855,-0.0005057122418842264,9931.80494696502
D1,34,2.5,none,0,both,0.0,168,7.815819640810087,0.13795597183658184,0.46880832870732925,1.20912046632682,0.23809523809523808,0.0025513064065904737,0.2450017215546965,0.0870257004266679,1.4857236565903735,0.2199173185919352,0.009290827224886167,12199.173185919342
D1,34,2.5,none,0,both,1.0,168,7.815819640810087,0.13795597183658184,0.46880832870732925,1.20912046632682,0.23809523809523808,0.0025513064065904737,0.2450017215546965,0.0870257004266679,1.4857236565903735,0.2199173185919352,0.009290827224886167,12199.173185919342
D1,34,2.5,none,0,long,0.0,163,7.589973227944926,0.35180481837115685,0.3124508703346204,1.6276391441436315,0.26380368098159507,0.007026597117545805,0.38174112884974404,0.08513742746171193,1.7777773648798854,0.3719109165361747,0.014832760420088187,13719.109165361753
D1,34,2.5,none,0,long,1.0,163,7.589973227944926,0.35180481837115685,0.3124508703346204,1.6276391441436315,0.26380368098159507,0.007026597117545805,0.38174112884974404,0.08513742746171193,1.7777773648798854,0.3719109165361747,0.014832760420088187,13719.109165361753
D1,34,2.5,none,0,short,0.0,163,7.756090411672747,-0.8199988174182938,0.7114466601364813,0.4440832644653001,0.1901840490797546,-0.00743000774001141,-0.788055780518027,0.22571734405831634,0.4480725644392188,-0.22991973723497083,-0.01235470448987841,7700.802627650295
D1,34,2.5,none,0,short,1.0,163,7.756090411672747,-0.8199988174182938,0.7114466601364813,0.4440832644653001,0.1901840490797546,-0.00743000774001141,-0.788055780518027,0.22571734405831634,0.4480725644392188,-0.22991973723497083,-0.01235470448987841,7700.802627650295
D1,34,2.5,W1,20,both,0.0,113,5.549717628075837,-0.16837454819863729,0.43062850425007904,0.7950320082949522,0.22123893805309736,-0.0023153575182780434,-0.17104752728783837,0.1161219202624919,0.7818206200363961,-0.06573728975434923,-0.0033339654615366365,9342.627102456507
D1,34,2.5,W1,20,both,1.0,113,5.549717628075837,-0.16837454819863729,0.43062850425007904,0.7950320082949522,0.22123893805309736,-0.0023153575182780434,-0.17104752728783837,0.1161219202624919,0.7818206200363961,-0.06573728975434923,-0.0033339654615366365,9342.627102456507
D1,34,2.5,W1,20,long,0.0,47,2.3952490581833406,0.26745638544620165,0.12042356153195533,1.8227585907292918,0.3191489361702128,0.007624507595985392,0.2605303309886253,0.035903617786068986,1.9871411438104551,0.10613179880026657,0.005153799803999437,11061.317988002666
D1,34,2.5,W1,20,long,1.0,47,2.3952490581833406,0.26745638544620165,0.12042356153195533,1.8227585907292918,0.3191489361702128,0.007624507595985392,0.2605303309886253,0.035903617786068986,1.9871411438104551,0.10613179880026657,0.005153799803999437,11061.317988002666
D1,34,2.5,W1,20,short,0.0,82,4.030480419862737,-0.6452722568107225,0.47743464222816057,0.4076240812046314,0.17073170731707318,-0.007840385808651986,-0.49410333830236874,0.1275074302049931,0.4574836002656515,-0.11961997853328754,-0.006242504144862049,8803.800214667126
D1,34,2.5,W1,20,short,1.0,82,4.030480419862737,-0.6452722568107225,0.47743464222816057,0.4076240812046314,0.17073170731707318,-0.007840385808651986,-0.49410333830236874,0.1275074302049931,0.4574836002656515,-0.11961997853328754,-0.006242504144862049,8803.800214667126
D1,34,2.5,W1,32,both,0.0,108,5.552787162162162,-0.19760312414422987,0.3769165464155614,0.7746974058851891,0.2222222222222222,-0.002655395733881023,-0.18040573184801384,0.0834800834849524,0.7795819091250114,-0.06251539220887947,-0.003313570560268042,9374.84607791121
D1,34,2.5,W1,32,both,1.0,108,5.552787162162162,-0.19760312414422987,0.3769165464155614,0.7746974058851891,0.2222222222222222,-0.002655395733881023,-0.18040573184801384,0.0834800834849524,0.7795819091250114,-0.06251539220887947,-0.003313570560268042,9374.84607791121
D1,34,2.5,W1,32,long,0.0,58,2.982052364864865,-0.037190832351079534,0.2508411558260123,0.9338878617627345,0.22413793103448276,-0.0007466648384036783,-0.07972563456802526,0.05194121452013223,0.8628578350934618,-0.021377079614789185,-0.001110396985435802,9786.229203852095
D1,34,2.5,W1,32,long,1.0,58,2.982052364864865,-0.037190832351079534,0.2508411558260123,0.9338878617627345,0.22413793103448276,-0.0007466648384036783,-0.07972563456802526,0.05194121452013223,0.8628578350934618,-0.021377079614789185,-0.001110396985435802,9786.229203852095
D1,34,2.5,W1,32,short,0.0,61,3.21504329004329,-0.36117036693302956,0.3087248520674353,0.5621522851661667,0.21311475409836064,-0.005422906140341647,-0.27790387984580606,0.0726205004057009,0.6025926397223881,-0.06500365179839573,-0.0035362179929280257,9349.963482016039
D1,34,2.5,W1,32,short,1.0,61,3.21504329004329,-0.36117036693302956,0.3087248520674353,0.5621522851661667,0.21311475409836064,-0.005422906140341647,-0.27790387984580606,0.0726205004057009,0.6025926397223881,-0.06500365179839573,-0.0035362179929280257,9349.963482016039
D1,34,2.5,W1,50,both,0.0,117,6.173685351054608,-0.34432161342740325,0.46667545872275396,0.6685464494282699,0.23076923076923078,-0.0040166958162380275,-0.20834946432904936,0.09019120821126314,0.7636808936343765,-0.06883868930085879,-0.003756381959056143,9311.61310699141
D1,34,2.5,W1,50,both,1.0,117,6.173685351054608,-0.34432161342740325,0.46667545872275396,0.6685464494282699,0.23076923076923078,-0.0040166958162380275,-0.20834946432904936,0.09019120821126314,0.7636808936343765,-0.06883868930085879,-0.003756381959056143,9311.61310699141
D1,34,2.5,W1,50,long,0.0,70,3.8114937388193204,-0.16140083345416303,0.34620250105408623,0.7722373807688869,0.22857142857142856,-0.0026889480834687745,0.03217578545388225,0.06779554122541065,1.0646010359867062,0.007750862451562979,0.0004204949901334132,10077.508624515633
D1,34,2.5,W1,50,long,1.0,70,3.8114937388193204,-0.16140083345416303,0.34620250105408623,0.7722373807688869,0.22857142857142856,-0.0026889480834687745,0.03217578545388225,0.06779554122541065,1.0646010359867062,0.007750862451562979,0.0004204949901334132,10077.508624515633
D1,34,2.5,W1,50,short,0.0,52,2.8292864591091913,-0.22110848188975285,0.21061563063476374,0.6890007179916221,0.23076923076923078,-0.0038423616990268207,-0.1690606819918865,0.056485040425309,0.7234847504225305,-0.03690472927742183,-0.002043860227230687,9630.952707225775
D1,34,2.5,W1,50,short,1.0,52,2.8292864591091913,-0.22110848188975285,0.21061563063476374,0.6890007179916221,0.23076923076923078,-0.0038423616990268207,-0.1690606819918865,0.056485040425309,0.7234847504225305,-0.03690472927742183,-0.002043860227230687,9630.952707225775
D1,34,2.5,W1,80,both,0.0,117,6.323505474992602,0.16777899266759205,0.45715061630705667,1.3123329585281742,0.23076923076923078,0.003852902616770009,0.24320881954361828,0.12462833398698725,1.613460341403618,0.1922245026430569,0.009547894554145842,11922.245026430568
D1,34,2.5,W1,80,both,1.0,117,6.323505474992602,0.16777899266759205,0.45715061630705667,1.3123329585281742,0.23076923076923078,0.003852902616770009,0.24320881954361828,0.12462833398698725,1.613460341403618,0.1922245026430569,0.009547894554145842,11922.245026430568
D1,34,2.5,W1,80,long,0.0,73,3.945435039952649,0.2599460528505476,0.3424927210781479,1.7345741895926998,0.2465753424657534,0.009157544732457543,0.3101404867739368,0.08811403050749111,2.131367757951394,0.2405279708173933,0.011717259571427885,12405.279708173925
D1,34,2.5,W1,80,long,1.0,73,3.945435039952649,0.2599460528505476,0.3424927210781479,1.7345741895926998,0.2465753424657534,0.009157544732457543,0.3101404867739368,0.08811403050749111,2.131367757951394,0.2405279708173933,0.011717259571427885,12405.279708173925
D1,34,2.5,W1,80,short,0.0,48,3.053291536050157,-0.4171629296319083,0.23049118998380547,0.5225977955053129,0.1875,-0.0060051400810225445,-0.5222614154090329,0.06134123560756266,0.4570422705413636,-0.06384010051600109,-0.004187510770050307,9361.59899483998
D1,34,2.5,W1,80,short,1.0,48,3.053291536050157,-0.4171629296319083,0.23049118998380547,0.5225977955053129,0.1875,-0.0060051400810225445,-0.5222614154090329,0.06134123560756266,0.4570422705413636,-0.06384010051600109,-0.004187510770050307,9361.59899483998
D1,34,2.5,W1,120,both,0.0,108,6.3964650559429215,0.265196297164593,0.24535434831845304,1.5307366987241582,0.21296296296296297,0.006318114839041156,0.28857417770097676,0.05591494852014578,1.7283013881381066,0.21176959395181605,0.011441292724736263,12117.695939518177
D1,34,2.5,W1,120,both,1.0,108,6.3964650559429215,0.265196297164593,0.24535434831845304,1.5307366987241582,0.21296296296296297,0.006318114839041156,0.28857417770097676,0.05591494852014578,1.7283013881381066,0.21176959395181605,0.011441292724736263,12117.695939518177
D1,34,2.5,W1,120,long,0.0,67,3.968177395816442,0.3355279293359924,0.27496664122608927,2.0153572851520445,0.23880597014925373,0.012390002509347964,0.37063957204493264,0.06904070144658403,2.446089099626548,0.2703128808017614,0.014271611395456407,12703.12880801762
D1,34,2.5,W1,120,long,1.0,67,3.968177395816442,0.3355279293359924,0.27496664122608927,2.0153572851520445,0.23880597014925373,0.012390002509347964,0.37063957204493264,0.06904070144658403,2.446089099626548,0.2703128808017614,0.014271611395456407,12703.12880801762
D1,34,2.5,W1,120,short,0.0,44,3.7496500233317778,0.000910321920006784,0.14405714524285418,1.0013897289334384,0.20454545454545456,1.4954613942726543e-05,0.03824489780661501,0.03460840504099594,1.0688721120926383,0.005497932566722374,0.0004673559725030252,10054.979325667226
D1,34,2.5,W1,120,short,1.0,44,3.7496500233317778,0.000910321920006784,0.14405714524285418,1.0013897289334384,0.20454545454545456,1.4954613942726543e-05,0.03824489780661501,0.03460840504099594,1.0688721120926383,0.005497932566722374,0.0004673559725030252,10054.979325667226
D1,50,1.0,none,0,both,0.0,196,9.303313840155946,0.3986867468677544,0.25076336895312046,1.758459391246903,0.23469387755102042,0.0066374413642381535,0.5014775287007542,0.11305494234578917,2.125944585930446,1.7338947138672451,0.048895530535018716,27338.94713867242
D1,50,1.0,none,0,both,1.0,196,9.303313840155946,0.3986867468677544,0.25076336895312046,1.758459391246903,0.23469387755102042,0.0066374413642381535,0.5014775287007542,0.11305494234578917,2.125944585930446,1.7338947138672451,0.048895530535018716,27338.94713867242
D1,50,1.0,none,0,long,0.0,164,7.792506829712502,0.5074889328837896,0.3904824982591052,2.269571109910468,0.21951219512195122,0.011644229815725672,0.5333574431082284,0.28454964855640863,2.4603405807365766,2.535070874386335,0.06183562871838033,35350.7087438633
D1,50,1.0,none,0,long,1.0,164,7.792506829712502,0.5074889328837896,0.3904824982591052,2.269571109910468,0.21951219512195122,0.011644229815725672,0.5333574431082284,0.28454964855640863,2.4603405807365766,2.535070874386335,0.06183562871838033,35350.7087438633
D1,50,1.0,none,0,short,0.0,164,7.951812027080845,-0.13159313151401877,0.24020571889765863,0.8683594359151753,0.24390243902439024,-0.001032263842418862,-0.010965402050982823,0.14391653480661826,0.9877054713839623,-0.023297267220051543,-0.0011423200816708112,9767.027327799473
D1,50,1.0,none,0,short,1.0,164,7.951812027080845,-0.13159313151401877,0.24020571889765863,0.8683594359151753,0.24390243902439024,-0.001032263842418862,-0.010965402050982823,0.14391653480661826,0.9877054713839623,-0.023297267220051543,-0.0011423200816708112,9767.027327799473
D1,50,1.0,W1,20,both,0.0,137,6.605841584158416,0.046144735557122535,0.35012106732510007,1.0949666110930398,0.21897810218978103,0.0007903891430434868,0.03981846754235915,0.15638685715993705,1.0654100467272425,0.017481076921773475,0.0008359660313117523,10174.810769217736
D1,50,1.0,W1,20,both,1.0,137,6.605841584158416,0.046144735557122535,0.35012106732510007,1.0949666110930398,0.21897810218978103,0.0007903891430434868,0.03981846754235915,0.15638685715993705,1.0654100467272425,0.017481076921773475,0.0008359660313117523,10174.810769217736
D1,50,1.0,W1,20,long,0.0,17,1.0,0.24588984648921586,0.08490748634343948,4.743020784489829,0.23529411764705882,0.02780319976330842,0.24252544796470465,0.060580593743830735,4.53234392273957,0.31081918457787205,0.013135789414617793,13108.191845778721
D1,50,1.0,W1,20,long,1.0,17,1.0,0.24588984648921586,0.08490748634343948,4.743020784489829,0.23529411764705882,0.02780319976330842,0.24252544796470465,0.060580593743830735,4.53234392273957,0.31081918457787205,0.013135789414617793,13108.191845778721
D1,50,1.0,W1,20,short,0.0,127,6.635209555142326,-0.33826788926200174,0.2967362221470633,0.6848662703205546,0.2204724409448819,-0.002611599400453494,-0.15633329469541624,0.1208513162479875,0.8318697419745609,-0.0967911585729776,-0.005304574760258585,9032.088414270229
D1,50,1.0,W1,20,short,1.0,127,6.635209555142326,-0.33826788926200174,0.2967362221470633,0.6848662703205546,0.2204724409448819,-0.002611599400453494,-0.15633329469541624,0.1208513162479875,0.8318697419745609,-0.0967911585729776,-0.005304574760258585,9032.088414270229
D1,50,1.0,W1,32,both,0.0,129,6.7233518835616435,0.05658096076574449,0.22814463175908173,1.0743634390802874,0.21705426356589147,0.0006033913281837613,0.1437071040796935,0.10750987333497908,1.211536089809845,0.11170735950290367,0.005534505321718175,11117.073595029035
D1,50,1.0,W1,32,both,1.0,129,6.7233518835616435,0.05658096076574449,0.22814463175908173,1.0743634390802874,0.21705426356589147,0.0006033913281837613,0.1437071040796935,0.10750987333497908,1.211536089809845,0.11170735950290367,0.005534505321718175,11117.073595029035
D1,50,1.0,W1,32,long,0.0,26,1.932146490335707,0.08186861521086622,0.08458763807392322,1.262123089574891,0.15384615384615385,0.002032559536832082,0.1070504085768734,0.05619603336839041,1.373392356346978,0.04151261670844564,0.003027200094400051,10415.126167084447
D1,50,1.0,W1,32,long,1.0,26,1.932146490335707,0.08186861521086622,0.08458763807392322,1.262123089574891,0.15384615384615385,0.002032559536832082,0.1070504085768734,0.05619603336839041,1.373392356346978,0.04151261670844564,0.003027200094400051,10415.126167084447
D1,50,1.0,W1,32,short,0.0,111,5.785209760273973,-0.0016598367580462035,0.19863317730663865,0.9978650460505498,0.24324324324324326,-1.7306072870401573e-05,0.11162433696570213,0.09041339277811555,1.1628579544471263,0.06857184497879909,0.003462671835941622,10685.718449787995
D1,50,1.0,W1,32,short,1.0,111,5.785209760273973,-0.0016598367580462035,0.19863317730663865,0.9978650460505498,0.24324324324324326,-1.7306072870401573e-05,0.11162433696570213,0.09041339277811555,1.1628579544471263,0.06857184497879909,0.003462671835941622,10685.718449787995
D1,50,1.0,W1,50,both,0.0,132,6.7261439732142865,0.37525481860364324,0.13456094939693297,1.937962528093369,0.26515151515151514,0.0073982761432514425,0.4258405887093469,0.09954322882573585,2.2337887758207597,0.9320877552915006,0.03412891147175223,19320.87755291504
D1,50,1.0,W1,50,both,1.0,132,6.7261439732142865,0.37525481860364324,0.13456094939693297,1.937962528093369,0.26515151515151514,0.0073982761432514425,0.4258405887093469,0.09954322882573585,2.2337887758207597,0.9320877552915006,0.03412891147175223,19320.87755291504
D1,50,1.0,W1,50,long,0.0,51,2.598737444196429,0.3061839182017801,0.1892099867614332,2.70196711611729,0.19607843137254902,0.014207142247555175,0.32517307434961423,0.11039219074980955,2.8054687913694605,0.48860992051626706,0.020479209471671034,14886.099205162682
D1,50,1.0,W1,50,long,1.0,51,2.598737444196429,0.3061839182017801,0.1892099867614332,2.70196711611729,0.19607843137254902,0.014207142247555175,0.32517307434961423,0.11039219074980955,2.8054687913694605,0.48860992051626706,0.020479209471671034,14886.099205162682
D1,50,1.0,W1,50,short,0.0,95,5.135230131715258,0.11587141124930286,0.14464274413530653,1.1655575541902476,0.28421052631578947,0.00131149378061807,0.22865295829958268,0.06799825933471726,1.386412651700433,0.15397815794769,0.0077715505152216036,11539.781579476912
D1,50,1.0,W1,50,short,1.0,95,5.135230131715258,0.11587141124930286,0.14464274413530653,1.1655575541902476,0.28421052631578947,0.00131149378061807,0.22865295829958268,0.06799825933471726,1.386412651700433,0.15397815794769,0.0077715505152216036,11539.781579476912
D1,50,1.0,W1,80,both,0.0,130,7.297141539880129,0.21676143311323598,0.26226910795905534,1.4954481363081973,0.16923076923076924,0.0042218088230757,0.2664175933787961,0.13198995567620286,1.6601235712433915,0.43406130986013314,0.020442262441388248,14340.61309860134
D1,50,1.0,W1,80,both,1.0,130,7.297141539880129,0.21676143311323598,0.26226910795905534,1.4954481363081973,0.16923076923076924,0.0042218088230757,0.2664175933787961,0.13198995567620286,1.6601235712433915,0.43406130986013314,0.020442262441388248,14340.61309860134
D1,50,1.0,W1,80,long,0.0,70,3.929230059935454,0.348071573667402,0.17736935351323735,2.7322847034558495,0.15714285714285714,0.01237950594212047,0.35549206839098346,0.1365684260166945,2.614208225215741,0.6202014668877123,0.02745662907976243,16202.01466887713
D1,50,1.0,W1,80,long,1.0,70,3.929230059935454,0.348071573667402,0.17736935351323735,2.7322847034558495,0.15714285714285714,0.01237950594212047,0.35549206839098346,0.1365684260166945,2.614208225215741,0.6202014668877123,0.02745662907976243,16202.01466887713
D1,50,1.0,W1,80,short,0.0,65,4.120314127039222,-0.15697662961477443,0.19407464304385114,0.8045426653912544,0.2,-0.0019989080254070317,-0.08421256473799793,0.08833535119747815,0.8849204014090764,-0.04328998975427156,-0.0028013658807571895,9567.100102457285
D1,50,1.0,W1,80,short,1.0,65,4.120314127039222,-0.15697662961477443,0.19407464304385114,0.8045426653912544,0.2,-0.0019989080254070317,-0.08421256473799793,0.08833535119747815,0.8849204014090764,-0.04328998975427156,-0.0028013658807571895,9567.100102457285
D1,50,1.0,W1,120,both,0.0,123,7.343208564890487,0.46641387034539755,0.16534372342745496,2.336697040773163,0.24390243902439024,0.01001853904368776,0.5063131323460235,0.08189060940258897,2.479807501351691,1.1564591691363613,0.04694687897168137,21564.591691363625
D1,50,1.0,W1,120,both,1.0,123,7.343208564890487,0.46641387034539755,0.16534372342745496,2.336697040773163,0.24390243902439024,0.01001853904368776,0.5063131323460235,0.08189060940258897,2.479807501351691,1.1564591691363613,0.04694687897168137,21564.591691363625
D1,50,1.0,W1,120,long,0.0,54,3.37673343605547,0.49938158229807367,0.16597095401373818,3.948628861107421,0.24074074074074073,0.02236759739850765,0.5118328789793508,0.08859083801267609,4.218684272680649,1.023947135380598,0.04507456253188358,20239.471353805984
D1,50,1.0,W1,120,long,1.0,54,3.37673343605547,0.49938158229807367,0.16597095401373818,3.948628861107421,0.24074074074074073,0.02236759739850765,0.5118328789793508,0.08859083801267609,4.218684272680649,1.023947135380598,0.04507456253188358,20239.471353805984
D1,50,1.0,W1,120,short,0.0,74,5.4768996960486325,-0.014604042486782124,0.14286925099591297,0.9802822671393859,0.24324324324324326,-0.00014602186451058595,0.0708737855330134,0.07854485404719735,1.1056074540858583,0.026895888564417714,0.001966254038176851,10268.958885644168
D1,50,1.0,W1,120,short,1.0,74,5.4768996960486325,-0.014604042486782124,0.14286925099591297,0.9802822671393859,0.24324324324324326,-0.00014602186451058595,0.0708737855330134,0.07854485404719735,1.1056074540858583,0.026895888564417714,0.001966254038176851,10268.958885644168
D1,50,5.0,none,0,both,0.0,51,2.505413584398117,-0.15540514940951697,0.3772392933258655,0.7497415854359727,0.21568627450980393,-0.0073557969254193405,-0.1551846179275097,0.07922853974922828,0.7469063007685641,-0.054610281716494735,-0.0027550040069931336,9453.897182835051
D1,50,5.0,none,0,both,1.0,51,2.505413584398117,-0.15540514940951697,0.3772392933258655,0.7497415854359727,0.21568627450980393,-0.0073557969254193405,-0.1551846179275097,0.07922853974922828,0.7469063007685641,-0.054610281716494735,-0.0027550040069931336,9453.897182835051
D1,50,5.0,none,0,long,0.0,50,2.392885220125786,0.29175219726124807,0.3612346778824854,1.9089036040271175,0.32,0.023370031714725768,0.3512704525553792,0.058293863150412184,2.831484913104448,0.31388200290821633,0.013150202145433276,13138.820029082153
D1,50,5.0,none,0,long,1.0,50,2.392885220125786,0.29175219726124807,0.3612346778824854,1.9089036040271175,0.32,0.023370031714725768,0.3512704525553792,0.058293863150412184,2.831484913104448,0.31388200290821633,0.013150202145433276,13138.820029082153
D1,50,5.0,none,0,short,0.0,50,2.456287827841291,-0.9358481884810504,0.728677943319448,0.2440718615239456,0.16,-0.0255646631290173,-0.7725760280103686,0.15356607111255927,0.293606246802427,-0.1574179530169496,-0.008379165150614765,8425.820469830505
D1,50,5.0,none,0,short,1.0,50,2.456287827841291,-0.9358481884810504,0.728677943319448,0.2440718615239456,0.16,-0.0255646631290173,-0.7725760280103686,0.15356607111255927,0.293606246802427,-0.1574179530169496,-0.008379165150614765,8425.820469830505
D1,50,5.0,W1,20,both,0.0,38,1.8303441909534486,-0.009412643930724178,0.47948743244542624,0.9775466430821879,0.23684210526315788,-0.000786112321513564,0.12161235799164373,0.08504511045863061,1.5794549132409434,0.0923620038329327,0.00426424683018678,10923.620038329325
D1,50,5.0,W1,20,both,1.0,38,1.8303441909534486,-0.009412643930724178,0.47948743244542624,0.9775466430821879,0.23684210526315788,-0.000786112321513564,0.12161235799164373,0.08504511045863061,1.5794549132409434,0.0923620038329327,0.00426424683018678,10923.620038329325
D1,50,5.0,W1,20,long,0.0,28,1.3486746670183305,0.21403716814471127,0.3051037100103482,1.913947202962277,0.35714285714285715,0.023265653055328468,0.24934422443859178,0.0408616987730096,3.0282037302014944,0.19703736874988254,0.008700439993521103,11970.373687498819
D1,50,5.0,W1,20,long,1.0,28,1.3486746670183305,0.21403716814471127,0.3051037100103482,1.913947202962277,0.35714285714285715,0.023265653055328468,0.24934422443859178,0.0408616987730096,3.0282037302014944,0.19703736874988254,0.008700439993521103,11970.373687498819
D1,50,5.0,W1,20,short,0.0,22,1.188331854480923,-0.5034228816756982,0.4345569311028564,0.3484526163715691,0.22727272727272727,-0.024971100760249065,-0.38627700649193997,0.06255558292181307,0.41392008585517237,-0.06357064578361615,-0.0035414894146653664,9364.29354216384
D1,50,5.0,W1,20,short,1.0,22,1.188331854480923,-0.5034228816756982,0.4345569311028564,0.3484526163715691,0.22727272727272727,-0.024971100760249065,-0.38627700649193997,0.06255558292181307,0.41392008585517237,-0.06357064578361615,-0.0035414894146653664,9364.29354216384
D1,50,5.0,W1,32,both,0.0,25,1.2797827610371408,0.06827964576754893,0.3540688983082718,1.2304808647845622,0.24,0.00790506558738567,0.1853178922080712,0.04627064661799185,2.4758135358231783,0.13838762325862342,0.006657114715275414,11383.87623258623
D1,50,5.0,W1,32,both,1.0,25,1.2797827610371408,0.06827964576754893,0.3540688983082718,1.2304808647845622,0.24,0.00790506558738567,0.1853178922080712,0.04627064661799185,2.4758135358231783,0.13838762325862342,0.006657114715275414,11383.87623258623
D1,50,5.0,W1,32,long,0.0,16,1.0,0.2477079680154561,0.19896187799030873,2.3333913075950052,0.375,0.039144673555006226,0.25837446504939576,0.027663515784357995,3.901375822606101,0.17342870089999995,0.00867090045067287,11734.287009
D1,50,5.0,W1,32,long,1.0,16,1.0,0.2477079680154561,0.19896187799030873,2.3333913075950052,0.375,0.039144673555006226,0.25837446504939576,0.027663515784357995,3.901375822606101,0.17342870089999995,0.00867090045067287,11734.287009
D1,50,5.0,W1,32,short,0.0,19,1.0262866015971606,-0.311765291944461,0.3191391706226122,0.4583378049531084,0.2631578947368421,-0.01690583336937153,-0.19878974572475047,0.03544937912781598,0.5785078523216706,-0.030661282663949407,-0.0016806792493592182,9693.387173360508
D1,50,5.0,W1,32,short,1.0,19,1.0262866015971606,-0.311765291944461,0.3191391706226122,0.4583378049531084,0.2631578947368421,-0.01690583336937153,-0.19878974572475047,0.03544937912781598,0.5785078523216706,-0.030661282663949407,-0.0016806792493592182,9693.387173360508
D1,50,5.0,W1,50,both,0.0,33,1.689313244569026,0.06899804560641781,0.37118591409763224,1.2083168979131422,0.2727272727272727,0.006113082481860436,0.1739131208379313,0.05499758935463728,2.135806018857379,0.12996386435271767,0.006274446117030319,11299.638643527174
D1,50,5.0,W1,50,both,1.0,33,1.689313244569026,0.06899804560641781,0.37118591409763224,1.2083168979131422,0.2727272727272727,0.006113082481860436,0.1739131208379313,0.05499758935463728,2.135806018857379,0.12996386435271767,0.006274446117030319,11299.638643527174
D1,50,5.0,W1,50,long,0.0,19,1.025679869937925,0.3410972175223637,0.11492413157283765,3.980147015106643,0.42105263157894735,0.046539146184465835,0.27622465263549456,0.019224494958403504,5.0312618849329125,0.19780261055833326,0.009790970821120126,11978.026105583336
D1,50,5.0,W1,50,long,1.0,19,1.025679869937925,0.3410972175223637,0.11492413157283765,3.980147015106643,0.42105263157894735,0.046539146184465835,0.27622465263549456,0.019224494958403504,5.0312618849329125,0.19780261055833326,0.009790970821120126,11978.026105583336
D1,50,5.0,W1,50,short,0.0,19,1.0262866015971606,-0.4531263276945623,0.4303954242136243,0.34023540614646897,0.21052631578947367,-0.025489058034865536,-0.30024297872269334,0.05404890852616606,0.45403203222059524,-0.047462858780615846,-0.0026231008186883287,9525.37141219384
D1,50,5.0,W1,50,short,1.0,19,1.0262866015971606,-0.4531263276945623,0.4303954242136243,0.34023540614646897,0.21052631578947367,-0.025489058034865536,-0.30024297872269334,0.05404890852616606,0.45403203222059524,-0.047462858780615846,-0.0026231008186883287,9525.37141219384
D1,50,5.0,W1,80,both,0.0,31,1.6734776825302986,0.14475776240952254,0.4342734517940896,1.4359474019185066,0.25806451612903225,0.014267765209262453,0.24210154764861147,0.05819432391805901,2.4367178782736545,0.18368425314166692,0.00914483800744037,11836.842531416665
D1,50,5.0,W1,80,both,1.0,31,1.6734776825302986,0.14475776240952254,0.4342734517940896,1.4359474019185066,0.25806451612903225,0.014267765209262453,0.24210154764861147,0.05819432391805901,2.4367178782736545,0.18368425314166692,0.00914483800744037,11836.842531416665
D1,50,5.0,W1,80,long,0.0,20,1.0796630209872895,0.372430874015551,0.18872525284162267,3.272595911968859,0.4,0.052782213157908875,0.3365567821947191,0.03187685411447494,4.607150107155266,0.24651837839166602,0.01196645504289262,12465.183783916666
D1,50,5.0,W1,80,long,1.0,20,1.0796630209872895,0.372430874015551,0.18872525284162267,3.272595911968859,0.4,0.052782213157908875,0.3365567821947191,0.03187685411447494,4.607150107155266,0.24651837839166602,0.01196645504289262,12465.183783916666
D1,50,5.0,W1,80,short,0.0,15,1.1308049535603715,-0.7145209567699715,0.4030902167707765,0.1923484203424329,0.2,-0.032322209538611514,-0.635783655544129,0.05103045841937759,0.2417166617523992,-0.05051897055833332,-0.00390041499253313,9494.810294416664
D1,50,5.0,W1,80,short,1.0,15,1.1308049535603715,-0.7145209567699715,0.4030902167707765,0.1923484203424329,0.2,-0.032322209538611514,-0.635783655544129,0.05103045841937759,0.2417166617523992,-0.05051897055833332,-0.00390041499253313,9494.810294416664
D1,50,5.0,W1,120,both,0.0,27,1.6090308370044053,0.2340729598113746,0.19253856776353662,1.9615996743386435,0.3333333333333333,0.02131974436213031,0.2796200911795043,0.02627404231739816,3.206254894090886,0.19585019394999992,0.010715787113368735,11958.501939500004
D1,50,5.0,W1,120,both,1.0,27,1.6090308370044053,0.2340729598113746,0.19253856776353662,1.9615996743386435,0.3333333333333333,0.02131974436213031,0.2796200911795043,0.02627404231739816,3.206254894090886,0.19585019394999992,0.010715787113368735,11958.501939500004
D1,50,5.0,W1,120,long,0.0,17,1.0583347537071757,0.2979390816412683,0.14847556031315967,3.2611282070288934,0.4117647058823529,0.0391917816525436,0.2985500508089912,0.023568658396302067,5.025732581085837,0.20055415335833304,0.011444157256524257,12005.541533583337
D1,50,5.0,W1,120,long,1.0,17,1.0583347537071757,0.2979390816412683,0.14847556031315967,3.2611282070288934,0.4117647058823529,0.0391917816525436,0.2985500508089912,0.023568658396302067,5.025732581085837,0.20055415335833304,0.011444157256524257,12005.541533583337
D1,50,5.0,W1,120,short,0.0,13,1.034928073234525,-0.19004205531511947,0.2010246239878708,0.6258157495457881,0.23076923076923078,-0.011202826039451188,-0.10202717690343716,0.029381725693108263,0.7707394855523977,-0.011598170691667131,-0.0009282937447547823,9884.018293083333
D1,50,5.0,W1,120,short,1.0,13,1.034928073234525,-0.19004205531511947,0.2010246239878708,0.6258157495457881,0.23076923076923078,-0.011202826039451188,-0.10202717690343716,0.029381725693108263,0.7707394855523977,-0.011598170691667131,-0.0009282937447547823,9884.018293083333
D1,50,1.5,none,0,both,0.0,200,9.49317738791423,0.08084170414584478,0.5491273714080522,1.1166701944096646,0.18,0.0012155240458486666,0.12436056617061489,0.19890270263417031,1.1805420174073737,0.11706450947039948,0.005268506429674469,11170.645094703981
D1,50,1.5,none,0,both,1.0,200,9.49317738791423,0.08084170414584478,0.5491273714080522,1.1166701944096646,0.18,0.0012155240458486666,0.12436056617061489,0.19890270263417031,1.1805420174073737,0.11706450947039948,0.005268506429674469,11170.645094703981
D1,50,1.5,none,0,long,0.0,187,8.899250814332248,0.4094481809207665,0.37890766504416473,1.826583851133078,0.20855614973262032,0.008174798503755232,0.449890882957813,0.18653298881272173,1.9715871884423881,1.022691655114727,0.03409172790562942,20226.916551147282
D1,50,1.5,none,0,long,1.0,187,8.899250814332248,0.4094481809207665,0.37890766504416473,1.826583851133078,0.20855614973262032,0.008174798503755232,0.449890882957813,0.18653298881272173,1.9715871884423881,1.022691655114727,0.03409172790562942,20226.916551147282
D1,50,1.5,none,0,short,0.0,187,9.06219318031047,-0.4905048890546334,0.5305887874617019,0.6287664311296617,0.1711229946524064,-0.003716405838921381,-0.3434291034203937,0.18315936410000266,0.7082338394085379,-0.17950554131824836,-0.009542085825602009,8204.944586817526
D1,50,1.5,none,0,short,1.0,187,9.06219318031047,-0.4905048890546334,0.5305887874617019,0.6287664311296617,0.1711229946524064,-0.003716405838921381,-0.3434291034203937,0.18315936410000266,0.7082338394085379,-0.17950554131824836,-0.009542085825602009,8204.944586817526
D1,50,1.5,W1,20,both,0.0,152,7.557582357745711,-0.07434090900938714,0.48250900963828325,0.8971074444553138,0.17763157894736842,-0.0009906648977544607,-0.046063049940912,0.2014428900856261,0.9290947831528132,-0.05330671518506047,-0.002720012871437194,9466.932848149387
D1,50,1.5,W1,20,both,1.0,152,7.557582357745711,-0.07434090900938714,0.48250900963828325,0.8971074444553138,0.17763157894736842,-0.0009906648977544607,-0.046063049940912,0.2014428900856261,0.9290947831528132,-0.05330671518506047,-0.002720012871437194,9466.932848149387
D1,50,1.5,W1,20,long,0.0,32,1.8915682149215083,0.37220838192308314,0.09912331477852332,3.7574092625581645,0.34375,0.01853012055220294,0.33084771916464023,0.051199754237303274,3.448752972631735,0.2297637802930299,0.012300603809223265,12297.637802930294
D1,50,1.5,W1,20,long,1.0,32,1.8915682149215083,0.37220838192308314,0.09912331477852332,3.7574092625581645,0.34375,0.01853012055220294,0.33084771916464023,0.051199754237303274,3.448752972631735,0.2297637802930299,0.012300603809223265,12297.637802930294
D1,50,1.5,W1,20,short,0.0,135,6.71232643615573,-0.9466180282774923,0.5992725891726594,0.3664637621661041,0.1259259259259259,-0.006575140451609857,-0.9223395530796148,0.26632959065605566,0.3732790005991964,-0.2684227360097473,-0.01542027111696398,7315.772639902523
D1,50,1.5,W1,20,short,1.0,135,6.71232643615573,-0.9466180282774923,0.5992725891726594,0.3664637621661041,0.1259259259259259,-0.006575140451609857,-0.9223395530796148,0.26632959065605566,0.3732790005991964,-0.2684227360097473,-0.01542027111696398,7315.772639902523
D1,50,1.5,W1,32,both,0.0,148,7.617953776775648,-0.19338112329381282,0.2902391667866888,0.8086120796235624,0.18243243243243243,-0.0018914180419952655,-0.12522271993784448,0.08496786421362634,0.8687314768408428,-0.07373675067536489,-0.003934878996689761,9262.63249324636
D1,50,1.5,W1,32,both,1.0,148,7.617953776775648,-0.19338112329381282,0.2902391667866888,0.8086120796235624,0.18243243243243243,-0.0018914180419952655,-0.12522271993784448,0.08496786421362634,0.8687314768408428,-0.07373675067536489,-0.003934878996689761,9262.63249324636
D1,50,1.5,W1,32,long,0.0,35,2.096384060347655,0.36890190524949157,0.11453120747265333,3.4260978479442343,0.2857142857142857,0.016231638152151256,0.3686729123105648,0.04138617146018575,3.7278186846971484,0.26377664714440585,0.014120859272743091,12637.766471444067
D1,50,1.5,W1,32,long,1.0,35,2.096384060347655,0.36890190524949157,0.11453120747265333,3.4260978479442343,0.2857142857142857,0.016231638152151256,0.3686729123105648,0.04138617146018575,3.7278186846971484,0.26377664714440585,0.014120859272743091,12637.766471444067
D1,50,1.5,W1,32,short,0.0,123,6.33113726042841,-0.3683976359701143,0.38618619516560104,0.6579443101352339,0.16260162601626016,-0.0035829878718958708,-0.23963989601112087,0.1246934381510788,0.7472210311521382,-0.11525598670797155,-0.006283360422772777,8847.440132920283
D1,50,1.5,W1,32,short,1.0,123,6.33113726042841,-0.3683976359701143,0.38618619516560104,0.6579443101352339,0.16260162601626016,-0.0035829878718958708,-0.23963989601112087,0.1246934381510788,0.7472210311521382,-0.11525598670797155,-0.006283360422772777,8847.440132920283
D1,50,1.5,W1,50,both,0.0,152,7.939081939081939,-0.03530047953487917,0.3112472398487208,0.9605038182865545,0.19078947368421054,-0.0003850444432123042,0.08860755607359577,0.09062908431668482,1.108872572797471,0.04803454593159073,0.0024534938959226427,10480.345459315913
D1,50,1.5,W1,50,both,1.0,152,7.939081939081939,-0.03530047953487917,0.3112472398487208,0.9605038182865545,0.19078947368421054,-0.0003850444432123042,0.08860755607359577,0.09062908431668482,1.108872572797471,0.04803454593159073,0.0024534938959226427,10480.345459315913
D1,50,1.5,W1,50,long,0.0,56,3.071171171171171,0.10078768956457816,0.20593042056860744,1.2239946762076341,0.19642857142857142,0.002199043227693683,0.15881537527545742,0.07475779294271934,1.3704606964239887,0.07157124791694236,0.0037982283122890426,10715.712479169426
D1,50,1.5,W1,50,long,1.0,56,3.071171171171171,0.10078768956457816,0.20593042056860744,1.2239946762076341,0.19642857142857142,0.002199043227693683,0.15881537527545742,0.07475779294271934,1.3704606964239887,0.07157124791694236,0.0037982283122890426,10715.712479169426
D1,50,1.5,W1,50,short,0.0,108,5.82845744680851,-0.27298606095989614,0.31589706390944794,0.7230131806018641,0.17592592592592593,-0.0028080483463306465,-0.12719131255828423,0.0963863020275828,0.8522383450389477,-0.05866726469988914,-0.003257464419297862,9413.327353001107
D1,50,1.5,W1,50,short,1.0,108,5.82845744680851,-0.27298606095989614,0.31589706390944794,0.7230131806018641,0.17592592592592593,-0.0028080483463306465,-0.12719131255828423,0.0963863020275828,0.8522383450389477,-0.05866726469988914,-0.003257464419297862,9413.327353001107
D1,50,1.5,W1,80,both,0.0,147,7.9684995547640245,0.265042632394873,0.33434316607400427,1.5601492691880576,0.17006802721088435,0.005406352155662954,0.2940111046464734,0.1468105260166952,1.6412340191773787,0.3716170374377685,0.017276584525610428,13716.170374377716
D1,50,1.5,W1,80,both,1.0,147,7.9684995547640245,0.265042632394873,0.33434316607400427,1.5601492691880576,0.17006802721088435,0.005406352155662954,0.2940111046464734,0.1468105260166952,1.6412340191773787,0.3716170374377685,0.017276584525610428,13716.170374377716
D1,50,1.5,W1,80,long,0.0,76,4.119768477292965,0.35879942333675713,0.2014730533915441,2.56662735844677,0.18421052631578946,0.01335169063523881,0.37702634945156094,0.10057705759580726,2.5086866638619014,0.4787282695162822,0.021431438259867486,14787.282695162821
D1,50,1.5,W1,80,long,1.0,76,4.119768477292965,0.35879942333675713,0.2014730533915441,2.56662735844677,0.18421052631578946,0.01335169063523881,0.37702634945156094,0.10057705759580726,2.5086866638619014,0.4787282695162822,0.021431438259867486,14787.282695162821
D1,50,1.5,W1,80,short,0.0,78,4.945235202221837,-0.35293161720680927,0.3264271115879903,0.6449780614463115,0.15384615384615385,-0.003949335683128155,-0.35997991010744335,0.11855246400503483,0.6362910252251338,-0.1033785156737036,-0.006894474732547118,8966.214843262967
D1,50,1.5,W1,80,short,1.0,78,4.945235202221837,-0.35293161720680927,0.3264271115879903,0.6449780614463115,0.15384615384615385,-0.003949335683128155,-0.35997991010744335,0.11855246400503483,0.6362910252251338,-0.1033785156737036,-0.006894474732547118,8966.214843262967
D1,50,1.5,W1,120,both,0.0,139,8.295710784313725,0.44173667413240725,0.21793107253472976,1.9984165671038916,0.2014388489208633,0.008722802714777333,0.4806251168872739,0.09670542836990381,1.9697978047529336,0.5431597913029387,0.026229798470468912,15431.597913029378
D1,50,1.5,W1,120,both,1.0,139,8.295710784313725,0.44173667413240725,0.21793107253472976,1.9984165671038916,0.2014388489208633,0.008722802714777333,0.4806251168872739,0.09670542836990381,1.9697978047529336,0.5431597913029387,0.026229798470468912,15431.597913029378
D1,50,1.5,W1,120,long,0.0,61,3.696739671478348,0.5233085775037927,0.13380410120364838,3.611034990165701,0.2459016393442623,0.021596732209383955,0.5313384995397088,0.04095324912727272,4.125186006938886,0.7277065957253965,0.03369216668053032,17277.065957253963
D1,50,1.5,W1,120,long,1.0,61,3.696739671478348,0.5233085775037927,0.13380410120364838,3.611034990165701,0.2459016393442623,0.021596732209383955,0.5313384995397088,0.04095324912727272,4.125186006938886,0.7277065957253965,0.03369216668053032,17277.065957253963
D1,50,1.5,W1,120,short,0.0,80,5.91497975708502,-0.17170459941926397,0.1911524197449993,0.8078256337813828,0.1625,-0.0017987830844270164,-0.10855306354873508,0.08134968288371902,0.8658672647428687,-0.042625408578302215,-0.003215565476068827,9573.745914216968
D1,50,1.5,W1,120,short,1.0,80,5.91497975708502,-0.17170459941926397,0.1911524197449993,0.8078256337813828,0.1625,-0.0017987830844270164,-0.10855306354873508,0.08134968288371902,0.8658672647428687,-0.042625408578302215,-0.003215565476068827,9573.745914216968
D1,50,4.0,none,0,both,0.0,76,3.793249521727248,-0.5776790069069209,0.6317451395556366,0.4469876216271358,0.21052631578947367,-0.012412817194195295,-0.37510188493535074,0.10628586834260245,0.5590327214972575,-0.10851277248673263,-0.005716603643658336,8914.872275132682
D1,50,4.0,none,0,both,1.0,76,3.793249521727248,-0.5776790069069209,0.6317451395556366,0.4469876216271358,0.21052631578947367,-0.012412817194195295,-0.37510188493535074,0.10628586834260245,0.5590327214972575,-0.10851277248673263,-0.005716603643658336,8914.872275132682
D1,50,4.0,none,0,long,0.0,75,3.582755689249281,0.27683919032540605,0.33590232848024193,1.9239797006008859,0.3466666666666667,0.016829308359192566,0.32467056639440206,0.04960136376366431,2.7792605054743644,0.3526069171726931,0.01453276512976509,13526.06917172693
D1,50,4.0,none,0,long,1.0,75,3.582755689249281,0.27683919032540605,0.33590232848024193,1.9239797006008859,0.3466666666666667,0.016829308359192566,0.32467056639440206,0.04960136376366431,2.7792605054743644,0.3526069171726931,0.01453276512976509,13526.06917172693
D1,50,4.0,none,0,short,0.0,75,3.7433383438097843,-1.0158279539873007,0.7467171121345998,0.26192293745834694,0.14666666666666667,-0.01777851812556385,-0.8418776027297465,0.17359871129478466,0.3005160137569737,-0.17565788926830428,-0.009594996321079519,8243.421107316959
D1,50,4.0,none,0,short,1.0,75,3.7433383438097843,-1.0158279539873007,0.7467171121345998,0.26192293745834694,0.14666666666666667,-0.01777851812556385,-0.8418776027297465,0.17359871129478466,0.3005160137569737,-0.17565788926830428,-0.009594996321079519,8243.421107316959
D1,50,4.0,W1,20,both,0.0,52,2.6335274542429286,-0.14785232423375416,0.3691866872746773,0.7459631466550982,0.23076923076923078,-0.005574081652488105,-0.19328537303173735,0.07991780417034455,0.6811428144161573,-0.053768069691666254,-0.0027950991908772815,9462.319303083332
D1,50,4.0,W1,20,both,1.0,52,2.6335274542429286,-0.14785232423375416,0.3691866872746773,0.7459631466550982,0.23076923076923078,-0.005574081652488105,-0.19328537303173735,0.07991780417034455,0.6811428144161573,-0.053768069691666254,-0.0027950991908772815,9462.319303083332
D1,50,4.0,W1,20,long,0.0,32,1.8467372412703429,0.23108488453348303,0.18815938876794647,1.8460470649284662,0.40625,0.015728870180423047,0.29849799678750166,0.02164816131432523,2.695632156000507,0.1267808392196439,0.006912385174772107,11267.808392196443
D1,50,4.0,W1,20,long,1.0,32,1.8467372412703429,0.23108488453348303,0.18815938876794647,1.8460470649284662,0.40625,0.015728870180423047,0.29849799678750166,0.02164816131432523,2.695632156000507,0.1267808392196439,0.006912385174772107,11267.808392196443
D1,50,4.0,W1,20,short,0.0,38,1.946633941093969,-0.6886793440992172,0.533378074197433,0.2788837223006695,0.15789473684210525,-0.019703917146537266,-0.6084014128942072,0.10008406209770504,0.3010163872709706,-0.10447511305000035,-0.00563673370393547,8955.248869500001
D1,50,4.0,W1,20,short,1.0,38,1.946633941093969,-0.6886793440992172,0.533378074197433,0.2788837223006695,0.15789473684210525,-0.019703917146537266,-0.6084014128942072,0.10008406209770504,0.3010163872709706,-0.10447511305000035,-0.00563673370393547,8955.248869500001
D1,50,4.0,W1,32,both,0.0,40,2.1670127558587957,-0.6013737161120234,0.44088677782140573,0.34155259668702637,0.225,-0.013929787747996381,-0.5056573084305086,0.06571388087006691,0.39385779665394194,-0.06588461075833318,-0.003685527110772413,9341.15389241667
D1,50,4.0,W1,32,both,1.0,40,2.1670127558587957,-0.6013737161120234,0.44088677782140573,0.34155259668702637,0.225,-0.013929787747996381,-0.5056573084305086,0.06571388087006691,0.39385779665394194,-0.06588461075833318,-0.003685527110772413,9341.15389241667
D1,50,4.0,W1,32,long,0.0,26,1.4133799672570322,-0.7604212396530607,0.3574165028448367,0.1773906069625406,0.15384615384615385,-0.01745523680950399,-0.6081875758719303,0.05199653637511392,0.22578758377338365,-0.054027926650000224,-0.0030147647819056544,9459.720733500002
D1,50,4.0,W1,32,long,1.0,26,1.4133799672570322,-0.7604212396530607,0.3574165028448367,0.1773906069625406,0.15384615384615385,-0.01745523680950399,-0.6081875758719303,0.05199653637511392,0.22578758377338365,-0.054027926650000224,-0.0030147647819056544,9459.720733500002
D1,50,4.0,W1,32,short,0.0,27,1.4564687638458131,-0.6161233821354195,0.40000191849965505,0.287318050549821,0.2222222222222222,-0.018230363951133203,-0.5723128948678528,0.06670107025907757,0.29534448415041714,-0.06687161975000022,-0.0037265881236573373,9331.283802500002
D1,50,4.0,W1,32,short,1.0,27,1.4564687638458131,-0.6161233821354195,0.40000191849965505,0.287318050549821,0.2222222222222222,-0.018230363951133203,-0.5723128948678528,0.06670107025907757,0.29534448415041714,-0.06687161975000022,-0.0037265881236573373,9331.283802500002
D1,50,4.0,W1,50,both,0.0,48,2.589277802392557,-0.2887278718286977,0.37524140665490235,0.6116772211704796,0.2708333333333333,-0.007552533483057931,-0.11269768629016504,0.04494532791764805,0.8050842505518934,-0.025402158249999918,-0.0013870175747734415,9745.978417500002
D1,50,4.0,W1,50,both,1.0,48,2.589277802392557,-0.2887278718286977,0.37524140665490235,0.6116772211704796,0.2708333333333333,-0.007552533483057931,-0.11269768629016504,0.04494532791764805,0.8050842505518934,-0.025402158249999918,-0.0013870175747734415,9745.978417500002
D1,50,4.0,W1,50,long,0.0,28,1.5273297491039426,0.07489348035657324,0.1271213541708771,1.1894880778393544,0.39285714285714285,0.0028939143239731604,0.17790053261583857,0.015116347968650912,1.5831087981662653,0.03228586039166648,0.001734783630343406,10322.858603916666
D1,50,4.0,W1,50,long,1.0,28,1.5273297491039426,0.07489348035657324,0.1271213541708771,1.1894880778393544,0.39285714285714285,0.0028939143239731604,0.17790053261583857,0.015116347968650912,1.5831087981662653,0.03228586039166648,0.001734783630343406,10322.858603916666
D1,50,4.0,W1,50,short,0.0,25,1.3485821887461233,-0.6658215776421811,0.37203670218375395,0.24040248547193266,0.16,-0.018077108601649426,-0.5831497817276748,0.06177803223131306,0.2481849247514947,-0.06194948134999989,-0.0034438091687446493,9380.505186500002
D1,50,4.0,W1,50,short,1.0,25,1.3485821887461233,-0.6658215776421811,0.37203670218375395,0.24040248547193266,0.16,-0.018077108601649426,-0.5831497817276748,0.06177803223131306,0.2481849247514947,-0.06194948134999989,-0.0034438091687446493,9380.505186500002
D1,50,4.0,W1,80,both,0.0,50,2.716825349598334,0.27164086159809203,0.19663880715967308,2.2778623649012935,0.32,0.020782665073857273,0.278286892530649,0.029965688486490505,3.2678115158705667,0.26239247312499914,0.01274136758961597,12623.924731250001
D1,50,4.0,W1,80,both,1.0,50,2.716825349598334,0.27164086159809203,0.19663880715967308,2.2778623649012935,0.32,0.020782665073857273,0.278286892530649,0.029965688486490505,3.2678115158705667,0.26239247312499914,0.01274136758961597,12623.924731250001
D1,50,4.0,W1,80,long,0.0,32,1.7387682237429336,0.3491790449309866,0.15217986037966102,3.690239564074898,0.40625,0.04078759400946735,0.3151652301791066,0.022418618470068874,4.901130857384332,0.29295071635833314,0.014058417875108198,12929.507163583334
D1,50,4.0,W1,80,long,1.0,32,1.7387682237429336,0.3491790449309866,0.15217986037966102,3.690239564074898,0.40625,0.04078759400946735,0.3151652301791066,0.022418618470068874,4.901130857384332,0.29295071635833314,0.014058417875108198,12929.507163583334
D1,50,4.0,W1,80,short,0.0,21,1.4719343696027634,-0.43117856773815394,0.23876206598486538,0.39541418874548667,0.23809523809523808,-0.011071975396813559,-0.3652812955548886,0.03022338321848128,0.43987552693229465,-0.027650761183333428,-0.0019634695230816845,9723.49238816667
D1,50,4.0,W1,80,short,1.0,21,1.4719343696027634,-0.43117856773815394,0.23876206598486538,0.39541418874548667,0.23809523809523808,-0.011071975396813559,-0.3652812955548886,0.03022338321848128,0.43987552693229465,-0.027650761183333428,-0.0019634695230816845,9723.49238816667
D1,50,4.0,W1,120,both,0.0,45,2.79338035350102,0.26640218238929053,0.2372539635362242,2.42228792423273,0.3333333333333333,0.019920226285437485,0.2794074434332877,0.03312934073570062,3.419917020434646,0.24435278978638153,0.013663084448529261,12443.527897863823
D1,50,4.0,W1,120,both,1.0,45,2.79338035350102,0.26640218238929053,0.2372539635362242,2.42228792423273,0.3333333333333333,0.019920226285437485,0.2794074434332877,0.03312934073570062,3.419917020434646,0.24435278978638153,0.013663084448529261,12443.527897863823
D1,50,4.0,W1,120,long,0.0,27,1.676028212100612,0.2994392161916047,0.16641729693055585,3.765784692176616,0.37037037037037035,0.036582081019400366,0.2993585947167123,0.023309938100579797,5.331549645390501,0.259156425803049,0.01440751617933711,12591.564258030492
D1,50,4.0,W1,120,long,1.0,27,1.676028212100612,0.2994392161916047,0.16641729693055585,3.765784692176616,0.37037037037037035,0.036582081019400366,0.2993585947167123,0.023309938100579797,5.331549645390501,0.259156425803049,0.01440751617933711,12591.564258030492
D1,50,4.0,W1,120,short,0.0,19,1.897143247676326,-0.26028331257119347,0.14130687740125603,0.6129170728197093,0.2631578947368421,-0.00604397721686106,-0.2676869421157273,0.02122744796348308,0.6034515891396047,-0.017726022116667073,-0.001784218245224678,9822.739778833331
D1,50,4.0,W1,120,short,1.0,19,1.897143247676326,-0.26028331257119347,0.14130687740125603,0.6129170728197093,0.2631578947368421,-0.00604397721686106,-0.2676869421157273,0.02122744796348308,0.6034515891396047,-0.017726022116667073,-0.001784218245224678,9822.739778833331
D1,50,3.0,none,0,both,0.0,128,6.0748440748440755,0.11291052779684609,0.496285995001004,1.2926093750804992,0.28125,0.0036414900658549923,0.2048826374293111,0.09027635054665117,1.8565049624152714,0.21307016882037977,0.009209203357302354,12130.701688203808
D1,50,3.0,none,0,both,1.0,128,6.0748440748440755,0.11291052779684609,0.496285995001004,1.2926093750804992,0.28125,0.0036414900658549923,0.2048826374293111,0.09027635054665117,1.8565049624152714,0.21307016882037977,0.009209203357302354,12130.701688203808
D1,50,3.0,none,0,long,0.0,126,6.019029557938792,0.3494299480090091,0.3222918766551124,2.1531780999210333,0.3333333333333333,0.01243461456202839,0.4074213952063825,0.06945494829618559,2.7329836229078177,0.4630143035696721,0.0183426585667541,14630.143035696738
D1,50,3.0,none,0,long,1.0,126,6.019029557938792,0.3494299480090091,0.3222918766551124,2.1531780999210333,0.3333333333333333,0.01243461456202839,0.4074213952063825,0.06945494829618559,2.7329836229078177,0.4630143035696721,0.0183426585667541,14630.143035696738
D1,50,3.0,none,0,short,0.0,126,6.2948297086581855,-0.7300355576052352,0.6493435458388108,0.43807188140096814,0.1746031746031746,-0.008035559652782725,-0.5955317074208933,0.14529794204856317,0.49080737815050035,-0.1479600622492907,-0.00796761240742705,8520.399377507094
D1,50,3.0,none,0,short,1.0,126,6.2948297086581855,-0.7300355576052352,0.6493435458388108,0.43807188140096814,0.1746031746031746,-0.008035559652782725,-0.5955317074208933,0.14529794204856317,0.49080737815050035,-0.1479600622492907,-0.00796761240742705,8520.399377507094
D1,50,3.0,W1,20,both,0.0,93,4.702138704318937,-0.2721013584875325,0.520289157075478,0.6586623880586928,0.1935483870967742,-0.004608064766213377,-0.19898808005683352,0.12383958457389665,0.6933878645857857,-0.06767752072590416,-0.0035368434825180373,9323.22479274095
D1,50,3.0,W1,20,both,1.0,93,4.702138704318937,-0.2721013584875325,0.520289157075478,0.6586623880586928,0.1935483870967742,-0.004608064766213377,-0.19898808005683352,0.12383958457389665,0.6933878645857857,-0.06767752072590416,-0.0035368434825180373,9323.22479274095
D1,50,3.0,W1,20,long,0.0,37,2.2223729649728665,0.31942462942840716,0.12556087483231704,2.055811375099493,0.35135135135135137,0.010688293378604415,0.35350771824971683,0.020187607547407227,2.9078563227654604,0.11660951399166763,0.006646879361497993,11166.095139916672
D1,50,3.0,W1,20,long,1.0,37,2.2223729649728665,0.31942462942840716,0.12556087483231704,2.055811375099493,0.35135135135135137,0.010688293378604415,0.35350771824971683,0.020187607547407227,2.9078563227654604,0.11660951399166763,0.006646879361497993,11166.095139916672
D1,50,3.0,W1,20,short,0.0,70,3.5407145824678024,-0.5906713484268885,0.48760377466964744,0.38116797786975365,0.15714285714285714,-0.009207294742352583,-0.5911710531729478,0.11304540428954257,0.37031718393053403,-0.10862255038423818,-0.005799365073023588,8913.774496157615
D1,50,3.0,W1,20,short,1.0,70,3.5407145824678024,-0.5906713484268885,0.48760377466964744,0.38116797786975365,0.15714285714285714,-0.009207294742352583,-0.5911710531729478,0.11304540428954257,0.37031718393053403,-0.10862255038423818,-0.005799365073023588,8913.774496157615
D1,50,3.0,W1,32,both,0.0,83,4.4243651488616464,0.14053985410110903,0.23917592885168826,1.2289037339634412,0.3253012048192771,0.002674387226759255,0.15839498125589213,0.04986921213730677,1.2678849856810563,0.04235643696343816,0.0022137740659884386,10423.564369634372
D1,50,3.0,W1,32,both,1.0,83,4.4243651488616464,0.14053985410110903,0.23917592885168826,1.2289037339634412,0.3253012048192771,0.002674387226759255,0.15839498125589213,0.04986921213730677,1.2678849856810563,0.04235643696343816,0.0022137740659884386,10423.564369634372
D1,50,3.0,W1,32,long,0.0,42,2.2388353765323994,0.2948486307203002,0.13851906986982,1.8354799481165305,0.4523809523809524,0.008351237054453505,0.3314157840970811,0.02187046725182673,2.0595597737195326,0.06941073950833387,0.0035836269729279113,10694.107395083332
D1,50,3.0,W1,32,long,1.0,42,2.2388353765323994,0.2948486307203002,0.13851906986982,1.8354799481165305,0.4523809523809524,0.008351237054453505,0.3314157840970811,0.02187046725182673,2.0595597737195326,0.06941073950833387,0.0035836269729279113,10694.107395083332
D1,50,3.0,W1,32,short,0.0,59,3.1751510240165017,-0.26860698488578943,0.25953635249906737,0.6346643082483877,0.2033898305084746,-0.00494420442533852,-0.22894816698225168,0.055836104671585174,0.6760850956683819,-0.045007353625905244,-0.0024752519680414364,9549.92646374095
D1,50,3.0,W1,32,short,1.0,59,3.1751510240165017,-0.26860698488578943,0.25953635249906737,0.6346643082483877,0.2033898305084746,-0.00494420442533852,-0.22894816698225168,0.055836104671585174,0.6760850956683819,-0.045007353625905244,-0.0024752519680414364,9549.92646374095
D1,50,3.0,W1,50,both,0.0,91,4.954941860465117,-0.31427563477771114,0.4294811226647449,0.6675773824705935,0.26373626373626374,-0.003901471555865783,-0.11496362374854248,0.07703400489262191,0.8432785538183966,-0.028273755761561326,-0.0015604675768315923,9717.262442384377
D1,50,3.0,W1,50,both,1.0,91,4.954941860465117,-0.31427563477771114,0.4294811226647449,0.6675773824705935,0.26373626373626374,-0.003901471555865783,-0.11496362374854248,0.07703400489262191,0.8432785538183966,-0.028273755761561326,-0.0015604675768315923,9717.262442384377
D1,50,3.0,W1,50,long,0.0,50,2.820898980537535,-0.04420958631629846,0.28143988660960906,0.9215447157718282,0.32,-0.0008577408535655467,0.14539505079954718,0.04430173787055436,1.4291183833276628,0.03659628287500105,0.0020298629269037693,10365.962828750005
D1,50,3.0,W1,50,long,1.0,50,2.820898980537535,-0.04420958631629846,0.28143988660960906,0.9215447157718282,0.32,-0.0008577408535655467,0.14539505079954718,0.04430173787055436,1.4291183833276628,0.03659628287500105,0.0020298629269037693,10365.962828750005
D1,50,3.0,W1,50,short,0.0,51,2.7769454382826475,-0.4988884978934185,0.3335254590379244,0.4606239952416685,0.19607843137254902,-0.007328307980150291,-0.4758768277112545,0.05803818426704377,0.47452211868560046,-0.059501323969895714,-0.003334659462253864,9404.986760301043
D1,50,3.0,W1,50,short,1.0,51,2.7769454382826475,-0.4988884978934185,0.3335254590379244,0.4606239952416685,0.19607843137254902,-0.007328307980150291,-0.4758768277112545,0.05803818426704377,0.47452211868560046,-0.059501323969895714,-0.003334659462253864,9404.986760301043
D1,50,3.0,W1,80,both,0.0,90,4.8656749555950265,0.27304832923801964,0.24918500122636256,2.0499512939844924,0.3,0.012165430624288086,0.3114259812567162,0.059134134600432264,2.6754050621450816,0.3132188015717705,0.014840205821620822,13132.188015717711
D1,50,3.0,W1,80,both,1.0,90,4.8656749555950265,0.27304832923801964,0.24918500122636256,2.0499512939844924,0.3,0.012165430624288086,0.3114259812567162,0.059134134600432264,2.6754050621450816,0.3132188015717705,0.014840205821620822,13132.188015717711
D1,50,3.0,W1,80,long,0.0,52,2.811278863232682,0.36710404644965006,0.15374933688768555,3.6354398295966566,0.40384615384615385,0.027710371460528956,0.3903927465304999,0.02933209261754366,4.657025101276878,0.3839301777833348,0.01772176786353863,13839.301777833334
D1,50,3.0,W1,80,long,1.0,52,2.811278863232682,0.36710404644965006,0.15374933688768555,3.6354398295966566,0.40384615384615385,0.027710371460528956,0.3903927465304999,0.02933209261754366,4.657025101276878,0.3839301777833348,0.01772176786353863,13839.301777833334
D1,50,3.0,W1,80,short,0.0,43,2.7961100231440272,-0.48021928298898825,0.26964873961444347,0.4621732500407873,0.18604651162790697,-0.0073527400629933015,-0.4134106575295881,0.043794618345157854,0.5032611192848928,-0.045114809042571924,-0.0029973613208679195,9548.851909574283
D1,50,3.0,W1,80,short,1.0,43,2.7961100231440272,-0.48021928298898825,0.26964873961444347,0.4621732500407873,0.18604651162790697,-0.0073527400629933015,-0.4134106575295881,0.043794618345157854,0.5032611192848928,-0.045114809042571924,-0.0029973613208679195,9548.851909574283
D1,50,3.0,W1,120,both,0.0,87,5.241093518060366,0.3469192581532132,0.20503942293566635,2.329971771353611,0.3218390804597701,0.0145993317431977,0.34406654094090344,0.040267680741320144,2.756013470642061,0.3183735243113377,0.016790341525990238,13183.735243113384
D1,50,3.0,W1,120,both,1.0,87,5.241093518060366,0.3469192581532132,0.20503942293566635,2.329971771353611,0.3218390804597701,0.0145993317431977,0.34406654094090344,0.040267680741320144,2.756013470642061,0.3183735243113377,0.016790341525990238,13183.735243113384
D1,50,3.0,W1,120,long,0.0,45,2.7109104403760513,0.35277146491252487,0.1863846996212356,3.683072416660856,0.4,0.027447200880054996,0.3442675220373243,0.03909684580340811,4.53211309946128,0.3117343445030045,0.016481141291051493,13117.343445030056
D1,50,3.0,W1,120,long,1.0,45,2.7109104403760513,0.35277146491252487,0.1863846996212356,3.683072416660856,0.4,0.027447200880054996,0.3442675220373243,0.03909684580340811,4.53211309946128,0.3117343445030045,0.016481141291051493,13117.343445030056
D1,50,3.0,W1,120,short,0.0,43,3.2190510350481656,0.02238198700089965,0.1657115141891986,1.040147222458984,0.23255813953488372,0.00047546230352129995,0.054325329626201145,0.028057637951335868,1.101299001625174,0.008055682933333363,0.0006008260855989711,10080.556829333329
D1,50,3.0,W1,120,short,1.0,43,3.2190510350481656,0.02238198700089965,0.1657115141891986,1.040147222458984,0.23255813953488372,0.00047546230352129995,0.054325329626201145,0.028057637951335868,1.101299001625174,0.008055682933333363,0.0006008260855989711,10080.556829333329
D1,50,2.5,none,0,both,0.0,158,7.676177174780527,-0.3442993968637836,0.5376600490480292,0.6797582698806237,0.20253164556962025,-0.0037872916291549798,-0.1529510939674565,0.11313925157975269,0.827745192676841,-0.06488508491011313,-0.0032539532212609856,9351.149150898873
D1,50,2.5,none,0,both,1.0,158,7.676177174780527,-0.3442993968637836,0.5376600490480292,0.6797582698806237,0.20253164556962025,-0.0037872916291549798,-0.1529510939674565,0.11313925157975269,0.827745192676841,-0.06488508491011313,-0.0032539532212609856,9351.149150898873
D1,50,2.5,none,0,long,0.0,156,7.44726179584368,0.4084142422289618,0.37352113200109704,1.96107412849975,0.2692307692307692,0.009777447854793163,0.44422874510351107,0.08965833813056934,2.307776099829729,0.5516420975869272,0.021193803385312737,15516.420975869272
D1,50,2.5,none,0,long,1.0,156,7.44726179584368,0.4084142422289618,0.37352113200109704,1.96107412849975,0.2692307692307692,0.009777447854793163,0.44422874510351107,0.08965833813056934,2.307776099829729,0.5516420975869272,0.021193803385312737,15516.420975869272
D1,50,2.5,none,0,short,0.0,156,7.579010375099761,-0.7061356956525717,0.6266764508475623,0.48658711805590454,0.17307692307692307,-0.0060019417224773325,-0.7286070052617787,0.186774086463668,0.4730522451004643,-0.185822296206563,-0.009937900933141841,8141.777037934372
D1,50,2.5,none,0,short,1.0,156,7.579010375099761,-0.7061356956525717,0.6266764508475623,0.48658711805590454,0.17307692307692307,-0.0060019417224773325,-0.7286070052617787,0.186774086463668,0.4730522451004643,-0.185822296206563,-0.009937900933141841,8141.777037934372
D1,50,2.5,W1,20,both,0.0,119,5.846751412429379,-0.5370903512418099,0.5120667613687448,0.5121106955787332,0.20168067226890757,-0.005611168351350141,-0.5710411339588772,0.15774689197782565,0.4755424703495539,-0.14518950119918628,-0.007678035125874616,8548.104988008141
D1,50,2.5,W1,20,both,1.0,119,5.846751412429379,-0.5370903512418099,0.5120667613687448,0.5121106955787332,0.20168067226890757,-0.005611168351350141,-0.5710411339588772,0.15774689197782565,0.4755424703495539,-0.14518950119918628,-0.007678035125874616,8548.104988008141
D1,50,2.5,W1,20,long,0.0,38,2.181625275070733,0.11632723615543826,0.09691263819445817,1.3079231501151376,0.2894736842105263,0.0030167445797026405,0.17067652691717292,0.025691976435656905,1.5960280106573617,0.042996508667105804,0.0024198095229632788,10429.965086671056
D1,50,2.5,W1,20,long,1.0,38,2.181625275070733,0.11632723615543826,0.09691263819445817,1.3079231501151376,0.2894736842105263,0.0030167445797026405,0.17067652691717292,0.025691976435656905,1.5960280106573617,0.042996508667105804,0.0024198095229632788,10429.965086671056
D1,50,2.5,W1,20,short,0.0,94,4.622795206678336,-0.668012445075222,0.4947633371965554,0.40105629289399775,0.1595744680851064,-0.007021259496627233,-0.631721060197042,0.1520876036696699,0.3835293851405545,-0.14141504015795814,-0.007470212720403158,8585.849598420422
D1,50,2.5,W1,20,short,1.0,94,4.622795206678336,-0.668012445075222,0.4947633371965554,0.40105629289399775,0.1595744680851064,-0.007021259496627233,-0.631721060197042,0.1520876036696699,0.3835293851405545,-0.14141504015795814,-0.007470212720403158,8585.849598420422
D1,50,2.5,W1,32,both,0.0,108,5.6441551008728,-0.1225836914881183,0.3498525204615016,0.8460057045472823,0.24074074074074073,-0.0017335575338483468,-0.09594352417693135,0.08585360052805235,0.8736339784762546,-0.03405503146445654,-0.0018091118311102106,9659.449685355425
D1,50,2.5,W1,32,both,1.0,108,5.6441551008728,-0.1225836914881183,0.3498525204615016,0.8460057045472823,0.24074074074074073,-0.0017335575338483468,-0.09594352417693135,0.08585360052805235,0.8736339784762546,-0.03405503146445654,-0.0018091118311102106,9659.449685355425
D1,50,2.5,W1,32,long,0.0,44,2.3714032757857457,0.1973008901722055,0.13935270071744055,1.565753105869958,0.36363636363636365,0.005437201349833261,0.13545680066640078,0.03165418238938966,1.3289700008435137,0.03289780652988328,0.0017460268355131703,10328.978065298823
D1,50,2.5,W1,32,long,1.0,44,2.3714032757857457,0.1973008901722055,0.13935270071744055,1.565753105869958,0.36363636363636365,0.005437201349833261,0.13545680066640078,0.03165418238938966,1.3289700008435137,0.03289780652988328,0.0017460268355131703,10328.978065298823
D1,50,2.5,W1,32,short,0.0,78,4.073420074349443,-0.463374227189867,0.3860310313850689,0.5193280810257049,0.16666666666666666,-0.005728542623889063,-0.3931468500556137,0.10384902387061401,0.536417530976628,-0.08957200838989643,-0.004888673559870771,9104.279916101037
D1,50,2.5,W1,32,short,1.0,78,4.073420074349443,-0.463374227189867,0.3860310313850689,0.5193280810257049,0.16666666666666666,-0.005728542623889063,-0.3931468500556137,0.10384902387061401,0.536417530976628,-0.08957200838989643,-0.004888673559870771,9104.279916101037
D1,50,2.5,W1,50,both,0.0,118,6.08664030504166,-0.03903798566756581,0.5256598780543632,0.9324853741198781,0.22033898305084745,-0.0007699783209290228,0.08262757247030753,0.13271414545668037,1.2351751411924359,0.05152475488841235,0.00259489030446991,10515.24754888412
D1,50,2.5,W1,50,both,1.0,118,6.08664030504166,-0.03903798566756581,0.5256598780543632,0.9324853741198781,0.22033898305084745,-0.0007699783209290228,0.08262757247030753,0.13271414545668037,1.2351751411924359,0.05152475488841235,0.00259489030446991,10515.24754888412
D1,50,2.5,W1,50,long,0.0,64,3.3586206896551722,0.16512601783066935,0.3422763899805449,1.5491452601492275,0.265625,0.005774237926731806,0.2579478571219708,0.06715826925629687,2.395784490356358,0.18402799115915403,0.008904182217224443,11840.279911591526
D1,50,2.5,W1,50,long,1.0,64,3.3586206896551722,0.16512601783066935,0.3422763899805449,1.5491452601492275,0.265625,0.005774237926731806,0.2579478571219708,0.06715826925629687,2.395784490356358,0.18402799115915403,0.008904182217224443,11840.279911591526
D1,50,2.5,W1,50,short,0.0,65,3.5461165048543686,-0.3244022224593197,0.2709541907221661,0.6127722203344091,0.18461538461538463,-0.004423186887421878,-0.2684743029450844,0.07071385629545879,0.6308213678188509,-0.05735204231240776,-0.0032170006033074294,9426.479576875925
D1,50,2.5,W1,50,short,1.0,65,3.5461165048543686,-0.3244022224593197,0.2709541907221661,0.6127722203344091,0.18461538461538463,-0.004423186887421878,-0.2684743029450844,0.07071385629545879,0.6308213678188509,-0.05735204231240776,-0.0032170006033074294,9426.479576875925
D1,50,2.5,W1,80,both,0.0,117,6.305776892430279,0.17928852558521788,0.4074695505138757,1.3854621815476156,0.2222222222222222,0.004484050706112678,0.26201314937299836,0.08757944161984532,1.75967332479668,0.22132337537593383,0.01083386874994341,12213.233753759334
D1,50,2.5,W1,80,both,1.0,117,6.305776892430279,0.17928852558521788,0.4074695505138757,1.3854621815476156,0.2222222222222222,0.004484050706112678,0.26201314937299836,0.08757944161984532,1.75967332479668,0.22132337537593383,0.01083386874994341,12213.233753759334
D1,50,2.5,W1,80,long,0.0,62,3.3509174311926606,0.3932579680097117,0.14846581701192585,2.7400594684423396,0.3225806451612903,0.01785386317585055,0.4296286279483417,0.025651836503105208,3.2317788769882605,0.3668924139815455,0.01703533285226455,13668.924139815452
D1,50,2.5,W1,80,long,1.0,62,3.3509174311926606,0.3932579680097117,0.14846581701192585,2.7400594684423396,0.3225806451612903,0.01785386317585055,0.4296286279483417,0.025651836503105208,3.2317788769882605,0.3668924139815455,0.01703533285226455,13668.924139815452
D1,50,2.5,W1,80,short,0.0,61,3.666323844001975,-0.7185762975172495,0.3884245276847247,0.36454594396555345,0.13114754098360656,-0.00795512094169306,-0.8629370800713141,0.09981674650454708,0.3119710622607461,-0.10191619019574039,-0.006439831605098645,8980.838098042597
D1,50,2.5,W1,80,short,1.0,61,3.666323844001975,-0.7185762975172495,0.3884245276847247,0.36454594396555345,0.13114754098360656,-0.00795512094169306,-0.8629370800713141,0.09981674650454708,0.3119710622607461,-0.10191619019574039,-0.006439831605098645,8980.838098042597
D1,50,2.5,W1,120,both,0.0,112,6.65495363591996,0.3646620723092154,0.2344981544644411,1.7982021114571893,0.24107142857142858,0.008553651378891816,0.3942576118828692,0.051577153359196326,2.0613791116891984,0.29354627160152,0.015411314576811996,12935.462716015205
D1,50,2.5,W1,120,both,1.0,112,6.65495363591996,0.3646620723092154,0.2344981544644411,1.7982021114571893,0.24107142857142858,0.008553651378891816,0.3942576118828692,0.051577153359196326,2.0613791116891984,0.29354627160152,0.015411314576811996,12935.462716015205
D1,50,2.5,W1,120,long,0.0,57,3.3868960468521228,0.48796533687186305,0.17915472876114136,3.1176321575336248,0.3333333333333333,0.02112965545331973,0.5091581552613348,0.04126900421742252,3.6611807401004315,0.37056170181679127,0.01890667827961323,13705.617018167924
D1,50,2.5,W1,120,long,1.0,57,3.3868960468521228,0.48796533687186305,0.17915472876114136,3.1176321575336248,0.3333333333333333,0.02112965545331973,0.5091581552613348,0.04126900421742252,3.6611807401004315,0.37056170181679127,0.01890667827961323,13705.617018167924
D1,50,2.5,W1,120,short,0.0,59,4.416837466693995,-0.14682900477566713,0.2078344763106239,0.8148167503434468,0.1694915254237288,-0.0020488081107882853,-0.05466456756488726,0.044344735144079106,0.915854386501151,-0.01205356730693874,-0.0009074203729808605,9879.464326930616
D1,50,2.5,W1,120,short,1.0,59,4.416837466693995,-0.14682900477566713,0.2078344763106239,0.8148167503434468,0.1694915254237288,-0.0020488081107882853,-0.05466456756488726,0.044344735144079106,0.915854386501151,-0.01205356730693874,-0.0009074203729808605,9879.464326930616
D1,50,2.0,none,0,both,0.0,197,9.208375991809573,0.020898588388539457,0.6101157746321104,1.0310197031887418,0.23857868020304568,0.0003019056972601537,0.13159763297519625,0.2093476720159847,1.2492668976721,0.1115818763423515,0.004956914603616802,11115.81876342351
D1,50,2.0,none,0,both,1.0,197,9.208375991809573,0.020898588388539457,0.6101157746321104,1.0310197031887418,0.23857868020304568,0.0003019056972601537,0.13159763297519625,0.2093476720159847,1.2492668976721,0.1115818763423515,0.004956914603616802,11115.81876342351
D1,50,2.0,none,0,long,0.0,192,8.975809548188916,0.42271434880500225,0.3406995964925129,1.893329821661967,0.2708333333333333,0.007960683675856903,0.4682854829199235,0.11380358138577429,2.0405273135089597,0.6852719283058537,0.0246996716406922,16852.719283058497
D1,50,2.0,none,0,long,1.0,192,8.975809548188916,0.42271434880500225,0.3406995964925129,1.893329821661967,0.2708333333333333,0.007960683675856903,0.4682854829199235,0.11380358138577429,2.0405273135089597,0.6852719283058537,0.0246996716406922,16852.719283058497
D1,50,2.0,none,0,short,0.0,192,9.157482371376338,-0.6680837374205728,0.6108381805483795,0.5296297639186979,0.1875,-0.004692886987155896,-0.5462473697813556,0.19902621692664768,0.5694019977306732,-0.1993352534374757,-0.010547249375582157,8006.647465625246
D1,50,2.0,none,0,short,1.0,192,9.157482371376338,-0.6680837374205728,0.6108381805483795,0.5296297639186979,0.1875,-0.004692886987155896,-0.5462473697813556,0.19902621692664768,0.5694019977306732,-0.1993352534374757,-0.010547249375582157,8006.647465625246
D1,50,2.0,W1,20,both,0.0,151,7.454081632653062,-0.0938819253942334,0.4975347036183605,0.8706510254350096,0.1986754966887417,-0.0012715020161213017,-0.08639906202409418,0.19933664654151395,0.8718287090169958,-0.06149228812681773,-0.003127994093794606,9385.077118731822
D1,50,2.0,W1,20,both,1.0,151,7.454081632653062,-0.0938819253942334,0.4975347036183605,0.8706510254350096,0.1986754966887417,-0.0012715020161213017,-0.08639906202409418,0.19933664654151395,0.8718287090169958,-0.06149228812681773,-0.003127994093794606,9385.077118731822
D1,50,2.0,W1,20,long,0.0,38,2.066324251898169,0.38945663248248164,0.0764490949756822,3.2356652562669543,0.2894736842105263,0.018355781125435552,0.3569326968519725,0.02543957779585826,3.220996446133767,0.22294220607090853,0.01100398734846153,12229.422060709087
D1,50,2.0,W1,20,long,1.0,38,2.066324251898169,0.38945663248248164,0.0764490949756822,3.2356652562669543,0.2894736842105263,0.018355781125435552,0.3569326968519725,0.02543957779585826,3.220996446133767,0.22294220607090853,0.01100398734846153,12229.422060709087
D1,50,2.0,W1,20,short,0.0,130,6.450550196984105,-0.752025199973879,0.5568069788281552,0.42065767570636275,0.17692307692307693,-0.006089855195549173,-0.7428257715950436,0.19050116416794627,0.4106822766256438,-0.19288819409757696,-0.010576808298268126,8071.118059024236
D1,50,2.0,W1,20,short,1.0,130,6.450550196984105,-0.752025199973879,0.5568069788281552,0.42065767570636275,0.17692307692307693,-0.006089855195549173,-0.7428257715950436,0.19050116416794627,0.4106822766256438,-0.19288819409757696,-0.010576808298268126,8071.118059024236
D1,50,2.0,W1,32,both,0.0,140,7.20414201183432,-0.19762960526979997,0.3743403632920319,0.7804497047109311,0.22857142857142856,-0.0021657505313107087,-0.24292472150106598,0.14830016843232574,0.7379366292198267,-0.0966349887984983,-0.005215969134854448,9033.650112015011
D1,50,2.0,W1,32,both,1.0,140,7.20414201183432,-0.19762960526979997,0.3743403632920319,0.7804497047109311,0.22857142857142856,-0.0021657505313107087,-0.24292472150106598,0.14830016843232574,0.7379366292198267,-0.0966349887984983,-0.005215969134854448,9033.650112015011
D1,50,2.0,W1,32,long,0.0,44,2.3738552437223044,0.35981142177753167,0.09157810961021018,3.1451821369011634,0.3181818181818182,0.014282111560990286,0.3272797298984853,0.02501332883501528,2.957933731150824,0.17779714983648498,0.008867989932431763,11777.971498364852
D1,50,2.0,W1,32,long,1.0,44,2.3738552437223044,0.35981142177753167,0.09157810961021018,3.1451821369011634,0.3181818181818182,0.014282111560990286,0.3272797298984853,0.02501332883501528,2.957933731150824,0.17779714983648498,0.008867989932431763,11777.971498364852
D1,50,2.0,W1,32,short,0.0,112,5.763313609467456,-0.49730190100983207,0.4401173977907801,0.5451953398050793,0.1875,-0.004826923754966144,-0.45254417907874356,0.12693029704501058,0.558896866495387,-0.12669901105866366,-0.006947051114456926,8733.009889413373
D1,50,2.0,W1,32,short,1.0,112,5.763313609467456,-0.49730190100983207,0.4401173977907801,0.5451953398050793,0.1875,-0.004826923754966144,-0.45254417907874356,0.12693029704501058,0.558896866495387,-0.12669901105866366,-0.006947051114456926,8733.009889413373
D1,50,2.0,W1,50,both,0.0,148,7.815093248518144,-0.2845300340021677,0.45274519067590646,0.7339018968483618,0.24324324324324326,-0.002504305456487558,-0.15156192926494266,0.13197216730118766,0.8298692163406249,-0.06430824725100215,-0.003503731648647035,9356.917527489974
D1,50,2.0,W1,50,both,1.0,148,7.815093248518144,-0.2845300340021677,0.45274519067590646,0.7339018968483618,0.24324324324324326,-0.002504305456487558,-0.15156192926494266,0.13197216730118766,0.8298692163406249,-0.06430824725100215,-0.003503731648647035,9356.917527489974
D1,50,2.0,W1,50,long,0.0,63,3.4785714285714286,0.16681661865926237,0.14493007319452333,1.3801200801645312,0.3333333333333333,0.002909873742827693,0.24404532231607667,0.04079261547101709,1.7397164405543788,0.10539467897061328,0.005548053893731142,11053.946789706126
D1,50,2.0,W1,50,long,1.0,63,3.4785714285714286,0.16681661865926237,0.14493007319452333,1.3801200801645312,0.3333333333333333,0.002909873742827693,0.24404532231607667,0.04079261547101709,1.7397164405543788,0.10539467897061328,0.005548053893731142,11053.946789706126
D1,50,2.0,W1,50,short,0.0,97,5.297435705741627,-0.3782070081146913,0.3603878684680367,0.6209252525748833,0.1958762886597938,-0.003992028814753506,-0.30872074387656134,0.09191642328472605,0.6618676762735798,-0.08339288790933619,-0.004744188489650858,9166.071120906627
D1,50,2.0,W1,50,short,1.0,97,5.297435705741627,-0.3782070081146913,0.3603878684680367,0.6209252525748833,0.1958762886597938,-0.003992028814753506,-0.30872074387656134,0.09191642328472605,0.6618676762735798,-0.08339288790933619,-0.004744188489650858,9166.071120906627
D1,50,2.0,W1,80,both,0.0,149,8.080512249443208,0.18858401534646185,0.4085533975064407,1.3777298192218388,0.2348993288590604,0.0036122209193839645,0.22410011871132934,0.13354232419933398,1.5164841912135758,0.20038041781118854,0.009953998681022203,12003.804178111879
D1,50,2.0,W1,80,both,1.0,149,8.080512249443208,0.18858401534646185,0.4085533975064407,1.3777298192218388,0.2348993288590604,0.0036122209193839645,0.22410011871132934,0.13354232419933398,1.5164841912135758,0.20038041781118854,0.009953998681022203,12003.804178111879
D1,50,2.0,W1,80,long,0.0,75,4.067371937639198,0.4044799791925831,0.10988541905252636,2.84777365787331,0.3333333333333333,0.014792899334174416,0.4161276067330284,0.05485968713184053,2.920039613647122,0.38584662968422423,0.017853897788769446,13858.466296842256
D1,50,2.0,W1,80,long,1.0,75,4.067371937639198,0.4044799791925831,0.10988541905252636,2.84777365787331,0.3333333333333333,0.014792899334174416,0.4161276067330284,0.05485968713184053,2.920039613647122,0.38584662968422423,0.017853897788769446,13858.466296842256
D1,50,2.0,W1,80,short,0.0,81,5.152429467084639,-0.5596677486114701,0.3705576111054425,0.49926858632007365,0.14814814814814814,-0.0054781033551867045,-0.622836013842022,0.10333973446374733,0.4680464396869793,-0.10280040392450707,-0.006876491351755609,8971.995960754934
D1,50,2.0,W1,80,short,1.0,81,5.152429467084639,-0.5596677486114701,0.3705576111054425,0.49926858632007365,0.14814814814814814,-0.0054781033551867045,-0.622836013842022,0.10333973446374733,0.4680464396869793,-0.10280040392450707,-0.006876491351755609,8971.995960754934
D1,50,2.0,W1,120,both,0.0,141,8.52512001324284,0.4222440906604707,0.2038181437137192,1.9240824602446114,0.24822695035460993,0.007819247580113528,0.3713312756176288,0.0804955747567857,1.7672985812330178,0.29365345129679166,0.015688931045872545,12936.534512967915
D1,50,2.0,W1,120,both,1.0,141,8.52512001324284,0.4222440906604707,0.2038181437137192,1.9240824602446114,0.24822695035460993,0.007819247580113528,0.3713312756176288,0.0804955747567857,1.7672985812330178,0.29365345129679166,0.015688931045872545,12936.534512967915
D1,50,2.0,W1,120,long,0.0,68,4.12300796812749,0.5656776091513827,0.15368803048395796,3.834602005495662,0.36764705882352944,0.0202921045862778,0.6019854921980063,0.03789112359348801,4.09957229197905,0.4895409765592269,0.024454319170940098,14895.409765592249
D1,50,2.0,W1,120,long,1.0,68,4.12300796812749,0.5656776091513827,0.15368803048395796,3.834602005495662,0.36764705882352944,0.0202921045862778,0.6019854921980063,0.03789112359348801,4.09957229197905,0.4895409765592269,0.024454319170940098,14895.409765592249
D1,50,2.0,W1,120,short,0.0,77,5.785692244394157,-0.16910461066231333,0.25419343086524504,0.8040945553231649,0.15584415584415584,-0.0018358426158100421,-0.17855593940777598,0.08814782022993906,0.7841761999363265,-0.046352498940180564,-0.0035598270783940844,9536.4750105982
D1,50,2.0,W1,120,short,1.0,77,5.785692244394157,-0.16910461066231333,0.25419343086524504,0.8040945553231649,0.15584415584415584,-0.0018358426158100421,-0.17855593940777598,0.08814782022993906,0.7841761999363265,-0.046352498940180564,-0.0035598270783940844,9536.4750105982
