timeframe,atr_period,atr_mult,bias_tf,zlsma_len,direction,min_atr,n_trades,trades_per_year,sharpe_px,max_dd_px,profit_factor_px,win_rate,expectancy_px,sharpe_acct,max_dd_acct,profit_factor_acct,total_return_acct,cagr_acct,equity_final
H1,5,5.0,none,0,both,0.0,1023,47.56852323360916,-0.07209689869166815,0.6316575015633896,0.971213666672606,0.3782991202346041,-0.000157972654188634,-0.09358438052264628,0.5137865674791677,0.9600187131013089,-0.1626157995092954,-0.008218335476926075,8373.842004907
H1,5,5.0,none,0,both,1.0,999,46.470294192562406,-0.025386759221437672,0.6316575015633898,0.9897035619290863,0.3843843843843844,-5.692459725878793e-05,-0.03897592631263656,0.5147397014167101,0.9829547593270679,-0.09595886731140346,-0.004681642167263855,9040.411326885956
H1,5,5.0,none,0,long,0.0,972,45.23162186265766,0.6261450580254484,0.3889723443073514,1.3035730810579773,0.4228395061728395,0.0015197462759413626,0.6115014917351215,0.28023427913455123,1.3072443576513677,1.3179964572792127,0.03989711442855248,23179.964572792054
H1,5,5.0,none,0,long,1.0,943,43.88211874124092,0.5818294087776124,0.3889723443073516,1.2838132621707317,0.4220572640509014,0.0014344453837463527,0.5889522213370233,0.27111481700156936,1.3020035404715227,1.2525109178802372,0.038511260584024765,22525.10917880241
H1,5,5.0,none,0,short,0.0,973,45.243570973901974,-0.2481561850632105,0.5890249626152051,0.8952251083295046,0.34224049331963,-0.000651395898430103,-0.22664561968874233,0.44680669878512125,0.894142796254758,-0.33310658348448796,-0.018661602774286967,6668.934165155095
H1,5,5.0,none,0,short,1.0,940,43.74808868501529,-0.25331522653558886,0.5890249626152042,0.8918584289287186,0.3393617021276596,-0.0006856166896923848,-0.2260044884040906,0.44614930335580005,0.8932347369926331,-0.3313642188634609,-0.018558916554077154,6686.357811365384
H1,5,5.0,H4,20,both,0.0,699,32.502832590706554,-0.22547639264232816,0.5838416159100878,0.8976832875967837,0.35765379113018597,-0.0005873340516063005,-0.10298815682585892,0.43724090272484006,0.9461418132621647,-0.15485263460780696,-0.0077926763416823475,8451.47365392195
H1,5,5.0,H4,20,both,1.0,675,31.39884742740703,-0.28292023177249903,0.5838416159100882,0.872024105276073,0.3540740740740741,-0.0007488359693235372,-0.1348566090217348,0.436888386822444,0.9288652985097158,-0.1868127447596456,-0.009573273004104266,8131.872552403513
H1,5,5.0,H4,20,long,0.0,559,26.055991577335373,0.39428261369365875,0.3512068484172687,1.2538570763858121,0.39892665474060823,0.0013140631072230758,0.3565575554061277,0.254124969575096,1.2407410773361527,0.4994094410964065,0.01906047534806743,14994.094410964071
H1,5,5.0,H4,20,long,1.0,544,25.35681470137825,0.35322959839223167,0.35120684841727,1.2284040492662829,0.39705882352941174,0.0011906282253163819,0.33562237309795445,0.24884376312562284,1.2298767225016898,0.4591531786714187,0.01776857264180376,14591.53178671417
H1,5,5.0,H4,20,short,0.0,505,23.482017823042646,-0.5435486730104615,0.6504940422209067,0.7158799538680025,0.31287128712871287,-0.001866183409015,-0.4039037833054167,0.3817083168739146,0.7739658653066314,-0.359306565951635,-0.020488763648527364,6406.934340483668
H1,5,5.0,H4,20,short,1.0,482,22.432530581039753,-0.5511141485104211,0.6428412180344789,0.7083194418691987,0.3091286307053942,-0.001970537990271389,-0.40379962283563514,0.3811517184938381,0.7710403319053515,-0.3578234758024682,-0.020401442464933695,6421.765241975329
H1,5,5.0,H4,32,both,0.0,580,26.969446212603437,0.008141517339819302,0.31170119527446927,1.0049462322965115,0.3810344827586207,2.8197034624148297e-05,0.07946623750629328,0.1944318173317675,1.0556428508078453,0.06839492302265548,0.003080994809506077,10683.949230226552
H1,5,5.0,H4,32,both,1.0,568,26.42154865002547,-0.019350432055625817,0.3117011952744687,0.9882579736953382,0.38204225352112675,-6.808457615379462e-05,0.06267140538398108,0.19300252751309632,1.0443800620454675,0.043234939796655825,0.0019708288954614073,10432.34939796654
H1,5,5.0,H4,32,long,0.0,423,19.73441691148295,0.3540505407188599,0.17201872525631234,1.262851524148128,0.4231678486997636,0.0013180748656086761,0.3366048707109252,0.15801908296295675,1.2649601985985464,0.39563268158379583,0.01567339219596109,13956.326815837952
H1,5,5.0,H4,32,long,1.0,414,19.31453570060033,0.32075725914331243,0.1720187252563119,1.2385707223497158,0.42028985507246375,0.0012104743097030002,0.3122727336710094,0.1569213996058657,1.2492217439661772,0.3619878950990081,0.014517744047001013,13619.87895099007
H1,5,5.0,H4,32,short,0.0,380,17.669637173774664,-0.03583546565630839,0.3624575752781922,0.9721094864193519,0.34210526315789475,-0.0001720058597859079,0.019775801307218576,0.2500801760361431,1.016631722409359,-0.006238935924287814,-0.0002909709768724733,9937.610640757139
H1,5,5.0,H4,32,short,1.0,364,16.95587297538579,-0.03871240306389643,0.362457575278192,0.9694144961611594,0.34065934065934067,-0.00019304583679210184,0.0133855315021937,0.24871582808185033,1.0113272128334896,-0.01300739666589601,-0.0006097006749206102,9869.926033341037
H1,5,5.0,H4,50,both,0.0,513,23.948523773006134,0.1296587628423316,0.3111934602710029,1.075831947081958,0.37037037037037035,0.0004140249063754623,0.24929378210609457,0.19246570712476507,1.1723713775595357,0.28942717976967924,0.011937490201370027,12894.271797696776
H1,5,5.0,H4,50,both,1.0,497,23.20159125766871,0.10942968017439791,0.31119346027100414,1.0644119395852603,0.3702213279678068,0.00035707267238873356,0.23505187178781073,0.20131696088835127,1.1628987135163724,0.26618134797957294,0.011078430399704464,12661.81347979573
H1,5,5.0,H4,50,long,0.0,344,16.106396615818483,0.4323683284521736,0.14894982230489184,1.3641894909519257,0.4186046511627907,0.0017462547528915811,0.40233860901390733,0.1287269163986976,1.3733820304669366,0.4339703127680796,0.017019674136482754,14339.703127680794
H1,5,5.0,H4,50,long,1.0,333,15.591366491475451,0.4258406497732735,0.14894982230489218,1.363518909532197,0.42042042042042044,0.001759659510900213,0.4020600752554974,0.12831050358603135,1.3796931727044013,0.4320670768870669,0.016956433443181762,14320.67076887068
H1,5,5.0,H4,50,short,0.0,324,15.173868444672394,-0.33835093516027137,0.43494584363194266,0.7670039226512908,0.3148148148148148,-0.0015208776106016742,-0.2386243048294351,0.33155901534274823,0.8081349395270702,-0.2283937651664214,-0.012069457049846188,7716.062348335787
H1,5,5.0,H4,50,short,1.0,311,14.565040389793564,-0.3342716029929412,0.4345608377950283,0.7658477315823002,0.31511254019292606,-0.0015565119978745538,-0.23621552970354875,0.3313675961021718,0.807270814424121,-0.22521746455368996,-0.011879369789237426,7747.825354463106
H1,5,5.0,H4,80,both,0.0,545,25.452148062907558,0.5018777698947671,0.2566273179504823,1.3217188900417371,0.4055045871559633,0.001573484023289933,0.4638561025048812,0.19366211250312604,1.3192465485921736,0.6025864616652763,0.022269506173306697,16025.864616652772
H1,5,5.0,H4,80,both,1.0,526,24.56482546988876,0.47341120409817944,0.25662731795048277,1.3063941666676906,0.4049429657794677,0.0015125317144458628,0.43539879109022667,0.2013782791186477,1.306325352974643,0.5580988321593336,0.02092635601208115,15580.988321593346
H1,5,5.0,H4,80,long,0.0,325,15.17788645953203,0.5793386911189179,0.14760554848113228,1.5314539835870729,0.4584615384615385,0.0024463808247387783,0.6232312671915694,0.07690493146731125,1.6748733599447705,0.7581522002684979,0.026702048357944985,17581.522002684982
H1,5,5.0,H4,80,long,1.0,311,14.524069812044495,0.5846748868548328,0.14760554848113216,1.5483803099731088,0.4630225080385852,0.0025301079807030003,0.6263037903632508,0.08219519083418747,1.6930171110102572,0.749745038065502,0.026472244587263383,17497.450380655006
H1,5,5.0,H4,80,short,0.0,319,14.95696405648267,-0.08136208205667816,0.3994135583933557,0.9390503348270468,0.34169278996865204,-0.00036460554236816004,-0.1402199442680419,0.30054543160314484,0.8875366827138644,-0.13613114103391122,-0.006837697478261684,8638.688589660887
H1,5,5.0,H4,80,short,1.0,306,14.5396773773904,-0.1136071981924088,0.39941355839335524,0.9146500308328988,0.3366013071895425,-0.000522848428169784,-0.15433166321798344,0.3028359948243965,0.8749945479913603,-0.1468077352453676,-0.007515634236780255,8531.922647546333
H1,5,5.0,H4,120,both,0.0,597,27.930607147431793,0.44125050962774415,0.31132020341670863,1.2794553970130318,0.4103852596314908,0.0014614839732863885,0.45424494010026034,0.2508383936155558,1.3115916382957045,0.6947553592100466,0.024987944005476992,16947.55359210047
H1,5,5.0,H4,120,both,1.0,579,27.088478288715258,0.3525426216566922,0.31132020341670885,1.2207321517899496,0.39896373056994816,0.0011850381142486522,0.379733661909881,0.26131284879335737,1.2650877569642374,0.5593653693308283,0.021003085574401892,15593.653693308286
H1,5,5.0,H4,120,long,0.0,362,16.936147047521455,0.4775604929816319,0.31119485341515873,1.3902164724893387,0.4447513812154696,0.0019511335828529758,0.5307653332886224,0.21625301430026966,1.50646540500868,0.6466532965789071,0.023608111342436233,16466.53296578903
H1,5,5.0,H4,120,long,1.0,349,16.327942871781733,0.4103325161586332,0.31119485341515807,1.3326638858873248,0.4383954154727794,0.0016957608081599636,0.4732174437395964,0.22228966639021597,1.4576358120471238,0.5586466344459438,0.020981063949484513,15586.46634445947
H1,5,5.0,H4,120,short,0.0,303,14.245173123954178,0.1695454364062825,0.2751551846305136,1.151765408310438,0.3564356435643564,0.000823431067499589,0.07830041191941181,0.1780248444501319,1.0672414518318103,0.051519711412982616,0.0023645968639487425,10515.197114129804
H1,5,5.0,H4,120,short,1.0,293,13.775035397091003,0.13037318335064196,0.27515518463051347,1.1169206114866839,0.3447098976109215,0.0006507900810940002,0.0458559468275132,0.18136529779906774,1.0397711228286528,0.022795959212754013,0.001060252752168589,10227.959592127527
H1,5,5.0,D1,20,both,0.0,671,31.392692455488664,0.6216394924607583,0.34573827313921723,1.4012353415681436,0.4143070044709389,0.0020778533927041983,0.6591165811753352,0.2241335555668068,1.460675984713302,1.2195762673636548,0.0380068592624907,22195.76267363655
H1,5,5.0,D1,20,both,1.0,649,30.363423850390678,0.5549117463038127,0.34573827313921635,1.357676925053331,0.4067796610169492,0.0018935937595399928,0.5869415945939348,0.234936041842438,1.4127495727089976,1.0405823454359688,0.033931643437479675,20405.823454359674
H1,5,5.0,D1,20,long,0.0,418,19.55610349686179,0.5963546859900591,0.2832338710228447,1.4725133336234657,0.44019138755980863,0.0022813808994692156,0.5662728451168594,0.19563501234141578,1.502741808171027,0.7251445922733533,0.025840559331689494,17251.445922733543
H1,5,5.0,D1,20,long,1.0,403,18.854329447931345,0.5293767334612215,0.2832338710228446,1.4176974479701416,0.43424317617866004,0.0020542263660380485,0.5152409205765701,0.2086293300830987,1.4725130983874573,0.6512278522552348,0.023740976816085002,16512.278522552362
H1,5,5.0,D1,20,short,0.0,355,16.67700964630225,0.19702827711051002,0.23638007765033886,1.1650943855922815,0.36901408450704226,0.0009343063976467434,0.1792540084795329,0.14988348156318954,1.1552891092425053,0.15785190790938497,0.0069090842182899515,11578.519079093852
H1,5,5.0,D1,20,short,1.0,346,16.254212218649517,0.16968485182080326,0.23638007765033886,1.142517879168335,0.36127167630057805,0.000822116446137706,0.16908163124463368,0.1473834464156536,1.148582542474397,0.14808618059109846,0.006508509784305616,11480.861805910992
H1,5,5.0,D1,32,both,0.0,742,34.89320200849749,0.3747343256097837,0.35716240331407756,1.200365668264164,0.4029649595687331,0.0010916647762703087,0.4569515104604694,0.16412099884860676,1.2702589293023525,0.7418727280714963,0.026441042099630607,17418.727280714902
H1,5,5.0,D1,32,both,1.0,722,33.95268443414446,0.3193106214829957,0.357162403314079,1.1704248675172781,0.3988919667590028,0.0009446663302229703,0.42045811434279196,0.16648829034440826,1.2538316058810473,0.6734113581668604,0.02450743393221888,16734.113581668596
H1,5,5.0,D1,32,long,0.0,445,20.929210661859386,0.5859638762300104,0.2044113995869653,1.4386583927407692,0.44719101123595506,0.0021647380677593453,0.6372198940890414,0.11834293073983015,1.5381675654133624,0.8934444412797431,0.030480372989858395,18934.444412797413
H1,5,5.0,D1,32,long,1.0,431,20.270763584857068,0.518799718294269,0.20441139958696508,1.3871179573301522,0.4431554524361949,0.001936410006502851,0.5835358259926705,0.12296839938463733,1.5042138534760758,0.7994056684091773,0.028014438230034244,17994.056684091767
H1,5,5.0,D1,32,short,0.0,368,17.381611276348117,-0.018782962928000368,0.33779784231495,0.9871057006095214,0.35597826086956524,-7.595159016873602e-05,-0.011504062093074656,0.1825344883822878,0.9917124737704422,-0.025234632062698714,-0.0012064663477276971,9747.65367937302
H1,5,5.0,D1,32,short,1.0,357,16.86205224363119,-0.05115042400852344,0.3377978423149496,0.9647859689024295,0.35014005602240894,-0.00021189565332884751,-0.02585442185484022,0.1858906623680613,0.9811853817602066,-0.036893524459322036,-0.0017739613033983526,9631.064755406787
H1,5,5.0,D1,50,both,0.0,777,36.73776699029126,0.27240062833774525,0.3732677229592478,1.1359283780046385,0.38996138996138996,0.0007620679443687731,0.383415405466374,0.1948084961990313,1.2130571065645188,0.6049988092947081,0.022622075534033392,16049.988092947106
H1,5,5.0,D1,50,both,1.0,755,35.69757281553398,0.27176268745620585,0.37326772295924826,1.13737864967904,0.39072847682119205,0.0007776639398054712,0.38379082645881973,0.19699673742593415,1.2162285419147838,0.603470286656844,0.022576007342809845,16034.702866568416
H1,5,5.0,D1,50,long,0.0,460,21.749514563106796,0.5691996189885721,0.20349145314008432,1.4103669996842862,0.43043478260869567,0.00207274195277732,0.6300173473183693,0.13972599459617885,1.5257831059800273,0.9367962195930977,0.031748328837401196,19367.96219593096
H1,5,5.0,D1,50,long,1.0,449,21.229417475728155,0.5551885544820759,0.203491453140084,1.403806328055757,0.43207126948775054,0.002053960767578988,0.6204704243896206,0.14078007950125582,1.5264448200158682,0.9152282226754296,0.031202186488342276,19152.28222675427
H1,5,5.0,D1,50,short,0.0,361,17.200006522306285,-0.0966786403977141,0.2487471335333239,0.9348070702610626,0.3462603878116344,-0.0003980628039976901,-0.130373987873317,0.1909506108825898,0.9123400259193566,-0.11212245702191703,-0.005650043702666752,8878.775429780839
H1,5,5.0,D1,50,short,1.0,349,16.62826115314375,-0.07852496272664984,0.24874713353332412,0.9460810048675644,0.3467048710601719,-0.0003337968045638223,-0.12433174000645836,0.19204240722355015,0.9155594765112806,-0.10697298593664617,-0.005376029113605574,8930.270140633525
H1,5,5.0,D1,80,both,0.0,795,38.15185258178952,0.26159770123751697,0.3251607965635275,1.128739226391128,0.3849056603773585,0.000702857606534788,0.39814352765554506,0.21081864233549497,1.2255421434939484,0.6574026006627709,0.024543249043613935,16574.026006627664
H1,5,5.0,D1,80,both,1.0,778,37.336026803311,0.25958464955674354,0.3251607965635277,1.1291076408094507,0.38688946015424164,0.0007084953654837794,0.3912648208882923,0.21022708498815912,1.225035239538577,0.6418006418019149,0.024078323366443,16418.006418019122
H1,5,5.0,D1,80,long,0.0,465,22.315234528971228,0.3850685305533866,0.17991158228934934,1.2512759365038337,0.42795698924731185,0.0013047512858102152,0.5038781768533489,0.10251714070341278,1.3997963015951227,0.6578910055643823,0.024557735757593013,16578.91005564384
H1,5,5.0,D1,80,long,1.0,455,21.835337012219156,0.37430693753428185,0.1799115822893499,1.2466459361146787,0.4307692307692308,0.0012834954102846725,0.4933721694300183,0.09993121589110177,1.3978574192569404,0.6394731397416427,0.02400860542313099,16394.731397416403
H1,5,5.0,D1,80,short,0.0,370,18.30951090638125,0.006634395341947647,0.2939471322756523,1.0046340538337843,0.3324324324324324,2.6592954573382557e-05,0.09192653300992285,0.20374845377559936,1.0714326167578776,0.06773393463822464,0.003248452472003338,10677.339346382229
H1,5,5.0,D1,80,short,1.0,363,17.96311475409836,0.01687031502864689,0.2939471322756514,1.0119078872802425,0.3333333333333333,6.885930183360732e-05,0.09536357674338967,0.2036141011091499,1.0745458618000934,0.07102194281239282,0.003401110120339945,10710.219428123939
H1,5,5.0,D1,120,both,0.0,810,39.37350279478307,0.1352902788762814,0.33827934602651555,1.0618628524030367,0.3728395061728395,0.00034507957074604356,0.2590336421268336,0.21685309566852562,1.1312884931287908,0.34975584493896705,0.01468586392657123,13497.558449389688
H1,5,5.0,D1,120,both,1.0,798,38.83153477218225,0.10779913572363645,0.33827934602651577,1.0493136593910977,0.37092731829573933,0.00027739390652495896,0.22030374812901138,0.21510337140058888,1.109948714425567,0.2776260983688481,0.011993496724848285,12776.260983688471
H1,5,5.0,D1,120,long,0.0,461,22.408870109129627,0.5619512275488064,0.1972424069113351,1.3926771113462548,0.43383947939262474,0.001998929262278682,0.6115526623113245,0.12045293116112343,1.4765905287902852,0.8192717365209841,0.02951677962887178,18192.71736520987
H1,5,5.0,D1,120,long,1.0,454,22.09212629896083,0.5275684427345733,0.19724240691133466,1.3682848642060081,0.43171806167400884,0.0018897546337502034,0.5865095415875706,0.12285358323546691,1.4634077248964092,0.7726643788074603,0.02824932401168878,17726.643788074656
H1,5,5.0,D1,120,short,0.0,375,18.63520408163265,-0.2910155333761968,0.4106072814430213,0.8248931702797184,0.31466666666666665,-0.0010637344268322213,-0.12124564398474445,0.23229691899096505,0.919049830076027,-0.11442475880639646,-0.0060204971470481095,8855.752411936024
H1,5,5.0,D1,120,short,1.0,370,18.38673469387755,-0.28720451886476167,0.41105282805063126,0.8263260543233433,0.31351351351351353,-0.0010635046993826506,-0.11742144267337608,0.23106523382156785,0.9212629734518376,-0.11121357774806295,-0.005841695098390609,8887.864222519362
H1,5,4.0,none,0,both,0.0,1419,65.86475409836066,0.24005814087401076,0.27568965969522796,1.093171798754902,0.37209302325581395,0.00046121334072436173,0.403663972209903,0.22636334819025639,1.1874081590592818,1.188201527662169,0.03701634302088208,21882.015276621765
H1,5,4.0,none,0,both,1.0,1387,64.37943194815098,0.22931963197940677,0.2756896596952285,1.0898201019916016,0.3734679163662581,0.0004493094690595979,0.40031035784436203,0.22454749587294365,1.1882544932571535,1.1693880839240967,0.03660079241774028,21693.880839241076
H1,5,4.0,none,0,long,0.0,1305,60.59639588100686,0.6422446421091383,0.30560048219785274,1.280937627379476,0.40153256704980844,0.0012630457600430964,0.6694159848510126,0.24819976555335965,1.3298634463623047,2.3356502299628046,0.05753165014892936,33356.502299627995
H1,5,4.0,none,0,long,1.0,1257,58.36756292906178,0.5859421828214809,0.3056004821978513,1.2585483323870024,0.39936356404136836,0.0011837176667526131,0.6477570589958451,0.25594612760950775,1.324765513392008,2.2704779827935258,0.05656317049344084,32704.779827935414
H1,5,4.0,none,0,short,0.0,1306,60.619710255432715,-0.24707562738388908,0.5566416165764297,0.9079365948887962,0.3437978560490046,-0.0004884410156195984,-0.14828063735411764,0.3264388919279442,0.9429774680459727,-0.28058397459281625,-0.015169379421689055,7194.160254071805
H1,5,4.0,none,0,short,1.0,1264,58.67768174885612,-0.23500787056001562,0.5384357831560984,0.9107476853998085,0.34335443037974683,-0.0004771107203987017,-0.14652153948424088,0.33276801348555407,0.9431984824401672,-0.2743150713216548,-0.014774558052992659,7256.849286783452
H1,5,4.0,H4,20,both,0.0,786,36.557557621291224,0.03569677225160017,0.29726150426648434,1.0176699272054104,0.37659033078880405,8.548546258195995e-05,0.23349239713408998,0.15652490849731604,1.1372338653308423,0.38460399610755025,0.015250420858077929,13846.039961075494
H1,5,4.0,H4,20,both,1.0,756,35.198087954110896,0.038913528095452884,0.2815577257694828,1.0196029513571623,0.3783068783068783,9.606180413010354e-05,0.23471674540903628,0.15629019593527904,1.1401498451333991,0.3855405275775914,0.015298052702230835,13855.40527577591
H1,5,4.0,H4,20,long,0.0,587,27.364613911933635,0.4230228913683776,0.24680025100150516,1.2945743984109757,0.4020442930153322,0.0013115611748813752,0.4502510043513694,0.20895988870923932,1.343680600287003,0.8588506641952662,0.029322747074571165,18588.50664195266
H1,5,4.0,H4,20,long,1.0,566,26.38564135290364,0.40204435029460783,0.2468002510015056,1.2837310253074266,0.4028268551236749,0.0012821489377941614,0.4263651174282352,0.21444912953594142,1.3308831380830999,0.8081276613478903,0.027996033818818544,18081.27661347887
H1,5,4.0,H4,20,short,0.0,497,23.18677353429557,-0.6426766498825395,0.5496869540116911,0.7004723858978863,0.3380281690140845,-0.001522948395629424,-0.4459517398953503,0.35025511640039164,0.7712755412044396,-0.3480892167377996,-0.019762679133592198,6519.107832622001
H1,5,4.0,H4,20,short,1.0,477,22.276467203682394,-0.617360956523607,0.5207824349743313,0.7054845090499475,0.33752620545073375,-0.0015110837462491411,-0.4276426522846869,0.331966815590543,0.7771170243670567,-0.33597450765981274,-0.01893944072312248,6640.25492340188
H1,5,4.0,H4,32,both,0.0,683,31.766936202725073,0.3716729849121374,0.21246698306995926,1.2378673910376736,0.4216691068814056,0.0010626669266694364,0.376848439573636,0.17587711042073573,1.2130592450323903,0.5430786126885379,0.02038037095415013,15430.78612688536
H1,5,4.0,H4,32,both,1.0,656,30.565633371603518,0.3569619765677967,0.21246698306995904,1.232825770584535,0.4222560975609756,0.0010524539395282229,0.36709207024730417,0.17893037408877632,1.2108902337641894,0.52491819862781,0.01985441677904598,15249.181986278043
H1,5,4.0,H4,32,long,0.0,466,21.72386726228462,0.5527975871596056,0.20484793922117783,1.4356130328715244,0.4356223175965665,0.0018079126230874537,0.508609801125525,0.21606314723484066,1.3593634598886142,0.6464169364327117,0.02351590889843025,16464.169364327125
H1,5,4.0,H4,32,long,1.0,447,20.83813018506701,0.5196913767520769,0.2048479392211785,1.4144377312659109,0.43400447427293065,0.001752479703197011,0.47519028160909693,0.2270353682637305,1.3388955547498966,0.5949372949732579,0.022001302384347943,15949.372949732577
H1,5,4.0,H4,32,short,0.0,412,19.15760661998727,0.1666124245496592,0.16526257661650223,1.1339204553022693,0.39805825242718446,0.0006394037472303698,0.14209423514562508,0.11686642595093466,1.0975566123993548,0.11861831619976426,0.005225884421897975,11186.183161997627
H1,5,4.0,H4,32,short,1.0,390,18.16700675934192,0.1874271135127534,0.16526257661650268,1.1568942036901901,0.3974358974358974,0.0007531489498821593,0.15097421383820742,0.11693038827914504,1.1057698663351625,0.12674323776628582,0.005574180832556452,11267.432377662875
H1,5,4.0,H4,50,both,0.0,683,31.888757509906686,0.34779421948994865,0.1904896735607169,1.1976486425573427,0.3850658857979502,0.0009112393427493466,0.4380074994334711,0.16385223957909478,1.2600044008805156,0.6431313885609204,0.023456945216263847,16431.31388560918
H1,5,4.0,H4,50,both,1.0,657,30.674837019046404,0.3223553572707633,0.19048967356071722,1.1850733874950972,0.3850837138508371,0.0008700219308678453,0.40462786176819393,0.1650371287379504,1.2405993424541577,0.5769773366275712,0.021495180447353768,15769.773366275684
H1,5,4.0,H4,50,long,0.0,436,20.35651284673399,0.5831841781329428,0.1684277729828676,1.4543040595283634,0.4059633027522936,0.0019054070451901143,0.5357758696898184,0.15172194543181816,1.4017428332377349,0.6600923681344957,0.02394778227199912,16600.92368134492
H1,5,4.0,H4,50,long,1.0,417,19.469417103413015,0.5518122898842129,0.16842777298286782,1.43376643220971,0.407673860911271,0.0018614552990983103,0.5139180416019282,0.15198710539936755,1.3902364101069027,0.6281307631870414,0.023018797503196797,16281.307631870386
H1,5,4.0,H4,50,short,0.0,389,18.278946352759554,-0.24358983044831115,0.2854681605782806,0.8469271857332757,0.3496143958868895,-0.0007588062776063902,-0.055073728613944994,0.15142016731379437,0.960186073910752,-0.06738671290977605,-0.003272843961498517,9326.13287090224
H1,5,4.0,H4,50,short,1.0,375,17.62109224237746,-0.22731045806308472,0.27682804715344356,0.8542376871527495,0.352,-0.0007322650715765659,-0.037269741301138005,0.14852685759313122,0.9724513269293477,-0.05219631362300181,-0.002515841683823905,9478.036863769998
H1,5,4.0,H4,80,both,0.0,795,37.1179534705356,0.4354859650674485,0.1447268980889692,1.2216914208253216,0.4037735849056604,0.0010043492981447596,0.5595491978240945,0.0930378374274945,1.3132934524500959,1.036328489196689,0.03376035724440918,20363.28489196695
H1,5,4.0,H4,80,both,1.0,770,35.950722229323794,0.4460893595914333,0.14472689808896955,1.2306469133999671,0.4051948051948052,0.0010589647792620884,0.564891559042623,0.09326090214209437,1.3196625117092189,1.0427989759258374,0.03391349030651836,20427.989759258402
H1,5,4.0,H4,80,long,0.0,445,20.776716093570244,0.7018621574330253,0.12198747965208523,1.544197063599831,0.4449438202247191,0.002220557361029689,0.7447139550114098,0.07476566016748032,1.62642964366143,1.1718116623595418,0.03687397478531462,21718.11662359548
H1,5,4.0,H4,80,long,1.0,424,19.79624185095232,0.718903372148549,0.12198747965208512,1.5733716140868776,0.4481132075471698,0.0023759597750991177,0.7572117065064394,0.07145331372589792,1.6479498445194458,1.1900562401873258,0.037279036803673504,21900.562401873263
H1,5,4.0,H4,80,short,0.0,412,19.367181467181467,-0.2570995404466885,0.340681859626805,0.8509092997945297,0.3567961165048544,-0.000749121406549162,-0.07713832226739628,0.1741997390994794,0.9484908796593461,-0.08629613137693737,-0.004233402167622802,9137.0386862306
H1,5,4.0,H4,80,short,1.0,402,19.04663380464392,-0.2550609141194576,0.3361250037968757,0.8513421399531844,0.35572139303482586,-0.0007564920258292053,-0.07459491427768625,0.17310211718380786,0.9500617156466061,-0.08385991675227766,-0.0041411985187645994,9161.400832477195
H1,5,4.0,H4,120,both,0.0,871,40.749679774561294,0.5504764643296022,0.22529090065442137,1.319062788728612,0.4041331802525832,0.0014552000299873596,0.6259406772246895,0.13967466877963908,1.4023218091312275,1.7188609467631148,0.047907064300633406,27188.6094676311
H1,5,4.0,H4,120,both,1.0,845,39.53327142308185,0.5210386387241804,0.22529090065442203,1.3046236884340277,0.3988165680473373,0.0014119046320875811,0.6194570065041939,0.13702678519847167,1.4032949922035811,1.7018843538855633,0.047600029128101795,27018.843538855665
H1,5,4.0,H4,120,long,0.0,484,22.64390931215576,0.6883424990379203,0.18813624984044708,1.5729447730654007,0.4359504132231405,0.002387871748898085,0.674708287556393,0.14325293362823865,1.6792152748175564,1.5118305196627406,0.0440313081281698,25118.305196627374
H1,5,4.0,H4,120,long,1.0,464,21.708210580248497,0.6652230437579271,0.18813624984044697,1.5615000835205222,0.43103448275862066,0.0023860883139458903,0.6632474428840675,0.1463035805526035,1.682078960685941,1.4813641751556275,0.04343540888887154,24813.641751556224
H1,5,4.0,H4,120,short,0.0,429,20.153344051446947,0.1417236170274564,0.1964864771261431,1.1098497411567905,0.3706293706293706,0.0005372386700804453,0.19101806031385188,0.12456420934626367,1.136745682251325,0.1819337819758915,0.00788328758794532,11819.337819758923
H1,5,4.0,H4,120,short,1.0,421,19.777524115755625,0.1331064092594579,0.1907153872015035,1.1040388887667043,0.3681710213776722,0.0005130637054274618,0.18656516261401876,0.12053526504773515,1.134550774980172,0.1769345329746037,0.0076826147696302804,11769.345329746033
H1,5,4.0,D1,20,both,0.0,1013,47.39314077110286,0.6165646425856406,0.18680182806842238,1.3334316677776767,0.39585389930898324,0.001585087596339599,0.6693347154008543,0.12576475088161287,1.4154508551314335,2.1260989732472217,0.05477219080741147,31260.98973247217
H1,5,4.0,D1,20,both,1.0,985,46.08316254643269,0.5768942240031429,0.18680182806842205,1.3135441689030327,0.3898477157360406,0.0015186687646659358,0.6497774001534082,0.12857070913718793,1.409884970717352,2.0755305528543277,0.053967716394120346,30755.305528543286
H1,5,4.0,D1,20,long,0.0,623,29.147015498911234,0.6868576765280409,0.1331146936514972,1.4738527091884124,0.4173354735152488,0.0020924937223631554,0.6729593813363727,0.11149704164780383,1.5749220209232473,1.7685881821789144,0.04879601699228053,27685.881821789157
H1,5,4.0,D1,20,long,1.0,601,28.117746893813244,0.6386093460625933,0.13311469365149697,1.442106660760591,0.41098169717138106,0.002000438805222437,0.6585238915937761,0.10217312844989579,1.5446882655164544,1.6284622398060646,0.04625059842660728,26284.6223980607
H1,5,4.0,D1,20,short,0.0,544,25.555755627009646,0.1391587974497307,0.25331982208486103,1.0953274415499537,0.36764705882352944,0.0004898802832561479,0.24491877309501967,0.1311902055866202,1.18143919004855,0.31298392381544526,0.012874250193906311,13129.83923815448
H1,5,4.0,D1,20,short,1.0,535,25.132958199356914,0.12749656324524228,0.2533198220848608,1.087923514325544,0.3644859813084112,0.00045552252598408824,0.2411619949519341,0.13159218485765256,1.1804555797416754,0.30836747248845886,0.012706669922013747,13083.674724884611
H1,5,4.0,D1,32,both,0.0,1079,50.740923136346076,0.38949810575918503,0.23671096390707536,1.178362048931419,0.3911028730305839,0.0008724545030768593,0.5181989095863423,0.14670813305773822,1.2877792979853413,1.390815308480505,0.04184103645682047,23908.15308480496
H1,5,4.0,D1,32,both,1.0,1050,49.37717265353418,0.3553178080200498,0.23671096390707602,1.1637860056825091,0.38761904761904764,0.0008138293132313417,0.49421347315235836,0.15028567555681194,1.27838547796214,1.3252529882548436,0.040479633540436266,23252.529882548464
H1,5,4.0,D1,32,long,0.0,645,30.33559747617821,0.5273175982039915,0.18140355468196367,1.3327060830138184,0.40930232558139534,0.0015618940306718562,0.5840358871354037,0.15441124266046213,1.4551207855904322,1.3921596615109126,0.0418740806691027,23921.596615109185
H1,5,4.0,D1,32,long,1.0,622,29.253862992531545,0.48327385646168186,0.181403554681964,1.307660445429759,0.40514469453376206,0.0014701878813707615,0.5575016026948881,0.1539070115397757,1.4432187209898273,1.3229969057944682,0.040437447815959704,23229.969057944778
H1,5,4.0,D1,32,short,0.0,542,25.504444730739497,-0.13330367398139711,0.33526280756033433,0.9250599441012599,0.34870848708487084,-0.0003950150178584149,0.060821281705888124,0.20513452499755058,1.0418621570838966,0.041433482547005074,0.0019122176982850903,10414.334825470041
H1,5,4.0,D1,32,short,1.0,531,24.98682684875032,-0.1474107373327787,0.3352628075603341,0.9166135664962805,0.3465160075329567,-0.0004445285982956667,0.05403658387799245,0.20972649880999739,1.0375094511886869,0.032724241536072673,0.0015163668958297905,10327.242415360748
H1,5,4.0,D1,50,both,0.0,1115,52.71893203883495,0.29564636511272696,0.21694616157811475,1.1300134400104767,0.3811659192825112,0.0006493406573184808,0.42991202573272685,0.1543296208849978,1.2226277289692327,1.0670548212888318,0.03492846524463933,20670.548212888367
H1,5,4.0,D1,50,both,1.0,1080,51.064077669902915,0.28035345638030923,0.2169461615781143,1.124781321682123,0.38055555555555554,0.0006316192664256622,0.4247571888165128,0.14914997256703044,1.2232152641728815,1.0549919378889387,0.03464210585395899,20549.919378889368
H1,5,4.0,D1,50,long,0.0,647,30.59116504854369,0.6457131400908321,0.16300165892876484,1.4251710686093941,0.4142194744976816,0.001927574788346377,0.6787981750970628,0.10416539595848684,1.5394506755871922,1.7355685179940656,0.048731443261812,27355.685179940538
H1,5,4.0,D1,50,long,1.0,625,29.550970873786408,0.6200995265410715,0.1630016589287655,1.413151059234813,0.4144,0.00189937318027689,0.6651872150780509,0.11522810866324507,1.5366592805175534,1.7051971512712538,0.04817799092512298,27051.971512712495
H1,5,4.0,D1,50,short,0.0,539,25.660812043795623,-0.21869128938316998,0.408245684548906,0.8804686908163933,0.34137291280148424,-0.000659296416732369,-0.13435669287195812,0.2478502988180069,0.9179963436399114,-0.17349535049049247,-0.009030703237966065,8265.046495095085
H1,5,4.0,D1,50,short,1.0,525,24.994297445255476,-0.20929759709576104,0.4051753763261291,0.8841528270882514,0.33904761904761904,-0.0006467365231843593,-0.13273859089361678,0.2473738276798617,0.9184037537763692,-0.1713788232450031,-0.00891003545043867,8286.211767549968
H1,5,4.0,D1,80,both,0.0,1126,54.02226454748457,0.27669212645891156,0.26123329745758306,1.1209721551491343,0.37211367673179396,0.000592430710372764,0.47664624550833967,0.1412873594997922,1.2564600584289438,1.294581636211392,0.040652003160718486,22945.816362113987
H1,5,4.0,D1,80,both,1.0,1100,52.77485879416787,0.2704834885294333,0.26123329745758306,1.1194371496976945,0.37363636363636366,0.0005900517553295141,0.4728382144033625,0.14786214981071,1.2474733077076838,1.216992307810902,0.03893595952845641,22169.92307810909
H1,5,4.0,D1,80,long,0.0,652,31.281098121634045,0.591030218890551,0.20437814639332808,1.3730508583523158,0.40337423312883436,0.001684103754094934,0.6710716068992884,0.15108154738855661,1.5325963761566888,1.7051986944050581,0.04890385588892676,27051.98694405059
H1,5,4.0,D1,80,long,1.0,634,30.417509523184027,0.5737952268587788,0.20437814639332819,1.3657527465257024,0.40536277602523657,0.0016698395309993,0.6761971505908625,0.1492031550847922,1.5187515746254632,1.6101322158873383,0.04710510576113003,26101.322158873303
H1,5,4.0,D1,80,short,0.0,535,25.916279840848805,-0.2637816986033987,0.4065013302853029,0.8535330592459097,0.33271028037383177,-0.0007948951239160751,-0.0024855553159092328,0.2160372108628048,0.9983389019061386,-0.03842375043666679,-0.0018962120628104318,9615.762495633337
H1,5,4.0,D1,80,short,1.0,526,25.480305039787797,-0.2621585394824144,0.40650133028530355,0.8531931338733049,0.33269961977186313,-0.0008016839860371866,-0.001824692889830898,0.21553474848031495,0.9987725776174033,-0.03753784908261337,-0.0018516868580320534,9624.621509173887
H1,5,4.0,D1,120,both,0.0,1150,55.90065211605004,0.1484730385764179,0.27325931210892096,1.0605008218769776,0.3695652173913043,0.0003037374351819524,0.3060179726772101,0.1757093385684667,1.1440075485221373,0.6408777772713337,0.024364919423750298,16408.777772713358
H1,5,4.0,D1,120,both,1.0,1129,54.938349320543566,0.12135958966706982,0.2732593121089205,1.0496275131058246,0.36846767050487156,0.00025123744229655883,0.29858912175924907,0.1793791025193796,1.1423774316795792,0.6226850718549966,0.023835592760171886,16226.850718549986
H1,5,4.0,D1,120,long,0.0,649,31.547411498536068,0.5997742063994161,0.1727031840590001,1.3782819831546138,0.41602465331278893,0.0017341266815297707,0.6379515709062457,0.13956761603818735,1.4809623703008232,1.5005009308876338,0.045557207137065125,25005.009308876346
H1,5,4.0,D1,120,long,1.0,635,30.899780175859313,0.5599593080207024,0.17270318405900154,1.3538381828955828,0.4141732283464567,0.0016401816618181963,0.6260428542979842,0.13547379840484286,1.4776844302167675,1.4749894966115482,0.045085209073178145,24749.894966115473
H1,5,4.0,D1,120,short,0.0,543,26.969098449823225,-0.4296606482166395,0.5373607353315333,0.7837323968792902,0.31675874769797424,-0.0011987692027810822,-0.2268656029953071,0.3063033157819771,0.8805568531384853,-0.2321725515607871,-0.013035785320721915,7678.274484392139
H1,5,4.0,D1,120,short,1.0,536,26.621430514005983,-0.4178896693514881,0.534960338576659,0.7879574793353938,0.31716417910447764,-0.0011803167801460663,-0.22669424663711804,0.309011071650261,0.8803496666417933,-0.2308967357264694,-0.01295439932054221,7691.032642735299
H1,5,3.0,none,0,both,0.0,2209,102.52061626429479,0.228414233796155,0.42113102338877006,1.0682622049116408,0.3544590312358533,0.0002734758239876077,0.1761284008140742,0.38026748516376196,1.0538206951178726,0.3246238724623778,0.013132781180720698,13246.238724623747
H1,5,3.0,none,0,both,1.0,2155,100.01445362134687,0.18080584590481744,0.42113102338877184,1.0543706922948173,0.35266821345707655,0.00022051633473307597,0.15712783900100344,0.3899357492402864,1.0481122796994378,0.27126675526009936,0.011201414605827464,12712.667552601053
H1,5,3.0,none,0,long,0.0,1955,90.74390011437286,0.488133067316135,0.3534796459809598,1.1674178548687395,0.3774936061381074,0.0006292376790290795,0.4851490928472789,0.3489070713595963,1.1913686114991424,1.8863739361760716,0.05043182719151851,28863.739361760618
H1,5,3.0,none,0,long,1.0,1881,87.30909264201297,0.4308215830993378,0.35347964598096027,1.1494350149866177,0.37373737373737376,0.000571182269906809,0.46700941974180304,0.3504283400588166,1.186781928122522,1.8191025150638946,0.04928264287961803,28191.025150638834
H1,5,3.0,none,0,short,0.0,1956,90.77878017789072,-0.29308830339628106,0.5786721961817786,0.9144799910492586,0.33588957055214724,-0.00036125158896775465,-0.2509649092985609,0.5052453702750282,0.9257571037446912,-0.4945368481357916,-0.03116882403056631,5054.63151864208
H1,5,3.0,none,0,short,1.0,1884,87.45945602440264,-0.2615146099963828,0.55070885709106,0.9218695144515952,0.3381104033970276,-0.00033224570800473844,-0.23928837947580228,0.49693905753470224,0.9285416015630586,-0.47390354147734104,-0.029375528544172913,5260.964585226608
H1,5,3.0,H4,20,both,0.0,996,46.31304901336728,0.10253448173524315,0.34883500196960593,1.044158637692967,0.3714859437751004,0.00017457649110295864,0.16525332958976643,0.28191719051258834,1.072168780604085,0.22734797512732774,0.009571108443843013,12273.479751273288
H1,5,3.0,H4,20,both,1.0,965,44.87157861234882,0.10690878918552628,0.34883500196960626,1.0467907240620162,0.37098445595854923,0.00018708731105039484,0.1684664752981775,0.2827125113353983,1.0742673490760448,0.23261086136519538,0.009771995037380687,12326.108613651913
H1,5,3.0,H4,20,long,0.0,659,30.681931166347994,0.45431189841018854,0.18082101465935174,1.3094136646508447,0.3930197268588771,0.001129130916646996,0.4535523630594585,0.18735583123302313,1.3801024616984636,1.097722457726925,0.03509460925092789,20977.22457726925
H1,5,3.0,H4,20,long,1.0,634,29.51797323135755,0.43010294443964464,0.18082101465935096,1.2977341469074137,0.3911671924290221,0.0011039663597076027,0.44067544993067853,0.18776856902512484,1.374936395371411,1.0662538988675418,0.034366441596582975,20662.53898867549
H1,5,3.0,H4,20,short,0.0,573,26.64395289624443,-0.30541902695573214,0.34382310965180485,0.8450593048763377,0.3228621291448517,-0.0006436806010838292,-0.21976036323052855,0.25283304111175,0.8857618849223161,-0.24641246870435507,-0.01306890010565398,7535.875312956451
H1,5,3.0,H4,20,short,1.0,551,25.620973901973265,-0.2854959893957475,0.32547211068139825,0.851595622699143,0.3248638838475499,-0.0006203852691236428,-0.21622889268377093,0.24866842935567668,0.8862240990669004,-0.24102168995866424,-0.012741731292978953,7589.783100413374
H1,5,3.0,H4,32,both,0.0,1006,46.778039465308716,0.44293632326205423,0.1916473059704128,1.2080520936087038,0.39165009940357853,0.0007971030800884843,0.505769484656536,0.15765938063739648,1.242277271648448,1.0729407021735176,0.03447735337224089,20729.407021735227
H1,5,3.0,H4,32,both,1.0,972,45.19707192870783,0.4619036852568292,0.19164730597041257,1.2214060108185023,0.39300411522633744,0.0008576116746103632,0.511642635311157,0.15972979862696324,1.2476030454122122,1.0832976513589405,0.034717113874927596,20832.97651358941
H1,5,3.0,H4,32,long,0.0,601,27.981548757170174,0.43885013809094303,0.24015878414319414,1.2658282036002464,0.4059900166389351,0.0009544967144459408,0.5058239745621287,0.20676822929173622,1.3146399305546794,0.7520633450402381,0.02645347437514478,17520.63345040241
H1,5,3.0,H4,32,long,1.0,578,26.91070745697897,0.4500396363583323,0.24015878414319347,1.278067823639389,0.40657439446366783,0.0010144200988504023,0.5110719571859373,0.2059373139842242,1.3213169919088732,0.7576517677996906,0.026605675019679476,17576.51767799681
H1,5,3.0,H4,32,short,0.0,558,25.94646721833227,0.27254285300206327,0.10293779251196755,1.1712729993048494,0.3763440860215054,0.0006951938857711117,0.22666336620697697,0.10265022008120739,1.1406636423566368,0.2706129569894222,0.011198736289123046,12706.129569894196
H1,5,3.0,H4,32,short,1.0,537,24.96998726925525,0.28114448808412634,0.10293779251196666,1.1814908817512007,0.3780260707635009,0.0007382673963749547,0.2295245034433468,0.10315827727698579,1.1445972166633245,0.2736384373186911,0.011310569058669007,12736.384373186926
H1,5,3.0,H4,50,both,0.0,1140,53.11710677382319,0.2524799107403743,0.3583605898748323,1.1077848548294997,0.3631578947368421,0.0004190671209062175,0.20620009508910478,0.314595160565298,1.0889067910478356,0.33890657309388006,0.013691480080942453,13389.06573093879
H1,5,3.0,H4,50,both,1.0,1098,51.160160734787596,0.241931675932541,0.35836058987483455,1.1050982024729037,0.36156648451730417,0.000414444955933811,0.20337397057247425,0.31164270856694143,1.0887366136790002,0.3330817427133643,0.013485573296394993,13330.817427133645
H1,5,3.0,H4,50,long,0.0,674,31.468554263070434,0.3866063726117972,0.2955827483558672,1.228092625596467,0.3649851632047478,0.0008112735269505357,0.2023026639106646,0.3404147644525938,1.1126982836035078,0.24605110651037898,0.010323599219339563,12460.51106510381
H1,5,3.0,H4,50,long,1.0,643,30.02118752396779,0.35172424833874816,0.2955827483558664,1.2112345113884913,0.359253499222395,0.0007658606746610944,0.1869240972945061,0.339463307036318,1.1054975948723753,0.2236268618307724,0.009467325300344553,12236.268618307631
H1,5,3.0,H4,50,short,0.0,566,26.372177573670108,-0.17765834010966755,0.36182978894339834,0.9041873406185285,0.3480565371024735,-0.00041373647823325876,-0.07691905240338197,0.2148418301513879,0.954822480823844,-0.126571076898503,-0.006285652990134061,8734.289231014962
H1,5,3.0,H4,50,short,1.0,549,25.580080367393798,-0.16734316099516092,0.3556490010832304,0.9082686499769311,0.35154826958105645,-0.00040049109053978834,-0.07564667521578293,0.2150098403558237,0.9552385955481737,-0.12478521744260307,-0.006191075478813812,8752.147825573975
H1,5,3.0,H4,80,both,0.0,1299,60.618340360291306,0.33411677028327275,0.23154204944077716,1.1319466144300252,0.3772132409545804,0.0005101104739383796,0.3539894569647923,0.19945829954789207,1.145410954225852,0.7331292939005338,0.025994753060051723,17331.29293900544
H1,5,3.0,H4,80,both,1.0,1251,58.378401686469914,0.3312923149993004,0.2315420494407775,1.1333554317434555,0.37729816147082335,0.0005218126019626761,0.3403701348772338,0.21253656003603094,1.1403769853301426,0.6902051793596071,0.024794726951182344,16902.0517935961
H1,5,3.0,H4,80,long,0.0,707,33.009299501470025,0.6090215115905723,0.17500476872198634,1.3614138458655691,0.40594059405940597,0.001261429520788332,0.5564129494682961,0.18703278485553898,1.3361188106623707,0.9925243362713514,0.032711304537413,19925.243362713518
H1,5,3.0,H4,80,long,1.0,677,31.608622012015854,0.6145988040492032,0.17500476872198611,1.3736453213166109,0.40472673559822747,0.001323144785814159,0.5566477964137728,0.18601656657755294,1.3387058076276757,0.9819584453062742,0.03245497512307827,19819.584453062755
H1,5,3.0,H4,80,short,0.0,635,29.63252203909544,-0.1650688908062814,0.3082107475722209,0.9166165609616638,0.3417322834645669,-0.0003548135725297834,-0.07528065734064536,0.23277165936805633,0.9595950977592834,-0.12582769837280616,-0.006255808420009057,8741.723016271964
H1,5,3.0,H4,80,short,1.0,616,28.745879647374476,-0.17869908854317026,0.29861343279846553,0.9085982184345206,0.3425324675324675,-0.00039252416390006355,-0.08607486894679349,0.23900268673848846,0.9535932825337615,-0.13720500422408533,-0.006863132847206743,8627.94995775916
H1,5,3.0,H4,120,both,0.0,1423,66.54939180537772,0.6046351191108776,0.184079757988605,1.2617740845153074,0.38158819395643007,0.001004545097658266,0.6331322622477691,0.12330856588988892,1.3180108707658538,2.2098937553404867,0.05605620117578347,32098.93755340492
H1,5,3.0,H4,120,both,1.0,1372,64.16427656850192,0.5795143547440686,0.18407975798860565,1.254799647558217,0.380466472303207,0.0009902324775753473,0.6139911428730842,0.12795323007155623,1.3115137297371684,2.149104987905328,0.055112336147797425,31491.049879053342
H1,5,3.0,H4,120,long,0.0,756,35.36941206609453,0.6262974900827486,0.23828329029153905,1.405827478353823,0.4021164021164021,0.0014215553472444028,0.5247525315638135,0.2517862275831081,1.4308433272849472,1.4857996255856816,0.043522595363712835,24857.996255856848
H1,5,3.0,H4,120,long,1.0,725,33.919079031638276,0.5792098624610227,0.23828329029153816,1.3794804249046688,0.3972413793103448,0.0013540843208554774,0.5198697279695608,0.2619804324343068,1.4107868810096156,1.3847632718095801,0.04149875044484963,23847.632718095792
H1,5,3.0,H4,120,short,0.0,694,32.51455874807594,0.22577278144526913,0.23449361086003107,1.1276756228483835,0.361671469740634,0.0005324005553614423,0.34595814942986025,0.14137419453811484,1.2089586265873127,0.5485545436387629,0.020700287558106156,15485.545436387662
H1,5,3.0,H4,120,short,1.0,672,31.48383786557209,0.24766206696524892,0.21945685668552073,1.1434297187865399,0.36607142857142855,0.0006006944491533605,0.3616527271186979,0.1365145878527122,1.2218803632443642,0.579393553624924,0.021643701340249955,15793.935536249248
H1,5,3.0,D1,20,both,0.0,1675,78.34469842489435,0.34590468201894364,0.3052759062828275,1.1274477266073013,0.36656716417910445,0.0005118386812870262,0.44461382565536456,0.2614005981621329,1.200519505706401,1.6189851457167466,0.0460617385456501,26189.8514571675
H1,5,3.0,D1,20,both,1.0,1622,75.86573184786783,0.28247203244534214,0.30527590628282764,1.1047368396732649,0.36128236744759556,0.00042755705763183427,0.4182126821607545,0.27233222436526694,1.184911780590117,1.4630070165378304,0.04306171439542816,24630.07016537842
H1,5,3.0,D1,20,long,0.0,1013,47.38100268920476,0.4696217363518941,0.26579638115828375,1.2358178377554225,0.3790720631786772,0.0009027048208308006,0.4522474305528005,0.28632409721690233,1.2739870171025982,1.330753638301259,0.04037256447153004,23307.536383012633
H1,5,3.0,D1,20,long,1.0,976,45.65040338071456,0.3935475669071823,0.2657963811582831,1.1980607293703187,0.3709016393442623,0.0007756667524422902,0.43605380729385235,0.29019392372101105,1.2679728413785059,1.288712819004144,0.03948720390802141,22887.128190041312
H1,5,3.0,D1,20,short,0.0,903,42.4261319783895,0.014245736951697237,0.2812926085849585,1.0065665499877343,0.3488372093023256,2.7568245056767292e-05,0.13773955663598716,0.2151612206438248,1.0668950774934078,0.1693977608003998,0.007379496102743133,11693.977608004092
H1,5,3.0,D1,20,short,1.0,878,41.25154360689478,0.017378215042225642,0.2812926085849592,1.0081419264753366,0.34965831435079725,3.442912713102017e-05,0.1371582955606445,0.2155931577164686,1.06733841958862,0.16841958202841445,0.007339889468620742,11684.1958202842
H1,5,3.0,D1,32,both,0.0,1739,81.69385852090032,0.19141919482164735,0.31124227383627046,1.067003426698047,0.3553766532489937,0.0002752947544677663,0.2546264502041313,0.2713711220045808,1.1038559787716922,0.6416690187231071,0.02356064112338352,16416.690187231066
H1,5,3.0,D1,32,both,1.0,1686,79.20405144694534,0.132372414303846,0.31124227383627057,1.0465825826471644,0.3517200474495848,0.00019459634177832903,0.24085913965715713,0.275378926510195,1.099439259992155,0.5978840999285058,0.02226159804268102,15978.840999284932
H1,5,3.0,D1,32,long,0.0,1038,48.806578269824925,0.42242368155187565,0.20919080578568583,1.2065324177549788,0.36801541425818884,0.0008135343813973692,0.4260863124790276,0.22272661573081776,1.2534407673367338,1.2169608924014028,0.03814372237255048,22169.608924014003
H1,5,3.0,D1,32,long,1.0,1004,47.207904222451084,0.3515745680776928,0.20919080578568627,1.1721965154233758,0.3605577689243028,0.0006919910073158875,0.39253852496168606,0.22674671871470053,1.2265822434520317,1.052378020158732,0.03438517174360367,20523.780201587328
H1,5,3.0,D1,32,short,0.0,869,40.86022785787848,-0.11151356677136466,0.3279609646461348,0.9490951938742176,0.34062140391254314,-0.00021729450426715793,-0.0505299864652561,0.29330184691009176,0.9762329866840315,-0.11896937103519079,-0.005937966967223929,8810.306289648093
H1,5,3.0,D1,32,short,1.0,841,39.5436727600412,-0.12376933788995412,0.32796096464613333,0.9427002724482012,0.34244946492271106,-0.0002474622796615275,-0.05188564660689764,0.28762631160809937,0.975235996564932,-0.12167667412912353,-0.00608180610404252,8783.233258708779
H1,5,3.0,D1,50,both,0.0,1768,83.57214960528019,0.11231248120828645,0.30090158384099497,1.0376573601045467,0.35237556561085975,0.00015615598087758225,0.22011058070662742,0.2549619547939147,1.085896106517999,0.5262496714530269,0.020187165606371238,15262.49671453035
H1,5,3.0,D1,50,both,1.0,1715,81.0878640776699,0.09409606814731193,0.30090158384099686,1.0319082408487847,0.3498542274052478,0.00013403082257525817,0.21486111970930705,0.2480913936325433,1.084646700117103,0.5074501759972774,0.019594782346963546,15074.5017599728
H1,5,3.0,D1,50,long,0.0,1036,48.97101074155559,0.4184156843762281,0.25759774620661424,1.1992721929870767,0.3764478764478765,0.0007810694023263131,0.43938468172802125,0.2647524835526135,1.255384909712184,1.2605049128650672,0.03930507833581376,22605.049128650575
H1,5,3.0,D1,50,long,1.0,1000,47.28155339805825,0.38566986929624003,0.25759774620661247,1.1855134687274027,0.372,0.0007385608841027147,0.41769435679931854,0.2726013474444001,1.2458097775762509,1.1896887174629769,0.03775254639503922,21896.887174629686
H1,5,3.0,D1,50,short,0.0,853,40.620371577574964,-0.17130467840619906,0.3429618038056559,0.9232140299651386,0.3235638921453693,-0.0003349724117034823,-0.04974879726874275,0.2815674622006,0.9764744366119837,-0.12252834804710222,-0.006205186391538886,8774.716519529016
H1,5,3.0,D1,50,short,1.0,829,39.48777386541471,-0.17465321014621685,0.34296180380565633,0.9206867451583357,0.3232810615199035,-0.0003495928778049852,-0.06762598725202539,0.27286642228437596,0.9685880065529822,-0.14241463762005124,-0.0072913660430009575,8575.853623799487
H1,5,3.0,D1,80,both,0.0,1781,85.24574105621805,0.12035957646118525,0.21252448019794112,1.0396312279072442,0.35429533969679955,0.0001635112944869937,0.24184881828870386,0.20294629175963397,1.0921386174789978,0.5945086356748246,0.022582904401159842,15945.086356748167
H1,5,3.0,D1,80,both,1.0,1732,82.90040623771458,0.1187699729137823,0.21252448019794157,1.039608547669309,0.35450346420323325,0.00016468974748160578,0.24110402031210032,0.1993580094544214,1.092845911496451,0.5914182623407254,0.022487954960967116,15914.182623407265
H1,5,3.0,D1,80,long,0.0,1030,49.40347997373605,0.3762211228063045,0.22013972295953566,1.174111801172405,0.3757281553398058,0.0006942759692469232,0.4632033556551094,0.21077260458200386,1.2605959698241593,1.3531808553669813,0.04190057372287859,23531.808553669714
H1,5,3.0,D1,80,long,1.0,1001,48.01250820748523,0.36113944102987205,0.22013972295953677,1.1686528284962905,0.37362637362637363,0.0006798703972219063,0.4544348322780828,0.21405559682645303,1.2581982361418091,1.3240714686374289,0.04127871058209065,23240.714686374213
H1,5,3.0,D1,80,short,0.0,847,40.57801023084995,-0.2402160069718306,0.36056797029735266,0.8939158557165634,0.32585596221959856,-0.0004570422627506138,-0.10068615437573833,0.3326730572836817,0.9543442669467911,-0.1779955748960178,-0.009346455738160064,8220.044251039828
H1,5,3.0,D1,80,short,1.0,825,39.52403593913956,-0.2192107401532582,0.35680269228860406,0.9014322154463227,0.3296969696969697,-0.00042624926990256863,-0.10001614070803576,0.33337082785193106,0.9542871526880016,-0.17591408620796234,-0.009226421245681737,8240.859137920372
H1,5,3.0,D1,120,both,0.0,1773,86.16128924960084,0.20466708052153648,0.32587989138197193,1.0691089882010707,0.3530738860688099,0.00028319783521419734,0.2202736757327684,0.3252123008632075,1.0819185003378264,0.49221357645192376,0.019641604328117124,14922.13576451924
H1,5,3.0,D1,120,both,1.0,1741,84.69635721896643,0.166634015433631,0.32587989138197127,1.0563879133423042,0.35037334865020103,0.0002331844973947893,0.21128911784838625,0.3203748160284984,1.0791731171072516,0.46758488935421205,0.018837524867451716,14675.848893542236
H1,5,3.0,D1,120,long,0.0,1001,48.64492416178818,0.4674828509807362,0.19330112727137538,1.2252325490664757,0.3836163836163836,0.0008952934726151046,0.47166495003376924,0.23274748042309756,1.270820263032778,1.3831563610802227,0.043105483299254344,23831.56361080218
H1,5,3.0,D1,120,long,1.0,980,47.67514651038891,0.42355304259175,0.19330112727137594,1.2042472545201206,0.3795918367346939,0.0008206827430700611,0.4597221183412971,0.23575863353061266,1.2657198657320827,1.3548127302275095,0.042545394624609933,23548.12730227502
H1,5,3.0,D1,120,short,0.0,845,41.95707585644372,-0.2373112811364844,0.40762275206892407,0.8958440798548926,0.3136094674556213,-0.0004425129897703074,-0.21311142671048824,0.4230150661020936,0.9064993159128212,-0.30688237754886016,-0.01803607703958321,6931.1762245114105
H1,5,3.0,D1,120,short,1.0,834,41.41088907014682,-0.24042681577596817,0.4076227520689235,0.8939434975584728,0.3129496402877698,-0.0004534044968192968,-0.20266344480438866,0.4155293696304838,0.9099990353735102,-0.2985430053467135,-0.01745276657348427,7014.569946532913
H1,5,2.5,none,0,both,0.0,2956,137.18919949174077,-0.088784967195809,0.6111857021671675,0.9782498185272779,0.33220568335588635,-7.813769921316714e-05,-0.038719298675093154,0.5968172950718218,0.9898839481845202,-0.30501288779097424,-0.01674520100340393,6949.871122090245
H1,5,2.5,none,0,both,1.0,2859,132.68738881829734,-0.10176575409931514,0.6111857021671676,0.9746885033305361,0.33193424274221756,-9.195964989521595e-05,-0.04977141392399875,0.6046443982993893,0.9869558022443088,-0.32604974959559974,-0.018146831061812585,6739.502504043968
H1,5,2.5,none,0,long,0.0,2553,118.50085779641633,0.44632712019742493,0.37872213822922385,1.1333022512233077,0.37289463376419896,0.00044305053780367514,0.5096414161491976,0.34635943040853256,1.171716672480984,2.119439067257124,0.05422475957656259,31194.390672571128
H1,5,2.5,none,0,long,1.0,2443,113.39506290507053,0.3981820849722704,0.3787221382292253,1.1209970216353549,0.3692181743757675,0.00040903090046022706,0.48715663497447964,0.36145887577274505,1.1659191084047926,2.0475219617125715,0.05308403840613174,30475.21961712566
H1,5,2.5,none,0,short,0.0,2554,118.53221092757305,-0.46435351383858076,0.721338872385834,0.8815419171940188,0.3128425998433829,-0.0004396797133289859,-0.37245581137486794,0.7099508363456142,0.9013307656391044,-0.6981571210627395,-0.054075628641933604,3018.428789372602
H1,5,2.5,none,0,short,1.0,2441,113.31663065582104,-0.4307409300622989,0.7000422832804336,0.8873747167345595,0.31667349446947973,-0.00042311291477714055,-0.3572328062595589,0.7024093064498969,0.9032423278436768,-0.6834585566985534,-0.05199881521051064,3165.4144330144486
H1,5,2.5,H4,20,both,0.0,1313,60.99888705164081,-0.11369064871110027,0.3640193288874355,0.9575867662310809,0.3396801218583397,-0.0001570282826594504,-0.0031696357906880143,0.33169856746747906,0.9987275467497212,-0.09205475241321559,-0.004476421393344476,9079.452475867834
H1,5,2.5,H4,20,both,1.0,1258,58.451151253021244,-0.11635047730167944,0.35356491223185393,0.9557544946123342,0.34181240063593005,-0.0001657028911645229,-0.002056555407055413,0.331116720177849,0.9991643136495333,-0.08936554664524232,-0.004340180277074612,9106.344533547566
H1,5,2.5,H4,20,long,0.0,843,39.2536652218256,0.42490695336975426,0.17825989614348203,1.248507469307057,0.39383155397390274,0.000816159255023071,0.40782637504334235,0.19507342051224463,1.3185490268101383,1.0955573031311885,0.0350493884588865,20955.5730313118
H1,5,2.5,H4,20,long,1.0,804,37.43765935747068,0.41565852245133567,0.1782598961434817,1.2489778296238039,0.3917910447761194,0.0008307329587208518,0.40563069536822854,0.19479180260449513,1.3219927011664465,1.0900665815393453,0.03492294782851135,20900.665815393342
H1,5,2.5,H4,20,short,0.0,697,32.38097812261511,-0.43039531637994993,0.46928655243923223,0.7878115414522892,0.28694404591104733,-0.0008345716785060507,-0.26705177675972497,0.4132040890331521,0.8453825136778861,-0.3942225951772077,-0.023017514707646014,6057.774048227937
H1,5,2.5,H4,20,short,1.0,664,30.851800025442056,-0.4142343555052807,0.46043974430727164,0.7908863836078313,0.2936746987951807,-0.0008330077334487824,-0.260183522294177,0.4059956753990821,0.8476728941552049,-0.38424995815975405,-0.02227891231242185,6157.5004184024765
H1,5,2.5,H4,32,both,0.0,1423,66.17656608097785,-0.10127804767741004,0.40273503289860857,0.9637675664574027,0.3436401967673928,-0.00013229748867927944,0.10900018308858929,0.2905870896496109,1.0424442478141134,0.13824298881576436,0.0060399014227146,11382.429888157647
H1,5,2.5,H4,32,both,1.0,1366,63.525783040488925,-0.09928011565755651,0.3968481319658008,0.96378038789957,0.34333821376281115,-0.00013437834124728284,0.11100723387283191,0.2889684867599912,1.0436733120157273,0.14280680039235616,0.006227132725478368,11428.068003923581
H1,5,2.5,H4,32,long,0.0,818,38.08470363288719,0.10982518850454985,0.2583837636199777,1.0533272330703334,0.3740831295843521,0.0001829851499407869,0.2795642606516992,0.25519671321793724,1.1455611552293268,0.4182942621214314,0.016403111087331057,14182.942621214304
H1,5,2.5,H4,32,long,1.0,783,36.455162523900576,0.08617695752239399,0.2583837636199783,1.0425213507716793,0.3665389527458493,0.0001489338353418941,0.26588598585059964,0.25885514761305606,1.1397079413850761,0.3945836977566224,0.01560562316942704,13945.836977566178
H1,5,2.5,H4,32,short,0.0,744,34.59969442322384,-0.14158896109061567,0.29777675003222603,0.9299418351260789,0.31989247311827956,-0.000265687553130146,-0.03622050205053856,0.234664687791874,0.9795797999189604,-0.1033204144631007,-0.0050588382612473115,8966.795855369015
H1,5,2.5,H4,32,short,1.0,711,33.065030557677616,-0.11367818657916612,0.28489382487963066,0.9421843416832796,0.3263009845288326,-0.0002220493151409084,-0.0298267909920316,0.22458400228988185,0.9830414871067832,-0.09275425117587488,-0.004516651692828444,9072.457488241218
H1,5,2.5,H4,50,both,0.0,1640,76.3459087433087,-0.02232515739824506,0.4748963864433109,0.9923606892542429,0.3402439024390244,-2.700938166422845e-05,-0.04758096310664708,0.505051993820165,0.9831994379991039,-0.19249470107596067,-0.00990379433510069,8075.052989240379
H1,5,2.5,H4,50,both,1.0,1566,72.9010323731838,-0.04210290814834526,0.4748963864433091,0.9853017213522993,0.34035759897828866,-5.284897617189643e-05,-0.04635929360707323,0.49518559942199425,0.983405279497689,-0.1900853744851716,-0.00976646837771955,8099.14625514829
H1,5,2.5,H4,50,long,0.0,935,43.54312762973352,0.18445039109045983,0.33508465638542617,1.0887575514277423,0.3593582887700535,0.0002938141656334293,0.1315857814941673,0.4159359380599966,1.0612478688368887,0.15900178472942206,0.00689552089408374,11590.017847294232
H1,5,2.5,H4,50,long,1.0,884,41.16804794083896,0.16429536614015613,0.3350846563854265,1.0810556761279573,0.3574660633484163,0.00027369166417391157,0.10481918691738856,0.4263885228719496,1.0490999001808377,0.11250096144500277,0.004977221280949129,11125.009614450055
H1,5,2.5,H4,50,short,0.0,793,36.949004975124375,-0.24941677329398662,0.42212980204532047,0.8838472927723637,0.31651954602774274,-0.0004462338113099594,-0.15499183977820877,0.3530626393057327,0.9171113717989596,-0.2604873063230162,-0.01396198453847286,7395.126936769861
H1,5,2.5,H4,50,short,1.0,763,35.55118637581324,-0.24825579441689158,0.42212980204532125,0.8822183051192017,0.3197903014416776,-0.00045878710096138725,-0.1562434817895628,0.3534691983221694,0.9155713089022529,-0.2618133662793717,-0.014044438638828982,7381.866337206315
H1,5,2.5,H4,80,both,0.0,1824,85.07419231260376,0.10142926026336588,0.321970963672627,1.0322484540397106,0.35581140350877194,0.00011296455905021816,0.16896955315179996,0.35146589259108163,1.055401029972188,0.28716591881104536,0.011843916255724896,12871.659188110489
H1,5,2.5,H4,80,both,1.0,1750,81.62271740518453,0.1018736784178582,0.3219709636726261,1.033053902449978,0.3565714285714286,0.00011717754944276112,0.16902490163362477,0.34996882464284695,1.056015014712597,0.2863917357254202,0.011815522671582146,12863.917357254184
H1,5,2.5,H4,80,long,0.0,978,45.662086156206065,0.41850255708584577,0.19376891959824216,1.1984384485415003,0.3885480572597137,0.0006272485147880009,0.4564435687349289,0.21731076784920011,1.2263844127818928,0.8628865589230867,0.029472620381145065,18628.865589230823
H1,5,2.5,H4,80,long,1.0,932,43.514380672376326,0.41600360992027086,0.19376891959824205,1.2025994076254132,0.388412017167382,0.0006485822204887244,0.43897546326725134,0.2206996667761041,1.219493361698357,0.8210639930856176,0.028381815569519686,18210.63993085615
H1,5,2.5,H4,80,short,0.0,892,41.60426510024263,-0.3647584887121751,0.49765573727199164,0.8510105958884391,0.3150224215246637,-0.0005777490646174494,-0.30998965853334776,0.4621844199290027,0.8716342924092818,-0.39662636781479,-0.02328871504824115,6033.736321852094
H1,5,2.5,H4,80,short,1.0,863,40.25166006895672,-0.3764708720651365,0.49765573727199264,0.844496309656083,0.3163383545770568,-0.0006092588372671391,-0.3173041258239551,0.464934475589592,0.8678048084224878,-0.4020014978847182,-0.023696276308723507,5979.985021152798
H1,5,2.5,H4,120,both,0.0,1954,91.38265044814341,0.41692925141451315,0.24926711565150572,1.14516836759191,0.37154554759467756,0.0004987279805760526,0.48151913600576673,0.19820433148940408,1.205225555914966,1.727254405055604,0.04803929544721175,27272.54405055613
H1,5,2.5,H4,120,both,1.0,1871,87.50099231754162,0.4058211926184131,0.2492671156515045,1.1445209904330378,0.3719935863174773,0.0005023479496585362,0.4765481500556011,0.19992503596224975,1.20625386028795,1.7131585712321655,0.04778534206268881,27131.585712321652
H1,5,2.5,H4,120,long,0.0,1030,48.188484693224034,0.6198569199759851,0.1437685879158902,1.3283071130126354,0.4097087378640777,0.0010291157999942032,0.5574653221079688,0.17358976999963305,1.3765267629765852,1.759623969339243,0.04863689802096216,27596.239693392316
H1,5,2.5,H4,120,long,1.0,984,46.03637760983733,0.5897256295981518,0.1437685879158892,1.3190654209698374,0.4054878048780488,0.001016500732881668,0.5481807845015025,0.17829471689861365,1.3762484604421494,1.7331143645368727,0.04816344070569234,27331.143645368527
H1,5,2.5,H4,120,short,0.0,945,44.2684686417853,-0.05869328996528214,0.2682999120643753,0.9735394160340699,0.326984126984127,-9.985326690964268e-05,0.04304515862511575,0.2742774172082828,1.0210393281238668,0.011694613663100206,0.0005448032381667467,10116.946136631026
H1,5,2.5,H4,120,short,1.0,907,42.48836090804155,-0.04404079336603086,0.26829991206437653,0.9796795742999296,0.3318632855567806,-7.730221798974279e-05,0.05015451470183624,0.2743342301120173,1.0248199991214626,0.02355130884611234,0.0010910632739229431,10235.513088461137
H1,5,2.5,D1,20,both,0.0,2247,105.09882827506722,0.24316798842777929,0.3760565103369825,1.0763838449060745,0.3582554517133956,0.0002681044576044142,0.3434570884570856,0.3458340071095608,1.1359493307707746,1.203246629533008,0.03763849559274579,22032.466295330163
H1,5,2.5,D1,20,both,1.0,2160,101.02958125240107,0.1922461560935421,0.37605651033698384,1.0612210071194959,0.35509259259259257,0.00021830872741172017,0.33240234332101876,0.35369987084307164,1.1278522696878273,1.103788766420951,0.035399054223359316,21037.88766420949
H1,5,2.5,D1,20,long,0.0,1346,62.95639646561659,0.5110157900949136,0.1987319877833983,1.220730594949176,0.38781575037147104,0.000727065156600664,0.47480032720797966,0.24758337851008172,1.2607414471682943,1.6442739286535262,0.04653201825663955,26442.7392865351
H1,5,2.5,D1,20,long,1.0,1293,60.47742988859009,0.4554685855711875,0.19873198778339696,1.199301482292657,0.3820572312451663,0.0006681708838297186,0.4620603316329831,0.25244500020390304,1.2567673867688895,1.6088839325492188,0.04587268177292492,26088.83932549202
H1,5,2.5,D1,20,short,0.0,1190,55.910406483148954,-0.09247777372149918,0.3582453901764876,0.962746391880514,0.32857142857142857,-0.00013712825843807544,0.05507447514118633,0.3056171314366112,1.0233948149948378,0.02912148058388464,0.0013495960663949536,10291.214805838865
H1,5,2.5,D1,20,short,1.0,1146,53.84313094931824,-0.08750677096554062,0.35824539017648704,0.9640585389256652,0.33158813263525305,-0.00013352504822122018,0.05578502409411195,0.30642835207524277,1.0239677527300473,0.03048730139992739,0.001411995981436709,10304.873013999279
H1,5,2.5,D1,32,both,0.0,2304,108.22222222222223,0.20011322076756993,0.3507355460744105,1.0615213864219144,0.3450520833333333,0.00022019924882249171,0.2937542072792899,0.27098590320438987,1.1122200793056813,0.8967416574333058,0.030524799769895195,18967.41657433301
H1,5,2.5,D1,32,both,1.0,2218,104.18267746913581,0.15839964998755882,0.35073554607441015,1.0493487762179852,0.34265103697024346,0.00017942966084991024,0.2652093709991985,0.2767708138305204,1.0983653676554166,0.746135371442791,0.026527883538570496,17461.353714427903
H1,5,2.5,D1,32,long,0.0,1363,64.08802136972194,0.3889339610205257,0.2277503504706726,1.163908910333881,0.3646368305209098,0.0005656612126586497,0.4063597684900259,0.21068836054002338,1.2202220373603339,1.2784050828419473,0.039479058092703356,22784.050828419473
H1,5,2.5,D1,32,long,1.0,1311,61.642990473738415,0.3381267223363003,0.2277503504706706,1.1442568758184186,0.35850495804729215,0.0005067018742366752,0.38930549116359,0.21576944543015353,1.2136068050882807,1.2321133590665947,0.03847626965051765,22321.13359066589
H1,5,2.5,D1,32,short,0.0,1150,54.065838589265034,-0.20315533827525215,0.458776811966612,0.9192549212473318,0.31478260869565217,-0.0003026185192498658,-0.12969387818572553,0.43411935913566246,0.9459836716716543,-0.24347135408499088,-0.013031882151374297,7565.286459150077
H1,5,2.5,D1,32,short,1.0,1103,51.856191273008115,-0.2098252044756393,0.45877681196661124,0.9151734163258314,0.3173164097914778,-0.0003227014680151825,-0.13601926801640507,0.4391493488827112,0.9427932834740864,-0.25091620080199784,-0.01349066098110685,7490.837991980006
H1,5,2.5,D1,50,both,0.0,2338,110.51565937621329,0.0893771906018823,0.43768918746123386,1.0261654054591391,0.3426005132591959,9.382304371186198e-05,0.18937925170569628,0.3963832732109195,1.0649205166127933,0.42613128816829593,0.016920528295739867,14261.312881682901
H1,5,2.5,D1,50,both,1.0,2248,106.28893203883496,0.0821657426242458,0.437689187461234,1.024496583219841,0.3416370106761566,8.918888220316599e-05,0.19203750025975994,0.39519748165253477,1.0664483803900868,0.4347407502561049,0.01721438106512929,14347.407502561073
H1,5,2.5,D1,50,long,0.0,1366,64.56988481946422,0.49408377237197465,0.19720028070405038,1.2079941059699508,0.3689604685212299,0.0006987564927569068,0.5027576163797342,0.1684883817347671,1.2732782814302852,1.620531139123194,0.04659095462909435,26205.31139123189
H1,5,2.5,D1,50,long,1.0,1307,61.796990291262134,0.4499068041473283,0.1972002807040505,1.1925792877899217,0.36495791889824025,0.000657388449522801,0.48905092328971195,0.1712123775988048,1.2692170146340984,1.5862421771673505,0.04595172460874353,25862.42177167345
H1,5,2.5,D1,50,short,0.0,1131,53.85889830508474,-0.3722774855065075,0.5404254795229291,0.8550882640325389,0.3041556145004421,-0.000548723370704725,-0.3212110398119898,0.5443120252321466,0.8712126315152249,-0.46740827809967433,-0.029555422251440255,5325.9172190032305
H1,5,2.5,D1,50,short,1.0,1092,52.13083257090576,-0.3474341858589126,0.5404254795229311,0.862313321631859,0.3067765567765568,-0.0005283678528951079,-0.2995979001275917,0.5294204682140039,0.8788038179829492,-0.4440044122603901,-0.02763347956331319,5559.9558773960825
H1,5,2.5,D1,80,both,0.0,2345,112.18222003929273,0.12917459903887318,0.29149635342451763,1.0381900829108197,0.34626865671641793,0.00013533058978614602,0.32121452427467073,0.22862853294483265,1.1162374527788392,1.0389360089559765,0.03466921526257627,20389.360089559854
H1,5,2.5,D1,80,both,1.0,2271,108.69908924125278,0.13118373314951015,0.2902962731990235,1.0393762890937688,0.34566270365477764,0.00014107583134113393,0.3218499978180443,0.22843624323935985,1.1177334972701465,1.0406968115522628,0.03473045073339032,20406.96811552254
H1,5,2.5,D1,80,long,0.0,1344,64.46434668417598,0.475662400385679,0.1982969386749952,1.1985641640005904,0.3757440476190476,0.0006703714868606808,0.5273638006017405,0.17752074925077244,1.2768987402246756,1.8131837667987205,0.05086174380382835,28131.83766798711
H1,5,2.5,D1,80,long,1.0,1299,62.314125295508276,0.44306415504208757,0.19031437862019462,1.1870058442179579,0.3710546574287914,0.0006409731044979989,0.5204568607346516,0.17402602629536534,1.2755777231182392,1.7933934843720145,0.05051276449177311,27933.934843719977
H1,5,2.5,D1,80,short,0.0,1123,53.765336217066455,-0.4103116342811288,0.5232853375549007,0.8418638406899803,0.3081032947462155,-0.0005942062799386692,-0.2725366333740717,0.5206429954073595,0.890579228198571,-0.41435426438255174,-0.025290563037952518,5856.457356174452
H1,5,2.5,D1,80,short,1.0,1091,52.26754328436516,-0.36487906404126413,0.49174552079290557,0.8564158815480385,0.31347387717690195,-0.0005426504145984164,-0.26101150223645564,0.5148259326590015,0.8947646931112234,-0.3958266423855653,-0.02385146799638571,6041.733576144356
H1,5,2.5,D1,120,both,0.0,2336,113.43047061951609,0.08366295000159668,0.48395174468735125,1.0240961858208615,0.3398972602739726,8.627878938194106e-05,0.19441793971623408,0.42621213304074745,1.0656569019131246,0.46287246761474266,0.01864304345346368,14628.724676147354
H1,5,2.5,D1,120,both,1.0,2278,110.6141318798192,0.042611878639920636,0.48395174468735025,1.0123525065336303,0.33801580333625986,4.474089095357384e-05,0.18973620685260562,0.4204692042940832,1.064453633099743,0.44689446955652334,0.018099966161155168,14468.94469556521
H1,5,2.5,D1,120,long,0.0,1304,63.319064078702475,0.6096196303486061,0.1590409590084344,1.2659644699291868,0.37883435582822084,0.0008956341181036803,0.6101972929954109,0.16335706010563567,1.316793384675639,2.125218949602892,0.05689097480217775,31252.189496028794
H1,5,2.5,D1,120,long,1.0,1267,61.52243419303377,0.5433162266465263,0.15904095900843318,1.2380196761469897,0.3741120757695343,0.0008132515527463703,0.5832460516722762,0.16940434559751283,1.3042810239340603,2.0470599742747093,0.05559198248393726,30470.599742746926
H1,5,2.5,D1,120,short,0.0,1124,55.81035889070147,-0.5494108396348104,0.6022307289422477,0.798275389297921,0.29270462633451955,-0.0007662907194809089,-0.3684638746821316,0.5888447659594804,0.8557053346926712,-0.5257048154074819,-0.03636018548019326,4742.951845925165
H1,5,2.5,D1,120,short,1.0,1103,54.76763866231648,-0.5256673074688806,0.5973230952265416,0.8048115491307065,0.29465095194922936,-0.0007465286477089453,-0.36561473168459835,0.5893158106869729,0.8564828989743077,-0.520133461386442,-0.03580124848389299,4798.665386135585
H1,5,2.0,none,0,both,0.0,4012,186.22226458253908,0.13504390598307817,0.48053383786733295,1.0297260847294005,0.3432203389830508,8.891883532638256e-05,0.2871832001543549,0.3094586187412719,1.0659209626911068,0.8176999207442739,0.02812534227091268,18176.99920744262
H1,5,2.0,none,0,both,1.0,3875,179.86322912695388,0.07271706481223317,0.49270144422328943,1.0161598995746777,0.3432258064516129,4.905389797854513e-05,0.26086920404038666,0.3184281884016291,1.0601351148263751,0.7228101724728804,0.025569912619472612,17228.10172472873
H1,5,2.0,none,0,long,0.0,3398,157.72264582539077,0.4530359800980404,0.33625767028979103,1.1126931013112884,0.3616833431430253,0.00032089330036807773,0.5720060284685538,0.2308231928888026,1.146693614547265,2.0286526035815693,0.052780489000854525,30286.526035815437
H1,5,2.0,none,0,long,1.0,3254,151.03869614944722,0.39882839046130997,0.3362576702897915,1.1008360168676472,0.360479409956976,0.00029207239893396344,0.5554626596151655,0.2353070151939438,1.144147938384031,1.9981699084305191,0.05228628618857889,29981.699084305208
H1,5,2.0,none,0,short,0.0,3399,157.74901524777636,-0.37896200222491594,0.6742842857428107,0.9101820640903039,0.30714916151809357,-0.00027859772800976624,-0.19067811821117683,0.6993389810602357,0.9451210507049022,-0.644789124800875,-0.04690129699915324,3552.1087519912453
H1,5,2.0,none,0,short,1.0,3245,150.6400927808846,-0.33918194130642265,0.6411036764982723,0.9174530214089948,0.3106317411402157,-0.00025866189970986004,-0.19763943879777257,0.7094812802089719,0.9426248533743385,-0.6403343856358789,-0.04636135178409917,3596.656143641213
H1,5,2.0,H4,20,both,0.0,1870,86.89790076335878,0.12452210584143306,0.43019447320479354,1.0415457300501463,0.34385026737967916,0.00012549705459615666,0.27701215813578256,0.31864541973195126,1.1013899256741464,0.6310110272944911,0.022993227313261144,16310.110272944992
H1,5,2.0,H4,20,both,1.0,1791,83.22681297709924,0.11115548081452754,0.4196493826843932,1.037791552280267,0.3461753210496929,0.00011582077949398908,0.2759207466945166,0.3119685673234265,1.1020714975274581,0.6266906887696757,0.02286714609856011,16266.906887696743
H1,5,2.0,H4,20,long,0.0,1131,52.664170066292705,0.3756402978201369,0.16172878551762226,1.16715157883043,0.3757736516357206,0.00047039946355397063,0.46739287521193457,0.16735532919080198,1.2192409179423478,0.8831911064272879,0.029912317221868934,18831.91106427294
H1,5,2.0,H4,20,long,1.0,1077,50.14970040795512,0.3485834413727101,0.1617287855176217,1.1582645312804185,0.37604456824512533,0.0004539050429516514,0.4570743826462936,0.16962373987745338,1.2168655863317694,0.863515461273783,0.02940874706446106,18635.154612737875
H1,5,2.0,H4,20,short,0.0,982,45.702790519877674,-0.24475417222308452,0.39988815262135,0.8921073231219527,0.3044806517311609,-0.0003424931483181623,-0.12191646986090623,0.3328809788052097,0.9378199000416196,-0.24659719671878233,-0.013091740931783336,7534.028032812195
H1,5,2.0,H4,20,short,1.0,939,43.701548165137616,-0.22671864526914007,0.38840287941742957,0.8977413450541041,0.3077742279020234,-0.0003287435898433968,-0.11483761079723086,0.32956134031216644,0.9409148834009297,-0.23395286320182151,-0.012326979821146833,7660.471367981789
H1,5,2.0,H4,32,both,0.0,2109,98.07897249809015,-0.2550866359222825,0.5356775023791785,0.9211633554907535,0.3323850165955429,-0.0002460044516337359,-0.0183110740198588,0.5216679514696436,0.9928647916923851,-0.27596620516965853,-0.014905057113678177,7240.337948303457
H1,5,2.0,H4,32,both,1.0,2024,94.12605042016807,-0.26581891787120804,0.54186728504971,0.9163202582085763,0.33300395256917,-0.0002646139091367691,-0.030997581563365587,0.5240613021712945,0.9877145914919977,-0.3115542566676174,-0.017211339619451205,6884.4574333238415
H1,5,2.0,H4,32,long,0.0,1169,54.43361167771545,-0.02589058207925649,0.46279534426167035,0.9898121368134725,0.358426005132592,-2.9693999076856945e-05,0.22259911907613592,0.4654135879194342,1.0981373139980612,0.39760320160142526,0.015709915416526776,13976.032016014195
H1,5,2.0,H4,32,long,1.0,1120,52.15196328403876,-0.06906972511252751,0.4627953442616697,0.9724412489494636,0.3535714285714286,-8.196521099293454e-05,0.20799434611751927,0.4700923905466403,1.0924169763949982,0.3634636913097591,0.014540941592626755,13634.636913097493
H1,5,2.0,H4,32,short,0.0,1080,50.2253628724217,-0.22536484367514523,0.35963922738914833,0.8966453766334638,0.3074074074074074,-0.0003380169370031925,-0.152057753968396,0.5111720052700912,0.9069724619987847,-0.40196570008887067,-0.023624991376072657,5980.342999111287
H1,5,2.0,H4,32,short,1.0,1034,48.08613445378152,-0.2006261035382043,0.3520833844569591,0.9055933634862571,0.31237911025145065,-0.000311407415407833,-0.1435919450196643,0.5063229337945059,0.911047509735622,-0.38258754893556157,-0.022175948448213356,6174.124510644374
H1,5,2.0,H4,50,both,0.0,2393,111.3998534284986,-0.00901312533920474,0.3368241710439758,0.9972892446754198,0.3343083994985374,-8.334859985159757e-06,0.06335952041667234,0.3848457107194573,1.0234675998976477,-0.037557026916737124,-0.0017804599018238498,9624.429730832675
H1,5,2.0,H4,50,both,1.0,2283,106.29263862332697,-0.021226363048983208,0.3509251385637251,0.9934739463066637,0.3355234340779676,-2.038221351325149e-05,0.04723965940870712,0.4001524040726875,1.0178095888381207,-0.09108494536403688,-0.004436617715139146,9089.15054635966
H1,5,2.0,H4,50,long,0.0,1305,60.774097921713626,0.30821337732735643,0.28329436409904496,1.1254667041277533,0.3632183908045977,0.00034487533596760093,0.3924703489335481,0.31596198492560257,1.1724123359348668,0.8168617705453491,0.028197798219075976,18168.617705453533
H1,5,2.0,H4,50,long,1.0,1236,57.5680948737567,0.2955740897730923,0.2832943640990444,1.1235510328205458,0.3640776699029126,0.00034621675612744765,0.3887685524033934,0.3176365919212877,1.173180179994699,0.8063115139249715,0.027922583155576275,18063.115139249654
H1,5,2.0,H4,50,short,0.0,1178,54.88767699961729,-0.31548034371581674,0.47570948099130494,0.8682773084558693,0.30135823429541597,-0.0004522295430837519,-0.1653276887742531,0.5021447625029469,0.9098880767126809,-0.4258919550258291,-0.025525316978132206,5741.080449741706
H1,5,2.0,H4,50,short,1.0,1132,52.751084460321515,-0.31957774318467386,0.49637457739493995,0.8641064468493889,0.303886925795053,-0.0004719988459531872,-0.17882432909746704,0.5139228382167389,0.9007583465705745,-0.45166721752690875,-0.02761223241634081,5483.327824730928
H1,5,2.0,H4,80,both,0.0,2605,121.48573161389172,0.18976162931828053,0.2641437374497284,1.0545125135035498,0.34510556621881,0.0001623357338390562,0.20439775558620524,0.29519128479289924,1.0676533545155873,0.43279421454869227,0.016912827753163828,14327.942145486939
H1,5,2.0,H4,80,both,1.0,2496,116.40245148110316,0.14702656720444632,0.2804639133172335,1.0428995255905478,0.344150641025641,0.00012987587852955151,0.18921236713714729,0.30184292121853296,1.0632268125672926,0.38248316351792333,0.01521904474736746,13824.831635179276
H1,5,2.0,H4,80,long,0.0,1400,65.38166474875335,0.355621190833567,0.18776646148574183,1.1377694094364652,0.37214285714285716,0.00038010119065474675,0.46998458981939517,0.21632444637738046,1.1956851928879826,1.042243621047949,0.03390917962345674,20422.43621047948
H1,5,2.0,H4,80,long,1.0,1331,62.19108993219905,0.3466987510461137,0.18776646148574372,1.1375882900849144,0.3711495116453794,0.00038640666449552165,0.46480797717142497,0.21468564317619243,1.1958648651829744,1.0240931203066763,0.03349563337881589,20240.931203066764
H1,5,2.0,H4,80,short,0.0,1257,58.62094611848825,-0.07729742657838634,0.33905203126366446,0.968092717669576,0.3142402545743834,-0.00010263268564007334,-0.12744999541525476,0.4935613063109521,0.9325793312322904,-0.3590852474856172,-0.020532533949155662,6409.147525143821
H1,5,2.0,H4,80,short,1.0,1217,56.7555222165475,-0.12733077231759915,0.3565255259552286,0.9470874648935957,0.31388660640920296,-0.00017246448908582294,-0.1311164190232251,0.4645480044448498,0.9341315468088099,-0.3410933306187568,-0.01926710013352595,6589.066693812445
H1,5,2.0,H4,120,both,0.0,2743,128.23252911813643,0.4327781738232669,0.24277637427573084,1.1226131722868484,0.35654393000364565,0.0003583770482038038,0.5711750826535846,0.18862223998266647,1.1744368030430412,1.8958880383117975,0.05096399928807971,28958.880383118038
H1,5,2.0,H4,120,both,1.0,2625,122.76328425096031,0.4065795523485329,0.24771882866286488,1.1174773458315324,0.35695238095238097,0.00034873289661013264,0.5625802094561504,0.19380699524935763,1.174473368545538,1.8751639394819106,0.050631115093326295,28751.639394819304
H1,5,2.0,H4,120,long,0.0,1446,67.62503201024327,0.63577835926876,0.14363022803293957,1.2539072054432887,0.3879668049792531,0.0006835245710545092,0.7018989932077146,0.120952254746027,1.291306637993622,1.5978867266666446,0.04566008175852443,25978.867266666388
H1,5,2.0,H4,120,long,1.0,1380,64.56321250160113,0.5906902156535493,0.1436302280329388,1.2400962119078442,0.3847826086956522,0.0006593310247156558,0.6759465688445967,0.12564573851397365,1.2837312442675652,1.551943978545173,0.04480547640501964,25519.439785451843
H1,5,2.0,H4,120,short,0.0,1327,62.16323585994613,-0.03321528597365434,0.4288152488783432,0.9869141163539088,0.31876412961567446,-4.15486053869041e-05,0.1558104968379951,0.3478631322518978,1.0726554989281427,0.24650811538574713,0.010375558189533729,12465.081153857485
H1,5,2.0,H4,120,short,1.0,1274,59.68045402077722,-0.027402681629090805,0.4130134713205468,0.9889713234404329,0.3226059654631083,-3.541800661201669e-05,0.15746032951887837,0.3482848407115383,1.074351191984663,0.24994826844798568,0.010506012252968322,12499.482684479819
H1,5,2.0,D1,20,both,0.0,3053,142.74299155145928,0.2138714689128903,0.3819651654659826,1.0554436209572322,0.34850966262692434,0.00016341897734495803,0.38135584167523745,0.27427177360871446,1.10675529121251,1.1089042218487117,0.03550279585344929,21089.042218487277
H1,5,2.0,D1,20,both,1.0,2931,137.09152900499424,0.16841140678897346,0.3853440999277832,1.0443326446291241,0.34698055271238487,0.0001327927105364004,0.36506976934823165,0.2813000426736213,1.1033531814832287,1.0574931087429036,0.03432199986544959,20574.931087428977
H1,5,2.0,D1,20,long,0.0,1782,83.31739631336404,0.5729173496701043,0.17101353794186314,1.2026154776487499,0.3782267115600449,0.0005632939323270899,0.6053540240104965,0.11653843140190845,1.2208031226446812,1.3897101749231693,0.04157255632518697,23897.1017492317
H1,5,2.0,D1,20,long,1.0,1708,79.88820591625047,0.5265129352719707,0.1710135379418638,1.1891351274235467,0.3747072599531616,0.0005350181070724213,0.5845330227718128,0.11783933526297263,1.215542892512271,1.3525192670195376,0.04082497528454532,23525.19267019536
H1,5,2.0,D1,20,short,0.0,1608,75.54952405454077,-0.1645016038020041,0.4553624784360769,0.9433684704318321,0.31281094527363185,-0.00017457487405784773,0.08946324059913703,0.3304653718363273,1.0356167365391307,0.09279414089657911,0.004177921067074708,10927.941408965802
H1,5,2.0,D1,20,short,1.0,1544,72.54257782351428,-0.15997417524098984,0.44800028337377995,0.9437512096420717,0.3160621761658031,-0.00017528309999283352,0.09356297876885077,0.3265905993736513,1.0377508475754333,0.1020578633774083,0.004576262379712093,11020.578633774101
H1,5,2.0,D1,32,both,0.0,3111,146.10939308216538,0.14909997232333314,0.38678351604427175,1.0382037689873482,0.33397621343619416,0.00011534941161163248,0.27606043195986946,0.268634028170742,1.074594068812155,0.6798370151095972,0.024659955769703146,16798.37015109592
H1,5,2.0,D1,32,both,1.0,2988,140.33264755046935,0.11052956195937136,0.3867835160442725,1.0287393687473487,0.33232931726907633,8.830368023207886e-05,0.26502166279954975,0.27728731951305485,1.072287880194304,0.6488684973317937,0.023764888436117237,16488.68497331792
H1,5,2.0,D1,32,long,0.0,1824,85.76416065911431,0.28255018336073484,0.244802148184039,1.094789066772062,0.3519736842105263,0.00028011153582008485,0.35727606777425325,0.19307609023744088,1.1262820096750026,0.8028876739487334,0.02810057496191365,18028.876739487452
H1,5,2.0,D1,32,long,1.0,1755,82.51979273944387,0.23324461971982632,0.24480214818403967,1.079244905519821,0.3475783475783476,0.00023827270235910193,0.3411269911149915,0.19531423785075874,1.1214433415015264,0.765772087330425,0.027095493926467373,17657.720873304366
H1,5,2.0,D1,32,short,0.0,1527,71.7807915057915,-0.22530527165639452,0.411655392421044,0.9208043919133196,0.3025540275049116,-0.0002473049445368654,-0.09964402346108656,0.4134619823938319,0.961613065472468,-0.24256464967698033,-0.012974642707092143,7574.3535032302125
H1,5,2.0,D1,32,short,1.0,1455,68.39623552123551,-0.2191772460244986,0.4074610051207036,0.9211691514534401,0.30446735395189,-0.00025019515101051777,-0.08487645711725103,0.4045461983252484,0.9668119734428002,-0.21815109028247193,-0.01150165180600382,7818.489097175309
H1,5,2.0,D1,50,both,0.0,3139,148.3783810016824,0.18138647595068494,0.30337028240298025,1.0453504686535646,0.3360942975469895,0.0001352033753358514,0.34802369449361154,0.24689993470164495,1.0906249085343365,0.9381911657860336,0.03177509578117643,19381.911657860386
H1,5,2.0,D1,50,both,1.0,3018,142.6957281553398,0.1525893297422037,0.30103146932097735,1.0387263619175937,0.3343273691186216,0.00011736996294940433,0.34130812550204287,0.2489718988116344,1.089630697941292,0.9204811516907725,0.03133573830144676,19204.811516907786
H1,5,2.0,D1,50,long,0.0,1815,85.79380742849749,0.5848844107262062,0.19918718700251026,1.205730301213204,0.36639118457300274,0.0005764110415289615,0.6541589534532813,0.1846706652113882,1.239302279337351,1.614412466499528,0.046475314731554196,26144.124664995357
H1,5,2.0,D1,50,long,1.0,1738,82.17533980582525,0.5297225964517455,0.1991871870025096,1.1889138388911789,0.36363636363636365,0.0005390577188207992,0.6322964782290678,0.18941521443249876,1.2336451334852458,1.5809590970291558,0.045850602911738036,25809.590970291545
H1,5,2.0,D1,50,short,0.0,1521,72.42149002737582,-0.3442434199119245,0.48433962915764084,0.8804921303128284,0.294543063773833,-0.00037756265135636247,-0.12871475239673225,0.44736915646508246,0.9496606053753889,-0.30280367626741744,-0.01702731943400526,6971.963237325833
H1,5,2.0,D1,50,short,1.0,1466,69.98516533786433,-0.312268666093029,0.46182610354828313,0.889400050318632,0.296043656207367,-0.00035379903714038774,-0.12284519223150199,0.44332308541732834,0.9517102165090029,-0.28992365611835447,-0.016212109095639526,7100.763438816442
H1,5,2.0,D1,80,both,0.0,3145,150.43363672079622,0.13387995181985085,0.3687973648465741,1.033342075403778,0.33831478537360893,9.98995241279833e-05,0.39104112694168497,0.1839295694613461,1.1055238759840817,1.1577172657069017,0.03747069621125121,21577.172657069117
H1,5,2.0,D1,80,both,1.0,3044,145.69794260254224,0.1522585849620724,0.36671206443365345,1.0385916667051756,0.33935611038107755,0.00011677039012431741,0.3977833206199332,0.17765424561709753,1.108461852979229,1.1687141016545222,0.03774817655040574,21687.14101654527
H1,5,2.0,D1,80,long,0.0,1785,85.56053149606299,0.49222038161864234,0.1964354490322856,1.166859777658708,0.37142857142857144,0.0004832290904327608,0.6118369301309163,0.17904711258714046,1.2168221616725892,1.6236024609153352,0.04731920872789308,26236.02460915318
H1,5,2.0,D1,80,long,1.0,1725,82.73883782009193,0.4766943853790778,0.19203285688794314,1.1639488708277563,0.3710144927536232,0.0004807622486026372,0.6051645889416055,0.1802480158024422,1.216395953843044,1.6095115928868986,0.047080504084250574,26095.11592886894
H1,5,2.0,D1,80,short,0.0,1507,72.14992135273299,-0.36653349694312953,0.4901148562102937,0.8733874076278895,0.29528865295288653,-0.0003974657752696291,-0.13480778810312627,0.4733543253235206,0.9484578227552162,-0.3015223375722458,-0.017033845402215753,6984.776624277569
H1,5,2.0,D1,80,short,1.0,1461,69.99347455403988,-0.3282034939001202,0.4526805581042974,0.8843293114265527,0.29705681040383297,-0.0003661063931234557,-0.132561335602986,0.4794320602237704,0.9490310667819641,-0.2918737826786755,-0.016398655300908893,7081.262173213251
H1,5,2.0,D1,120,both,0.0,3138,152.37363733049722,0.05455282830679746,0.417059106712802,1.0132586545423472,0.33365200764818354,3.9843722527133065e-05,0.28373235154803544,0.25710342698729327,1.0715880144897063,0.7304000698226047,0.026984325565931222,17304.000698226126
H1,5,2.0,D1,120,both,1.0,3057,148.44047460781707,0.011327131112952289,0.41779598203469304,1.0027724413088732,0.33235197906444225,8.426614546522681e-06,0.27496686903307355,0.265058452078353,1.0697560937413937,0.7071223717139723,0.026309161939354064,17071.22371713967
H1,5,2.0,D1,120,long,0.0,1769,85.89833156075512,0.46301872730220944,0.1773202156886705,1.1575561836301345,0.3691351045788581,0.0004637752175628417,0.5964580027348646,0.16812696239744596,1.2115964144340783,1.624367551382944,0.047965093186324026,26243.67551382944
H1,5,2.0,D1,120,long,1.0,1721,83.56756846583356,0.40781535136630037,0.17732021568866752,1.1395633145457253,0.3672283556072051,0.00041617780988958763,0.5706173487746513,0.17345864100967423,1.2031585637508808,1.5690428433067503,0.04688143582448867,25690.42843306763
H1,5,2.0,D1,120,short,0.0,1491,73.71247292907417,-0.27100682322704567,0.3981066807652801,0.9038442044273372,0.2944332662642522,-0.0002921389228303273,-0.037758713204950146,0.405338228565165,0.9851712197817735,-0.14257469783081778,-0.007575813790875019,8574.253021691828
H1,5,2.0,D1,120,short,1.0,1455,72.24561582381729,-0.2650196357157139,0.40012387026157714,0.9051223217655638,0.2948453608247423,-0.0002907565034159999,-0.03855571547111651,0.40618038666785317,0.9847901530376424,-0.14314908196988463,-0.007641664239305124,8568.50918030116
H1,5,1.5,none,0,both,0.0,6229,289.090501905972,-0.05167763446624588,0.5588257023513212,0.9905777351078704,0.3225236795633328,-2.2677085792280086e-05,0.06304679169657562,0.724489811345896,1.0125051481578708,-0.2605479827878229,-0.013911127502325482,7394.520172121752
H1,5,1.5,none,0,both,1.0,6001,278.50892630241424,-0.14081347695938048,0.5777310974137972,0.9740550931344036,0.32111314780869854,-6.345544372950432e-05,0.01680607431006936,0.8229613079028829,1.0034053892926649,-0.5576598994966375,-0.03714829914075379,4423.401005033787
H1,5,1.5,none,0,long,0.0,5016,232.7946632782719,0.25472421391777234,0.4525335912024806,1.0511490892751663,0.3415071770334928,0.00011745444617543684,0.3336113604539332,0.47585633578303366,1.0704188221848074,1.2430892701680745,0.0382045691165005,22430.892701680263
H1,5,1.5,none,0,long,1.0,4783,221.98103557814483,0.17286044124971114,0.45253359120248093,1.0352902942870859,0.3401630775663809,8.253715635388264e-05,0.296580073410606,0.5144891570502843,1.0630875537467857,1.0967690370676388,0.03495936322395532,20967.690370676
H1,5,1.5,none,0,short,0.0,5017,232.84107369758576,-0.48827713763083436,0.737841742757338,0.9035482774382677,0.29240582021128164,-0.0002352555859362897,-0.35356325841276737,0.9224820262468825,0.9209097705678392,-0.9099487903228369,-0.10571196198769273,900.512096771617
H1,5,1.5,none,0,short,1.0,4789,222.31599517031012,-0.46943792065994405,0.7211287172893426,0.9051339716172359,0.29484234704531215,-0.00023472102415179,-0.35886676173892007,0.9206035689958572,0.9195830590935712,-0.9059883979555918,-0.10394883863770532,940.1160204440782
H1,5,1.5,H4,20,both,0.0,3418,158.83263358778626,0.07395685786571343,0.39411360835517883,1.0187943783646747,0.32241076653013456,4.535261838302397e-05,0.10724428175645428,0.47630829865758506,1.028593627723744,0.12840970404276608,0.005629731324736431,11284.09704042755
H1,5,1.5,H4,20,both,1.0,3272,152.04809160305342,0.01998604979505599,0.39411360835517806,1.0051590652700688,0.32121026894865523,1.2666092885055091e-05,0.09376156523655756,0.5066511767349031,1.0252758746136148,0.0768505447634027,0.003446553737005642,10768.50544763392
H1,5,1.5,H4,20,long,0.0,1961,91.21946637799287,0.2965054555447895,0.2740912232537508,1.0983084551279059,0.33962264150943394,0.00022362771523587793,0.3173992768861829,0.3252750168127093,1.1104464567359276,0.6526720885236281,0.023644952099634242,16526.720885236085
H1,5,1.5,H4,20,long,1.0,1860,86.5212684666327,0.24302609919115256,0.2740912232537528,1.082193043123312,0.3365591397849462,0.00019107600960208346,0.29066448539779816,0.34197428433985133,1.1015156417189942,0.5926570374637701,0.02188513859625396,15926.57037463753
H1,5,1.5,H4,20,short,0.0,1720,79.96817718940937,-0.20088021545694826,0.3526240043841308,0.9275966096516294,0.29593023255813955,-0.0001813534106471512,-0.2605615906808985,0.5365612782659944,0.904701945681806,-0.48594947176367753,-0.03046440842996867,5140.505282363235
H1,5,1.5,H4,20,short,1.0,1647,76.5936783804431,-0.2207351185278468,0.35262400438412966,0.9190830979837818,0.29690346083788705,-0.00020575807396999417,-0.2633235147578365,0.5359225675007633,0.9025584915171379,-0.4922301550729198,-0.031026166060986626,5077.698449270803
H1,5,1.5,H4,32,both,0.0,3702,172.11755346232178,0.045172482995681176,0.5396517135411438,1.0109460640292354,0.3225283630470016,2.6350976749088617e-05,0.1227887339557933,0.5800362408136999,1.031871498525913,0.1780541699335898,0.007647647858053386,11780.541699335781
H1,5,1.5,H4,32,both,1.0,3543,164.7251463849287,0.009564905244042956,0.5396517135411453,1.002359379078133,0.3214789726220717,5.783325412896327e-06,0.11443611065408894,0.5872313153820667,1.030079819873819,0.1437280636157876,0.006263241336066816,11437.280636157839
H1,5,1.5,H4,32,long,0.0,2016,93.82568807339449,0.15849813853886668,0.480553697686647,1.0492101515011167,0.34424603174603174,0.00011341643124672534,0.2701995895148981,0.5794221035869109,1.0904530283967582,0.6398707868298374,0.02328675261069124,16398.707868298246
H1,5,1.5,H4,32,long,1.0,1913,89.03201452599389,0.08112954749916479,0.4805536976866478,1.025601724726858,0.3413486670151594,6.029188256419919e-05,0.23531771247138103,0.5953904757025159,1.079238784593997,0.536250995028744,0.02018291625915003,15362.509950287384
H1,5,1.5,H4,32,short,0.0,1854,86.22020626432392,-0.030948988749803917,0.33868425614557784,0.9888979378852918,0.2971952535059331,-2.766212475108276e-05,-0.05980433753853004,0.3897362117856068,0.9773750718210178,-0.19103637874470925,-0.009810672844015156,8089.63621255295
H1,5,1.5,H4,32,short,1.0,1781,82.82534377387319,-0.005715150936626798,0.33868425614557696,0.9979047655073494,0.29927007299270075,-5.297861882265254e-06,-0.04899689903887776,0.3896601977846188,0.981292446832354,-0.1684043272481549,-0.00853926239121805,8315.956727518418
H1,5,1.5,H4,50,both,0.0,3982,185.37159061942393,-0.06763034007971974,0.4893869511842269,0.9846054231545508,0.3139126067302863,-3.720829318731095e-05,0.0179275465348018,0.7129155966601617,1.00441060488528,-0.24303676857751788,-0.012878427597831643,7569.63231422475
H1,5,1.5,H4,50,both,1.0,3795,176.68881453154876,-0.09270065471098499,0.4893869511842268,0.9784494416894538,0.31409749670619236,-5.3038329842825805e-05,-0.013447858595245495,0.7490201489322779,0.9966843293208013,-0.34677606068940503,-0.019630927503443307,6532.239393105949
H1,5,1.5,H4,50,long,0.0,2145,99.91853717638057,0.21723933710119048,0.2930836636773293,1.067434760174776,0.3393939393939394,0.00015067193172999498,0.25797577283135553,0.41886907251877326,1.085801185104539,0.5567816571761757,0.020832208666530905,15567.816571761625
H1,5,1.5,H4,50,long,1.0,2028,94.48048469387754,0.17775828349890446,0.2930836636773295,1.0565492229062312,0.33974358974358976,0.0001287895279147275,0.23408900526697773,0.435048161710737,1.0787171312832609,0.49440176891338106,0.018891848520176335,14944.017689133714
H1,5,1.5,H4,50,short,0.0,1954,91.04458476846536,-0.31224695241306805,0.4520905683224671,0.8995612576039642,0.28249744114636643,-0.0002610963927947345,-0.2295588683844934,0.5417220376191727,0.921452641072389,-0.5069181167901287,-0.03240885690517703,4930.8188320987
H1,5,1.5,H4,50,short,1.0,1878,87.50344431687715,-0.3082553124037396,0.4454930941019487,0.8990622524757682,0.2832800851970181,-0.0002665937103691977,-0.2296749284067228,0.54154975505072,0.9208055965874941,-0.5070754593297493,-0.03242324537552399,4929.245406702499
H1,5,1.5,H4,80,both,0.0,4176,194.7502553626149,0.28698100171645974,0.37348558191933723,1.0651759595744914,0.32686781609195403,0.00015405076234364102,0.32586952326465907,0.3741809995314628,1.0771229514246052,0.961630420075511,0.0319208260589825,19616.304200755007
H1,5,1.5,H4,80,both,1.0,3992,186.16930541368743,0.21113823367641255,0.37348558191933734,1.0486551000688047,0.3256513026052104,0.00011712382406419742,0.2824813467503598,0.4013927044565716,1.0671063118703445,0.8160559871233348,0.0282166842795204,18160.559871233272
H1,5,1.5,H4,80,long,0.0,2273,106.16537723785166,0.2842728962031307,0.2593116831655259,1.0842409077531558,0.3427188737351518,0.00019126619085571488,0.33963067272972824,0.37376928485421834,1.109391680470387,0.8426987060500604,0.028960298445206423,18426.987060500487
H1,5,1.5,H4,80,long,1.0,2145,100.18686061381074,0.21500269049289922,0.2593116831655303,1.0650097649394903,0.3421911421911422,0.00015082217122597784,0.31392009745786126,0.3975912133463847,1.1021833754402592,0.7842481914113584,0.02741230206079237,17842.48191411339
H1,5,1.5,H4,80,short,0.0,1981,92.38511874361593,0.12071760980622015,0.2806777250801229,1.041256518732504,0.30590610802624935,0.00010165129952612591,0.08148009993682233,0.25109595791626327,1.027404977384879,0.07516724567985045,0.003385690694346799,10751.6724567985
H1,5,1.5,H4,80,short,1.0,1923,89.68025408580183,0.08423884906673541,0.2806777250801217,1.0290173388869268,0.3047321892875715,7.24610383881306e-05,0.06687255819313767,0.25691994572583665,1.0226261677566784,0.04701094509108006,0.0021447072999662975,10470.10945091087
H1,5,1.5,H4,120,both,0.0,4352,203.45168309228208,0.20979070450930312,0.3798654857125222,1.047143628051905,0.3196231617647059,0.00011240621415124827,0.3233829621621684,0.39514360770240575,1.0776073128833332,1.1138355115218976,0.035611240625552876,21138.355115218812
H1,5,1.5,H4,120,both,1.0,4149,194.0112981692485,0.14817724035387353,0.399330504815801,1.0339115312949934,0.31814895155459144,8.232129011932689e-05,0.29411658534544377,0.4153122950448416,1.0713367711086585,1.008851123768702,0.03315654960933956,20088.51123768674
H1,5,1.5,H4,120,long,0.0,2332,109.08849897540985,0.35333035204907515,0.246834022764162,1.104659165465941,0.34133790737564323,0.00023494643913508415,0.3696197363129712,0.31408030031160616,1.1162709012274772,0.8787205833853824,0.0299377687287814,18787.20583385373
H1,5,1.5,H4,120,long,1.0,2208,103.31437355880092,0.26381476564525835,0.2468340227641581,1.0794960578207222,0.3378623188405797,0.00018225831564397957,0.3425842511879831,0.3278409924946847,1.1090834794416928,0.8284186647538874,0.028638471830500167,18284.18664753868
H1,5,1.5,H4,120,short,0.0,2080,97.43747595228933,-0.04904181438255298,0.4159952143086286,0.98369150710003,0.2923076923076923,-4.1413316270759756e-05,0.07314068018843194,0.40213096782610636,1.0268416634177224,0.048193583039468635,0.0022073436301894844,10481.935830394737
H1,5,1.5,H4,120,short,1.0,1999,93.64303578299345,-0.04918928222279538,0.41229112189574724,0.9833382160875038,0.29364682341170584,-4.2903611029029226e-05,0.07339984147762928,0.4026733161431437,1.0271814661392604,0.04895944168712796,0.0022416343194746613,10489.594416871267
H1,5,1.5,D1,20,both,0.0,4625,216.2141622936132,-0.02353835192612861,0.5696717162702474,0.9950308951633855,0.3204324324324324,-1.189795945700812e-05,0.12692536560831696,0.6360923850002465,1.0307909395599224,0.15644566640824675,0.006818163944875888,11564.456664082505
H1,5,1.5,D1,20,both,1.0,4418,206.59000128024581,-0.0809253526386876,0.5809793573562401,0.9826200342842252,0.3198279764599366,-4.233042017784513e-05,0.10963420725615085,0.6893613005993939,1.027064901694462,0.055603239107982594,0.002533552511402526,10556.032391079858
H1,5,1.5,D1,20,long,0.0,2653,124.0409946236559,0.30944109189732816,0.26069958908615387,1.0858658145105444,0.34866189219751226,0.00019532530105260796,0.33823796855816024,0.3734743092981705,1.0993527693825516,0.8274836507637118,0.02859156462807322,18274.83650763683
H1,5,1.5,D1,20,long,1.0,2521,117.89951984635083,0.23795009364104955,0.26069958908615243,1.067254815479384,0.346687822292741,0.0001558627068109633,0.3092006350112158,0.385003719553454,1.0915692776931458,0.7541383527255598,0.02663041220462814,17541.383527255453
H1,5,1.5,D1,20,short,0.0,2369,110.97566371681415,-0.2473227840711668,0.5231155723980334,0.9262715127203212,0.28830730265934995,-0.00018341979205619346,-0.09886434326653874,0.5362331802505678,0.9668345593061799,-0.3486470648416886,-0.019882284305782094,6513.529351583108
H1,5,1.5,D1,20,short,1.0,2276,106.61908426317814,-0.24758654297409313,0.5250185297603468,0.924813138779437,0.29042179261862916,-0.0001894276435118256,-0.09880304048385287,0.5373238410963348,0.9665690174161669,-0.34788921108826876,-0.019828893157709415,6521.107889117317
H1,5,1.5,D1,32,both,0.0,4706,220.9908074055027,-0.1377224477552822,0.5696262809340253,0.9713164786282802,0.315129621759456,-6.933886102077603e-05,-0.043853733424720404,0.6483496793396191,0.9900952045933962,-0.3916863550956605,-0.023071531313672455,6083.13644904336
H1,5,1.5,D1,32,both,1.0,4503,211.4580547698637,-0.2064327920896221,0.5862123775121115,0.9563786303610957,0.3140128803020209,-0.00010746729565409557,-0.07193554836216404,0.665688311687735,0.9837187015469803,-0.4725988589197666,-0.029597473103892713,5274.011410802326
H1,5,1.5,D1,32,long,0.0,2730,128.38064889918888,0.07936508504139077,0.3962302734745171,1.0211572162305242,0.3373626373626374,4.986385952657943e-05,0.1496875520957823,0.37937502655811606,1.0426461905908782,0.2548894113502158,0.01073430956233068,12548.894113501998
H1,5,1.5,D1,32,long,1.0,2605,122.50241405948242,-0.009191863361645647,0.39623027347451667,0.9975159401439614,0.3347408829174664,-5.968707280448764e-06,0.12460281028521283,0.40043009889919456,1.0357002576569594,0.18297535740185,0.007933190229831188,11829.753574018421
H1,5,1.5,D1,32,short,0.0,2259,106.08122267935201,-0.34109149511408876,0.5561529586370295,0.8961762799443339,0.2815405046480744,-0.00025797157919143387,-0.3454301846459126,0.6617203367802884,0.8918415888774867,-0.6077772599931212,-0.04299864239891804,3922.2274000687835
H1,5,1.5,D1,32,short,1.0,2161,101.47920416559526,-0.3610596643280027,0.5648114803961615,0.8882942531955865,0.2822767237390097,-0.00028268964310243624,-0.34633151342794627,0.6595951283859022,0.8906706581987328,-0.6108094958039413,-0.04334735696065739,3891.9050419605737
H1,5,1.5,D1,50,both,0.0,4699,222.0897709627329,0.003314584595160956,0.4525406848408777,1.000697140108641,0.3179399872313258,1.67294459494449e-06,0.09559486171341167,0.49718028914038837,1.0216098809902938,0.06745318623709196,0.0030898981255365054,10674.531862370846
H1,5,1.5,D1,50,both,1.0,4503,212.82618400621118,-0.04079040251780358,0.46968163960678455,0.9912760984653101,0.31712191872085277,-2.1298569420226243e-05,0.07692350946583278,0.523172565276191,1.0176222214382766,-0.01362504780772722,-0.0006481804590745543,9863.749521922755
H1,5,1.5,D1,50,long,0.0,2708,127.98874223602483,0.33723153705468967,0.25354351000615116,1.0925569826869956,0.34158050221565733,0.00021294413104301724,0.3816197166075764,0.3410079638840565,1.1096144786844166,0.9470170921289274,0.03199249905588131,19470.170921289107
H1,5,1.5,D1,50,long,1.0,2584,122.1281055900621,0.257806848324264,0.25354351000615016,1.0717714707166452,0.33862229102167185,0.0001683352701832015,0.3457591595412408,0.35464640615202514,1.0999601407191169,0.8679965075094449,0.029973617850768797,18679.965075094307
H1,5,1.5,D1,50,short,0.0,2226,105.94820172009382,-0.42572816758619786,0.5793861565479753,0.8713713639286763,0.2816711590296496,-0.0003222677434948176,-0.39233376691511973,0.733268071961251,0.8742584777859814,-0.694614537200603,-0.054893049831263974,3053.854627993953
H1,5,1.5,D1,50,short,1.0,2143,101.99775215011728,-0.40992775426567596,0.5793861565479743,0.8737253961228737,0.28371441903873074,-0.00032087268707067275,-0.397630043188834,0.7365882107079288,0.8720339000235975,-0.6954006342337741,-0.055008983641176235,3045.9936576622554
H1,5,1.5,D1,80,both,0.0,4714,225.45351577844704,-0.17070176870486675,0.589351063220042,0.9653305839348422,0.3203224437844718,-8.342012874287039e-05,4.540317441250121e-05,0.7378352326856007,1.000010189183063,-0.3533015759595727,-0.0206305469453385,6466.984240404262
H1,5,1.5,D1,80,both,1.0,4554,217.8583497053045,-0.21343278389334822,0.6080945988636279,0.9560971352254882,0.3188405797101449,-0.00010726971784884397,-0.04432420333493665,0.7703015014224255,0.990065907833975,-0.48361341306297967,-0.03112212738017406,5163.865869370214
H1,5,1.5,D1,80,long,0.0,2668,127.86865240782049,0.29674439246288803,0.29469965283719335,1.0808377678479466,0.34782608695652173,0.00018876782464585305,0.3836794850377535,0.3320008509821719,1.1092303102057723,1.025401033377336,0.034403751532274596,20254.010333773404
H1,5,1.5,D1,80,long,1.0,2570,123.17182784411494,0.23988330309714764,0.30211672035419945,1.0661777343597578,0.345136186770428,0.0001570802493319236,0.35560916119074826,0.3512460992864085,1.1016895069714694,0.9529812798686226,0.03260024395223904,19529.812798686045
H1,5,1.5,D1,80,short,0.0,2219,106.12671860678277,-0.5321520614515647,0.6083840101908122,0.8433385047223543,0.2861649391617846,-0.0003888744031117884,-0.4794306808463722,0.7765289288462061,0.8515398307694212,-0.7629452917486939,-0.06652804179911675,2370.547082513068
H1,5,1.5,D1,80,short,1.0,2150,102.85363457760313,-0.5321351456789423,0.6182867545550279,0.8411637234193519,0.28651162790697676,-0.00039970444582437847,-0.4768618619500779,0.7753928412769505,0.8513246165804056,-0.7625080300986997,-0.06646257833031233,2374.919699013004
H1,5,1.5,D1,120,both,0.0,4677,227.07354114050244,-0.10380979949741974,0.6581677569120914,0.9787277320195308,0.3175112251443233,-5.106409709011302e-05,0.021465302777467766,0.7484980089842999,1.0047629683893178,-0.2835258271715161,-0.016057260348336655,7164.741728284872
H1,5,1.5,D1,120,both,1.0,4550,221.02506982311476,-0.1675767124131342,0.6736206419700854,0.9653944282361652,0.3158241758241758,-8.408884093381481e-05,-0.015621118714818197,0.780139164673626,0.9965254549225662,-0.43037223723066975,-0.026967455234330973,5696.277627693304
H1,5,1.5,D1,120,long,0.0,2634,127.88362355443306,0.2579242729727427,0.4369126877723266,1.0693521768259993,0.3439635535307517,0.00016557743796970415,0.3306842843949071,0.5058443350313975,1.0943195672849504,0.9370343078107117,0.03262072029851448,19370.343078106875
H1,5,1.5,D1,120,long,1.0,2557,124.21123154674822,0.16426578318574112,0.43691268777232506,1.0443325940964232,0.34063355494720376,0.00010736847854036978,0.2958520074861973,0.5324137051299875,1.084467766612645,0.83366856082985,0.02989113569250379,18336.685608298365
H1,5,1.5,D1,120,short,0.0,2184,107.94397834912043,-0.39260480275581483,0.5238836848073463,0.8805245694838919,0.2847985347985348,-0.00028799247329133623,-0.3254258062936891,0.643943664638895,0.8970042718495213,-0.5989108899096918,-0.04414895277741804,4010.8911009030935
H1,5,1.5,D1,120,short,1.0,2130,105.76162316476346,-0.37941662008799715,0.528725932407989,0.8832586603281292,0.2859154929577465,-0.00028408707718261184,-0.325333250005478,0.642918343498026,0.8968373281818971,-0.5950686343979184,-0.0438959135257152,4049.3136560208204
H1,8,3.0,none,0,both,0.0,2202,102.19574332909784,0.32330754355885233,0.2907571125689695,1.100953150363976,0.3564940962761126,0.00040041663794358854,0.399728973334531,0.3148969169683562,1.1395548263450184,1.5608639738827335,0.04460810028303985,25608.639738827507
H1,8,3.0,none,0,both,1.0,2135,99.09883720930233,0.2772344833738672,0.29075711256896974,1.087330835734377,0.35362997658079626,0.0003516703832361587,0.372427939779899,0.3500781734943661,1.1309810390656803,1.4219324810945362,0.04191283191413819,24219.32481094532
H1,8,3.0,none,0,long,0.0,1948,90.43047788510422,0.5756183197197517,0.2908774005477398,1.1994048897166754,0.37936344969199176,0.0007488422158303077,0.5929097597406341,0.28792058056354597,1.2250252963423967,2.437784658139305,0.058998255089856455,34377.846581392776
H1,8,3.0,none,0,long,1.0,1867,86.67027834265379,0.5016764154400036,0.29087740054774036,1.1758011946469924,0.37600428494911625,0.0006722712689391643,0.5718936866110684,0.2961357805220829,1.2195028623685298,2.375711446785492,0.05810286214800109,33757.114467854844
H1,8,3.0,none,0,short,0.0,1949,90.45390724269377,-0.33258756684743757,0.6163909766997445,0.90363076601645,0.32991277578245254,-0.00040368318014428616,-0.2738908972824808,0.5398000868719048,0.9203470989806765,-0.5256596810140678,-0.03402207237965216,4743.403189859326
H1,8,3.0,none,0,short,1.0,1873,86.94881164209455,-0.32064537738390925,0.6093748557318239,0.9050815565387087,0.32995194874532835,-0.0004018062232746863,-0.27409717178193105,0.5388909823119958,0.9195320973366659,-0.5223527137422846,-0.03371897734863649,4776.4728625771595
H1,8,3.0,H4,20,both,0.0,981,45.57494912236073,-0.009307657884129392,0.31060106217695427,0.9961285995473247,0.3486238532110092,-1.5188198091671648e-05,0.07468315309170026,0.2842601587585073,1.0328719119986982,0.06317076294782398,0.002849849993769471,10631.70762947827
H1,8,3.0,H4,20,both,1.0,946,43.95452232540389,-0.01116522595507313,0.3106010621769556,0.99527945608848,0.3477801268498943,-1.877830902925696e-05,0.07785748520936121,0.27983054298049104,1.0346127538183767,0.06888196639823296,0.003099881268153082,10688.819663982342
H1,8,3.0,H4,20,long,0.0,658,30.635372848948375,0.4742932761701422,0.22425553211483984,1.3232663918849437,0.3860182370820669,0.0011830840563909026,0.47627136752608135,0.21446872938825434,1.3912098363171361,1.1946316930430574,0.037273359321774224,21946.316930430494
H1,8,3.0,H4,20,long,1.0,634,29.51797323135755,0.4551911826375953,0.2242555321148395,1.3153309258440382,0.38485804416403785,0.001171667864772233,0.47194468544656215,0.20974574202791874,1.3926079126456616,1.18191118542727,0.03699266333394147,21819.11185427272
H1,8,3.0,H4,20,short,0.0,565,26.248569066395323,-0.4093099078106293,0.3981620015448445,0.7955963360719708,0.2938053097345133,-0.0008477723793270997,-0.32405743105814017,0.33707369878502513,0.8361185398153812,-0.33683828378027836,-0.018900939805472805,6631.617162197228
H1,8,3.0,H4,20,short,1.0,543,25.27150229357798,-0.3561998009286731,0.3558943867198071,0.8165406173860006,0.2983425414364641,-0.0007642252161161559,-0.27788398640878587,0.298997782995002,0.8550106171210977,-0.29984213442742125,-0.016452497205304173,7001.578655725791
H1,8,3.0,H4,32,both,0.0,1002,46.639543774690964,0.4115107480606405,0.20215632833196173,1.1896753128645339,0.39520958083832336,0.0007279189069890582,0.49632000747249566,0.1277379795347472,1.2396636220579227,1.1185803711441658,0.03556230850180664,21185.80371144174
H1,8,3.0,H4,32,both,1.0,961,44.731139288900216,0.39524051359431134,0.20215632833196318,1.1855633128308058,0.39542143600416235,0.0007223415106317626,0.4917073160805915,0.12545090429894468,1.2406576334618342,1.105934954714122,0.035273779258499394,21059.34954714131
H1,8,3.0,H4,32,long,0.0,591,27.533514030612245,0.5092116703746092,0.15002592109490775,1.312061974696154,0.41455160744500846,0.0011109126120310185,0.5356062375388055,0.1923391199441814,1.335970457448006,0.8367065407683274,0.028729248233895,18367.065407683214
H1,8,3.0,H4,32,long,1.0,563,26.229049744897956,0.5066986781226753,0.15002592109490787,1.3187462979087006,0.41740674955595025,0.0011471803182250355,0.5344691214635776,0.19183251615649444,1.3409014998266182,0.8324349984054282,0.028617664178977043,18324.34998405424
H1,8,3.0,H4,32,short,0.0,572,26.71991303235708,0.08206192323365381,0.24712316472204343,1.0476228156004674,0.3583916083916084,0.00019895908623791288,0.12415816352801158,0.23919150737159367,1.0755085106776345,0.13225294538787136,0.005819076081749808,11322.529453878724
H1,8,3.0,H4,32,short,1.0,550,25.692224069574117,0.05762066460600582,0.24356446729680314,1.0339829876159456,0.3563636363636364,0.00014353514316755033,0.10387352198173172,0.2318411321962297,1.0619050057272357,0.10011920152580833,0.004467247593647583,11001.192015258077
H1,8,3.0,H4,50,both,0.0,1148,53.469395562356546,0.2725380114895881,0.20620310458429247,1.1140303965130054,0.35801393728222997,0.000448173863709835,0.3181577929427379,0.20403434242373908,1.1392570332806662,0.6448363925899874,0.023448889143999896,16448.363925899863
H1,8,3.0,H4,50,both,1.0,1101,51.30648762439398,0.23488432828819172,0.20620310458429103,1.0995725907961242,0.3542234332425068,0.0003991660984070731,0.3048163564178835,0.2034595147424798,1.134347779016916,0.6117427246627811,0.022492095495977305,16117.427246627882
H1,8,3.0,H4,50,long,0.0,667,31.078166858017603,0.4495547332995085,0.15813544884376152,1.2673415418891256,0.37631184407796103,0.00096965271660557,0.3772659977903613,0.18074819114175822,1.2254053943521606,0.6005731004463075,0.02215793345240402,16005.73100446309
H1,8,3.0,H4,50,long,1.0,634,29.604768601380723,0.4122196809549411,0.15813544884376007,1.2491880224968428,0.3722397476340694,0.0009236218322119559,0.349813011887629,0.18452207130106546,1.2082936541908142,0.5366970870600098,0.020264510063722208,15366.970870600144
H1,8,3.0,H4,50,short,0.0,579,26.981340903291656,-0.29754633982860557,0.41098166064977504,0.8491885285583388,0.31951640759930916,-0.0006567251801514572,-0.09629701902324926,0.27060841040553585,0.9450879874143111,-0.1529051039478514,-0.007703084023539808,8470.948960521477
H1,8,3.0,H4,50,short,1.0,559,26.049342944628734,-0.291002803598247,0.4067337879646661,0.8500524884560511,0.32021466905187834,-0.0006621129018825064,-0.09485323660005646,0.26822652320039997,0.9454548487054849,-0.15056697476919556,-0.007575618639175774,8494.330252308042
H1,8,3.0,H4,80,both,0.0,1291,60.24501724798774,0.34601818658637185,0.3162026562981446,1.1367256839799507,0.3694810224632068,0.0005272385463982489,0.41327687455226353,0.30282484886822436,1.1709107192188442,0.9275721452341321,0.031098446383162948,19275.721452341306
H1,8,3.0,H4,80,both,1.0,1242,57.95841318512841,0.329428597837595,0.3162026562981445,1.1323306690955588,0.3687600644122383,0.0005175496394256886,0.39384391076369724,0.30224117134772466,1.1641801881452907,0.8705533532480967,0.02965466275194384,18705.53353248097
H1,8,3.0,H4,80,long,0.0,704,32.87763713080169,0.635587660706027,0.2328905360476845,1.3817869022699265,0.40482954545454547,0.0013247247766550814,0.6343147115321017,0.2103720884440794,1.3913039816849029,1.1996700139691807,0.03750095217503091,21996.700139691766
H1,8,3.0,H4,80,long,1.0,674,31.492708200076756,0.6174024172839251,0.23289053604768417,1.377780584603045,0.4035608308605341,0.0013329583917543353,0.628701116332633,0.20814329343688576,1.3925904180472828,1.1859241831428884,0.03721664864127283,21859.24183142881
H1,8,3.0,H4,80,short,0.0,636,29.679187428133385,-0.20579797149661125,0.32457472589413705,0.8988752556463191,0.3238993710691824,-0.000431453696023297,-0.07374833758395365,0.20980517083571537,0.961240700655828,-0.12556291430930377,-0.006241764071461375,8744.370856906977
H1,8,3.0,H4,80,short,1.0,614,28.652548869298585,-0.21783528837217345,0.32164202267998565,0.8914390003023948,0.3241042345276873,-0.0004682456195066072,-0.08519119458206423,0.2131996795354305,0.954927124097469,-0.13815803612834665,-0.00691435202305668,8618.419638716548
H1,8,3.0,H4,120,both,0.0,1418,66.31555697823303,0.6622659945043171,0.25227990554086455,1.289276192706787,0.38857545839210156,0.0010901251721209702,0.701692288946765,0.1788782770813473,1.3443806206833566,2.5218265663645574,0.0606465374631886,35218.26566364555
H1,8,3.0,H4,120,both,1.0,1368,63.97720870678617,0.6144471835821589,0.2522799055408643,1.271804149258872,0.38669590643274854,0.001037721182409674,0.6751555320837025,0.18149506245278868,1.3345601005846603,2.4494177288382235,0.05961656454883846,34494.17728838228
H1,8,3.0,H4,120,long,0.0,749,35.04191750992699,0.7579673693262248,0.2258332517640208,1.5143196525430842,0.42456608811748997,0.0017436881223643434,0.669599901784506,0.20097235596710494,1.5586337532429428,2.022785796991941,0.053115072300995436,30227.857969919347
H1,8,3.0,H4,120,long,1.0,718,33.59158447547073,0.7058090850441103,0.2258332517640197,1.4849700631089318,0.4206128133704735,0.0016728084074465951,0.6484793173707177,0.2052185946959555,1.5471237393841166,1.972860400527821,0.052294837391478666,29728.604005278285
H1,8,3.0,H4,120,short,0.0,694,32.51455874807594,0.21226512815427032,0.24910015476204295,1.1185139225470435,0.3530259365994236,0.0004898163790282446,0.350765176494486,0.16936710717932357,1.213344902472147,0.5759397296121709,0.021538920779223814,15759.397296121728
H1,8,3.0,H4,120,short,1.0,673,31.53068881477681,0.20737467132162338,0.24910015476204228,1.1177841176348746,0.3551263001485884,0.0004898995353278547,0.3499129681647755,0.1672738787656729,1.2154380821302875,0.5751718999350173,0.021515596970895556,15751.718999350172
H1,8,3.0,D1,20,both,0.0,1662,77.7366500192086,0.40057998927797533,0.3160667748701228,1.1496040909992602,0.3700361010830325,0.0005961070652937566,0.5035399879900615,0.2652001160333145,1.221641671909506,1.9648425562880831,0.052148186414154196,29648.425562880886
H1,8,3.0,D1,20,both,1.0,1608,75.21091048789857,0.3355277579117768,0.3160667748701226,1.1261762818887773,0.3656716417910448,0.0005108933404585854,0.4881589248709798,0.2685909580275184,1.2178935178921113,1.91641107738851,0.051337968060194195,29164.11077388518
H1,8,3.0,D1,20,long,0.0,1008,47.14713791778717,0.526606901090958,0.19305488491137823,1.2696422264474958,0.3898809523809524,0.0010112817190439383,0.5282766639208716,0.20389317361345483,1.3267482456747477,1.7031329907237809,0.04761019156833313,27031.329907237818
H1,8,3.0,D1,20,long,1.0,969,45.32299270072993,0.44813572337940333,0.19305488491137535,1.2303481307824145,0.3828689370485036,0.0008837085169480867,0.4987010908541137,0.2138238063525083,1.3140800521255256,1.6152898085156022,0.045992656468404336,26152.898085155874
H1,8,3.0,D1,20,short,0.0,892,41.909313094931825,0.031637502404187674,0.269541402658526,1.01464231517075,0.34641255605381166,6.164814547721527e-05,0.1681851629615177,0.21508337399814936,1.0832454449774047,0.2295441157079985,0.009756124039388414,12295.441157080026
H1,8,3.0,D1,20,short,1.0,869,40.82869179315667,0.014552752195623188,0.26954140265852666,1.0068103783842777,0.34637514384349827,2.8895855369503824e-05,0.16046256253675312,0.21735371942059212,1.080327426223522,0.21555376428208795,0.009213358149763984,12155.537642820927
H1,8,3.0,D1,32,both,0.0,1721,80.84826366559486,0.24072722768403515,0.3459572453422547,1.0854150622484169,0.357931435212086,0.00034741726770077185,0.3359963910614029,0.2920587536965782,1.1388398814166245,1.018472724912407,0.03354457119217491,20184.727249124066
H1,8,3.0,D1,32,both,1.0,1663,78.1235691318328,0.1850953207188696,0.34595724534225447,1.0661834626710258,0.35598316295850874,0.00027383255729676327,0.32068925103718865,0.29557549319985066,1.1344331720921117,0.9713431316674297,0.032398084322087684,19713.431316674352
H1,8,3.0,D1,32,long,0.0,1024,48.148300720906285,0.4841603203083792,0.15973907794601672,1.2413970670587429,0.3818359375,0.0009421980681261067,0.5253420058910789,0.1548296358809711,1.3185347296323209,1.6846883995385373,0.04753011083915237,26846.883995385244
H1,8,3.0,D1,32,long,1.0,986,46.361547373841404,0.4125008582674634,0.15973907794601627,1.206536892036144,0.3762677484787018,0.0008235325225935396,0.4917330020081608,0.16654490193286986,1.3015250443489657,1.5818600506423106,0.045608255040445966,25818.600506423067
H1,8,3.0,D1,32,short,0.0,868,40.813208032955714,-0.15318441997901702,0.3930482372330818,0.9308662513729093,0.326036866359447,-0.00029416235572990034,-0.0621532962807564,0.2997381414110829,0.9705364442457101,-0.14196177708137991,-0.007173195946362121,8580.3822291862
H1,8,3.0,D1,32,short,1.0,838,39.40261328527291,-0.16530737765529538,0.3897611489771209,0.9242371319387754,0.32816229116945106,-0.00032616524955687105,-0.08128410253474021,0.30879092390281737,0.9613720159947408,-0.1666450674704032,-0.008534878338910534,8333.549325295942
H1,8,3.0,D1,50,both,0.0,1761,83.24126439756698,0.2577438699757689,0.2681522015930089,1.0887851400842457,0.3532084043157297,0.00036121761023916014,0.37366157065913597,0.21107402683386467,1.150212989055054,1.2069268367677437,0.038127320024283984,22069.268367677552
H1,8,3.0,D1,50,both,1.0,1703,80.5204854368932,0.24171819113185622,0.2681522015930081,1.0844401738118554,0.35231943628890194,0.0003479130826869321,0.36894518802548054,0.21273582689110448,1.1500034071908527,1.1881690549141855,0.03771848252854437,21881.690549141764
H1,8,3.0,D1,50,long,0.0,1033,48.82920279539278,0.45709898256873277,0.21648591807132023,1.2195930378670796,0.3736689254598258,0.0008573021284659709,0.4995174345402514,0.20140442530514024,1.2959224139169234,1.558757100014403,0.045411454591074873,25587.57100014397
H1,8,3.0,D1,50,long,1.0,991,46.85601941747573,0.4089123828646325,0.21648591807132056,1.1987102763358182,0.3703329969727548,0.0007893273748473911,0.4884579804526429,0.20699967774659678,1.2932224148132971,1.5313077250847558,0.04489048768556758,25313.077250847527
H1,8,3.0,D1,50,short,0.0,842,40.096544980443284,-0.11458656724277899,0.3014432918769052,0.9473099138228652,0.32066508313539194,-0.00022509756295510222,-0.00042339044170372676,0.27545981105684214,0.9997970690158299,-0.05564535126042991,-0.00272273244668364,9443.546487395703
H1,8,3.0,D1,50,short,1.0,820,39.05907668231612,-0.09950499313400689,0.29841015174768637,0.9535177420552582,0.32195121951219513,-0.00020020681364253182,0.012473469807597571,0.2716789312902945,1.0061282040840709,-0.037151311113310825,-0.001801713681727879,9628.486888866908
H1,8,3.0,D1,80,both,0.0,1771,84.72269155206287,0.12209129216467968,0.26460337021595814,1.040708596520508,0.35290796160361376,0.00016618711759300108,0.32622393493451357,0.20801713099702968,1.1265876466105578,0.9841052036900415,0.03332079089283724,19841.052036900506
H1,8,3.0,D1,80,both,1.0,1723,82.46963045472414,0.12299403716340516,0.2589337234795235,1.041530281267643,0.3546140452698781,0.0001708696426709191,0.32715228998755486,0.21017661924200182,1.12804586790933,0.9860586388216783,0.033387217211949816,19860.586388216845
H1,8,3.0,D1,80,long,0.0,1014,48.63604727511491,0.44818532496020197,0.18947949097418137,1.2148247314702696,0.3796844181459566,0.0008492991634295208,0.5672212377911172,0.16009529902869557,1.337905346859656,1.9281285828314552,0.052882199409677755,29281.285828314576
H1,8,3.0,D1,80,long,1.0,983,47.14914642153644,0.4147378618017927,0.18947949097418093,1.2005226396084199,0.37741607324516785,0.0008030707049544694,0.5626031704331892,0.15911758053827774,1.3387604672333462,1.9174419635587925,0.05269756785375712,29174.419635587812
H1,8,3.0,D1,80,short,0.0,853,40.84402857891977,-0.2961489290189772,0.41643203640251447,0.8705042416237646,0.32004689331770225,-0.0005513376343654894,-0.16311711159844308,0.3718849644877962,0.9276683983074037,-0.2579150244546857,-0.014181514646381288,7420.849755453144
H1,8,3.0,D1,80,short,1.0,833,39.907299317943334,-0.25695320277045874,0.3842614933867603,0.8855493744730055,0.32533013205282113,-0.000488964829064401,-0.13448764864002022,0.37364738262385644,0.9388864525018268,-0.2251546976046096,-0.012146549756135272,7748.453023953909
H1,8,3.0,D1,120,both,0.0,1769,85.96690393826503,0.24378650871156476,0.2559908974216967,1.0825405798991783,0.3578292820802713,0.0003351218018136259,0.33108514934806776,0.2399780629885273,1.1286283578236747,1.0114679414453969,0.034545564000811435,20114.679414453993
H1,8,3.0,D1,120,both,1.0,1732,84.56262531747092,0.2001386071108164,0.25599089742169767,1.067830871807417,0.3568129330254042,0.0002782316125674563,0.3217991192612579,0.24166049444605875,1.1259848441358444,0.9696764764783306,0.03364984600747234,19696.764764783387
H1,8,3.0,D1,120,long,0.0,1000,48.59632783395423,0.5363267337235668,0.1819070989864714,1.261675801043117,0.392,0.001030938376072094,0.576835714159059,0.18171553649386274,1.3442697279045206,1.9537142881341283,0.05404264233412226,29537.14288134131
H1,8,3.0,D1,120,long,1.0,974,47.822758435273556,0.4766053033021964,0.18190709898647195,1.2316818591087062,0.3891170431211499,0.0009254516401914724,0.5680656199646449,0.18208921127300415,1.3270149995366334,1.8360238243201308,0.05251369791527383,28360.23824320145
H1,8,3.0,D1,120,short,0.0,843,41.8577691680261,-0.27992893809437663,0.4193130246578479,0.878701113074412,0.3143534994068802,-0.0005094025294593573,-0.25496816471654266,0.4110003215858855,0.8903883262580579,-0.35708100484470007,-0.021694902125849347,6429.189951553011
H1,8,3.0,D1,120,short,1.0,832,41.3115823817292,-0.26801847987354865,0.4193130246578489,0.8830081987633811,0.3161057692307692,-0.0004937634233775332,-0.2550891690067405,0.41148487613432994,0.8901726429160423,-0.35623587228497533,-0.02163108749340914,6437.641277150271
H1,8,2.5,none,0,both,0.0,2980,138.3030495552732,0.04774195797423222,0.42312296575123187,1.0125268817514905,0.33993288590604026,4.409851352555801e-05,0.21682092542142242,0.43492796280281,1.0660401776334918,0.618605835584688,0.02260126641403648,16186.058355846895
H1,8,2.5,none,0,both,1.0,2879,133.61559720457433,-3.7987936125837506e-05,0.4231229657512321,0.9999899087747766,0.3383119138589788,-3.599433091287809e-08,0.21183269922479062,0.4385882541328684,1.0652344771653726,0.5982096378644994,0.02199960396771372,15982.096378644916
H1,8,2.5,none,0,long,0.0,2566,119.10426991993901,0.42060939943759884,0.3755053877765002,1.1234258039200284,0.36944660950896335,0.0004132097155174872,0.5009698773645186,0.3151467684886907,1.1680172384057752,2.0754967755899862,0.05353078417457291,30754.967755899703
H1,8,2.5,none,0,long,1.0,2457,114.04489134578728,0.3655037449157776,0.37550538777650055,1.1090529321477671,0.3667073667073667,0.00037101389859105883,0.4795528060026067,0.32618690474579426,1.1619576894428052,2.010786457282339,0.05249141141462643,30107.86457282333
H1,8,2.5,none,0,short,0.0,2567,119.1355463786531,-0.42899689157590637,0.6896687652570699,0.8911134785164467,0.3135956369302688,-0.00039716112893848943,-0.31552928933229063,0.6954755954652296,0.9153542359504845,-0.6443626748957159,-0.04684822240714703,3556.373251042844
H1,8,2.5,none,0,short,1.0,2462,114.29149720386376,-0.40572685545210574,0.6700785203782746,0.8946123152587387,0.3151909017059301,-0.00038831872825665834,-0.3002050610061914,0.6810398729824169,0.9184997486952162,-0.6229406248618179,-0.04426827730205307,3770.5937513818053
H1,8,2.5,H4,20,both,0.0,1333,61.935917822160036,-0.052374080196935346,0.23140948757264823,0.9806189373249691,0.33833458364591146,-6.894625132667903e-05,0.11363868961102973,0.267461723200349,1.0461151324007458,0.14439933460551946,0.006286678316117733,11443.99334605519
H1,8,2.5,H4,20,both,1.0,1277,59.33395878386974,-0.07071101531456757,0.23140948757264912,0.9733633931538964,0.33829287392325763,-9.606473522514515e-05,0.11066694556961384,0.2687056379958749,1.045554671863457,0.1383247093093698,0.006037862744704414,11383.247093093622
H1,8,2.5,H4,20,long,0.0,838,39.02084395716471,0.34622957344247973,0.18254835064480224,1.1986225010873053,0.3723150357995227,0.0006526820194999799,0.38365157249501086,0.21229383920764944,1.274560031618047,0.9718823691542371,0.03212171096682992,19718.82369154232
H1,8,2.5,H4,20,long,1.0,800,37.251402345741965,0.31813703931264414,0.18254835064480135,1.1862196455291887,0.37,0.0006215046071269933,0.3700824877272289,0.22114149676126071,1.2685533536848184,0.9407160160684014,0.03135632169520286,19407.160160683936
H1,8,2.5,H4,20,short,0.0,734,34.10424882330492,-0.4434578570101049,0.44987891621629794,0.7949611535749114,0.2956403269754768,-0.0007676123940426532,-0.23673268974541092,0.4107478253305892,0.8687111732271104,-0.3501471798247935,-0.019827034370938357,6498.528201752072
H1,8,2.5,H4,20,short,1.0,705,32.75680574990459,-0.4055737399083352,0.42086311283825184,0.8073030886263323,0.300709219858156,-0.0007269033788506832,-0.23017316398664173,0.4108781025947136,0.8720213873242422,-0.336731878290486,-0.01889600765516375,6632.681217095156
H1,8,2.5,H4,32,both,0.0,1432,66.59511077158136,0.0038777939671860704,0.3018266282027391,1.0014082518396878,0.3463687150837989,4.9865927414683225e-06,0.20264908350319888,0.23463368067572576,1.0811918005264411,0.38538272097499426,0.015275011282849693,13853.827209749988
H1,8,2.5,H4,32,both,1.0,1374,63.897822765469826,-0.018713824735226616,0.2978384776765636,0.993085934929569,0.34643377001455605,-2.4841537113947684e-05,0.2013714354640949,0.23335604218362305,1.0816537142288312,0.3816539625041908,0.015147767842369264,13816.539625041856
H1,8,2.5,H4,32,long,0.0,810,37.71223709369025,0.17369681728309216,0.25138360502777835,1.0848079167379974,0.38395061728395063,0.0002878260305837909,0.34575101838754047,0.2635426023249138,1.180729976904422,0.5698364907064386,0.021218449528375594,15698.364907064382
H1,8,2.5,H4,32,long,1.0,778,36.222370936902486,0.17106175363629075,0.25138360502777846,1.0852790789077191,0.38174807197943444,0.00029317017447588175,0.3448133766430265,0.26260988054501877,1.1821466237022666,0.5654419864215214,0.021085173623637266,15654.41986421519
H1,8,2.5,H4,32,short,0.0,769,35.76231856378915,-0.08847012657090478,0.2577957818491178,0.9559959600536502,0.31469440832249673,-0.0001584178378099689,-0.01271709223109507,0.27030386148368535,0.9928261778739954,-0.07124760583058787,-0.0034314255688832063,9287.523941694146
H1,8,2.5,H4,32,short,1.0,734,34.13464476699771,-0.10332436757975964,0.2508283299130072,0.9475597584062269,0.31743869209809267,-0.00019154206413262055,-0.014390485088367417,0.27037828198634073,0.9917676676624059,-0.0738965572545679,-0.003563790152205315,9261.03442745433
H1,8,2.5,H4,50,both,0.0,1671,77.78903262809075,0.03704664248994536,0.3534965797121046,1.0126579030925955,0.3357271095152603,4.440680746879235e-05,0.07303328646556277,0.41564661037245376,1.0257009258966467,0.05509147529497449,0.0024996053422929876,10550.914752949708
H1,8,2.5,H4,50,both,1.0,1602,74.57691817486618,0.0028580779098245366,0.35349657971210724,1.0009919216603622,0.3333333333333333,3.539292185416722e-06,0.06982550902199822,0.41669460970824934,1.0249248273068279,0.0475513301514896,0.002164948511392595,10475.51330151489
H1,8,2.5,H4,50,long,0.0,934,43.49655743975519,0.2825462974039781,0.29265418065516613,1.1365211156888582,0.36295503211991437,0.00044477182439917507,0.2927945394098489,0.33194624575784204,1.1423844566796169,0.47062423866065783,0.018123793273819855,14706.242386606596
H1,8,2.5,H4,50,long,1.0,883,41.121477750860635,0.2630074115660342,0.2926541806551666,1.1304543791627937,0.362400906002265,0.0004322445671761129,0.28705558829639355,0.333161764504612,1.1416027324768792,0.45885092352049583,0.01774275500259348,14588.50923520495
H1,8,2.5,H4,50,short,0.0,828,38.579793340987365,-0.36901878153539375,0.4585891402029222,0.8376361773010719,0.2995169082125604,-0.0006195099002753077,-0.22862818214840008,0.41257300654197715,0.8849479477248192,-0.3493401001655009,-0.01982543876640297,6506.598998345004
H1,8,2.5,H4,50,short,1.0,803,37.41494450822809,-0.3806710720546151,0.4587461044725688,0.830587167686884,0.29763387297633875,-0.0006549334157727474,-0.22578013679270467,0.4091069601927777,0.885166244483698,-0.3470250553378126,-0.019663219355596007,6529.749446621868
H1,8,2.5,H4,80,both,0.0,1840,85.82045715745116,0.16109625813105277,0.2839455866077163,1.0516582490891655,0.35108695652173916,0.00017789409325429657,0.2304212172515206,0.29992037749909517,1.0755919277023396,0.4493806440938537,0.017461067206214098,14493.806440938522
H1,8,2.5,H4,80,both,1.0,1771,82.60219001404674,0.11772211365628495,0.2839455866077164,1.0382535711316208,0.3489553924336533,0.00013367373086429856,0.20406003336025205,0.31170125905599533,1.0671466478248333,0.380453252703165,0.015151427636656889,13804.532527031659
H1,8,2.5,H4,80,long,0.0,979,45.70877540585453,0.3426083382008312,0.17369392918847715,1.1587822637735539,0.3799795709908069,0.000514730112908142,0.4479624233999898,0.18464300154647484,1.219478474582369,0.8877423587145739,0.030109894203270704,18877.423587145782
H1,8,2.5,H4,80,long,1.0,934,43.60775917167327,0.3236117084109514,0.17369392918847693,1.1532768810909277,0.37901498929336186,0.0005046837972771063,0.44368038344126315,0.18627187273568013,1.220548939815225,0.8813329290437859,0.029946332750233173,18813.329290437963
H1,8,2.5,H4,80,short,0.0,914,42.630379261907805,-0.18781984021714354,0.41747088529104726,0.9203169107620406,0.31400437636761486,-0.00029103058823955365,-0.22865912677841327,0.41098871387787506,0.9067971222179482,-0.3057065406662769,-0.01687368035910297,6942.934593337234
H1,8,2.5,H4,80,short,1.0,889,41.46434044183374,-0.22965001680330147,0.4174708852910488,0.9021210214293395,0.31158605174353204,-0.0003618406671918403,-0.23232942309904217,0.40781077568616053,0.9044587050880308,-0.31185796038025737,-0.017281676013176872,6881.4203961974445
H1,8,2.5,H4,120,both,0.0,1979,92.53997567532967,0.4723213175256264,0.2654770472942013,1.1648911243265863,0.37139969681657403,0.0005605389508229655,0.5373208656069317,0.18437497832203842,1.2267024799671233,1.9394783515452265,0.05171187026493573,29394.783515452487
H1,8,2.5,H4,120,both,1.0,1902,88.95076824583867,0.45227298109984687,0.26547704729420096,1.160937973788498,0.37066246056782337,0.0005539289306181682,0.5335075809646982,0.18503094254618446,1.2283882379350641,1.9276559510771794,0.05152045783174675,29276.55951077186
H1,8,2.5,H4,120,long,0.0,1055,49.35178662909836,0.5470414049485359,0.1889535959712888,1.283137211208313,0.3943127962085308,0.000903246705882701,0.5287346235260165,0.1840116765275316,1.3503435365229408,1.7075083850638313,0.047695694594238836,27075.08385063827
H1,8,2.5,H4,120,long,1.0,1006,47.06564621493531,0.5178997886196163,0.18895359597128902,1.2738932001907242,0.39065606361829025,0.0008888636956639886,0.5200331946008037,0.18835201429448145,1.348289263308363,1.6853325783401898,0.04729890149666538,26853.32578340181
H1,8,2.5,H4,120,short,0.0,949,44.45584840323201,0.10608643909511159,0.24776997475955675,1.049034580145196,0.34351949420442573,0.00017820817547931599,0.20003858395807517,0.22518413746191968,1.0998308009496813,0.2814707264042944,0.011685690181937769,12814.707264042943
H1,8,2.5,H4,120,short,1.0,920,43.097345132743364,0.11136856917661107,0.24776997475955687,1.0523975886485935,0.3467391304347826,0.00019162583024350533,0.2025720552861514,0.22400411169604362,1.1021027525835616,0.28523395580051747,0.011824670474949839,12852.339558005211
H1,8,2.5,D1,20,both,0.0,2257,105.5530409731114,0.3038657139893551,0.3561441773576327,1.0954150711706256,0.3602126716880815,0.0003325896196476728,0.38808219613013634,0.2945912406860173,1.1484011820020579,1.3692496453151048,0.04116464305914658,23692.496453151063
H1,8,2.5,D1,20,both,1.0,2175,101.73117556665386,0.2611814361230014,0.3561441773576338,1.0831156310985974,0.35724137931034483,0.0002939559267761189,0.37383925382221483,0.3009871339819177,1.1446032223961033,1.3183055434240432,0.04011201022687705,23183.05543424044
H1,8,2.5,D1,20,long,0.0,1370,64.07074263764405,0.457084473199583,0.216337133414086,1.1929685489727135,0.3795620437956204,0.0006467572871426629,0.45561821441517925,0.25326014439321354,1.2436134143159165,1.612268731374423,0.04593009535266579,26122.687313744256
H1,8,2.5,D1,20,long,1.0,1312,61.36611601997695,0.3972628368248138,0.21633713341408756,1.1699036629569426,0.37347560975609756,0.0005808248359019695,0.4392299604557336,0.25754682712598653,1.2270543890944041,1.4750927365838398,0.043300549443075154,24750.927365838277
H1,8,2.5,D1,20,short,0.0,1166,54.78280164651402,-0.04094280285313262,0.3309343336887215,0.9832835826601292,0.33361921097770153,-6.0520837336543455e-05,0.07198720537983,0.31840913313537567,1.0308048437340263,0.058498682865604223,0.002674658124618423,10584.986828656072
H1,8,2.5,D1,20,short,1.0,1131,53.1383779264214,-0.03291203239350483,0.3309343336887203,0.9863356343812122,0.33510167992926615,-4.983622041232068e-05,0.07430496122940791,0.3179454102121795,1.0320786324241853,0.06251482445171597,0.0028530768610752766,10625.148244517164
H1,8,2.5,D1,32,both,0.0,2320,108.97376543209877,0.14426240520818726,0.3519453687797498,1.0428441999540181,0.3461206896551724,0.00015278053163538235,0.2702996225989039,0.27295304911407503,1.09633634017914,0.7731016134427027,0.027267099706513198,17731.01613442702
H1,8,2.5,D1,32,both,1.0,2235,104.98119212962963,0.09086813045830348,0.35194536877975113,1.0272992722183771,0.34272930648769573,9.892946007169493e-05,0.2614724565890872,0.27055705722266143,1.0940487385018067,0.7447677701419966,0.026490104712763918,17447.67770141995
H1,8,2.5,D1,32,long,0.0,1388,65.26351699279094,0.3101090490029297,0.24613240995836483,1.125328768866334,0.36095100864553314,0.0004394973968641735,0.3587611123410209,0.2041784879519568,1.1805488110114803,1.0773808611456914,0.034974268861613256,20773.808611456807
H1,8,2.5,D1,32,long,1.0,1332,62.63040679711638,0.2483592041500168,0.24613240995836516,1.1014706374090864,0.35435435435435436,0.00036302881384019656,0.3522234694974182,0.20145334786516278,1.1785454807654292,1.0638147809293845,0.03465547947916958,20638.147809293845
H1,8,2.5,D1,32,short,0.0,1132,53.21959068091132,-0.16405570712247303,0.41873721696214394,0.9343789548999756,0.31890459363957596,-0.00023980379630885303,-0.07928141271939618,0.4033901709439439,0.9667062241967955,-0.17344724023742075,-0.008915742363229562,8265.527597625787
H1,8,2.5,D1,32,short,1.0,1091,51.2920260007723,-0.17017450504797937,0.4187372169621436,0.9308411737185703,0.3208065994500458,-0.0002558535330454483,-0.07855718327881514,0.4022498944112932,0.9666563265090493,-0.17214480561069712,-0.00884237630858653,8278.55194389301
H1,8,2.5,D1,50,both,0.0,2341,110.65746732237609,0.15337099662864004,0.39348453750767964,1.045277079057416,0.34173430158052115,0.00016206519052364024,0.2787034037651922,0.3087950343541609,1.1007177549857943,0.8221445771321971,0.028768296396722626,18221.445771321843
H1,8,2.5,D1,50,both,1.0,2260,106.82865277598033,0.12927924508243552,0.39348453750767987,1.0387010920843842,0.3398230088495575,0.00014043874978107395,0.2756434617856898,0.30524041606123153,1.1006451138204687,0.8115082064847032,0.02848364188780539,18115.08206484692
H1,8,2.5,D1,50,long,0.0,1368,64.66442345023943,0.5114733194999753,0.20338514448757106,1.215244586465098,0.3706140350877193,0.000728709805240246,0.5093735754100317,0.18128958802135509,1.2702818293017506,1.6701196225996116,0.04751877343012412,26701.19622599608
H1,8,2.5,D1,50,long,1.0,1311,61.97007247314612,0.4676665147851529,0.20338514448757083,1.1998902117106043,0.36765827612509533,0.0006877890251833296,0.4959816728186891,0.18629410801965252,1.2660197609022388,1.636705487001017,0.046895407497707264,26367.05487001004
H1,8,2.5,D1,50,short,0.0,1128,53.71603650586701,-0.33430277393059865,0.4827025184149827,0.8719444901937049,0.3058510638297872,-0.00047896340657621123,-0.18290890512197058,0.4727543962187237,0.9239879789169175,-0.3236610537825526,-0.01845022756172887,6763.389462174478
H1,8,2.5,D1,50,short,1.0,1096,52.32178800156842,-0.3115223507169851,0.48270251841498346,0.8788078210786475,0.30656934306569344,-0.00045766110516167775,-0.18242322340671738,0.47761642116407366,0.9240384916108598,-0.31930408423250356,-0.018194695999356192,6806.959157674987
H1,8,2.5,D1,80,both,0.0,2362,112.98068360398113,0.09599228862571171,0.3050453822256529,1.0277811474951435,0.34928027095681624,9.868486297628687e-05,0.3108539074793024,0.2770260824639458,1.1119278203669003,1.0003058046243796,0.0337183696117882,20003.05804624367
H1,8,2.5,D1,80,both,1.0,2291,109.6563687590093,0.10857360610182477,0.30504538222565347,1.0319442021085863,0.349628982976866,0.00011436158496279416,0.31637335307543635,0.27559756166980354,1.1150905966333466,1.0197364503947868,0.03421925297865114,20197.36450394782
H1,8,2.5,D1,80,long,0.0,1351,64.80009848982272,0.4626019083586102,0.16899552910521465,1.1909803541015287,0.3774981495188749,0.0006544199924091676,0.5271223626104052,0.1664018599296424,1.270062339449918,1.8387054742688966,0.0513170557004603,28387.05474268883
H1,8,2.5,D1,80,long,1.0,1306,62.64169402495076,0.4392501740541744,0.1689955291052152,1.1839143831748484,0.37442572741194485,0.000637639526790592,0.517079112443841,0.17158867340034,1.2670038533723667,1.8070070925936839,0.050750959863811174,28070.07092593666
H1,8,2.5,D1,80,short,0.0,1124,53.81321274085725,-0.4596321614588252,0.5437101079801105,0.8285864376938441,0.3104982206405694,-0.0006370565034570699,-0.2647200911754413,0.5373515819699886,0.8931747712246935,-0.4084902364813746,-0.024825515719744007,5915.097635186248
H1,8,2.5,D1,80,short,1.0,1096,52.507082896117524,-0.41095282193175253,0.503169596111577,0.8436755502392382,0.3147810218978102,-0.0005828268380261449,-0.26224175369621877,0.5398948659546272,0.8941735946229205,-0.3972637328141968,-0.0239628302511401,6027.362671858053
H1,8,2.5,D1,120,both,0.0,2347,113.96460382876894,0.14917014297074999,0.4039935092458079,1.043087957194161,0.3438432040903281,0.0001539089926161762,0.2863423851038078,0.36041774242894375,1.09600665339054,0.8568051446771976,0.03050626975237991,18568.051446771926
H1,8,2.5,D1,120,both,1.0,2293,111.34249534698219,0.12045116883430244,0.4039935092458081,1.0350527586808969,0.3423462712603576,0.00012637680381974602,0.2646984935153323,0.3717085497867728,1.0898172967543676,0.7646662156668249,0.027962646259463098,17646.662156668343
H1,8,2.5,D1,120,long,0.0,1321,64.14454267482053,0.5377336430205798,0.1709530025206235,1.2294508320833273,0.380772142316427,0.0007890012120427793,0.5741083878224796,0.1692161296296688,1.292789499199569,2.0256522361090865,0.05523065706235197,30256.522361090785
H1,8,2.5,D1,120,long,1.0,1284,62.34791278915183,0.48463401426956204,0.17095300252062284,1.2081028444394268,0.37772585669781933,0.0007248065576015495,0.5598999922490153,0.17446231447884164,1.2866091607925032,1.9903790645598205,0.054629967547961344,29903.790645598037
H1,8,2.5,D1,120,short,0.0,1122,55.47725734398267,-0.37736126126169794,0.4813503310766929,0.8565228162540017,0.2976827094474153,-0.0005322011676786787,-0.25437684262413646,0.5299918792014693,0.8986248750147897,-0.41139372505868177,-0.02586533479007591,5886.062749413209
H1,8,2.5,D1,120,short,1.0,1104,54.817292006525285,-0.3506125288981867,0.4652695858248145,0.8654587904275926,0.29891304347826086,-0.0005011329986223431,-0.24320494530384032,0.5285016452368183,0.9031458349521497,-0.3915894793703806,-0.024371125265030713,6084.105206296209
H1,8,2.0,none,0,both,0.0,4143,192.2783672172808,0.0988447726431576,0.6011366931710778,1.0220576497874139,0.33598841419261405,6.552834171377476e-05,0.3024973455922691,0.43122528216647626,1.080849311072574,1.2306160364846153,0.03793592023328496,22306.160364846182
H1,8,2.0,none,0,both,1.0,3987,185.0383418043202,0.07963383000031021,0.5961048512613456,1.0181035586358158,0.33684474542262355,5.4425735951178486e-05,0.28375727658402233,0.43002397303933393,1.0770774666453702,1.1281422342023522,0.035672984250628925,21281.42234202344
H1,8,2.0,none,0,long,0.0,3498,162.3436467598475,0.400003278988817,0.30003931796055383,1.1012237434224863,0.35763293310463123,0.00028832035357998116,0.5281131543315017,0.19259770277439758,1.1503938159597178,2.262271592334538,0.05641043842029214,32622.715923345313
H1,8,2.0,none,0,long,1.0,3350,155.4749047013977,0.37303108514342126,0.3000393179605537,1.0961415769782286,0.3573134328358209,0.0002783485400892326,0.5225063594653321,0.19417087040266,1.15025840431805,2.247763601122714,0.056191935160478934,32477.63601122703
H1,8,2.0,none,0,short,0.0,3498,162.3436467598475,-0.4187509885280074,0.6879856765077377,0.9059763811351417,0.30160091480846196,-0.0002853360925293955,-0.18072254596480752,0.6442842003626226,0.9545449831958887,-0.5787015615981537,-0.03932374256521909,4212.984384018467
H1,8,2.0,none,0,short,1.0,3341,155.09662557193695,-0.3862512503147071,0.6622933247754241,0.9110172998930705,0.30410056869200836,-0.0002729948555200977,-0.16854507747097766,0.6117325472401745,0.9573840346085731,-0.5460878314122484,-0.03600257951613983,4539.121685877507
H1,8,2.0,H4,20,both,0.0,1972,91.63778625954198,0.05366150036940295,0.47547660701783967,1.0184363939491479,0.3382352941176471,5.469497164539297e-05,0.23520206572612523,0.39852601827222567,1.1109840769343615,0.7125848887808766,0.025315891450953032,17125.848887808726
H1,8,2.0,H4,20,both,1.0,1884,87.54847328244274,0.05556901329615858,0.47520260503710676,1.0195353520824675,0.34129511677282376,5.883010235480538e-05,0.23661780004386984,0.3958990770088643,1.112935385265362,0.717293470426392,0.02544671765144524,17172.93470426389
H1,8,2.0,H4,20,long,0.0,1175,54.71299719530852,0.35734940832259204,0.15624465764498463,1.1761943808725133,0.3719148936170213,0.0004934180524696651,0.4064000458516009,0.11228593640461104,1.2943085555694762,1.3455383254110465,0.0404951662427544,23455.3832541105
H1,8,2.0,H4,20,long,1.0,1116,51.965706272310044,0.36284597304589994,0.15624465764498385,1.1840570575445368,0.3736559139784946,0.0005246616616979313,0.40850650934066685,0.11097312283348237,1.3002111455035654,1.3506270589443634,0.040600171516760764,23506.270589443608
H1,8,2.0,H4,20,short,0.0,1038,48.315216006116984,-0.30544071418919616,0.407494447961824,0.8710197879472547,0.30057803468208094,-0.0004016961571797988,-0.16051362294429242,0.34992587122313124,0.9200854405156503,-0.31725015065091566,-0.017606531643982293,6827.498493490849
H1,8,2.0,H4,20,short,1.0,994,46.2671721677074,-0.31552188110405116,0.4075872348276426,0.8645162497706741,0.30181086519114686,-0.000428711270762748,-0.1603843493984971,0.34962423312357427,0.9192454546347207,-0.31784950582424254,-0.017646690053151004,6821.504941757587
H1,8,2.0,H4,32,both,0.0,2218,103.16114860562843,-0.16854732856119875,0.4984472555715139,0.9511915976767631,0.3255184851217313,-0.0001463932308454892,0.05273554321181931,0.49085203777498165,1.016376827705008,-0.01402330058597423,-0.0006566369376431735,9859.766994140286
H1,8,2.0,H4,32,both,1.0,2127,98.92865783776901,-0.15281455529673332,0.4984472555715155,0.9547636388223906,0.32722143864598024,-0.00013750716044760402,0.054087681242983264,0.4893351082299383,1.0169406642601273,-0.009080083790757643,-0.00042416182331650454,9909.199162092411
H1,8,2.0,H4,32,long,0.0,1243,57.87936639469658,-0.05866329037603075,0.4419169020828655,0.9783857213097202,0.3483507642799678,-6.275664070078799e-05,0.15503803235355373,0.41566484464230735,1.0613118570757396,0.2260890454253659,0.009536350757196832,12260.890454253618
H1,8,2.0,H4,32,long,1.0,1187,55.271768230494644,-0.06680815812610184,0.44191690208286616,0.9748949151421128,0.34625105307497894,-7.425006947074174e-05,0.16061977282454543,0.411434508028825,1.0641886217358096,0.237508639430148,0.009972246197679002,12375.086394301465
H1,8,2.0,H4,32,short,0.0,1122,52.185215841079845,-0.15088323474876444,0.3122894965169154,0.9359032392992035,0.3003565062388592,-0.00019556953740446802,-0.011723416594401464,0.30026433798316665,0.9943199656835723,-0.09066536713250095,-0.0044107373372769265,9093.346328674983
H1,8,2.0,H4,32,short,1.0,1072,49.85967146313511,-0.1194596275200727,0.2831522882374573,0.9478091798780321,0.3050373134328358,-0.0001610977119883517,-0.004642117904909167,0.3063933315935964,0.9977334048323616,-0.07568419496419998,-0.003653784562781426,9243.158050357995
H1,8,2.0,H4,50,both,0.0,2504,116.56716798368596,-0.07325667767549018,0.3877950251743705,0.9797363927602358,0.3254792332268371,-6.050687361140377e-05,0.0812224575259236,0.3670658895627924,1.0242777698933538,0.0617776838122579,0.0027944595509301617,10617.776838122616
H1,8,2.0,H4,50,both,1.0,2391,111.30674866173847,-0.08331469747216974,0.39178198558642463,0.9764646659991243,0.32622333751568383,-7.141379238445853e-05,0.066954319280719,0.3701989063560308,1.020158348386921,0.0226115364748789,0.0010414385545420846,10226.115364748788
H1,8,2.0,H4,50,long,0.0,1365,63.5683093204131,0.1903620268892946,0.27714841809605495,1.0829631866285245,0.34798534798534797,0.0002313929159565279,0.2504075953313144,0.3360927782626474,1.1536756406961102,0.7130790485743734,0.025385231591884105,17130.79048574382
H1,8,2.0,H4,50,long,1.0,1296,60.3549662119087,0.18719043320070355,0.27714841809605495,1.083780983078933,0.3479938271604938,0.00023805574232660108,0.24961980695982847,0.336546711619472,1.1551858498543413,0.7105470827856133,0.025314602814947795,17105.470827856083
H1,8,2.0,H4,50,short,0.0,1219,56.79802908534251,-0.2029430897533652,0.3874743461519117,0.9200591115724948,0.2977850697292863,-0.00025620258031302737,-0.041847663209323156,0.3164919856354259,0.9813463289947901,-0.14812573779897986,-0.007441942770929244,8518.742622010237
H1,8,2.0,H4,50,short,1.0,1171,54.56848047971422,-0.21211740785675795,0.39910004545194766,0.9149190260040908,0.2997438087105038,-0.00027626145336641107,-0.040831258437971654,0.31790771889735847,0.9815522758381835,-0.14727566320535324,-0.007396755293938129,8527.24336794648
H1,8,2.0,H4,80,both,0.0,2708,126.30532499042269,0.21297981521661308,0.3828789187149364,1.0572174558423533,0.33825701624815363,0.00016563640327512834,0.355244029101108,0.3106671550965643,1.0994792486706237,0.963499346835629,0.031970801849444896,19634.99346835636
H1,8,2.0,H4,80,both,1.0,2596,121.08147107649089,0.19268386397774326,0.38198878979155093,1.0526968583890808,0.33821263482280434,0.00015467398892817102,0.35108079321767194,0.3135853337393215,1.0994577742403382,0.954003616336174,0.03173748763173312,19540.03616336184
H1,8,2.0,H4,80,long,0.0,1456,67.99693133870349,0.22992473523495974,0.23969172408484596,1.082758728007955,0.3626373626373626,0.00022899607039924123,0.37879379284742737,0.21496061128956123,1.1461448379937897,0.8132502188619009,0.028182679841552982,18132.50218861896
H1,8,2.0,H4,80,long,1.0,1383,64.62079442241269,0.24486270473531194,0.23565552058822103,1.0905760339712876,0.3644251626898048,0.0002545023074092834,0.3835327378340244,0.21378285741360992,1.149855849442784,0.82021271460139,0.028381439134081976,18202.12714601388
H1,8,2.0,H4,80,short,0.0,1321,61.61349125271358,0.04938425365671394,0.2521114871714266,1.0191863710433262,0.31037093111279335,5.795642348629164e-05,0.10310315003462817,0.22324068186019308,1.0402443625542082,0.1108938077582653,0.0049171048100400405,11108.938077582683
H1,8,2.0,H4,80,short,1.0,1281,59.74782914059507,0.005457063156983485,0.25211148717142695,1.0021355953117246,0.3083528493364559,6.52446489186868e-06,0.07190060041746812,0.2244039956383066,1.0280153551815856,0.05788278794735002,0.002627945772977869,10578.827879473463
H1,8,2.0,H4,120,both,0.0,2842,132.877688172043,0.3814250040077842,0.2383659780229369,1.1108300580076265,0.34553131597466574,0.0003250212548149989,0.5210901781535726,0.14565258870592745,1.1793996862478564,2.1056515257000146,0.054412623794147796,31056.515256999985
H1,8,2.0,H4,120,both,1.0,2721,127.23662143131482,0.3623020665918809,0.23836597802293613,1.1074763154454732,0.3461962513781698,0.0003198872071492392,0.512531923368228,0.15154453890111885,1.1788159534966753,2.083120346454877,0.0540608256506967,30831.203464548795
H1,8,2.0,H4,120,long,0.0,1509,70.57135083226632,0.48925935771160844,0.14397944365588167,1.2073084445261568,0.37375745526838966,0.0005629885366285996,0.5228813540725332,0.13976365838224902,1.281119097416738,1.7710326138706343,0.04882011061652669,27710.326138706325
H1,8,2.0,H4,120,long,1.0,1436,67.17456454918033,0.46150771506786686,0.14397944365588222,1.1998964497261126,0.3732590529247911,0.0005536754390150657,0.5056249131435422,0.14161913227382739,1.2753675629001002,1.7120918092232857,0.04777859480979241,27120.9180922328
H1,8,2.0,H4,120,short,0.0,1377,64.50548287803001,-0.0068390094632725254,0.3390677589440787,0.9973463929259946,0.3100944081336238,-8.40020551435365e-06,0.15208430391739564,0.30001598547447006,1.0667263027465286,0.22815893417084654,0.009673888774527573,12281.589341708574
H1,8,2.0,H4,120,short,1.0,1327,62.16323585994613,-0.006425982708687065,0.34319147036753017,0.9974590628698602,0.3119819140919367,-8.124937072818864e-06,0.1511910740455173,0.29924264032224446,1.0670916393006982,0.22620020122033346,0.00959839784288441,12262.002012203384
H1,8,2.0,D1,20,both,0.0,3157,147.60551075268816,0.15833480255092713,0.4553465502355385,1.0419871795972895,0.3411466582198289,0.00012420809197423926,0.34981532957341943,0.3146556883506084,1.1185173510557842,1.3998319063993736,0.041778406808506974,23998.319063993804
H1,8,2.0,D1,20,both,1.0,3026,141.51683738796416,0.10221699448020043,0.45744614941921447,1.027538469849678,0.33939193654990085,8.274197457216998e-05,0.33937325715382755,0.30654340184751994,1.1163727068258362,1.3657769386743936,0.04109322312330077,23657.769386743938
H1,8,2.0,D1,20,long,0.0,1856,86.77726574500767,0.40881349906738496,0.14972012399261658,1.149502025154154,0.36530172413793105,0.00042096204250639216,0.43619731407700885,0.1659965553311601,1.20816591083398,1.5290535483735597,0.044336120817751734,25290.535483735577
H1,8,2.0,D1,20,long,1.0,1776,83.05813060179257,0.3715455447368336,0.1497201239926168,1.1383262780919967,0.36373873873873874,0.00039608360077483806,0.4277123808491438,0.16841859706842133,1.2061494538688928,1.5036848369672646,0.04385544547738851,25036.84836967251
H1,8,2.0,D1,20,short,0.0,1648,77.42886544893233,-0.15921461340553744,0.4170284764449941,0.9456624569777962,0.3100728155339806,-0.0001672983149575154,0.06942388824365757,0.3059422038250824,1.026910594248551,0.04851439797304735,0.002228291186565645,10485.143979730507
H1,8,2.0,D1,20,short,1.0,1583,74.37493568304605,-0.18557150749199244,0.4276028677229725,0.9355777504177337,0.31017056222362605,-0.00020057311317577673,0.057749306819164806,0.31374445594341116,1.022649125503995,0.022999366901317098,0.0010689232939742332,10229.993669013162
H1,8,2.0,D1,32,both,0.0,3221,151.27558827311304,0.07240085455702884,0.4216735345856464,1.0188644553092803,0.33002173238124805,5.6922223727877324e-05,0.23000951232027125,0.4328576565051576,1.0824137687366584,0.7259841616057061,0.02596496591396802,17259.841616057
H1,8,2.0,D1,32,both,1.0,3092,145.21705027645623,0.02554866440501953,0.42167353458564705,1.0067533093426255,0.32891332470892626,2.0726924152946495e-05,0.2220819621049336,0.44041517115271256,1.0802857129152386,0.6915470238718442,0.024994312040766964,16915.4702387183
H1,8,2.0,D1,32,long,0.0,1903,89.52482612055641,0.17780489452035037,0.3081068678486796,1.0615685139607545,0.34524435102469786,0.00018323614890408387,0.2843221154717577,0.29949775900625797,1.1456175698284459,0.9854189105726328,0.03279035017593923,19854.1891057263
H1,8,2.0,D1,32,long,1.0,1829,86.06573692347332,0.1347677688756861,0.30810686784868013,1.0473042576694198,0.34281027884089665,0.00014320896475207605,0.26835373961586995,0.3025759039485998,1.1317211147318778,0.8586829246630192,0.02959819157835586,18586.829246630172
H1,8,2.0,D1,32,short,0.0,1556,73.14401544401544,-0.23197006291075123,0.43884116814467655,0.9188517315021433,0.30526992287917737,-0.00024995995828314523,-0.08894473868852354,0.4203085759242374,0.9658881120253433,-0.23036903592147318,-0.012233254685455774,7696.309640785277
H1,8,2.0,D1,32,short,1.0,1483,69.71245173745173,-0.25020319416366704,0.44335315296847433,0.9106670385949522,0.306136210384356,-0.0002793543891957743,-0.0942518808214887,0.42337523497938645,0.9633598175620826,-0.23961399462376098,-0.012794230662332762,7603.860053762394
H1,8,2.0,D1,50,both,0.0,3240,153.13276397515529,0.127989847499237,0.2631787376394269,1.032542477154435,0.33425925925925926,9.739973237194862e-05,0.30565918739660186,0.2146229054464076,1.0990279419554811,1.0603825872940735,0.034756541567440236,20603.82587294066
H1,8,2.0,D1,50,both,1.0,3117,147.3193905279503,0.11132539258364055,0.26317873763942523,1.028757080657648,0.33365415463586784,8.747206156857776e-05,0.30320051641328594,0.21368033341642922,1.0992081882860558,1.0516289942271273,0.034548341784359504,20516.289942271338
H1,8,2.0,D1,50,long,0.0,1882,88.9493400621118,0.4234084347220718,0.1956056515624266,1.1528798758258534,0.3602550478214665,0.0004370533087635451,0.49276187909546754,0.17191637532454174,1.2263014283491736,1.701319116782916,0.048087779354738514,27013.19116782913
H1,8,2.0,D1,50,long,1.0,1807,85.4046001552795,0.3924006380311533,0.19560565156242593,1.1438243293606678,0.35915882678472605,0.0004182136110828167,0.47674081612586866,0.1763135010461645,1.220988502727915,1.6526542340930903,0.04718762779898156,26526.542340930908
H1,8,2.0,D1,50,short,0.0,1552,73.86864738076622,-0.33237981359763247,0.4701186555486354,0.8861273373174033,0.2970360824742268,-0.00035470792248927123,-0.17877933624296488,0.4994959605937771,0.9328159366652027,-0.372520686894261,-0.02193754800420311,6274.793131057413
H1,8,2.0,D1,50,short,1.0,1496,71.20328381548084,-0.3187106411085307,0.4684990816573421,0.8887220190634662,0.2967914438502674,-0.0003515604731269571,-0.17165824869116225,0.49644055151229893,0.9349389211384087,-0.3590547374240727,-0.020948600741824253,6409.452625759286
H1,8,2.0,D1,80,both,0.0,3240,154.9777370350969,0.012642118750006162,0.49509939398552627,1.0031757207659577,0.33425925925925926,9.544387332688964e-06,0.31690393588250076,0.3469090816164795,1.1052130139609766,1.2855219126590325,0.040330226717690376,22855.21912659032
H1,8,2.0,D1,80,both,1.0,3145,150.53220416721268,0.01768819897259472,0.5002428035618816,1.0045032566704464,0.33354531001589827,1.3695089723038081e-05,0.3184968259263047,0.3452839366848286,1.1065255786288182,1.2908321644980232,0.040472747087868965,22908.321644980355
H1,8,2.0,D1,80,long,0.0,1842,88.28113108515943,0.32556438031112805,0.23836531272743233,1.1135494073838283,0.35939196525515743,0.0003349459485479695,0.44628625586364734,0.22074234643116697,1.1941222021262459,1.6782245261369972,0.04834765664629681,26782.24526136996
H1,8,2.0,D1,80,long,1.0,1784,85.5687458962574,0.31468245684651114,0.23658921455609472,1.1111290079284148,0.3576233183856502,0.0003323062029674597,0.44538671977897415,0.21861686421361537,1.1951090127383088,1.6760790034379758,0.04834635883701832,26760.79003437981
H1,8,2.0,D1,80,short,0.0,1546,74.01710578057413,-0.3956075806478873,0.5095852258325404,0.8653587691389325,0.2981888745148771,-0.0004154579355281121,-0.1885103555671192,0.5327777671722739,0.9291835163904489,-0.38635104915824636,-0.023108464344437696,6136.48950841751
H1,8,2.0,D1,80,short,1.0,1505,72.10142313746064,-0.37344432764715796,0.4924807000959235,0.8709436254493894,0.29900332225913623,-0.0004017605104304499,-0.18883801269129352,0.5332672874851564,0.9287498674984961,-0.38404781872042437,-0.022948099351693174,6159.521812795749
H1,8,2.0,D1,120,both,0.0,3228,156.7229828525854,0.1220608473547084,0.3954731359442829,1.0306973670882151,0.3351920693928129,9.153160828805025e-05,0.33309831514904437,0.29515133772564806,1.105374217356814,1.300711817908656,0.04128308255457713,23007.118179086698
H1,8,2.0,D1,120,both,1.0,3155,153.1787518277283,0.09688521314754596,0.39547313594428357,1.024538968654842,0.33375594294770206,7.39710626881215e-05,0.32381747602279837,0.29604657597966744,1.1031493074263965,1.2634444293291867,0.040457797612924784,22634.444293292006
H1,8,2.0,D1,120,long,0.0,1812,87.97461119234347,0.43223536004209917,0.28247002340396987,1.1552287235170038,0.3658940397350993,0.00046073993801766175,0.5335965334799784,0.20771392064802063,1.2257312185784737,1.9921425763090217,0.05465269846563747,29921.42576309004
H1,8,2.0,D1,120,long,1.0,1768,85.8383623554433,0.38963532385291005,0.28247002340396976,1.1405861883645698,0.36368778280542985,0.0004228140264534587,0.5183312626120692,0.2163928604776294,1.2197770280935785,1.9509366073324212,0.05394287882585869,29509.366073324138
H1,8,2.0,D1,120,short,0.0,1537,75.98663373037357,-0.26044462106783745,0.3876725005881484,0.9093569986283275,0.2966818477553676,-0.00027119016727631594,-0.09633195417857544,0.4696424098946558,0.9639057674547598,-0.23452739806102485,-0.013126057949702452,7654.726019389763
H1,8,2.0,D1,120,short,1.0,1505,74.72828303425776,-0.24011324287658606,0.386693704566035,0.9155720123423104,0.29700996677740865,-0.00025448164310714586,-0.09296141002318604,0.4711310309592168,0.9650679106565909,-0.2259959938246402,-0.012639547193864953,7740.040061753627
H1,8,4.0,none,0,both,0.0,1378,63.99421487603306,0.07706582593021921,0.3546079601963503,1.028652579050789,0.37663280116110304,0.00014429012269701074,0.16612820482342727,0.24841475385065626,1.0682042452022118,0.2916792658063536,0.011956898305725883,12916.792658063625
H1,8,4.0,none,0,both,1.0,1337,62.09017800381437,0.012216169688152279,0.35460796019635177,1.0045453365277877,0.37471952131638,2.3392692783333754e-05,0.1590562001813383,0.22885178376441895,1.066222450489842,0.2730713257109145,0.011275190971035132,12730.713257109146
H1,8,4.0,none,0,long,0.0,1256,58.33596134282808,0.7379803191604983,0.28076979984513184,1.332842330247922,0.4140127388535032,0.00149974397286263,0.727498447878651,0.2290593300609125,1.3573970289184654,2.587249556908662,0.06112454904980402,35872.49556908649
H1,8,4.0,none,0,long,1.0,1204,55.92077822990844,0.6675166476047426,0.2807697998451326,1.3035015432316028,0.4119601328903654,0.001395094749815503,0.6730259947765604,0.24818987223600464,1.3358281011807271,2.4190531729849822,0.058760426187906,34190.53172984972
H1,8,4.0,none,0,short,0.0,1257,58.35272623284189,-0.1255770141331501,0.4559535451129112,0.9511358365542826,0.34844868735083534,-0.0002589501830804312,-0.07970072605386691,0.3585564353404812,0.9694709025808701,-0.19199847331204478,-0.009848001835583431,8080.015266879539
H1,8,4.0,none,0,short,1.0,1208,56.07803762074225,-0.165497190727127,0.4559535451129111,0.934856000019939,0.34602649006622516,-0.00035183700271555274,-0.10729576133989975,0.3764595282979041,0.9582267686352737,-0.23235855836271857,-0.01220050693423691,7676.414416372809
H1,8,4.0,H4,20,both,0.0,783,36.418024958614545,-0.24511334533072712,0.567839426962335,0.8887329981777857,0.36270753512132825,-0.0005688117340811568,-0.0650216281056425,0.3932357879053471,0.9674442159194135,-0.1522928229253805,-0.007655078931088188,8477.071770746228
H1,8,4.0,H4,20,both,1.0,751,34.96529636711281,-0.3107602102835913,0.5802091189837462,0.8587486085985556,0.3581890812250333,-0.0007371643481543908,-0.07126410664752462,0.36684013444370467,0.9635709871014736,-0.16032187528296382,-0.008102441032672103,8396.78124717038
H1,8,4.0,H4,20,long,0.0,581,27.084907466496492,0.3141926559869745,0.3183593459445745,1.20945529284383,0.39414802065404475,0.0009692927326154411,0.3418359680850169,0.2727553103557314,1.2395549065940137,0.5945261936986532,0.021989020606152154,15945.26193698652
H1,8,4.0,H4,20,long,1.0,555,25.87284620293555,0.2741366297629703,0.31835934594457405,1.1850254219660263,0.3927927927927928,0.0008719359355344893,0.31616737854678534,0.27804950588169475,1.2271313256168004,0.5397817195704893,0.020325927198854288,15397.81719570491
H1,8,4.0,H4,20,short,0.0,493,23.000159662792182,-0.42286496034607,0.4558381167955803,0.7778071777179741,0.3367139959432049,-0.0011356319593528337,-0.24690101064607087,0.27446809403657757,0.8523209811501691,-0.26839097683410984,-0.014473861788150577,7316.090231658909
H1,8,4.0,H4,20,short,1.0,471,21.99626006904488,-0.46638706288436593,0.46802483454609,0.7536264029158595,0.33121019108280253,-0.0012930711317493942,-0.2616803574485471,0.27620746766926885,0.8414980422175652,-0.28103214081977146,-0.015290422132947512,7189.678591802297
H1,8,4.0,H4,32,both,0.0,653,30.37160957595823,0.2814446129622649,0.26806779194111663,1.1697258360882652,0.4226646248085758,0.0007765673424007393,0.35214660714716,0.19628620666663854,1.196037559859526,0.5063130226279995,0.01923656442392896,15063.130226280055
H1,8,4.0,H4,32,both,1.0,628,29.261002678913126,0.22888896114175208,0.2680677919411164,1.1387472926769784,0.41878980891719747,0.0006481900372093485,0.332803391677103,0.1998958219690261,1.1877770869404463,0.4736865398336283,0.01823180927614243,14736.865398336291
H1,8,4.0,H4,32,long,0.0,446,20.79151244416082,0.5590694021924093,0.19993452350209362,1.4375358976249373,0.45067264573991034,0.0018432287661127528,0.5871757250794594,0.17638250110668463,1.44434346718519,0.8307339680286372,0.02859165221594151,18307.33968028634
H1,8,4.0,H4,32,long,1.0,425,19.812539885130825,0.5126931111167857,0.19993452350209362,1.4056994912761798,0.4470588235294118,0.0017508420529913447,0.5528677726867137,0.1756350630083039,1.423063763753689,0.7696132961239726,0.026964733028122412,17696.132961239695
H1,8,4.0,H4,32,short,0.0,409,19.018109484404835,0.08203694784202603,0.14687167361761944,1.0639898884426042,0.3740831295843521,0.0003079908991617562,0.07996964968398418,0.10418313693190107,1.0569687994266095,0.060418032627523655,0.0027315066091668783,10604.180326275224
H1,8,4.0,H4,32,short,1.0,385,17.934096416273434,0.06428414078872673,0.1472320914798444,1.0513078380651553,0.37142857142857144,0.00025377489283220174,0.06804816916602896,0.11229963703760504,1.0492893546932938,0.047281149385845156,0.00215428874521173,10472.811493858468
H1,8,4.0,H4,50,both,0.0,651,30.39858731782153,0.26243022818418604,0.26222744771880246,1.1457136313176979,0.3824884792626728,0.0006859990829672651,0.30216100889690206,0.21909030700966048,1.1713595995522748,0.39200951681365237,0.015564249411299746,13920.095168136508
H1,8,4.0,H4,50,both,1.0,622,29.04442597801074,0.19568919231300613,0.26222744771880235,1.1088470617658062,0.37942122186495175,0.0005263793222859063,0.28014496935318506,0.21307117353350313,1.1619066682976704,0.36112672225136433,0.014500867060931455,13611.26722251362
H1,8,4.0,H4,50,long,0.0,415,19.378515724878547,0.5008465793279494,0.18849164495747128,1.380665141118311,0.41445783132530123,0.0016501277706388808,0.444168343515634,0.18014950578551614,1.3312365503696482,0.5331970103551191,0.020155880903024226,15331.970103551199
H1,8,4.0,H4,50,long,1.0,392,18.304525696752748,0.45155059718482915,0.18849164495747106,1.3468252076607523,0.413265306122449,0.0015497850724579462,0.4220670077817403,0.18139664779133602,1.3207504074991478,0.5026488866820042,0.019197618675175887,15026.488866820064
H1,8,4.0,H4,50,short,0.0,364,17.16825929752066,-0.28031098889338774,0.3439892801501693,0.8217889828589005,0.3324175824175824,-0.000915870767480479,-0.11664404311078194,0.24506631413779845,0.9191572986050559,-0.1143952676491119,-0.0057135010164264255,8856.047323508854
H1,8,4.0,H4,50,short,1.0,348,16.41361053719008,-0.3150031066999729,0.34398928015016905,0.7989915910835,0.33045977011494254,-0.0010589888121983364,-0.1298551754253493,0.2439450902691861,0.9087807384916525,-0.12570015056125194,-0.0063158078136829054,8742.998494387482
H1,8,4.0,H4,80,both,0.0,762,35.581756583993865,0.5475349715194167,0.1644530410202132,1.3044064510238718,0.41732283464566927,0.001374848805282256,0.6161803554788847,0.1349272835598424,1.3643648479693733,1.227460448952872,0.038104477087665733,22274.604489528705
H1,8,4.0,H4,80,both,1.0,731,34.13420480695474,0.5105584969018835,0.1644530410202134,1.2866763604155382,0.4172366621067031,0.0013192883250769925,0.5976535511364424,0.13556309568872404,1.3593645950087727,1.1835597639095616,0.03714000816252505,21835.59763909563
H1,8,4.0,H4,80,long,0.0,421,19.65868703656354,0.6986656861622169,0.09393382757667623,1.5653143977288202,0.45368171021377673,0.0023027021311233546,0.7266489496449714,0.0827575776430367,1.6218272742606301,1.1534055295724839,0.0364667708791091,21534.055295724782
H1,8,4.0,H4,80,long,1.0,398,18.58469700843774,0.6967558871790736,0.09393382757667623,1.5770015157968638,0.457286432160804,0.0023959793075550248,0.7277465497886607,0.08289345678819948,1.6353082143161535,1.1508887098673366,0.036410173523885314,21508.88709867338
H1,8,4.0,H4,80,short,0.0,403,18.94655039258592,-0.020010804454668345,0.31064729759814136,0.9866235801317271,0.36228287841191065,-6.769076685468787e-05,0.0709786005945486,0.20889540274125773,1.0519881139677665,0.05011288634543787,0.0023015083180788487,10501.128863454369
H1,8,4.0,H4,80,short,1.0,387,18.335938513425866,-0.06428396565312224,0.310647297598141,0.9569571088244266,0.35917312661498707,-0.00022247196670510284,0.05679110509162815,0.20472964774968838,1.0422134487443153,0.03473616260668777,0.0016191588738796447,10347.361626066884
H1,8,4.0,H4,120,both,0.0,834,39.01863712053286,0.5158083380698794,0.24761986283672022,1.30202233265572,0.39928057553956836,0.0013997492679105022,0.5816805473887003,0.16664871104461165,1.3689601433417709,1.534469887908636,0.044469672085692524,25344.69887908627
H1,8,4.0,H4,120,both,1.0,804,37.61508902267196,0.4477195317902796,0.24761986283672055,1.2627921283998782,0.39427860696517414,0.001245855842766374,0.5306224312515052,0.1743486987917503,1.341262832442459,1.3860063991688452,0.04152414422021122,23860.06399168841
H1,8,4.0,H4,120,long,0.0,468,21.89535032662995,0.6212637792645718,0.2333494055617804,1.5096049700921,0.43162393162393164,0.0022187040797736848,0.6294242711154052,0.18931603600802327,1.5916755460331073,1.3525142168553894,0.04083553999877876,23525.14216855389
H1,8,4.0,H4,120,long,1.0,447,20.91286665812732,0.5715652256119386,0.23334940556178074,1.4716762604579254,0.4272930648769575,0.002105074110038644,0.6035846759551721,0.18423787066708108,1.579850216879763,1.288470469497463,0.03949236700898151,22884.704694974636
H1,8,4.0,H4,120,short,0.0,404,18.978906752411575,0.1689406122799533,0.23085694164866122,1.1377240415711996,0.3688118811881188,0.0006630696101096341,0.21458704951172244,0.12222538966643526,1.1648845786026165,0.22227586018361345,0.009473661279849166,12222.758601836134
H1,8,4.0,H4,120,short,1.0,393,18.462154340836012,0.13640767345718022,0.23085694164866122,1.1119088773350085,0.366412213740458,0.0005464071594527354,0.18960195816882172,0.1263819685127494,1.145905547931703,0.18962079955747102,0.008190276344218983,11896.207995574716
H1,8,4.0,D1,20,both,0.0,972,45.47495837069297,0.6743080342136701,0.16731254852463218,1.3771038197456673,0.404320987654321,0.001782594014909895,0.6942519920875078,0.10797263037939464,1.436167804226935,2.210216510535055,0.056083302722803596,32102.165105350436
H1,8,4.0,D1,20,both,1.0,939,43.931055463045986,0.6090236207826868,0.1673125485246325,1.341476977988286,0.40042598509052185,0.0016515229726203377,0.6570608189744968,0.11168713287769516,1.417907870354309,2.110193730991785,0.05452050563468358,31101.937309917816
H1,8,4.0,D1,20,long,0.0,607,28.398456513385426,0.6414207587369147,0.161057756218419,1.4353163182947946,0.41186161449752884,0.0019820006465006527,0.6285513391280686,0.15988719002879648,1.5010229967687485,1.5819902048276067,0.04537779123099339,25819.902048276024
H1,8,4.0,D1,20,long,1.0,582,27.228833098501347,0.5754566963702965,0.16105775621841922,1.3909386373187909,0.4072164948453608,0.0018293655202010197,0.6010201356569831,0.1598377340681929,1.487366010272836,1.5089455424377847,0.04397517626295255,25089.455424377855
H1,8,4.0,D1,20,short,0.0,511,24.00549839228296,0.29240869809875114,0.20520784821759053,1.2199257754964044,0.38943248532289626,0.0010887765883699318,0.36240204589021996,0.15546454645802077,1.2806364062336244,0.5216445368248119,0.019916499155294476,15216.445368248093
H1,8,4.0,D1,20,short,1.0,500,23.488745980707396,0.26780024189626056,0.20520784821759075,1.2026170750418383,0.388,0.001014311583877773,0.3367098719384165,0.15613953289944826,1.2594347641549113,0.47421422413379877,0.01840038329577931,14742.14224133795
H1,8,4.0,D1,32,both,0.0,1041,48.95393974507532,0.4685462449953951,0.21793177771765282,1.224446244800711,0.3957732949087416,0.0011054884454664842,0.5234761331304683,0.13719533378459103,1.292679821595199,1.4317320263581794,0.04267275499421119,24317.320263581718
H1,8,4.0,D1,32,both,1.0,1006,47.30803398995751,0.40177001347274893,0.21793177771765293,1.1930816830407351,0.39363817097415504,0.0009712848310829488,0.48385441118656003,0.13881732301443273,1.2662153674420784,1.2648475304854414,0.03919253795441846,22648.475304854397
H1,8,4.0,D1,32,long,0.0,620,29.159799124388357,0.5150500469321472,0.17914495814246245,1.3261717867977525,0.4,0.0015789303875330747,0.565506264686983,0.12241933507937364,1.4124312651757267,1.2733878687191136,0.03938165270181471,22733.87868719113
H1,8,4.0,D1,32,long,1.0,594,27.93696883852691,0.44959473835246433,0.17914495814246267,1.2862489867740223,0.39730639730639733,0.001417339498751228,0.5176374901682858,0.12890705766186217,1.385547769176613,1.1574888766720113,0.03682687770754045,21574.888766720116
H1,8,4.0,D1,32,short,0.0,518,24.375096624581293,0.06079115576623633,0.28737380465790385,1.0384830932543208,0.3745173745173745,0.00019634247544778912,0.1292291364610905,0.22665360433984083,1.090916193802088,0.1347378690617047,0.005965703047790427,11347.37869061705
H1,8,4.0,D1,32,short,1.0,503,23.66925405823241,0.007074331153775984,0.28737380465790296,1.0044810497234693,0.3717693836978131,2.3304615439683203e-05,0.09983603528747273,0.21637050419989223,1.0695360834101233,0.09296946992910504,0.004191974352631078,10929.694699291038
H1,8,4.0,D1,50,both,0.0,1061,50.16572815533981,0.3523942435001687,0.21868616426711907,1.1580938680878359,0.38548539114043356,0.0007941608345236208,0.4275224726363045,0.19957539310450712,1.2171153475568142,1.0575629610983568,0.03470327311911747,20575.629610983586
H1,8,4.0,D1,50,both,1.0,1024,48.41631067961165,0.3286644177222112,0.21868616426711862,1.1490798684649104,0.38671875,0.0007610564230762541,0.4104793424880271,0.20465455435747615,1.2123170715463032,1.014190807168477,0.03366152015102153,20141.90807168472
H1,8,4.0,D1,50,long,0.0,622,29.409126213592234,0.645305960418625,0.11413797447761764,1.4215758485212777,0.4115755627009646,0.001961248883573162,0.6465674020478794,0.09680070156915321,1.4848382950612247,1.612337740396526,0.046448342145459565,26123.37740396517
H1,8,4.0,D1,50,long,1.0,598,28.274368932038836,0.6235840197558933,0.11413797447761742,1.4130646857067173,0.41471571906354515,0.0019506756350820254,0.636601396176677,0.097905834680024,1.4848416515712812,1.5864552294780485,0.04595579844335451,25864.552294780457
H1,8,4.0,D1,50,short,0.0,511,24.330954243253814,-0.12505709511667304,0.3282943130740753,0.9282594517828119,0.3542074363992172,-0.0003891282067846837,-0.060354697884842747,0.23645658971618588,0.9645231211704868,-0.09354375014558147,-0.004665412060960716,9064.562498544181
H1,8,4.0,D1,50,short,1.0,497,23.66435275713727,-0.13117963112756498,0.32829431307407564,0.9241201034085765,0.35412474849094566,-0.0004180511348607619,-0.062344178762953985,0.2362830412969369,0.9630678355864062,-0.09562063948333943,-0.004774116714900689,9043.793605166598
H1,8,4.0,D1,80,both,0.0,1070,51.342288491854966,0.3399765915434077,0.18262716738813312,1.1542939319909864,0.3822429906542056,0.0007548421993235548,0.49180690193247817,0.1570371584232224,1.2581440462508242,1.3165655751481258,0.041133693581842046,23165.655751481252
H1,8,4.0,D1,80,both,1.0,1041,49.95733149389042,0.3324964886505135,0.17898522022528907,1.152754099510366,0.3852065321805956,0.0007545049235021626,0.4921318654576378,0.15714478679704824,1.2614664829394318,1.3171996892482571,0.0411528826427765,23171.99689248256
H1,8,4.0,D1,80,long,0.0,623,29.893687598528636,0.5404721798277521,0.18573822709426446,1.3381170081598739,0.4044943820224719,0.0015846800693480802,0.618344390953464,0.1427123754144053,1.46077359743719,1.499720956877598,0.04494205264305662,24997.209568775983
H1,8,4.0,D1,80,long,1.0,602,28.889830508474578,0.5357510748903175,0.1857382270942648,1.3408837525853132,0.40863787375415284,0.0016124327020267549,0.6195063299085504,0.14594893501128714,1.4692201223491343,1.504068508101081,0.045035232210242526,25040.685081010844
H1,8,4.0,D1,80,short,0.0,508,24.608355437665782,-0.12775768714598973,0.29436472924099555,0.923594466229181,0.35039370078740156,-0.0004023228351483116,0.04715078221739544,0.22854069380007502,1.0316400974379913,0.022820526407427932,0.0010936364546330068,10228.205264074257
H1,8,4.0,D1,80,short,1.0,499,24.172380636604775,-0.12648609347064652,0.2943647292409959,0.9236999260058933,0.3527054108216433,-0.00040463099499677096,0.04780396384961008,0.22839457253144424,1.0322766835987782,0.023668757265024487,0.0011338374598410805,10236.687572650235
H1,8,4.0,D1,120,both,0.0,1102,53.567407505988825,0.23581598507719106,0.21013648978051613,1.099782402899172,0.38021778584392013,0.0005036871514824004,0.32610404959728034,0.1793862795076162,1.153601494778804,0.7194053802814151,0.026695278250383758,17194.053802814153
H1,8,4.0,D1,120,both,1.0,1082,52.651278976818546,0.1996623900961832,0.21013648978051647,1.084598349507371,0.3789279112754159,0.0004313332354200874,0.3029472639460029,0.18055799790057814,1.1370098733033824,0.6150200258726202,0.023599724154492963,16150.200258726258
H1,8,4.0,D1,120,long,0.0,637,30.96410034602076,0.5409719372714644,0.1715139436275801,1.333906111107627,0.4097331240188383,0.0015971983889224292,0.5660267608535401,0.14445763754696084,1.3958407231645786,1.2732338183857674,0.040725527126177274,22732.338183857642
H1,8,4.0,D1,120,long,1.0,622,30.267186250999202,0.4966262661186798,0.17151394362757955,1.3070374007927905,0.4067524115755627,0.001486932326998088,0.5199075218766086,0.14336030711184333,1.3666210801613579,1.1468728106542465,0.03787738934458296,21468.728106542458
H1,8,4.0,D1,120,short,0.0,510,25.330092466684796,-0.2215352807896081,0.3875789875972182,0.8765197675009557,0.3431372549019608,-0.00066464585284191,-0.07772979096112913,0.2789052869289985,0.9557367555842751,-0.11071977551333301,-0.005811100836995653,8892.80224486668
H1,8,4.0,D1,120,short,1.0,505,25.08175822681534,-0.21889240295700366,0.3873443534772908,0.8775400486500841,0.3445544554455445,-0.0006629437600151845,-0.07590510347788576,0.28014122893197824,0.9566908976808727,-0.10868266656548464,-0.005698111137279027,8913.17333434517
H1,8,1.5,none,0,both,0.0,6278,291.3646124523507,0.11985456239704079,0.48254477902261717,1.0222594529504996,0.3204842306467028,5.2498704130840966e-05,0.26373776391249687,0.3959331640032666,1.0524064080001696,0.9129785296081421,0.030562377359215853,19129.78529608129
H1,8,1.5,none,0,both,1.0,6052,280.8758576874206,0.06927671414666266,0.4886185247011493,1.0130486986709208,0.3195637805684071,3.117529870994149e-05,0.24106139814103836,0.42113109057403253,1.0484094941455326,0.8044125319710913,0.027771696420130443,18044.125319710874
H1,8,1.5,none,0,long,0.0,5118,237.52852604828462,0.3938566149434333,0.36871068672481655,1.0814691477747342,0.33196561156701837,0.00018488692319535322,0.46253915068098717,0.4106961364989564,1.097811426560534,1.763290980959869,0.04830291759473648,27632.90980959838
H1,8,1.5,none,0,long,1.0,4896,227.2254129606099,0.33948087610188543,0.3687106867248202,1.0714723858552058,0.3306781045751634,0.0001648268678741049,0.44261702583648765,0.42485601041610377,1.0943681580104478,1.709338272789779,0.047344036238667675,27093.382727897515
H1,8,1.5,none,0,short,0.0,5119,237.57493646759846,-0.3864729854701643,0.6590567804308607,0.922707770889948,0.2932213322914632,-0.00018441355995515453,-0.2585009093821256,0.8301366744681475,0.9439944883475327,-0.8176094893834451,-0.0759343980968048,1823.9051061655512
H1,8,1.5,none,0,short,1.0,4911,227.92156925031765,-0.35594202847728024,0.6405787489512795,0.9272066774723182,0.29566279780085525,-0.0001754197306369153,-0.2690669808610029,0.8331073787632582,0.9405985643644574,-0.8155705786128424,-0.07545751701137493,1844.294213871576
H1,8,1.5,H4,20,both,0.0,3461,160.83082061068703,0.08797212577453019,0.41769194112001184,1.022646864643952,0.3143600115573534,5.325430452625944e-05,0.15326881486984684,0.45490849664228183,1.0414901098458542,0.28856230878409095,0.011850941708993812,12885.623087840853
H1,8,1.5,H4,20,both,1.0,3316,154.1712067209776,0.03216965279828319,0.41769194112001384,1.0084032546677288,0.31393244873341375,2.0057319518260514e-05,0.1264213200494289,0.49920846319515166,1.0343276952163483,0.19424579669726239,0.008287372220333822,11942.45796697253
H1,8,1.5,H4,20,long,0.0,1971,91.68463448802852,0.3035959897001677,0.31535907301628174,1.101898096758475,0.3287671232876712,0.0002281351520445232,0.3492085779373713,0.3801460373234159,1.122752648351222,0.7647684622636794,0.026774623632411787,17647.68462263671
H1,8,1.5,H4,20,long,1.0,1882,87.57809912090713,0.24457348123795106,0.31535907301628263,1.083261454616357,0.32624867162592985,0.0001900031869688897,0.32596254197991353,0.39268469442396836,1.1152645739401197,0.7132944075585319,0.025371580445562314,17132.94407558519
H1,8,1.5,H4,20,short,0.0,1776,82.57179226069246,-0.2182958663331355,0.3899995606139368,0.9215075864015188,0.2916666666666667,-0.00019072281784212345,-0.2690934330080686,0.5569265044876736,0.9016532879743268,-0.4974794181406459,-0.03148643372811499,5025.205818593568
H1,8,1.5,H4,20,short,1.0,1706,79.32737110120942,-0.22637797546481603,0.38999956061393515,0.9171055170053669,0.2936694021101993,-0.0002033770817890643,-0.2674318858336915,0.554351168533459,0.9012707209259528,-0.4967438990834947,-0.03142450877489156,5032.561009165067
H1,8,1.5,H4,32,both,0.0,3771,175.32557917515274,0.21310870607396215,0.4469671150971143,1.0546231036256857,0.3171572527181119,0.00012841259095990994,0.32225691631001924,0.41665471621239236,1.0866134755837227,0.9267474207958644,0.030961375054599616,19267.47420795858
H1,8,1.5,H4,32,both,1.0,3613,167.97966522403257,0.2019744018365244,0.44696711509711395,1.0528771606490845,0.3169111541655134,0.00012604256660401613,0.3173899892662739,0.4182080838018284,1.0862284323265587,0.9107509313643345,0.030561839005317948,19107.509313643342
H1,8,1.5,H4,32,long,0.0,2035,94.70995795107034,0.4299219084392291,0.34129125039821073,1.150133282869476,0.3385749385749386,0.0003371092097082618,0.5027717490887703,0.3363934390249482,1.1794459721056414,1.2457770248452484,0.03837156269704689,22457.77024845256
H1,8,1.5,H4,32,long,1.0,1937,90.1489870030581,0.39133546717101375,0.3412912503982094,1.1395830756268388,0.33608673205988643,0.0003191103586302933,0.4883043745764462,0.34133129588779665,1.1762882784494482,1.2208554847966964,0.037832424127884234,22208.55484796693
H1,8,1.5,H4,32,short,0.0,1917,89.13866963717376,-0.05005120052113538,0.3314276672078743,0.9820431724400617,0.2921231090245175,-4.363935833984074e-05,-0.024477154713343757,0.35309803277456797,0.9906369189389354,-0.13639584055345166,-0.006795461226571153,8636.041594465438
H1,8,1.5,H4,32,short,1.0,1843,85.69774029280713,-0.028063325573486203,0.331427667207873,0.9897024013604113,0.29462832338578404,-2.5295975159900465e-05,-0.014469166116020636,0.34489759604687975,0.9944118185767199,-0.11548362899078224,-0.005689846928062958,8845.16371009218
H1,8,1.5,H4,50,both,0.0,4061,189.04922890644914,0.0561844261308728,0.4673475859468371,1.0132684343288239,0.31002216202905686,3.1291670793593505e-05,0.19210242891678977,0.5578225064103004,1.0479059852527435,0.4938125439852772,0.01885856095659344,14938.125439852758
H1,8,1.5,H4,50,both,1.0,3885,180.87906309751435,0.03908478418175103,0.4673475859468361,1.0094268319915058,0.3099099099099099,2.2545253463265203e-05,0.1839756577008355,0.5708536288487888,1.0463311685359395,0.4536624048469693,0.017569379818591857,14536.62404846966
H1,8,1.5,H4,50,long,0.0,2175,101.31599923479148,0.3200042019774356,0.3443856683963268,1.105861553577094,0.3310344827586207,0.00023188225845827468,0.36747938118733464,0.44172508280787204,1.1255942281709834,0.9289483577190953,0.03107634603023457,19289.48357719076
H1,8,1.5,H4,50,long,1.0,2065,96.20424107142857,0.28302812227448865,0.3443856683963269,1.0958401916522953,0.3297820823244552,0.00021363623938597045,0.3563076771863712,0.44861392325883664,1.1232122766234962,0.9073257552715559,0.030539011557511486,19073.257552715437
H1,8,1.5,H4,50,short,0.0,2016,93.92142857142856,-0.22494645831734414,0.39859757016785036,0.9264565081997492,0.28621031746031744,-0.00018565017968399795,-0.12270047162515772,0.43692405176924964,0.9562774214149243,-0.376911984016553,-0.02179818278781842,6230.880159834459
H1,8,1.5,H4,50,short,1.0,1944,90.56709183673469,-0.21347003359176467,0.38487312148936537,0.9288881171040873,0.2880658436213992,-0.00018139149387785074,-0.12309630019870908,0.43835942504375347,0.955828593843462,-0.37601382049854903,-0.021732536467436225,6239.861795014504
H1,8,1.5,H4,80,both,0.0,4277,199.4604507150153,0.37034673100994797,0.3396688698292011,1.0863420470293577,0.326163198503624,0.00019958030328777514,0.40839288655100825,0.2788084622159358,1.097393149683596,1.266900701009273,0.03890492930181355,22669.00701009272
H1,8,1.5,H4,80,both,1.0,4104,191.39249233912153,0.3310857808180795,0.33966886982919986,1.0785363639287318,0.3255360623781676,0.00018389754331869917,0.3943578211465653,0.2867535143226292,1.0948320692615816,1.2359792338626114,0.038239716156180936,22359.79233862605
H1,8,1.5,H4,80,long,0.0,2315,108.12707800511508,0.3432288507318495,0.3029522953549436,1.10711307085114,0.33563714902807773,0.00023941565518844016,0.3889636220471897,0.35932039670478366,1.1281429855615754,1.0228659473743718,0.033453296266104715,20228.659473743635
H1,8,1.5,H4,80,long,1.0,2194,102.4755115089514,0.3165420412403471,0.30295229535494284,1.1012887662609177,0.33546034639927075,0.00023017834821621673,0.3772453036337453,0.3634846660915674,1.1256079217315627,0.9888494973351709,0.03263501688737369,19888.49497335165
H1,8,1.5,H4,80,short,0.0,2059,96.0226953524004,0.1571014677297436,0.28131435295806917,1.0534377278819045,0.3118018455560952,0.00012817770536383542,0.17682612265153058,0.25772520487721184,1.0607660594714499,0.27285773318375384,0.011315053130549702,12728.577331837538
H1,8,1.5,H4,80,short,1.0,2005,93.50437308478038,0.13179286063163803,0.28131435295806906,1.045248114181032,0.3112219451371571,0.00010935806305618578,0.16407231666880617,0.26146841179464575,1.0564166794830216,0.2458558665205295,0.010304291996230619,12458.558665205297
H1,8,1.5,H4,120,both,0.0,4435,207.33185076155127,0.2344620444723281,0.35294491068469513,1.0530538230396314,0.3113866967305524,0.00012537872593364045,0.36469405930407817,0.33001117515578604,1.0874499884710327,1.2398123218614927,0.03841761428399937,22398.123218614714
H1,8,1.5,H4,120,both,1.0,4247,198.5938740238126,0.20341013340285863,0.35294491068469525,1.046891537809451,0.3108076289145279,0.00011242837906009608,0.35425527339650054,0.33643035640628527,1.085797194482175,1.2106524366915985,0.03779151130380898,22106.524366915935
H1,8,1.5,H4,120,long,0.0,2389,111.75489882172133,0.31590393379379356,0.3343034352305627,1.0940951973951754,0.3264964420259523,0.00021018686621151258,0.3494197698806441,0.3926091502214435,1.111502217620913,0.8370850228007118,0.028858589994215977,18370.85022800707
H1,8,1.5,H4,120,long,1.0,2269,106.168620292083,0.2787380829482093,0.3343034352305647,1.0848886057363007,0.3243719700308506,0.00019292696266016743,0.3320053002482257,0.402866325056088,1.1069654530153314,0.7910074154473354,0.02764393156769107,17910.074154473314
H1,8,1.5,H4,120,short,0.0,2123,99.45180838784147,0.0297329552703876,0.3360526142313083,1.0099644923999624,0.293452661328309,2.483859902250517e-05,0.1606650788503179,0.33379961597442376,1.0593761437153297,0.27978559656517454,0.011623330298326184,12797.855965651755
H1,8,1.5,H4,120,short,1.0,2052,96.12581762216236,0.02250272035235705,0.3377942890427076,1.007652191216789,0.29434697855750486,1.9283772200597995e-05,0.1572819894888459,0.33491565769214227,1.0586037959041157,0.27152635841105366,0.011316552726263085,12715.263584110571
H1,8,1.5,D1,20,both,0.0,4727,220.98256111608856,0.053423198146037104,0.4919712124179191,1.0113613104588035,0.31711444891051405,2.682864994522325e-05,0.2015548004591519,0.4849461163699871,1.0471859492169255,0.5344644833876133,0.020218742801484613,15344.64483387615
H1,8,1.5,D1,20,both,1.0,4532,211.92075278453464,0.031335384179904786,0.48813387233291927,1.0067858850159674,0.3170785525154457,1.6249266734677626e-05,0.19707530518466967,0.48178882906990805,1.0465278327839727,0.5130201071568554,0.019552782103136046,15130.201071568521
H1,8,1.5,D1,20,long,0.0,2732,127.73463901689708,0.32415887390460096,0.2089782182869756,1.0902086426780253,0.3356515373352855,0.00020334454699323678,0.3679935834872914,0.2652495956120354,1.107834706088504,0.9218283926966375,0.031015214634433796,19218.28392696634
H1,8,1.5,D1,20,long,1.0,2598,121.500576184379,0.3068289827143245,0.20897821828697594,1.0874794549034976,0.3352578906851424,0.0002003174546814593,0.36441550841947845,0.2658181203637746,1.1081009604716041,0.916704378550697,0.03089455610034686,19167.0437855069
H1,8,1.5,D1,20,short,0.0,2392,112.05309734513274,-0.1797793806361137,0.4819073781115927,0.9458275013265499,0.2947324414715719,-0.00013223770537611917,-0.0332572004569946,0.5062657770260559,0.9888697016576936,-0.20429030036863838,-0.010647950905030235,7957.096996313623
H1,8,1.5,D1,20,short,1.0,2316,108.49288187764525,-0.18777034519906538,0.4812588063934653,0.9426613715441879,0.29620034542314333,-0.00014127546643304326,-0.04128133234846658,0.5069677745425074,0.9861151170815756,-0.2203556767576691,-0.011592803098017357,7796.44323242334
H1,8,1.5,D1,32,both,0.0,4785,224.7005978400617,-0.035911484978659085,0.5645472340540023,0.9924143948920378,0.31159874608150473,-1.8083934618134627e-05,0.08660156352821657,0.5340383018049262,1.0196153925023856,0.023633736718378984,0.0010975156546073617,10236.337367183767
H1,8,1.5,D1,32,both,1.0,4593,215.68439830290563,-0.07529743850593773,0.5654724915866935,0.9838448708252173,0.3106901807097757,-3.909571719775982e-05,0.0854475474288506,0.534729651265112,1.0195565492799237,0.011458525808229814,0.0005351688523114184,10114.585258082368
H1,8,1.5,D1,32,long,0.0,2801,131.71948628814215,0.20171608609265837,0.31181939740867837,1.0565284450384789,0.3270260621206712,0.0001308676305185763,0.28383983332975793,0.26636662686009704,1.0828895558685312,0.6608861164328719,0.02414553347835824,16608.861164328708
H1,8,1.5,D1,32,long,1.0,2678,125.935303205871,0.16447217355446708,0.3118193974086775,1.0469834772007003,0.32524271844660196,0.00011053942728493694,0.2622731356883978,0.2683316072222691,1.0769596055527568,0.597309945086341,0.022267504127988058,15973.099450863348
H1,8,1.5,D1,32,short,0.0,2286,107.3491257392646,-0.2560623474737969,0.5140799067994422,0.9211103559361679,0.2891513560804899,-0.00019237010198691268,-0.21698275440406514,0.5688746638056585,0.928718174709757,-0.47750093838924035,-0.030022919123194103,5224.990616107611
H1,8,1.5,D1,32,short,1.0,2196,103.12278220622268,-0.2687729044217281,0.5140799067994423,0.9158297914033521,0.2900728597449909,-0.00020780022332914696,-0.21879693572229633,0.5691083313139937,0.9274047643525418,-0.4821738161355624,-0.030432029366313174,5178.261838644402
H1,8,1.5,D1,50,both,0.0,4799,226.8160908385093,0.16448829291739359,0.36694221026132456,1.03507395590493,0.3156907689101896,8.223943418368617e-05,0.2595449860888533,0.35529497194178383,1.0589726900193264,0.7030423021725745,0.025482972839743656,17030.42302172599
H1,8,1.5,D1,50,both,1.0,4616,218.1669254658385,0.15392430979005833,0.36694221026132456,1.033414648547743,0.3158578856152513,7.941056591246454e-05,0.2562199094708666,0.35804177604680576,1.058784303508616,0.6932622922935638,0.02520387510226474,16932.622922935545
H1,8,1.5,D1,50,long,0.0,2753,130.1155861801242,0.5212288481611919,0.19886500949503505,1.150676881855578,0.3367235742826008,0.00033782095053365874,0.5396059455565158,0.22215977091584638,1.158895229847976,1.359466464339095,0.04140671373035176,23594.664643390908
H1,8,1.5,D1,50,long,1.0,2637,124.6330551242236,0.4748047432939417,0.19886500949503316,1.1395021688099594,0.33560864618885095,0.00031781682138783026,0.5221105420370205,0.22730660694709492,1.1554107930971764,1.3288888056932597,0.04076486973173421,23288.88805693239
H1,8,1.5,D1,50,short,0.0,2270,108.0424159499609,-0.2771619743323183,0.48442105131100477,0.9142720873513689,0.28810572687224667,-0.00020960565288189562,-0.19738428800148822,0.528760055933228,0.9353840295311296,-0.45180692885876905,-0.02820571918227721,5481.930711412301
H1,8,1.5,D1,50,short,1.0,2193,104.37754104769351,-0.2472922235770924,0.4844210513110033,0.9219553063090165,0.29001367989056087,-0.00019282525611041842,-0.19263640011812747,0.5264489265278163,0.9366153381166153,-0.43832220341944683,-0.02708107543748972,5616.77796580558
H1,8,1.5,D1,80,both,0.0,4796,229.375278250622,0.0004505811371071306,0.47663415658258756,1.0000932177537516,0.3196413678065054,2.1968821024090204e-07,0.20810557292905402,0.4973718004426291,1.0471287199166641,0.557079422150325,0.021403933739126302,15570.794221503238
H1,8,1.5,D1,80,both,1.0,4646,222.23042168674698,-0.019654219041573422,0.4798970223627985,0.9958794802468309,0.3189840723202755,-9.833523410893212e-06,0.19850960501505685,0.5092558338409527,1.0452666021666082,0.512852145746177,0.01999992457733657,15128.521457461715
H1,8,1.5,D1,80,long,0.0,2714,130.07328434588638,0.3825749359518867,0.2514525787500623,1.1048823630083542,0.340825350036846,0.00024182709851609653,0.4594819975065708,0.3075809447052339,1.131734342653266,1.287289073517964,0.04044972948644676,22872.890735179477
H1,8,1.5,D1,80,long,1.0,2620,125.56816690723002,0.3408579554747135,0.25145257875006366,1.0946036861895505,0.33893129770992364,0.00022131719879171257,0.4510706800476835,0.31203043815670584,1.1302971068065768,1.2797921034669146,0.04028603176722445,22797.921034669085
H1,8,1.5,D1,80,short,0.0,2261,108.13542621448212,-0.3620911158319397,0.493751965033692,0.8901288731689636,0.29455992923485186,-0.0002640246389243142,-0.214209772198463,0.5380841722027485,0.9294510242918479,-0.5116076353981207,-0.03369340383717856,4883.923646018785
H1,8,1.5,D1,80,short,1.0,2199,105.18396411733892,-0.3480395154612558,0.49843184004122754,0.8928450613158154,0.2955889040472942,-0.00026011315124901756,-0.2083394123869963,0.5293794909693043,0.9310516751880307,-0.4982022143631545,-0.0324453586420167,5017.9778563684495
H1,8,1.5,D1,120,both,0.0,4766,231.39458992423235,0.05841829340465153,0.5788516428374199,1.0120654128948916,0.31472933277381454,2.8494398903370183e-05,0.23297560352834368,0.5344236519122959,1.0513670121826957,0.6822161417945543,0.02557355055738686,16822.161417945677
H1,8,1.5,D1,120,both,1.0,4652,225.97991754222633,0.029956800185241966,0.5788516428374202,1.0062431429167449,0.3142734307824592,1.487690943156885e-05,0.21659064634403222,0.5477977708457666,1.0479484412263969,0.6003419634499605,0.02310458815863714,16003.41963449958
H1,8,1.5,D1,120,long,0.0,2666,129.43725907217865,0.38910789581168087,0.39376460582304207,1.105356649277686,0.336834208552138,0.00024957742432601797,0.465304711207686,0.42339000875753274,1.1318859170423063,1.4085446360175968,0.04360130707682153,24085.446360175778
H1,8,1.5,D1,120,long,1.0,2594,126.00857826838674,0.3302910851239131,0.39376460582304107,1.089936063759261,0.3353893600616808,0.00021557409885050995,0.4428946528216457,0.44126823122831915,1.1258782761510677,1.358210763648941,0.04255487372448408,23582.107636489236
H1,8,1.5,D1,120,short,0.0,2244,110.90947225981056,-0.2819627207244558,0.4540708292356993,0.9133561886798471,0.28921568627450983,-0.0002035759087031134,-0.19876244431201873,0.5102494712157528,0.9362544068212467,-0.4472488001123327,-0.02887629291099858,5527.51199887667
H1,8,1.5,D1,120,short,1.0,2200,109.2373572593801,-0.25721624869866816,0.45572239340672693,0.9201124577613038,0.29045454545454547,-0.00018874532526226817,-0.18707153151036432,0.49862163757082434,0.9398267597811016,-0.42506100664680413,-0.027108482810961232,5749.3899335319775
H1,8,5.0,none,0,both,0.0,986,45.848058561425844,0.44923153844879715,0.33805884408589837,1.2109342147998625,0.4066937119675456,0.0011716918463201202,0.5211613928872334,0.2372637078471196,1.2598846029321173,1.2727314410188995,0.03891291982128342,22727.314410188967
H1,8,5.0,none,0,both,1.0,956,44.470071319409065,0.3968025518369736,0.3380588440858986,1.1870459890383587,0.4110878661087866,0.0010572640123915147,0.5052294640120877,0.23830750695743008,1.255367005736739,1.2233382186380775,0.03786673106836558,22233.382186380764
H1,8,5.0,none,0,long,0.0,914,42.532615619824185,0.6688746078025936,0.36882454508673157,1.3529661600394434,0.43216630196936545,0.0018241746240938357,0.6919535840084141,0.2614932182969979,1.379525697617085,1.8673965926629812,0.05024108993660126,28673.96592662959
H1,8,5.0,none,0,long,1.0,880,40.950439546439036,0.6385635531653187,0.3688245450867317,1.3425165490568072,0.43522727272727274,0.0017885818242133452,0.6616265524393593,0.2706238773912616,1.360854878671739,1.6983540108507382,0.04727566447543685,26983.54010850726
H1,8,5.0,none,0,short,0.0,915,42.546626352641624,-0.20507401061108402,0.4894100644236281,0.912622590154943,0.35081967213114756,-0.0005454621812433959,-0.0808297240551087,0.26344172325643356,0.9626845380784831,-0.15981088710572566,-0.008064107887652772,8401.891128942696
H1,8,5.0,none,0,short,1.0,876,40.76949541284404,-0.23035531822010333,0.5034134596280123,0.9004471929721419,0.3481735159817352,-0.0006344123649800654,-0.09772438038726564,0.26240312465003446,0.9541167780902085,-0.1799844713514398,-0.009192615683248584,8200.155286485558
H1,8,5.0,H4,20,both,0.0,699,32.56086596097437,0.07921347752949376,0.4274569501428138,1.04190896722735,0.39198855507868385,0.00023562171202711664,0.21882079545086577,0.2900114073903457,1.1260695655760784,0.31021171224972743,0.012665486667236214,13102.117122497244
H1,8,5.0,H4,20,both,1.0,671,31.26853151314111,0.05540890699522381,0.42745695014281304,1.0296214472394132,0.3949329359165425,0.00017016347392112137,0.20852642280128222,0.2957251132860935,1.1219521984455463,0.2916166121377979,0.011996045494203189,12916.166121378003
H1,8,5.0,H4,20,long,0.0,558,25.966301439673845,0.5446428492329497,0.3100305025351464,1.3874621508626248,0.4211469534050179,0.0020170365210975465,0.5560207349251289,0.2421546383747225,1.3992617076657912,1.0641852635298146,0.03430041892280156,20641.852635298128
H1,8,5.0,H4,20,long,1.0,539,25.08214422219391,0.5303380497876182,0.3100305025351465,1.3846297445225715,0.4230055658627087,0.002013720939374731,0.5429430043215274,0.24960365328464462,1.3973623098475745,1.0307318766676392,0.03351429297389452,20307.318766676362
H1,8,5.0,H4,20,short,0.0,496,23.10470603239383,-0.45368990930287817,0.5410769983591261,0.7648045060038305,0.3467741935483871,-0.001454731503447585,-0.2961782690203925,0.28115755244052254,0.8336918249319493,-0.28144970378902434,-0.015278368617697269,7185.502962109752
H1,8,5.0,H4,20,short,1.0,469,21.869302949061662,-0.45401814491952464,0.5297196595645332,0.7598475942303893,0.34754797441364604,-0.0015266732058407317,-0.2963829826728058,0.2748127012024595,0.8308493490618928,-0.2796201425763274,-0.01517708260399131,7203.798574236714
H1,8,5.0,H4,32,both,0.0,569,26.457956715467855,0.1687796458092471,0.23608618157793226,1.1014518143432466,0.3989455184534271,0.0005661340076159612,0.26456898376433585,0.17811968389079447,1.1782751374765519,0.3736146107506302,0.014870400833887576,13736.146107506276
H1,8,5.0,H4,32,both,1.0,551,25.63076286296485,0.13089154062624686,0.23608618157793249,1.0787748865007731,0.3992740471869328,0.0004507480437179836,0.24995299851147015,0.17153358783684003,1.1678040846577007,0.3440697296364901,0.01385015667342171,13440.697296364879
H1,8,5.0,H4,32,long,0.0,415,19.361189168476177,0.4751808843525577,0.17549464199338305,1.3643708220348165,0.42891566265060244,0.0018261021638404924,0.44741126756011684,0.12914380497601696,1.3476840279758993,0.5887714994419473,0.02183368088123494,15887.71499441948
H1,8,5.0,H4,32,long,1.0,403,18.801347553966025,0.459465331894395,0.17549464199338316,1.3564067788630156,0.4292803970223325,0.001803392733779907,0.4428008221197778,0.12810889281317617,1.350558309737906,0.579668147943551,0.02155978027328187,15796.681479435509
H1,8,5.0,H4,32,short,0.0,381,17.71613621896881,0.013285963073190604,0.2529180522683707,1.0099280977583707,0.3648293963254593,6.004063314467133e-05,0.13446461768219997,0.17153049502524087,1.1102380954735431,0.12870658592107298,0.005645626094000322,11287.065859210728
H1,8,5.0,H4,32,short,1.0,360,16.769544700931004,0.009650388864486938,0.2529180522683717,1.0073817727980499,0.3638888888888889,4.583882837001168e-05,0.13222678750153688,0.16360384443852938,1.1105652152135388,0.12548553931500206,0.005521867106810685,11254.855393150008
H1,8,5.0,H4,50,both,0.0,499,23.303893364019945,0.2761968510929561,0.29748790307450823,1.1847985660461133,0.38276553106212424,0.0010200824814159933,0.3438323160216571,0.21814470237757377,1.251470105427986,0.5011790025724514,0.01915351499169371,15011.790025724491
H1,8,5.0,H4,50,both,1.0,478,22.323168392788645,0.2553400012002598,0.29748790307450834,1.1738625598091328,0.38702928870292885,0.0009699440602233432,0.3337090203751963,0.21897402943321542,1.2505668256409033,0.483742790802006,0.018597606655242238,14837.427908020103
H1,8,5.0,H4,50,long,0.0,338,15.78500191791331,0.4159247286803308,0.21016511893608025,1.3892950960610966,0.4171597633136095,0.0019729795326218036,0.4118316486491798,0.17643458473598184,1.396925996442172,0.5282684153434583,0.020005097375915826,15282.684153434626
H1,8,5.0,H4,50,long,1.0,325,15.17788645953203,0.40458421372294107,0.2101651189360807,1.386797715768903,0.42153846153846153,0.00196988117421358,0.401962889692337,0.17709857041772714,1.396887949856647,0.5102137385664673,0.019439147584995542,15102.137385664691
H1,8,5.0,H4,50,short,0.0,308,14.472790428406022,-0.32089357767348126,0.3474148503280198,0.7957550338229097,0.33766233766233766,-0.0012604837471852162,-0.14674468844721464,0.19889831079786324,0.8931432910913164,-0.13086438301562608,-0.006568905157021687,8691.356169843713
H1,8,5.0,H4,50,short,1.0,293,13.767946738710924,-0.32041674241500534,0.3391450424593393,0.7916240846858438,0.3412969283276451,-0.0013040265467201301,-0.14397769456733533,0.19825292822040153,0.8929237264399599,-0.1275840909725483,-0.006393038124051675,8724.159090274514
H1,8,5.0,H4,80,both,0.0,517,24.14451476793249,0.47020524644467876,0.1614014512136247,1.3298301226164506,0.41779497098646035,0.001696178371251906,0.5425246922463072,0.09666905002787685,1.4176663603171877,0.9094471757973759,0.030667831139666202,19094.47175797372
H1,8,5.0,H4,80,both,1.0,495,23.117088607594937,0.45564390580036696,0.16140145121362537,1.327108080477959,0.4202020202020202,0.0016978971280893797,0.5246704925310489,0.0974076503127852,1.413505379555769,0.8681663609608719,0.029616346212531175,18681.663609608746
H1,8,5.0,H4,80,long,0.0,309,14.43066743383199,0.6843280685076238,0.11730753628951895,1.755785800379898,0.47572815533980584,0.0035256403251448004,0.7626280672262348,0.08522587839588247,1.9124017881088335,1.1931390045083234,0.03735688846499352,21931.39004508329
H1,8,5.0,H4,80,long,1.0,294,13.730149597238205,0.7101408065673338,0.11730753628951873,1.8206004794651218,0.4897959183673469,0.003806374752211344,0.7813223658158511,0.08793337270606849,1.9636613099601534,1.2191911480978477,0.037929139252200095,22191.911480978466
H1,8,5.0,H4,80,short,0.0,295,13.978820705760247,-0.06324819121961413,0.29584715609919054,0.9541343514424423,0.3593220338983051,-0.0002631635136649249,0.00896078608650024,0.17188959744255505,1.0070007364181974,-0.007831164334143326,-0.0003724775069825492,9921.688356658575
H1,8,5.0,H4,80,short,1.0,282,13.436016175319592,-0.10981986908330872,0.2958471560991899,0.9201284550473089,0.3546099290780142,-0.00047042671430903306,-0.03956701272918274,0.1762603083170755,0.9690294605881583,-0.045551812796023605,-0.0022188569254277812,9544.481872039774
H1,8,5.0,H4,120,both,0.0,555,25.96563981042654,0.5539390140877064,0.18998457683533898,1.4029012203284599,0.4252252252252252,0.0021177115817274557,0.6129974871572073,0.10151438447064653,1.467838693701584,1.1843739983427057,0.03723077056204782,21843.739983427065
H1,8,5.0,H4,120,both,1.0,537,25.123510951710006,0.4912218566024109,0.1899845768353392,1.3575055854530285,0.41899441340782123,0.0019247278262634468,0.5643152480215079,0.10387449213062894,1.4382910470260744,1.0751216376210304,0.03474387132147805,20751.216376210254
H1,8,5.0,H4,120,long,0.0,329,15.392244139874473,0.5925264395870133,0.25148132930613765,1.597700685131154,0.45896656534954405,0.0029304018657409273,0.6441633550965882,0.16123792253293523,1.7107658931124534,0.9625917660001664,0.03204832111797651,19625.917660001694
H1,8,5.0,H4,120,long,1.0,316,14.78403996413475,0.5471998018881992,0.2514813293061382,1.5555725601263484,0.4588607594936709,0.0027867220177135747,0.6058973240003199,0.1596015457738752,1.6829870518291847,0.8932958048380291,0.03031411284104224,18932.95804838027
H1,8,5.0,H4,120,short,0.0,284,13.351911442914147,0.14973833959607413,0.23859026791989124,1.1371031106389327,0.36971830985915494,0.0007914340113410491,0.13024917933107874,0.15106577245161246,1.1233881172549773,0.11081526944736386,0.004953102152179589,11108.15269447363
H1,8,5.0,H4,120,short,1.0,274,12.881773716050972,0.12360561594887085,0.23859026791989235,1.1146099706795713,0.3613138686131387,0.0006727956049340648,0.12908542619196828,0.15122417111465258,1.125154705940112,0.10970010247146766,0.004905647718775441,11097.00102471468
H1,8,5.0,D1,20,both,0.0,614,28.725951069552966,0.6796124433492353,0.23981243297664145,1.4920396506961708,0.4250814332247557,0.002592239383341549,0.714491991950073,0.15099391949435248,1.549841269032474,1.5439030868944998,0.044651225540976336,25439.03086894499
H1,8,5.0,D1,20,both,1.0,592,27.696682464454977,0.6345192826606817,0.23981243297664123,1.4636052996452085,0.4222972972972973,0.0024916457706594267,0.684321660451437,0.14677910205127587,1.5393507557415362,1.4784218348518499,0.04337749008690173,24784.218348518483
H1,8,5.0,D1,20,long,0.0,370,17.31042654028436,0.6440052382243543,0.25369211586613627,1.6119826456487334,0.45135135135135135,0.0030198794785098342,0.6194730182569612,0.16987528197992363,1.6428410527960309,0.9533362095919529,0.03182009954478793,19533.362095919514
H1,8,5.0,D1,20,long,1.0,355,16.608652491353915,0.5949874912922314,0.25369211586613605,1.5695047966551443,0.4507042253521127,0.002877478327222028,0.5915591246104871,0.16637798383191527,1.6226865146509613,0.8902870505819975,0.030237452085983385,18902.870505819952
H1,8,5.0,D1,20,short,0.0,320,15.032797427652733,0.16833511313673358,0.27746824223827926,1.1479535429485261,0.371875,0.0008640215218121432,0.21798022264881659,0.12520360476545922,1.208031168215709,0.21827428914880564,0.009318163373061239,12182.742891488067
H1,8,5.0,D1,20,short,1.0,311,14.61,0.1515333281810898,0.27746824223827915,1.1347651391644562,0.3665594855305466,0.0007963718558729438,0.20755839433265727,0.12296534981437701,1.2012835466947367,0.20627901277494964,0.008849102677969345,12062.790127749515
H1,8,5.0,D1,32,both,0.0,682,32.07164928543839,0.4268812855521329,0.3182747840018616,1.2544937481958847,0.40615835777126097,0.0014107253202086591,0.5382558859846156,0.14406217887539852,1.353704441554304,1.0665695036327794,0.034724920951187954,20665.695036327787
H1,8,5.0,D1,32,both,1.0,656,30.848976438779452,0.3840519427248681,0.3182747840018618,1.2318117247299185,0.40396341463414637,0.001307727245746153,0.5082444621765285,0.1442619925231211,1.3400688692354166,0.9904368872185432,0.03290008162219382,19904.368872185423
H1,8,5.0,D1,32,long,0.0,400,18.81277362863765,0.6677523827410037,0.22613081334133667,1.60691447481015,0.45,0.0029915412077471094,0.7297319725226962,0.13517876611049218,1.710570207571365,1.2362856478071262,0.038577581617846635,22362.856478071306
H1,8,5.0,D1,32,long,1.0,384,18.060262683492144,0.625965917550763,0.22613081334133678,1.5784088523543565,0.4505208333333333,0.0028870268310557386,0.7000076333628729,0.13455901260627645,1.6973985949930785,1.164158913490886,0.0369774135138452,21641.589134908834
H1,8,5.0,D1,32,short,0.0,340,16.05909737488685,-0.06723214469607817,0.3772292298758583,0.9531419489440868,0.34705882352941175,-0.00028804796404962544,0.007857082874448657,0.18753726480539978,1.0060072258460788,-0.012571779723893894,-0.0005973839647570589,9874.282202761062
H1,8,5.0,D1,32,short,1.0,328,15.492305702832018,-0.10723681952273466,0.3772292298758583,0.9249191920495232,0.3384146341463415,-0.00047274462689152137,-0.014221503311453448,0.1935717927266577,0.9889844859063616,-0.0327433619676466,-0.0015712061196295757,9672.56638032353
H1,8,5.0,D1,50,both,0.0,719,33.99543689320388,0.3409215825195018,0.29286996521092934,1.1900942819638762,0.40333796940194716,0.001084884256860228,0.452565893383439,0.14812334439101316,1.2770894905395502,0.8673450549828532,0.029968444477788125,18673.450549828554
H1,8,5.0,D1,50,both,1.0,692,32.71883495145631,0.3306504421148208,0.2928699652109289,1.1880444490988729,0.4060693641618497,0.0010848525007464058,0.44513092583149527,0.1534078358973372,1.277592334407174,0.8454161737799628,0.029393337179838053,18454.161737799677
H1,8,5.0,D1,50,long,0.0,425,20.094660194174757,0.5435470519371851,0.15921413761886316,1.4417246245397446,0.43529411764705883,0.002343876856784139,0.6263201660927408,0.09659034885149143,1.5575161468166805,1.0690655240250688,0.03497604221499828,20690.655240250733
H1,8,5.0,D1,50,long,1.0,408,19.290873786407765,0.5280238762092161,0.15921413761886316,1.4384169601771626,0.4411764705882353,0.00235087212433972,0.6110874036144399,0.09852458634163419,1.5508951066313588,1.0179583869359736,0.03375285683863316,20179.583869359747
H1,8,5.0,D1,50,short,0.0,334,15.913579441690581,-0.10854802520889405,0.27225607639941485,0.9240251621957637,0.3592814371257485,-0.0004700049899206822,-0.1287970247767725,0.1957261154286083,0.9082342811920894,-0.12003458754659013,-0.00607402892331943,8799.654124534094
H1,8,5.0,D1,50,short,1.0,322,15.341834072528044,-0.09697444721564588,0.27225607639941374,0.9306719835641077,0.36024844720496896,-0.0004333360957140366,-0.12005747165355506,0.19322873383438144,0.9131501973161755,-0.11252212385263671,-0.005671374093350834,8874.778761473612
H1,8,5.0,D1,80,both,0.0,738,35.41643673630272,0.3875626686265531,0.19246563993894517,1.2147294102133894,0.3997289972899729,0.0011966398936394847,0.5591631648300681,0.1019973701379776,1.3439722530836509,1.174774855566294,0.037988229158267606,21747.748555662965
H1,8,5.0,D1,80,both,1.0,716,34.36066219944817,0.3949721248088449,0.19246563993894528,1.2230145426977437,0.40502793296089384,0.0012507847986274899,0.5639659804313895,0.10185494648479676,1.3526792058202832,1.1814499321940746,0.03814089756626382,21814.499321940795
H1,8,5.0,D1,80,long,0.0,430,20.635593220338983,0.5106110699936636,0.17436628850899938,1.3949918086915365,0.43953488372093025,0.0021046995038101687,0.6651310260582783,0.09560612815072822,1.5845506056392429,1.122277285142252,0.036771744870303325,21222.772851422495
H1,8,5.0,D1,80,long,1.0,415,19.91574694521088,0.5086177483601638,0.17436628850900004,1.4023495141666011,0.4457831325301205,0.002156861714244969,0.6610783140374443,0.0965803372515126,1.5922700287260498,1.1046950220152985,0.036357914043151585,21046.950220152936
H1,8,5.0,D1,80,short,0.0,341,16.874441132637852,0.014886067615439862,0.26168650169061913,1.010851918797121,0.3519061583577713,6.396312024682038e-05,0.16062660728843559,0.1413591976968388,1.1393743658671722,0.15579831758450213,0.007190750961106884,11557.98317584506
H1,8,5.0,D1,80,short,1.0,333,16.47855981574312,0.019361671551075897,0.2616865016906198,1.014295683463466,0.35435435435435436,8.497884075432183e-05,0.16203240497532984,0.14195532326102278,1.1418643608276395,0.15715833825426584,0.0072493657824288515,11571.58338254267
H1,8,5.0,D1,120,both,0.0,761,36.991648922012246,0.30050716111476955,0.3303366974690862,1.155102630325015,0.3902759526938239,0.0008687110831003451,0.4329427543556105,0.217921607192875,1.2466437751661013,0.8313713272658647,0.02984856354480203,18313.713272658686
H1,8,5.0,D1,120,both,1.0,744,36.20383693045564,0.28048569287469327,0.3303366974690871,1.1457944789784469,0.3911290322580645,0.0008243717022023893,0.42871812021997036,0.21188742423183904,1.2483155531261458,0.8187733039531333,0.02953497172870234,18187.733039531387
H1,8,5.0,D1,120,long,0.0,439,21.339466329518235,0.5644172679393373,0.23133782665056224,1.4333421846365029,0.4328018223234624,0.0023304458109406367,0.664984702764521,0.13418703991909053,1.5514502986150538,1.083789342110732,0.03633281172582814,20837.89342110732
H1,8,5.0,D1,120,long,1.0,426,20.729616306954437,0.5388564361663614,0.2313378266505628,1.418352392031867,0.43427230046948356,0.0022744992139760835,0.6416395441821975,0.13238444784298242,1.5422405164057533,1.0420058024807868,0.03535123139754259,20420.05802480791
H1,8,5.0,D1,120,short,0.0,339,16.84622448979592,-0.28285124925455435,0.32253123314355614,0.8246069255095356,0.336283185840708,-0.0010395283101037602,-0.08891967639794728,0.19948281806343426,0.9366114747701054,-0.09493139391346528,-0.004944428347743113,9050.686060865331
H1,8,5.0,D1,120,short,1.0,334,16.597755102040814,-0.2709077820147332,0.32210482292086795,0.8305208368452178,0.3383233532934132,-0.0010096448339434207,-0.06367674438710716,0.20500585005003658,0.9528010235918379,-0.07713698609396802,-0.003981203568052427,9228.630139060333
H1,5,1.0,none,0,both,0.0,10678,495.3816207290741,-0.18522988603034818,0.6649486476037572,0.9737114055788243,0.2968720734219891,-4.676097996551968e-05,0.18232026392484227,0.983946751110505,1.040045300100499,-0.8449205373365696,-0.08283473262434848,1550.7946266343858
H1,5,1.0,none,0,both,1.0,10261,476.2173125794155,-0.22257420509044862,0.6796499465215804,0.9679272936023086,0.29811909170646134,-5.797545140203943e-05,0.048840339476660666,1.003871468178348,1.0306097534243608,-1.0000000000035287,,950.0493995360378
H1,5,1.0,none,0,long,0.0,8097,375.78516518424397,0.12370663213006074,0.5436547640422569,1.0199822517290167,0.30838582190934916,3.447410966862857e-05,0.20922230469302766,0.7624032370616837,1.038686844851734,0.6202056904516919,0.022648153875090227,16202.05690451678
H1,5,1.0,none,0,long,1.0,7708,357.77697293175754,0.0917728279898252,0.5428874125593806,1.0151307088806283,0.3094187856772185,2.6564921878452707e-05,0.20329172149129324,0.7820905165914915,1.038034329600243,0.5819092711204172,0.02151623902383637,15819.092711204321
H1,5,1.0,none,0,short,0.0,7431,376.60229637852086,-1.0118180311236402,0.8899187645546948,0.8418206027797667,0.26981563719553225,-0.0002813123227411832,0.0028605557196792314,1.001467974412734,1.0048272188432272,-1.0000013697006311,,-313.790116595152
H1,5,1.0,none,0,short,1.0,7031,357.81980632576284,-0.9798766744447203,0.8801355703884437,0.8429389477366757,0.2722230123737733,-0.0002846635084197269,0.08557490999007461,1.0006258321172634,1.1413281276562042,-1.0000000000000004,,-294.29399986000846
H1,5,1.0,H4,20,both,0.0,6635,308.24647036377513,-0.14400987021762274,0.5543934825347681,0.9738363205626754,0.2905802562170309,-4.685646999567646e-05,-0.20205965624353062,0.8181977468168733,0.9603687544719349,-0.7270820530933502,-0.05854540456480761,2729.179469066475
H1,5,1.0,H4,20,both,1.0,6323,293.7890535555273,-0.1690054836074946,0.5543934825347689,0.968659590308717,0.29242448204966,-5.7075140256713895e-05,-0.19628392820653143,0.8224177688589795,0.9610723495772112,-0.7365400026893312,-0.06009416606658913,2634.5999731066836
H1,5,1.0,H4,20,long,0.0,3688,171.5539989811513,0.21723544758416793,0.24313358741492497,1.0534851107671523,0.30287418655097614,9.300016899238717e-05,0.2398646267211125,0.30163953182519454,1.0632960438839891,0.4834584149307364,0.018514425275471647,14834.58414930721
H1,5,1.0,H4,20,long,1.0,3496,162.62277126846664,0.198314870350699,0.2431335874149223,1.0499682884975794,0.3040617848970252,8.851521136773637e-05,0.23270304805264735,0.30518202880063927,1.061812761434241,0.4627901951857709,0.01784990810981224,14627.901951857619
H1,5,1.0,H4,20,short,0.0,3316,154.05354871533962,-0.45425796059960805,0.5603554849370698,0.884384092912543,0.2741254523522316,-0.00021178677380310966,-0.5430929642664124,0.8686950782236353,0.8613330399888394,-0.854514476577744,-0.08566240078279264,1454.8552342225576
H1,5,1.0,H4,20,short,1.0,3168,147.19653988042234,-0.46111526903142425,0.5663272508234907,0.8802408598910861,0.27714646464646464,-0.00022286710775303142,-0.5485183048067271,0.8712355542139771,0.8590242910573712,-0.8584487203865984,-0.08683672444088164,1415.5127961340227
H1,5,1.0,H4,32,both,0.0,6883,320.0121881364562,-0.20991838456143375,0.632062544145457,0.9631668770898127,0.2914426848757809,-6.478380335581421e-05,-0.09429851682452896,0.9299125670207867,0.9792152475718181,-0.8003002199912298,-0.07216154810067532,1996.9978000876786
H1,5,1.0,H4,32,both,1.0,6565,305.3050993124523,-0.23560953674867896,0.6359019311078671,0.9578415877772363,0.293983244478294,-7.53379109960738e-05,-0.10624007516582698,0.9442137104202499,0.9760200530422781,-0.8498771772272855,-0.08441075387064301,1501.22822772715
H1,5,1.0,H4,32,long,0.0,3739,173.94850974398165,0.1072419772688249,0.37881631231066115,1.02517873591414,0.3046269055897299,4.2879777362186585e-05,0.22247403349003564,0.46180618961466224,1.0571586707550327,0.5000887723859837,0.01904518869128058,15000.887723859703
H1,5,1.0,H4,32,long,1.0,3543,164.9140754428444,0.07447169949465574,0.3788163123106606,1.0178609301795392,0.3073666384419983,3.093027707038083e-05,0.2141429944828671,0.4716315123139708,1.0555359332729273,0.47837148156890463,0.018363495004099395,14783.714815688796
H1,5,1.0,H4,32,short,0.0,3441,160.02358670741026,-0.34055470616375993,0.521687094502647,0.9136013860574262,0.27869805289160127,-0.0001549148682099608,-0.44505150384797826,0.7937824633264721,0.8796568902652445,-0.760641631080008,-0.06433005995297036,2393.583689199905
H1,5,1.0,H4,32,short,1.0,3296,153.2803666921314,-0.33314360198034443,0.5271057416800684,0.913764165264658,0.2818567961165049,-0.00015698380988744725,-0.45502363917122035,0.8002633344245478,0.8763152717726018,-0.7670193715406618,-0.06550446724424142,2329.8062845933614
H1,5,1.0,H4,50,both,0.0,7163,333.4547221514147,-0.09432681702149036,0.5754377772471628,0.9833650691474678,0.2917771883289125,-2.918738271938427e-05,0.00096026760179223,0.8161559933872691,1.0001974340021627,-0.4169582018062652,-0.024802089303863406,5830.417981937397
H1,5,1.0,H4,50,both,1.0,6823,317.7889250191278,-0.10556620604954223,0.5799214388710707,0.9809770554774812,0.2940055693976257,-3.394863592930991e-05,-0.014428190392438598,0.8459855221808288,0.9969801605756404,-0.496735746824557,-0.03147504314066574,5032.642531754462
H1,5,1.0,H4,50,long,0.0,3872,180.36576967223567,0.1130698274381172,0.37250780244095616,1.0265674572144077,0.3050103305785124,4.51011138108219e-05,0.21917031617219412,0.5856863665977494,1.0586623873565695,0.5266565944643584,0.019903430468373617,15266.565944643391
H1,5,1.0,H4,50,long,1.0,3658,170.48417761898685,0.10166437856389379,0.37202036907758407,1.0245083402244746,0.30727173318753415,4.236892102335698e-05,0.2155079242465795,0.5886219081114431,1.0583104602654532,0.5147816747575893,0.019542574528413903,15147.816747575722
H1,5,1.0,H4,50,short,0.0,3492,162.66458359903075,-0.2929471216956848,0.48918964971856704,0.9254023933622458,0.27491408934707906,-0.00013486429693085596,-0.3449027815818389,0.7083898711129268,0.9098370512120754,-0.6606436251929653,-0.049095317154782214,3393.56374807036
H1,5,1.0,H4,50,short,1.0,3352,156.16301020408162,-0.2923579048264453,0.4949764495956712,0.9241952008810908,0.27684964200477324,-0.0001392119018563912,-0.34663714208341917,0.7118974185848195,0.9086484358693996,-0.6656017827448744,-0.04975322529679915,3343.982172551236
H1,5,1.0,H4,80,both,0.0,7322,341.46584525025537,-0.0017269371251290575,0.60363995795588,0.999701520210618,0.29636711281070743,-5.206269146820965e-07,0.05622957042137433,0.7893819654625548,1.011306675090931,-0.1944932255596118,-0.010035819688731795,8055.0677444039275
H1,5,1.0,H4,80,both,1.0,6976,325.32992849846784,-0.0363139009284407,0.6078257856497361,0.9935948922739665,0.2980217889908257,-1.1369981325423535e-05,0.04318544111281063,0.8137685014591273,1.0087925005247242,-0.27038813858657906,-0.014593986435871287,7296.118614134285
H1,5,1.0,H4,80,long,0.0,3981,185.94120843989768,0.09267378824118853,0.40707443366925755,1.0210507458108558,0.3006782215523738,3.632490925669335e-05,0.2052161197408592,0.623541544459015,1.0531466600108714,0.4929741050157186,0.01889513282807087,14929.741050156957
H1,5,1.0,H4,80,long,1.0,3747,175.01173273657287,0.06802838121424686,0.40661385152313945,1.0158438850940568,0.3026421136909528,2.793601439641908e-05,0.2002134504555571,0.6320661983375471,1.0524161198952604,0.47752328509962116,0.018400180101228125,14775.232850996079
H1,5,1.0,H4,80,short,0.0,3505,163.45776940755871,-0.1766388865421942,0.4939648734163855,0.9550309650652248,0.287018544935806,-7.95738755477631e-05,-0.34643054015198527,0.7130762776623589,0.9107128421670887,-0.6413466047278659,-0.046694716475805365,3586.533952721342
H1,5,1.0,H4,80,short,1.0,3387,157.95476889683349,-0.1994682467487792,0.4996975763788608,0.9484787230223587,0.28816061411278415,-9.232787301619078e-05,-0.3615845493290215,0.7269179388618765,0.9062988469025934,-0.6616703278739839,-0.04928467674047765,3383.296721260129
H1,5,1.0,H4,120,both,0.0,7445,348.0463650326379,0.002065666000660377,0.5179389950294317,1.0003579518983277,0.29147078576225655,6.304678458294205e-07,0.1582522876783665,0.5487806664968701,1.03054959630754,0.31589578982064626,0.012916129326798753,13158.957898206174
H1,5,1.0,H4,120,both,1.0,7084,331.2123655913978,-0.030442769159130544,0.5230298823306033,0.994610806556463,0.29234895539243366,-9.665285851337328e-06,0.15064784531169353,0.5651389452048825,1.0294109474300066,0.2807890756956597,0.011637955122562271,12807.890756956182
H1,5,1.0,H4,120,long,0.0,4014,187.77068391393445,0.20281308936373452,0.3885817009054333,1.0468613649676173,0.30493273542600896,8.071565814054424e-05,0.28408224835015505,0.5131502636766192,1.0729399250628102,0.7444422022609531,0.026371159312383652,17444.422022609368
H1,5,1.0,H4,120,long,1.0,3782,176.94063020366337,0.15843140745084874,0.3881067536804109,1.0374712664154864,0.3051295610787943,6.604581386958575e-05,0.27484307059179613,0.5217543409837471,1.0713277757589657,0.7245874149824827,0.02582505615565922,17245.874149824507
H1,5,1.0,H4,120,short,0.0,3569,167.18959215082722,-0.23598508390013573,0.3975125672531691,0.9401519344080312,0.27402633790977865,-0.0001081036589360958,-0.18835300531112395,0.5486746761419616,0.9495109654621823,-0.4402961048954609,-0.02682011679038432,5597.038951045398
H1,5,1.0,H4,120,short,1.0,3434,160.86552520200075,-0.23772839847314975,0.4043379461826594,0.9385624517122674,0.27548048922539314,-0.00011235287765977329,-0.2089390447920045,0.5708618973687565,0.943839967074696,-0.46710565948360994,-0.029055247317428035,5328.943405163921
H1,5,1.0,D1,20,both,0.0,7656,357.910405734033,-0.10550072919917862,0.5806834293573959,0.9822438799708828,0.29454022988505746,-3.1330960399041314e-05,0.038126400935635386,0.921345628646683,1.0085793459384267,-0.5023973429336032,-0.03210205794191112,4976.0265706641485
H1,5,1.0,D1,20,both,1.0,7306,341.5919738863287,-0.11167923800313015,0.5823198650268631,0.9807973779985011,0.2960580344921982,-3.445537823207577e-05,0.03712767835933256,0.9173225808179974,1.0083615471919045,-0.494224748218284,-0.031368610519650564,5057.752517817288
H1,5,1.0,D1,20,long,0.0,4309,201.4672619047619,0.21509124532940319,0.3464234429425287,1.0476772253375721,0.31074495242515665,8.175535736417057e-05,0.2621805352472868,0.4822152761281744,1.063610408391497,0.6445882218309757,0.023532769409188692,16445.882218309438
H1,5,1.0,D1,20,long,1.0,4076,190.62215108834826,0.1841518334204099,0.34591574735576736,1.0417403345368998,0.3115799803729146,7.310387962665315e-05,0.25213766289756945,0.4910297443156859,1.061853578242153,0.6173122183816468,0.02273861947552125,16173.122183816115
H1,5,1.0,D1,20,short,0.0,3772,176.69911504424778,-0.42461416599268803,0.5564202740767888,0.8981347522195225,0.271474019088017,-0.00018309513690311087,-0.4191966994892412,0.7858422154507652,0.8933516079054808,-0.7728705233955555,-0.06707942667577771,2271.294766044445
H1,5,1.0,D1,20,short,1.0,3631,170.09397845325125,-0.3984206506101171,0.5596961479422993,0.902377267435737,0.27402919305976314,-0.00017742777987570893,-0.4246195238424214,0.789221371566021,0.8913992060653461,-0.7714794894412711,-0.06681255211053572,2285.2051055872826
H1,5,1.0,D1,32,both,0.0,7730,362.99595011571097,-0.3299421763472068,0.7279110863357192,0.9457426371562219,0.28965071151358346,-9.614888584103268e-05,-0.13290132403467889,1.0009029667030127,0.8859986418147563,-0.9999967233378372,-0.4473526242413217,-798.7203860325076
H1,5,1.0,D1,32,both,1.0,7386,346.84192594497296,-0.3962182795922388,0.7338216263594666,0.9338012654242739,0.2893311670728405,-0.00011948588440501615,0.17660445853976525,1.0026428327637495,1.5270073743642636,-0.9999481325495069,-0.3708210952469323,-754.7602493078832
H1,5,1.0,D1,32,long,0.0,4481,210.72296253379682,-0.1713492899530952,0.5789466514699781,0.9642804176484369,0.2963624191028788,-6.316680818595885e-05,-0.04641159258735574,0.7814611223589335,0.9888574877363809,-0.4595899939403476,-0.02852622303665653,5404.100060596555
H1,5,1.0,D1,32,long,1.0,4269,200.7534762456547,-0.25185777303742546,0.5786195789571533,0.9467436795726977,0.29491684235183885,-9.607921897514697e-05,-0.04583471984010718,0.8036978983181253,0.9888830901460733,-0.5024584522174926,-0.03229466817192295,4975.4154778252505
H1,5,1.0,D1,32,short,0.0,3561,167.22232579069168,-0.31309138401588327,0.5179663859958177,0.9209837941141216,0.2808199943836001,-0.000138160396694139,-0.4017953726900068,0.7310413266365455,0.8968357205438295,-0.6827233368626255,-0.05248117454888113,3172.7666313737145
H1,5,1.0,D1,32,short,1.0,3407,159.9905824119311,-0.3228981275025011,0.5422789765700601,0.9169733219126351,0.28265336072791314,-0.00014763744616915901,-0.4115923303921041,0.739026440485006,0.8935542174673103,-0.6947826466176144,-0.05420378333946818,3052.1735338238664
H1,5,1.0,D1,50,both,0.0,7722,364.9664208074534,-0.3190365248006206,0.7050365534922609,0.9480285446124458,0.2881377881377881,-9.191876333285283e-05,-0.23815364199902048,1.002884522036776,0.7725633657832223,-1.0036880453984656,,-445.89220495436336
H1,5,1.0,D1,50,both,1.0,7403,349.8894604037267,-0.3581388200985193,0.7048074270977644,0.9406893409431575,0.289071997838714,-0.00010658277080751014,-0.40697841697755527,1.006687302451049,0.7652129835572061,-0.9998497854349955,-0.340371849510235,-728.3371412845142
H1,5,1.0,D1,50,long,0.0,4413,208.57249611801242,0.04115489006040812,0.45950869058529187,1.008795056497365,0.3029685021527306,1.5412593561616064e-05,0.11923623603436061,0.6103933600967271,1.0283358701197904,0.15962516534518634,0.007024083380366086,11596.251653451664
H1,5,1.0,D1,50,long,1.0,4222,199.5452251552795,-0.025836889920027393,0.45908883915471854,0.994401821155886,0.3024632875414496,-9.989085764139967e-06,0.11326587504759333,0.6232414118864595,1.02713830773984,0.13208142981501103,0.005880596957623219,11320.814298149999
H1,5,1.0,D1,50,short,0.0,3543,168.60986970684039,-0.526742014875504,0.6139092008274052,0.8723838675897315,0.2689810894721987,-0.00022601034090050356,-0.6626023009137622,0.886990621872839,0.8393480435195818,-0.8734561363458395,-0.09369154066804442,1265.4386365416024
H1,5,1.0,D1,50,short,1.0,3405,162.04250814332246,-0.5323885908799435,0.6182830945591433,0.8687225025937336,0.271071953010279,-0.00023572864058130712,-0.6931289337536006,0.895470616727146,0.8323028085846412,-0.882962196627596,-0.09705346330457132,1170.378033724035
H1,5,1.0,D1,80,both,0.0,7691,367.784465828751,-0.2821897833771474,0.6648780561079253,0.9535441659366245,0.2917696008321415,-8.249366193744615e-05,0.06433101733263401,1.015626515396222,1.1454177631749316,-0.9999998436023615,-0.5273416448794803,-79.8058428847239
H1,5,1.0,D1,80,both,1.0,7420,354.96463654223965,-0.32047155237876584,0.6681174118795388,0.9465365912224134,0.2919137466307278,-9.633177616890596e-05,-0.22781048885293467,1.0025471904618806,0.49163633532383294,-1.000141477168564,,-260.1754420992245
H1,5,1.0,D1,80,long,0.0,4340,208.00223067838866,0.11830757275943816,0.3762890802917953,1.0258315686794854,0.3046082949308756,4.5666051016586144e-05,0.18501632842638432,0.4364988810785463,1.043085869699608,0.3811181703248443,0.015595604893080095,13811.18170324816
H1,5,1.0,D1,80,long,1.0,4172,199.95053142632202,0.08704493864194808,0.3762890802917951,1.0193060289935263,0.3051294343240652,3.4624978975440575e-05,0.17782965238195367,0.44217608869527425,1.0417565415283696,0.36018483634576315,0.014852483205884948,13601.848363457255
H1,5,1.0,D1,80,short,0.0,3540,169.28318931657503,-0.620917386528371,0.6347441048497289,0.8503983076712999,0.2734463276836158,-0.0002652790826733299,-0.6113123933299882,0.898690772011321,0.8470807666543579,-0.8977810156119083,-0.10332370154526493,1022.1898438809133
H1,5,1.0,D1,80,short,1.0,3425,163.84823182711196,-0.6366384913064711,0.6368746412413016,0.8447492884035858,0.2735766423357664,-0.00027940899526529756,-0.6552520076458903,0.9134307350576881,0.837469841468132,-0.9123670345101846,-0.10994185896516973,876.3296548981506
H1,5,1.0,D1,120,both,0.0,7623,370.1051109929549,-0.24910838414606556,0.7143125119284437,0.9590061031067174,0.2905680178407451,-7.278248455464352e-05,-0.5352044461439215,1.0015487433694668,0.3494197690092534,-1.0000557717280927,,448.1390822458674
H1,5,1.0,D1,120,both,1.0,7419,360.3923061577337,-0.2735266224274457,0.7140801454633177,0.9545054967773458,0.29168351529855774,-8.161055115331426e-05,-0.5736131773840804,1.0011585098537872,0.5723729900150996,-1.0000000098854724,,489.89308710262185
H1,5,1.0,D1,120,long,0.0,4265,207.0704838495281,0.2155999421826568,0.39737800143604574,1.0474351562244546,0.3090269636576788,8.471827565193961e-05,0.29228484183958375,0.4348141112348508,1.0692025238948797,0.7858702438449403,0.02855517175505362,17858.702438449
H1,5,1.0,D1,120,long,1.0,4140,201.1085250698231,0.16648401302214802,0.3973780014360433,1.0369698269052916,0.30917874396135264,6.681149732589304e-05,0.2796719729212734,0.4447521724384377,1.0664707329491248,0.7530024074169177,0.027642857551056554,17530.02407416877
H1,5,1.0,D1,120,short,0.0,3500,172.9871447902571,-0.5861525185655976,0.6252328657018862,0.8584740191706589,0.268,-0.00024778379657405765,-0.5855273065583962,0.9022834587640707,0.8560003143665366,-0.8929366847365873,-0.10455258006997126,1070.6331526341287
H1,5,1.0,D1,120,short,1.0,3418,169.69206198178608,-0.5679765054242413,0.6263187598246212,0.8614170208332474,0.27033352837916913,-0.0002446852717538846,-0.5673852393638249,0.8981558783402604,0.8597336499095778,-0.883755704813536,-0.10133281282114837,1162.4429518646452
H1,10,2.5,none,0,both,0.0,2989,138.72074332909784,0.0922598281710495,0.3628525360349246,1.0233677809675628,0.351288056206089,8.203678521678455e-05,0.2888081502781626,0.34586503884826936,1.0777939654019342,0.8576185966489562,0.029158786638365575,18576.18596648969
H1,10,2.5,none,0,both,1.0,2883,133.80123888182973,0.07562873636125587,0.36285253603492373,1.019442381744701,0.34963579604578565,6.92028318564457e-05,0.28661992943759323,0.3498971602947305,1.0779302710761494,0.8467164040550155,0.028877678509934723,18467.16404055033
H1,10,2.5,none,0,long,0.0,2574,119.47560045749142,0.46194723829689777,0.32715952775050516,1.1367862998766187,0.37101787101787104,0.0004629586616853029,0.562094177678459,0.25764110322023115,1.1848453028625012,2.3749177698133335,0.05808371951628599,33749.177698133164
H1,10,2.5,none,0,long,1.0,2466,114.46263820053375,0.42015324698472245,0.32715952775050494,1.126608053099146,0.3682076236820762,0.0004352438259954852,0.54639708022023,0.26070736762386215,1.1811196849973986,2.334234184279388,0.05748825568226135,33342.34184279392
H1,10,2.5,none,0,short,0.0,2575,119.50682973316391,-0.42477422129487613,0.6855444150539898,0.8928041552285951,0.31223300970873785,-0.00039097379133278427,-0.30322438360177234,0.6580742831182782,0.9206243806401945,-0.6377670507487563,-0.0460349895731601,3622.3294925124596
H1,10,2.5,none,0,short,1.0,2474,114.8485638027453,-0.41475250447214473,0.6758641282101119,0.8931263628789716,0.3128536782538399,-0.00039384637725959834,-0.2880477388727572,0.6527295288927033,0.922779765494409,-0.6227596958011892,-0.04424699291637302,3772.4030419881224
H1,10,2.5,H4,20,both,0.0,1350,62.72579824449816,0.010800396378566994,0.2860457495731519,1.003992787271006,0.3414814814814815,1.4272403513343571e-05,0.1978477204562959,0.24246356445686723,1.081303802621725,0.34681248442470114,0.01393022396571264,13468.124844247
H1,10,2.5,H4,20,both,1.0,1296,60.21676631471823,0.0035796191868441084,0.2860457495731522,1.0013489751020517,0.341820987654321,4.879330843703296e-06,0.2003216982281052,0.2397578350094408,1.08341642320437,0.35225161708772834,0.014120116634633861,13522.516170877303
H1,10,2.5,H4,20,long,0.0,841,39.16053671596124,0.44887379863797666,0.1350171078579615,1.2663792008557444,0.3816884661117717,0.000878927467886108,0.46381538694216795,0.1436412141261837,1.343955412990022,1.3012462572663117,0.039571922173931684,23012.462572662942
H1,10,2.5,H4,20,long,1.0,804,37.43765935747068,0.41959750852859057,0.13501710785796106,1.2540614388604698,0.3793532338308458,0.0008510116223361601,0.4545769061899002,0.14235189743904764,1.3412661221159907,1.2792979387510655,0.03910812533974495,22792.97938751058
H1,10,2.5,H4,20,short,0.0,742,34.475957257346394,-0.3332773856401792,0.3742030489866899,0.8433356019873549,0.2991913746630728,-0.0005831204866094172,-0.16905952021620885,0.3945047055212918,0.9085591667473825,-0.26752679222243525,-0.014361307692164482,7324.732077775637
H1,10,2.5,H4,20,short,1.0,716,33.267904846711616,-0.284836327630438,0.3327889728077642,0.8623866273887101,0.30446927374301674,-0.0005151261200572853,-0.14470629215122943,0.3830057983544076,0.9210280618987128,-0.23493720286157627,-0.01236572542875547,7650.627971384251
H1,10,2.5,H4,32,both,0.0,1444,67.15317035905272,-0.010037178429076789,0.33085013821141473,0.9964017041500792,0.3414127423822715,-1.2903595187056143e-05,0.20047530984282472,0.19293157432774866,1.0789398703870334,0.3815863223363065,0.015145456607302599,13815.86322336307
H1,10,2.5,H4,32,both,1.0,1388,64.54889228418641,-0.035751424860142204,0.3269450257676514,0.9869895515036933,0.3407780979827089,-4.7363553558545736e-05,0.19533821149179825,0.1963103381861535,1.0777804812166376,0.3690620013382977,0.014715635475675226,13690.620013382946
H1,10,2.5,H4,32,long,0.0,813,37.8519120458891,0.08931847304863764,0.24749537798392496,1.042220961007787,0.3640836408364084,0.00014869107268874478,0.28312848861412904,0.2449971937568225,1.1440228583886283,0.455605751743309,0.017632675116938445,14556.057517433066
H1,10,2.5,H4,32,long,1.0,780,36.31548757170172,0.09596890384490224,0.24749537798392496,1.0463902087910197,0.3628205128205128,0.0001654882990077585,0.28607308567088807,0.24412137655737953,1.1471335771621325,0.4597737382454028,0.017768156221640075,14597.737382454045
H1,10,2.5,H4,32,short,0.0,779,36.22736822001528,-0.05110807825096051,0.2219074083233905,0.9744565468330609,0.3196405648267009,-9.10325923777796e-05,0.005983974170316885,0.24154987761786606,1.0032743915035454,-0.041529468440757,-0.0019706318249859134,9584.705315592466
H1,10,2.5,H4,32,short,1.0,748,34.785714285714285,-0.07823611537495222,0.22190740832339062,0.9603322228226956,0.32085561497326204,-0.0001433733658293722,-0.0036425056917716424,0.24270273370862938,0.9979797874760296,-0.05639853749002954,-0.0026960366499251265,9436.014625099711
H1,10,2.5,H4,50,both,0.0,1667,77.60282309457048,0.013089790211077524,0.37259602541446935,1.0044449321135371,0.3311337732453509,1.5877795282092846e-05,0.13493322407412908,0.31846856663232714,1.0494186738197988,0.21120067388792396,0.008959904513873962,12112.006738879323
H1,10,2.5,H4,50,both,1.0,1594,74.20449910782565,-0.010844788735609557,0.3725960254144687,0.9962510089365434,0.32810539523212046,-1.3629051558368475e-05,0.11370106903396199,0.32135840323091425,1.041816343101099,0.15314302738620023,0.006655357889299385,11531.43027386212
H1,10,2.5,H4,50,long,0.0,954,44.42796123932168,0.25764765466167316,0.26962078194881944,1.1250128046870203,0.350104821802935,0.0004203170537860888,0.30202354742376714,0.31659384491277287,1.1499609949428324,0.5344720202061983,0.020140864469753827,15344.720202062013
H1,10,2.5,H4,50,long,1.0,901,41.95974117047048,0.24411810315102944,0.2696207819488201,1.121647856118031,0.34739178690344064,0.00041688252589005143,0.27590671234727454,0.3259223202727255,1.1373760959301888,0.47157043368030527,0.018154290080342417,14715.70433680304
H1,10,2.5,H4,50,short,0.0,812,37.834290088021426,-0.356182430751862,0.4665487363445312,0.8418066175567955,0.30049261083743845,-0.0006086705513937186,-0.15412683801059712,0.35058038873166264,0.9188523219289145,-0.27806569176417273,-0.015066639606113874,7219.343082358303
H1,10,2.5,H4,50,short,1.0,787,36.66944125526215,-0.36513306703341686,0.46646439712747123,0.8357795793097181,0.29860228716645487,-0.0006398919860575058,-0.1545993010586664,0.3473904357314409,0.9178741776337357,-0.2786882874030435,-0.01510623306163661,7213.117125969579
H1,10,2.5,H4,80,both,0.0,1847,86.1469480270719,0.12846665754516157,0.3236629170161076,1.0406536402710307,0.34759068760151596,0.00014312018884857886,0.26047079166764,0.33559122499466076,1.087002248809897,0.5783385644318222,0.02151409531389903,15783.38564431834
H1,10,2.5,H4,80,both,1.0,1778,82.92868088366748,0.08498030802992301,0.3236629170161076,1.0272259174043508,0.344206974128234,9.739841712019343e-05,0.24937131172414978,0.3432615086405668,1.084174574266097,0.5497095869793021,0.02064231609962941,15497.095869793193
H1,10,2.5,H4,80,long,0.0,997,46.55513295832268,0.34425741643485097,0.19844504256216633,1.1572181510807389,0.37713139418254765,0.000522212089221797,0.47362211393648873,0.20223856315049105,1.2328892191382745,1.016463465818875,0.03329163445688499,20164.634658188697
H1,10,2.5,H4,80,long,1.0,952,44.45384812068525,0.3287611681448343,0.198445042562165,1.153249039403018,0.3739495798319328,0.0005181767729755055,0.4710958798105088,0.20210123706261474,1.234324193327931,1.0109709390026747,0.033160038773111467,20109.709390026743
H1,10,2.5,H4,80,short,0.0,902,42.07068062827226,-0.21422179792287807,0.41694293166553287,0.9097735056635706,0.3082039911308204,-0.00033556672364310917,-0.19010222834398968,0.39454339111904513,0.9200955093591041,-0.27902868929717406,-0.015143231176844352,7209.713107028262
H1,10,2.5,H4,80,short,1.0,877,40.90464180819819,-0.26079121319601994,0.416942931665534,0.889763990016691,0.3055872291904219,-0.00041521114930885995,-0.21266648892744489,0.39825513510443067,0.9107960602181417,-0.30237188647732394,-0.016653946128880937,6976.281135226761
H1,10,2.5,H4,120,both,0.0,1990,93.05434643451544,0.44051635189969646,0.285024976898434,1.1528246689301398,0.3683417085427136,0.0005290818847422659,0.5408779790848355,0.20557436733829992,1.218387157873411,2.070100349297013,0.05385225877739064,30701.00349297024
H1,10,2.5,H4,120,both,1.0,1914,89.51197183098591,0.4267794283195071,0.28502497689843453,1.1509333760070515,0.367816091954023,0.0005288640980507438,0.5381453781388184,0.20642528587262332,1.2199000675134308,2.0616168939742856,0.05372296782469066,30616.168939742973
H1,10,2.5,H4,120,long,0.0,1066,49.86635502049181,0.4789482138489851,0.20459744350588838,1.2404575899474102,0.38555347091932457,0.0007898690986418856,0.5066056112374,0.21657280950948432,1.3196981608899776,1.6879962411311529,0.04734127565458279,26879.96241131141
H1,10,2.5,H4,120,long,1.0,1019,47.673850390675035,0.45930268016795467,0.20459744350588926,1.2355148851269868,0.3817468105986261,0.0007862091565215455,0.4987528568920308,0.21977308135411322,1.318750484371494,1.6617090167732398,0.04686603740492479,26617.090167732404
H1,10,2.5,H4,120,short,0.0,951,44.549538283955364,0.11028585421812648,0.23639221282495992,1.0515802275168329,0.3438485804416404,0.00018982221607396593,0.2099944547731675,0.2193167471395674,1.1048569390720293,0.31291758072061215,0.01283529460806121,13129.175807206184
H1,10,2.5,H4,120,short,1.0,921,43.14419007310504,0.1138839327996292,0.2363922128249597,1.0542299838122704,0.3474484256243214,0.0002009407197797183,0.2114057890493716,0.21889989465581428,1.1066519315269157,0.31469577770629065,0.012899513640183935,13146.957777062926
H1,10,2.5,D1,20,both,0.0,2262,105.78687580025608,0.29144501552967594,0.39888204474530875,1.0912424217158907,0.3594164456233422,0.00031957120681297223,0.4137379572275164,0.33265143674858055,1.1574160743534645,1.6136054038293421,0.04595511856743362,26136.05403829357
H1,10,2.5,D1,20,both,1.0,2179,101.91826738378793,0.25616567720040057,0.39888204474530886,1.081353097436649,0.3570445158329509,0.00028891567520626947,0.40816998927135256,0.3288317916671294,1.156980842096309,1.5937564578471757,0.045588243256275085,25937.564578471916
H1,10,2.5,D1,20,long,0.0,1361,63.64983994878361,0.4515482552419122,0.16215732435185104,1.1910147873496266,0.38060249816311537,0.0006482882917122598,0.48451849708655514,0.20626438686274473,1.252522834995767,1.7361117350326767,0.048198231557315285,27361.1173503267
H1,10,2.5,D1,20,long,1.0,1304,60.99193238570879,0.41160035897766856,0.16215732435184937,1.1768209739712021,0.37576687116564417,0.0006111030904149332,0.47726385753805445,0.2068341233662574,1.2506773373978382,1.7207310366004043,0.04792820656283037,27207.31036600402
H1,10,2.5,D1,20,short,0.0,1180,55.43344051446945,-0.08447666916153354,0.3110863365734201,0.9663961217930915,0.33305084745762714,-0.00012161241341980582,0.04489128310990073,0.29668608239578986,1.018993737983592,0.00983764108785512,0.0004599950484043269,10098.37641087858
H1,10,2.5,D1,20,short,1.0,1145,53.78922829581993,-0.09490323242910421,0.3110863365734191,0.9617474760797629,0.33362445414847164,-0.00013962990541511392,0.036714454288626235,0.295270266387193,1.0157075222327983,-0.004872942462610497,-0.00022945185946321445,9951.270575373937
H1,10,2.5,D1,32,both,0.0,2334,109.63136574074075,0.19598338429786885,0.31516465576219543,1.059147043583442,0.3508997429305913,0.00021112876338521853,0.3397646361573373,0.2637186098902693,1.121311318865452,1.1094538883887415,0.03568273573274605,21094.538883887395
H1,10,2.5,D1,32,both,1.0,2248,105.59182098765433,0.14805574123415893,0.3151646557621949,1.0452309480639528,0.3469750889679715,0.00016409957812278352,0.33034649307801883,0.26867337389138113,1.1188387655512813,1.0828639359812593,0.03506581337503234,20828.639359812667
H1,10,2.5,D1,32,long,0.0,1397,65.68669541709578,0.36283968386229826,0.21349955254434894,1.1492514769721476,0.3693629205440229,0.0005245306513553844,0.43200018242002225,0.15165325390387052,1.2179480797488547,1.421809555419125,0.04246670961176591,24218.095554191386
H1,10,2.5,D1,32,long,1.0,1339,63.01633165829146,0.32221149126855353,0.21349955254434883,1.1343872836654416,0.3637042569081404,0.00048154356161495644,0.42005087224297966,0.15204619208729053,1.2137018713446075,1.3822391263814673,0.04169786247283214,23822.391263814738
H1,10,2.5,D1,32,short,0.0,1129,53.078549362852364,-0.17663090244325644,0.42152334447430795,0.9299067131121416,0.32063773250664307,-0.0002563345547541789,-0.07584037045820069,0.3551617877794311,0.9680207979719427,-0.17739680714948602,-0.009138896713877354,8226.031928505185
H1,10,2.5,D1,32,short,1.0,1090,51.24501222808598,-0.18939343067054196,0.42152334447430817,0.923769521993947,0.3211009174311927,-0.0002821198899869135,-0.08299076135540331,0.3578121441655029,0.9646648788558103,-0.18833476947007177,-0.009762273676395372,8116.652305299317
H1,10,2.5,D1,50,both,0.0,2353,111.22469910702732,0.13695634147764355,0.3553943539887767,1.0401060941861602,0.342966425839354,0.00014392071867757236,0.3236646499412435,0.2635788857723125,1.115070412807834,1.0763677783244918,0.035139201893623184,20763.6777832449
H1,10,2.5,D1,50,both,1.0,2271,107.34861524524396,0.13303614704139854,0.3553943539887766,1.0396125159926521,0.34214002642007924,0.00014380200575786473,0.32094206054747426,0.2631520785746615,1.1114032404425904,1.0191396975473461,0.03377257190236915,20191.39697547349
H1,10,2.5,D1,50,long,0.0,1370,64.75896208101463,0.5066439660458713,0.1906438681309387,1.2128420942842217,0.37445255474452555,0.000723098532619795,0.556171192933069,0.1713295341032154,1.284140692845499,1.874423708236086,0.05117586695926568,28744.237082360734
H1,10,2.5,D1,50,long,1.0,1313,62.06461110392132,0.4850303325240025,0.1906438681309398,1.2075661908480502,0.3731911652703732,0.0007149673552615412,0.5486624848531629,0.17321696559994793,1.2836420681970357,1.8544704201632203,0.05082980120598646,28544.704201632147
H1,10,2.5,D1,50,short,0.0,1134,54.00176010430248,-0.3689762051639007,0.5021979506211784,0.8608252374235064,0.30246913580246915,-0.0005228642960258371,-0.20623130947911728,0.4722165310848059,0.9164321205668395,-0.35897155650555945,-0.02095336017360694,6410.284434944417
H1,10,2.5,D1,50,short,1.0,1103,52.53922143974961,-0.344622541155257,0.494982323058214,0.8677352626160928,0.3028105167724388,-0.0005007024312111927,-0.2008312300247967,0.47086834534518496,0.9181691087048943,-0.3502186714624004,-0.020326100877286146,6497.813285376008
H1,10,2.5,D1,80,both,0.0,2365,113.12418150864326,0.06258723304853074,0.2750890931758778,1.0179486262450006,0.34376321353065536,6.416981859347868e-05,0.3202357024969928,0.2285040740107087,1.1115124929832654,1.0682546135927473,0.035371415886208846,20682.546135927547
H1,10,2.5,D1,80,both,1.0,2293,109.98269862114249,0.08575899005016374,0.2750890931758768,1.0250054461053628,0.34452682075883123,9.005277148600713e-05,0.32813442510786367,0.2255187683743325,1.1154340220802386,1.0914268134623852,0.03602416781704898,20914.26813462384
H1,10,2.5,D1,80,long,0.0,1357,65.08788575180566,0.42396120105399865,0.16991341831228068,1.1727128188526865,0.3728813559322034,0.0006014936671372452,0.5181684554311935,0.18817463477611562,1.2570156273187987,1.8407166342760042,0.05135276932215005,28407.166342759996
H1,10,2.5,D1,80,long,1.0,1311,62.88151674326987,0.4131384616168691,0.16991341831228113,1.1709868637665888,0.3707093821510298,0.0006021398266579661,0.5171775948641869,0.18714854877213205,1.2590982155642647,1.8385464569885492,0.051314230888169554,28385.46456988564
H1,10,2.5,D1,80,short,0.0,1127,53.956842312229654,-0.41922725311124026,0.5171765588873409,0.8436288465058279,0.30789707187222715,-0.0005777941242705093,-0.24042222525008097,0.514936030465549,0.9043690397246984,-0.38516110705854434,-0.023017854748294653,6148.388929414587
H1,10,2.5,D1,80,short,1.0,1098,53.020161290322584,-0.3685446749605688,0.47529491840119953,0.8601705400130946,0.3123861566484517,-0.0005180730915536837,-0.2251073688176109,0.5058565359996594,0.9104598318869194,-0.3605141369297734,-0.02135771688387278,6394.858630702265
H1,10,2.5,D1,120,both,0.0,2357,114.45017947354428,0.12085066878915232,0.41264222914951554,1.0346586246215428,0.3381417055579126,0.0001251491746617083,0.28703546777095285,0.32634886957164855,1.093815812497771,0.8773539881519392,0.03105714407527449,18773.539881519504
H1,10,2.5,D1,120,both,1.0,2303,111.82807099175751,0.10516593173662422,0.41264222914951454,1.030418085603976,0.33651758575770735,0.00011079066377419867,0.2794467509032462,0.33386784218708143,1.091780064551747,0.8478566047521856,0.030264561735245943,18478.56604752202
H1,10,2.5,D1,120,long,0.0,1324,64.29021536825313,0.5149721926354804,0.15676761011753848,1.2164581848034142,0.37613293051359514,0.0007608832488544294,0.5820576308466183,0.13287625476580633,1.2872305147223793,2.107199360840824,0.05659425563550258,31071.993608408335
H1,10,2.5,D1,120,long,1.0,1289,62.59070061153949,0.47719708082351264,0.15676761011753892,1.2019757021055473,0.37315748642358415,0.0007181020791648299,0.568824002029876,0.13853581911226864,1.281870537638787,2.0728382615441827,0.056023883507224204,30728.38261544177
H1,10,2.5,D1,120,short,0.0,1129,55.823372140246384,-0.36931869355391317,0.4920680669726115,0.8593224802643186,0.29229406554472986,-0.0005206736748315308,-0.23465117098624444,0.5298257204496805,0.9069974575982438,-0.39573514462363346,-0.024599908499537526,6042.648553763706
H1,10,2.5,D1,120,short,1.0,1109,55.97875207296849,-0.3444474917762798,0.48580692189723673,0.8685158264517447,0.29305680793507666,-0.0004888596972092848,-0.22621898044604044,0.5260742003496266,0.9110238020419231,-0.3785085210125996,-0.0237225179282049,6214.914789874026
H1,8,1.0,none,0,both,0.0,10787,500.6291931385006,-0.20138082606820226,0.6710349041117775,0.9705255882767149,0.2785760637804765,-5.176802214094814e-05,0.08633387131069814,1.0014215435407452,1.0971416449102833,-1.0000015695499618,,-1952.1374305984627
H1,8,1.0,none,0,both,1.0,10382,481.8329733163913,-0.23711839188546885,0.6779820337168749,0.9646895555986514,0.27923328838374106,-6.278233583198415e-05,0.27827074023947357,1.2274178292578277,2.1075290018647523,-0.9999999738334852,-0.5552618275932962,-2011.8478372896004
H1,8,1.0,none,0,long,0.0,8337,386.92366581956793,0.053539206603341154,0.5706854027728505,1.008713844278674,0.279477030106753,1.4964328174850577e-05,0.19579402440321383,0.836179795063147,1.0374295941098102,0.44174252549963366,0.017124335275199076,14417.425254997892
H1,8,1.0,none,0,long,1.0,7978,370.30937857415176,0.012644456164923839,0.5706854027728536,1.002095998086503,0.27914264226623214,3.652086708213394e-06,0.1945473790443084,0.8612196934533319,1.03769289655664,0.38088361083452993,0.015092397744325137,13808.836108347143
H1,8,1.0,none,0,short,0.0,7887,387.50696125907996,-0.8683671158567896,0.8601826588926155,0.8637309979204265,0.26334474451629264,-0.00023399738919953418,-0.5834339921995827,1.0002364619229693,0.6643495973363345,-1.0000000000004423,,-350.4644379216571
H1,8,1.0,none,0,short,1.0,7551,370.99848668280873,-0.8594684312585797,0.8547620084002255,0.862268908173471,0.26446828234670905,-0.00023980313524206998,-0.45505330306370506,1.000609343253407,0.5036178148166016,-1.0000000003645293,,-328.52927042051874
H1,8,1.0,H4,20,both,0.0,6725,312.4276583566523,-0.16037367172893258,0.4831542847512931,0.9706481014069964,0.2716728624535316,-5.0793314462121164e-05,-0.12930739587689222,0.7668483978564558,0.9746231293136871,-0.7086530234219108,-0.05568307371991987,2913.4697657810166
H1,8,1.0,H4,20,both,1.0,6438,299.0943144238108,-0.2235202790588657,0.49172864097835367,0.9584416830569752,0.2707362534948742,-7.312644843589983e-05,-0.11463208367777386,0.7768302871194893,0.977293287206114,-0.7325628215378444,-0.05943227258743178,2674.3717846217223
H1,8,1.0,H4,20,long,0.0,3680,171.0729285987018,0.22803585142219926,0.21911805712031818,1.0578252144171731,0.2763586956521739,9.817139737935415e-05,0.266144203668127,0.30809783161944904,1.0724481067184581,0.5933075891235009,0.021890460359785813,15933.07589123477
H1,8,1.0,H4,20,long,1.0,3509,163.14438009164968,0.17847562651431664,0.21911805712031995,1.0460601061738826,0.27472214306070103,7.961168178866831e-05,0.2526675405750934,0.3139003793036248,1.06913705772237,0.5587874509294259,0.020853132422738785,15587.874509294039
H1,8,1.0,H4,20,short,0.0,3421,158.93160137369628,-0.47876660016621125,0.5590388634737767,0.8801816505112413,0.2630809704764689,-0.00020882417796223493,-0.5443279702305922,0.8576336246169047,0.8632787978612511,-0.8502084581019331,-0.08442256260145176,1497.915418980673
H1,8,1.0,H4,20,short,1.0,3288,152.75273467311118,-0.5062535057696507,0.5634912244659043,0.8713811179731177,0.26338199513381993,-0.0002276061940770159,-0.5398691785463416,0.8610057103537982,0.8633638498070679,-0.8552138394491627,-0.08586706592866344,1447.861605508388
H1,8,1.0,H4,32,both,0.0,7038,327.2186227087576,-0.2546008603616547,0.6322291193872058,0.9531137165939872,0.27124183006535946,-8.180325447920956e-05,-0.18120796088236962,1.0938993469169525,0.9450825277795081,-1.1145475855102707,,-943.0478941059486
H1,8,1.0,H4,32,both,1.0,6735,313.2109434682964,-0.2826708848525898,0.632229119387206,0.9469236614821949,0.27112100965107644,-9.399130413890494e-05,-0.18025510055948996,1.0814410428174943,0.9464825844516371,-1.0975199939795555,,-772.7719787988095
H1,8,1.0,H4,32,long,0.0,3766,175.16000254679741,0.03758653046878442,0.40315083378534255,1.0089323037711955,0.2742963356346256,1.5161886134970692e-05,0.175133211248017,0.5200830881961469,1.0468879792784611,0.368739845700107,0.014706416229344876,13687.398457000883
H1,8,1.0,H4,32,long,1.0,3588,166.96611033252643,-0.0014055972117245248,0.4031508337853428,0.999659424023445,0.2736900780379041,-5.862883110493886e-07,0.16582171971200468,0.534131419925488,1.0447182605993373,0.33700581145581565,0.013606906831329812,13370.058114557913
H1,8,1.0,H4,32,short,0.0,3549,165.04612299465242,-0.3447097761978895,0.5466560461308781,0.90561518124303,0.2690898844744999,-0.00016684138346625995,-0.1900209935957614,0.9842767247855686,0.8675166249479992,-0.979110613015619,-0.16465052841764993,208.8938698438104
H1,8,1.0,H4,32,short,1.0,3409,158.53542780748666,-0.34787884169856,0.5466560461308749,0.9029466066613046,0.27016720445878556,-0.00017414894336091017,-0.1739173059892912,0.9854918279689893,0.8728503667100933,-0.9805815218041418,-0.16748224132263712,194.18478195858037
H1,8,1.0,H4,50,both,0.0,7302,339.92550344124396,-0.23335640457857956,0.5793546953958945,0.9577141890270661,0.2710216379074226,-7.414361695179178e-05,-0.0898265126605591,1.1126194249881034,0.9767662896986541,-1.124065359798781,,-1111.1812148423005
H1,8,1.0,H4,50,both,1.0,6992,325.7433673469388,-0.2515759434655716,0.5788792221083935,0.953507548340976,0.2717391304347826,-8.275495154648248e-05,-0.08070134589430172,1.0921903356936749,0.979173628037394,-1.1002255418393025,,-872.7830352474967
H1,8,1.0,H4,50,long,0.0,3913,182.22915338518422,0.0063536111465575225,0.40329111422098185,1.0015163453326168,0.2726808075645285,2.584160732437232e-06,0.16341908560844406,0.68827821616314,1.0450981477199668,0.34582861032460555,0.013927909046688614,13458.286103246188
H1,8,1.0,H4,50,long,1.0,3714,173.22672711020306,-0.006453435865492717,0.40038520717517145,0.9984215541539504,0.2727517501346257,-2.731535354144263e-06,0.16428281927357,0.6903995733587057,1.045692558203517,0.3495823577945998,0.014081130899795458,13495.823577946092
H1,8,1.0,H4,50,short,0.0,3603,167.83519321515112,-0.3724871067621488,0.5470170101277266,0.9007917228592576,0.26616708298640024,-0.00017903260441560524,-0.3656513125527984,0.965785075800786,0.8406649449156226,-0.9619079809211623,-0.1411994543555949,380.92019078837404
H1,8,1.0,H4,50,short,1.0,3482,162.21945153061225,-0.3815633342498558,0.5470170101277281,0.8969049953216761,0.26737507179781733,-0.0001887593129176297,-0.3871113165144266,0.9841111715715699,0.8242016198309502,-0.9824227972032995,-0.17160837095125514,175.77202796700558
H1,8,1.0,H4,80,both,0.0,7489,349.253990040858,-0.12273958129085402,0.6258127885104859,0.978286358461835,0.27466951528909067,-3.79071727032417e-05,-0.16201554024991044,1.0778174798535582,0.9534001225248637,-1.1051494312256105,,-870.7705438346921
H1,8,1.0,H4,80,both,1.0,7178,334.75031920326865,-0.1873780293802356,0.6258127885104865,0.966317956800254,0.27417107829478965,-5.972115176814775e-05,-0.15223601248529736,1.0835608264409737,0.9557026064298199,-1.108021838235435,,-899.4946139329244
H1,8,1.0,H4,80,long,0.0,4061,189.62928279212477,0.029261212114171015,0.4345346623509452,1.0067670309374306,0.2698842649593696,1.1611305844143845e-05,0.149336486536311,0.692671927931426,1.0402620833858147,0.279491323071301,0.011575103762627936,12794.913230713159
H1,8,1.0,H4,80,long,1.0,3849,179.72989644592175,-0.004441432023960089,0.4188413604538246,0.9989500204548682,0.2707196674460899,-1.8325972457288268e-06,0.14620143651673748,0.6966904322944826,1.0398484917794852,0.26518154975033714,0.01104398471527257,12651.815497503503
H1,8,1.0,H4,80,short,0.0,3590,167.42179519918284,-0.20535298575942276,0.5656894581118367,0.9449979481986218,0.2777158774373259,-9.741572105028124e-05,-0.38469740731734126,0.9804817121688006,0.8104192803358777,-0.9745994190945391,-0.15742429897749266,254.0058090546106
H1,8,1.0,H4,80,short,1.0,3487,162.61832865168537,-0.2659333051992808,0.5656894581118368,0.9281849969449459,0.27530828792658446,-0.00012888278708302593,-0.4345318443867561,0.9901580608528472,0.78931341835464,-0.9876053625822394,-0.1851515943626364,123.94637417760498
H1,8,1.0,H4,120,both,0.0,7617,356.08719441955714,-0.028353251946712305,0.5310640628786613,0.995085752054058,0.27254824734147304,-8.512022649806588e-06,0.14409377411327634,0.6201331040411524,1.0280435909325023,0.24046804167834313,0.010124798248976052,12404.680416783125
H1,8,1.0,H4,120,both,1.0,7292,340.89376679892484,-0.05962928455929623,0.5310640628786599,0.9894598136200898,0.27262753702687875,-1.8530791921675558e-05,0.1416796828729947,0.6261586284167757,1.0277832212338234,0.2250268163560014,0.0095334632066717,12250.268163559747
H1,8,1.0,H4,120,long,0.0,4097,191.60425736235595,0.08427892497774038,0.41401636581836043,1.0195517889654526,0.2765438125457652,3.3535057492595953e-05,0.20895820107081492,0.6160922319516412,1.0547855161105706,0.5174934250491667,0.019696084421099158,15174.934250491367
H1,8,1.0,H4,120,long,1.0,3886,181.7364276568502,0.051224679284273905,0.4140163658183569,1.012158528190315,0.27586206896551724,2.124310401387101e-05,0.20008855382146365,0.6217617620279767,1.0527648166106294,0.4829636855811972,0.01859902219334275,14829.636855811745
H1,8,1.0,H4,120,short,0.0,3656,171.2651019622932,-0.10506410318571795,0.3381792405533146,0.9729184663730603,0.26695842450765866,-4.7375852235000764e-05,-0.07017927798970673,0.445046941491791,0.980679458154639,-0.22907019279680751,-0.0121131219498114,7709.298072031923
H1,8,1.0,H4,120,short,1.0,3538,165.73739899961524,-0.12549027227869403,0.3381792405533156,0.9671825556234372,0.26738270209157716,-5.8039181089792485e-05,-0.07375155233061784,0.44650560287622554,0.9795227185636276,-0.23822383715992412,-0.01266573196948284,7617.761628400754
H1,8,1.0,D1,20,both,0.0,7890,368.84967362088827,-0.07175424204952623,0.5379807676007061,0.987894277231675,0.2782002534854246,-2.0846895823860516e-05,0.06584585288450544,0.7710613097742558,1.0132163200734134,-0.1799727472767909,-0.009232943045915598,8200.272527232237
H1,8,1.0,D1,20,both,1.0,7565,353.656246000256,-0.0972264779313255,0.5314373329137465,0.983287507794747,0.27851949768671513,-2.919799020504861e-05,0.05802260560547477,0.7836436139843611,1.0118327339803275,-0.2394059015934894,-0.012711636377762292,7605.940984065293
H1,8,1.0,D1,20,long,0.0,4429,207.0778609831029,0.09400882769573819,0.40206765084768215,1.0208199386089796,0.2847143824791149,3.556875493598256e-05,0.18723125187562978,0.5667580464324636,1.046246795773315,0.41598804485121077,0.016395631597428517,14159.880448511882
H1,8,1.0,D1,20,long,1.0,4213,197.0040007681475,0.06593621144084001,0.4020676508476819,1.0149182638162022,0.2843579397104201,2.5947863569229188e-05,0.1786783898089642,0.5743803989780062,1.044527198477997,0.38522924413462434,0.015354483449712575,13852.292441345975
H1,8,1.0,D1,20,short,0.0,3883,181.89890342439398,-0.2858175879766438,0.4439394617864689,0.9309402257186403,0.26603141900592325,-0.00011944541745085476,-0.23915651185523007,0.6349598510177604,0.9372296485345597,-0.5657105121977297,-0.03831732158313883,4342.894878022703
H1,8,1.0,D1,20,short,1.0,3755,175.90275105809926,-0.29190490745578257,0.4486076210388077,0.9283273212158559,0.2673768308921438,-0.00012518232099325516,-0.24097294715756962,0.6357423427588961,0.9363214055053231,-0.569220900523834,-0.03868287338487675,4307.790994761636
H1,8,1.0,D1,32,both,0.0,7961,373.84356518385187,-0.2587352436470945,0.6610973237520904,0.9573021032611023,0.27270443411631706,-7.427768821701823e-05,-0.03627883284593735,0.9193700293907602,0.9920392694944541,-0.8496665715919897,-0.0851391448408928,1503.3342840801222
H1,8,1.0,D1,32,both,1.0,7646,359.0513628182052,-0.31365117726010894,0.6610973237520894,0.9474510920304439,0.2716453047345017,-9.283116251732535e-05,-0.01952667299121803,0.9518600996527345,0.9954991902146566,-0.9136339633368622,-0.10864370861810568,863.6603666313731
H1,8,1.0,D1,32,long,0.0,4607,216.64822325222093,-0.22672409977721078,0.5792754367871249,0.9523146317615417,0.2695897547210766,-8.405740262139006e-05,-0.060308211212621116,0.8118523531716403,0.9847806613051451,-0.5586343911206176,-0.03773135035757824,4413.656088793958
H1,8,1.0,D1,32,long,1.0,4418,207.7603321745848,-0.27345597209204425,0.5792754367871227,0.9415801169478909,0.2675418741511996,-0.00010461909972185281,-0.05165477696245735,0.8168352257739082,0.9868736390874913,-0.5560319536506211,-0.03746527915810449,4439.6804634938935
H1,8,1.0,D1,32,short,0.0,3667,172.20001928516328,-0.21253584612199108,0.42693788055779947,0.946747855114985,0.2729751840741751,-9.038957418517554e-05,-0.20006265494887035,0.5121662514086585,0.9468774396797492,-0.4533516127150876,-0.027962688464095886,5466.483872849143
H1,8,1.0,D1,32,short,1.0,3519,165.2500321419388,-0.24495925274382785,0.4438068127228397,0.937661259925411,0.27337311736288716,-0.00010748356298805952,-0.20056479239683767,0.5168869271086644,0.9462403636313553,-0.46243698550784007,-0.028727409918327007,5375.630144921593
H1,8,1.0,D1,50,both,0.0,7949,375.6951669254658,-0.2659472132975785,0.6381545962384568,0.9566477847528698,0.270725877468864,-7.547880763818006e-05,0.18360079374488777,1.035800281618304,1.5151175945805304,-1.0181919926182912,,874.3959359389936
H1,8,1.0,D1,50,both,1.0,7657,361.8943128881987,-0.30050081155256336,0.638154596238456,0.9502451699317058,0.2704714640198511,-8.773091118738324e-05,-0.07828307481920249,1.0002727448415516,0.9473256424410784,-0.9999962163523793,-0.44571297197627535,443.84492406650185
H1,8,1.0,D1,50,long,0.0,4537,214.43313276397515,-0.06502246527691574,0.4960308794844869,0.9861142123271762,0.2711042539122768,-2.439504542623709e-05,0.08509162774136181,0.693351065227106,1.0211021842383303,-0.0059025319565451095,-0.00027975997728357793,9940.97468043449
H1,8,1.0,D1,50,long,1.0,4366,206.3511257763975,-0.10957738179053583,0.4960308794844892,0.9762515077557612,0.26981218506642235,-4.226359714405423e-05,0.07678787668154727,0.7119950021722559,1.0191568883530444,-0.05226738901852879,-0.0025340082369854633,9477.326109814705
H1,8,1.0,D1,50,short,0.0,3646,173.5342064112588,-0.37513107483323443,0.4949634122573974,0.9093237014194405,0.26906198573779483,-0.00015533902907183272,-0.39083896962267356,0.7026081059872842,0.9013829687082081,-0.6743806141356352,-0.052002776453063726,3256.193858643643
H1,8,1.0,D1,50,short,1.0,3518,167.44194683346365,-0.3906565808096975,0.5007198592863252,0.9041424950485022,0.26975554292211484,-0.00016632930545811917,-0.38726221763090085,0.7007525736393343,0.9015787423314299,-0.6763888657287009,-0.0522818779269304,3236.111342712986
H1,8,1.0,D1,80,both,0.0,7918,378.63963079340147,-0.22551993980054635,0.5893315720411738,0.9631063235475372,0.2767112907299823,-6.38195931981157e-05,-0.12264808373264421,1.0569104246905552,0.7811091617734154,-1.0498746662973124,,1106.0915063161058
H1,8,1.0,D1,80,both,1.0,7679,367.3068033001571,-0.22911358477815577,0.5893315720411771,0.9619838949227819,0.27685896601119936,-6.647172974185949e-05,0.1767246126430387,1.0037520156849766,1.0857601754918527,-1.0033272715520796,,1168.856624289053
H1,8,1.0,D1,80,long,0.0,4476,214.52027293006168,0.048530811461612026,0.33768608329950656,1.0105572605640627,0.2770330652368186,1.854268386566212e-05,0.14998811444429327,0.4146799621418781,1.0358031013883826,0.2694127352635767,0.011498751789900785,12694.127352635513
H1,8,1.0,D1,80,long,1.0,4329,207.66578014184398,0.03904032271599462,0.33768608329950667,1.0086251991819932,0.2767382767382767,1.5304729272312228e-05,0.1501993179014836,0.4145583061460556,1.0360546539508084,0.2699510975600379,0.011529958475088975,12699.510975600188
H1,8,1.0,D1,80,short,0.0,3638,173.96956009426552,-0.4399495288533047,0.5132848857853967,0.894506917329749,0.27405167674546455,-0.00017830785696193324,-0.49897782024839815,0.8229420944667193,0.8740537757577069,-0.8149152519594922,-0.07750168184037987,1850.8474804050882
H1,8,1.0,D1,80,short,1.0,3539,169.2796948664222,-0.43229793847867376,0.520674465466715,0.8950227593566573,0.27465385702175754,-0.00017947910559656103,-0.4983401045098305,0.8217083191229351,0.8737838682014827,-0.8132067670545129,-0.07711564580502772,1867.9323294548792
H1,8,1.0,D1,120,both,0.0,7848,381.0291107271035,-0.2016211042690703,0.6561644492811041,0.9669951338821716,0.2735728848114169,-5.7360781269839695e-05,0.10731613335661203,0.9651907671856541,1.0228251799749584,-0.6737482377186084,-0.052929189002448584,3262.5176228141577
H1,8,1.0,D1,120,both,1.0,7674,372.7794254555127,-0.21866095168495245,0.6561644492811041,0.9638696627255467,0.2736512900703675,-6.328240695669245e-05,0.11059890622320477,0.9632061362170382,1.023327156523486,-0.6702874343806937,-0.052471028430446154,3297.1256561932846
H1,8,1.0,D1,120,long,0.0,4415,214.35315033896052,0.08534589303897357,0.4293486601916091,1.0185876877879356,0.2785956964892412,3.307882721683778e-05,0.20087746537535103,0.5139016992114709,1.048513351265086,0.48657319546375066,0.019435694436333195,14865.73195463723
H1,8,1.0,D1,120,long,1.0,4306,209.17229684798508,0.046635138051405296,0.42934866019161066,1.0102440599325453,0.277519739897817,1.8393354955964457e-05,0.1943608402921858,0.523573075136545,1.0471054373434883,0.4626468744017318,0.0186429193194817,14626.468744017073
H1,8,1.0,D1,120,short,0.0,3589,177.36196049249088,-0.4097972968481491,0.5247135906677229,0.9013548833591993,0.2660908331011424,-0.00016598998503701922,-0.33073843293809213,0.7574969913185583,0.916482059987655,-0.713864156050211,-0.05996337769939253,2861.358439497866
H1,8,1.0,D1,120,short,1.0,3522,174.87907830342579,-0.3921324635447271,0.5310996347722741,0.9048204484006344,0.2674616695059625,-0.00016116412830156806,-0.3290767066847259,0.7533399639699507,0.9169673070648201,-0.705112437315732,-0.058833047048157616,2948.875626842658
H1,10,3.0,none,0,both,0.0,2201,102.14933290978398,0.24599510275969502,0.3353379505295103,1.073172323747252,0.360290776919582,0.0002897266813890377,0.2895783327295475,0.38143148712096153,1.0886155823585302,0.7603871471971213,0.026594135620771064,17603.871471971284
H1,10,3.0,none,0,both,1.0,2128,98.77392298894397,0.21038390261650824,0.3353379505295089,1.0631664098189855,0.35902255639097747,0.00025382761032781724,0.27384810255376185,0.3917479049321734,1.0839724406252176,0.6950076572187296,0.02479572409517128,16950.076572187332
H1,10,3.0,none,0,long,0.0,1940,90.05910015251652,0.6208619769533562,0.23165033859327955,1.2216454598662467,0.3850515463917526,0.000836076584816786,0.6622065770527089,0.20902135517420917,1.2538971519539472,2.6891023219234844,0.06247254294145543,36891.02321923478
H1,10,3.0,none,0,long,1.0,1853,86.02036731062532,0.5526312396335508,0.23165033859328066,1.2000053099460877,0.3820831084727469,0.0007695184852806017,0.6245673099895678,0.2288891347526466,1.2419712576790876,2.570965384460599,0.06086845228762394,35709.65384460577
H1,10,3.0,none,0,short,0.0,1941,90.08262388818297,-0.2203569819075599,0.5492535630574586,0.9343229674456883,0.3333333333333333,-0.00027002615181365315,-0.1905053357489023,0.48924196788266194,0.9433133167621032,-0.4273756798638493,-0.02554309943728983,5726.243201361548
H1,10,3.0,none,0,short,1.0,1863,86.48458947635994,-0.21505005149032194,0.5440257938528534,0.9345257970118683,0.33279656468062263,-0.00027219889847616545,-0.19413334396488088,0.48428115744299316,0.9416591420296614,-0.4294032665051615,-0.025709954928136547,5705.967334948398
H1,10,3.0,H4,20,both,0.0,991,46.039525566013744,0.19143515907749517,0.2659561769800193,1.0877454986518362,0.3693239152371342,0.0003419654649895052,0.2989942953034224,0.1740056692110452,1.1408973772888245,0.5499839597109717,0.0205684856873507,15499.83959710975
H1,10,3.0,H4,20,both,1.0,953,44.27413508013228,0.17608053794633574,0.26595617698001894,1.0821126872117175,0.3672612801678909,0.00032454499649386064,0.27723167517400715,0.17494012615594323,1.1308434543272121,0.4942761162984808,0.01883450917323848,14942.761162984782
H1,10,3.0,H4,20,long,0.0,661,30.775047801147227,0.49698304704548585,0.1443757580351983,1.3540367474601622,0.3978819969742814,0.0013380038750417922,0.5220878177206864,0.15617509986648448,1.4534937770407736,1.426594080395117,0.04213700817249011,24265.94080395115
H1,10,3.0,H4,20,long,1.0,633,29.471414913957936,0.4712954031889284,0.14437575803519798,1.341752390661086,0.3949447077409163,0.0013177127828050354,0.5234054634297182,0.15615016054508357,1.4348617685567566,1.3366707814127503,0.04030642494028891,23366.70781412751
H1,10,3.0,H4,20,short,0.0,576,26.759603154413636,-0.19745874865255716,0.3473317484752336,0.8932258350839073,0.3194444444444444,-0.0004190229126858228,-0.15615155222910534,0.2715319920404843,0.9167551074097507,-0.1965316525981048,-0.010114248499444756,8034.683474018958
H1,10,3.0,H4,20,short,1.0,555,25.783992622742307,-0.16778867555351457,0.3219409880156696,0.9069497400993101,0.3225225225225225,-0.0003669888217406379,-0.11430936804783369,0.2585125394958502,0.9370557911278908,-0.15612797530040257,-0.007855374732987919,8438.72024699595
H1,10,3.0,H4,32,both,0.0,1015,47.24464763603925,0.4098023539823971,0.30368551422275314,1.1893880721434347,0.3931034482758621,0.0007362228690971093,0.4900278718624804,0.1661616990421153,1.2389232255703297,1.1320455683541395,0.03586774302546769,21320.455683541368
H1,10,3.0,H4,32,both,1.0,970,45.15005734675672,0.37018329436125275,0.3036855142227528,1.173576341469089,0.38969072164948454,0.0006879543452226043,0.4749616604014449,0.16666806519654276,1.234764758154127,1.094554692219801,0.03501270116103461,20945.546922198035
H1,10,3.0,H4,32,long,0.0,602,28.04598214285714,0.5124220344556294,0.1571415912770986,1.3102684253905756,0.42358803986710963,0.0011121262017336632,0.5737907468101101,0.19105233877956818,1.3605793595179,0.9190877828819006,0.03083421570044198,19190.87782881902
H1,10,3.0,H4,32,long,1.0,573,26.694929846938773,0.4936207704096122,0.1571415912770987,1.3049689223231413,0.42408376963350786,0.0011112080988927306,0.5562298437855053,0.19041372919239696,1.3535015135577835,0.8867179447366604,0.030017585782304623,18867.179447366598
H1,10,3.0,H4,32,short,0.0,570,26.551779109807423,0.1404673452593377,0.2546807122222764,1.0856657124421298,0.35789473684210527,0.00035017812644553187,0.1413456240428567,0.2209563737267798,1.087979420730301,0.15839528548736248,0.006872735389213291,11583.952854873669
H1,10,3.0,H4,32,short,1.0,544,25.340645325851295,0.09544244298412348,0.2552164267001591,1.0589872660148945,0.35294117647058826,0.0002459286609078395,0.11937445501774574,0.22650966088502988,1.0752079068314195,0.12620391752346882,0.005551754732162184,11262.039175234702
H1,10,3.0,H4,50,both,0.0,1148,53.469395562356546,0.13928261894414357,0.2716733818420677,1.056149705781088,0.35801393728222997,0.0002225654683744814,0.2240648657399274,0.2564780239058414,1.096974596520638,0.40872767057432835,0.016089088421838538,14087.276705743321
H1,10,3.0,H4,50,both,1.0,1098,51.18627951499681,0.10959457193052982,0.26835891322045446,1.0448286007503902,0.3551912568306011,0.0001811038285747051,0.22173706888221173,0.2496913894774051,1.0973319962868855,0.4021371685482784,0.015881476690150942,14021.371685482794
H1,10,3.0,H4,50,long,0.0,666,31.031572904707232,0.37987039942835893,0.17639206384950057,1.2241342621182203,0.3783783783783784,0.0008161392557192388,0.3651910606347818,0.21544352988983795,1.2235800662192116,0.6001339988341545,0.02214486591100373,16001.339988341528
H1,10,3.0,H4,50,long,1.0,631,29.464682945538225,0.3549588441337214,0.17639206384950012,1.213677786049488,0.375594294770206,0.0007951366362146122,0.34243657759972695,0.2184638589267618,1.2112072052559286,0.5494014311381852,0.020656832901353672,15494.014311381881
H1,10,3.0,H4,50,short,0.0,585,27.271378430121253,-0.3839024649803851,0.4531537126000321,0.8124395662720181,0.31965811965811963,-0.0008172702328082271,-0.16512994869709377,0.3039550813811841,0.9081965888537332,-0.22833842777249913,-0.01201103217608035,7716.615722274996
H1,10,3.0,H4,50,short,1.0,564,26.29240587109126,-0.3810825866667639,0.45012871899504847,0.8109623811032338,0.32092198581560283,-0.0008342741167372748,-0.16502493902344975,0.3047106219981678,0.9073995081077584,-0.22774217106750883,-0.011975456774904636,7722.5782893249025
H1,10,3.0,H4,80,both,0.0,1290,60.19835185894979,0.36885723033792567,0.22966188291454082,1.146468129611329,0.37209302325581395,0.0005633210122883199,0.4486745939707761,0.21607460386153354,1.1841806210153074,1.0175507434084263,0.03329600981270686,20175.507434084237
H1,10,3.0,H4,80,both,1.0,1235,57.63175546186279,0.35278532983992306,0.22966188291454037,1.1426688680846568,0.37165991902834006,0.000557297976815537,0.4448472966629019,0.21860629492300176,1.1850035543645447,1.0062139992853512,0.03302433495221213,20062.139992853547
H1,10,3.0,H4,80,long,0.0,707,33.01774069812044,0.5616052789894014,0.19157398160115013,1.3275119848875265,0.4087694483734088,0.0011632708737132822,0.6304229400552757,0.17777183501228777,1.383395048861314,1.19701059021107,0.03744233878370995,21970.1059021107
H1,10,3.0,H4,80,long,1.0,673,31.44598311372649,0.5539574990653879,0.19157398160115002,1.3303555795376734,0.4086181277860327,0.0011950194896032517,0.6320755928512903,0.17762486758924745,1.3908289530888678,1.2009143998326754,0.03754791465165974,22009.143998326752
H1,10,3.0,H4,80,short,0.0,637,29.725852817171333,-0.0663749147033572,0.23288443688389115,0.9660378204491314,0.3281004709576138,-0.00014053606868489138,-0.004089342114097197,0.17850474197881894,0.997819464099325,-0.04266278672556345,-0.002032523200075853,9573.372132744384
H1,10,3.0,H4,80,short,1.0,612,28.559218091222693,-0.09157229526820702,0.23372939573467622,0.9525458228434722,0.32679738562091504,-0.00019911939717751493,-0.015922584383217957,0.17558521127322235,0.9914427013782809,-0.05733739861628484,-0.0027516516225403187,9426.62601383717
H1,10,3.0,H4,120,both,0.0,1418,66.31555697823303,0.7070259135674771,0.24240377540380742,1.3111759281671096,0.3913963328631876,0.0011595496424547838,0.7703932312288299,0.15471488599953742,1.3800649012757173,2.734982617886958,0.06356540021079016,37349.826178869596
H1,10,3.0,H4,120,both,1.0,1361,63.64983994878361,0.6638190606636858,0.24240377540380698,1.2968502425415498,0.3894195444526084,0.0011213264076386103,0.7423535911514201,0.1605140957079515,1.370264612777082,2.6587164951053635,0.0625397265790788,36587.16495105371
H1,10,3.0,H4,120,long,0.0,757,35.4161970026899,0.6848209955834473,0.16612856496712614,1.448703105390646,0.42800528401585203,0.0015490860464623258,0.669909768723064,0.1407769695483072,1.5470608102988033,2.041989113670794,0.053427133099279045,30419.891136707905
H1,10,3.0,H4,120,long,1.0,722,33.77872422185219,0.640824375703358,0.16612856496712558,1.4265681583115195,0.42382271468144045,0.0015004351730533534,0.6577681933021248,0.13979218286274409,1.5446783435120015,2.0182746160942746,0.053041489919265494,30182.74616094268
H1,10,3.0,H4,120,short,0.0,693,32.46770779887122,0.3099256296708445,0.19506551923793924,1.1784166262299882,0.35209235209235207,0.0007123509102198119,0.4081232520838395,0.11796084513526817,1.252456766715403,0.6793936843788371,0.02458645229515488,16793.936843788368
H1,10,3.0,H4,120,short,1.0,670,31.39013596716265,0.2981834647091264,0.19034769394983386,1.1747139360077217,0.3537313432835821,0.0007020698164755379,0.3981597937172571,0.11805146832790137,1.2499767039761216,0.6617717998075603,0.024080222059227108,16617.717998075594
H1,10,3.0,D1,20,both,0.0,1655,77.40923933922397,0.44321481198468876,0.3135745751884148,1.168084056378423,0.3740181268882175,0.0006622769856955301,0.5373202984834702,0.2345863147454098,1.239359944626811,2.0359806419500552,0.05331567928702263,30359.806419500437
H1,10,3.0,D1,20,both,1.0,1595,74.60286208221282,0.3928179245893405,0.31357457518841547,1.1506782975418848,0.3705329153605016,0.000602864601386277,0.5216917103869935,0.23797940132144413,1.2345541700987177,1.9930929373154136,0.052614985286698834,29930.929373154187
H1,10,3.0,D1,20,long,0.0,1014,47.42777564348828,0.5389751214969355,0.16209521152544248,1.2750578542741848,0.39644970414201186,0.0010297884338021457,0.5533388422522012,0.14994622371377808,1.3378745003364743,1.7681088849435702,0.048774726586580996,27681.08884943577
H1,10,3.0,D1,20,long,1.0,970,45.369765655013445,0.479393377854483,0.16209521152544248,1.2469830253655685,0.3907216494845361,0.0009453671628311826,0.5304181872587094,0.16195961480543275,1.3273988179856082,1.706722563119981,0.047675218775465655,27067.22563119978
H1,10,3.0,D1,20,short,0.0,874,41.06360946745562,0.10955344071092933,0.2508014257734602,1.0529663899247752,0.3489702517162471,0.00021785635265077866,0.20761672074764717,0.17936274148558806,1.1055357460655157,0.30264108993232886,0.012499631294050184,13026.4108993233
H1,10,3.0,D1,20,short,1.0,849,39.88902109596089,0.08507317679771896,0.25080142577346043,1.041607967880709,0.3486454652532391,0.0001725464558797016,0.2024383010928879,0.18079169649475557,1.1041827855102213,0.2937813676626606,0.01217503215055471,12937.813676626645
H1,10,3.0,D1,32,both,0.0,1705,80.09662379421222,0.24888445449842966,0.4029681726700216,1.0893841216186224,0.3571847507331378,0.0003625431922962408,0.34495429631853886,0.27016089297221535,1.143944566858841,1.0321006921440201,0.0338713349543911,20321.00692144017
H1,10,3.0,D1,32,both,1.0,1639,76.99610932475885,0.19444580237599762,0.4029681726700214,1.070615929362296,0.35387431360585725,0.0002915587085550512,0.3315094555457561,0.2808006676549426,1.1402308221315767,0.9926987968982524,0.03292078853170621,19926.98796898259
H1,10,3.0,D1,32,long,0.0,1020,47.960221421215245,0.47987496317213524,0.24616653325149518,1.2388095148652856,0.3803921568627451,0.0009362979628871463,0.5388043840313493,0.13264777298353791,1.3251163096915846,1.7207608916455,0.04818771506813935,27207.608916455014
H1,10,3.0,D1,32,long,1.0,977,45.93836894953656,0.4184058813440984,0.2461665332514953,1.2098940153165973,0.37461617195496416,0.0008419251366406247,0.518104367302998,0.13568150073524132,1.315905641079447,1.6635529642514868,0.04714088713513864,26635.529642514935
H1,10,3.0,D1,32,short,0.0,859,40.39002960865088,-0.04555414195650247,0.3044875687238209,0.9784456346921765,0.32828870779976715,-8.93746356934677e-05,0.002982993067508024,0.289625075654963,1.0014688800427876,-0.0494679556649783,-0.0023826328103868644,9505.320443350216
H1,10,3.0,D1,32,short,1.0,826,38.83837538619979,-0.06133348814245644,0.3044875687238223,0.9704545251738813,0.32929782082324455,-0.00012380295243460073,0.0013056788125291776,0.28630250705164806,1.0006526825639082,-0.05206492598281409,-0.002510957803071534,9479.350740171865
H1,10,3.0,D1,50,both,0.0,1754,82.91037918985377,0.3522227882067697,0.2524288794006275,1.1242462420790678,0.3603192702394527,0.00050003516426791,0.45738250129309593,0.18324859763598877,1.1891331740583544,1.5507424045132905,0.04525643971287563,25507.424045132888
H1,10,3.0,D1,50,both,1.0,1690,79.88514300504724,0.33796075895346667,0.2524288794006283,1.121045487047151,0.3585798816568047,0.0004938365361714476,0.4521673588884447,0.18460268600751972,1.189601573194139,1.533660174035064,0.04492449216015593,25336.601740350583
H1,10,3.0,D1,50,long,0.0,1035,48.923741426167986,0.4892666282913447,0.1960614799916386,1.2367770749099989,0.37874396135265703,0.0009148182923125508,0.5325984119273514,0.1698050402118717,1.3132657909455492,1.659668119365067,0.047324595320055174,26596.68119365071
H1,10,3.0,D1,50,long,1.0,990,46.7966222337259,0.45911100871667615,0.19606147999163837,1.2257947738564134,0.37676767676767675,0.0008863980124025912,0.5262826300144994,0.1698436735915374,1.3143088942047951,1.6421526275305034,0.046997539660956544,26421.52627530503
H1,10,3.0,D1,50,short,0.0,831,39.5727183833116,-0.02308958136134439,0.2954690918043342,0.9889993435253234,0.33212996389891697,-4.596541719902873e-05,0.05965366336127383,0.25079150074401857,1.029291487599309,0.037819478404708784,0.0017693284979694024,10378.1947840471
H1,10,3.0,D1,50,short,1.0,807,38.439847417840376,-0.015895831343468426,0.2962451152030964,0.9923143623600349,0.3308550185873606,-3.244430409924845e-05,0.060553212263804966,0.2508913711361638,1.029946658450666,0.03927734868745758,0.0018367761945026206,10392.773486874616
H1,10,3.0,D1,80,both,0.0,1766,84.48349705304518,0.25877310067561854,0.3000390270500435,1.0888235325147646,0.35617214043035106,0.00035747590209764105,0.4301079897162619,0.1897862529619344,1.1713562037022223,1.433334885625067,0.04345920156031169,24333.348856250585
H1,10,3.0,D1,80,both,1.0,1711,82.06733420879843,0.2620703338257864,0.2937904217795998,1.0912789470516795,0.3582700175336061,0.00037039417779174163,0.43355686575046776,0.18913782077838126,1.1744506997255393,1.439588691600572,0.04370428026729645,24395.886916005595
H1,10,3.0,D1,80,long,0.0,1017,48.74153654376066,0.5425890306245272,0.18062526072124974,1.265520378743376,0.3824975417895772,0.001030247768292503,0.6152279387815055,0.12887966470725376,1.3646202702971573,2.060186935801329,0.0550677203802612,30601.86935801312
H1,10,3.0,D1,80,long,1.0,981,47.0532173342088,0.5111229788325831,0.1806252607212503,1.2528538014835982,0.381243628950051,0.0009957202717120995,0.6055997148083635,0.12675854504437956,1.3622996543088912,2.035451839791566,0.054701643542835354,30354.518397915588
H1,10,3.0,D1,80,short,0.0,847,40.55673177766125,-0.21087809790570447,0.33923736323811216,0.9049766757437154,0.32585596221959856,-0.0004002066391076506,-0.06724836836994176,0.3250852283307407,0.9689189623694616,-0.14437404053527247,-0.007438178935662898,8556.259594647261
H1,10,3.0,D1,80,short,1.0,825,39.96435676392573,-0.16886604898391458,0.3304110848529723,0.9226765920329933,0.33090909090909093,-0.00032632943667485186,-0.052653622693034065,0.3291687677289381,0.9755714875927296,-0.1226915370729803,-0.006320786950304136,8773.084629270226
H1,10,3.0,D1,120,both,0.0,1763,85.66392842889451,0.35037742158315716,0.2111844191708343,1.1212124945763327,0.3647192285876347,0.00048564669079773206,0.42094979660561355,0.2133598146571103,1.1665862584686102,1.380222881395929,0.0430372023651564,23802.228813959267
H1,10,3.0,D1,120,both,1.0,1723,83.82069126265317,0.32018667799944195,0.2111844191708352,1.1113886753444548,0.3621590249564713,0.00045063916669816517,0.4069299974225151,0.21891095145577288,1.1621904162061036,1.3316015442859732,0.042043113918233344,23316.015442859687
H1,10,3.0,D1,120,long,0.0,1003,48.73563256618332,0.6196379427223507,0.16560172228715198,1.3073061761577631,0.40079760717846463,0.0011901115421894671,0.6341569388421803,0.13847279881995966,1.3764058011548368,2.1278029255086532,0.05697231888055998,31278.029255086512
H1,10,3.0,D1,120,long,1.0,975,47.431905966968564,0.5757090301882017,0.16560172228715142,1.287050502504406,0.39794871794871794,0.0011250244106940166,0.6168116102940576,0.14145112362458412,1.3684289205395026,2.0692306174329738,0.056070873974739976,30692.306174329657
H1,10,3.0,D1,120,short,0.0,837,41.55984910277325,-0.20936376452124086,0.341358489301514,0.9069054702506122,0.31899641577060933,-0.0003861171468232475,-0.13036742270714263,0.3351920599712981,0.9404725000615755,-0.22974320988827124,-0.012877445222781336,7702.567901117293
H1,10,3.0,D1,120,short,1.0,825,41.64334577114428,-0.20014372132443442,0.3413584893015146,0.9110482999770637,0.31757575757575757,-0.0003710797662510932,-0.12521410664208119,0.3338437109093332,0.9430854283468975,-0.22086431036611165,-0.012518477621112578,7791.356896338907
H1,10,4.0,none,0,both,0.0,1375,63.85489510489511,0.17112934266505803,0.34751387688329005,1.0645387923692504,0.37745454545454543,0.0003159648759445885,0.2025816553902048,0.3456665380227605,1.082498882705733,0.37849600220852575,0.015018554698848163,13784.96002208519
H1,10,4.0,none,0,both,1.0,1337,62.09017800381437,0.14746531970498808,0.34751387688328994,1.0560281501842221,0.3769633507853403,0.00027853126813029357,0.1954824667396111,0.3551950268740016,1.0804616307231487,0.3602063049296429,0.014389151515625809,13602.06304929636
H1,10,4.0,none,0,long,0.0,1254,58.24306968463886,0.7705075126278709,0.21593705461366208,1.350238386807007,0.41068580542264754,0.0015865333816658133,0.7445740288327185,0.18574743831789475,1.363767310165126,2.696740977792715,0.06260737363084257,36967.40977792701
H1,10,4.0,none,0,long,1.0,1204,55.92077822990844,0.7112222954578563,0.2159370546136613,1.3266795386134482,0.41029900332225916,0.0015042551996953572,0.7149048352920706,0.19063013933948536,1.354014259601761,2.5991416721013034,0.061287675770046235,35991.41672101296
H1,10,4.0,none,0,short,0.0,1255,58.259881799694966,-0.21352532846176797,0.5403516094237979,0.9180846166636003,0.34741035856573704,-0.000428688936812619,-0.18679058581709684,0.45457334100082025,0.9294824348564186,-0.3353586267982894,-0.018785149458580452,6646.413732017121
H1,10,4.0,none,0,short,1.0,1209,56.12445983731571,-0.24672442493570718,0.5418306218705501,0.9042106006739227,0.34408602150537637,-0.0005101287636158843,-0.2052625054531554,0.4588613322707762,0.9220032390842788,-0.3552633498830804,-0.02016915575016165,6447.366501169211
H1,10,4.0,H4,20,both,0.0,793,36.88313383420349,-0.29138660443141257,0.6099224381077908,0.8705687371796754,0.3480453972257251,-0.0006664383599467366,-0.059307466080915285,0.38654437341083847,0.9704633533257921,-0.14926653531056444,-0.007490587396357884,8507.334646894367
H1,10,4.0,H4,20,both,1.0,761,35.430879541108986,-0.3337688346443257,0.6099224381077906,0.8507817058095893,0.34296977660972405,-0.0007827517108890379,-0.07705216227834516,0.3796592588024301,0.9611432800103974,-0.17239247401508895,-0.0087708989956361,8276.075259849144
H1,10,4.0,H4,20,long,0.0,585,27.26441878269746,0.37675914557457224,0.2819827156233057,1.2550550272191272,0.39145299145299145,0.001161395780988546,0.38728794958958923,0.24590274539950385,1.2670947480332773,0.7020654770563539,0.02509671950308534,17020.654770563546
H1,10,4.0,H4,20,long,1.0,561,26.14587852494577,0.33868645021866334,0.28198271562330657,1.2320030741849255,0.39037433155080214,0.00107296886414812,0.37423934571659523,0.24651537710866045,1.2638298887738515,0.677314904671505,0.024397130596336858,16773.149046715058
H1,10,4.0,H4,20,short,0.0,506,23.606654745178183,-0.3761863053563727,0.43590108226098623,0.7992493024689374,0.32806324110671936,-0.0010283829862094208,-0.20539433868453366,0.28396982434617657,0.8751936876763063,-0.24585991684327113,-0.013078268621887656,7541.400831567308
H1,10,4.0,H4,20,short,1.0,483,22.556674338319908,-0.39049397461782515,0.4301660415345131,0.7884350766511032,0.32298136645962733,-0.0011104243416054727,-0.26172944198286396,0.2906057313072232,0.8455074439392956,-0.2862222900248751,-0.015623545651307413,7137.777099751257
H1,10,4.0,H4,32,both,0.0,664,30.883229339106077,0.304679247278787,0.2739465698326815,1.1831485589244153,0.3990963855421687,0.0008480287037579335,0.3182369194368295,0.19859353059317608,1.1723911519145473,0.44991092859185033,0.01742903721710376,14499.109285918514
H1,10,4.0,H4,32,both,1.0,641,29.86672407194795,0.2800559233266413,0.2739465698326815,1.1702195879984043,0.3993759750390016,0.0007997535943216035,0.3032378839749911,0.1959122135369804,1.16553832116788,0.422372198733979,0.01655175029934708,14223.721987339806
H1,10,4.0,H4,32,long,0.0,442,20.724069319640563,0.5414983613436274,0.23055031027101325,1.419983768941804,0.4276018099547511,0.0017992832717988864,0.5398655475468002,0.20095687016724462,1.3980769942281406,0.7576406664219995,0.026795710531687833,17576.406664219947
H1,10,4.0,H4,32,long,1.0,423,19.861261087543387,0.5214481041897955,0.23055031027101403,1.4116325606829327,0.4302600472813239,0.001786395526928638,0.5312113531891984,0.19896752979033538,1.3987848472009439,0.7404961851139091,0.026361620480959802,17404.961851139073
H1,10,4.0,H4,32,short,0.0,422,19.622597071928706,0.10056142024000152,0.20557543030511582,1.0778056747086222,0.36018957345971564,0.0003724421848143813,0.04894415705244078,0.15732363432254293,1.0344636819140731,0.027026494781235977,0.0012407930762414754,10270.264947812335
H1,10,4.0,H4,32,short,1.0,402,18.72599158270629,0.09910804884956914,0.20557543030511527,1.0784306693975414,0.36069651741293535,0.00038330270047153,0.051189011331326535,0.15700337641678241,1.0365958805247082,0.029453640906715428,0.0013531089663447737,10294.536409067168
H1,10,4.0,H4,50,both,0.0,660,30.82278481012658,0.24350059653817324,0.270465340750384,1.1319542126253186,0.37272727272727274,0.0006333484022753567,0.3331210225186152,0.22877499805567292,1.1905203500109873,0.47169443234944697,0.018209825722098616,14716.944323494465
H1,10,4.0,H4,50,both,1.0,629,29.37504794783276,0.2295063385348879,0.27046534075038453,1.1265591840893108,0.3751987281399046,0.0006181346606304709,0.3300926325856192,0.22919795588183434,1.1924227863464896,0.4653496400353321,0.0180043980111122,14653.496400353335
H1,10,4.0,H4,50,long,0.0,411,19.194188722669736,0.5619765753210734,0.20161229020865679,1.4372427932767957,0.40389294403892945,0.001919250114501159,0.5148322458647184,0.19066513918453976,1.3926901633375868,0.666057973053191,0.02412552786623179,16660.57973053192
H1,10,4.0,H4,50,long,1.0,390,18.213463751438436,0.5311748425423789,0.201612290208657,1.419909157794787,0.40512820512820513,0.0018842780494963821,0.5074042798196398,0.18689392658033543,1.3947515258641825,0.6545481648708922,0.023794020421928908,16545.481648708934
H1,10,4.0,H4,50,short,0.0,375,17.687080320247933,-0.3139261897835318,0.3933319444414375,0.8059861141597547,0.3253333333333333,-0.0010042094588308078,-0.08643562682400784,0.17155854031266948,0.9386908612088867,-0.1003114523226678,-0.004973303225527248,8996.885476773323
H1,10,4.0,H4,50,short,1.0,357,16.83810046487603,-0.3126246114070368,0.39333194444143826,0.8030889600313138,0.32492997198879553,-0.0010403437894089002,-0.08530814767952667,0.1703259057846206,0.9385767241768168,-0.09890647686425758,-0.004900069140665209,9010.935231357404
H1,10,4.0,H4,80,both,0.0,765,35.72640966628308,0.5448252320233522,0.21085058482655494,1.3055934666052469,0.41045751633986927,0.0013894334916632362,0.5817449532043614,0.17001124905228304,1.3439989695306813,1.1697095826704924,0.036836685504183064,21697.09582670493
H1,10,4.0,H4,80,both,1.0,734,34.27867280398926,0.5270087816099264,0.2108505848265536,1.3003395826946034,0.4114441416893733,0.0013860855620139772,0.5731155167277552,0.1689991942865695,1.3443436513447258,1.1497100478182198,0.03638838215428586,21497.100478182183
H1,10,4.0,H4,80,long,0.0,428,19.988108937476024,0.7019219491790277,0.08803618641077626,1.5692621611738171,0.4439252336448598,0.0023969315264195765,0.7075340321539132,0.08568065651286783,1.5855300206165286,1.1658971871193886,0.03675153276254872,21658.971871193855
H1,10,4.0,H4,80,long,1.0,406,18.960682777138473,0.7078200677922133,0.08803618641077571,1.5888847738203067,0.4482758620689655,0.002516615815338159,0.708150499284312,0.08682804851921044,1.5965744144563778,1.1588897931716877,0.036594643959024564,21588.897931716863
H1,10,4.0,H4,80,short,0.0,403,18.94655039258592,-0.015528083186474298,0.3125913025926417,0.9894951761762107,0.3573200992555831,-5.23501894523025e-05,0.08052061541805132,0.1836575005098292,1.0603897080720046,0.062211012028096535,0.0028414324745380526,10622.110120280982
H1,10,4.0,H4,80,short,1.0,386,18.374364655284765,-0.04521254738844264,0.31259130259264234,0.9691965932228087,0.3549222797927461,-0.00015658835115229316,0.06968159441613637,0.18080283617204007,1.0529043265774232,0.04953921136560546,0.0023042646738529182,10495.392113656066
H1,10,4.0,H4,120,both,0.0,840,39.29934674010504,0.5163798559751664,0.2241231270056887,1.3006635702414966,0.39404761904761904,0.0014041556995686517,0.5490492764130767,0.1317955146847536,1.3440939593145689,1.4422457572976999,0.042659971089512805,24422.457572976957
H1,10,4.0,H4,120,both,1.0,811,37.9425835788395,0.46852479899235444,0.2241231270056886,1.2746229881173579,0.38964241676942046,0.001306707422822255,0.5234175271632078,0.1407290687846977,1.3215664943616283,1.3109852517593192,0.03996860231480781,23109.852517593226
H1,10,4.0,H4,120,long,0.0,468,21.89535032662995,0.6154070633021519,0.22910834899326948,1.5027416103680433,0.4230769230769231,0.0022102829549969787,0.5833389005503199,0.1990901192942618,1.5423206339030966,1.2640535372806307,0.03897082248388539,22640.53537280635
H1,10,4.0,H4,120,long,1.0,446,20.86608172153196,0.5798716959765834,0.22910834899327037,1.4798180361710185,0.42152466367713004,0.0021522895340711917,0.5691349762866057,0.19659808315657246,1.5390049076412133,1.22751425680918,0.03818024267297693,22275.142568091844
H1,10,4.0,H4,120,short,0.0,412,19.354726688102893,0.15101616091895076,0.23484370041014158,1.1212959808200664,0.3616504854368932,0.0005887313560827949,0.16036553769835474,0.1547754243094125,1.1175908734115672,0.15489931475365837,0.0067883142476270475,11548.993147536574
H1,10,4.0,H4,120,short,1.0,402,18.884951768488747,0.13543635634073053,0.23484370041014102,1.1098252721638553,0.3582089552238806,0.0005390687811674612,0.15249845837074671,0.15377610302594957,1.1131139249236577,0.14616401158148284,0.006429283173769562,11461.640115814851
H1,10,4.0,D1,20,both,0.0,964,45.100678877930065,0.6461688317465641,0.16933622011754024,1.3616087639217187,0.4004149377593361,0.0017259881600940564,0.659591276265653,0.11373243775081976,1.4022173083581466,2.0236005448180965,0.05312835058418619,30236.005448180964
H1,10,4.0,D1,20,both,1.0,931,43.556775970283084,0.6020525715761144,0.16933622011754068,1.3394927243992876,0.39742212674543503,0.001652399912080972,0.6360336542604282,0.11555908500701895,1.3933961489369815,1.9604152467124654,0.05208832921902551,29604.152467124568
H1,10,4.0,D1,20,long,0.0,604,28.258101703599333,0.64315772511585,0.1444202179329278,1.4399406354117303,0.40728476821192056,0.0020335129340143233,0.608300449769117,0.1401002741903804,1.4586577490067043,1.4244468774763224,0.04230322015304844,24244.468774763216
H1,10,4.0,D1,20,long,1.0,578,27.041693352119893,0.5926809465474953,0.14442021793292747,1.4084439430906983,0.40484429065743943,0.001932593810178484,0.5906407694434411,0.14088681819603088,1.4520996299991227,1.3851954502774757,0.04150758012844036,23851.954502774788
H1,10,4.0,D1,20,short,0.0,510,23.958520900321542,0.26444900456860465,0.1861007976422201,1.1984747964639866,0.39019607843137255,0.0009751129375517525,0.34255873454684754,0.1286435558908895,1.2628280251923771,0.49591240095305955,0.019099650950249014,14959.124009530562
H1,10,4.0,D1,20,short,1.0,500,23.488745980707396,0.25280689578766746,0.18610079764221932,1.1912694138615958,0.388,0.0009484070093374095,0.32497621004254856,0.1282430581439017,1.250246438697657,0.4635778917480913,0.018054015704375148,14635.778917480868
H1,10,4.0,D1,32,both,0.0,1035,48.67178447276941,0.44247845442788364,0.21466580843209504,1.2120869747735787,0.3903381642512077,0.0010337281690579359,0.5019763222540063,0.1280965937605102,1.271414051631703,1.31746902918941,0.040315576630492345,23174.69029189418
H1,10,4.0,D1,32,both,1.0,1000,47.0258787176516,0.3925455793594531,0.21466580843209593,1.1895689478485192,0.389,0.0009394959980629287,0.48531133975694013,0.13109393823752846,1.2669060232778933,1.2805700720497857,0.03953066839794528,22805.70072049788
H1,10,4.0,D1,32,long,0.0,619,29.112767190316763,0.4894013244670398,0.1976356982550771,1.306046371768192,0.40226171243941844,0.0014844733794145,0.5350905137981091,0.11712721229740786,1.385541546047014,1.2107237606581065,0.03801617953337377,22107.237606581024
H1,10,4.0,D1,32,long,1.0,594,27.93696883852691,0.4415159370734351,0.19763569825507732,1.278686584338431,0.40235690235690236,0.0013744834143065727,0.5200405818566227,0.11567393357750366,1.3826367167597702,1.1744379603016832,0.03720853742723973,21744.379603016816
H1,10,4.0,D1,32,short,0.0,512,24.09275959804174,0.09835070206940578,0.2701920610980221,1.064025843451896,0.369140625,0.0003158591547003279,0.1890125528995801,0.1963193609730739,1.1380555151710896,0.22672565512907972,0.009662241297620167,12267.256551290771
H1,10,4.0,D1,32,short,1.0,498,23.433973202782788,0.05995996536338496,0.2701920610980231,1.039185583530786,0.3654618473895582,0.00019665286592800263,0.16725601999765224,0.19460915492621012,1.1217862964654126,0.19278647428851103,0.008330137445522467,11927.864742885109
H1,10,4.0,D1,50,both,0.0,1064,50.30757281553398,0.39950879188821053,0.23674315195017115,1.181428841658427,0.38345864661654133,0.0008974449373654333,0.44488773756690037,0.22891944517307206,1.2255370522095874,1.0780446694946204,0.03518796936626045,20780.4466949463
H1,10,4.0,D1,50,both,1.0,1025,48.463592233009706,0.38548313039829774,0.23674315195017115,1.1777979463342725,0.3853658536585366,0.0008910296607138961,0.4347706501228505,0.2285992009735811,1.2238627265635216,1.0454199716758792,0.03441373619337584,20454.19971675872
H1,10,4.0,D1,50,long,0.0,628,29.692815533980582,0.6406152455647325,0.12756372062666899,1.416892110582967,0.40605095541401276,0.0019647516704725324,0.6424358047137347,0.09568245245563789,1.474050110659052,1.6299403648803619,0.046780670561930915,26299.4036488036
H1,10,4.0,D1,50,long,1.0,603,28.510776699029126,0.6259036602137709,0.127563720626668,1.4148667402899844,0.4096185737976783,0.001977763860451703,0.6353144084709276,0.09691067961488076,1.47824435129949,1.6061313362124374,0.046330659546591546,26061.313362124434
H1,10,4.0,D1,50,short,0.0,505,24.042133733055266,-0.10147722092816121,0.3396235226007974,0.9404020897012356,0.3485148514851485,-0.00031232510973124716,0.03099058865711492,0.24504505729285042,1.0195747855292885,0.004765935363275631,0.00022638417872777872,10047.659353632751
H1,10,4.0,D1,50,short,1.0,490,23.32801094890511,-0.10146421825075702,0.33962352260079853,0.9396876363118427,0.3489795918367347,-0.00032053991489344405,0.028709463670122188,0.24819803660218887,1.0182664717468253,0.0021621822664701362,0.00010283173673863999,10021.621822664698
H1,10,4.0,D1,80,both,0.0,1074,51.53422228060956,0.335673648756861,0.2272851919645701,1.1521904895483932,0.3770949720670391,0.0007455415065216199,0.4808960352359152,0.16316587684875183,1.2521739023970961,1.304786706322992,0.04087906316612644,23047.86706322997
H1,10,4.0,D1,80,both,1.0,1045,50.18225742834604,0.3316878692475866,0.2238422264162535,1.1524720298172684,0.3799043062200957,0.0007523306631569018,0.4842719149085471,0.1626321637286975,1.257209555816111,1.3115601290147123,0.041058657590100855,23115.601290147177
H1,10,4.0,D1,80,long,0.0,629,30.181588281660535,0.5399058243991167,0.1845723052211541,1.3352656902192603,0.40222575516693165,0.001598475778742732,0.616997721881999,0.1309472634052904,1.4512294399185313,1.5214033634917556,0.04537517724093476,25214.033634917552
H1,10,4.0,D1,80,long,1.0,609,29.244971075466736,0.5354488437865402,0.18457230522115387,1.3382558543346927,0.40558292282430214,0.0016232437127740367,0.6162907041225332,0.1258069616462545,1.4576998370413135,1.5132162522948152,0.04524851145762687,25132.16252294822
H1,10,4.0,D1,80,short,0.0,506,24.511472148541113,-0.14069989782383618,0.3002977276250606,0.9154251284345487,0.34189723320158105,-0.0004366471538661287,0.052780300745476835,0.20513809514630177,1.03555697112368,0.029870964080721985,0.0014268249065825245,10298.709640807227
H1,10,4.0,D1,80,short,1.0,496,24.02705570291777,-0.13604713969902163,0.3002977276250607,0.9173312975507997,0.34475806451612906,-0.0004297467905499363,0.05472508622128028,0.20473767814148613,1.0371161796048634,0.032404959757993845,0.0015460460442990875,10324.049597579919
H1,10,4.0,D1,120,both,0.0,1098,53.37297045515039,0.1829988296257396,0.26275592805896786,1.0768846546564281,0.37249544626593806,0.00038724310741060445,0.2678062022250829,0.20095822560296195,1.1206590887073622,0.524095919077334,0.020695248300360847,15240.959190773385
H1,10,4.0,D1,120,both,1.0,1077,52.40797362110312,0.15097556876101798,0.2627559280589703,1.0636419368678498,0.3714020427112349,0.00032339680697305315,0.2616164728165065,0.19884421935004182,1.1190563871978334,0.5101773896512729,0.02026195529304653,15101.773896512772
H1,10,4.0,D1,120,long,0.0,631,30.67244476976311,0.5920911011713954,0.1635149637883141,1.3719259154429555,0.4120443740095087,0.0017790568220065848,0.6038283061794785,0.11536437546516498,1.4172567945329446,1.3710209346371753,0.042858373974895336,23710.209346371776
H1,10,4.0,D1,120,long,1.0,616,29.975219824140687,0.5501362721614725,0.1635149637883142,1.346702153570529,0.4090909090909091,0.0016774088314834513,0.5813845989841947,0.11778320752630789,1.4067856624440993,1.318297846854998,0.041764432805937446,23182.978468549984
H1,10,4.0,D1,120,short,0.0,510,25.330092466684796,-0.37736404784600164,0.4939890486972329,0.7976457954390084,0.3254901960784314,-0.001076625986013187,-0.21934889976947294,0.35668500664456326,0.878900645586183,-0.23898184447376247,-0.013472344569060657,7610.181555262365
H1,10,4.0,D1,120,short,1.0,504,25.032091378841447,-0.3690671136024944,0.49398904869723415,0.8007857050764591,0.3273809523809524,-0.0010648270023834161,-0.2195792131890812,0.3567150007220512,0.8785456276639144,-0.23908131295359736,-0.01347874918807368,7609.1868704640165
H1,10,2.0,none,0,both,0.0,4209,195.3414548919949,0.008862318019882517,0.6022650019354161,1.0019405949964566,0.3304822998336897,5.722046868729224e-06,0.1835602164315179,0.45935568074772404,1.0445970660111799,0.45558495247048936,0.017575498606675177,14555.849524704823
H1,10,2.0,none,0,both,1.0,4047,187.8229669631512,0.013133032685464513,0.5847475427373883,1.002931333445075,0.33110946380034595,8.750932868270813e-06,0.1860533091626152,0.44094237908344325,1.0455941343962547,0.46666167492820043,0.017933582692230887,14666.616749281915
H1,10,2.0,none,0,long,0.0,3559,165.17468233799235,0.42380125847527295,0.3104901213556085,1.106702484199826,0.352627142455746,0.00030186140783517676,0.5388550324630732,0.1993729393863316,1.1512904282096708,2.335495364542455,0.05749930546316384,33354.95364542443
H1,10,2.0,none,0,long,1.0,3406,158.0738881829733,0.4016549352164293,0.3104901213556087,1.103164527902132,0.35173223722842045,0.00029633896895290873,0.5335360896151605,0.1996963205166613,1.1514318390252138,2.322921958914059,0.057313965125783906,33229.2195891401
H1,10,2.0,none,0,short,0.0,3559,165.17468233799235,-0.4049602033902793,0.6690479079388324,0.9103481945035231,0.30261309356560834,-0.0002680268513887113,-0.2071462892688306,0.6297141156785666,0.9498990517716672,-0.6183378319398993,-0.043718944501852874,3816.621680601013
H1,10,2.0,none,0,short,1.0,3399,157.78911413319776,-0.3776007920864036,0.6453501264983845,0.9143343640263925,0.30479552809649896,-0.00025921962793202277,-0.17955352501004948,0.6092898966431265,0.9553915045320285,-0.5665171963064661,-0.038061228239019806,4334.828036935363
H1,10,2.0,H4,20,both,0.0,2036,94.6118320610687,-0.02926344304235901,0.44740488768695585,0.9909464944940314,0.3276031434184676,-2.6645388409641482e-05,0.1348100286987349,0.37758450065742777,1.046663575371014,0.21282094141267027,0.00900655416637397,12128.209414126684
H1,10,2.0,H4,20,both,1.0,1944,90.33664122137405,-0.010550589071689676,0.44595285105194005,0.9966538578950298,0.33024691358024694,-9.971790720006483e-06,0.13684420673455916,0.376648877394695,1.0478948915186967,0.21773316136249998,0.00919609620729922,12177.331613625005
H1,10,2.0,H4,20,long,0.0,1198,55.7839750127486,0.3741798502632307,0.17297031061537282,1.1632887078101342,0.3606010016694491,0.00044615889972456064,0.4776796926133662,0.13255099821349892,1.2171815405609847,0.8874486279758798,0.03002062202592848,18874.486279758832
H1,10,2.0,H4,20,long,1.0,1141,53.12981259561448,0.3861217035922175,0.17297031061537282,1.1733152442433687,0.3593339176161262,0.00048015313174584994,0.48222420643348046,0.13188559925750198,1.2224683279615014,0.8931931004584304,0.030166384001779845,18931.931004584138
H1,10,2.0,H4,20,short,0.0,1096,51.014910156747796,-0.29043781780984906,0.3939929388682375,0.8812761224647749,0.29288321167883213,-0.0003631781957510107,-0.19907741056062897,0.40478538072269243,0.9037980472713912,-0.37770494169539515,-0.021836932071879422,6222.950583046104
H1,10,2.0,H4,20,short,1.0,1046,48.68758761310055,-0.2926421684388825,0.39615111739181763,0.8780592978738564,0.2954110898661568,-0.0003793700887540046,-0.20352676537985623,0.41004316612372593,0.9006689715587733,-0.38246658641061126,-0.022186593487985573,6175.334135893904
H1,10,2.0,H4,32,both,0.0,2283,106.18435629695658,0.0070038865318485825,0.4675310466860918,1.002060040800492,0.32982917214191854,5.988309430568372e-06,0.2362295498639905,0.3539866184170537,1.0754460265959656,0.5531461869549787,0.02068904938766214,15531.461869549714
H1,10,2.0,H4,32,both,1.0,2186,101.67280020374379,0.03898168332681001,0.4675310466860918,1.0117514822096882,0.3321134492223239,3.461582523869361e-05,0.2441222383144739,0.350471240181221,1.0787613204196964,0.5743141926000113,0.02133189926313861,15743.141926000035
H1,10,2.0,H4,32,long,0.0,1272,59.229729729729726,0.08196574641722618,0.4269678224448312,1.0311708364177288,0.3498427672955975,8.7115580818994e-05,0.28413804522097885,0.39320798877634644,1.1158571209450858,0.5292529166384412,0.019976443063402183,15292.529166384382
H1,10,2.0,H4,32,long,1.0,1216,56.62213156552779,0.09626895874857669,0.4269678224448308,1.0375053580608562,0.34786184210526316,0.00010640005017460511,0.2883938446117697,0.39109370521173914,1.1187654904625361,0.5364603777414851,0.02019978582982196,15364.603777414828
H1,10,2.0,H4,32,short,0.0,1167,54.278205781230106,-0.007648811911527011,0.2724896612260397,0.9967455535959697,0.3101970865467009,-9.66188145675967e-06,0.10252210792595744,0.266106141713643,1.049536054800813,0.11819957778048429,0.005209714016671807,11181.995777804837
H1,10,2.0,H4,32,short,1.0,1113,51.766617853049794,0.022410658850654987,0.2505976937229075,1.0098013501169874,0.31536388140161725,2.9509408582392252e-05,0.11531617740322207,0.25827809333113183,1.0564932588816218,0.1426390816941876,0.006221059206735102,11426.390816941916
H1,10,2.0,H4,50,both,0.0,2561,119.22065383634974,-0.027090746066731116,0.42841674412599917,0.9925940197319372,0.322530261616556,-2.1755060736027848e-05,0.1131876636005046,0.3633760097447034,1.0339104247813893,0.15138457578485376,0.006583844742520162,11513.845757848589
H1,10,2.0,H4,50,both,1.0,2443,113.72747259750192,-0.02146142398470939,0.42841674412599895,0.9939904442190963,0.3233729021694638,-1.7906837626019785e-05,0.11554182223197701,0.3584230278954237,1.0349810382961475,0.15926856357331354,0.006903663350111167,11592.68563573322
H1,10,2.0,H4,50,long,0.0,1412,65.75710824939436,0.13122516170924342,0.26707486264464353,1.0491399118888909,0.33994334277620397,0.00013508023575422906,0.1874704448575207,0.33010255189622406,1.0733219316267175,0.3050329871941848,0.012475480936987582,13050.329871941838
H1,10,2.0,H4,50,long,1.0,1339,62.357484380976665,0.1333144891975426,0.2670748626446422,1.0513171937425596,0.339058999253174,0.000143412929526886,0.18756506684524193,0.32980962155686333,1.074237177040749,0.30430409780556866,0.012449138962632222,13043.04097805571
H1,10,2.0,H4,50,short,0.0,1241,57.823096058170684,-0.16992326229683544,0.4035745068044536,0.9343416368264391,0.3005640612409347,-0.00020685071622927214,-0.010900862643712038,0.3498338279430545,0.9951144121732014,-0.10358811664471002,-0.005082335833260787,8964.118833552891
H1,10,2.0,H4,50,short,1.0,1193,55.593678234243434,-0.16522208710819578,0.413220047722888,0.9348777808243675,0.3034367141659681,-0.00020745714363702396,-0.014545257431680255,0.35039722652715133,0.9934277624960991,-0.10998940566504312,-0.005415193922361561,8900.105943349594
H1,10,2.0,H4,80,both,0.0,2775,129.4303090282212,0.2652493383070101,0.3505586345384567,1.0707409618991115,0.3362162162162162,0.00020125263013152705,0.40808913402120073,0.28268211949172206,1.1147535544592615,1.1926691341742308,0.03729793898945544,21926.691341742273
H1,10,2.0,H4,80,both,1.0,2658,123.97324735027456,0.24805663143189113,0.3447085100391012,1.0674001049117534,0.33559066967644846,0.00019443805647828744,0.3879433309375416,0.28311775470359146,1.1097708485707223,1.1155557377203476,0.03556723892471836,21155.557377203455
H1,10,2.0,H4,80,long,0.0,1503,70.19188722669735,0.32712608516001146,0.2199144221074073,1.118561828650232,0.3606121091151031,0.0003201634090173062,0.46661568783892143,0.19422176141634795,1.1829433337735942,1.0924176913726305,0.035081772351481355,20924.176913726267
H1,10,2.0,H4,80,long,1.0,1426,66.62997313547396,0.33481684867224615,0.21445219256770043,1.1247852093765156,0.36044880785413747,0.00034211097791100214,0.47171963905098346,0.19315022183669095,1.1875132219803175,1.099910843101871,0.03527294063705688,20999.108431018692
H1,10,2.0,H4,80,short,0.0,1337,62.35975609756098,0.005026823712289247,0.24074330819505163,1.0019101307596139,0.30665669409124907,5.724223472680037e-06,0.03319458579893564,0.24243784428102888,1.0126226551615105,-0.006646333541539651,-0.000310981705548552,9933.536664584648
H1,10,2.0,H4,80,short,1.0,1296,60.447452432639516,-0.029161635214316518,0.24319153764881285,0.9888304503778212,0.3055555555555556,-3.386265260986045e-05,0.026818633461466904,0.23940018644964212,1.0102798653985188,-0.017897150787637872,-0.0008419564299974036,9821.028492123636
H1,10,2.0,H4,120,both,0.0,2906,135.87000768049154,0.4157906746903319,0.23518319818403344,1.1195189569353297,0.34239504473503096,0.0003428726901230636,0.5368197310884096,0.16397658913944857,1.1804830465166787,2.2342275733898425,0.05641441675129655,32342.275733898485
H1,10,2.0,H4,120,both,1.0,2785,130.2293240302138,0.41138658984122134,0.2351831981840341,1.1209265934202919,0.34290843806104127,0.0003513423447784253,0.5373255696739666,0.1645253585528973,1.183129587172674,2.234568838347319,0.056427051397585526,32345.688383473087
H1,10,2.0,H4,120,long,0.0,1546,72.30172855313701,0.5444491161807318,0.17341508481380685,1.2303926565589562,0.36998706338939197,0.0006114552521266475,0.5743786772913786,0.15905875934357028,1.2982344103027685,1.966834786372388,0.05217439127356238,29668.347863723822
H1,10,2.0,H4,120,long,1.0,1472,68.85860655737706,0.530990619081431,0.1734150848138074,1.2306309559271522,0.3688858695652174,0.000621819496865252,0.5681292844540777,0.16011923694478358,1.2988630146163684,1.9493884868831977,0.05189784730295366,29493.88486883192
H1,10,2.0,H4,120,short,0.0,1406,65.86398614851866,-0.013254083810694414,0.3765766133976517,0.9949613157597264,0.30654338549075394,-1.5623805683574377e-05,0.1452081546925233,0.32941721601426877,1.0630656099954567,0.2161123461002743,0.00920777523556393,12161.12346100278
H1,10,2.0,H4,120,short,1.0,1357,63.568584070796454,-0.006240727729340604,0.37940043917253374,0.9975839605594463,0.3087693441414886,-7.563980837737218e-06,0.1459640168520393,0.3287474293481525,1.06400542302579,0.21747755054962647,0.009260819085008531,12174.775505496249
H1,10,2.0,D1,20,both,0.0,3208,149.99001536098308,0.2388001259051579,0.44105348832049684,1.0634761900339225,0.3397755610972569,0.00018335951186761152,0.3879165515107349,0.3145726841856583,1.1237863450279924,1.533771873351769,0.04442713566246481,25337.71873351763
H1,10,2.0,D1,20,both,1.0,3077,143.90195262483994,0.19968869391508537,0.437967849168166,1.0540228203473294,0.33831654208644785,0.00015821961891177738,0.37711061274392477,0.31212678211634515,1.1218110837337558,1.493938933871474,0.04366506210263066,24939.389338714667
H1,10,2.0,D1,20,long,0.0,1904,89.02150537634408,0.44370271919463805,0.17898198434077195,1.1614860737636825,0.358718487394958,0.0004459240910485702,0.462743044407726,0.16856001302024104,1.2046760000030667,1.5440003090953396,0.0446238851600913,25440.003090953414
H1,10,2.0,D1,20,long,1.0,1819,85.06911011523688,0.42341686983422944,0.1789819843407705,1.1575798152930972,0.35733919736118747,0.00044145998609864453,0.46042503848506594,0.17195827209334902,1.2058204160415011,1.5404837169590926,0.044567987441532786,25404.837169590814
H1,10,2.0,D1,20,short,0.0,1659,77.94568433239002,-0.12869978554019584,0.4047513182367951,0.956333289405519,0.3152501506931887,-0.00013226804773638557,0.07567246963700601,0.2841930579126404,1.0290829439900577,0.06246427724185222,0.0028508352769884837,10624.642772418523
H1,10,2.0,D1,20,short,1.0,1599,75.12667224080268,-0.15457183200039504,0.40564224851699504,0.9467772119542432,0.3151969981238274,-0.00016296230454793383,0.06960739816360934,0.28631639963152533,1.0270567486935773,0.049148288376600124,0.002256750672120944,10491.482883766033
H1,10,2.0,D1,32,both,0.0,3282,154.16030092592592,0.11193516546984948,0.40396404866355384,1.028969242091935,0.329981718464351,8.593178470943148e-05,0.22929739224958795,0.3163335714346013,1.0682327427882057,0.6118490296755164,0.022676616778727787,16118.490296755064
H1,10,2.0,D1,32,both,1.0,3148,147.90416773861588,0.06766704140376628,0.4039640486635542,1.0177888957589536,0.3281448538754765,5.361982795195867e-05,0.22858354189981547,0.30840483514028394,1.0684597506607814,0.6144316432145571,0.02275944543565034,16144.31643214552
H1,10,2.0,D1,32,long,0.0,1940,91.26545595054095,0.21240213506761377,0.3011379224747188,1.0732410373273187,0.3427835051546392,0.00021427961849734763,0.2978146269004328,0.24043837733145446,1.123321169908872,0.8494330784345949,0.02934883681294087,18494.33078434602
H1,10,2.0,D1,32,long,1.0,1861,87.58281793583302,0.18236933189631382,0.30113792247471804,1.0639736289870754,0.3401397098334229,0.00019013462513820287,0.2929417698363496,0.2394963780421967,1.1226396867271236,0.8334772220958897,0.02894067146999202,18334.772220958865
H1,10,2.0,D1,32,short,0.0,1589,74.70488479855838,-0.1817370423504397,0.4267272889439584,0.9368763433014755,0.3115166771554437,-0.00019027181437899555,-0.04367028826201031,0.33589192366684684,0.9830840257276046,-0.16294683993208214,-0.008327365312677748,8370.531600679169
H1,10,2.0,D1,32,short,1.0,1520,71.47933565083044,-0.19783415386700764,0.43024380417083496,0.9299980381359921,0.3125,-0.0002138875085550199,-0.047441951102108866,0.33730749637530755,0.9814151633442348,-0.17024318595056032,-0.008737695026274639,8297.568140494413
H1,10,2.0,D1,50,both,0.0,3292,155.590450310559,0.12729648458160364,0.26709307279411154,1.0320671249942572,0.33080194410692587,9.475023975931667e-05,0.3035260844774071,0.23533197716374488,1.0894708245835714,0.969481142930849,0.03255218227671497,19694.811429308455
H1,10,2.0,D1,50,both,1.0,3166,149.63528726708074,0.12632532144852457,0.2592594472740162,1.0324056492685394,0.3307012002526848,9.712213450084123e-05,0.303678752070631,0.2353803199054343,1.0904577773002377,0.9692009302709661,0.0325452384242888,19692.00930270959
H1,10,2.0,D1,50,long,0.0,1926,91.02892080745342,0.4070480881115925,0.21755560581919564,1.1452922833593961,0.35202492211838005,0.00041062637885478243,0.47733152033813797,0.18968750262734424,1.2141929596245757,1.6729793302630513,0.04756547776381259,26729.793302630547
H1,10,2.0,D1,50,long,1.0,1848,87.34239130434783,0.39062032981706596,0.21755560581919664,1.1420302802612514,0.35119047619047616,0.00040723736288370276,0.4743953957115491,0.19271033575273677,1.2058997749801386,1.5805149014931557,0.04582389423595523,25805.149014931547
H1,10,2.0,D1,50,short,0.0,1565,74.48739249413605,-0.2800798335854167,0.4397266981694873,0.9045502947354825,0.3022364217252396,-0.00029349647918600546,-0.1345890655506627,0.4548524245541975,0.9499709602379977,-0.3024942936443288,-0.016999963040365218,6975.057063556726
H1,10,2.0,D1,50,short,1.0,1511,71.91722048475371,-0.26178155756621013,0.4390486140615568,0.9090890745213607,0.30244870946393115,-0.0002831139045965096,-0.13197137709175671,0.4544402551196598,0.9505861674417171,-0.29634722825427817,-0.016589356362507135,7036.527717457203
H1,10,2.0,D1,80,both,0.0,3298,157.7520298585647,0.09733840883454903,0.4528987027006631,1.0244992356634575,0.33444511825348694,7.231945184779538e-05,0.3722434941996105,0.2659590188735439,1.1104077557499936,1.440111296942307,0.043592198094429824,24401.112969422917
H1,10,2.0,D1,80,both,1.0,3198,153.22963400236128,0.11382789102099589,0.4521169561922196,1.0290915578793307,0.33458411507191993,8.674331491387001e-05,0.37969154696331636,0.260305877642403,1.113570181398603,1.4638917995973926,0.04415323884044553,24638.917995973767
H1,10,2.0,D1,80,long,0.0,1877,89.95856842933998,0.363495700234988,0.24631771920709034,1.126352789781899,0.35215769845498135,0.0003685946825438248,0.49177737338039285,0.22943662296572476,1.2003795657555012,1.783560619704553,0.05028770062539856,27835.606197045614
H1,10,2.0,D1,80,long,1.0,1816,87.10361129349968,0.35855413758933125,0.24340294209338842,1.1264958233425957,0.3513215859030837,0.00037335823332874994,0.4944476870150885,0.2263851650289893,1.203163975599753,1.789452614207856,0.05043483348116884,27894.526142078557
H1,10,2.0,D1,80,short,0.0,1569,75.11826582776249,-0.3157000681037796,0.43948479296329357,0.8923324365214996,0.30911408540471635,-0.0003247215579379371,-0.12374579297468312,0.4620743463433853,0.953722717197467,-0.2906902482750843,-0.01630935123546684,7093.097517249197
H1,10,2.0,D1,80,short,1.0,1527,73.2322413340336,-0.28509178121723194,0.42674423873029266,0.9011617738684938,0.3104125736738703,-0.0003003361539996155,-0.1098782719606219,0.4540610177614609,0.9586939104846494,-0.2645370475676123,-0.014627381179804666,7354.629524323869
H1,10,2.0,D1,120,both,0.0,3287,159.58749833842882,0.140731298390321,0.38631264901926166,1.0350439191439587,0.33343474292668085,0.00010366761493893974,0.3521434566325737,0.25837506899087415,1.099778088878711,1.291478197464436,0.041079796152958314,22914.781974644167
H1,10,2.0,D1,120,both,1.0,3212,155.9461650937126,0.12854838393365184,0.3863126490192609,1.032295702136745,0.33250311332503113,9.647177228557686e-05,0.3504992770441214,0.2591450772512217,1.0998516882988891,1.2847688778714716,0.04093159499744159,22847.68877871451
H1,10,2.0,D1,120,long,0.0,1856,90.11086002924364,0.43515961889785154,0.30164818342520316,1.1540613817655168,0.359375,0.0004533723992912822,0.5227607525522534,0.24161860323806794,1.2167752963708511,1.9677854103816603,0.05423425131325876,29677.854103816444
H1,10,2.0,D1,120,long,1.0,1812,87.97461119234347,0.4035589024961585,0.3016481834252023,1.1438122159900899,0.3576158940397351,0.0004280380930987285,0.5160652061970038,0.24567516395754463,1.2141961891913358,1.9538408109232832,0.053993214995501804,29538.40810923253
H1,10,2.0,D1,120,short,0.0,1553,76.77764618299945,-0.23577793436621972,0.37643172105752865,0.9183850663161217,0.3007083065035415,-0.00024192339461741696,-0.046303947155210995,0.41586849657497726,0.9825727744041893,-0.1586724111982145,-0.00850528127949901,8413.27588801784
H1,10,2.0,D1,120,short,1.0,1521,76.77518656716418,-0.21464227584273682,0.37723415128323956,0.9255330186566796,0.30111768573307035,-0.0002222980605120007,-0.046250908077860885,0.4179618712992794,0.98271599105383,-0.1561044735407462,-0.00853065717699153,8438.955264592543
H1,10,5.0,none,0,both,0.0,955,44.41789761874443,0.46398392866813876,0.31333604020009775,1.2294944933307095,0.38952879581151834,0.0012539388523130366,0.4758543914516098,0.24461071996500272,1.2412352759573575,1.0916492233171593,0.03491866837494251,20916.492233171553
H1,10,5.0,none,0,both,1.0,925,43.04449611415467,0.44379576018632394,0.3133360402000973,1.2213284952180894,0.3945945945945946,0.0012315360723540237,0.4662671024832095,0.2468264787731047,1.2396794065958217,1.0676994450694455,0.034382292899140854,20676.994450694416
H1,10,5.0,none,0,long,0.0,888,41.32271626958848,0.7893386104618684,0.35483873720465886,1.4413857606131335,0.4380630630630631,0.002236726212432289,0.7822529269428388,0.2378682895910721,1.4367286393457588,2.169509035549461,0.05514818745490957,31695.09035549467
H1,10,5.0,none,0,long,1.0,852,39.64747101541598,0.760666261598981,0.3548387372046583,1.4341467622348998,0.4413145539906103,0.0022209024473266456,0.7523900407615585,0.24506682897159549,1.429717788395933,2.0743326270401994,0.05365221922263941,30743.32627040195
H1,10,5.0,none,0,short,0.0,889,41.337651177593884,-0.07103590822493402,0.3951302374465784,0.9678594193429184,0.34533183352080987,-0.0001959846697845535,-0.04582862104016078,0.25071963450347745,0.9788064040229458,-0.11024998275525477,-0.005417048243141487,8897.500172447473
H1,10,5.0,none,0,short,1.0,850,39.55944189602447,-0.08885186052339523,0.39513023744657916,0.9590911965503651,0.34705882352941175,-0.00025377972728409583,-0.057575986085807676,0.2518435162982716,0.9729463198026529,-0.12374968678103171,-0.00612930349362073,8762.503132189699
H1,10,5.0,H4,20,both,0.0,685,31.859957977842864,0.13630973387798426,0.46221395463684223,1.0753199036591592,0.3781021897810219,0.0004319384878280285,0.164964959631408,0.370742921199264,1.0949807092047172,0.21727344944693128,0.009186607686258563,12172.734494469278
H1,10,5.0,H4,20,both,1.0,657,30.573225888648235,0.10706707620557449,0.46221395463684223,1.0598765804893848,0.3835616438356164,0.00034935226228482834,0.08308846112906428,0.363705708533291,1.0447873756563337,0.07380033339473369,0.00331894775880337,10738.00333394733
H1,10,5.0,H4,20,long,0.0,552,25.68709389731176,0.5352473112494766,0.3040547147012004,1.3849856582291922,0.41847826086956524,0.0020167533830451182,0.5345084938750592,0.257287458915329,1.3873859630615037,1.0312834791784997,0.03352735497748638,20312.834791785015
H1,10,5.0,H4,20,long,1.0,531,24.709867499044464,0.5166041621583749,0.3040547147011997,1.3789846981996585,0.4199623352165725,0.0020036385406894588,0.5235709014954313,0.25690883564201994,1.387989571817753,0.9960116217495165,0.03268522940600915,19960.11621749518
H1,10,5.0,H4,20,short,0.0,496,23.10470603239383,-0.37120734328569277,0.4866757300511696,0.804606472383029,0.33669354838709675,-0.001187336815589569,-0.246238013791859,0.28547231645790483,0.8601569765839877,-0.24927074308211072,-0.013266764618941607,7507.292569178883
H1,10,5.0,H4,20,short,1.0,469,21.869302949061662,-0.38355402131375405,0.4795675461213691,0.794286399628363,0.3411513859275053,-0.0012776318772823717,-0.24890867156982052,0.28425921361409,0.8558794699155656,-0.24899218318948602,-0.01326315461269989,7510.078168105144
H1,10,5.0,H4,32,both,0.0,560,26.03946530872056,0.4256344682415933,0.177731992311276,1.2879821182727724,0.4017857142857143,0.0014907473679431282,0.4399971696918168,0.09293771340952683,1.3028546252947244,0.6830193496382118,0.02450227635051805,16830.193496382137
H1,10,5.0,H4,32,both,1.0,543,25.258628374936322,0.39905590146793424,0.177731992311276,1.2716818271320731,0.40331491712707185,0.0014328577447862423,0.4233712677325181,0.0901007466781435,1.294478066421053,0.6522546927170574,0.023632924666018074,16522.546927170548
H1,10,5.0,H4,32,long,0.0,402,18.797913199334275,0.5647498917521899,0.18073916413748248,1.4646593365181735,0.42786069651741293,0.002249160701511615,0.506455768524505,0.13268924670660853,1.4044350731292452,0.6597113865445687,0.023974020892747694,16597.113865445703
H1,10,5.0,H4,32,long,1.0,387,18.096498527717323,0.5647202292306954,0.18073916413748226,1.4760763550717824,0.4315245478036176,0.002313243559683092,0.5067119736394898,0.13170164953236496,1.412531358898672,0.6537735345712747,0.023802423390583805,16537.735345712717
H1,10,5.0,H4,32,short,0.0,390,18.134627625716103,0.12793120793653728,0.19759741960759125,1.0989690352208406,0.3641025641025641,0.0005690716304976917,0.24282971313439572,0.11289561642990142,1.200693942278845,0.2683469503633784,0.011114810009104081,12683.469503633789
H1,10,5.0,H4,32,short,1.0,370,17.299347158218126,0.1268376534170691,0.19759741960759103,1.1004307316333921,0.36486486486486486,0.0005896966066284122,0.23648424863047637,0.11330952412736917,1.1991279636576169,0.2594289724396768,0.01084279434292168,12594.289724396747
H1,10,5.0,H4,50,both,0.0,501,23.403280470648422,0.16512036359137888,0.26597461880140283,1.1075273511916557,0.36327345309381237,0.0005931789471106845,0.2536876086156426,0.18691427418053908,1.185153783497463,0.34375874695160724,0.013898056013722071,13437.587469516035
H1,10,5.0,H4,50,both,1.0,481,22.469017777209363,0.13466038820429171,0.26597461880140283,1.088762786984334,0.3659043659043659,0.0004962164617424408,0.23938266080670823,0.18469177429209693,1.1790455801414361,0.3209497813592359,0.013087550192907527,13209.497813592377
H1,10,5.0,H4,50,long,0.0,332,15.508760711088375,0.42990673969674104,0.18707976524207726,1.4129911737243073,0.4246987951807229,0.002098830283345147,0.4251012547764014,0.1570265848311605,1.407335362831536,0.5453161537175963,0.02053896872417571,15453.161537175987
H1,10,5.0,H4,50,long,1.0,320,14.94820309502494,0.4023545967233552,0.18707976524207715,1.3915491816362024,0.425,0.0020126182244640384,0.4024168150194993,0.15915171680437168,1.3915343856842213,0.5100865902798508,0.019440158384260053,15100.865902798518
H1,10,5.0,H4,50,short,0.0,315,14.792202365646695,-0.4110202424493766,0.395708506047477,0.7509236029844413,0.31746031746031744,-0.001505552724982037,-0.28850797520643184,0.27760337737752483,0.8035215688399966,-0.2219018121187053,-0.011713088039600805,7780.981878812938
H1,10,5.0,H4,50,short,1.0,300,14.087811776806376,-0.4133386821792267,0.3923445886823387,0.7447505074971533,0.3233333333333333,-0.001565425380745957,-0.2905799075473843,0.2787978640732227,0.7987631878264743,-0.2215331830744921,-0.011691106280136032,7784.6681692550665
H1,10,5.0,H4,80,both,0.0,488,22.796009719913034,0.4557660120798971,0.17123528216192807,1.333363209006979,0.41598360655737704,0.0016718420387664252,0.5456046181217722,0.1435462676664756,1.4444123125879227,0.9002528591806405,0.030443429187503313,19002.528591806447
H1,10,5.0,H4,80,both,1.0,464,21.674894487786162,0.46052142424294507,0.17123528216192874,1.348046389803825,0.4224137931034483,0.001757352566660473,0.5497750380610373,0.14189486860624645,1.461410926882905,0.9047433639241131,0.030557050090084248,19047.433639241135
H1,10,5.0,H4,80,long,0.0,291,13.593522189538305,0.7114453597875646,0.11948085174416223,1.8294843381143961,0.4845360824742268,0.0038045234585101628,0.8425950952904983,0.07318305747513731,2.0836423599876372,1.3801600788753925,0.04133976917559834,23801.60078875397
H1,10,5.0,H4,80,long,1.0,274,12.799398900115104,0.748419631429266,0.11948085174416234,1.927088915938266,0.5036496350364964,0.004199138536841392,0.8747323066635777,0.0724365819579772,2.171781399442668,1.4184252009041534,0.04211587750020973,24184.252009041484
H1,10,5.0,H4,80,short,0.0,289,13.722991419656788,-0.08477034982001024,0.3081473242138182,0.937890804229434,0.34256055363321797,-0.0003429597330558154,-0.07537468844517269,0.22501874744060335,0.9425066541964441,-0.06920563334723429,-0.003399641995199598,9307.943666527653
H1,10,5.0,H4,80,short,1.0,275,13.129901960784315,-0.1393143681478207,0.30814732421381885,0.8982299361421693,0.3418181818181818,-0.0005778449626440914,-0.11922707562059819,0.22457926993880584,0.9101911998179674,-0.0977925518191134,-0.004901434735157695,9022.074481808853
H1,10,5.0,H4,120,both,0.0,537,25.123510951710006,0.5453213880135606,0.20100134167757033,1.4167835213480664,0.4171322160148976,0.0021573182427067085,0.5919737096204271,0.12970847329210577,1.4606273253211286,1.1321911464007646,0.03605809875511112,21321.911464007637
H1,10,5.0,H4,120,both,1.0,514,24.04745741001665,0.4982997098228742,0.20100134167756922,1.385744454843912,0.4143968871595331,0.002040778104830352,0.5614425655698482,0.1313700250811901,1.4442810893784057,1.0435192273319438,0.03400121511920595,20435.19227331944
H1,10,5.0,H4,120,long,0.0,311,14.550115281157936,0.5781574793117495,0.23751926665591727,1.6066870807737736,0.4533762057877814,0.003010477268342052,0.6252757269401342,0.17178158805263333,1.713317312356935,0.9594234520743767,0.03197031320030019,19594.234520743732
H1,10,5.0,H4,120,long,1.0,294,13.754771359036763,0.5537224952755371,0.23751926665591694,1.5974853701427776,0.45918367346938777,0.003010626138148586,0.5975502664727574,0.16747610514797495,1.6995508728077098,0.8956643512943616,0.03037437994416492,18956.64351294363
H1,10,5.0,H4,120,short,0.0,279,13.106720257234727,0.17504488495301881,0.22601022476721067,1.170317663898815,0.3655913978494624,0.0009320067192457026,0.19341882301782598,0.11661019193739586,1.1890949084023277,0.1726029437893173,0.007508084261975245,11726.02943789317
H1,10,5.0,H4,120,short,1.0,268,12.589967845659164,0.1476528680217357,0.2260102247672109,1.1456103814134433,0.3582089552238806,0.0008133306746666363,0.16610426836121342,0.11821487175432777,1.1625287807956364,0.1427343472595708,0.006287606631156573,11427.343472595709
H1,10,5.0,D1,20,both,0.0,592,27.696682464454977,0.7405611383855901,0.1988866032805574,1.564826887199562,0.42567567567567566,0.002963582466927781,0.7446131686129395,0.13721955482551296,1.587907424173103,1.6789207121278462,0.04718177429025472,26789.207121278563
H1,10,5.0,D1,20,both,1.0,567,26.527059049570898,0.7049249264712453,0.19888660328055752,1.5468376978051328,0.42504409171075835,0.0029227870529658496,0.7186926768059386,0.13901046357711877,1.5811063435557173,1.6166775312985182,0.046030666327258274,26166.775312985174
H1,10,5.0,D1,20,long,0.0,349,16.327942871781733,0.7324050791721703,0.22253961018960755,1.7563961631255895,0.4584527220630373,0.0036515809869641373,0.7138701944519216,0.14738260014002535,1.7784303716981087,1.1649702179059171,0.0367978719018327,21649.70217905917
H1,10,5.0,D1,20,long,1.0,331,15.485814013065198,0.7017577314704949,0.22253961018960777,1.743460057046557,0.4622356495468278,0.003645621801256839,0.6874559788695619,0.14531035233716816,1.7675048979487837,1.0946677450121256,0.03519782704279928,20946.677450121246
H1,10,5.0,D1,20,short,0.0,308,14.534496124031007,0.19825788096288735,0.20655654833896464,1.183494080852052,0.36688311688311687,0.0010658081242132173,0.2416802271090046,0.09519890812241938,1.2329650252438897,0.24024443648028737,0.010212182812768367,12402.444364802877
H1,10,5.0,D1,20,short,1.0,299,14.109786821705425,0.17620709456095007,0.20655654833896342,1.1645403049203622,0.3612040133779264,0.0009714650475377674,0.22445050743895462,0.09628141658024147,1.2193859241761942,0.22024767604444806,0.00943759165222735,12202.476760444504
H1,10,5.0,D1,32,both,0.0,652,30.660872923908844,0.5922750296199422,0.2640773693722296,1.3849718301983174,0.4217791411042945,0.00206595651129847,0.6572666146703752,0.13519414580553046,1.4470412771126744,1.3497672927554523,0.040992905635661714,23497.67292755443
H1,10,5.0,D1,32,both,1.0,625,29.39117419853225,0.5634670837795247,0.26407736937222925,1.3728715375810865,0.4224,0.0020339998443409967,0.6452702528328326,0.13780387098349434,1.4508270018251161,1.3280639927432794,0.04053875045927824,23280.63992743273
H1,10,5.0,D1,32,long,0.0,379,17.825103013134175,0.8011717432650265,0.19809143599922308,1.7994903658924857,0.47229551451187335,0.0037935712605310134,0.8153900148501574,0.12840595263127064,1.8701653734166315,1.4809836242185734,0.0436621301486495,24809.836242185676
H1,10,5.0,D1,32,long,1.0,360,16.931496265773884,0.7709436160195421,0.19809143599922385,1.791734299044963,0.4777777777777778,0.003795508323196833,0.8076842109994503,0.12742542919207056,1.8488355062696722,1.379189769014074,0.041607714681450636,23791.897690140686
H1,10,5.0,D1,32,short,0.0,327,15.445073063494116,0.006915827629900147,0.32808313375922726,1.0051419561352046,0.3577981651376147,3.088359547599766e-05,0.10049643621571173,0.16838992028133581,1.083333305917993,0.07805480398074716,0.0035562337860413074,10780.548039807469
H1,10,5.0,D1,32,short,1.0,317,14.972746670115091,-0.023160391556286145,0.32808313375922726,0.9827023646703548,0.3501577287066246,-0.00010623858974686526,0.07631794103642597,0.17041461323904716,1.0637330493098172,0.05361166618332236,0.002469719460224562,10536.11666183322
H1,10,5.0,D1,50,both,0.0,694,32.813398058252425,0.4297328695324787,0.28339413970662997,1.2532633748720365,0.4034582132564842,0.0014330147847254227,0.5195041650532826,0.14084716621629345,1.3243228774718294,1.0387893506086434,0.03425494395402806,20387.893506086355
H1,10,5.0,D1,50,both,1.0,666,31.489514563106795,0.4217922124992837,0.2833941397066285,1.2541465840733863,0.4099099099099099,0.0014515078368964208,0.516016398206323,0.13515526849725912,1.3294226261004456,1.0246219822984397,0.03391400399665545,20246.21982298437
H1,10,5.0,D1,50,long,0.0,410,19.385436893203885,0.6327482919454213,0.1524469243860208,1.5519841665796654,0.44390243902439025,0.002844327472060257,0.6757973989759882,0.1043506002936937,1.6243190123842637,1.1930908976268477,0.037828726092250964,21930.90897626845
H1,10,5.0,D1,50,long,1.0,392,18.534368932038834,0.6227686477710438,0.1524469243860207,1.5584371511513748,0.45153061224489793,0.0029009895659370655,0.6701923776639179,0.10413637108265783,1.6349489840474116,1.16765220519046,0.03725636929474785,21676.522051904576
H1,10,5.0,D1,50,short,0.0,317,15.103606835376988,-0.0447017464024902,0.2819792073901216,0.9667318491340782,0.35331230283911674,-0.00020627489527553299,-0.0011184270158900698,0.18203517956708937,0.9991235708693634,-0.020183154324698083,-0.0009710006960481632,9798.168456753014
H1,10,5.0,D1,50,short,1.0,306,14.579506913644664,-0.042026068946898455,0.2819792073901204,0.9682100858292293,0.35947712418300654,-0.0001989939235675348,-0.0005190636518231754,0.18192174845747233,0.9995877839116745,-0.019436262277202077,-0.0009347300870357067,9805.637377227951
H1,10,5.0,D1,80,both,0.0,716,34.35614818707304,0.5029849385775956,0.15684135390414577,1.297398983128069,0.3994413407821229,0.0016214461336876366,0.6173309723144323,0.09460153117059222,1.392241498681023,1.3707703249388294,0.04228980472233501,23707.703249388233
H1,10,5.0,D1,80,both,1.0,692,33.23073889034973,0.5190179294264345,0.156841353904146,1.314426279929401,0.4060693641618497,0.0017211982857866528,0.6238168802215047,0.0942002539161122,1.4036536009113785,1.3762543829190812,0.042439518155984235,23762.543829190738
H1,10,5.0,D1,80,long,0.0,411,19.721196794534944,0.6089039080625313,0.1599520656137272,1.5075506634446945,0.44768856447688565,0.002637089493242715,0.7317843372542489,0.09088214802326255,1.658027207812989,1.2471173578496804,0.03961423102128547,22471.173578496804
H1,10,5.0,D1,80,long,1.0,394,18.920391795950565,0.6192973628639691,0.159952065613727,1.533360865304014,0.45685279187817257,0.0027737377611807123,0.7393457141867733,0.0892618700463027,1.683923905397786,1.251346841544973,0.03973997632658888,22513.46841544968
H1,10,5.0,D1,80,short,0.0,332,16.429074651131284,0.053514196124673785,0.22591699270887677,1.0412808963413318,0.3373493975903614,0.00024041943869949724,0.19724468673084392,0.11476369837043687,1.1724465785981748,0.1968060226812367,0.008929960883516497,11968.060226812353
H1,10,5.0,D1,80,short,1.0,324,16.033193334236554,0.057147637284530234,0.22591699270887733,1.044657885094759,0.3395061728395062,0.00026248709857646594,0.19768455244875588,0.11473634893347329,1.1743606245255447,0.19712828677155336,0.008943403029747499,11971.282867715496
H1,10,5.0,D1,120,both,0.0,734,35.67919882885281,0.3820355579381844,0.3380137354320588,1.2081731895293533,0.391008174386921,0.0011596858699208146,0.4697674741692072,0.20660153870753628,1.2682767472797536,0.8971303257671079,0.03161606875383893,18971.30325767105
H1,10,5.0,D1,120,both,1.0,718,34.93864908073541,0.3599834065001623,0.3380137354320599,1.19749367066912,0.39136490250696376,0.0011107559503856343,0.4625352345848414,0.20834855337088787,1.2674707570863235,0.8765724762773575,0.031103474663477737,18765.724762773527
H1,10,5.0,D1,120,long,0.0,418,20.31867181261645,0.6609157411702304,0.1916258055521275,1.546160319510884,0.4473684210526316,0.002916777513213063,0.7469815678183153,0.13424319379666239,1.6462511788133412,1.290764281456123,0.041114228786506724,22907.642814561208
H1,10,5.0,D1,120,long,1.0,407,19.80505595523581,0.6295713147292119,0.19162580555212716,1.524196466443345,0.44717444717444715,0.002833544604608016,0.7274596072712575,0.13063783271683338,1.6348000105562563,1.226222524545201,0.03971200612149173,22262.22524545201
H1,10,5.0,D1,120,short,0.0,333,16.548061224489796,-0.24156101397693797,0.3251058785447327,0.8429497900747343,0.32732732732732733,-0.000911031517858342,-0.13462939620875575,0.22075136717881394,0.9066615071645292,-0.1253277116509608,-0.006632217009478025,8746.722883490413
H1,10,5.0,D1,120,short,1.0,328,16.29959183673469,-0.23198214827834107,0.32510587854473216,0.8478518025845618,0.32926829268292684,-0.0008874994059275077,-0.13206264556398073,0.2206785079940583,0.9081099828499649,-0.12308209094740241,-0.0065056341923739325,8769.17909052597
H1,10,1.5,none,0,both,0.0,6377,295.95924396442183,0.03249380120391256,0.6367035083087396,1.006091394469267,0.305159165751921,1.432113467737492e-05,0.23955999124795418,0.6836153594838073,1.0518055986580834,0.9132349135010756,0.030568787132478015,19132.349135010678
H1,10,1.5,none,0,both,1.0,6147,285.2848475222363,0.02030519817254677,0.6347105234809165,1.00387365324827,0.30502684236212785,9.206941315868146e-06,0.23953048533444563,0.6861203126332134,1.0521066125469463,0.9143558783630235,0.030596802407244494,19143.558783630102
H1,10,1.5,none,0,long,0.0,5256,243.9331639135959,0.4457785723137609,0.40372009944141984,1.0954673318163093,0.316400304414003,0.00021359315265235618,0.5001353534502399,0.4118335961723407,1.1122026606398376,2.402723937091262,0.05847913349303613,34027.239370912095
H1,10,1.5,none,0,long,1.0,5041,233.95492376111815,0.42425858003986777,0.4037200994414185,1.0926754995657992,0.3156119817496528,0.00021005471160299223,0.4891542133019281,0.41982384467098455,1.1105825858011968,2.3591088547372325,0.05784559052106797,33591.088547372034
H1,10,1.5,none,0,short,0.0,5256,243.9331639135959,-0.3707018943186287,0.6549357461940755,0.9264942324070469,0.283675799086758,-0.0001719022230413127,-0.2507701182665267,0.8080436221885,0.9473475117361937,-0.796864595135204,-0.07130300444471682,2031.3540486479872
H1,10,1.5,none,0,short,1.0,5049,234.35598551277164,-0.3358177627045735,0.6354988145416172,0.9318860168582526,0.28599722717369774,-0.00016074434000662094,-0.2587576154374269,0.8104056324433107,0.9455952532321208,-0.7932762527797851,-0.07055661204681007,2067.2374722021455
H1,10,1.5,H4,20,both,0.0,3579,166.3142175572519,0.10622517498959447,0.5087609533071845,1.0282213601146022,0.29812796870634256,6.458715768449634e-05,0.22124481845551308,0.6713126310517432,1.0697928993859354,0.752101366475338,0.026403365041589133,17521.01366475339
H1,10,1.5,H4,20,both,1.0,3435,159.6226145038168,0.09193716457033997,0.5087609533071853,1.0248940632323145,0.29839883551673946,5.773161719534974e-05,0.21997231117788724,0.6772273802347013,1.0698122809092137,0.7451644860648252,0.026214169089017414,17451.64486064798
H1,10,1.5,H4,20,long,0.0,2022,94.05699184921039,0.3147497518433342,0.3708181805165558,1.1157045906893,0.31008902077151335,0.0002551624591954468,0.3754848066559002,0.4668544855205632,1.165336706636172,1.286895112728636,0.039228359639885246,22868.951127286382
H1,10,1.5,H4,20,long,1.0,1934,89.96351248089658,0.3045701443832011,0.3708181805165548,1.1144161606506295,0.30920372285418823,0.00025633378853756584,0.3730406410798213,0.4724227511122714,1.1655342213982767,1.2806117851493135,0.03909536507513134,22806.117851493083
H1,10,1.5,H4,20,short,0.0,1870,86.94214613034623,-0.1841760404778369,0.3454837629664158,0.9356176701211693,0.2807486631016043,-0.00014998084296572443,-0.2559830718785247,0.5358304581970437,0.9122266228491688,-0.483725279916861,-0.030269771758978714,5162.7472008313935
H1,10,1.5,H4,20,short,1.0,1802,83.79127943984723,-0.18854773362971042,0.3454837629664146,0.9329474456527813,0.2824639289678135,-0.00015766301889659444,-0.2561321472925598,0.5352219537733278,0.9114997318515574,-0.48369377398700064,-0.030270814755152697,5163.062260129979
H1,10,1.5,H4,32,both,0.0,3895,181.09072683299388,0.19773360360282888,0.44403973368980276,1.0498084843226108,0.30115532734274714,0.00011406689601383369,0.3155916994584173,0.4340126959661307,1.0827885528591719,0.9545707997144168,0.03164882954712933,19545.707997144236
H1,10,1.5,H4,32,both,1.0,3733,173.5588403767821,0.22207971787815975,0.44403973368980265,1.0573511118356658,0.30163407447093493,0.00013285686806172321,0.32512814866403966,0.42539393948223025,1.086229764885567,0.9807723624028777,0.0322877342476009,19807.723624028786
H1,10,1.5,H4,32,long,0.0,2076,96.61811926605505,0.41532681209926464,0.3632923981207248,1.1446930141461058,0.3246628131021195,0.0003202217600451946,0.4824877999688327,0.3787764798937593,1.1721403601172573,1.2784698485104533,0.03907023539989285,22784.698485104567
H1,10,1.5,H4,32,long,1.0,1981,92.19676987767583,0.4151693315357288,0.36329239812072556,1.1484446505516055,0.3220595658758203,0.0003330520294700661,0.48370043727021256,0.37871969119347715,1.1746215086967917,1.2799298808605069,0.03910121406441691,22799.298808604966
H1,10,1.5,H4,32,short,0.0,2016,93.74207511139402,-0.0651061824249932,0.3669546046414536,0.9774260955715929,0.2787698412698413,-5.2760556346906664e-05,-0.051638538007113655,0.3969611855537205,0.9816238174990201,-0.1824541594670448,-0.009323418659152205,8175.4584053295775
H1,10,1.5,H4,32,short,1.0,1939,90.16164863144493,-0.036714531384577746,0.3669546046414539,0.9869740151674379,0.2821041774110366,-3.075802587400716e-05,-0.03213890169968945,0.3912562156942936,0.9883980531339542,-0.14464339050895791,-0.007238537158585134,8553.566094910415
H1,10,1.5,H4,50,both,0.0,4187,194.9148292123375,0.11516227370775341,0.42726073435936807,1.0270908119133366,0.2959159302603296,6.182814696163255e-05,0.24456925168206292,0.4966620607162626,1.0604915101717594,0.7824687626584559,0.027272516018292725,17824.687626584473
H1,10,1.5,H4,50,both,1.0,4013,186.8385277246654,0.10903228798937899,0.4272607343593654,1.0262068850377986,0.29529030650386245,6.0513038082224e-05,0.23060062710999438,0.5367886959803676,1.057526470847405,0.7070767034471406,0.025211125696213754,17070.76703447127
H1,10,1.5,H4,50,long,0.0,2214,103.13269991072568,0.40450491036928765,0.3288082219609446,1.147111228429642,0.31255645889792233,0.0003161088901879532,0.44425049075159867,0.40976911395477655,1.1816196971807047,1.629586811524352,0.04606634291411149,26295.868115243575
H1,10,1.5,H4,50,long,1.0,2105,98.06776147959184,0.39669074063896553,0.32880822196094706,1.148416765600118,0.3106888361045131,0.000323140601567464,0.44483398559666104,0.40984961683336485,1.1839995686077969,1.6318726467709683,0.046114698145073074,26318.726467709617
H1,10,1.5,H4,50,short,0.0,2122,98.85975765306122,-0.20150466346719026,0.42041361492511986,0.9359727693012,0.2747408105560792,-0.00015532495928560975,-0.1591020136731012,0.4854088461036826,0.9479733590582734,-0.40981541524599197,-0.02426747905259552,5901.845847540063
H1,10,1.5,H4,50,short,1.0,2050,95.50542091836735,-0.19516114185354502,0.4124540582211407,0.9369210889383294,0.27658536585365856,-0.0001545705413041045,-0.1585160127688908,0.4861639499135897,0.9478172326272358,-0.40776256090144547,-0.024109624857654777,5922.3743909855375
H1,10,1.5,H4,80,both,0.0,4413,205.80289198161387,0.3796091140827265,0.3266198948376169,1.0885523685190561,0.3086335825968729,0.00019898251510808894,0.4170304642248343,0.29152430306678956,1.100616517147195,1.4142016206207044,0.04195958148138845,24142.016206207027
H1,10,1.5,H4,80,both,1.0,4245,197.9681115934627,0.3675989397585794,0.32661989483761733,1.0873925923590784,0.3083627797408716,0.0001984604007545663,0.4144621897553066,0.29434241637100966,1.1010278029283465,1.4088385687111025,0.04185152092688238,24088.385687111095
H1,10,1.5,H4,80,long,0.0,2349,109.71512148337595,0.41466650095673047,0.2550081848536292,1.1320636665406527,0.31800766283524906,0.0002883551415491818,0.4528478631259772,0.291854124302514,1.150890264329341,1.2707360822643845,0.039047815482284864,22707.36082264387
H1,10,1.5,H4,80,long,1.0,2233,104.29709079283887,0.42210834459049734,0.25500818485362853,1.1383376273936139,0.31840573219883567,0.000306045824954454,0.4567019913926852,0.2902408079901595,1.154197591913017,1.2768301856693767,0.039177894493454435,22768.301856693735
H1,10,1.5,H4,80,short,0.0,2172,101.29251787538304,0.1391214907279091,0.24747922602025674,1.0466453298343945,0.2969613259668508,0.00010778538822460486,0.1252523943561129,0.23461225642862937,1.0421543151482082,0.16554522777169,0.007169639489662538,11655.452277716946
H1,10,1.5,H4,80,short,1.0,2119,98.82083120531153,0.116951948982659,0.24747922602025774,1.0395611542928909,0.2963662104766399,9.202157628934665e-05,0.1180613765457346,0.23606651047922078,1.0399805628326892,0.15106496718285456,0.006582619832293579,11510.649671828534
H1,10,1.5,H4,120,both,0.0,4564,213.38978494623655,0.27970206088548083,0.3374940765367116,1.0650904406717654,0.2957931638913234,0.0001507301060943218,0.4179420888161081,0.3416973220732139,1.106518031125931,1.8619960534873972,0.050392366657111776,28619.960534873928
H1,10,1.5,H4,120,both,1.0,4380,204.81308411214954,0.27400626445481957,0.32833603916216536,1.0651042703638194,0.295662100456621,0.00015259512182782512,0.41419553969532624,0.3426652137684725,1.1066632000776662,1.8430771993911859,0.050073264553932795,28430.771993911938
H1,10,1.5,H4,120,long,0.0,2432,113.76639344262296,0.38594891940687176,0.337747814544899,1.1253648630114972,0.3100328947368421,0.000277801386442353,0.416457701937873,0.4132375270029619,1.1598537038737957,1.4795187659238702,0.04339341322493118,24795.187659238683
H1,10,1.5,H4,120,long,1.0,2318,108.46137586471944,0.37738534017708997,0.3377478145448978,1.1258030794924796,0.3088869715271786,0.00028272855116792065,0.410821231777543,0.42059032185523415,1.159327741184371,1.4579740435543975,0.042978785335683556,24579.74043554386
H1,10,1.5,H4,120,short,0.0,2214,103.71469796075414,0.0334671080842833,0.31818121133643273,1.0109878141292885,0.2804878048780488,2.6412111214959558e-05,0.16614674033234472,0.26735252721140934,1.0575799826407417,0.28090098504457717,0.011664615094098219,12809.009850445742
H1,10,1.5,H4,120,short,1.0,2141,100.29501731435167,0.036011623612596924,0.31172486943114774,1.01201097162774,0.28164409154600656,2.9143739766598465e-05,0.16693560192840506,0.266874160144026,1.0583169531295082,0.2824682451757552,0.011722567525021876,12824.682451757544
H1,10,1.5,D1,20,both,0.0,4860,227.22926267281105,0.11668111269151923,0.5489800480848995,1.025549900637005,0.3041152263374486,5.9244122276195514e-05,0.28082551722392046,0.5537489127411054,1.0718735758188855,1.1576846054902186,0.03661050257378706,21576.846054901987
H1,10,1.5,D1,20,both,1.0,4667,218.2334848290872,0.10903273340120284,0.538537019442026,1.0243520328300184,0.3044782515534605,5.7106145241808847e-05,0.2825123010134774,0.5416143606614996,1.0728272789193622,1.166319814269369,0.03680889832939771,21663.198142693695
H1,10,1.5,D1,20,long,0.0,2791,130.49318356374806,0.42226086046146716,0.20232984339546634,1.1273221221970096,0.32139018273020425,0.00028233851003821146,0.4521635413594175,0.25007013412532486,1.1591758128754421,1.6323289775975631,0.04629223242605596,26323.289775975627
H1,10,1.5,D1,20,long,1.0,2662,124.49366197183099,0.42182434037079364,0.20232984339546622,1.130587399175337,0.32156273478587527,0.00029307712278558155,0.4531352983862254,0.24977381085007033,1.1616023303891827,1.633908256608414,0.04633370624663713,26339.08256608407
H1,10,1.5,D1,20,short,0.0,2462,115.33224317045017,-0.2236107840363966,0.4714036021258784,0.9343479596861821,0.28310316815597075,-0.00015713220709484717,-0.11959799770092196,0.46860671884441185,0.9631906262878811,-0.3523967320058353,-0.020147324423727242,6476.0326799416325
H1,10,1.5,D1,20,short,1.0,2383,111.63149288187763,-0.22777353786768983,0.467683299422636,0.9321588111497527,0.28451531682752834,-0.0001637309498910676,-0.11934469467124154,0.46848106325085326,0.9630112271548402,-0.35151010024735185,-0.020084522273118854,6484.898997526482
H1,10,1.5,D1,32,both,0.0,4918,230.94619439444585,0.09847917107017774,0.5153550652157544,1.0214841767910752,0.2989019926799512,4.9929592408406736e-05,0.22873564614021458,0.4884963544357135,1.0604131237099987,0.7601488826315921,0.02690636557279036,17601.48882631603
H1,10,1.5,D1,32,both,1.0,4733,222.25871046541528,0.08368862612050917,0.5090919194818213,1.0185779689044754,0.2993872807944221,4.367054207282354e-05,0.22242250587057227,0.48673845395036186,1.0593793487880148,0.7214553905703975,0.025835011847847422,17214.553905703815
H1,10,1.5,D1,32,long,0.0,2871,135.0634659969088,0.27566615436942443,0.33002914722797383,1.0820773425110963,0.30790665273423895,0.00018750896040525117,0.34870207950279064,0.2839622374738897,1.1236893112447648,1.2216470992134711,0.03826687709640564,22216.4709921345
H1,10,1.5,D1,32,long,1.0,2750,129.42114418245072,0.26993161512500885,0.3300291472279747,1.0822208698055966,0.308,0.00019009891072113653,0.3460815075845397,0.2886504253185842,1.1239471655743785,1.2115817023102688,0.03806008666564886,22115.817023102314
H1,10,1.5,D1,32,short,0.0,2346,110.16668809462587,-0.173180543593705,0.4612798791694517,0.9471679536718977,0.2826086956521739,-0.0001242553780384741,-0.201715668919628,0.5343827898556297,0.9379821066564699,-0.42153737921211365,-0.0253771318323176,5784.626207878885
H1,10,1.5,D1,32,short,1.0,2262,106.22210079712008,-0.17977095561897977,0.4612798791694499,0.9442851307963018,0.28426171529619804,-0.00013224502727390795,-0.20507772917742437,0.5357137373318841,0.9365026934253485,-0.4258453090029072,-0.025719188576503127,5741.54690997096
H1,10,1.5,D1,50,both,0.0,4931,233.05483307453414,0.21232665683470686,0.3602202478580776,1.0464951157965008,0.30135875076049484,0.00010731480213134334,0.3387320208939004,0.34717537010719113,1.0840189519657337,1.2664703976297882,0.03942936056472379,22664.70397629776
H1,10,1.5,D1,50,both,1.0,4754,224.68924689440993,0.22740711339784528,0.3602202478580786,1.050792414082175,0.30269246949936895,0.00011840526898988255,0.34315110324850157,0.3446538966032763,1.0860396755815827,1.27926896575622,0.03970603171827114,22792.68965756192
H1,10,1.5,D1,50,long,0.0,2819,133.23495729813664,0.5438857677646926,0.19928718171824045,1.167137476432972,0.31997162114224903,0.0003717096656414067,0.5426673459132977,0.21944879550239982,1.187282140772944,1.8787204747541533,0.051243290807698294,28787.20474754136
H1,10,1.5,D1,50,long,1.0,2706,127.89421583850931,0.528035929075396,0.19928718171824056,1.165449742309896,0.3203991130820399,0.0003725562837297798,0.5378623870464657,0.22170450799210928,1.1874160838978183,1.8687020248880666,0.0510700905993251,28687.020248880486
H1,10,1.5,D1,50,short,0.0,2335,111.13614151681,-0.2634669330923875,0.45442760760656675,0.9202199071545422,0.2779443254817987,-0.0001908508456827905,-0.19155877999790905,0.5063333283577706,0.9406020614769997,-0.4183557378631083,-0.02546220194751725,5816.44262136892
H1,10,1.5,D1,50,short,1.0,2263,107.70924550430023,-0.22586988369782807,0.450582922967505,0.9301771910612144,0.2801590808661069,-0.00016820269089137376,-0.18821675039795413,0.5095606887822501,0.9412282429389719,-0.4049722746590746,-0.024406444689520912,5950.27725340928
H1,10,1.5,D1,80,both,0.0,4931,235.86272262964903,0.07651269383773046,0.45211922247699254,1.016320224627228,0.3064287162847293,3.76748591470635e-05,0.28431984140356625,0.44300434087862217,1.0682502447886297,1.1325307573822578,0.03688819243683095,21325.30757382248
H1,10,1.5,D1,80,both,1.0,4787,229.00481335952847,0.08219249819515839,0.44956413428614983,1.017797024817041,0.30645498224357637,4.146945883550948e-05,0.28638987391943066,0.4398303609496206,1.0692027649882274,1.1406894087738153,0.03708254181814441,21406.894087738212
H1,10,1.5,D1,80,long,0.0,2782,133.33230547172286,0.45777278110908076,0.25661786358408367,1.1351389658349318,0.32458662832494606,0.0003054037160441618,0.5170360487341585,0.28790877014522887,1.172009216595747,1.9499208455384096,0.0532136971006274,29499.208455383996
H1,10,1.5,D1,80,long,1.0,2693,129.18548069345943,0.4476089629863066,0.25661786358408156,1.1340731546328604,0.3234311177125882,0.0003063385696351077,0.511902991622516,0.29093642917212914,1.1713517288562818,1.9301106714830811,0.05292350382179967,29301.106714830654
H1,10,1.5,D1,80,short,0.0,2327,111.30654138292299,-0.41655396420661395,0.534857418768025,0.8776661450729353,0.2831972496776966,-0.0002891142832919535,-0.30478848607280606,0.6291190906467133,0.9077102966883979,-0.6129499363913303,-0.04438751250653783,3870.500636086673
H1,10,1.5,D1,80,short,1.0,2270,108.5943025540275,-0.3941574802824554,0.536490282001236,0.8825068912550077,0.2845814977973568,-0.000279548073254171,-0.308001592192295,0.6327140948636476,0.9066339271592437,-0.610753734212643,-0.04413449596843266,3892.4626578735847
H1,10,1.5,D1,120,both,0.0,4897,237.7547853250033,0.14445931919334704,0.555149253947514,1.0306853321530252,0.3028384725342046,7.080997947587014e-05,0.3132128283653605,0.5282208775428203,1.0736651673664703,1.3340564998943423,0.04201078816753734,23340.564998943362
H1,10,1.5,D1,120,both,1.0,4791,232.73211198297645,0.1424466665657638,0.5551492539475151,1.0305613377386824,0.303485702358589,7.098640551762519e-05,0.3140810491415044,0.5278268499263892,1.0741598892973425,1.3380705074314485,0.0421205814135317,23380.70507431437
H1,10,1.5,D1,120,long,0.0,2748,133.4184500864017,0.48167466028435146,0.3711274780754711,1.1400225073735921,0.32132459970887917,0.00032304928435968755,0.5270039992157853,0.38404870962300075,1.168446642225224,2.009728104877424,0.05495280153995585,30097.28104877387
H1,10,1.5,D1,120,long,1.0,2680,130.18619497273573,0.45493620688297814,0.3711274780754713,1.1333395656703136,0.3212686567164179,0.0003103561633824324,0.5199157400158728,0.3858044233035052,1.1666584556230353,1.9884341007365953,0.054619017547340665,29884.341007365627
H1,10,1.5,D1,120,short,0.0,2293,113.33129228687416,-0.32368936825628297,0.49171038992954075,0.9035912323797478,0.2804186655037069,-0.00022201470138847113,-0.24033345970293848,0.5600145591272851,0.9273935808852505,-0.5025760707010152,-0.03392521575325802,4974.239292989884
H1,10,1.5,D1,120,short,1.0,2254,111.9186378466558,-0.2920238583103949,0.4897299179608353,0.9121143512864336,0.2821650399290151,-0.00020308200465714743,-0.22210241318645138,0.5420369831992267,0.9326012403958847,-0.47300728274034876,-0.03130586850405226,5269.927172596526
H1,14,2.5,none,0,both,0.0,3047,141.41254764930113,0.01271310099824577,0.43598816174647326,1.0031146961490962,0.3452576304561864,1.0806465224318543e-05,0.22890859633418253,0.3658723057100205,1.060389447102653,0.630665408970231,0.02295361667371365,16306.654089702382
H1,14,2.5,none,0,both,1.0,2931,136.02893900889453,-0.009331872494294416,0.466743073595437,0.9976772315315717,0.3425452064141931,-8.160484130673527e-06,0.2239719460235632,0.3559214139029976,1.0597176987480021,0.6092505553681162,0.02232620022543519,16092.505553681165
H1,14,2.5,none,0,long,0.0,2646,122.81757529546321,0.4348922117128683,0.2970597750920342,1.1256048741862885,0.35865457294028724,0.000418972260530392,0.5383037283277412,0.27067657022688163,1.1724386162164604,2.310243818197639,0.05713386577850166,33102.43818197634
H1,14,2.5,none,0,long,1.0,2533,117.57253145253527,0.39688510979553454,0.2970597750920321,1.116619376998176,0.3560994867745756,0.00039530054814107334,0.5220025141356659,0.2741095296598539,1.1688959489936912,2.248920901650458,0.05621673953042716,32489.20901650436
H1,14,2.5,none,0,short,0.0,2647,122.84837992376112,-0.460518384745747,0.7101177903008441,0.8854504983003259,0.31091802040045335,-0.000410523402391874,-0.28670171828362784,0.6422223738015147,0.9253137401459224,-0.6294950648514404,-0.045034793616208546,3705.049351485568
H1,14,2.5,none,0,short,1.0,2538,117.81958566344687,-0.45020399938106676,0.699731581271696,0.8855873581273791,0.3120567375886525,-0.00041393583121463275,-0.2876654199962202,0.6399901316269176,0.9243640774316154,-0.6267643015936042,-0.044720385062815726,3732.356984063925
H1,14,2.5,H4,20,both,0.0,1424,66.16410125938177,0.03564742475311027,0.33164957975330167,1.0130585333231839,0.33146067415730335,4.471703156203434e-05,0.23426560640686114,0.25226895672828054,1.0975110980372433,0.4920519888135737,0.01876641695862835,14920.51988813576
H1,14,2.5,H4,20,both,1.0,1363,63.32982444981555,0.039968817804021776,0.32600795103781777,1.0149737517261843,0.33162142333088773,5.190236267657099e-05,0.23666347751823602,0.250851502459686,1.099779637408027,0.49728492244081557,0.018932155370790182,14972.849224408115
H1,14,2.5,H4,20,long,0.0,879,40.88307016426843,0.5306982107658736,0.15632272125360336,1.3144695570545897,0.36973833902161546,0.000989771959368994,0.5286757413099319,0.18044197399184125,1.3867158020434045,1.6169606361146638,0.04576022141370362,26169.606361146547
H1,14,2.5,H4,20,long,1.0,838,38.97612377435375,0.5141070604006532,0.15632272125360325,1.3120694052884425,0.36873508353221957,0.0009966982280419868,0.5102401991152661,0.1842603930318476,1.379866020130325,1.5547098252654812,0.04458989028024174,25547.09825265471
H1,14,2.5,H4,20,short,0.0,824,38.28596870627147,-0.5097560054532182,0.5029700547703955,0.7806886832640793,0.2827669902912621,-0.0008041974978112383,-0.26594428097290895,0.4066533980267536,0.8653907114863312,-0.39255054497350994,-0.022895278274014386,6074.494550264894
H1,14,2.5,H4,20,short,1.0,797,37.03145274138151,-0.4594078798345807,0.4682879143403965,0.7970798001744974,0.28732747804265996,-0.0007471510617855502,-0.2670706493011032,0.41506449220941166,0.8653540318163067,-0.385518242574853,-0.022372574967455705,6144.817574251478
H1,14,2.5,H4,32,both,0.0,1513,70.36201298701299,-0.015997910121228028,0.4120409679089342,0.9943346342665299,0.33113020489094513,-1.97269712371084e-05,0.16680943941520507,0.3238846659138994,1.0649992200490708,0.3044681538972305,0.012437517046067104,13044.681538972396
H1,14,2.5,H4,32,both,1.0,1448,67.33919022154316,-0.02442606460265945,0.4109572741197144,0.9911791783284654,0.332182320441989,-3.108752543984503e-05,0.1685850637196513,0.3204362781067952,1.0665399473748423,0.3093724397488593,0.01261421545366792,13093.724397488626
H1,14,2.5,H4,32,long,0.0,843,39.248661567877626,0.20953889667723777,0.30439651309307014,1.101531265226051,0.3594306049822064,0.0003358014915565552,0.31646876171759236,0.33028239042567253,1.1619792091030083,0.5576708658512031,0.020848616627571204,15576.708658512047
H1,14,2.5,H4,32,long,1.0,808,37.61912045889101,0.2209245844431364,0.3043965130930707,1.1094880568132977,0.36014851485148514,0.00036674978110509064,0.3203343556826507,0.3292490408297143,1.165691942690211,0.5632165518910954,0.021017544838062063,15632.165518910937
H1,14,2.5,H4,32,short,0.0,842,39.15718105423988,-0.13282641418569383,0.2432696594956405,0.9371328716206508,0.30997624703087884,-0.000224895704793849,-0.020551526049945066,0.21705395381185344,0.9890459309680645,-0.08788856211235418,-0.004268998029749116,9121.114378876478
H1,14,2.5,H4,32,short,1.0,803,37.34348739495798,-0.13787910106970036,0.2453319456619868,0.933246809885607,0.3125778331257783,-0.00024100997218688488,-0.020110643143870226,0.21704943975530988,0.9891204190160449,-0.0868374339090674,-0.004215663232094546,9131.625660909336
H1,14,2.5,H4,50,both,0.0,1738,80.90804231455519,-0.008476190644164305,0.33528371892865705,0.99720735247612,0.3285385500575374,-9.686764505759324e-06,0.13701236112822054,0.2880353367068814,1.0491970931099506,0.21960045661922956,0.009284569938661225,12196.00456619239
H1,14,2.5,H4,50,both,1.0,1658,77.1838516441499,-0.03513136415734482,0.34119768698576236,0.9882171914206969,0.32569360675512665,-4.154052091872239e-05,0.12691324342201313,0.2871552591360126,1.0459987538080187,0.1905863278903368,0.008153936061680245,11905.863278903458
H1,14,2.5,H4,50,long,0.0,967,45.03337370903991,0.2570116767616737,0.2649877630013857,1.1189938674350703,0.3516028955532575,0.00038941744889700857,0.28661100398974815,0.3121496224605371,1.1372093279403248,0.4990599005160439,0.01903223825542555,14990.599005160484
H1,14,2.5,H4,50,long,1.0,910,42.3788728802754,0.236618476315172,0.26498776300138494,1.1121942259116613,0.34945054945054943,0.00037559900412852213,0.26797872727112354,0.31432295802928756,1.129722177523297,0.45606174894204154,0.01765205507203005,14560.617489420412
H1,14,2.5,H4,50,short,0.0,879,40.950860969387755,-0.444450734978387,0.5018049483123813,0.813396538331547,0.29579067121729236,-0.0007015088414445461,-0.16942387131552442,0.37758638943068645,0.9160642568012537,-0.3002174232016015,-0.016493712928168036,6997.825767983986
H1,14,2.5,H4,50,short,1.0,851,39.646396683673466,-0.45486306919991143,0.49977591497672236,0.8065546238641436,0.2937720329024677,-0.0007332772020116915,-0.17687856006093552,0.38082440559336517,0.9115083755397692,-0.3104305747521152,-0.017167135826222313,6895.694252478866
H1,14,2.5,H4,80,both,0.0,1926,89.83163069850595,0.0992904057986359,0.27680278759430954,1.0305093602067918,0.34164070612668745,0.00010444100877393118,0.26963026514873284,0.2629108569930828,1.0869935794616044,0.6225370835122805,0.022830815913887914,16225.370835122892
H1,14,2.5,H4,80,both,1.0,1845,86.05366492146598,0.08593557424812964,0.27364294196997774,1.026911612056202,0.34092140921409214,9.343417759186235e-05,0.2595704678457566,0.2705364536985251,1.0846092141839572,0.5913530633912663,0.02190542555822428,15913.530633912658
H1,14,2.5,H4,80,long,0.0,1038,48.46963692150345,0.35947305315304257,0.12157203628929036,1.1608727230587368,0.3651252408477842,0.000510631799198313,0.485183765034864,0.1465921628315917,1.2317907295303288,1.0569504993399668,0.0342512529747947,20569.504993399678
H1,14,2.5,H4,80,long,1.0,983,45.90139989772437,0.3880181126634698,0.1194518156829506,1.1795604542165388,0.3662258392675483,0.0005776368479793828,0.49422680848072265,0.1449111124066801,1.2398158210400498,1.0687949025240435,0.03452858411447246,20687.94902524043
H1,14,2.5,H4,80,short,0.0,947,44.16955050440557,-0.2993712963747164,0.43598676913609624,0.8793669287771719,0.30834213305174235,-0.00044544487166704364,-0.20203398888369942,0.3517615463362619,0.9172143217324066,-0.30012978723522554,-0.016506767151034718,6998.702127647737
H1,14,2.5,H4,80,short,1.0,919,42.86358702592262,-0.3467610065073585,0.4359867691360957,0.8596168225677236,0.3068552774755169,-0.0005248332613004367,-0.2331342219152858,0.36971820256752697,0.9040008482378284,-0.33539209013805316,-0.01887536693588332,6646.079098619473
H1,14,2.5,H4,120,both,0.0,2067,96.65494174881577,0.40887359187895195,0.24156783605256493,1.138271141782495,0.3604257377842284,0.0004669461268314959,0.5403383288121687,0.17956086474414723,1.212932264571041,2.0953361989195645,0.05425574895142993,30953.361989195666
H1,14,2.5,H4,120,both,1.0,1983,92.72701958776085,0.3904897992363408,0.2415678360525647,1.1346254875217714,0.3600605143721634,0.0004610257088057842,0.5289207114657096,0.18205764540849556,1.2110711579582953,2.0440949967489215,0.05343314398006882,30440.949967489152
H1,14,2.5,H4,120,long,0.0,1097,51.31650230532787,0.5115018242469659,0.17599696740798187,1.2566736473998767,0.3764813126709207,0.0008105726317194789,0.4982125845541689,0.19225395033842474,1.3163969789240892,1.6426648053352206,0.046508314489586366,26426.64805335222
H1,14,2.5,H4,120,long,1.0,1045,48.88399718237705,0.49064104019076277,0.17599696740798154,1.2516593354436465,0.37320574162679426,0.0008095364476222911,0.49492614461105844,0.19774174734888594,1.3037721409543301,1.548366300265993,0.04473104610913148,25483.663002659916
H1,14,2.5,H4,120,short,0.0,1001,46.891785302039246,0.02698254986329937,0.28388089000425254,1.0119779635673487,0.3386613386613387,4.3490147248871555e-05,0.22170391716648324,0.1905907660335341,1.1098057820306744,0.34819571784149317,0.014094130115116954,13481.957178414967
H1,14,2.5,H4,120,short,1.0,968,45.345902270103885,0.025202275107419975,0.2752257057435026,1.0113828337864559,0.3419421487603306,4.166470383673163e-05,0.22161983748067923,0.19067976737942616,1.1109473597432777,0.347705911894586,0.014076868267600906,13477.059118945905
H1,14,2.5,D1,20,both,0.0,2331,109.01379641485275,0.32907455424551435,0.2912847756384277,1.1022812061911382,0.3552123552123552,0.00034727135516756253,0.43341646084302304,0.23109207103984897,1.163355542965394,1.6839138478781095,0.04725442708766381,26839.138478781148
H1,14,2.5,D1,20,both,1.0,2241,104.80476952624839,0.28708587368674854,0.2912847756384286,1.090499046149434,0.35296742525658187,0.0003120976629550374,0.4245922433929595,0.24300165648041472,1.1616454411372825,1.6610843417143673,0.04683612865357811,26610.843417143908
H1,14,2.5,D1,20,long,0.0,1404,65.66081946222792,0.4875349836142421,0.18096233410086016,1.206116794162222,0.3717948717948718,0.0006770290261271661,0.4857990897367373,0.2034630563374259,1.254104378582648,1.730486094100482,0.04809734187711334,27304.860941004754
H1,14,2.5,D1,20,long,1.0,1343,62.80803457106274,0.44913502465852595,0.18096233410085993,1.1928561871852545,0.3670886075949367,0.0006460400967390722,0.47644731112595773,0.20081573977338352,1.2516475556396665,1.699068715889994,0.0475302363879766,26990.687158900062
H1,14,2.5,D1,20,short,0.0,1200,56.37299035369775,-0.08635230263901798,0.28224108804897485,0.9658966135300721,0.3333333333333333,-0.00012088973183250401,0.09719577399193251,0.2373503716758838,1.0419980880168636,0.1057782758134671,0.004734732646771267,11057.782758134696
H1,14,2.5,D1,20,short,1.0,1161,54.540868167202575,-0.10185251719745217,0.2887089719091437,0.9592243023513405,0.3341946597760551,-0.00014603537424450863,0.08535443753203921,0.24455899473753484,1.0371674204013652,0.08326206510774581,0.0037641818951998918,10832.620651077472
H1,14,2.5,D1,32,both,0.0,2396,112.54359567901236,0.1451543352348977,0.38397218379030174,1.04276096373827,0.3426544240400668,0.00014997150101243628,0.31669975553845603,0.29176167627043714,1.110676132734073,1.045679866710636,0.03419038630034654,20456.798667106246
H1,14,2.5,D1,32,both,1.0,2307,108.36313657407408,0.09390001539074995,0.3839721837903015,1.0279860545812374,0.33983528391850887,9.976171101971843e-05,0.3042604061140732,0.28342294577701455,1.1075987387204056,0.9986854777465166,0.03306203946919872,19986.8547774651
H1,14,2.5,D1,32,long,0.0,1431,67.28536946446962,0.31932167835878333,0.2862323403339504,1.1277821786648,0.3549965059399022,0.0004389015521550249,0.4015849923166724,0.20571490200175513,1.1984397764277743,1.330774917950074,0.040590367585850995,23307.749179500664
H1,14,2.5,D1,32,long,1.0,1375,64.65225926879506,0.2785825119087135,0.28623234033395073,1.1128560646336443,0.3498181818181818,0.0003949035321300559,0.3975821486676232,0.1984329706470821,1.1897124500176366,1.2560712537947896,0.03899770282086523,22560.712537947893
H1,14,2.5,D1,32,short,0.0,1151,54.11285236195135,-0.18136365749015246,0.41894748465529597,0.9279494451372547,0.3214596003475239,-0.00025960119623356063,-0.03986821265600527,0.31464047083018476,0.9828410449094223,-0.1299816128725768,-0.006524861608183774,8700.183871274203
H1,14,2.5,D1,32,short,1.0,1108,52.0912601364397,-0.20484645625499392,0.4172332631288642,0.9175380757183293,0.3231046931407942,-0.00030152120174430606,-0.04257334141893682,0.3120675468612616,0.9814626737752504,-0.1355144354365727,-0.0068227954904672705,8644.855645634249
H1,14,2.5,D1,50,both,0.0,2419,114.34447392260904,0.162527997961378,0.31562972841944226,1.0474077702716031,0.3340223232740802,0.00016599353702803513,0.3223193417846442,0.2383565393823841,1.1099991654560788,1.0256697437592188,0.03393036428065144,20256.69743759228
H1,14,2.5,D1,50,both,1.0,2329,110.09023553772487,0.15990018218873703,0.3156297284194446,1.047469775337791,0.33319021039072566,0.00016831470256925535,0.3216543906645775,0.23821811431665674,1.1108809928096328,1.022990234192823,0.03386567518465089,20229.902341928293
H1,14,2.5,D1,50,long,0.0,1416,66.93335058884432,0.4633290184172793,0.1976035950929359,1.1908868383604918,0.3559322033898305,0.0006371598382914099,0.5003551793124031,0.18972534148572406,1.2539015695109712,1.696340011066391,0.048002752010835925,26963.400110663773
H1,14,2.5,D1,50,long,1.0,1357,64.14446098097581,0.4417746372193856,0.1976035950929349,1.1853628873674193,0.3537214443625645,0.0006272577563945734,0.4907741857404347,0.1900285590401536,1.2523974910858313,1.6629759443202152,0.04738612979777601,26629.75944320211
H1,14,2.5,D1,50,short,0.0,1148,54.668448500651884,-0.3482250560150351,0.48446233792089755,0.8689546043757667,0.30226480836236935,-0.0004819897620016896,-0.11742264250323613,0.3738977713000088,0.9514478071917596,-0.2491976436315848,-0.01355595428547729,7508.023563684153
H1,14,2.5,D1,50,short,1.0,1112,52.974827181426896,-0.3247078122098352,0.4831394208382629,0.8755744516881305,0.30305755395683454,-0.0004623826553399791,-0.11318898530143591,0.376970932596957,0.9529173976392218,-0.24063416590298525,-0.013028118688360069,7593.658340970154
H1,14,2.5,D1,80,both,0.0,2427,116.08980487166055,0.11326917123028692,0.24890308504178538,1.0326585247932236,0.3395138030490317,0.00011394728381459635,0.3355947644452489,0.18451441630487286,1.1150116144698488,1.1431278836702314,0.03713407271261815,21431.278836702204
H1,14,2.5,D1,80,both,1.0,2354,112.90853578463559,0.12569609910842008,0.24508764452620468,1.0367669821644074,0.33984706881903143,0.00012946881039767476,0.342183655822327,0.17869945850125346,1.1181426002658585,1.1637415928495485,0.0377147115856471,21637.415928495444
H1,14,2.5,D1,80,long,0.0,1399,67.10239658568615,0.40488928567749743,0.2031237255790782,1.1634830496212083,0.35811293781272335,0.0005596759253070214,0.5073479118670161,0.22601052896102847,1.2478320315730935,1.821960732358519,0.051018768524039304,28219.60732358519
H1,14,2.5,D1,80,long,1.0,1350,64.7521339461589,0.39579577755133494,0.20312372557907832,1.162421097110668,0.35555555555555557,0.0005625934767549604,0.5054596774993573,0.22350221791362068,1.2492843799397124,1.817515028829372,0.05093929065468017,28175.15028829366
H1,14,2.5,D1,80,short,0.0,1148,54.962249311836416,-0.3682166766863111,0.472219036369005,0.8612988785769763,0.3118466898954704,-0.0004974528977186576,-0.16783641207485295,0.44779474802136576,0.932121844062662,-0.3022075515700866,-0.01708003431990268,6977.924484299143
H1,14,2.5,D1,80,short,1.0,1121,54.13078397673189,-0.3297868823083651,0.4511393346512801,0.8741746463716399,0.31668153434433544,-0.0004535741069674709,-0.16224376563222678,0.45227458486400274,0.9345048298648708,-0.2889106926315794,-0.016329331235264366,7110.89307368424
H1,14,2.5,D1,120,both,0.0,2423,117.65497872906143,0.13632743192508717,0.3789179268843821,1.0389023384765284,0.3380107304993809,0.00013704432469991204,0.306527486679576,0.27656194969836057,1.0978043114524527,0.9770072158416605,0.03364983560991308,19770.072158416682
H1,14,2.5,D1,120,both,1.0,2368,115.04549082202713,0.11568470093923457,0.37891792688438275,1.0332509259956164,0.33614864864864863,0.00011823405523479695,0.2939075171390867,0.2841957542362592,1.0944794156819941,0.9244915759066108,0.032316903327309854,19244.91575906614
H1,14,2.5,D1,120,long,0.0,1366,66.32963307630949,0.5559378401297991,0.1317538644856342,1.2338507886600707,0.37042459736456806,0.0007961337043262379,0.6122110402640997,0.12994283699051568,1.2984711114514176,2.2111071909460143,0.05828325217972452,32111.071909460017
H1,14,2.5,D1,120,long,1.0,1330,64.6159217877095,0.5140560261986633,0.13175386448563509,1.2174950541451075,0.3661654135338346,0.0007493248702809597,0.5936220384673149,0.13719309592093276,1.289903165457328,2.162431832858116,0.05753007862897541,31624.318328581056
H1,14,2.5,D1,120,short,0.0,1146,56.66393664545824,-0.38466777147598413,0.4973745647494757,0.8546035000797412,0.30017452006980805,-0.0005258446401798656,-0.22929296864542026,0.5239885382231657,0.9097433708911543,-0.3861399880682642,-0.023839803981319796,6138.600119317367
H1,14,2.5,D1,120,short,1.0,1126,56.83685737976783,-0.361718209765115,0.4947700166794897,0.8631085279316129,0.3019538188277087,-0.0004977312959570454,-0.21065744049594484,0.5123283887768928,0.9171860132717978,-0.3601228254576727,-0.02228476812146718,6398.771745423292
H1,14,3.0,none,0,both,0.0,2243,104.11179946626001,0.1278093063418557,0.35263216238592954,1.0376951158419867,0.3530985287561302,0.00015190605582331363,0.203597356269759,0.4032577384690391,1.0655304363486238,0.4667706444163462,0.01793939237810238,14667.706444163548
H1,14,3.0,none,0,both,1.0,2171,100.76982462828822,0.027246075895751815,0.35263216238592876,1.0080403932815643,0.3482266236757255,3.312700796146463e-05,0.17403900128427188,0.416526592851159,1.0568694381687336,0.36833882966237774,0.014662494726553232,13683.388296623802
H1,14,3.0,none,0,long,0.0,1977,91.77672216573463,0.5657092339332729,0.32436842636929564,1.1940006264879572,0.38189175518462315,0.000737661760228994,0.6237389855342678,0.28185311645387523,1.2327673626545566,2.5277566539719514,0.060269087270640176,35277.56653971961
H1,14,3.0,none,0,long,1.0,1893,87.8772559735638,0.49583035673659914,0.3243684263692954,1.1719202629167074,0.37823560486001057,0.0006673971436569955,0.5899996396405496,0.30397279107458164,1.2212016612901107,2.432322402320341,0.05892008444281571,34323.224023203205
H1,14,3.0,none,0,short,0.0,1978,91.81147540983606,-0.31020790611848637,0.6079668626588837,0.9086497009128376,0.3195146612740142,-0.0003851270912824628,-0.2614609660860778,0.557191971300318,0.9217857876702693,-0.5426656268599215,-0.03566194283510038,4573.343731400777
H1,14,3.0,none,0,short,1.0,1901,88.2486337061515,-0.320805319577196,0.6138152074879304,0.9037664238669465,0.31825355076275647,-0.0004102312414513829,-0.2593614973681866,0.554051482948807,0.9214152774441525,-0.5398633288462534,-0.03539288680337227,4601.366711537465
H1,14,3.0,H4,20,both,0.0,1036,48.1852795110149,0.07591812292310096,0.3004277266525873,1.0320597295006193,0.3561776061776062,0.00012838768712415528,0.1821973316954226,0.28375941104797664,1.0794016029749083,0.27509444653528115,0.011367208852073096,12750.944465352819
H1,14,3.0,H4,20,both,1.0,998,46.417865783776904,0.03276837370754276,0.30042772665258655,1.0139765862556012,0.3496993987975952,5.704393273574872e-05,0.17244386205935477,0.2808656240289409,1.0760027290562524,0.2559233892217463,0.010654848625000657,12559.233892217462
H1,14,3.0,H4,20,long,0.0,692,32.255359877488516,0.4681780531661223,0.21853849953215476,1.3121509654544552,0.3930635838150289,0.001177265465396685,0.5085315025591204,0.2204172706269626,1.3910019110016845,1.3198716064083045,0.04000380803825876,23198.71606408301
H1,14,3.0,H4,20,long,1.0,662,30.857006125574273,0.4407933877064146,0.21853849953215454,1.2989241900188275,0.38821752265861026,0.0011525124014118162,0.49696901305293495,0.22537119240053982,1.3867259621913954,1.2952306636999111,0.0394862813393988,22952.306636999143
H1,14,3.0,H4,20,short,0.0,610,28.389717125382262,-0.2643265203395144,0.3103776530681013,0.8654492303329322,0.3114754098360656,-0.0005508420439454926,-0.1756106761876491,0.27509295693779645,0.9102644722625917,-0.22313790503781883,-0.01168235402225093,7768.620949621812
H1,14,3.0,H4,20,short,1.0,589,27.41236620795107,-0.24836118011945382,0.29195888732894093,0.8709430350392845,0.31239388794567063,-0.0005322249717785475,-0.1675740624497304,0.2732331646617032,0.9136180171418523,-0.2143404907821741,-0.01116426405396842,7856.595092178257
H1,14,3.0,H4,32,both,0.0,1046,48.64419404125287,0.2939342077123994,0.22375351274961353,1.1255033547056397,0.3824091778202677,0.0005029276163706604,0.45847363919761797,0.14054880407339032,1.2064606371198834,1.028872030420056,0.0334485664736246,20288.720304200506
H1,14,3.0,H4,32,both,1.0,1007,46.83050038197097,0.24459232605054743,0.22375351274961308,1.1053365841925586,0.37835153922542203,0.0004300684753176624,0.4177092419575384,0.15115872255974416,1.188213739455112,0.9145546873594608,0.03066505693257371,19145.546873594587
H1,14,3.0,H4,32,long,0.0,621,28.931154336734693,0.5280247395725031,0.1625424274083881,1.3109804198984072,0.42028985507246375,0.0011325449784356674,0.6342805619877795,0.15157510849734313,1.4020584008173864,1.1652716744678648,0.03664690371311985,21652.71674467862
H1,14,3.0,H4,32,long,1.0,594,27.67327806122449,0.5108074153780402,0.1625424274083873,1.3056057097790277,0.41919191919191917,0.001135186202658608,0.6321623518351575,0.15083670847936415,1.4057285011510285,1.16334350199826,0.036603878510084176,21633.435019982586
H1,14,3.0,H4,32,short,0.0,593,27.577444614209323,-0.03315179181452499,0.2008456678153996,0.9820695045993653,0.3440134907251265,-7.588350448554418e-05,0.008903832862498502,0.16661503272484968,1.00471561990501,-0.02251037048371718,-0.0010582459488727158,9774.896295162842
H1,14,3.0,H4,32,short,1.0,567,26.368315508021393,-0.0906339427904254,0.20673158536720848,0.9505116292639024,0.3386243386243386,-0.00021348259946827832,-0.011146369003478217,0.17133645715770296,0.9940047364337146,-0.04695903290955983,-0.002234267710172433,9530.409670904392
H1,14,3.0,H4,50,both,0.0,1173,54.61290630975144,0.14578587334148055,0.32359389826003393,1.0581604242056943,0.35294117647058826,0.00023403915516268192,0.2896561814778391,0.19061567706037474,1.1247248352556174,0.6077657531439067,0.02235419968345842,16077.657531439063
H1,14,3.0,H4,50,both,1.0,1123,52.28499043977055,0.07318303793006434,0.3217603301913212,1.029398227476412,0.346393588601959,0.00012102092135565616,0.27130165339725076,0.19516673641214277,1.117849136689731,0.5599536701602461,0.02091822289939671,15599.536701602467
H1,14,3.0,H4,50,long,0.0,673,31.345734506503444,0.39316117766811237,0.24478894740580115,1.2259410194916296,0.37147102526002973,0.0008392382389613988,0.39166774866194154,0.2776617374861434,1.2383684676188873,0.6982735017219897,0.024974037981139396,16982.73501721993
H1,14,3.0,H4,50,long,1.0,637,29.668993879112474,0.3421849234786549,0.24478894740580015,1.1995364845329097,0.3642072213500785,0.0007625911796327755,0.3544487430455334,0.28276302891527827,1.215769313285777,0.6130573130895407,0.022519322746144432,16130.573130895385
H1,14,3.0,H4,50,short,0.0,613,28.57667517549458,-0.36709595493965447,0.4549367367852343,0.8206779683654497,0.3164763458401305,-0.0007989255732776665,-0.11244676482900498,0.279204713600377,0.9387378606295456,-0.17845419807874263,-0.009121679683199102,8215.458019212547
H1,14,3.0,H4,50,short,1.0,593,27.669040623403166,-0.4006745444863708,0.45400055533511596,0.803261263676014,0.31534569983136596,-0.0008879314475636902,-0.13657112950244077,0.27966080540314486,0.9258086071346783,-0.20375434277204796,-0.010574923322453134,7962.456572279496
H1,14,3.0,H4,80,both,0.0,1335,62.29033597342871,0.3147523947380314,0.20928859523733878,1.1221127571984428,0.36479400749063673,0.00047795759979436,0.4271432135089881,0.13118784196448174,1.1706835074985018,0.9816517372432094,0.032426457180071866,19816.517372432147
H1,14,3.0,H4,80,both,1.0,1278,59.63074859478794,0.2754010988764336,0.20392788978432397,1.1084352783361673,0.3615023474178404,0.0004324559262735433,0.3943250019626534,0.13014723526174132,1.1582204098379,0.8884691395836444,0.030108876562234155,18884.691395836457
H1,14,3.0,H4,80,long,0.0,732,34.18527042577676,0.5421761812996304,0.11008685182327083,1.3053431963067905,0.40437158469945356,0.001086504330877945,0.608927383792991,0.1290669493198987,1.358674495191156,1.1843688037898779,0.037162787059463076,21843.688037898777
H1,14,3.0,H4,80,long,1.0,696,32.520660099782525,0.5263710270568812,0.11008685182327071,1.3026610458077743,0.40086206896551724,0.001100291537118757,0.6072015359807281,0.13075522662883698,1.362916713241762,1.182163554207638,0.037133203442272,21821.635542076383
H1,14,3.0,H4,80,short,0.0,655,30.561925140521204,-0.07825404240155234,0.2449675646495445,0.9597373186537878,0.32061068702290074,-0.00017076802889722174,0.010086770384940696,0.18051810812546742,1.0052515307014258,-0.026491871327021688,-0.001251979457786545,9735.081286729772
H1,14,3.0,H4,80,short,1.0,633,29.535417731221255,-0.11577271104632732,0.24496756464954483,0.9399066704510425,0.31911532385466035,-0.0002582034040143955,-0.019575407041276086,0.1928357558673559,0.989799416907591,-0.0639626828710943,-0.0030794339047027774,9360.37317128906
H1,14,3.0,H4,120,both,0.0,1463,68.42007042253522,0.5744745929239753,0.21166724937920922,1.241864685527141,0.37799043062200954,0.0009222053853762997,0.6701069507320239,0.16082761674260737,1.3119004986228857,2.406630251468899,0.05899820702844227,34066.30251468911
H1,14,3.0,H4,120,both,1.0,1403,65.61405249679898,0.522992799345193,0.21166724937920856,1.223164254940112,0.3741981468282252,0.0008657067038829693,0.6402646076297819,0.16769185749413373,1.300400895954898,2.31739918603783,0.057684474782963235,33173.99186037838
H1,14,3.0,H4,120,long,0.0,781,36.53903548097861,0.648250915639118,0.17668739606127393,1.4090386143439182,0.41613316261203587,0.0014320758237669317,0.6538209253383858,0.14828275716772354,1.5116389308482547,2.0402801521673917,0.05339943809218517,30402.801521674013
H1,14,3.0,H4,120,long,1.0,744,34.807992826950176,0.5965609164683255,0.17668739606127326,1.3812227185467816,0.4099462365591398,0.0013665668220646647,0.6403039696701882,0.15228145593893927,1.4856963974192312,1.9028610745754522,0.051122413563899016,29028.61074575458
H1,14,3.0,H4,120,short,0.0,715,33.49842868137507,0.19552358137877157,0.24706706521308386,1.1099676399337295,0.3356643356643357,0.0004556146407243695,0.25351235181247533,0.14535146376745756,1.1349989833784488,0.3474317977509529,0.01406902231487095,13474.317977509523
H1,14,3.0,H4,120,short,1.0,691,32.374005900461775,0.18087877218910287,0.23238471286490336,1.103400816817998,0.3357452966714906,0.00043219404011399123,0.24807862920037402,0.1417554371027696,1.1336458492242452,0.338916859061106,0.01376787984063288,13389.168590611076
H1,14,3.0,D1,20,both,0.0,1681,78.62533615059546,0.42310653210034616,0.26708614917261175,1.1602789956185378,0.36168947055324213,0.0006387092057058861,0.5151263721255458,0.19081979072705546,1.2263749651892002,1.9524828247348212,0.05194262409963901,29524.828247348254
H1,14,3.0,D1,20,both,1.0,1617,75.63186707645025,0.37349491655129985,0.26708614917261164,1.1431795823883149,0.3580705009276438,0.0005804708014934963,0.5042858208584811,0.1905883416976204,1.2241201040539185,1.9308037612194586,0.05158007696259492,29308.037612194646
H1,14,3.0,D1,20,long,0.0,1036,48.4567806377257,0.4945716789966938,0.17369922016058248,1.2440891494278676,0.3861003861003861,0.0009231626667298735,0.5552936137446317,0.16197969493464448,1.3263828154386454,1.7693266222825579,0.048796301865873026,27693.266222825598
H1,14,3.0,D1,20,long,1.0,992,46.398770649250864,0.4296277100072505,0.17369922016058237,1.2135940603718254,0.3800403225806452,0.0008270677568087057,0.5245100670030725,0.17818339479413325,1.3108497077317498,1.686406983228946,0.04730610064525087,26864.06983228945
H1,14,3.0,D1,20,short,0.0,886,41.627411885773085,0.0708824211151712,0.24944840245655475,1.0346612150733325,0.33182844243792325,0.00014429784640348817,0.16431182428673716,0.20678202171776427,1.0862860578074165,0.23347709137251216,0.009907646927526104,12334.770913725142
H1,14,3.0,D1,20,short,1.0,858,40.31187290969899,0.051215559664345246,0.24944840245655597,1.0253930717484858,0.331002331002331,0.0001066980420944258,0.155976682643499,0.21006442991237206,1.0828887941715333,0.21749966835856704,0.00928920627793195,12174.996683585698
H1,14,3.0,D1,32,both,0.0,1747,82.06967845659163,0.16289137965919087,0.3523139226844648,1.0564496779284125,0.34688036634230107,0.0002334221039323103,0.2988663976574626,0.3171238766451947,1.1173745751702273,0.8297573961979565,0.02878965622602836,18297.57396197969
H1,14,3.0,D1,32,both,1.0,1682,79.01614147909967,0.11476776152147918,0.3523139226844655,1.0402190932440216,0.3442330558858502,0.0001690635767702087,0.2800734932987197,0.32224925872029153,1.1117698094225026,0.764818430341597,0.027044706911047545,17648.1843034161
H1,14,3.0,D1,32,long,0.0,1042,48.994657569515965,0.4436671672392566,0.21064478779714846,1.2147538458629434,0.3694817658349328,0.0008456564623426815,0.528831118883631,0.14669580653619596,1.3063816127646077,1.7039398502113854,0.047882106703122984,27039.398502113814
H1,14,3.0,D1,32,long,1.0,1002,47.113864572605564,0.37922639358626264,0.21064478779714846,1.184615563835038,0.36427145708582837,0.0007427196873216164,0.5017497646511302,0.15130020327712712,1.2823071040869995,1.539479176795695,0.044794849165272765,25394.791767956984
H1,14,3.0,D1,32,short,0.0,865,40.67214855818744,-0.1293389399432325,0.3657340427166924,0.9404942863054689,0.3190751445086705,-0.000256272234900964,-0.04386886756041032,0.33484767622838174,0.9782153100074432,-0.12505129011347116,-0.0062616923380414136,8749.487098865295
H1,14,3.0,D1,32,short,1.0,833,39.16751416065912,-0.14436408492749128,0.3654910392408569,0.9325128028877506,0.31932773109243695,-0.00029402306108917454,-0.04686728468703077,0.3272931644075623,0.9763429757265736,-0.1301621758796183,-0.006535394567873776,8698.378241203816
H1,14,3.0,D1,50,both,0.0,1780,84.13938138993142,0.2722644396799984,0.27191929605089205,1.0917730365133036,0.3561797752808989,0.0003716573522893031,0.37779703154255073,0.20496836430841936,1.1420231999522368,1.1051935230981798,0.0358140383538772,21051.93523098184
H1,14,3.0,D1,50,both,1.0,1719,81.2559531512877,0.25964912808156854,0.27191929605089493,1.0887472631537354,0.3554392088423502,0.00036397028220865534,0.3718122977221578,0.2063870352755407,1.1413985168607637,1.0828925385381574,0.03529273041891301,20828.925385381684
H1,14,3.0,D1,50,long,0.0,1056,49.916397049307626,0.4930110808574471,0.21620442364226167,1.2333230264510215,0.3797348484848485,0.0008938218930478774,0.5375738215624707,0.19925794240580286,1.3017568815041989,1.680234248556335,0.04770600443571027,26802.342485563506
H1,14,3.0,D1,50,long,1.0,1013,47.88381648764074,0.45603336372738845,0.21620442364226133,1.2185613168696656,0.3780848963474827,0.0008516457436950331,0.5220416120459893,0.20121773771752405,1.2959560910183945,1.6296236917985834,0.04676232509885869,26296.23691798578
H1,14,3.0,D1,50,short,0.0,839,39.95368318122555,-0.09214460020980636,0.3123786563374862,0.9571324784817979,0.3230035756853397,-0.00018362348341909504,0.026255088376120443,0.26671048427545907,1.0133674112496338,-0.017038451031434088,-0.0008180383549629688,9829.615489685642
H1,14,3.0,D1,50,short,1.0,817,39.007745098039216,-0.07724636474716771,0.3123786563374862,0.963549945014715,0.32313341493268055,-0.00015724434533584956,0.04344372226293404,0.2583771564013365,1.0222856791894377,0.01095546689392557,0.000520360700655198,10109.55466893925
H1,14,3.0,D1,80,both,0.0,1789,85.58379174852652,0.21491895310723796,0.2997912690509007,1.0727313441385722,0.34823923979877025,0.00029644088127839024,0.42464152240196956,0.1581248932348317,1.1671993095741122,1.451418428428961,0.043828864944546186,24514.184284289626
H1,14,3.0,D1,80,both,1.0,1737,83.31441234405779,0.21392969971589626,0.29668057213677,1.0733203682105885,0.35002878526194586,0.00030141447084703016,0.4236538496480342,0.1588299458379835,1.1683217682971727,1.4424245330263692,0.04376244006897578,24424.245330263806
H1,14,3.0,D1,80,long,0.0,1029,49.31665791890828,0.542283940050031,0.17244518774261963,1.2604232559538617,0.38289601554907676,0.0010126136727334435,0.6336620800886789,0.16573701277315667,1.367132613056066,2.122617603715686,0.056089426549521315,31226.17603715699
H1,14,3.0,D1,80,long,1.0,993,47.62879185817466,0.5131557231607339,0.17244518774261897,1.2491798564888528,0.3826787512588117,0.0009829612212303854,0.6290012354865713,0.16302340519750025,1.3685162253482153,2.10769943732277,0.055892274518876794,31076.99437322771
H1,14,3.0,D1,80,short,0.0,861,41.227090980597794,-0.25985265059820856,0.3952225767378643,0.8847659497450839,0.31126596980255516,-0.0004940187037500857,-0.07491749569538307,0.3569093945074222,0.9633618670965131,-0.17291417463775238,-0.009049204138854572,8270.858253622477
H1,14,3.0,D1,80,short,1.0,843,40.836306366047744,-0.22734019466279878,0.3713717174280916,0.8980058262013695,0.3155397390272835,-0.0004379911806175377,-0.062420835254687446,0.3483024831504432,0.9694180176553719,-0.15410955857314879,-0.00807467986566135,8458.904414268509
H1,14,3.0,D1,120,both,0.0,1794,87.17021418118931,0.18091285737346868,0.2707932722212758,1.0590406319828152,0.3511705685618729,0.00024095084658779537,0.29795022315921654,0.2739613212996689,1.1078559532536383,0.8138074862393947,0.029354364988852133,18138.07486239393
H1,14,3.0,D1,120,both,1.0,1757,86.2675426804678,0.15408238262954382,0.2707932722212738,1.050296603460093,0.3500284575981787,0.0002069742919320006,0.28202952977778506,0.2807237955284856,1.1025165042876663,0.7497207561359731,0.027849680625830153,17497.207561359795
H1,14,3.0,D1,120,long,0.0,1025,49.80460955168285,0.5373602168041944,0.19559977268945217,1.256163963216411,0.38634146341463416,0.0010035512173261162,0.5775844193980174,0.19690247947223283,1.3265056120542273,1.8255198044266239,0.0517652246505893,28255.19804426612
H1,14,3.0,D1,120,long,1.0,998,49.00114262669713,0.4905295058979043,0.1955997726894516,1.2333899519146925,0.3837675350701403,0.00092660322573369,0.5634358660662764,0.20445286848903954,1.3181492375024284,1.7843407968991638,0.051563677280058506,27843.407968991694
H1,14,3.0,D1,120,short,0.0,846,42.01815338591243,-0.3790591513111337,0.4632454545801017,0.8446530092871251,0.3073286052009456,-0.0006612201718161073,-0.27902158662294757,0.3916140214140086,0.8870600828362811,-0.37142869528265077,-0.022796742244597157,6285.713047173464
H1,14,3.0,D1,120,short,1.0,836,42.21025711915952,-0.3583673239769787,0.45611091679385574,0.852897167921637,0.30861244019138756,-0.0006269309506379909,-0.2795607023879461,0.3997441012859285,0.8876555461501637,-0.36755802430039497,-0.02286765935139823,6324.419756996045
H1,14,4.0,none,0,both,0.0,1397,64.85183655312659,0.10992665659161983,0.2943492161130321,1.041315033511782,0.3614889047959914,0.00020749456865294525,0.1620330170187117,0.25967678188356447,1.064696942500899,0.2840032270758093,0.011672348260717724,12840.032270758125
H1,14,4.0,none,0,both,1.0,1355,62.90210345704118,0.07790039885653609,0.2943492161130299,1.0294800778641122,0.36162361623616235,0.00015059532557020041,0.16009187001194175,0.24997646616595537,1.064598668546877,0.2793987184057427,0.011503643791527018,12793.98718405743
H1,14,4.0,none,0,long,0.0,1261,58.60545234762692,0.6896921444211417,0.2879448643903264,1.3044097341945284,0.3980967486122125,0.0014217478501331493,0.7036506293222868,0.24382427660674488,1.3344952963118686,2.587901011797426,0.0611735585866664,35879.010117974314
H1,14,4.0,none,0,long,1.0,1212,56.328158798829364,0.6357937296790886,0.2879448643903251,1.2835221537215482,0.39933993399339934,0.0013451756985073788,0.6586093362288538,0.25804310172131406,1.3098752720041233,2.3447568420056646,0.05771835522994473,33447.568420056596
H1,14,4.0,none,0,short,0.0,1262,58.5848373157092,-0.22524872326937934,0.5279221398504299,0.9144290375422509,0.3375594294770206,-0.0004553493852642354,-0.14456256785289665,0.4191500027716166,0.9449922846017212,-0.2983721822191293,-0.016315254735155604,7016.2781778087265
H1,14,4.0,none,0,short,1.0,1213,56.310148703609556,-0.25923490713110214,0.5595382804250442,0.9003263547946484,0.33470733718054413,-0.0005406744773048393,-0.1446838641816216,0.404226603675941,0.9438872287483812,-0.29841049739548897,-0.016317748509469432,7015.895026045137
H1,14,4.0,H4,20,both,0.0,822,38.25630733944954,-0.2536501695540231,0.6428508585769706,0.884003262424714,0.3357664233576642,-0.0006115925034664578,-0.10572186690686325,0.4661634085771398,0.9482283039353774,-0.2184522991110941,-0.011405721046733097,7815.477008889072
H1,14,4.0,H4,20,both,1.0,793,36.92074569789675,-0.3139568062888417,0.6428508585769698,0.8567968350933058,0.3316519546027743,-0.0007742889754834933,-0.1448356740014214,0.4842811030884804,0.9278392308563457,-0.27323387171573954,-0.014749260647739848,7267.661282842617
H1,14,4.0,H4,20,long,0.0,596,27.748757170172084,0.3375636662433343,0.29755788094307045,1.218180518548808,0.3775167785234899,0.0010437663305699952,0.34190636807805375,0.24987854349880634,1.228586641487003,0.6069489040662106,0.022330010404561174,16069.489040662109
H1,14,4.0,H4,20,long,1.0,574,26.724474187380498,0.29157801079703444,0.2975578809430701,1.1896727078451805,0.3780487804878049,0.0009218988041547216,0.303504542083977,0.2664112721970975,1.2055561824256,0.5260597273583392,0.019874613676104103,15260.597273583375
H1,14,4.0,H4,20,short,0.0,531,24.738233418367347,-0.29135935931250107,0.42708154174820656,0.8387484607830485,0.3182674199623352,-0.0008403417869308452,-0.21219844700240847,0.2990895617707203,0.8822605117948805,-0.24630190368987503,-0.013086994622598769,7536.980963101259
H1,14,4.0,H4,20,short,1.0,504,23.501340482573728,-0.3094121245767247,0.41943132550407136,0.8259892719364482,0.3134920634920635,-0.0009318969538713815,-0.27536304166152953,0.32839732635236396,0.8488344103493582,-0.2946592708529363,-0.016145451842300207,7053.407291470645
H1,14,4.0,H4,32,both,0.0,679,31.57285168682368,0.18345468459989328,0.27175330693175426,1.1055234830426806,0.38144329896907214,0.0005095720382076212,0.23888558085266717,0.1884425689118694,1.125285486450126,0.31535980785169193,0.012827439478484637,13153.598078516918
H1,14,4.0,H4,32,both,1.0,653,30.37547758532858,0.13602482401615903,0.27175330693175426,1.0786031926718331,0.3767228177641654,0.0003889963268845613,0.2159721510123623,0.18969439163750546,1.1141105146887376,0.27735974732000956,0.011452174137568383,12773.597473200114
H1,14,4.0,H4,32,long,0.0,443,20.62533460803059,0.4503980972765746,0.24943581319082542,1.3281838634688257,0.4040632054176072,0.0015045211874661743,0.4880037626190977,0.2181040481515082,1.3491430246419915,0.6766057110793917,0.024351781302423436,16766.05711079392
H1,14,4.0,H4,32,long,1.0,425,19.787284894837477,0.41361067982915284,0.24943581319082453,1.3050396019094352,0.4023529411764706,0.0014195911946704172,0.4606041514046871,0.21747834118733922,1.3298622154041728,0.6121528102504135,0.022483913093239494,16121.528102504146
H1,14,4.0,H4,32,short,0.0,429,19.948090388287714,-0.04381155702333058,0.2491140560691375,0.9685717342834398,0.34498834498834496,-0.0001587621198202276,-0.06942205888782822,0.18170310989940075,0.9581047961091935,-0.0849467356087632,-0.004119351973183583,9150.532643912353
H1,14,4.0,H4,32,short,1.0,405,18.916400255754475,-0.06669186200766167,0.24911405606913817,0.9514793548515651,0.33827160493827163,-0.00025358943162898475,-0.07229789380279512,0.17869069976818186,0.9556961123388268,-0.08760783534010375,-0.004273207395741108,9123.92164659896
H1,14,4.0,H4,50,both,0.0,667,31.16563259562492,0.014304791202184012,0.24576162068267027,1.007004980770737,0.3523238380809595,3.5081943346139544e-05,0.17607546228885773,0.19953129328181451,1.0939745938092376,0.21385277509067868,0.009096417504532717,12138.527750906784
H1,14,4.0,H4,50,both,1.0,639,29.857330177817577,-0.013993168618302665,0.2457616206826705,0.9930749432112536,0.3536776212832551,-3.521070685730952e-05,0.17375626395942637,0.19297241485409444,1.0943849154502145,0.2093830075210601,0.008922491267000954,12093.830075210617
H1,14,4.0,H4,50,long,0.0,413,19.29746066265831,0.4353052974291188,0.15656136046543356,1.3136260478614985,0.387409200968523,0.001413762974635475,0.4263383976795649,0.15625956219473247,1.3042403230212056,0.5081182577116674,0.01938305321978051,15081.18257711667
H1,14,4.0,H4,50,long,1.0,395,18.456409108353586,0.4132547423536613,0.15656136046543367,1.3014114007234083,0.389873417721519,0.0013820912363341597,0.4125275877137858,0.16015963945955047,1.2984043578672935,0.4877749288949924,0.018736384137335582,14877.74928894991
H1,14,4.0,H4,50,short,0.0,382,18.01723915289256,-0.5422604621392594,0.48082274244761014,0.7046200470479813,0.31151832460732987,-0.0016073273378983594,-0.22395800533613783,0.22082709057167238,0.8533749047624732,-0.21567437485343155,-0.01139258134946175,7843.256251465673
H1,14,4.0,H4,50,short,1.0,365,17.215424845041323,-0.5651030809389134,0.47656619649142584,0.6886729508787719,0.31232876712328766,-0.0017213669702597118,-0.22506707833195977,0.21216185903715223,0.8500735431367314,-0.21541337274652317,-0.011377067216425285,7845.866272534779
H1,14,4.0,H4,80,both,0.0,763,35.6512408852501,0.266845296469676,0.22092707131358091,1.1370884214994361,0.3735255570117955,0.0006587699046360708,0.41015543573260377,0.18851903165519968,1.2267950734287913,0.7388596288254046,0.026186697685124383,17388.596288254088
H1,14,4.0,H4,80,both,1.0,734,34.29621338109249,0.23755378177132197,0.22092707131358047,1.1233989336485959,0.3746594005449591,0.0006018628196146398,0.39688636126494997,0.18722388945970547,1.2222605562336275,0.7101519216493908,0.025388792143825167,17101.519216493893
H1,14,4.0,H4,80,long,0.0,431,20.13851221696303,0.5537640944675669,0.11781319373259636,1.420558858236185,0.4060324825986079,0.001843920567650766,0.5951808623573396,0.10688171933446833,1.4767544415332954,0.9377262201010979,0.031392010605305165,19377.262201010948
H1,14,4.0,H4,80,long,1.0,410,19.15728540360752,0.5555948123688039,0.11781319373259613,1.4314628927974076,0.4121951219512195,0.001920387024569713,0.5991556361899176,0.10674998245098977,1.4890235903408366,0.9394859898402086,0.031435757716995916,19394.859898402083
H1,14,4.0,H4,80,short,0.0,404,19.054881198347108,-0.02188127446798031,0.25827551815282,0.9849380184820674,0.3341584158415842,-7.813438460508642e-05,0.16003539342220313,0.15695663002270432,1.1214267826785098,0.16129549427378098,0.0070778868235668035,11612.954942737786
H1,14,4.0,H4,80,short,1.0,389,18.34739798553719,-0.053525463573978055,0.25827551815281957,0.9627317477411701,0.33161953727506427,-0.00019626298199265153,0.14027615869454743,0.15093413972663283,1.1075153406374867,0.13642500565911364,0.006050106472923922,11364.250056591149
H1,14,4.0,H4,120,both,0.0,849,39.740772779700116,0.4019442532775534,0.16759546418193694,1.2275280152719705,0.37220259128386335,0.0010946415596187389,0.48139955199594503,0.1105748523755552,1.287939297132323,1.1819248341976092,0.037195739837283526,21819.248341976116
H1,14,4.0,H4,120,both,1.0,816,38.19607843137255,0.3385199294453325,0.17679660753652615,1.1928846969889941,0.3700980392156863,0.0009478434244869097,0.4501039717597269,0.11801932338297605,1.2635897433633463,1.0357026561627976,0.03383346213676419,20357.026561628056
H1,14,4.0,H4,120,long,0.0,481,22.51509034986544,0.4978260831972905,0.2451677650937072,1.3812421794046805,0.3970893970893971,0.0017319298306324264,0.517852487243174,0.19475224468026775,1.4438647071730422,1.0308957927941687,0.033719064814620836,20308.95792794171
H1,14,4.0,H4,120,long,1.0,458,21.43848519800077,0.4413916429555415,0.24516776509370708,1.3408282764944908,0.3951965065502183,0.0015857286090208893,0.4918011099990995,0.18748558370510815,1.430981274201456,0.9633229228560936,0.032083004933028736,19633.229228560936
H1,14,4.0,H4,120,short,0.0,409,19.213794212218648,0.1236548894636252,0.21844049163703216,1.0999613190656297,0.34963325183374083,0.0005045478165460537,0.21617778477757452,0.13632795755190552,1.1613072279489565,0.2298380319898199,0.009766201116146345,12298.380319898202
H1,14,4.0,H4,120,short,1.0,396,18.603086816720257,0.1085426419402846,0.21844049163703083,1.0890427171401493,0.351010101010101,0.0004544797041384224,0.2141920827790821,0.13496911340525308,1.1623839839037269,0.22741332730564157,0.009672589459889691,12274.133273056415
H1,14,4.0,D1,20,both,0.0,972,45.498269896193776,0.5431376692689991,0.17346442586622934,1.2961409063815226,0.3775720164609053,0.0014444174014034555,0.5886784738416788,0.11996679971753843,1.3416061487572706,1.7368843165691392,0.04825634929398781,27368.84316569137
H1,14,4.0,D1,20,both,1.0,936,43.813148788927336,0.4981564744476984,0.17346442586623034,1.274444054512175,0.3782051282051282,0.0013631160624899676,0.5730260949063714,0.12270544543275352,1.338594334606911,1.706420773280036,0.047707270562861614,27064.207732800383
H1,14,4.0,D1,20,long,0.0,605,28.319396386005383,0.6154033147390768,0.1640538492499647,1.4187243047994553,0.3950413223140496,0.001913007498157041,0.6035339461223347,0.16545866216191762,1.4529758077238446,1.4224023989162111,0.04228419825849783,24224.02398916207
H1,14,4.0,D1,20,long,1.0,578,27.055555555555557,0.5615750182735583,0.1640538492499647,1.385613379880685,0.3944636678200692,0.0018011761617431781,0.5826409951909879,0.16292228780769324,1.44512948078506,1.3702709229767809,0.04122332628681136,23702.709229767843
H1,14,4.0,D1,20,short,0.0,507,23.8175884244373,0.204819864971095,0.22314288021271034,1.1513641193634958,0.368836291913215,0.0007715847873404922,0.30298662110516184,0.13675605425147552,1.2330313195544227,0.44199174162278076,0.01734363529900529,14419.91741622783
H1,14,4.0,D1,20,short,1.0,494,23.206881028938906,0.19325845169751626,0.22314288021271045,1.1445091579229587,0.37044534412955465,0.0007437713484579093,0.30015204256953537,0.1329432103235484,1.233922858496731,0.4366264745686155,0.017165497022300746,14366.264745686143
H1,14,4.0,D1,32,both,0.0,1037,48.790963545021256,0.3591942740473289,0.2515592766548216,1.170426987738195,0.3712632594021215,0.0008491974282907906,0.46383575582877595,0.1518658456465224,1.24778340753373,1.2302874099101073,0.03846153639873928,22302.874099101115
H1,14,4.0,D1,32,both,1.0,998,46.95600927476491,0.3139062618018257,0.25155927665482114,1.15047010784511,0.3717434869739479,0.0007630689607454264,0.44353832893974293,0.14315321117438629,1.2416379445078516,1.1735758019177114,0.03720382767575492,21735.758019177207
H1,14,4.0,D1,32,long,0.0,625,29.410106931203295,0.4321536670878107,0.2154069296176958,1.266046599881784,0.384,0.0012938160948449467,0.4991916020935077,0.1588216633709566,1.338742946547025,1.0479422542577432,0.03430689366276218,20479.42254257744
H1,14,4.0,D1,32,long,1.0,597,28.092534140685387,0.37911199159250303,0.21540692961769525,1.2358718795885286,0.38358458961474035,0.0011692694423398359,0.4766044778128654,0.15766767581257324,1.3321928412728603,1.0000223765118634,0.03315515653166434,20000.223765118637
H1,14,4.0,D1,32,short,0.0,510,23.99864725586189,0.09071634869927377,0.24893585094524295,1.0594883180151844,0.35490196078431374,0.0003040493407439898,0.21940285792620648,0.1679539269937078,1.1639123004704541,0.2936301932927776,0.012188403240474655,12936.30193292778
H1,14,4.0,D1,32,short,1.0,494,23.245748518423085,0.04977849351458478,0.2486480991012442,1.032816540212223,0.354251012145749,0.00017073978962675932,0.20980293657533336,0.16751370175237723,1.1592239455089994,0.27864229789693806,0.0116334997429417,12786.422978969378
H1,14,4.0,D1,50,both,0.0,1068,50.52285973319518,0.3090752089749009,0.2282373458815331,1.1382202762626454,0.3661048689138577,0.0007059539492517945,0.4356748226771766,0.17828897270887556,1.2197011986113733,1.1506081086698399,0.036888743937693036,21506.08108669842
H1,14,4.0,D1,50,both,1.0,1029,48.67792384406165,0.29606912600610585,0.2282373458815331,1.134409201963277,0.369290573372206,0.000696201665936362,0.4194379497152049,0.18568118748360463,1.2149588301376473,1.1004528470778272,0.03573189736031823,21004.528470778285
H1,14,4.0,D1,50,long,0.0,630,29.80281051677244,0.5387920761800378,0.16293840649930458,1.3413603652656736,0.3904761904761905,0.0016469332645321136,0.5909997023246463,0.12797108613595198,1.4139314113039123,1.445095396596801,0.04320279098786206,24450.9539659681
H1,14,4.0,D1,50,long,1.0,603,28.525547208910762,0.5297269169506308,0.16293840649930447,1.3426761360065431,0.3963515754560531,0.0016738487287790624,0.5805138559970948,0.1259369931809352,1.4147301400379246,1.4088292235176096,0.042465602240176814,24088.292235176144
H1,14,4.0,D1,50,short,0.0,507,24.143644067796608,-0.10954677653588406,0.3164292227729093,0.9356654546655448,0.3333333333333333,-0.0003465125555193809,0.02544397188141832,0.23749016327704298,1.0163858294061638,-0.004838357227558987,-0.00023093799909301715,9951.616427724404
H1,14,4.0,D1,50,short,1.0,493,23.476955671447197,-0.11207226867748964,0.3164292227729103,0.9335271549434209,0.33468559837728196,-0.0003632496741824978,0.026229700637883005,0.23729426867475045,1.0170261491096022,-0.0037609412829998634,-0.00017941981769431514,9962.39058716998
H1,14,4.0,D1,80,both,0.0,1082,51.94538643533123,0.24771486461495915,0.25029684918569994,1.1100192515294134,0.36414048059149723,0.0005558335651425453,0.43094128455739705,0.1620646253566066,1.2191968467196275,1.1675302087151787,0.03783722093909647,21675.302087151857
H1,14,4.0,D1,80,both,1.0,1052,50.78548770816812,0.2609523348253071,0.260891203622006,1.1175225860326168,0.36977186311787075,0.0005972876380793732,0.43632710954625975,0.16161393872301788,1.2240474003595967,1.176007682348207,0.03824683823799835,21760.07682348204
H1,14,4.0,D1,80,long,0.0,631,30.293473974763405,0.4514984309867035,0.21547831462112477,1.2730138797848027,0.38827258320126784,0.0013480397091454354,0.5698441431258064,0.15301570012018484,1.3918118115576072,1.3519622322758398,0.04191401218080304,23519.622322758394
H1,14,4.0,D1,80,long,1.0,610,29.447858842188737,0.4489314848002913,0.21547831462112554,1.2754359052580566,0.39344262295081966,0.0013712627523252163,0.5720152465462378,0.1503432739065811,1.3986133777493883,1.3500056925171595,0.042109651290010985,23500.056925171615
H1,14,4.0,D1,80,short,0.0,513,24.850563660477455,-0.1528728162235022,0.2934114594969155,0.9090425087983861,0.33528265107212474,-0.00048109002491678564,0.08359148355617442,0.16354014103927839,1.056897458402326,0.07281844557307982,0.0034107300528007922,10728.184455730792
H1,14,4.0,D1,80,short,1.0,503,24.366147214854113,-0.13871804447292488,0.29314074739365126,0.9163722095033124,0.3399602385685885,-0.00044428618054511077,0.0993786307981737,0.1655224560997055,1.0690232179282932,0.09615182674922007,0.0044571229826526615,10961.518267492178
H1,14,4.0,D1,120,both,0.0,1106,53.790479360852196,0.12599267567729858,0.31855629250950124,1.0518250483915557,0.35985533453887886,0.0002675523315736604,0.2911598063909195,0.24261114744881906,1.1281792980623264,0.6136593947590314,0.023545049608174162,16136.593947590261
H1,14,4.0,D1,120,both,1.0,1083,52.73506865751233,0.10252975906884822,0.32049256850485863,1.0423622630328844,0.3610341643582641,0.00022089085661936359,0.2779057116258757,0.244123043174014,1.1230226937746293,0.5771117266067141,0.02243243244802673,15771.117266067216
H1,14,4.0,D1,120,long,0.0,633,30.78605193075899,0.4736312209548822,0.22379115554593554,1.2866728022760685,0.3949447077409163,0.0014260339021144107,0.5231456993942066,0.1960161375770274,1.356692944122356,1.1851325194504554,0.03874884484505592,21851.32519450455
H1,14,4.0,D1,120,long,1.0,618,30.092587654979337,0.43933339084216005,0.22379115554593576,1.2669678740761534,0.3948220064724919,0.0013429485505042887,0.5120113260586292,0.19173342703048712,1.3368752461415274,1.0890551993512188,0.03652428947247799,20890.551993512185
H1,14,4.0,D1,120,short,0.0,514,25.542653061224488,-0.3960228958986676,0.45366114431109417,0.7976797932388967,0.321011673151751,-0.0010727343389535294,-0.18993675768328977,0.28827657677082996,0.8996817842506925,-0.21395621400524423,-0.011892164815926254,7860.437859947564
H1,14,4.0,D1,120,short,1.0,506,25.558913013414465,-0.3879153641785087,0.4368198557195113,0.8019203240741325,0.3241106719367589,-0.0010579768288479059,-0.1902763783523682,0.2879038350784128,0.9000731184441559,-0.21252634582190044,-0.01199599036549548,7874.736541780978
H1,14,2.0,none,0,both,0.0,4358,202.25660736975857,0.23323762986548296,0.3686386648688492,1.0530329540451644,0.3223955943093162,0.00014932945615016367,0.3527794237352121,0.24372680553465542,1.091594250147244,1.3902673635494205,0.04127120786645588,23902.67363549401
H1,14,2.0,none,0,both,1.0,4185,194.25228745711019,0.22650008474010552,0.368638664868848,1.0525216636512935,0.3225806451612903,0.00014943128274242566,0.3498566967905817,0.24505652451157633,1.0920020272991036,1.3742455289856523,0.040951551207795145,23742.455289856498
H1,14,2.0,none,0,long,0.0,3755,174.27112452350698,0.5427986273855657,0.30475055160278586,1.1412152952113375,0.3374167776298269,0.00037956772072088773,0.5954148962342528,0.25530432883936593,1.1677628929766966,2.54277164073096,0.06046233090360564,35427.716407309366
H1,14,2.0,none,0,long,1.0,3597,166.95949294700725,0.5305875897595832,0.3047505516027874,1.1410446953371447,0.33694745621351124,0.0003836316449422014,0.5938840550208634,0.25637664663790505,1.1696256763657709,2.5389527583131657,0.060417155599207906,35389.52758313156
H1,14,2.0,none,0,short,0.0,3756,174.31753494282083,-0.32550310214182154,0.6074402685239433,0.9275449700317114,0.29179978700745474,-0.0002052639376392728,-0.1416439278092511,0.5533126948912891,0.9656744969052828,-0.5051653817483686,-0.032123904214598764,4948.346182516316
H1,14,2.0,none,0,short,1.0,3593,166.79502414844941,-0.3245283631664047,0.6083689952029991,0.9261695279686015,0.2922349011967715,-0.00021161371862560063,-0.14123236607215317,0.5518707208864438,0.9654292192508563,-0.502337495427936,-0.03187586457216118,4976.625045720672
H1,14,2.0,H4,20,both,0.0,2253,104.69570610687023,0.17127895183525996,0.29454520515862903,1.0537122104918724,0.32046160674656016,0.00014340474966773522,0.2573942207836894,0.24396001446096038,1.0865592015318848,0.5459226709867842,0.02044935239444512,15459.22670986789
H1,14,2.0,H4,20,both,1.0,2156,100.1881679389313,0.165945545505222,0.29454520515863003,1.0530430808249853,0.31957328385899814,0.00014351911908472544,0.2591969025012534,0.24251884964880932,1.0881909686793085,0.5497133288599516,0.02056549157534815,15497.133288599529
H1,14,2.0,H4,20,long,0.0,1306,60.74321915191646,0.5286697756412791,0.13872531480381045,1.239287119551048,0.3560490045941807,0.0006089854719515227,0.6128297259859085,0.09234521849655586,1.285867512841293,1.2101896269290053,0.03757553612458531,22101.89626929
H1,14,2.0,H4,20,long,1.0,1242,57.766522348147205,0.5404884750565084,0.13872531480381012,1.2514840029162078,0.35507246376811596,0.0006480990679286369,0.6157079608237522,0.09228492039419156,1.2917604526917075,1.2111496953141394,0.0375964944732583,22111.496953141315
H1,14,2.0,H4,20,short,0.0,1247,58.0434242385625,-0.22466180783747725,0.35816254694520455,0.9099715104206118,0.2806736166800321,-0.00025551382783435946,-0.1525651878860807,0.34893661148836164,0.9312151419291035,-0.31702756835417223,-0.017591626589869458,6829.724316458317
H1,14,2.0,H4,20,short,1.0,1206,56.135019752771754,-0.23662881189593013,0.35233484729665265,0.9040429869808247,0.2810945273631841,-0.0002754999863579902,-0.15183537248682297,0.34369013266795456,0.9308812915966423,-0.31720779774174623,-0.017603695156774846,6827.9220225825775
H1,14,2.0,H4,32,both,0.0,2484,115.53304469629441,0.1722519676539826,0.4210578305362177,1.0524142539397865,0.31602254428341386,0.00014310883935574634,0.34678632953431915,0.3619401578542264,1.1125996504101787,0.9694646849669577,0.032025423141903486,19694.646849669694
H1,14,2.0,H4,32,both,1.0,2375,110.46335795237489,0.19061696259784786,0.4210578305362178,1.0594936327011955,0.31705263157894736,0.0001644108157439586,0.3540820482883583,0.35715530186247746,1.11629585960076,0.9847787379298512,0.032397285453980906,19847.78737929842
H1,14,2.0,H4,32,long,0.0,1335,62.15535372848949,0.4195765042394382,0.3055740944384403,1.1804902840157139,0.35280898876404493,0.00046452209537651754,0.5461625894187788,0.3066346890926782,1.2435511029474595,1.1848017330506653,0.03705658408840229,21848.017330506587
H1,14,2.0,H4,32,long,1.0,1274,59.315296367112815,0.4408512337804232,0.3055740944384402,1.1953678284800102,0.35243328100470955,0.0005079890011957399,0.554688343492423,0.30332760325147845,1.2509185116842003,1.1956587695277543,0.03729595548827991,21956.58769527757
H1,14,2.0,H4,32,short,0.0,1330,61.85948045332994,-0.07043415892842525,0.30440955678263826,0.9715186998828806,0.28421052631578947,-8.062607114283716e-05,-0.0022037750329391443,0.32503490294537907,0.9989962668190329,-0.08145168949410897,-0.003943803915231192,9185.483105058927
H1,14,2.0,H4,32,short,1.0,1270,59.06882719979626,-0.06204662899129704,0.2989751375756805,0.9743057933611787,0.2866141732283465,-7.373545745428063e-05,-0.00033010891836967953,0.3234768957796599,0.9998480097932567,-0.07737675938396327,-0.0037387161329900387,9226.232406160376
H1,14,2.0,H4,50,both,0.0,2761,128.531130512363,0.13199242098639777,0.3178377669071146,1.0374676012027761,0.3122057225642883,0.00010319083832495498,0.22862847711132234,0.28536584067445436,1.0689200827112968,0.5406196569099095,0.02032298416618805,15406.19656909912
H1,14,2.0,H4,50,both,1.0,2641,122.94484450675505,0.11760929356538376,0.3178377669071162,1.0340652503012793,0.3108670957970466,9.51105860809052e-05,0.22462608611301246,0.2897028266486178,1.0684420366352145,0.5289285850210534,0.019961229157168914,15289.285850210434
H1,14,2.0,H4,50,long,0.0,1482,69.01702154787708,0.41884181298220574,0.2728299638615145,1.177960640243758,0.3360323886639676,0.00045538900329608227,0.43575391357921145,0.2722265285013352,1.1855302022314336,0.8925326608063433,0.03015354880773735,18925.326608063348
H1,14,2.0,H4,50,long,1.0,1406,65.47768710952441,0.4095313762983487,0.27282996386151537,1.178561878713368,0.33428165007112376,0.00046382663559360853,0.43294600336749195,0.2739818183641286,1.1870837982888838,0.8869478718590951,0.030011778575271153,18869.478718590843
H1,14,2.0,H4,50,short,0.0,1393,64.8970982142857,-0.1928311222209544,0.4042533113647143,0.9279842703698149,0.2864321608040201,-0.0002121666862453195,-0.04444544014022941,0.3551392860624272,0.9806091396424528,-0.17654010177813984,-0.009008453547940887,8234.598982218664
H1,14,2.0,H4,50,short,1.0,1344,62.614285714285714,-0.21005694507772324,0.4118192827561816,0.9203867905830775,0.2857142857142857,-0.00023740360956340303,-0.056393753629980975,0.37027798851333393,0.9750574981173151,-0.2019795489061852,-0.010456185971700171,7980.2045109382025
H1,14,2.0,H4,80,both,0.0,2963,138.1812755362615,0.3712400957917276,0.1993468984946627,1.1020450895014637,0.3226459669254134,0.0002741753498683933,0.4960718919663432,0.1715448622482343,1.1424041009107277,1.5105014591915493,0.04386195347702038,25105.014591915547
H1,14,2.0,H4,80,both,1.0,2837,132.3051902451481,0.3555179959359024,0.19934689849466336,1.0997562272381525,0.3211138526612619,0.0002713775847769882,0.4910231868257656,0.16860837294242692,1.1427183083962378,1.4981728093852493,0.04362232724291126,24981.728093852333
H1,14,2.0,H4,80,long,0.0,1582,73.88128116609128,0.533550339150649,0.14131117067927945,1.2108743703642033,0.3501896333754741,0.000533526098433112,0.6335919658964372,0.15855996581834664,1.2611069176617933,1.5676823413745136,0.04502352085271366,25676.823413744973
H1,14,2.0,H4,80,long,1.0,1502,70.1451860375911,0.5586545178733048,0.14131117067927956,1.2284193880073104,0.35086551264980026,0.0005835384524620254,0.6427908169072266,0.1572815689045104,1.2694587669748303,1.579770041906234,0.04525275735923184,25797.700419062134
H1,14,2.0,H4,80,short,0.0,1469,68.50769279877426,-0.012299614911747346,0.2448883183987478,0.9954362682654383,0.291354663036079,-1.2966388354847567e-05,-0.009341617112206633,0.25414784903694243,0.9965704110080696,-0.07827906616372349,-0.0037941808554901035,9217.209338362807
H1,14,2.0,H4,80,short,1.0,1422,66.31581971399387,-0.06050819617582714,0.2448883183987467,0.9774003805084038,0.2883263009845288,-6.507302392941642e-05,-0.024797542424145613,0.25434290335223764,0.9908643622454344,-0.1054727560778349,-0.00518451371694173,8945.272439221673
H1,14,2.0,H4,120,both,0.0,3105,145.19283702470875,0.38309349669853177,0.26057400225642546,1.108207098510914,0.3223832528180354,0.000296244240834289,0.489982814183233,0.22423516916583175,1.162080062912557,2.0022092280493955,0.052750862905800444,30022.09228049419
H1,14,2.0,H4,120,both,1.0,2974,139.06714889258737,0.36853802244416944,0.26057400225642424,1.1063920540279435,0.3214525891055817,0.0002946902447124582,0.4816038928220733,0.22928474593480086,1.1615059932841005,1.966333337478714,0.052159223965796864,29663.333374787024
H1,14,2.0,H4,120,long,0.0,1631,76.29645876024591,0.5051715452616384,0.21625077510042923,1.210601389929911,0.34580012262415694,0.0005431192737123224,0.5102051904310131,0.20866433102012927,1.2616071230606953,1.7559543523905226,0.04856524901521064,27559.543523905013
H1,14,2.0,H4,120,long,1.0,1555,72.74125896516394,0.49638156119505483,0.21625077510042878,1.2124677257057033,0.3440514469453376,0.0005546081440793914,0.509813395998156,0.2078165289992434,1.2649708686614125,1.755192217474327,0.04855168266678911,27551.92217474318
H1,14,2.0,H4,120,short,0.0,1536,71.95382839553675,-0.03684343709070263,0.36606255442823354,0.9863860162978627,0.2942708333333333,-3.955343153555933e-05,0.10340681455405577,0.31149107984776137,1.0431886060427058,0.12418066865209854,0.005498471346412126,11241.80668652102
H1,14,2.0,H4,120,short,1.0,1479,69.28366679492112,-0.049713846434454624,0.3647170791965836,0.9813255061832159,0.29411764705882354,-5.487555361124602e-05,0.10219609368713704,0.3097035545314667,1.0431753159067467,0.1216773373584894,0.0053934717480756955,11216.773373584905
H1,14,2.0,D1,20,both,0.0,3394,158.706759697862,0.2844909961758396,0.3935620910460632,1.0754174817745021,0.3243959929286977,0.0002075477170857158,0.3971065364983803,0.2818877291008234,1.127241269504555,1.5953657349396488,0.045606634195043405,25953.65734939661
H1,14,2.0,D1,20,both,1.0,3254,152.16022276277045,0.24872168421561572,0.3860081014966138,1.0671773319401114,0.32237246465888136,0.00018707510706715837,0.39018361512226907,0.2829094310939678,1.1264955171284399,1.5731920169144944,0.04518719732615417,25731.920169144778
H1,14,2.0,D1,20,long,0.0,1999,93.48716389244558,0.4959106229580431,0.21333416628884405,1.1817358196441274,0.3396698349174587,0.00048083488963169977,0.4761637722832193,0.21849348588308726,1.2147860723903583,1.6836143107841615,0.047248960748946356,26836.143107841544
H1,14,2.0,D1,20,long,1.0,1912,89.41843790012804,0.4760647351141884,0.21333416628884316,1.1783792043029102,0.3378661087866109,0.0004775030505284099,0.4728533190031125,0.22071519104214632,1.2156327375626415,1.6773708005437,0.04713488852880854,26773.708005436896
H1,14,2.0,D1,20,short,0.0,1752,82.0723355136591,-0.16603097468651123,0.3974018996528328,0.9445642982685651,0.3019406392694064,-0.0001605644979230666,0.04003888550271772,0.308487194842085,1.0150375009992159,-0.013210633692172014,-0.000622781409110762,9867.893663078336
H1,14,2.0,D1,20,short,1.0,1687,79.02741439015006,-0.19443787150895483,0.3961229393637381,0.934119811787738,0.3005334914048607,-0.00019293469227582238,0.033605208926284644,0.31112984481013173,1.0127726823301182,-0.02794110690155427,-0.0013266526769629694,9720.588930984477
H1,14,2.0,D1,32,both,0.0,3473,163.11087180146586,0.1697636154927129,0.43802341769100117,1.044235127513006,0.3147135041750648,0.00012501382606543862,0.28130822376835257,0.267089778662843,1.0862014267519906,0.9123340648509302,0.030917133995383983,19123.340648509326
H1,14,2.0,D1,32,both,1.0,3330,156.3948180532339,0.11670359485832364,0.4380234176910005,1.0308785055402978,0.312012012012012,8.857768708350243e-05,0.27445393009953806,0.27260473769307325,1.0848681997708152,0.8909766774895651,0.03037349797501654,18909.766774895685
H1,14,2.0,D1,32,long,0.0,2043,96.11099304482225,0.3491599228673063,0.2072190482471148,1.1271703298482585,0.328928046989721,0.00035328109357036976,0.3874244726829684,0.19935762544283742,1.171288791779724,1.2893113609048354,0.039733347527890484,22893.113609048327
H1,14,2.0,D1,32,long,1.0,1959,92.19491689215307,0.3293906242068021,0.207219048247117,1.1222955915558241,0.3266972945380296,0.0003442999972862388,0.381095563372547,0.20062236418591117,1.1627848672253256,1.1949621955308385,0.03769164389915125,21949.621955308223
H1,14,2.0,D1,32,short,0.0,1679,78.85492477819211,-0.19146519299307926,0.4665135608869092,0.934296637584952,0.2948183442525313,-0.00018976258110362329,-0.08313674916703717,0.3568891596977989,0.9685276772165816,-0.23307732592183006,-0.012385834382315442,7669.226740781786
H1,14,2.0,D1,32,short,1.0,1608,75.52038060948952,-0.2424271746288631,0.46517645781046724,0.915747305978273,0.292910447761194,-0.00024718710110877495,-0.09012151049380897,0.35524800479985885,0.965442244800932,-0.24917888574944724,-0.013369539280912779,7508.211142505551
H1,14,2.0,D1,50,both,0.0,3484,164.6649844720497,0.18828073192237454,0.2986564968055272,1.0476935369925378,0.3140068886337543,0.000134324641087225,0.2987961461094407,0.24060010895532657,1.0875856163534416,0.9237670649656966,0.03140671696010222,19237.670649657117
H1,14,2.0,D1,50,both,1.0,3352,158.42624223602485,0.19952486044199932,0.2986564968055274,1.0515609433679567,0.3138424821002387,0.00014682029401571548,0.30199730540544883,0.2398380887916426,1.089574339257686,0.9326413377262435,0.031631095241200224,19326.41337726239
H1,14,2.0,D1,50,long,0.0,2037,96.27513586956522,0.5143973613292468,0.21170181467917804,1.1910056558184599,0.33529700540009816,0.0005140621811558962,0.5285985138163173,0.1985216225177907,1.2369182107501107,1.8317936255600458,0.05042700238263276,28317.93625560038
H1,14,2.0,D1,50,long,1.0,1953,92.30502717391303,0.5145907685177407,0.21170181467917792,1.1953937309959473,0.33538146441372246,0.0005313749025448693,0.5308108004725125,0.19715509563708744,1.2412783666874234,1.8368988863646676,0.05051643019782737,28368.98886364661
H1,14,2.0,D1,50,short,0.0,1655,78.76074918566775,-0.24517629250888545,0.4365655701190104,0.916262438954216,0.28700906344410876,-0.0002464638560786909,-0.1292271527985919,0.43922151543146615,0.9525566159022523,-0.2992396633166684,-0.01677996738836096,7007.60336683337
H1,14,2.0,D1,50,short,1.0,1601,76.19091205211727,-0.231673727592768,0.4318573666984177,0.9194380965668294,0.28669581511555275,-0.00023981561072733212,-0.12145464130595214,0.4352979481917232,0.9550735512354224,-0.2858854910583791,-0.015896278300452815,7141.145089416239
H1,14,2.0,D1,80,both,0.0,3488,166.81838418227053,0.14534681907921243,0.41017352945664365,1.0365246529985808,0.3170871559633027,0.00010313712186238597,0.3885170893903398,0.26778539641798904,1.115625241154238,1.5711532327795141,0.04620052162048505,25711.53232779526
H1,14,2.0,D1,80,both,1.0,3384,162.58958168902922,0.161303220241818,0.40390969985688807,1.0410922549257051,0.31708037825059104,0.00011701654074521047,0.39338625629704377,0.2684434029626621,1.117876392834749,1.5794212837949946,0.04657952152829692,25794.212837949995
H1,14,2.0,D1,80,long,0.0,1974,94.68200919238346,0.4351473612211895,0.18937107052715907,1.1534851686318393,0.3363728470111449,0.00042656900905952333,0.5268512329012653,0.18158579112362982,1.2190342944453731,1.9709752986094928,0.05361607178179706,29709.752986094918
H1,14,2.0,D1,80,long,1.0,1910,91.78101565583475,0.43744019129858824,0.18937107052715896,1.1566632215926245,0.33612565445026177,0.0004393749708296627,0.5271571955237543,0.1807200361628014,1.2210711783129453,1.9689761706049382,0.05368334946867015,29689.761706049267
H1,14,2.0,D1,80,short,0.0,1665,79.63090873379599,-0.3421657889890759,0.4622993272189272,0.8856395523147272,0.2912912912912913,-0.00033039112965286866,-0.12487882959790841,0.4411990833677488,0.9538694737572283,-0.3026027080267144,-0.017088924864171018,6973.972919732909
H1,14,2.0,D1,80,short,1.0,1622,78.229961706061,-0.31240133658303065,0.444486758372424,0.8942149798009011,0.2922318125770654,-0.00030747687834917247,-0.10990608652562897,0.4288480183678386,0.9591811598198529,-0.2753230102365132,-0.01541165594346372,7246.769897634897
H1,14,2.0,D1,120,both,0.0,3483,169.1035158846205,0.24353888744336247,0.37231811496057754,1.061343946042348,0.3172552397358599,0.00017178605431847067,0.41232222761100784,0.2625725556907579,1.119963566446644,1.667209130294716,0.04878276926741343,26672.091302947036
H1,14,2.0,D1,120,both,1.0,3406,165.45305226758876,0.2357048276539186,0.37231811496057854,1.059917373933772,0.31679389312977096,0.00016897330267826128,0.4121665191873059,0.26388465607283895,1.1204777644854682,1.66784955836249,0.04882157608622162,26678.495583624903
H1,14,2.0,D1,120,long,0.0,1964,95.35437990163499,0.5000499200249532,0.29349528391876134,1.1794371648042759,0.3406313645621181,0.0005005093904239311,0.5633204006807891,0.26564191127181536,1.2307172813479095,2.0831550938583345,0.05618809523524204,30831.550938583197
H1,14,2.0,D1,120,long,1.0,1914,92.97626014097618,0.47132619977997403,0.2934952839187619,1.1704173718488553,0.3390804597701149,0.0004799447089028002,0.5544016292309395,0.2711748705596261,1.2276606976005477,2.065552298416882,0.05592507847495076,30655.522984168816
H1,14,2.0,D1,120,short,0.0,1637,80.93046155928532,-0.16025915166567098,0.3214173310840778,0.9439818985068869,0.2871105681124007,-0.00015745338203819093,-0.0014706279263905315,0.35653816989022014,0.9994479824084284,-0.08343377767423177,-0.004297847901518215,9165.66222325774
H1,14,2.0,D1,120,short,1.0,1609,81.28454356846473,-0.1343705989182094,0.3214173310840778,0.9529427268886257,0.28837787445618396,-0.0001327203378356487,0.0010630439442816028,0.359455652828385,1.0003956181112057,-0.0768144711914065,-0.004029567242936238,9231.855288085948
H1,10,1.0,none,0,both,0.0,10740,498.44790343074965,-0.2606186268755271,0.69495864080129,0.9614278572721062,0.26517690875232774,-6.738293891901164e-05,0.2408330297725848,1.0019282634199875,2.976297547127892,-0.9999999999996071,-0.7343899518455248,-2312.997325592766
H1,10,1.0,none,0,both,1.0,10352,480.4406607369758,-0.27917601113442503,0.6859775835879242,0.9579812581147735,0.2649729520865533,-7.435669507499641e-05,-0.44047034070403324,1.003476715848089,0.5997069160764431,-0.9999999980786692,-0.6060253116340342,-2145.613711408119
H1,10,1.0,none,0,long,0.0,8342,387.1557179161372,0.08277901544862094,0.5715657934024858,1.0137866628556162,0.26420522656437306,2.3572209928054822e-05,0.20214228164708858,0.8229058500627394,1.0398038973138737,0.5421882575017529,0.020308571790690566,15421.882575018124
H1,10,1.0,none,0,long,1.0,8003,371.422585768742,0.04487288320376646,0.5715657934024919,1.0076048189228408,0.2637760839685118,1.3177136369679413e-05,0.19750677180969642,0.852442790659955,1.0394196150524808,0.4621753511580142,0.01778886227610199,14621.753511581013
H1,10,1.0,none,0,short,0.0,7888,388.2350087589274,-0.7673883308114915,0.8246200044966356,0.8778239638682251,0.2549442190669371,-0.00020600036796259368,-0.1829881288668881,1.0020239990720896,0.8207078640748523,-0.999999945605308,-0.5610091513797544,-377.19205377228565
H1,10,1.0,none,0,short,1.0,7559,372.0922843665768,-0.7334691178099795,0.8089829321414775,0.8805701611110942,0.2557216563037439,-0.00020394311830301598,-0.27837299581138725,1.0001590770516384,0.7817269336024719,-0.9999999964087477,-0.6160219391425945,-363.3112386669325
H1,10,1.0,H4,20,both,0.0,6704,311.4916677267523,-0.21898316464854,0.529858578674473,0.9598411310747316,0.25894988066825775,-6.84940098440966e-05,-0.12815645844981413,0.8561699429008596,0.9737341047650248,-0.801708611834935,-0.07242242753967787,1982.9138816507898
H1,10,1.0,H4,20,both,1.0,6433,298.9000445235975,-0.2672429170554916,0.5298585786744736,0.9501909136322745,0.25773356132442093,-8.614417455521609e-05,-0.12279383659634104,0.886738466766169,0.9742695816951026,-0.849216446953619,-0.08415199181728483,1507.8355304639254
H1,10,1.0,H4,20,long,0.0,3541,164.61120656739214,0.2471324932662167,0.23528432489358087,1.065223553433473,0.264049703473595,0.00011049770915862875,0.2194039695164968,0.29760368151890715,1.0616943330298099,0.4224739711213681,0.016516900701957882,14224.739711213419
H1,10,1.0,H4,20,long,1.0,3383,157.26622756777397,0.17021156770462836,0.2352843248935823,1.0455416230437222,0.2616021282885013,7.840026967251065e-05,0.19090445000267828,0.31804972938468545,1.053846874153507,0.35458806284262856,0.014208744907607818,13545.880628426185
H1,10,1.0,H4,20,short,0.0,3562,165.50318025696478,-0.5869202270138633,0.6075538653275037,0.8590556517350088,0.25210555867490175,-0.00023897105891337753,-0.6000955711093409,0.9100597148942521,0.8540091956188322,-0.9062805697176595,-0.10416598083980944,937.1943028234286
H1,10,1.0,H4,20,short,1.0,3423,159.04474621549423,-0.5825969191441919,0.6069722140537896,0.8574664675458249,0.2521180251241601,-0.0002448806933493018,-0.6041226082726564,0.9100804058067379,0.8524455352524657,-0.9059124671311182,-0.10400280071495971,940.8753286888397
H1,10,1.0,H4,32,both,0.0,7042,327.4045952138493,-0.2741124569407212,0.6407676873686305,0.9491647544337148,0.2600113604089747,-8.74897965178819e-05,-0.1817724257535202,1.092013050428597,0.9450436990417242,-1.1139630452917777,,-1070.7290484975772
H1,10,1.0,H4,32,both,1.0,6751,313.87509546843177,-0.29365821195112474,0.6407676873686279,0.9444436408145938,0.2599614871870834,-9.683234641607505e-05,-0.19045534591846033,1.085165855313105,0.9421773572105053,-1.1041700691289822,,-972.7992868696323
H1,10,1.0,H4,32,long,0.0,3660,170.22984846555457,0.029752569321684658,0.3632775667910634,1.0072485841435452,0.26366120218579236,1.2266836887664951e-05,0.1228414548723552,0.47192741983170006,1.033067367244443,0.18046883370373346,0.007746549776655565,11804.688337037178
H1,10,1.0,H4,32,long,1.0,3497,162.64857379345474,-0.02483848231313972,0.36327756679106227,0.9938476098350604,0.2627966828710323,-1.0550718420126202e-05,0.11258287673212983,0.4852152364402361,1.0305098707202016,0.1477864010124843,0.006431431768660234,11477.86401012469
H1,10,1.0,H4,32,short,0.0,3671,170.71972880061116,-0.3709053271287525,0.5683685438411998,0.9001256416101081,0.25687823481340233,-0.00017302559981802697,-0.3090988346894575,0.9629239449130653,0.8464405723881366,-0.9514510433512446,-0.13123794995103455,485.48956648754677
H1,10,1.0,H4,32,short,1.0,3525,163.93000381970973,-0.35601684654175786,0.5683685438412005,0.9020283698611229,0.25758865248226953,-0.00017194879573260402,-0.3277968613652511,0.9559125211175481,0.8422008230019211,-0.9429124870921766,-0.12466763285166471,570.8751290782295
H1,10,1.0,H4,50,both,0.0,7295,339.5996367575835,-0.2208518956680964,0.6435651074891099,0.9616231854649304,0.25894448252227553,-6.527712111960262e-05,-0.10074072093533908,1.0011270017788887,0.8850897921113551,-1.0000002047748249,,1315.9932737900504
H1,10,1.0,H4,50,both,1.0,6991,325.69677933673466,-0.22261554003922382,0.644370864096409,0.9605033267145778,0.259190387641253,-6.804884174281473e-05,0.21432469234175872,1.0013544513980137,49.473680386331885,-0.9999999270532982,-0.5349478731816159,1348.8740255778114
H1,10,1.0,H4,50,long,0.0,3818,177.80498533724338,-0.03469388603477758,0.4444746841872955,0.991624257031973,0.2582503928758512,-1.4152192490835662e-05,0.13247336445616745,0.75253464029211,1.0379495769975424,0.1822324636620185,0.007826531023226169,11822.324636620428
H1,10,1.0,H4,50,long,1.0,3629,169.26219512195124,-0.05444347576262127,0.44568445476278595,0.9865478323853982,0.25737117663268116,-2.3078566752328396e-05,0.12578945714817463,0.7658157979072423,1.0362654981214885,0.14302201497747946,0.006254316740509802,11430.220149775045
H1,10,1.0,H4,50,short,0.0,3697,172.21390766483867,-0.3983830706719587,0.5563369825828428,0.8963330939949115,0.2553421693264809,-0.00018216015760683324,-0.3619547552757671,0.938371359857949,0.8571615326304483,-0.9314719158928955,-0.11738287259042657,685.2808410710488
H1,10,1.0,H4,50,short,1.0,3572,166.4123724489796,-0.37730083770365785,0.5563369825828406,0.8999431791585912,0.2567189249720045,-0.00017780577073555037,-0.35416543589639743,0.9257347423854583,0.8608367450584788,-0.9162451920855118,-0.10910777843310449,837.5480791448812
H1,10,1.0,H4,80,both,0.0,7497,349.5824396782842,-0.12187158740219303,0.6675322384661595,0.9782489355863299,0.26223822862478324,-3.734190467294321e-05,-0.15130841989312505,1.0767096485007275,0.9555640548281357,-1.1095085207213582,,-841.1878511494903
H1,10,1.0,H4,80,both,1.0,7195,335.50028724626577,-0.176975247299281,0.667532238466158,0.9679058700031363,0.2614315496872828,-5.587193814166609e-05,-0.15098464032347228,1.0728523451420526,0.95592747497842,-1.1000862526527788,,-746.9651704636979
H1,10,1.0,H4,80,long,0.0,3995,186.54739836358988,0.05001248593917678,0.43977796893658017,1.0118028299472521,0.255819774718398,2.0110921897405565e-05,0.15597988761554782,0.7037651565475799,1.043466077950012,0.30974975840356267,0.012679770590636075,13097.49758403563
H1,10,1.0,H4,80,long,1.0,3795,177.20835464075685,-0.003170538158926733,0.43978050861733886,0.9992380521416742,0.255862977602108,-1.3203098034578098e-06,0.14629357276495442,0.7284589632349971,1.0412567518856035,0.26307996465874517,0.010965500795252936,12630.79964658755
H1,10,1.0,H4,80,short,0.0,3675,171.36394101876675,-0.18544153454717882,0.5716741690396634,0.9501535351051553,0.2677551020408163,-8.582355341859851e-05,-0.3179061385196762,0.9410891769218356,0.8433624636607511,-0.9213764720493717,-0.11182200785608454,786.2352795062814
H1,10,1.0,H4,80,short,1.0,3571,166.51445806204518,-0.21592513456714263,0.5716741690396614,0.9412703871948753,0.2654718566227947,-0.00010218776149789403,-0.3266486880498284,0.92374331164399,0.846544637572654,-0.8998949952442001,-0.10176161618012225,1001.0500475579992
H1,10,1.0,H4,120,both,0.0,7630,356.6949315243824,0.029118157898498018,0.5574970457092221,1.0051134595969669,0.26107470511140235,8.705880159905659e-06,0.15697585996089497,0.6173879491806364,1.03079977074284,0.30966906332836985,0.01269155216561968,13096.690633283382
H1,10,1.0,H4,120,both,1.0,7316,342.01574299244845,0.00021168932828159813,0.5574970457092198,1.0000378699336698,0.26120831055221433,6.535142959523243e-08,0.15412404847284047,0.6337848534891374,1.030564390084403,0.2946526227397668,0.012145744401323988,12946.526227397193
H1,10,1.0,H4,120,long,0.0,4049,189.35944302176696,0.1049566057483313,0.44671857187515873,1.0248088895418215,0.261299086194122,4.2299449418713625e-05,0.184408111608856,0.6368658430158991,1.049361422090814,0.41762276028903544,0.01645471078714511,14176.227602890098
H1,10,1.0,H4,120,long,1.0,3851,180.09958386683738,0.057951357020822866,0.44671857187516173,1.013958934913076,0.260711503505583,2.4215200464572894e-05,0.17705537848904723,0.6524185408368139,1.0479427807424293,0.3936420973303951,0.015644022443942918,13936.420973303808
H1,10,1.0,H4,120,short,0.0,3705,173.5605040400154,-0.0669666986761663,0.32406548226581544,0.9826478408274103,0.2591093117408907,-2.9496340542095e-05,-0.022603521290400372,0.4052820358129309,0.9937386623643653,-0.134449598409783,-0.0067411017171715715,8655.504015902106
H1,10,1.0,H4,120,short,1.0,3585,167.93911119661408,-0.06823934169552616,0.32406548226581744,0.9820178394190032,0.2596931659693166,-3.08485083649123e-05,-0.022503874416746297,0.4052103896660234,0.9937165470880825,-0.13405229031149712,-0.006719748406361248,8659.477096884932
H1,10,1.0,D1,20,both,0.0,7896,369.13016766926916,-0.029627778458646864,0.5451197526889806,0.9949387980682922,0.26595744680851063,-8.637398253138379e-06,0.07636179170778183,0.7676987790287136,1.0157284703292002,-0.1263305857343553,-0.006293715124886745,8736.69414265667
H1,10,1.0,D1,20,both,1.0,7586,354.63797516958914,-0.061835704352702,0.5438517278456076,0.989262317898577,0.2656208805694701,-1.8581101794556793e-05,0.06569241416108752,0.7809252050991722,1.0136482432782385,-0.19132856832935863,-0.009878622895993061,8086.7143167065005
H1,10,1.0,D1,20,long,0.0,4443,207.73243087557603,0.1852817973529485,0.39900364044711,1.0421847705636915,0.2698627053792483,7.170855013511373e-05,0.2306940097264895,0.558962240540108,1.0584590140535672,0.5777116397452831,0.021548005728819764,15777.116397452583
H1,10,1.0,D1,20,long,1.0,4238,198.17302522084242,0.13748691231421575,0.3990036404471098,1.0318426998909247,0.2687588485134497,5.5090063967101435e-05,0.2218116964907241,0.5705057684067543,1.0567139427507568,0.556198006308017,0.02089514966499495,15561.980063079938
H1,10,1.0,D1,20,short,0.0,3867,181.14938437860715,-0.26458705872279875,0.4107768336208325,0.935670651643513,0.25885699508663046,-0.00010940960140019318,-0.23608685607030494,0.6235191967392573,0.9376832668748941,-0.536416389312703,-0.03537216523910569,4635.836106872965
H1,10,1.0,D1,20,short,1.0,3743,175.34061177375912,-0.25274076127784956,0.40843049423083877,0.9374739570784643,0.25968474485706655,-0.00010726953937829102,-0.23595417764029264,0.6225604051078086,0.937389499566603,-0.5321127267287658,-0.03495450945763212,4678.872732712345
H1,10,1.0,D1,32,both,0.0,7959,373.74964643867315,-0.14478666944658514,0.6111765306160819,0.9755676039933603,0.26159065209197135,-4.188579033880088e-05,-0.04100745995333758,0.781039724455134,0.9916899748154816,-0.5798169781692659,-0.03989903053732802,4201.830218307323
H1,10,1.0,D1,32,both,1.0,7659,359.6618346618668,-0.1941881949503164,0.6111765306160803,0.9667711620447991,0.2603473038255647,-5.780053121643743e-05,-0.048612346076143266,0.8197481491625066,0.9900386191329751,-0.6538036925586395,-0.048591843351267205,3461.9630744137216
H1,10,1.0,D1,32,long,0.0,4612,216.8833526458092,-0.09847056062971708,0.569931964449814,0.9784863390515591,0.25585429314830876,-3.764791083609255e-05,0.006335553906998328,0.7701748904542112,1.0016311479555382,-0.33284384325061167,-0.018852856819210673,6671.561567493928
H1,10,1.0,D1,32,long,1.0,4433,208.46572035534956,-0.1570235486155969,0.5699319644498134,0.9652736801061153,0.25400406045567336,-6.173039865725332e-05,0.0003055248866766526,0.7959854626497196,1.0000798056056681,-0.395640834018249,-0.023403394255804955,6043.591659817617
H1,10,1.0,D1,32,short,0.0,3671,172.3878567755207,-0.14091533681476578,0.352601172819755,0.9643934897569121,0.26614001634432033,-5.894892149339417e-05,-0.1374528380152892,0.47975489640119273,0.9634216733494314,-0.3126160480881115,-0.017449263707529084,6873.839519118921
H1,10,1.0,D1,32,short,1.0,3528,165.672666495243,-0.13777019584740557,0.35422523802925876,0.9645072432934908,0.26672335600907027,-5.951206434548278e-05,-0.13695526836708125,0.4788847798799234,0.9632409875521423,-0.31126001443556295,-0.017358326749534192,6887.399855644373
H1,10,1.0,D1,50,both,0.0,7958,376.1205357142857,-0.22309177641027758,0.6507276014846686,0.9629942301507848,0.2592359889419452,-6.350064837621602e-05,0.0933061921499627,0.9915362762146074,1.0329235285974308,-0.8314445379862444,-0.08070818638358435,1685.5546201375764
H1,10,1.0,D1,50,both,1.0,7681,363.02862965838506,-0.24783757765255435,0.6507276014846693,0.958275319962074,0.25856008332248404,-7.248450857851103e-05,0.09933760098886596,1.0003200992758954,1.048442442287537,-1.000182239560498,,846.1891421742114
H1,10,1.0,D1,50,long,0.0,4536,214.38586956521738,-0.022089319423561782,0.5192737432853667,0.9951482140047562,0.25617283950617287,-8.462103610744904e-06,0.10212372470927426,0.7058197137104123,1.0260066003536008,0.050535930858404354,0.002332813482618823,10505.35930858396
H1,10,1.0,D1,50,long,1.0,4372,206.63470496894408,-0.06804682407163608,0.5192737432853654,0.9848516382362397,0.25434583714547115,-2.676295829198882e-05,0.09275050160026482,0.7237795232387836,1.0238149266275878,-0.005630042130198576,-0.00026681008314133337,9943.699578698084
H1,10,1.0,D1,50,short,0.0,3652,173.81978107896794,-0.3999147733321394,0.5124669104316626,0.903674235779276,0.2612267250821468,-0.0001621109670661032,-0.4176743033576516,0.7308639336424695,0.8934084354610965,-0.6767832851509588,-0.05233688703997619,3232.1671484904095
H1,10,1.0,D1,50,short,1.0,3531,168.06069194683346,-0.3852645401848511,0.512466910431663,0.9056402320656822,0.2619654488813367,-0.00016066846573114946,-0.4048909024534416,0.7223237939703582,0.8957622679089258,-0.6631235444289744,-0.05046801527204081,3368.7645557102564
H1,10,1.0,D1,80,both,0.0,7935,379.4525726630008,-0.16272468956485625,0.5897055659234072,0.9729943467802389,0.2650283553875236,-4.6184031532963046e-05,0.08081104215266564,0.9775950183506392,1.0204732003454944,-0.7166585432350908,-0.05852366113690455,2833.4145676491153
H1,10,1.0,D1,80,both,1.0,7710,368.7896149816658,-0.1715605919562358,0.5897055659234083,0.9711558582854426,0.2648508430609598,-4.980376882624426e-05,0.06699581455511419,0.9728828265963206,1.0161486923435497,-0.7125187976193406,-0.05788511910974159,2874.8120238065867
H1,10,1.0,D1,80,long,0.0,4471,214.28063902375015,0.14255379837424376,0.353220794231371,1.0320051200112104,0.2614627600089465,5.572201269498818e-05,0.22474431449607615,0.41110648543459116,1.05583218209838,0.5688760315476886,0.021818904895796853,15688.76031547655
H1,10,1.0,D1,80,long,1.0,4335,207.92629678266582,0.11222838864909675,0.3532207942313713,1.0255187534209098,0.2602076124567474,4.484850453842457e-05,0.21492930664557258,0.4177198650134112,1.0534756585229028,0.532739581193926,0.020694808523704866,15327.395811938872
H1,10,1.0,D1,80,short,0.0,3651,174.59122152395915,-0.476429256184523,0.5275316656307907,0.8869356513421848,0.26787181594083814,-0.00018845590503891287,-0.46048555207597625,0.7953077406660558,0.8842317699818952,-0.789267019229591,-0.07175885645608726,2107.329807704087
H1,10,1.0,D1,80,short,1.0,3557,170.14068229439496,-0.4558446174876306,0.5278353036115415,0.8903707218742563,0.26876581388810794,-0.00018454707337933616,-0.4670016005714511,0.7958787062384537,0.8825791303395162,-0.7870821111502907,-0.0713188786270531,2129.1788884970897
H1,10,1.0,D1,120,both,0.0,7853,381.27186627675127,-0.14865102171005887,0.6634783567855531,0.9751366154834604,0.2625748121736916,-4.2613489290942405e-05,0.0978356113336651,0.9619912637319716,1.0227393521336456,-0.6567113889634172,-0.05058574475809541,3432.886110366132
H1,10,1.0,D1,120,both,1.0,7695,373.7995411623886,-0.16954136988685697,0.6634783567855539,0.9714231508635219,0.2621182586094867,-4.9335843116881264e-05,0.15491064288540016,0.9853693350983777,1.0422033316325248,-0.7315150562783101,-0.0618793865038636,2684.8494372170876
H1,10,1.0,D1,120,long,0.0,4416,214.40170144889007,0.13356286334039,0.46993318942702067,1.0300822064664703,0.26403985507246375,5.3117154286574354e-05,0.2303284644794168,0.5537864231795929,1.0583937772361993,0.6409553975394371,0.024337771587398027,16409.553975394072
H1,10,1.0,D1,120,long,1.0,4317,209.70664317063438,0.08595134824480612,0.4699331894270208,1.0194859037690018,0.26268241834607364,3.468302946189805e-05,0.20965689028517168,0.5656213123295499,1.0529066460891603,0.5462870264676594,0.021398308075089245,15462.870264676496
H1,10,1.0,D1,120,short,0.0,3593,177.55963333784334,-0.4060039378242545,0.4942662228184552,0.902158258854215,0.2607848594489285,-0.00016111115643558527,-0.33281738140930545,0.6976093667105515,0.9159519782469313,-0.6700212705062567,-0.05331730877518048,3299.787294937398
H1,10,1.0,D1,120,short,1.0,3532,175.37561174551388,-0.3837621641787054,0.49318206592588476,0.9068476702012217,0.26132502831257076,-0.00015440916207312382,-0.3330217489898474,0.6880350757742479,0.9160613763265815,-0.6594876660425346,-0.052086232011702704,3405.1233395746067
H1,14,5.0,none,0,both,0.0,975,45.33656906429026,0.42590664711987564,0.33255611521264616,1.209860739293747,0.3958974358974359,0.001172121283129142,0.49785196447286467,0.1393843136392533,1.2552019712013422,1.2871340169443704,0.039218135299118995,22871.340169443687
H1,14,5.0,none,0,both,1.0,942,43.80210057288351,0.44679426048212,0.33255611521264683,1.2254435411332543,0.4012738853503185,0.0012639646653810129,0.511062896144716,0.1427774451688396,1.2657604306766763,1.3110542152405675,0.03972101922385485,23110.542152405666
H1,14,5.0,none,0,long,0.0,903,42.020735125493694,0.670146409103674,0.34233821400906317,1.3547620206178927,0.42967884828349945,0.0018812861319923325,0.6843001483382213,0.23381324801801773,1.3693338791772227,1.9283586131014974,0.05126975225476005,29283.5861310149
H1,14,5.0,none,0,long,1.0,863,40.159351509746465,0.6602711271062833,0.3423382140090635,1.3591907064279576,0.43337195828505215,0.0019156562806542897,0.682532466160165,0.2276820352457115,1.3777385577612766,1.8995311447404006,0.050785893264683635,28995.311447403925
H1,14,5.0,none,0,short,0.0,904,42.035136855506046,-0.19566869851252436,0.47359821428547344,0.9154751017837047,0.3418141592920354,-0.0005276518286499279,-0.1668258107820449,0.33422919511397353,0.9262755896374498,-0.2621760885383013,-0.014038565919751722,7378.239114616951
H1,14,5.0,none,0,short,1.0,867,40.31467218332272,-0.23915649287564775,0.5223597213885933,0.8955220152022838,0.33679354094579006,-0.0006654631784004652,-0.1715363002010619,0.3268629123558604,0.9222502780808315,-0.26935746387929405,-0.01448687988141717,7306.425361207037
H1,14,5.0,H4,20,both,0.0,712,33.16643285295243,-0.010993485188712772,0.5513105487440322,0.9944615269441807,0.35814606741573035,-3.3251077977063456e-05,0.05797992927113114,0.4094095664553524,1.030980339478617,0.036588979780638686,0.0016753515574750022,10365.889797806429
H1,14,5.0,H4,20,both,1.0,686,31.9552990689963,-0.05753961839619028,0.5513105487440331,0.9708150963993168,0.3556851311953353,-0.00017813642585157944,-0.02328400815340461,0.42235112201658653,0.9883173032307909,-0.07559830130509582,-0.003655053444595935,9244.016986949024
H1,14,5.0,H4,20,long,0.0,560,26.059370620461205,0.40172862632340745,0.33377709077905726,1.2653946851783093,0.3982142857142857,0.0014736171863131565,0.4353916386824947,0.24513433949339503,1.2995627423741734,0.8056736531430084,0.027880442716616605,18056.73653143009
H1,14,5.0,H4,20,long,1.0,539,25.08214422219391,0.39606113997559717,0.33377709077905704,1.2675260411611033,0.4007421150278293,0.001493812354451691,0.4348407283046647,0.24245801827099633,1.3051784680095986,0.8023195365429852,0.02779151394803403,18023.195365429834
H1,14,5.0,H4,20,short,0.0,528,24.595332228032138,-0.46837955212218113,0.5933396496134555,0.769711883616094,0.3143939393939394,-0.0014534734034805025,-0.35024759938482447,0.37472564547941856,0.8162611949617609,-0.3357316935186063,-0.018874882248941294,6642.68306481391
H1,14,5.0,H4,20,short,1.0,504,23.477362581303407,-0.5174272676670544,0.5911991606023097,0.7440566569807426,0.30753968253968256,-0.0016573215180045767,-0.3729083036800694,0.3726873271220674,0.8005649607589432,-0.3552741259899388,-0.02023866225998905,6447.258740100602
H1,14,5.0,H4,32,both,0.0,582,27.062444302991725,0.21915873891264673,0.27180123314205684,1.1333201953485854,0.38316151202749144,0.0007585906376875666,0.266254756165206,0.13817423484656421,1.1649139167551315,0.36966379784578396,0.014734484261822223,13696.637978457877
H1,14,5.0,H4,32,both,1.0,562,26.132463399108847,0.18809299384419736,0.27180123314205684,1.1154298773303966,0.3807829181494662,0.0006689615354238961,0.2567392147921603,0.13160573729605307,1.1618204203429068,0.35570422617373265,0.014251232160138017,13557.042261737368
H1,14,5.0,H4,32,long,0.0,405,18.894654489717716,0.3989634457271422,0.23042169160399895,1.2921868562052263,0.4246913580246914,0.0014873109913593613,0.41400616248338906,0.16857329833425216,1.3097844791166056,0.5133227628431218,0.019516905218345926,15133.227628431267
H1,14,5.0,H4,32,long,1.0,388,18.10154553582833,0.4287661735301085,0.23042169160399917,1.3253408511410134,0.4329896907216495,0.0016481291716276699,0.43859051229878876,0.16832911773103565,1.3364928744916384,0.5416813722626701,0.02040035539195406,15416.813722626748
H1,14,5.0,H4,32,short,0.0,427,19.855092297899425,0.07241385396758165,0.18997570331767444,1.0523671944640705,0.3442622950819672,0.00031085186695586784,0.10428135111248626,0.1291938585086334,1.0758719487362252,0.09347664676914125,0.0041639022368142875,10934.76646769141
H1,14,5.0,H4,32,short,1.0,408,18.971610439210693,0.044165480483595074,0.18997570331767444,1.0323412990563743,0.33578431372549017,0.000197384044234264,0.09549795470028989,0.12789685597682,1.0709161424059557,0.08307426623968772,0.003717681922820848,10830.742662396859
H1,14,5.0,H4,50,both,0.0,510,23.8603176636352,0.11147104733451636,0.27711116545658554,1.0694322593699013,0.3588235294117647,0.00040425003477322145,0.1648268921746469,0.1937435513614425,1.1083966660005884,0.19257965095645346,0.008273743629146457,11925.796509564474
H1,14,5.0,H4,50,both,1.0,490,22.924618931727938,0.08477382038630087,0.2771111654565853,1.05350631494347,0.35918367346938773,0.0003153815872285944,0.16265168962516724,0.19285660764154522,1.1088250142310594,0.18851102479893211,0.008112548447548162,11885.110247989282
H1,14,5.0,H4,50,long,0.0,333,15.555473845760329,0.3977600531637604,0.21765640986383983,1.3741479726519854,0.42342342342342343,0.001981766625071601,0.39821596837387513,0.1686277140576905,1.3561123029946607,0.49218902247789686,0.018872537439427628,14921.890224778968
H1,14,5.0,H4,50,long,1.0,320,14.94820309502494,0.37749789626816005,0.21765640986383994,1.3615167800689867,0.425,0.0019329659876611157,0.39906006336362987,0.16609853111642225,1.3656355525566273,0.4913879781943058,0.018846980861406903,14913.879781943077
H1,14,5.0,H4,50,short,0.0,336,15.764161849710982,-0.43424074106823674,0.42550294205871964,0.7521794749506848,0.30952380952380953,-0.0015539502565385666,-0.26845141657182836,0.2505246682440422,0.826841939472499,-0.22022125150851957,-0.011602573589582055,7797.787484914794
H1,14,5.0,H4,50,short,1.0,323,15.154238921001925,-0.4463910479256295,0.4293207099458479,0.7421983112360518,0.30959752321981426,-0.001639776063724758,-0.28651555755539715,0.2575669896741941,0.8139373347024114,-0.2308962088187969,-0.012241583101430531,7691.0379118120145
H1,14,5.0,H4,80,both,0.0,503,23.496706739992327,0.3441565965327947,0.31180328843737015,1.2360451466492717,0.3956262425447316,0.00124985228706118,0.3649251554620443,0.2757969095950348,1.2521943740649997,0.5049982431053137,0.019279436831620034,15049.98243105309
H1,14,5.0,H4,80,both,1.0,477,22.28216523852155,0.34880018353546044,0.3118032884373704,1.2479399643200397,0.40041928721174,0.0013191742325611496,0.3700098192306798,0.27432723533758874,1.26301311758482,0.5093723851371008,0.019417630531761265,15093.723851370964
H1,14,5.0,H4,80,long,0.0,294,13.733661593554164,0.6540533753989515,0.13124571992351475,1.7364766842303243,0.45918367346938777,0.003542042895879644,0.7202550706438012,0.10664741620574514,1.850109709304692,1.1313626849731144,0.03598296787050104,21313.626849731158
H1,14,5.0,H4,80,long,1.0,276,12.89282516945901,0.7014256220459478,0.13124571992351386,1.8454700576331708,0.4782608695652174,0.003995035955162075,0.7495162512001423,0.10569207982971196,1.9224364335335862,1.1654653384860478,0.036751446809705435,21654.653384860456
H1,14,5.0,H4,80,short,0.0,302,14.310521536066423,-0.38510256215804506,0.42319993935618816,0.766493826496435,0.33112582781456956,-0.0013805956265200941,-0.33728424166910137,0.3152928898912709,0.7802099412742466,-0.23426589721033308,-0.012568587623008054,7657.341027896664
H1,14,5.0,H4,80,short,1.0,288,13.72188885990086,-0.47546478217521176,0.4231999393561887,0.7156973224980212,0.3229166666666667,-0.0017253722461164592,-0.4041877037044551,0.31032349365082346,0.7421991114008687,-0.263165262213503,-0.01444517445591742,7368.3473778649695
H1,14,5.0,H4,120,both,0.0,559,26.152779556807992,0.5125875871760969,0.17427376244481296,1.3691608288338162,0.4150268336314848,0.002009626532580283,0.5762985454438544,0.10110072589424501,1.4370588899587857,1.2066878434214119,0.03772408438803865,22066.878434214133
H1,14,5.0,H4,120,both,1.0,537,25.123510951710006,0.4720699319047797,0.17427376244481307,1.3448843273783444,0.409683426443203,0.0019095669802363098,0.5424154229967896,0.10086989468185237,1.4047615984871786,1.067460870306705,0.034564838387333596,20674.608703067104
H1,14,5.0,H4,120,long,0.0,320,14.971179710516203,0.6040602862035914,0.250420885573886,1.6149229967961267,0.45625,0.003137633108180106,0.6523830116509246,0.1647190263508751,1.6985448794502225,1.0415833941699022,0.03395536795813925,20415.83394169905
H1,14,5.0,H4,120,long,1.0,305,14.269405661585758,0.5930712143491578,0.250420885573886,1.6220004453833838,0.45901639344262296,0.0031922812127494226,0.6445788090538227,0.16637985957130785,1.708036147039807,1.0173145812700493,0.03337705633091437,20173.145812700495
H1,14,5.0,H4,120,short,0.0,298,13.988497622413572,0.038429702182349104,0.24589471881136693,1.0333440547606165,0.35570469798657717,0.00019177134395742366,0.07087071112448319,0.13591907789065827,1.0602803928322073,0.046640981477619636,0.002142154384284334,10466.409814776196
H1,14,5.0,H4,120,short,1.0,287,13.472143683331192,0.01416559774716674,0.2458947188113666,1.0124592371736183,0.34843205574912894,7.294131112592158e-05,0.05817924789742269,0.13599894455240347,1.0502944067618112,0.03475132831109495,0.0016048533829262634,10347.51328311094
H1,14,5.0,D1,20,both,0.0,605,28.3048866401947,0.6735994587222198,0.16080692001603092,1.4874689824915037,0.41818181818181815,0.00265377062074264,0.6633402821503606,0.11912124485629061,1.4934066735855418,1.5064708435419463,0.04392697797712475,25064.708435419358
H1,14,5.0,D1,20,both,1.0,582,27.228833098501347,0.6447627706112125,0.16080692001603136,1.4745281519020241,0.41580756013745707,0.002621104460618116,0.64876603035676,0.11988385935883528,1.4946165884325642,1.4654196835508762,0.04312076060501857,24654.196835508777
H1,14,5.0,D1,20,long,0.0,359,16.795792237735366,0.7886886012349872,0.15618415002901287,1.7938940934443008,0.4596100278551532,0.0038970860730157286,0.780128929499487,0.07548253511514169,1.8460021485775742,1.4368421803411908,0.04255192747315051,24368.421803411897
H1,14,5.0,D1,20,long,1.0,342,16.000448315614193,0.7715836439017039,0.15618415002901365,1.7991935760928528,0.4619883040935672,0.003956261304678682,0.7682059813586839,0.07305665890695268,1.854389119678488,1.4007231676712713,0.04182381388929368,24007.231676712705
H1,14,5.0,D1,20,short,0.0,310,14.563022508038586,0.13270891711472269,0.23323238654893863,1.1191321293457355,0.3709677419354839,0.0007079117180152296,0.14729616567252282,0.1437003388068453,1.1332340111786825,0.13331517525681602,0.005896413683503576,11333.151752568134
H1,14,5.0,D1,20,short,1.0,301,14.140225080385852,0.11198199088718735,0.23323238654893963,1.1015564798480675,0.3654485049833887,0.000612457318730756,0.12810664255448556,0.1416160877902587,1.1180154175552275,0.11200931850898965,0.004999991862203013,11120.093185089874
H1,14,5.0,D1,32,both,0.0,667,31.36626110467362,0.50539336785404,0.23374725097345428,1.3099932661130673,0.41679160419790107,0.0017469325027835735,0.591492271388934,0.1119627379454804,1.3959728202318953,1.2904750870871786,0.03974254782229214,22904.75087087172
H1,14,5.0,D1,32,both,1.0,639,30.049536500579375,0.4720049134135509,0.23374725097345384,1.2947642216742752,0.41471048513302033,0.0016882691885168179,0.564569128727106,0.10851608516150779,1.387439913242948,1.22465952258838,0.038317978083802995,22246.59522588381
H1,14,5.0,D1,32,long,0.0,389,18.295422353850114,0.7643081440361058,0.12674140929871336,1.7220143794809086,0.46786632390745503,0.003583590573533518,0.7993515801803662,0.06541780027881972,1.7995481664112751,1.502190339318446,0.044079998676008536,25021.90339318442
H1,14,5.0,D1,32,long,1.0,370,17.401815606489826,0.7379340715196192,0.12674140929871336,1.7173568052688615,0.4702702702702703,0.003594094387531777,0.7777037596621148,0.0667035714329246,1.8048725435813928,1.4513238594290558,0.0430719525367218,24513.238594290597
H1,14,5.0,D1,32,short,0.0,332,15.68123626018363,-0.07980310140672826,0.3795199246437133,0.9438664031844578,0.35542168674698793,-0.00035442466817255336,0.029162705965717777,0.21197371387331965,1.022645242420533,0.00664962458469831,0.00031308867329249424,10066.496245846969
H1,14,5.0,D1,32,short,1.0,321,15.1616772274667,-0.12259036992139104,0.379519924643713,0.9134654698963688,0.34579439252336447,-0.0005591793696926372,-0.02070253561554827,0.20962768769549356,0.9843098528708887,-0.03934835142728765,-0.0018942834533609565,9606.516485727101
H1,14,5.0,D1,50,both,0.0,706,33.38077669902913,0.2919720627862414,0.2868706816749985,1.1622882484321675,0.3951841359773371,0.0009648913600396119,0.35529825169243734,0.17305980336333293,1.2092021622132931,0.6421354719131633,0.023728682323626238,16421.354719131643
H1,14,5.0,D1,50,both,1.0,677,32.00961165048544,0.30308658439968367,0.2868706816749982,1.1733284946599354,0.4017725258493353,0.0010337484020017855,0.36081111741312855,0.17235525006074304,1.2171415905623568,0.6487457651343453,0.023923154264894775,16487.45765134346
H1,14,5.0,D1,50,long,0.0,419,19.810970873786406,0.5421862154955542,0.15187331679206129,1.4460886213476842,0.431980906921241,0.0024576375958003296,0.609150356927136,0.10288924815665568,1.5553157826361717,1.1664313609457921,0.03722874030220136,21664.31360945792
H1,14,5.0,D1,50,long,1.0,400,18.9126213592233,0.5531877055327787,0.1518733167920615,1.4722366349715537,0.44,0.002600165848503534,0.6172449241768445,0.10099739787414108,1.5797149251136569,1.1744515420497845,0.03740997477637853,21744.515420497926
H1,14,5.0,D1,50,short,0.0,322,15.341834072528044,-0.13814499316958487,0.3124751994133249,0.902848673915314,0.35093167701863354,-0.0006229982138981375,-0.0636802613422719,0.21499385056911047,0.9523580715815282,-0.07682991032392705,-0.0038016174711941186,9231.700896760705
H1,14,5.0,D1,50,short,1.0,311,14.81773415079572,-0.12964704770087807,0.31247519941332524,0.9070406284310587,0.35691318327974275,-0.000599332945083886,-0.04632287419030797,0.2046702303178567,0.9647020649382482,-0.06133174322321333,-0.0030110883070902927,9386.68256776783
H1,14,5.0,D1,80,both,0.0,729,34.979933000525484,0.3678600475846618,0.18806757076064984,1.2038848177006123,0.39643347050754457,0.0011716879314777595,0.4996869209786185,0.1201497547085455,1.297992176688725,1.0539955273551684,0.03514121635566392,20539.955273551597
H1,14,5.0,D1,80,both,1.0,705,33.83277493102089,0.39639709676097035,0.18806757076065006,1.2258164153470674,0.40283687943262414,0.0012983823681267763,0.5188445772181358,0.11705508191319847,1.3147831842296385,1.0919961891377516,0.03605697168445632,20919.961891377447
H1,14,5.0,D1,80,long,0.0,413,19.817163688912242,0.5110474099539581,0.1799005455156112,1.40331069004392,0.43825665859564167,0.002222408742044848,0.63852514848314,0.08592416685174453,1.578642621781726,1.1823559384425884,0.03815647712092707,21823.55938442587
H1,14,5.0,D1,80,long,1.0,396,19.003941663381948,0.5339425536266014,0.17990054551561108,1.4369717307691698,0.44696969696969696,0.0024014762521010684,0.6485348668674222,0.08595055544872487,1.6031963517290595,1.1926013279560688,0.03839495636274104,21926.01327956068
H1,14,5.0,D1,80,short,0.0,341,16.842494929006087,-0.01719594974972502,0.25299507245508024,0.9874648738248855,0.3489736070381232,-7.521817190855222e-05,0.14716457633389804,0.158837052033308,1.1222225139932938,0.13672821455605266,0.0063497982059905755,11367.282145560506
H1,14,5.0,D1,80,short,1.0,333,16.4473630831643,-0.009045738458026191,0.2529950724550809,0.993303679671472,0.35135135135135137,-4.041571794971896e-05,0.14940014566853468,0.15947702066658798,1.1251056067399734,0.1390672438508298,0.0064519757924641485,11390.672438508309
H1,14,5.0,D1,120,both,0.0,746,36.26250998136811,0.25479130904190384,0.3117527104961414,1.1311420684209268,0.3914209115281501,0.0007659628093691041,0.39346861592508664,0.18225652666209424,1.2188831718754025,0.7414531508792326,0.027331358339033773,17414.53150879235
H1,14,5.0,D1,120,both,1.0,730,35.52258193445244,0.24402975187475753,0.31175271049614084,1.126819554333859,0.3917808219178082,0.0007452444805358296,0.39611781025852666,0.18387134777676395,1.2214786262358375,0.739308749464918,0.027299287274384243,17393.08749464918
H1,14,5.0,D1,120,long,0.0,430,20.901982965131754,0.5833236611855185,0.1976631416367861,1.457586396908707,0.4441860465116279,0.0025317957351344805,0.6874817562248066,0.10523119820758442,1.5974809521189157,1.3068830738921746,0.041469140269066784,23068.830738921763
H1,14,5.0,D1,120,long,1.0,419,20.38898880895284,0.5622514161014364,0.1976631416367859,1.4456313565475707,0.4439140811455847,0.002486117019694573,0.6675051844220856,0.1106273429558744,1.5877422336589684,1.2543394494180076,0.04034718840750062,22543.3944941801
H1,14,5.0,D1,120,short,0.0,335,16.647448979591836,-0.3218698715622368,0.3806107556679863,0.8013238443189297,0.33432835820895523,-0.0012225577977906146,-0.18838636581228033,0.23528040639373837,0.8738657381079288,-0.1697818953082182,-0.009203766218109699,8302.181046917822
H1,14,5.0,D1,120,short,1.0,330,16.398979591836735,-0.30678180067839406,0.38061075566798597,0.8084418333116963,0.33636363636363636,-0.0011816591284916703,-0.18369265287755696,0.23676093622019012,0.87654356172067,-0.16565953801539401,-0.00895986267137805,8343.404619846064
H1,14,1.5,none,0,both,0.0,6658,309.0005717916137,0.2013424344712689,0.44657582660722295,1.039581695346745,0.28567137278462,8.779699527785107e-05,0.3155797186602569,0.48729692752246534,1.0687260058117936,1.4873349605038744,0.0431966736603262,24873.349605038475
H1,14,1.5,none,0,both,1.0,6403,297.16591486658194,0.17938141245672,0.4683139034345075,1.03597322733698,0.2850226456348587,8.054596143017841e-05,0.3043443444212579,0.5089491094999801,1.0668555591608078,1.430322568320161,0.0420746333501254,24303.225683201366
H1,14,1.5,none,0,long,0.0,5602,259.99116899618804,0.457492499099943,0.373134790356185,1.100365731003674,0.2900749732238486,0.00021356936770875587,0.4924178749728133,0.43197528243607863,1.1129792592405117,2.474811049648794,0.05950947169883025,34748.110496487374
H1,14,1.5,none,0,long,1.0,5378,249.62695386961497,0.42533964252245354,0.37313479035618713,1.0951292514487938,0.2891409445890666,0.00020479717022175775,0.48235513823931175,0.43812213319623783,1.1113855824773773,2.439296378039426,0.059012151096393906,34392.9637803937
H1,14,1.5,none,0,short,0.0,5603,260.0375794155019,-0.3844560073371008,0.6679424857763663,0.9243418303034179,0.26771372479029093,-0.00016477197222291315,-0.28902450410492914,0.8584948091249486,0.9402656418850251,-0.8386694252299275,-0.08118135610061661,1613.3057477007073
H1,14,1.5,none,0,short,1.0,5371,249.27036213468867,-0.38245374958767603,0.6635441019146765,0.9231346227519756,0.2684788679947868,-0.0001692540329866677,-0.2896337794871125,0.8571412681587148,0.9397582713190346,-0.835841264441825,-0.08043999681423042,1641.5873555817257
H1,14,1.5,H4,20,both,0.0,3934,182.81087786259542,0.15301033349784696,0.37158063404366715,1.040632573670596,0.28037620742247077,8.596594399323905e-05,0.2626513306596577,0.48691164484846383,1.0823743736601075,0.973329848653117,0.03209047878191451,19733.298486530948
H1,14,1.5,H4,20,both,1.0,3773,175.32929389312977,0.14150511684710126,0.3715806340436675,1.0383748190071216,0.27988338192419826,8.223055424407643e-05,0.2613188934737994,0.48181875527467766,1.0827084057291145,0.9659819503329252,0.031911574354972716,19659.81950332902
H1,14,1.5,H4,20,long,0.0,2073,96.41706990958869,0.4948892857934698,0.1884476860691363,1.1984110598709874,0.2981186685962373,0.0004099254101154502,0.5256970118454256,0.21743349469056472,1.2474305563491324,1.7437493496269725,0.04806396397818813,27437.493496269606
H1,14,1.5,H4,20,long,1.0,1978,91.9985355914937,0.4867750827367089,0.18844768606913598,1.2001313796877442,0.29777553083923153,0.00041918941028482655,0.520058656142837,0.2165098347715838,1.2476319255101926,1.717669234298692,0.047598502975960466,27176.692342986822
H1,14,1.5,H4,20,short,0.0,2253,104.76234882240611,-0.3857728123580935,0.5193386938177629,0.8789028458519271,0.25787838437638705,-0.0002598996923484157,-0.3584905731994192,0.7023731428489024,0.8820120601125502,-0.6685165642916411,-0.050047405924643296,3314.834357083562
H1,14,1.5,H4,20,short,1.0,2174,101.08892425206874,-0.38733701384693614,0.5179836371221682,0.8762936157900081,0.25712971481140756,-0.00026850542078034816,-0.3585826223023771,0.701259482786385,0.8813040212760586,-0.667566903034924,-0.04992103115318269,3324.330969650729
H1,14,1.5,H4,32,both,0.0,4254,197.80693825588796,0.03956151782312394,0.4719634079495265,1.0095943086669732,0.27832628114715563,2.053732675174303e-05,0.15560044910808593,0.5488191527715092,1.0403844916365117,0.3092074254573711,0.012606665153485297,13092.074254573625
H1,14,1.5,H4,32,both,1.0,4083,189.85560152768937,0.030795867481579465,0.4719634079495242,1.0076261756607452,0.2777369581190301,1.6503092915707932e-05,0.15311164155865822,0.5597865453235311,1.0401176984953482,0.2990808842122885,0.012241117387193912,12990.808842122824
H1,14,1.5,H4,32,long,0.0,2132,99.27498725140234,0.33532178780233457,0.35322417029753717,1.117187386259738,0.3062851782363977,0.00024684205289170994,0.4217791261920596,0.41184829338565776,1.1526674823963716,1.060189672175683,0.03422934103472808,20601.896721756813
H1,14,1.5,H4,32,long,1.0,2039,94.94451172870984,0.3327129931630184,0.3532241702975364,1.1194057747205235,0.30456105934281513,0.00025411822909219363,0.422469027925582,0.41052923778860484,1.1547628048054974,1.061088593883587,0.03425034947629335,20610.88593883576
H1,14,1.5,H4,32,short,0.0,2353,109.41225334182049,-0.22436125723286388,0.39960780057265977,0.9282063523817569,0.2562685932851679,-0.00015434279421067056,-0.25218648674199945,0.575619050211705,0.917620630610489,-0.5081750332351463,-0.03245875869340631,4918.249667648549
H1,14,1.5,H4,32,short,1.0,2258,104.99484404837682,-0.2367614173118289,0.3996078005726603,0.9229159393168427,0.25686448184233834,-0.00016773261441606943,-0.26387277931588426,0.5828606325893855,0.9132397431709304,-0.5228065754418274,-0.03381653961415121,4771.9342455817105
H1,14,1.5,H4,50,both,0.0,4549,211.7667919959215,0.0352172125202838,0.4213957687503871,1.0082412128940368,0.27654429544954934,1.7645998099851152e-05,0.14620557189764874,0.6933190498848503,1.036489298058536,0.22442372311569692,0.00947003485749831,12244.237231156938
H1,14,1.5,H4,50,both,1.0,4362,203.0614963038491,0.026696731154983437,0.42880027765305595,1.0063799063953693,0.27602017423200365,1.3816522067674747e-05,0.14176225710498694,0.7255987017895239,1.0359037585098472,0.19384678504629038,0.008282293202970026,11938.467850462925
H1,14,1.5,H4,50,long,0.0,2311,107.6511605662543,0.4368237851590958,0.2748507066744814,1.1652382548891755,0.29640848117697965,0.0003399378757092102,0.4903306662624661,0.3323760722069887,1.2066371787614316,1.8029627101119017,0.04918226474177301,28029.627101118866
H1,14,1.5,H4,50,long,1.0,2202,102.57371508736131,0.4218886568014531,0.27485070667448297,1.1639847489228112,0.29427792915531337,0.0003412814773466515,0.4855620711966218,0.33666222913435573,1.206914829689027,1.7926181393584302,0.04900157641270919,27926.181393584182
H1,14,1.5,H4,50,short,0.0,2421,112.78957270408164,-0.39595552931011874,0.5363938099669276,0.8825061720095344,0.25650557620817843,-0.00026130876160412403,-0.28333471278401806,0.6853464306883177,0.9095533892253436,-0.6376918420098431,-0.046197785051957596,3623.0815799015454
H1,14,1.5,H4,50,short,1.0,2336,108.82959183673469,-0.3833798288182157,0.5262848266262488,0.8842214649407688,0.2581335616438356,-0.00026026578075616884,-0.2853393994807336,0.6848440247248178,0.9085465165592784,-0.6366789100715382,-0.046073717990543495,3633.2108992845906
H1,14,1.5,H4,80,both,0.0,4756,221.79890194075585,0.29958152327007176,0.3503073184812179,1.0698836527068794,0.2832211942809083,0.00014804476875040408,0.35022356264313315,0.40627805796861505,1.084428697713189,1.2101381971183982,0.037677036305546974,22101.381971183826
H1,14,1.5,H4,80,both,1.0,4567,212.98477400408578,0.28311166169703494,0.35030731848121865,1.0674445873912484,0.28289905846288593,0.00014434109208004734,0.34474638769007215,0.41355159236592953,1.083787687109358,1.1917232519388783,0.03727221662759117,21917.2325193885
H1,14,1.5,H4,80,long,0.0,2466,115.17985933503836,0.4245260412887624,0.25233783983613867,1.141072801551258,0.2939983779399838,0.00029179761090148266,0.498074423577432,0.3106397124184016,1.1699947552267427,1.4782435865236523,0.04330033514107923,24782.43586523645
H1,14,1.5,H4,80,long,1.0,2344,109.48158567774935,0.4312394996253967,0.25233783983613944,1.1478389276381953,0.29436860068259385,0.0003091859826197301,0.5027482130953672,0.30904145356576873,1.1740307245673614,1.4867450712093722,0.04346722674493542,24867.45071209366
H1,14,1.5,H4,80,short,0.0,2428,113.23123084780387,-0.018969991643140633,0.3131748579638255,0.9939877307810854,0.2697693574958814,-1.3013753053293091e-05,-0.08438421256415772,0.3684272902759851,0.9736247452039777,-0.24474655807511125,-0.013005390343508116,7552.534419248879
H1,14,1.5,H4,80,short,1.0,2360,110.06001021450459,-0.047725475182885384,0.3131748579638254,0.9847151291656137,0.2690677966101695,-3.335340015140654e-05,-0.08996524247102194,0.3653573511267877,0.9717413104532233,-0.25706155708785905,-0.013761827005044136,7429.384429121407
H1,14,1.5,H4,120,both,0.0,4896,228.88314347881735,0.2735393036258489,0.3554931294339365,1.0635767845203312,0.2743055555555556,0.00013699786684678563,0.3873166980018871,0.35079284982979464,1.0984324870251132,1.7986999916397548,0.04928814421299865,27986.999916397584
H1,14,1.5,H4,120,both,1.0,4699,219.72983612853668,0.24759757868250443,0.34493210401035623,1.0587218699085728,0.2738880612896361,0.00012794380668185978,0.3741514734079903,0.367398641309995,1.0959861279750382,1.7349959373146633,0.048171922452024285,27349.95937314648
H1,14,1.5,H4,120,long,0.0,2563,119.89443519467214,0.4283477585036704,0.26065740268416815,1.1414444401605868,0.28950448692937963,0.0002957617489629502,0.4543759002540728,0.31842719378928963,1.1739200917214352,1.6132459319522696,0.04596042624728147,26132.45931952257
H1,14,1.5,H4,120,long,1.0,2449,114.59098770176787,0.4006746331575104,0.2606574026841678,1.1354573055511203,0.2878726010616578,0.00028659235145882825,0.44805373544047383,0.32036923022571095,1.1730274720152567,1.599942592013082,0.04572271119065574,25999.42592013064
H1,14,1.5,H4,120,short,0.0,2432,113.92689495959984,-0.05810775387846649,0.31030123368680873,0.9814256489184097,0.25616776315789475,-4.1000458344319056e-05,0.042622156167110986,0.32131825545001347,1.014295872444598,-0.025489252670537255,-0.0012087926049663134,9745.10747329461
H1,14,1.5,H4,120,short,1.0,2345,109.85138514813389,-0.06417550974547852,0.30231321969331015,0.9791283253988569,0.25671641791044775,-4.653867927903779e-05,0.0427838211855274,0.31934199174170896,1.0144672856514767,-0.025068326805865127,-0.0011885872261754304,9749.316731941413
H1,14,1.5,D1,20,both,0.0,5204,243.2818379623704,0.14142641250835372,0.5090409501767994,1.031047318207393,0.2795926210607225,6.71044087227684e-05,0.27708919253308467,0.5995708915332038,1.0716956956813655,1.16799496287984,0.03683677061816959,21679.94962879835
H1,14,1.5,D1,20,both,1.0,4997,233.6646076046601,0.09469987476000959,0.4998943998933326,1.021155670712192,0.278967380428257,4.6233747563589756e-05,0.26925994854342206,0.6065131692508672,1.070073093338157,1.1259554771221105,0.03589742410798902,21259.554771221003
H1,14,1.5,D1,20,long,0.0,2994,139.98444700460828,0.40972034822395237,0.20558467359985577,1.1232781972652575,0.2905811623246493,0.00026031781674022984,0.43502243542670105,0.2762929325749476,1.1519056364538962,1.6048227684039058,0.0457784917881332,26048.227684038746
H1,14,1.5,D1,20,long,1.0,2869,134.174423815621,0.3675544698430457,0.20558467359985333,1.1127365325986345,0.2889508539560823,0.00024084248106320965,0.4210173599725142,0.2858852094094787,1.1479597437690179,1.5662136790604788,0.04506037938180363,25662.1367906047
H1,14,1.5,D1,20,short,0.0,2605,122.03106964217005,-0.22789538847108598,0.4433992387296587,0.9329613547615784,0.26641074856046065,-0.0001475416044070439,-0.17435608314647516,0.5169778246518895,0.9458792158883896,-0.45065220711765874,-0.02767116273994208,5493.477928823413
H1,14,1.5,D1,20,short,1.0,2510,117.58080030781069,-0.2373636081129075,0.4426261001391355,0.928957896924706,0.26772908366533865,-0.0001577402864572387,-0.17401266518141356,0.5141926404265509,0.945572374545435,-0.45080074846954066,-0.02768348050215874,5491.992515304593
H1,14,1.5,D1,32,both,0.0,5271,247.52285291848804,0.04247013242055657,0.5638067189848837,1.0092785434059834,0.27414152912160883,2.0320889672228573e-05,0.16970040735657937,0.6745676314637299,1.0467250594973982,0.3781651310502301,0.01517636863585814,13781.651310502313
H1,14,1.5,D1,32,both,1.0,5068,237.99010028284906,-0.009373061510856526,0.5630822008868097,0.9979205792358148,0.27308602999210735,-4.612914254650355e-06,0.15289849761307586,0.6954163326581386,1.0417133230482867,0.24973585048380942,0.010523745837053955,12497.35850483805
H1,14,1.5,D1,32,long,0.0,3076,144.6329814624099,0.2337556098063616,0.35854434573303773,1.068757489393933,0.28283485045513657,0.0001490916475898935,0.3219755740934824,0.35451850806264584,1.112963132394472,1.1717696734485084,0.03713890135576081,21717.696734484947
H1,14,1.5,D1,32,long,1.0,2955,138.9435826467559,0.20594224520919793,0.3585443457330374,1.0617190352896633,0.28189509306260574,0.00013531912720123496,0.31728255090893387,0.35845223964340733,1.1120440055315792,1.1589253475880654,0.036849672012089885,21589.253475880425
H1,14,1.5,D1,32,short,0.0,2481,116.50620339418873,-0.2350688060129409,0.5000472212972061,0.9290315107683218,0.2623941958887545,-0.0001566789762775028,-0.27714678567519363,0.6414473371070022,0.9139490331861847,-0.5552474425927368,-0.037333490275132775,4447.525574072667
H1,14,1.5,D1,32,short,1.0,2381,111.81026613525327,-0.26589631256631235,0.5024614832054892,0.9184712721804811,0.2620747585048299,-0.00018249531782877238,-0.27478450663668313,0.6359884847116579,0.9137789421251609,-0.5574834464615367,-0.03756131185436373,4425.165535384657
H1,14,1.5,D1,50,both,0.0,5274,249.2661102484472,0.1745390500610411,0.35249057008348406,1.0381419161950833,0.2764505119453925,8.282311989310764e-05,0.2923561691594111,0.3969399067971138,1.0726952833051464,1.1058274517242057,0.03582406174052055,21058.274517242087
H1,14,1.5,D1,50,both,1.0,5091,240.6169448757764,0.16477328133021302,0.3417442554726118,1.0366176492038588,0.27676291494794736,8.032320497538359e-05,0.2928379212136859,0.3973392507891984,1.0733379316861449,1.1063298783318185,0.03583574084649066,21063.29878331812
H1,14,1.5,D1,50,long,0.0,3026,143.01843944099377,0.4450289900573141,0.2110956353955361,1.132664263704388,0.28420356906807664,0.0002813861695341742,0.458179816594295,0.2590112525632602,1.1567481780539541,1.6360324577578846,0.046876567830484106,26360.32457757855
H1,14,1.5,D1,50,long,1.0,2909,137.4886451863354,0.4197109221647282,0.21109563539553688,1.1272849887479601,0.28429013406668957,0.00027281252720199266,0.4510929676216171,0.26346959626553024,1.1555043273900285,1.6203225835030346,0.046580850654657446,26203.225835030044
H1,14,1.5,D1,50,short,0.0,2470,117.54625407166124,-0.26283858805863863,0.4532701039347097,0.9202448676982675,0.2663967611336032,-0.0001775820581924631,-0.22715903940125268,0.540830484751228,0.9294133394736911,-0.47508160646634456,-0.030206459996098944,5249.183935336583
H1,14,1.5,D1,50,short,1.0,2397,114.07221498371335,-0.24610452911823552,0.4524032585185451,0.9240492652128143,0.2670004171881519,-0.0001707155960748935,-0.22287495453708003,0.5363698627307327,0.9303643443025137,-0.46603770971704805,-0.029417751000949233,5339.622902829532
H1,14,1.5,D1,80,both,0.0,5265,251.80584653659815,0.0921778541853635,0.42450164620988795,1.01967750328323,0.2849002849002849,4.245590386511147e-05,0.2892142803884864,0.5085003552223573,1.0701633534898018,1.2055455036199856,0.03855410086312827,22055.455036199473
H1,14,1.5,D1,80,both,1.0,5114,246.16348181338958,0.09807846499211842,0.4187673921482876,1.021164460781931,0.28470864294094644,4.607095517098521e-05,0.2919790829214863,0.5052506232771026,1.0710359869846642,1.2129594468754612,0.03897565385886104,22129.59446875435
H1,14,1.5,D1,80,long,0.0,2946,141.1922975987403,0.45465474240197074,0.22668389913755715,1.1350353344274113,0.2983706720977597,0.0002890536335817125,0.5000773345428564,0.26782703081619796,1.1664825165155177,1.9589034507064627,0.053367179283991595,29589.03450706428
H1,14,1.5,D1,80,long,1.0,2854,137.3960063266113,0.44045140487390083,0.22668389913755904,1.132232176743962,0.2967764540995095,0.00028599438094398325,0.4980135772760177,0.2680575153611735,1.1664314016919417,1.9516687620398514,0.0534884717480868,29516.687620398316
H1,14,1.5,D1,80,short,0.0,2495,119.32679717166427,-0.4581736619484319,0.549842132442205,0.8671426703173878,0.26693386773547095,-0.0002899242030440927,-0.36961946804288487,0.6861084464101002,0.8888709082511075,-0.6796802105452482,-0.05299152489997472,3203.197894547513
H1,14,1.5,D1,80,short,1.0,2433,117.34494255909149,-0.4285464545530268,0.5514459241284313,0.8742800590186426,0.26839293053842994,-0.00027615038491307496,-0.37008020027087946,0.6851241118421985,0.8891391742925936,-0.6711681856074374,-0.05222908017853478,3288.3181439256073
H1,14,1.5,D1,120,both,0.0,5224,253.63099827196595,0.13946161428831863,0.5059023359379653,1.0298509703694232,0.27909647779479324,6.469901301865453e-05,0.2957076198620819,0.49623590441858934,1.071525329429182,1.2586076325699658,0.040349740459823424,22586.076325699487
H1,14,1.5,D1,120,both,1.0,5120,248.71392472403244,0.12147206740223428,0.5059023359379646,1.0261930174433298,0.2791015625,5.7130073052923984e-05,0.29044117473620445,0.5060500393324586,1.0704193492637188,1.2321964901992004,0.039777351424988394,22321.964901991876
H1,14,1.5,D1,120,long,0.0,2921,141.81779210421374,0.4701697830689453,0.3207897460919342,1.1391237141632087,0.2892844916124615,0.0003057553850012803,0.5209678251046739,0.36116862886506207,1.1693600828128783,2.093826926045502,0.0563652977734348,30938.26926045462
H1,14,1.5,D1,120,long,1.0,2853,138.59000531985635,0.43211513701619664,0.3207897460919351,1.1286338622114922,0.2888187872415002,0.0002849484713112965,0.504907289940248,0.3778278533485393,1.1641409331047905,2.0547196902855522,0.05574351910632336,30547.196902855037
H1,14,1.5,D1,120,short,0.0,2448,121.00852618757612,-0.36617307746193095,0.5106784093967407,0.8918023182265907,0.2647058823529412,-0.00023034086395015859,-0.26554630431441495,0.5909752457815574,0.9186096877954041,-0.5538670288183949,-0.03911267449942657,4461.329711816041
H1,14,1.5,D1,120,short,1.0,2411,121.68270692275806,-0.34621062392479207,0.5110660626041348,0.8977106453891665,0.2654500207382829,-0.00021866198967292097,-0.26630720567801597,0.5846664929609228,0.9191006141585965,-0.5454125199310289,-0.0390074530059904,4545.874800689698
H1,20,4.0,none,0,both,0.0,1394,64.7125699034062,0.22433444519457593,0.2287416759760842,1.0866901806524696,0.36585365853658536,0.00043112360327099105,0.31242658432155346,0.23205212545412124,1.1302785114035208,0.7930776905866344,0.027478238921012643,17930.776905866307
H1,20,4.0,none,0,both,1.0,1341,62.25219242501271,0.23440376108576574,0.2287416759760853,1.0927542554546008,0.372110365398956,0.0004641974783154328,0.3167244226707876,0.23077664386501617,1.1340440305490351,0.8012148188551169,0.027694228417010525,18012.148188551117
H1,20,4.0,none,0,long,0.0,1260,58.52174465920651,0.7176704014349444,0.3148535302326554,1.3196406906985725,0.40476190476190477,0.0014909974992074297,0.7367743483857943,0.25219228787562653,1.3525754254835718,2.757566732179442,0.06341313042182017,37575.667321794266
H1,20,4.0,none,0,long,1.0,1208,56.106561546286876,0.6671710249650872,0.31485353023265616,1.3014366215381772,0.4064569536423841,0.0014266410930244367,0.7149870298754804,0.2609691462831756,1.339588201757887,2.609851305110541,0.06143414287889093,36098.513051105234
H1,20,4.0,none,0,short,0.0,1261,58.53841509913574,-0.19563692345503803,0.4938409911561781,0.9244740065788148,0.3465503568596352,-0.0003988275954957841,-0.15125492927625542,0.41691311741930026,0.9420360894742331,-0.31342707383091206,-0.01730525556713658,6865.729261690885
H1,20,4.0,none,0,short,1.0,1210,56.17088205388917,-0.2043964511542022,0.4983937628770767,0.9195932630146059,0.34628099173553717,-0.00043094365102094227,-0.15132388062338553,0.4099248266195097,0.9410427608561469,-0.31301265829183733,-0.01727772793157145,6869.873417081661
H1,20,4.0,H4,20,both,0.0,813,37.8808840413318,-0.19820122509720733,0.5788192376413738,0.9096300559347834,0.35793357933579334,-0.00046687588639735396,-0.057487525096553714,0.43741969675063075,0.9717650558510753,-0.14670015700682737,-0.007364611419451994,8532.998429931733
H1,20,4.0,H4,20,both,1.0,781,36.38987753539992,-0.22269104192911154,0.5786578725420302,0.8973970086052079,0.3585147247119078,-0.0005389012271619217,-0.05980505962477065,0.42955408644538706,0.970172660958901,-0.14907449676466544,-0.007493477091719769,8509.255032353354
H1,20,4.0,H4,20,long,0.0,611,28.47980474732006,0.3816522437981968,0.326913105229956,1.245524876534212,0.3960720130932897,0.0011742488880169607,0.37707910686050705,0.30679058357098166,1.247959532263177,0.6788134823446867,0.024442924496958618,16788.134823446908
H1,20,4.0,H4,20,long,1.0,588,27.407733537519142,0.343882787029716,0.3269131052299553,1.2234914884042174,0.3979591836734694,0.0010847239792902209,0.35345822759920864,0.31185595840892044,1.2362489043255975,0.6332540775520694,0.023129995126788705,16332.540775520678
H1,20,4.0,H4,20,short,0.0,530,24.691645408163264,-0.2962315732818401,0.4102259372476451,0.8342207893006951,0.33584905660377357,-0.0008601235534480602,-0.194489478698163,0.26206035557753293,0.8841005853972508,-0.2474550868300266,-0.013157394331626548,7525.44913169975
H1,20,4.0,H4,20,short,1.0,505,23.526945153061224,-0.2811420937976825,0.40697851976636856,0.8385976415442853,0.33663366336633666,-0.0008521282302439811,-0.19285158808273925,0.2642826956358615,0.8837688640723607,-0.24416421779043718,-0.012956764034783408,7558.357822095632
H1,20,4.0,H4,32,both,0.0,698,32.45633354551241,0.3780456373549648,0.15716337988743556,1.2323153741926565,0.3954154727793696,0.0010684211654051533,0.4884979195381789,0.12645210143511876,1.2923598095909055,0.8855253200907858,0.0299291311307317,18855.253200907948
H1,20,4.0,H4,32,both,1.0,670,31.154360280076382,0.3676651354120968,0.15716337988743523,1.230616632045703,0.3940298507462687,0.0010762325023989058,0.48413338372130715,0.1261619283036961,1.2945238894695208,0.877613294253687,0.029727769353318,18776.132942536864
H1,20,4.0,H4,32,long,0.0,446,20.78885911179173,0.5678485689859556,0.24426775902140196,1.4347940878108403,0.42152466367713004,0.0019079216799663954,0.6054499911242681,0.19469782011681458,1.4481027821837995,0.8806015512833054,0.029877250396461497,18806.01551283304
H1,20,4.0,H4,32,long,1.0,427,19.90323506891271,0.5421476995724236,0.24426775902140152,1.4225525883827785,0.4215456674473068,0.0018793246122968182,0.5874479071925539,0.19884890452102033,1.4417999718307999,0.8458281337838991,0.028981701268749882,18458.281337838984
H1,20,4.0,H4,32,short,0.0,447,20.785073201782303,0.14644091613215546,0.17719342804927019,1.1142813027002334,0.35570469798657717,0.0005737792584314553,0.22270469967861314,0.13514187083402474,1.184028798628395,0.29767199114643805,0.012190044018745905,12976.719911464397
H1,20,4.0,H4,32,short,1.0,424,19.715595162316994,0.13358568988233607,0.1771934280492693,1.106558070942373,0.35141509433962265,0.0005486005499946855,0.20349498529065002,0.14043118757684436,1.1694714285031438,0.2642839328814861,0.010963969054913036,12642.839328814825
H1,20,4.0,H4,50,both,0.0,665,31.107998206967217,0.09533818084327188,0.2721060211831907,1.047030959326622,0.37142857142857144,0.00022714385655180766,0.2715430101824371,0.2172172336258973,1.1478556644741966,0.3768609656336126,0.015072662568861306,13768.609656336097
H1,20,4.0,H4,50,both,1.0,636,29.75140881147541,0.09766136171612182,0.267991274239745,1.049276981729526,0.37264150943396224,0.00024067922532780954,0.273693612922058,0.21695006544446316,1.1515361207311192,0.3788147607916026,0.015139997891055357,13788.147607916027
H1,20,4.0,H4,50,long,0.0,411,19.226146260245905,0.42447706750335606,0.19885797134298455,1.3062401110865067,0.39659367396593675,0.0013625810353407116,0.3638727684666271,0.18978074104687626,1.252103272869707,0.40442695042938115,0.016014380216317292,14044.269504293798
H1,20,4.0,H4,50,long,1.0,393,18.38412525614754,0.37567442633148673,0.19885797134298422,1.2731916763251703,0.3944020356234097,0.0012404633611499,0.3486206609364713,0.18770458821937852,1.2456759049691333,0.3844072510921621,0.015332235132653471,13844.072510921622
H1,20,4.0,H4,50,short,0.0,387,18.25778222681478,-0.38312148676370095,0.4045429272497265,0.7865073956283505,0.3488372093023256,-0.0011125610801332958,-0.043666472300335865,0.19795291599510867,0.9696783833473092,-0.06681639912797166,-0.0032571802514197445,9331.836008720287
H1,20,4.0,H4,50,short,1.0,368,17.36140532162232,-0.3865435345914108,0.3895508043986068,0.7800187291429789,0.35054347826086957,-0.0011595507856118894,-0.042723376907863805,0.18953662651724046,0.9697711778657246,-0.06543969219363566,-0.003187855308376508,9345.603078063652
H1,20,4.0,H4,80,both,0.0,768,35.86651323360184,0.2900921924589897,0.2629652905826173,1.1457186437358606,0.3828125,0.0006968491076748618,0.4312888408241447,0.2190942141958231,1.2308556560900328,0.7767800780186935,0.027207518548664433,17767.80078018696
H1,20,4.0,H4,80,both,1.0,738,34.46547756041427,0.27123714133006693,0.262965290582617,1.1381931466559927,0.38482384823848237,0.0006701308699061609,0.432789912619893,0.21751252022780676,1.2355787609076019,0.7782067328328686,0.027246022491071775,17782.067328328638
H1,20,4.0,H4,80,long,0.0,436,20.361718450326045,0.5771459794476144,0.13335181131949758,1.4379565275002038,0.41284403669724773,0.0019350594555795036,0.6546639030678689,0.12554725742402362,1.525285540356563,1.0820990103056198,0.034842825488535345,20820.990103056156
H1,20,4.0,H4,80,long,1.0,414,19.334292289988493,0.571149879128251,0.13335181131949725,1.443872847731304,0.4178743961352657,0.0019898683245774085,0.6472403283601826,0.12568519653865784,1.5297224241019634,1.061684180630376,0.03436674031278786,20616.841806303713
H1,20,4.0,H4,80,short,0.0,404,19.054881198347108,-0.053468634083114884,0.25850046967148976,0.9649556106876587,0.35148514851485146,-0.00017973436603486984,0.1118062280022991,0.1293973311767963,1.0792273325710018,0.09731581317708482,0.004389730982694351,10973.158131770835
H1,20,4.0,H4,80,short,1.0,389,18.34739798553719,-0.0741307351335991,0.2585004696714891,0.9507480090277006,0.3496143958868895,-0.0002564361655732798,0.09849233606526292,0.13292906458224385,1.070252229702565,0.08137400591807675,0.00369669279747864,10813.740059180765
H1,20,4.0,H4,120,both,0.0,838,39.205776866914306,0.5103982450881083,0.15651436421832599,1.296720060585209,0.3902147971360382,0.001402211508302629,0.6118398992705681,0.1055576231802684,1.3834989459714881,1.7147708599619005,0.04783325927845117,27147.708599618956
H1,20,4.0,H4,120,both,1.0,805,37.661873959267325,0.4637472108817805,0.1529458932317772,1.272391634745731,0.39006211180124223,0.0013129542183226782,0.5838951157127663,0.10541990279867941,1.3725996364598845,1.637359639193313,0.04641602429616376,26373.596391933163
H1,20,4.0,H4,120,long,0.0,474,22.176059946202127,0.644678258420104,0.17424501706482987,1.5216293902985583,0.4219409282700422,0.002295668532936948,0.6528870523016839,0.13377647221636713,1.5898233530105705,1.4312172356648536,0.04243921477726653,24312.172356648596
H1,20,4.0,H4,120,long,1.0,452,21.146791341104137,0.5994175727005121,0.1742450170648301,1.4904618984242022,0.4225663716814159,0.00220490011012986,0.630576033668972,0.1290929543936683,1.5837086329497578,1.3762736719307282,0.04132499249052968,23762.73671930725
H1,20,4.0,H4,120,short,0.0,409,19.213794212218648,0.13260012463093784,0.17062246924146574,1.1067493030968276,0.3569682151589242,0.0005351227176587844,0.25206417198333736,0.11297127354698266,1.2054679764482867,0.3096569399357709,0.01275353509967192,13096.569399357713
H1,20,4.0,H4,120,short,1.0,395,18.556109324758843,0.13080646852777564,0.17023622466805277,1.1073866866132949,0.3594936708860759,0.0005441892255200215,0.2524490734155051,0.1129643904618507,1.20868844682179,0.30974511789062786,0.01275673828550361,13097.451178906284
H1,20,4.0,D1,20,both,0.0,979,45.80245292686051,0.6120142826791652,0.17795546892252234,1.3358744065934616,0.3891726251276813,0.0016299200236727285,0.6531838016973527,0.1133128804614193,1.3828454184827095,2.0809569350722628,0.0540546442065275,30809.569350722664
H1,20,4.0,D1,20,both,1.0,940,43.97784039964135,0.5795255502895231,0.17795546892252245,1.3229132711995126,0.39148936170212767,0.0015935749087241193,0.6442207181346259,0.11421821468703197,1.3846995967408111,2.046979174909625,0.05350791600177396,30469.791749096265
H1,20,4.0,D1,20,long,0.0,601,28.117746893813244,0.7158550183054048,0.15622437979395543,1.5004923094822407,0.415973377703827,0.002258319802070722,0.71481549490441,0.10008461231002763,1.5585687982563035,1.8364414373270455,0.04998475751574927,28364.414373270323
H1,20,4.0,D1,20,long,1.0,573,26.807768669143076,0.6688861822445427,0.15622437979395498,1.4745995059419117,0.41710296684118675,0.0021803907979130867,0.6739371850885404,0.11733630877342571,1.5355937725139053,1.7118663798186629,0.047780783969082474,27118.663798186677
H1,20,4.0,D1,20,short,0.0,504,23.676655948553055,0.24271828881812485,0.22640477795401148,1.1841614093449557,0.376984126984127,0.0009301251200323871,0.33554110826542044,0.12710001320799402,1.2640622478907808,0.5161228996020366,0.019742334035840914,15161.228996020378
H1,20,4.0,D1,20,short,1.0,489,22.971993569131833,0.24250310754549867,0.2264047779540117,1.186913843795365,0.3803680981595092,0.0009550822602112692,0.335251150887598,0.12717881152412247,1.2667391085138036,0.5150608045262199,0.019708763808780283,15150.608045262175
H1,20,4.0,D1,32,both,0.0,1041,48.95393974507532,0.32050181352203183,0.3256635966779726,1.1476968443024258,0.3746397694524496,0.0007474257219644007,0.4414038037604388,0.1972402707316887,1.2207989830904546,1.1147115679821908,0.035846065319572906,21147.115679821873
H1,20,4.0,D1,32,both,1.0,998,46.9318269602163,0.2788860269023046,0.32566359667797184,1.1303507428091086,0.375751503006012,0.0006705552645986511,0.4163035578430548,0.19878189812961433,1.2126742019381087,1.0392298621414335,0.034077096482945546,20392.298621414353
H1,20,4.0,D1,32,long,0.0,617,29.018703322173575,0.5132416526586907,0.2417427004496593,1.3267377359805774,0.39708265802269044,0.0015793408156499513,0.5692501416458474,0.18396470378978835,1.4055862270092414,1.3159655332571085,0.040289118349457365,23159.655332571056
H1,20,4.0,D1,32,long,1.0,588,27.654777234097345,0.46484109530289985,0.2417427004496593,1.3004771550471863,0.3979591836734694,0.0014766285204345392,0.5540016448262008,0.185623049751653,1.4042352507201652,1.2781738374109999,0.03948446118144,22781.73837411005
H1,20,4.0,D1,32,short,0.0,509,24.04141342299237,-0.02715976340088949,0.27428917259146657,0.9833342131979623,0.3516699410609037,-8.682171336401005e-05,0.1223213533768325,0.17421361794292223,1.083129754837223,0.12839419599312496,0.005721800280594325,11283.94195993125
H1,20,4.0,D1,32,short,1.0,491,23.191225914910124,-0.03240797973251843,0.2742891725914658,0.9797823764333793,0.3543788187372709,-0.00010679441206240231,0.10808857870464211,0.1831575640229839,1.0741131723564652,0.10760994066948326,0.004839058292305909,11076.099406694822
H1,20,4.0,D1,50,both,0.0,1073,50.7331067961165,0.33299311652280744,0.22063098320787522,1.1495378937293157,0.37092264678471576,0.0007677877139867566,0.4524616637092053,0.20698684149263857,1.2258306736136586,1.2204599044605722,0.03843749328145507,22204.599044605704
H1,20,4.0,D1,50,both,1.0,1033,48.84184466019418,0.3316686820031918,0.2206309832078749,1.1518600006181237,0.37560503388189737,0.0007885800912754264,0.44856407124183667,0.20642047253641038,1.227531277725469,1.2017992949518517,0.03802320785568436,22017.992949518622
H1,20,4.0,D1,50,long,0.0,628,29.692815533980582,0.581043260377638,0.17190023754128414,1.3743129169540198,0.3964968152866242,0.0018133598045691401,0.6225231670947982,0.13897897002066384,1.4501342923773572,1.6214750139542624,0.04662111450447681,26214.75013954257
H1,20,4.0,D1,50,long,1.0,600,28.368932038834952,0.5713732111341152,0.17190023754128414,1.377491919080215,0.4033333333333333,0.0018466913993051832,0.6307495010742534,0.13812132648084763,1.4495191531398728,1.5643710325158837,0.04553180963017445,25643.710325158798
H1,20,4.0,D1,50,short,0.0,505,24.04840286831812,-0.12239846365927325,0.3444549574629504,0.9281783381697587,0.33663366336633666,-0.00038995636027506234,0.011057538434023744,0.24303440128579556,1.0069862838844237,-0.022761971767346623,-0.0010958645937000355,9772.380282326525
H1,20,4.0,D1,50,short,1.0,491,23.381714471968706,-0.10466402527946704,0.34445495746294974,0.9376473291418757,0.34012219959266804,-0.00034246625229069835,0.012944704915043346,0.24493514084203472,1.0082005071556612,-0.020063686862516694,-0.0009646942230305822,9799.363131374843
H1,20,4.0,D1,80,both,0.0,1082,51.91127019571785,0.3211987280731217,0.27502704836532343,1.144205199502402,0.37615526802218113,0.0007281533994801597,0.48655250275025913,0.16645823019996997,1.2451106423600535,1.3656204097920321,0.042175396144035204,23656.204097920352
H1,20,4.0,D1,80,both,1.0,1051,50.42397872060948,0.33302729672728043,0.27064887361226286,1.1523078599288,0.3824928639391056,0.0007724946612853242,0.49467782387021747,0.16538762078396563,1.2523629896741495,1.3835005875678563,0.04255196491971924,23835.00587567856
H1,20,4.0,D1,80,long,0.0,625,29.985715223959016,0.5411008538855168,0.1976002746993406,1.3379883780972166,0.4016,0.0016662394800745957,0.6518289894008352,0.15241369645385017,1.4472329226050855,1.6001305915716237,0.04691225288856349,26001.305915716206
H1,20,4.0,D1,80,long,1.0,604,28.978195192433994,0.5330261392691298,0.1976002746993405,1.3392689518363476,0.40728476821192056,0.0016833961151412659,0.6465607353049875,0.1519359380551366,1.4507860052725559,1.5798321465061615,0.04651867437281565,25798.321465061577
H1,20,4.0,D1,80,short,0.0,511,25.242460102786044,-0.1174299218669094,0.2884584514352181,0.9296562746731194,0.34442270058708413,-0.0003696847860027524,0.11708803304511718,0.19353275377241663,1.08346946978279,0.12464215380228993,0.0058194173830299345,11246.421538022898
H1,20,4.0,D1,80,short,1.0,500,24.699080335407086,-0.09844701368404522,0.2884584514352173,0.9400782794398835,0.35,-0.000316009629464599,0.12035100893646403,0.19606170138204448,1.0862019101653153,0.1291388589390332,0.006017701014630061,11291.388589390306
H1,20,4.0,D1,120,both,0.0,1105,53.71323529411765,0.20343016115838497,0.28539540357049464,1.0850130370380833,0.36832579185520364,0.00044058016798609936,0.34436160697894613,0.22751369028732848,1.1522557808582858,0.7867094865504316,0.028613349466226623,17867.094865504325
H1,20,4.0,D1,120,both,1.0,1081,53.09066155707947,0.18241440107200443,0.28539540357049464,1.076374971800704,0.3700277520814061,0.00039942806234305315,0.32566455661123184,0.22710989438072748,1.1449648319593813,0.7310787642876098,0.027316695342776587,17310.78764287616
H1,20,4.0,D1,120,long,0.0,623,30.28357066808624,0.5280603944264218,0.24555139702116513,1.327228244542884,0.40770465489566615,0.001637646731090315,0.5714508549083078,0.20437914280249447,1.3892985942447207,1.309788724442015,0.04153286722304017,23097.887244420148
H1,20,4.0,D1,120,long,1.0,606,29.762202501008474,0.49869619133964715,0.24555139702116469,1.3101461090528579,0.40924092409240925,0.0015689851821289835,0.5730887062801002,0.2043395038808523,1.3765526713279823,1.2351664598371532,0.04029257063789449,22351.66459837157
H1,20,4.0,D1,120,short,0.0,516,25.642040816326528,-0.3592175461061129,0.4321152136327545,0.8145652092631085,0.3236434108527132,-0.0009898327205207407,-0.11219766669901905,0.2871652543649942,0.9345339514942815,-0.1642043815345231,-0.008874040227287883,8357.956184654779
H1,20,4.0,D1,120,short,1.0,509,25.71044807080625,-0.35219504132689716,0.41596898196857746,0.8184036196189391,0.32612966601178783,-0.00097517512951159,-0.11044622395973473,0.28853008615969244,0.9359332554834391,-0.16078860070077883,-0.008815242565643144,8392.113992992223
H1,14,1.0,none,0,both,0.0,10330,479.41963151207113,-0.30271360646894085,0.6479127119074999,0.9543920882933196,0.24927395934172314,-7.86362295315534e-05,-0.3930431948778352,1.0008740130871077,0.58095786684567,-1.0000549419991889,,-1437.536815410995
H1,14,1.0,none,0,both,1.0,9960,462.2477763659466,-0.3418660445790945,0.681370068009604,0.9477230572900323,0.24949799196787148,-9.111054385305408e-05,-0.08348472433841063,1.0013677509020424,0.8735734185493469,-0.9999999994981105,-0.6298213878081184,-1493.4814653124733
H1,14,1.0,none,0,long,0.0,8173,379.31235705209656,0.012171862064605406,0.5935783849059542,1.0021354944318703,0.23443044169827482,3.6748335190821996e-06,0.22528913331843878,0.8754557425973925,1.0502008797189308,0.5804739257077887,0.02147044080848559,15804.739257079573
H1,14,1.0,none,0,long,1.0,7870,365.2964163171941,-0.033454914184434456,0.5935783849059549,0.9940491785889751,0.23418043202033037,-1.0345757001201727e-05,0.25159046900622534,0.9387603441847456,1.065720063249746,0.47337480527944575,0.01815167646233884,14733.748052796123
H1,14,1.0,none,0,short,0.0,7935,380.8487187910644,-0.8175471481108612,0.829845195034743,0.8704708583480311,0.24625078764965344,-0.00021040640734331265,-0.25249350532026654,1.000179876365998,0.6076628552682811,-1.000029989136824,,-359.43691693770216
H1,14,1.0,none,0,short,1.0,7616,365.5860165593376,-0.7804494234282128,0.8149296857815478,0.8735651573882828,0.24684873949579833,-0.0002076154838580588,-0.4706508668129161,1.0004944199893608,0.49180331255686566,-0.999999975197808,-0.5685628570504181,-352.01805266618044
H1,14,1.0,H4,20,both,0.0,6589,306.1483589874062,-0.24187898160760848,0.5100495584465669,0.9537740218844936,0.240248899681287,-7.722151117869568e-05,-0.034913619948356685,0.7818806618825085,0.9926255023723947,-0.6088038640157922,-0.04267102793111044,3911.961359842417
H1,14,1.0,H4,20,both,1.0,6339,294.5324704236102,-0.27103053600088967,0.5352337150871525,0.9473538891411271,0.23946994794131565,-8.894465874707221e-05,-0.026192092475397916,0.8251601595358027,0.9943895569200747,-0.6538434899718071,-0.048096413817515615,3461.565100282189
H1,14,1.0,H4,20,long,0.0,3168,147.27147766323026,0.18232852192162963,0.16912249663978351,1.0541890535547602,0.2342171717171717,9.30662205054464e-05,0.24648050131208776,0.21904517921903777,1.0774088424102775,0.5323710032907221,0.020039645171971765,15323.71003290708
H1,14,1.0,H4,20,long,1.0,3046,141.6000381825124,0.12007833555092765,0.2466678090613703,1.036046152317508,0.2330925804333552,6.255423173880864e-05,0.23060341038160376,0.22967054607417625,1.0730187349769655,0.49854464805253706,0.018981720863216367,14985.446480525214
H1,14,1.0,H4,20,short,0.0,3868,179.72102785905102,-0.6181281270959076,0.6299291012000712,0.858186403945381,0.24250258531540847,-0.00022996013934405802,-0.6432122333146907,0.9144255057731223,0.8504340792975729,-0.9099770831962419,-0.10583940356287724,900.2291680376037
H1,14,1.0,H4,20,short,1.0,3715,172.6121040580079,-0.6032620088532702,0.6281639213833583,0.8587285271630816,0.24226110363391656,-0.00023194487398649257,-0.6053808858489972,0.9014712025521577,0.8575492509946956,-0.8954361379255102,-0.09959689393196325,1045.638620744928
H1,14,1.0,H4,32,both,0.0,6886,320.15166751527494,-0.40360416211538663,0.6328977975976124,0.9247043382683447,0.24092361312808597,-0.00012800977938683342,-0.39365873460955547,1.0100728412097417,0.43607135957458015,-1.0000012312305888,,-524.5522550962853
H1,14,1.0,H4,32,both,1.0,6628,308.15644093686353,-0.41746534317175715,0.6397498225703058,0.9207557376942223,0.24019312009656005,-0.00013616830336076507,-0.0690352769746576,1.0005778580549862,0.9009447271187033,-1.0000000010650825,,-838.2525146008528
H1,14,1.0,H4,32,long,0.0,3341,155.39287533426716,-0.12467460004900897,0.484859999266381,0.9679875651977985,0.2340616581861718,-5.505084287037277e-05,0.14123987915588948,0.693260973200515,1.0417443853644885,0.24571065521665947,0.010271118689158643,12457.106552166559
H1,14,1.0,H4,32,long,1.0,3223,149.9045906023176,-0.15308937399358993,0.5044396451710487,0.9601530766563346,0.2336332609370152,-6.90304236302618e-05,0.13292903310563417,0.7108720315914905,1.0394149861769646,0.20845348858255264,0.00884532888017353,12084.53488582546
H1,14,1.0,H4,32,short,0.0,3847,178.904602750191,-0.4397601442534727,0.578457511977442,0.8864600823545715,0.24694567195217051,-0.0001889902486895419,-0.38547779247913133,0.91511084569837,0.8535929670951674,-0.9037400837242215,-0.10313894249682498,962.5991627577869
H1,14,1.0,H4,32,short,1.0,3695,171.83584797555386,-0.42624458989390224,0.5784575119774422,0.8876936887371144,0.2465493910690122,-0.00018960548370553914,-0.38834597403438603,0.9126477529342444,0.8518073111290022,-0.9001056620342363,-0.10159185067193965,998.9433796576288
H1,14,1.0,H4,50,both,0.0,7166,333.59437930155497,-0.2250732085442715,0.6249136963631807,0.9592856168997438,0.24002232765838682,-6.824552112183662e-05,0.22196817714048336,1.0029235525999451,3.2030731686615495,-1.0028454069702504,,4033.649490636681
H1,14,1.0,H4,50,both,1.0,6893,320.88557863879686,-0.2141614004989269,0.6288091595790405,0.9604378113885071,0.23995357609168722,-6.698366220222462e-05,-0.001574363557923892,1.0066774090556496,0.9980890027870469,-1.0001172725220049,,4190.218536906783
H1,14,1.0,H4,50,long,0.0,3539,164.81190233329082,0.06851258932805471,0.3776977428205519,1.0186907672437064,0.23000847697089574,3.165205275679885e-05,0.2384629331698376,0.5547500719712191,1.071328066644009,0.7071291959397665,0.02521910315545184,17071.29195939729
H1,14,1.0,H4,50,long,1.0,3384,157.5935228866505,0.0569637832334799,0.38713754882771834,1.0159112892475515,0.2293144208037825,2.7252650073988027e-05,0.2371250944240212,0.5575539247428595,1.0714313379846783,0.7035085758621127,0.025117739854284782,17035.085758620837
H1,14,1.0,H4,50,short,0.0,3850,179.34096416273434,-0.4393349378577635,0.5950134498346439,0.8886935961645641,0.24727272727272728,-0.0001884592428365618,-0.36783801221641216,0.9427192719914177,0.8588670022457279,-0.9346318074439443,-0.11932165026941333,653.6819255605556
H1,14,1.0,H4,50,short,1.0,3724,173.4716235174085,-0.4075009573458477,0.5950134498346421,0.8946999921224755,0.2478517722878625,-0.00018001961066544848,-0.345280318926763,0.9437908608125117,0.8603365675558298,-0.9345469544613908,-0.11926843109582796,654.5304553860874
H1,14,1.0,H4,80,both,0.0,7339,342.2149559555726,-0.0683308435815987,0.545927065319013,0.9872550744472204,0.24526502248262705,-2.1460655722983176e-05,0.02872610932799172,0.6552556374733225,1.0064445417633279,-0.38611017717252616,-0.02249557421671089,6138.898228274673
H1,14,1.0,H4,80,both,1.0,7066,329.48506319417845,-0.11188213710335325,0.5459270653190125,0.9788308505672485,0.2442683272006793,-3.603383947017513e-05,0.024027593645876824,0.670655311160854,1.0054244251416273,-0.45036106710350055,-0.027521729938164263,5496.389328964913
H1,14,1.0,H4,80,long,0.0,3742,174.73350805420608,0.1488805692304596,0.31190125772861277,1.0388761653065566,0.2316942811330839,6.597812214130664e-05,0.27324846053306995,0.44687293397800754,1.0774923618980365,0.8039745372560589,0.027932825191194333,18039.74537256039
H1,14,1.0,H4,80,long,1.0,3569,166.65523523395552,0.10667960462102645,0.3162335800712891,1.0283019377660145,0.23143737741664333,4.8639105768072163e-05,0.25880790151930416,0.473986951865054,1.0740343058619306,0.7632521822156169,0.026837465664353077,17632.521822155755
H1,14,1.0,H4,80,short,0.0,3784,176.44657219456147,-0.21475359376115347,0.5426847230608491,0.9432782152290567,0.2571353065539112,-9.42774953680518e-05,-0.30708115820270593,0.8987309529627182,0.8624523090234087,-0.8723228493016209,-0.09151371348104764,1276.7715069837936
H1,14,1.0,H4,80,short,1.0,3682,171.69034852546918,-0.23758459449710675,0.5426847230608489,0.9364964998042165,0.255024443237371,-0.00010651732751444846,-0.3105833795514837,0.9049087306284191,0.8602118569481381,-0.8816182875433471,-0.0947102736558505,1183.817124566534
H1,14,1.0,H4,120,both,0.0,7469,349.1683412261615,0.002111580647626699,0.5146651963993731,1.0003791035725318,0.2404605703574776,6.338769725377327e-07,0.18023323636576555,0.5998008746210268,1.0359286856034653,0.42928944552861803,0.016837876140027852,14292.894455285763
H1,14,1.0,H4,120,both,1.0,7183,335.7981249200051,-0.04054983760821131,0.5192256233136325,0.9926113608415166,0.23987191981066408,-1.2482646496967514e-05,0.1711534919994043,0.6304843810459918,1.0344708396658866,0.37325897884293924,0.01493864772285014,13732.589788429063
H1,14,1.0,H4,120,long,0.0,3846,179.8657490396927,0.08649347281911482,0.44022327364015024,1.0217826567652655,0.23036921476859074,3.7238170321215985e-05,0.20532069030277672,0.6338942402949486,1.0582122844808115,0.5205574055150752,0.019792279205521845,15205.57405515036
H1,14,1.0,H4,120,long,1.0,3681,172.14919974391805,0.024221374717230827,0.4476943713627325,1.0061766972790007,0.22928552023906548,1.068820085978633e-05,0.1914338673706723,0.6628538087827778,1.0549460392504229,0.4713313439679574,0.018223955931506053,14713.313439679347
H1,14,1.0,H4,120,short,0.0,3759,176.09013081954598,-0.1014801190335115,0.34774185821415216,0.9742920032792611,0.24926842245278,-4.1957506129402994e-05,0.010021340025804102,0.36736886304349337,1.002739870918202,-0.076825492834242,-0.0037376414293109894,9231.74507165754
H1,14,1.0,H4,120,short,1.0,3635,170.28135821469795,-0.09452681287464487,0.34774185821415216,0.9756226603030974,0.24896836313617607,-4.0126831048011774e-05,0.011350903856721106,0.36565914547990264,1.003126952369176,-0.07337357375262932,-0.0035634445021002215,9266.26426247363
H1,14,1.0,D1,20,both,0.0,7747,362.16456546781006,-0.06917434647673762,0.6033140472046397,0.9878998684863451,0.24202917258293533,-2.037473965048426e-05,0.1320175672714649,0.8859193789450385,1.0305747019764202,-0.08566085906065701,-0.004177796437537129,9143.39140939363
H1,14,1.0,D1,20,both,1.0,7460,348.74760015359016,-0.11733645390448484,0.6065696755719437,0.9792038726565397,0.24142091152815012,-3.5382665306735804e-05,0.14402749992004116,0.9204438860643689,1.0354687018865674,-0.21353908945774946,-0.01116686724727245,7864.6091054224535
H1,14,1.0,D1,20,long,0.0,4390,205.25441628264207,0.02368896181108136,0.496756303103459,1.0055007578350421,0.2337129840546697,9.502061692626932e-06,0.15170329977738478,0.769935766284872,1.0415058200773761,0.28077822918942696,0.011637554562991204,12807.782291894348
H1,14,1.0,D1,20,long,1.0,4212,196.9572397900397,-0.048903095252844565,0.49577098135299724,0.9885358344093623,0.23219373219373218,-2.0061457022506014e-05,0.14018893237716312,0.799443685572989,1.0389054892030039,0.20521853140940438,0.008766650424347322,12052.185314094279
H1,14,1.0,D1,20,short,0.0,3747,175.52799153520584,-0.16868297451463596,0.36919448759246276,0.9579962957441498,0.2495329597010942,-6.835741271933555e-05,-0.07815524064951303,0.4340318863959869,0.978536401044606,-0.25458892550928036,-0.01366966379045198,7454.110744907148
H1,14,1.0,D1,20,short,1.0,3623,169.7192189303578,-0.15353389415563312,0.3666690291645619,0.9610312992730407,0.24979298923544024,-6.387544397139099e-05,-0.07164188410894862,0.43253702136847416,0.9801456370640736,-0.23824544977709838,-0.012667044207921863,7617.545502228967
H1,14,1.0,D1,32,both,0.0,7787,365.719654108268,-0.11176579372432485,0.5421992268257882,0.9804680862624776,0.23988699113907794,-3.302260401110403e-05,0.011009667605289162,0.6592234760310958,1.0022489926378877,-0.35398351370829473,-0.0203114940618222,6460.16486291701
H1,14,1.0,D1,32,both,1.0,7512,352.8041661308988,-0.16599703233090957,0.5502321295368202,0.9706661385181404,0.23895101171459,-5.013963678888642e-05,0.005132783064688468,0.706585308977332,1.0010633969564746,-0.43675065069156027,-0.026599520382714625,5632.493493084327
H1,14,1.0,D1,32,long,0.0,4523,212.6980494399382,-0.14379103070037025,0.5570976241609605,0.967221131924731,0.2259562237453018,-5.739403274379956e-05,0.03578143791313204,0.8267831974157981,1.0101958298352014,-0.348599452986176,-0.01995493932031256,6514.005470138402
H1,14,1.0,D1,32,long,1.0,4366,205.31498648126689,-0.20888961528312464,0.5570976241609646,0.9520173484702197,0.2244617498854787,-8.492623731314646e-05,0.03894581011860602,0.8490260282853563,1.0113202866353814,-0.39641228341053003,-0.023462052457639104,6035.877165894828
H1,14,1.0,D1,32,short,0.0,3572,167.76044747331878,-0.07226115663599858,0.300920727349138,0.9814315653361162,0.2553191489361702,-2.986260594502107e-05,-0.012321839380962617,0.3580356682826883,0.9966103060798561,-0.09445302510802245,-0.004648886424006404,9055.46974891968
H1,14,1.0,D1,32,short,1.0,3435,161.3261861900476,-0.07531390069777975,0.30092072734913766,0.980283817635082,0.25531295487627365,-3.206609114189587e-05,-0.015091286142809641,0.3598167083336775,0.9958094841472824,-0.09932924763555884,-0.004901259973127181,9006.707523644336
H1,14,1.0,D1,50,both,0.0,7798,368.55842391304344,-0.25135883646325863,0.6463332310833814,0.9571320958623276,0.23659912798153374,-7.306180034540295e-05,0.08727232359988034,0.9631133672461896,1.0206056672496064,-0.5712272773738092,-0.03923344035888754,4287.727226262001
H1,14,1.0,D1,50,both,1.0,7545,356.60083462732916,-0.25657234413485863,0.6421704843178362,0.9556189623685465,0.23697813121272365,-7.628611445310943e-05,0.08854223179272926,0.9696588246369463,1.0213193943517387,-0.5950890902518414,-0.041830035578239944,4049.1090974816802
H1,14,1.0,D1,50,long,0.0,4448,210.22670807453414,-0.06516403634206204,0.5208260733376345,0.9849864352276212,0.22616906474820145,-2.6269403456954537e-05,0.12704660052422465,0.7474185047603448,1.0338035046603018,0.12988767850096883,0.005788386433320358,11298.876785009756
H1,14,1.0,D1,50,long,1.0,4293,202.90091226708074,-0.09145999530885496,0.520826073337637,0.9786576956274597,0.22618215699976707,-3.769159335904388e-05,0.12257242401916042,0.7545025215164767,1.0327583019063065,0.10025199122580353,0.004525700110770581,11002.519912258069
H1,14,1.0,D1,50,short,0.0,3571,169.96452306489445,-0.4012117930549058,0.4786277112930012,0.9034930634568256,0.24950994119294315,-0.00015826318960938018,-0.324087242444465,0.6222905942538344,0.9157358500002492,-0.5951339281584119,-0.04212314451510146,4048.660718415882
H1,14,1.0,D1,50,short,1.0,3467,165.01456215793587,-0.37849515293020086,0.4739599442305523,0.9074328998713774,0.2500721084511105,-0.00015294129547309518,-0.3139591527390786,0.6143937095576669,0.9173970852412924,-0.5799565446732411,-0.04044384516743993,4200.434553267557
H1,14,1.0,D1,80,both,0.0,7768,371.46661429693637,-0.20447641296660649,0.5893658309702102,0.9651679999622529,0.24472193614830073,-5.8968174959997535e-05,0.1147658468045015,0.9498306188463318,1.0254977674206303,-0.48239056122589663,-0.031000499589754926,5176.094387741173
H1,14,1.0,D1,80,both,1.0,7553,362.46659440283804,-0.1990521098067581,0.5953589786335753,0.9657103064398644,0.24493578710446182,-5.847646136277126e-05,0.10791747598533497,0.9435609483114994,1.0236723611837921,-0.4741852015716813,-0.03037716305771232,5258.147984283314
H1,14,1.0,D1,80,long,0.0,4363,209.10454664742159,0.06650528588463782,0.33316074382991234,1.0155489551093253,0.23653449461379786,2.7293432188720756e-05,0.1887219759673927,0.4509782947125588,1.047941899579455,0.4353106298963958,0.01747070031759157,14353.106298963616
H1,14,1.0,D1,80,long,1.0,4236,203.31130091984232,0.0521279750272206,0.3411401811915641,1.0123263881199949,0.2358356940509915,2.1789992243483806e-05,0.1838127623861879,0.4581983782852681,1.046931918331631,0.4164922886805724,0.016851857236449996,14164.92288680546
H1,14,1.0,D1,80,short,0.0,3597,172.00893558523174,-0.4788230463049583,0.5253291775349467,0.8866985999743247,0.2527105921601334,-0.00018237860657566778,-0.4011873436766121,0.7779513591233399,0.897273352879877,-0.7432224598841399,-0.06294528030092417,2567.7754011585894
H1,14,1.0,D1,80,short,1.0,3505,169.04809850785685,-0.44866255576896646,0.526175217027814,0.8926533987916803,0.25392296718972895,-0.00017410255171078492,-0.40709961307702025,0.7700054625700309,0.8962567351159417,-0.7385991322534093,-0.06266163297697314,2614.008677465915
H1,14,1.0,D1,120,both,0.0,7692,373.4551375780938,-0.17949690572768548,0.6529088488035231,0.9690347330600851,0.23985959438377535,-5.273264771613642e-05,0.12143058629859928,0.8993537794061657,1.025532260382744,-0.41702258782800616,-0.02585830731760641,5829.774121720631
H1,14,1.0,D1,120,both,1.0,7557,367.09592366006115,-0.2021947258456379,0.6582198203843701,0.9649443947398001,0.2399100172025936,-6.000989215119027e-05,0.12701368297052334,0.9048255056814465,1.0268493620601542,-0.4520274253495459,-0.028797697295127933,5479.7257465051025
H1,14,1.0,D1,120,long,0.0,4295,208.52701714741457,0.038008852820016634,0.4787475030810986,1.0089481804501432,0.23306169965075668,1.6049573435499106e-05,0.17345609565688466,0.6179343405950598,1.0453567112128201,0.37791149136609303,0.01568572740168106,13779.114913660711
H1,14,1.0,D1,120,long,1.0,4213,204.65464157467747,-0.006268555555074631,0.4787475030810957,0.9985201479143164,0.232613339662948,-2.6690559774639063e-06,0.16723592951037214,0.6331482321960153,1.043854161190369,0.3455879308614538,0.01452360049677659,13455.879308614367
H1,14,1.0,D1,120,short,0.0,3537,174.8158660351827,-0.3647178355971763,0.47473188434868163,0.9117802822941838,0.24879841673734804,-0.00013991237001319766,-0.2741176473890748,0.6303112764014631,0.9298387408045939,-0.5744906101512226,-0.041352658316203605,4255.09389848771
H1,14,1.0,D1,120,short,1.0,3483,175.78634102528673,-0.3443784112021607,0.4729952971351099,0.9167786614705727,0.24949755957507896,-0.000132638238966817,-0.26001745488227584,0.6233195034225223,0.9335309900250393,-0.5524175395028812,-0.039760359792933686,4475.824604971158
H1,20,2.5,none,0,both,0.0,3211,149.02385641677253,0.0949152691849863,0.5174585844427404,1.024309444109259,0.31734662099034566,7.887601212680512e-05,0.3362490365522117,0.3802872013122286,1.1000318628796413,1.3865411172616837,0.04119581548874707,23865.41117261683
H1,20,2.5,none,0,both,1.0,3091,143.47283644681664,0.08733163595587533,0.5324776827545019,1.0227374840636563,0.3170494985441605,7.468010110224211e-05,0.33891889578222667,0.38031611223548867,1.1018162532519138,1.3957633357215986,0.04138756868059201,23957.63335721595
H1,20,2.5,none,0,long,0.0,2867,133.07558139534885,0.4028967710408844,0.3400027126766303,1.1159331659802392,0.3188001395186606,0.000363203725176533,0.47424437547305137,0.36516865461034287,1.1505756991600122,2.116045381262257,0.05417149672494248,31160.453812622414
H1,20,2.5,none,0,long,1.0,2751,127.7075177935943,0.3612748120078078,0.3400027126766302,1.105480560457185,0.3177026535805162,0.0003348674782526249,0.4640556735891799,0.3752416246297643,1.1483403502070735,2.087514189277539,0.053728516462750786,30875.14189277508
H1,20,2.5,none,0,short,0.0,2868,133.10508259212196,-0.46673280208796275,0.7165911723334158,0.8847260068337225,0.2907949790794979,-0.00038506624453559375,-0.3132822626347582,0.6867041274114372,0.9187258149629647,-0.6716454119784614,-0.050372506095661795,3283.545880215374
H1,20,2.5,none,0,short,1.0,2750,127.66109557702084,-0.4789840976825054,0.7203800114838147,0.8796457209023208,0.2909090909090909,-0.00040645156582977946,-0.3714769959817821,0.7340675181066925,0.904572652683481,-0.7185340241970828,-0.05715320293079029,2814.6597580291636
H1,20,2.5,H4,20,both,0.0,1645,76.4228249809209,-0.13182542844469639,0.47463869220403276,0.954869223967142,0.2905775075987842,-0.00014400071577816426,0.07341562257069659,0.4107925241763767,1.0286936198008616,0.05341517997995027,0.0024204614064220475,10534.151799799534
H1,20,2.5,H4,20,both,1.0,1580,73.40307809717629,-0.13009833498376008,0.471206147436526,0.9546271718993324,0.29050632911392404,-0.00014663903664524825,0.068552895799078,0.40845593650321754,1.0270614038187522,0.04201471752221986,0.001913843013138461,10420.147175222159
H1,20,2.5,H4,20,long,0.0,958,44.55743028142111,0.36847647987079146,0.16530033882534478,1.2028070689112647,0.3235908141962422,0.0006187044687419809,0.39228021336387675,0.2097360748612831,1.26137930181768,1.0189619567171144,0.033217564309259595,20189.619567171158
H1,20,2.5,H4,20,long,1.0,918,42.69699477906533,0.3709475065282881,0.16530033882534512,1.2089556205628622,0.3235294117647059,0.0006454946450090387,0.3930375146704036,0.20791882576480203,1.2652952478419355,1.0200994205863263,0.03324463125553612,20200.994205863255
H1,20,2.5,H4,20,short,0.0,1029,47.8049160518952,-0.4426952340350963,0.508275827697485,0.8173513806088285,0.26822157434402333,-0.0006009729026191672,-0.2784378854666156,0.4517453610588531,0.8710267195160724,-0.4200607202155806,-0.02499395236350266,5799.392797844177
H1,20,2.5,H4,20,short,1.0,993,46.132440854744345,-0.42836614583357935,0.4958983544813469,0.8198186995663805,0.26988922457200404,-0.0005983681976472988,-0.274026024724535,0.4468020210943293,0.8721594600577224,-0.41372052684990424,-0.024501310917120933,5862.794731500943
H1,20,2.5,H4,32,both,0.0,1761,81.89524446142094,0.12293266096881626,0.4045868660443309,1.0437904576098256,0.30550823395797844,0.00013800231709341584,0.28159986253070224,0.32621298963781453,1.1115516272056374,0.738100345207531,0.026040898824358116,17381.003452075372
H1,20,2.5,H4,32,both,1.0,1685,78.36086707410237,0.11610406291542283,0.4045868660443307,1.0421299672046083,0.3062314540059347,0.0001345966186740076,0.28365214489301377,0.31969927618113547,1.1134265569132142,0.7421520880134083,0.02615200771961712,17421.520880134107
H1,20,2.5,H4,32,long,0.0,941,43.81137667304015,0.21128705091720268,0.35450558900551354,1.1010033165061588,0.32624867162592985,0.00031038259789397353,0.31888372720572444,0.403850235851698,1.1606211687755508,0.5961267173983706,0.022008422617192824,15961.267173983719
H1,20,2.5,H4,32,long,1.0,907,42.22839388145316,0.21940664358845569,0.3545055890055121,1.106915844150879,0.3274531422271224,0.00033224948289956003,0.3218556484883514,0.40227472839136535,1.1636013786558836,0.6004182567328602,0.022136196306090428,16004.182567328615
H1,20,2.5,H4,32,short,0.0,1022,47.52807486631016,-0.020000175692037932,0.2681052978570573,0.990685521954033,0.2925636007827789,-2.9865389019322516e-05,0.05416369413001215,0.25475460720435406,1.027996595883076,0.028122197077630418,0.0012906021633554143,10281.221970776329
H1,20,2.5,H4,32,short,1.0,970,45.1098166539343,-0.043258254333400324,0.2713569579511641,0.9794512676382808,0.2927835051546392,-6.688387339098985e-05,0.04752663256121649,0.2568007797970894,1.0249466457117935,0.016220636497702223,0.0007485676044320932,10162.206364977044
H1,20,2.5,H4,50,both,0.0,1959,91.26591198979591,-0.044796171475958456,0.3789839363330788,0.9855417525669113,0.30321592649310875,-4.6448167397567846e-05,0.06439680892236775,0.34368841474627154,1.0227111684475574,0.018817267229131796,0.0008688901738236332,10188.172672291335
H1,20,2.5,H4,50,both,1.0,1882,87.67863520408163,-0.07553347481670689,0.380268914560251,0.9753356161677014,0.3012752391073326,-8.033377035591898e-05,0.059031276573805073,0.34029197139261014,1.0211467939768752,0.0030870479659588224,0.000143608199886458,10030.870479659618
H1,20,2.5,H4,50,long,0.0,1056,49.31015085655842,0.17040700998103356,0.2761061299207147,1.076320868833465,0.3143939393939394,0.00023424798335264428,0.14511348446935987,0.352131820612004,1.0658376414155826,0.1987895892193745,0.008502362353470128,11987.89589219377
H1,20,2.5,H4,50,long,1.0,1006,46.975389925850166,0.165685580134006,0.27610612992071537,1.0757600202425108,0.3121272365805169,0.0002369007479604675,0.1459195771301081,0.35046079457515034,1.0669274298383957,0.20006605239451325,0.008552480423318354,12000.660523945167
H1,20,2.5,H4,50,short,0.0,1038,48.358354591836736,-0.37430838798683924,0.49811962328024895,0.8446455167009944,0.2842003853564547,-0.000531300311203247,-0.15866291077227518,0.39688472003085984,0.923474255578839,-0.3063274022384952,-0.016895450161833248,6936.725977615036
H1,20,2.5,H4,50,short,1.0,1006,46.86753826530612,-0.40691650522077866,0.4981196232802497,0.8304183603092864,0.28429423459244535,-0.000584421520029894,-0.16538815327124626,0.3965880265773529,0.9193493520881224,-0.3154762783828359,-0.01750335079878773,6845.237216171637
H1,20,2.5,H4,80,both,0.0,2161,100.83102324987225,0.11397399525914201,0.3006122782556717,1.0344663524755648,0.3132808884775567,0.00010863815460119553,0.2218747590558997,0.323377743215274,1.0697747840383167,0.487750217928689,0.01870902127731333,14877.502179287
H1,20,2.5,H4,80,both,1.0,2072,96.678334184977,0.08544857990008882,0.294512362977823,1.0262293282981858,0.31322393822393824,8.379043133497828e-05,0.21572602129149465,0.31743027300812576,1.0685269031384848,0.4691481644182596,0.018111129890122202,14691.48164418268
H1,20,2.5,H4,80,long,0.0,1150,53.699501406289954,0.3432090748302948,0.19057989066804304,1.1504356533425832,0.331304347826087,0.0004498949137839073,0.4370746605248705,0.24751115803266077,1.1993552269762484,0.9448015519366422,0.031547177119666925,19448.015519366425
H1,20,2.5,H4,80,long,1.0,1094,51.0845691638967,0.359949084476949,0.1905798906680436,1.1623274507777828,0.3327239488117002,0.0004910205464624836,0.4430195960315633,0.2466379468561486,1.2049893195641863,0.9530904220539516,0.031752057710974,19530.904220539593
H1,20,2.5,H4,80,short,0.0,1095,51.09207332652018,-0.2732553044229692,0.43034034219937745,0.8922840051490311,0.2876712328767123,-0.00035866039250006534,-0.26095817700101814,0.41596071400340706,0.8970070121001396,-0.37127311870112023,-0.021419959178873182,6287.268812988825
H1,20,2.5,H4,80,short,1.0,1061,49.505652784874805,-0.33237581951195455,0.4322514423606222,0.8688825982404844,0.2865221489161169,-0.0004423132416988492,-0.2982682034345178,0.4329232934479861,0.8825152542118933,-0.4054008266826241,-0.023964901951101014,5945.991733173783
H1,20,2.5,H4,120,both,0.0,2282,106.70855204199206,0.39390773137178603,0.24437992096434136,1.1322165773069186,0.32865907099035935,0.0004098809907978433,0.47258241117024785,0.20181422681340944,1.1847240343647776,1.8366964779052837,0.049962945809584935,28366.964779052847
H1,20,2.5,H4,120,both,1.0,2186,102.21949814364359,0.36654545516534554,0.24437992096434158,1.125156305654675,0.3289112534309241,0.00039320799985469526,0.4641726081096966,0.20407125449698227,1.1837372961474824,1.8121872993358248,0.04953698633021153,28121.872993358487
H1,20,2.5,H4,120,long,0.0,1200,56.13473360655738,0.4976873746985574,0.18998055533318958,1.2482786687331644,0.3416666666666667,0.0007220843789384136,0.4853914436793521,0.21890821806784344,1.2883265170782168,1.528433388564002,0.04434734937798557,25284.33388564001
H1,20,2.5,H4,120,long,1.0,1145,53.561891649590166,0.45861197228871675,0.18998055533318936,1.232139347181432,0.33973799126637555,0.0006865451832231899,0.46599633172473287,0.22481366567008243,1.2797311026475042,1.4714250575765528,0.043233841759329206,24714.25057576556
H1,20,2.5,H4,120,short,0.0,1127,52.794247787610615,0.030074964199878877,0.26082662808725776,1.0132070223106324,0.31233362910381546,4.3574742279440794e-05,0.1500564728166189,0.22376204605940686,1.0720995260981179,0.20704681873744613,0.008854095383285188,12070.468187374523
H1,20,2.5,H4,120,short,1.0,1085,50.82676029242016,0.034314612507956324,0.260826628087257,1.0153731868937015,0.3152073732718894,5.120256618016173e-05,0.1512191915892852,0.22317647178727595,1.0734723027857975,0.20887633933326089,0.008925675223237839,12088.763393332667
H1,20,2.5,D1,20,both,0.0,2553,119.39606274007683,0.28250211542293874,0.28029274092339873,1.0866035388602595,0.3254994124559342,0.00027593686229221887,0.38896257261555645,0.30571271443372927,1.1407948475974414,1.4864787050489583,0.0435188488901761,24864.787050489576
H1,20,2.5,D1,20,both,1.0,2448,114.48553137003842,0.25162453631470644,0.2802927409233986,1.0783000776707021,0.3243464052287582,0.00025340402006191056,0.3774278447975828,0.3115273606105673,1.1382711963789827,1.4430260634173226,0.04265881691297535,24430.260634173155
H1,20,2.5,D1,20,long,0.0,1524,71.27285531370039,0.4513367752169592,0.22545441064433558,1.191109436025054,0.33727034120734906,0.0005832970860620264,0.4752939571095395,0.2656626038001001,1.2457330134196705,1.7407423588103295,0.04828112844228749,27407.423588103164
H1,20,2.5,D1,20,long,1.0,1461,68.32653649167733,0.3990994007545437,0.22545441064433502,1.1708263670422867,0.3347022587268994,0.0005299891547102226,0.4633731262963194,0.266712113587412,1.2334340141415816,1.6300329328526835,0.046261658319568966,26300.32932852683
H1,20,2.5,D1,20,short,0.0,1298,60.9767845659164,-0.16024494872317993,0.3637735736971306,0.9383897072474539,0.31124807395993837,-0.0002074405821123278,0.0007413449687377625,0.3236152476354478,1.0003141889040834,-0.07081954904646404,-0.003444659128057137,9291.804509535392
H1,20,2.5,D1,20,short,1.0,1249,58.674887459807074,-0.17486740038006754,0.36377357369713015,0.931758224313793,0.31064851881505207,-0.0002329497939854609,-0.0008887464506277175,0.3235069069287142,0.99961943164604,-0.07369758337436738,-0.0035898799757979605,9263.02416625635
H1,20,2.5,D1,32,both,0.0,2613,122.73640046296296,0.0916385609185249,0.3577958367507027,1.0267029652522317,0.3076923076923077,8.757830841742064e-05,0.25414432623707456,0.27535349332320447,1.0864356300280367,0.7594122930020344,0.026893188501109222,17594.12293002038
H1,20,2.5,D1,32,both,1.0,2514,118.08622685185186,0.01821507942104969,0.35779583675070337,1.0053464909647936,0.3050914876690533,1.784372483928445e-05,0.24870284444971913,0.27247650538674395,1.0853745192661772,0.7459535199616503,0.026522861671536946,17459.535199616428
H1,20,2.5,D1,32,long,0.0,1550,72.88072863027807,0.26423830592053643,0.33723165673590083,1.105450655462283,0.3161290322580645,0.0003365467221096481,0.3575299035794258,0.2888941875318779,1.1718486951185492,1.1319534803805418,0.03623694232179786,21319.534803805356
H1,20,2.5,D1,32,long,1.0,1492,70.15357878475798,0.20541764115691372,0.33723165673590305,1.0825451425369403,0.31300268096514744,0.00026776342351603996,0.3392110026937735,0.2944558456409102,1.157741576731697,1.0177859228628,0.03355876244944245,20177.859228628113
H1,20,2.5,D1,32,short,0.0,1249,58.72020208521045,-0.20062093709345621,0.4457252525671933,0.9217118978372194,0.2986389111289031,-0.0002649693218174694,-0.10683778430047858,0.367735176929752,0.95511601720099,-0.2327338385794463,-0.012377718194862997,7672.661614205574
H1,20,2.5,D1,32,short,1.0,1198,56.32249967820827,-0.25782473665869055,0.44551289576537323,0.8986196188350064,0.29716193656093487,-0.0003494034748347387,-0.1131840994124924,0.3634961090731078,0.9517036866921011,-0.24650330407495258,-0.013218200492183918,7534.966959250482
H1,20,2.5,D1,50,both,0.0,2636,124.60191536171865,0.10982205193164644,0.2658691948896639,1.0316962612395386,0.30424886191198786,0.00010409770378610017,0.26205234859104193,0.27884118789940116,1.0876728051662943,0.7787076187178255,0.027595684132790232,17787.076187178238
H1,20,2.5,D1,50,both,1.0,2535,119.82771450757086,0.09381168201015373,0.265869194889662,1.0274984396675644,0.303353057199211,9.146748516787125e-05,0.26027786314165546,0.27993912254328435,1.088082889433152,0.772312257385547,0.027420736906634158,17723.12257385544
H1,20,2.5,D1,50,long,0.0,1550,73.26743885078298,0.449170841044522,0.18760077808318554,1.1849936157176961,0.31548387096774194,0.0005724794455577878,0.48596502861587204,0.2056990174642559,1.2455862505824333,1.679275508038844,0.047688286174950356,26792.755080388488
H1,20,2.5,D1,50,long,1.0,1486,70.24220266597645,0.4270369239696589,0.1876007780831872,1.178913879692016,0.31561238223418575,0.0005603951574607944,0.4778110702202636,0.2087521655592015,1.2438448911650686,1.658785250183846,0.04730815924151366,26587.85250183847
H1,20,2.5,D1,50,short,0.0,1225,58.33523468057366,-0.37336328800477103,0.5299095153854805,0.8613645511900998,0.2889795918367347,-0.00048737241741741776,-0.17612321402170397,0.38970162830823996,0.9283915185390877,-0.33654432832737624,-0.01934877237605037,6634.5567167262625
H1,20,2.5,D1,50,short,1.0,1184,56.58197043045924,-0.3845436452610175,0.5299095153854814,0.8558112792631732,0.28631756756756754,-0.0005136321139704899,-0.20592364905235216,0.4121106598041139,0.9164093886586013,-0.3722890055217807,-0.02200828633058516,6277.109944782198
H1,20,2.5,D1,80,both,0.0,2641,126.34253438113949,0.03837957257075325,0.32014397423655705,1.0108509117841562,0.3070806512684589,3.560912302376349e-05,0.26491010279328836,0.25405454051180376,1.0884889705467784,0.8259662862584944,0.029223101630106996,18259.662862584963
H1,20,2.5,D1,80,both,1.0,2566,123.09318360914106,0.04306592817301759,0.3160150753867146,1.01231824766299,0.3082618862042089,4.0791071731406516e-05,0.2673158140499379,0.25274449234571916,1.0898302185160615,0.8327018467061205,0.029486690528723436,18327.018467061185
H1,20,2.5,D1,80,long,0.0,1517,72.76221273801708,0.40045666555825327,0.21664196587667006,1.1623129212823735,0.3216875411997363,0.0005180567120644925,0.4935606800940763,0.24090903238962047,1.2417225668249852,1.799265229944874,0.050611774717261415,27992.65229944884
H1,20,2.5,D1,80,long,1.0,1470,70.51713947990544,0.3883830766003734,0.21664196587667017,1.1593109758066937,0.3217687074829932,0.0005137448908487179,0.49183782144622645,0.2401443692895744,1.2428768121694043,1.794537369186255,0.05053339662927514,27945.373691862605
H1,20,2.5,D1,80,short,0.0,1243,59.518320660723646,-0.4771309672759454,0.5543832780864144,0.8254690161058252,0.2847948511665326,-0.0005971546866938512,-0.2470131936115422,0.4942165027745381,0.8998746037429134,-0.4192076444169378,-0.025682149156312062,5807.923555830619
H1,20,2.5,D1,80,short,1.0,1213,58.57327472236912,-0.4477805303520761,0.5445907942768777,0.8342328717015113,0.2877164056059357,-0.000570659556460034,-0.24550013074984567,0.4928792395777365,0.9006740747100719,-0.413642125963797,-0.02544791118645151,5863.578740362062
H1,20,2.5,D1,120,both,0.0,2642,128.28908534964106,0.13498199368710853,0.3606189612753181,1.0381540895731347,0.3080999242997729,0.00012606843963176072,0.25122532392999924,0.3282551996992107,1.0773808472329087,0.7265055306059367,0.026871969714923116,17265.055306059454
H1,20,2.5,D1,120,both,1.0,2586,125.65338565917254,0.11196582966661944,0.36061896127531734,1.0318160900997206,0.30703789636504253,0.00010601570510628885,0.2488746713984669,0.33298003483894567,1.0769381768529318,0.7189372021977629,0.02667089801019773,17189.37202197774
H1,20,2.5,D1,120,long,0.0,1486,72.1565408136134,0.557580063367189,0.1697645704271019,1.2336333169500997,0.33781965006729475,0.0007420328785762368,0.6021697463884313,0.18631222079419774,1.288882030589801,2.215484269369196,0.05835325360456389,32154.842693692
H1,20,2.5,D1,120,long,1.0,1448,70.35812159106027,0.5162609947596002,0.1697645704271027,1.2171937330977236,0.3363259668508287,0.0006972960617288866,0.5897483073785034,0.19430838251060056,1.283516762105597,2.191532452135802,0.058008739712336554,31915.32452135796
H1,20,2.5,D1,120,short,0.0,1243,61.710717683838524,-0.45070630511813436,0.5484186653864025,0.8334449235029684,0.2727272727272727,-0.0005725357628067223,-0.28137927406270885,0.5394283351639896,0.8883184934947685,-0.4711042927837097,-0.031128313809058117,5288.957072162892
H1,20,2.5,D1,120,short,1.0,1225,61.83405887230514,-0.43297799067226106,0.5472404447472756,0.8398452890433639,0.2726530612244898,-0.000553144487420526,-0.2842843673427,0.5412068409323829,0.8881967754264936,-0.4684447424602687,-0.031395311014261185,5315.552575397328
H1,20,3.0,none,0,both,0.0,2300,106.75752954632101,0.211082191359737,0.3213524429045397,1.0649369152986083,0.34608695652173915,0.0002539018559569842,0.35786371065905914,0.3314724964409399,1.1212210379704128,1.201037349391564,0.03729790948402911,22010.373493915646
H1,20,3.0,none,0,both,1.0,2218,102.95139153640869,0.18071074926506045,0.3213524429045397,1.0563173554485925,0.3431018935978359,0.00022405635401238886,0.35081917723302875,0.341756794622867,1.120211092816126,1.1689540229943143,0.0365911643952439,21689.54022994316
H1,20,3.0,none,0,long,0.0,2056,95.44407727503813,0.553777731820327,0.26663528141850634,1.1919007857098958,0.35749027237354086,0.0007164338463080596,0.6259251946630382,0.22853593755473334,1.2331013336871273,2.661061614098316,0.06209628062348482,36610.61614098306
H1,20,3.0,none,0,long,1.0,1971,91.49818886629384,0.49544228762404713,0.266635281418506,1.1738266584990071,0.35514967021816335,0.0006608794635704087,0.6012899464107028,0.23501099018669314,1.2260809066159153,2.5810558071081804,0.06100742409352633,35810.55807108172
H1,20,3.0,none,0,short,0.0,2057,95.47836446816623,-0.320369782295846,0.6126101310291685,0.906753778898625,0.31113271754982985,-0.0003790956571746733,-0.2522524199015663,0.5709416604668336,0.9245575150416991,-0.526061248972294,-0.034064295006073775,4739.387510277043
H1,20,3.0,none,0,short,1.0,1975,91.6838777325877,-0.3225487687952927,0.6113250319061996,0.9042347572922594,0.31037974683544306,-0.0003929933876978847,-0.25742914335692296,0.5600263888987632,0.9232738549487105,-0.5249648892232966,-0.03396493443352422,4750.351107767036
H1,20,3.0,H4,20,both,0.0,1132,52.65032471666879,-0.012791585805954063,0.22794418414768014,0.9949052018127437,0.3462897526501767,-1.9558838207118696e-05,0.15720759729822417,0.19925982026097555,1.0643300581572657,0.2215742091936439,0.009352166643228133,12215.742091936438
H1,20,3.0,H4,20,both,1.0,1083,50.37129122628295,-0.05169881890250895,0.26695591447466094,0.9791420954007717,0.3407202216066482,-8.166680967748596e-05,0.12291338570749742,0.20125426552660086,1.0504824923069331,0.15370566964062804,0.006672244970075125,11537.056696406318
H1,20,3.0,H4,20,long,0.0,712,33.18759571209801,0.41835677903315216,0.18804096900688916,1.2785178890113535,0.37219101123595505,0.0010362156775674365,0.47118557083761936,0.19418638491964002,1.352717185720142,1.2240345580639436,0.03796064860278214,22240.34558063935
H1,20,3.0,H4,20,long,1.0,676,31.509571209800917,0.39770865870080796,0.18804096900688994,1.2706779696439467,0.3683431952662722,0.0010302004599656279,0.45297989639693426,0.19769191695683608,1.325325061627607,1.0888616967739249,0.034931399895923754,20888.61696773925
H1,20,3.0,H4,20,short,0.0,721,33.55571483180428,-0.21429328604411318,0.2786176233612241,0.8976056637915263,0.31622746185852985,-0.00039683380662428893,-0.1149086174661986,0.2940969123588921,0.9448284710024936,-0.1673052722769819,-0.008484817969269476,8326.947277230185
H1,20,3.0,H4,20,short,1.0,691,32.15949923547401,-0.19687864115269563,0.25614306310559154,0.9036794964131387,0.31693198263386396,-0.0003770334525010632,-0.10760860613517881,0.29291143849489754,0.947658957613315,-0.15886737395271155,-0.008019457169758826,8411.326260472904
H1,20,3.0,H4,32,both,0.0,1147,53.34119556913675,0.16179398369301168,0.24615229217223444,1.0651992229359017,0.34786399302528337,0.00024973837752160957,0.2698439482548261,0.21361463368620348,1.110078239278471,0.47386317611481865,0.018202349465315182,14738.631761148199
H1,20,3.0,H4,32,both,1.0,1101,51.201967150496564,0.12623613138003573,0.24615229217223633,1.0515258710982174,0.3442325158946412,0.0002001751094188045,0.25534485525861766,0.20888877592247124,1.1054445123754306,0.4409883043621301,0.017134766361607934,14409.883043621303
H1,20,3.0,H4,32,long,0.0,655,30.515146683673468,0.3806391267826734,0.1908030137600113,1.2203761241530058,0.36793893129770994,0.0007933493855066966,0.46704154280514987,0.17541904914801565,1.2732577595994847,0.7717899519046607,0.027006120273411538,17717.899519046612
H1,20,3.0,H4,32,long,1.0,628,29.257270408163265,0.360602388238038,0.19080301376001052,1.21192794785009,0.3662420382165605,0.0007779842499526704,0.4499695518236609,0.17725623374719202,1.2632118372992227,0.7284961364936491,0.02582315658488321,17284.961364936502
H1,20,3.0,H4,32,short,0.0,674,31.344346829640948,-0.08650628890964965,0.25093744792665895,0.9559532798226447,0.3249258160237389,-0.0001775283372022299,-0.08541665316492182,0.2362651959930333,0.9578285553551681,-0.12888290838668004,-0.006396159885246444,8711.170916133198
H1,20,3.0,H4,32,short,1.0,639,29.716673032849506,-0.11826466249909375,0.25093744792665784,0.9386062967418797,0.3192488262910798,-0.0002507694931330605,-0.09649160837269091,0.2342617965441619,0.9517405817520539,-0.1406085887702866,-0.007022163296665385,8593.914112297161
H1,20,3.0,H4,50,both,0.0,1255,58.482871906098495,0.032433708029135984,0.319679158679521,1.0122699976491998,0.32749003984063746,4.81814334381955e-05,0.17218525723468017,0.24612037742621018,1.0693317095119605,0.2762347152622797,0.011431215481207513,12762.347152622846
H1,20,3.0,H4,50,both,1.0,1201,55.9664774177086,-0.01024770459389017,0.317550604033464,0.99607082571087,0.324729392173189,-1.5664293465349648e-05,0.17036710682958597,0.23841404137864686,1.0697697474225056,0.27359846090165374,0.011333760040747931,12735.984609016557
H1,20,3.0,H4,50,long,0.0,703,32.826738685758116,0.30861514877746266,0.20147438944419993,1.1701166418213471,0.33428165007112376,0.0006225435745623957,0.2792689253269935,0.2295430698023807,1.1568864948862194,0.4250481711967917,0.016677246960475678,14250.481711967928
H1,20,3.0,H4,50,long,1.0,666,31.099015597034008,0.2704377395626022,0.20147438944420093,1.1516322732804696,0.3303303303303303,0.0005695159009176589,0.26469841906817154,0.2287539444692176,1.149629842936923,0.39590162912143034,0.015696666745976806,13959.01629121436
H1,20,3.0,H4,50,short,0.0,673,31.3617313090074,-0.36575415487119756,0.4413353766493475,0.8268374958275575,0.30906389301634474,-0.0007463252081790294,-0.10463258752383633,0.2650631069964676,0.9447212861557802,-0.16914023138533296,-0.00859752117311785,8308.597686146693
H1,20,3.0,H4,50,short,1.0,648,30.196733860678744,-0.3669074133966845,0.4294599253315434,0.8233158242420537,0.3117283950617284,-0.0007645139563777478,-0.10396200283131164,0.2645528124429041,0.9443797487001587,-0.16744729754097631,-0.008503478331571612,8325.527024590252
H1,20,3.0,H4,80,both,0.0,1414,65.97643076136944,0.33467676213768033,0.22089557851452857,1.1300030221652888,0.34016973125884015,0.0004947220866462255,0.43624495493483556,0.1924313223396259,1.1739936513924902,1.0089224531078145,0.0330850771993032,20089.224531078133
H1,20,3.0,H4,80,both,1.0,1358,63.363502810424116,0.29860267847653843,0.2208955785145278,1.1176866040758007,0.33726067746686306,0.00045492782822220354,0.4245187011288429,0.19050581919532916,1.1710229755507782,0.9765933647720559,0.032303342173792826,19765.933647720543
H1,20,3.0,H4,80,long,0.0,763,35.63300728807058,0.508762252695364,0.15567451262913623,1.2850178696935652,0.36304062909567497,0.001011277082561303,0.5930555740465396,0.15704513310887658,1.3487360949700267,1.2010835771555395,0.037532079452879064,22010.835771555416
H1,20,3.0,H4,80,long,1.0,729,34.045166858457996,0.4963924102074485,0.15567451262913612,1.2838058053117292,0.3607681755829904,0.0010232148921455325,0.5863544817265145,0.15713729789028663,1.349521759585779,1.1895661267759938,0.037277903288367886,21895.66126775982
H1,20,3.0,H4,80,short,0.0,711,33.17485309146653,-0.029769513553973732,0.23764594313878862,0.9847098815719695,0.3150492264416315,-6.174583851253362e-05,0.05043910500712158,0.218382099663888,1.0261904690720647,0.02710410931138485,0.001248605842602668,10271.041093113896
H1,20,3.0,H4,80,short,1.0,687,32.05502682677567,-0.06366800424927933,0.23764594313878973,0.9669763411786755,0.3129548762736536,-0.00013515021745184362,0.044880372774374,0.21742130787297775,1.0236111240986032,0.019548773520440932,0.0009037416718133962,10195.487735204426
H1,20,3.0,H4,120,both,0.0,1545,72.25496158770807,0.47763839224692906,0.2205859380768962,1.1936093552016473,0.3559870550161812,0.0007145173207122047,0.562499256720183,0.18043196884796409,1.2611908059741883,1.988735080749965,0.052536350949184074,29887.35080749966
H1,20,3.0,H4,120,both,1.0,1482,69.30864276568502,0.42362226578178636,0.22058593807689497,1.1738712527838575,0.35290148448043185,0.0006520982318899523,0.542871222635713,0.19134631967813498,1.2472190274250168,1.8559943942542358,0.05030247349484407,28559.943942542515
H1,20,3.0,H4,120,long,0.0,815,38.12972332522096,0.535590150881535,0.17063206695516897,1.3227604407106341,0.3754601226993865,0.0011278224962107265,0.5657721169255507,0.17292109539129663,1.39877440198948,1.6328296530777835,0.046331866622588924,26328.296530777778
H1,20,3.0,H4,120,long,1.0,780,36.492250544383246,0.483661197893423,0.17063206695516997,1.2945092477472684,0.36923076923076925,0.0010482381699011432,0.5455649530012722,0.17734026300486083,1.3901454315998558,1.5824926029757163,0.04538730675002234,25824.92602975717
H1,20,3.0,H4,120,short,0.0,767,35.93467804002053,0.16664502286031344,0.1926038786151668,1.0905762638743084,0.3324641460234681,0.00035323822252230627,0.23024973300248314,0.1590534324452979,1.1204664082050515,0.2970347328957639,0.012259566823184853,12970.347328957645
H1,20,3.0,H4,120,short,1.0,739,34.62285146228835,0.14587339117161913,0.1926038786151666,1.0804890561811786,0.33288227334235454,0.0003179480348092187,0.21227876741389407,0.1619431497162701,1.1118489637791187,0.26860199632254345,0.01120892163028775,12686.019963225446
H1,20,3.0,D1,20,both,0.0,1764,82.50749135612755,0.3825490862835968,0.2804443037084031,1.1431960898996423,0.3412698412698413,0.0005553884050506736,0.4895163849490248,0.20278725355869742,1.2103139627586266,1.7920648978504343,0.04919751530847272,27920.6489785043
H1,20,3.0,D1,20,both,1.0,1697,79.37370341913177,0.33983563503928255,0.2804443037084027,1.128817966322264,0.33824395992928696,0.0005076491768104508,0.4699814055177401,0.2088684503861401,1.2045395984963594,1.718508688403782,0.047888154770347136,27185.08688403799
H1,20,3.0,D1,20,long,0.0,1079,50.46801767191702,0.47366974633133646,0.1861805889823147,1.2350018470312625,0.3577386468952734,0.000865718909898643,0.5281479167211823,0.18106227227668537,1.3045095396358914,1.6923519839665966,0.04741439127747782,26923.519839666
H1,20,3.0,D1,20,long,1.0,1036,48.4567806377257,0.41427270062282257,0.18618058898231438,1.2072423954459501,0.35231660231660233,0.0007774507517993124,0.5088740852350151,0.18520734345644774,1.2966704313454287,1.6438827063138506,0.04652477564578872,26438.82706313846
H1,20,3.0,D1,20,short,0.0,910,42.75501672240802,0.06280305289053949,0.2967903833423725,1.0305154102271743,0.3252747252747253,0.00012361686780061582,0.17086233014745247,0.23494238093614694,1.0895341769734543,0.24140346478067443,0.01021162654656349,12414.034647806757
H1,20,3.0,D1,20,short,1.0,881,41.392494211474144,0.04265156421025214,0.2967903833423724,1.0209775317219691,0.3246311010215664,8.606093501861234e-05,0.14848256739340718,0.24714331190285443,1.0782580234544874,0.19860838406060366,0.008547920345069127,11986.08384060605
H1,20,3.0,D1,32,both,0.0,1818,85.40508038585209,0.18249686017907418,0.3522392003019662,1.0639409348369289,0.3256325632563256,0.000252786892034078,0.3099272168981238,0.3074444553800991,1.1231646385708698,0.885947135158935,0.030252520208659428,18859.4713515894
H1,20,3.0,D1,32,both,1.0,1748,82.18007465568284,0.13168658401374111,0.35223920030196554,1.046656332892534,0.3232265446224256,0.00018744237638672684,0.30315005659264704,0.3101689965337858,1.1220769363947438,0.8692556636178195,0.029845725522567257,18692.556636178215
H1,20,3.0,D1,32,long,0.0,1092,51.345648815653966,0.32159553947597,0.2608155953108606,1.1529213912911047,0.3342490842490842,0.0005877846296450432,0.43038215881357855,0.18985830566982642,1.237804699036305,1.2771996614758327,0.03945319299025307,22771.99661475839
H1,20,3.0,D1,32,long,1.0,1051,49.4178359938208,0.26148618732774487,0.26081559531086096,1.1251970411762309,0.3301617507136061,0.000489615279182904,0.414061618039878,0.19183844208806844,1.2317139629590137,1.2312944331305307,0.038458351965528825,22312.944331305353
H1,20,3.0,D1,32,short,0.0,885,41.61254505664264,-0.043942234256722765,0.32991862531252925,0.9792424357247694,0.31186440677966104,-8.500105691003919e-05,0.045243078900497835,0.3116133559948021,1.02313108416281,0.014625135640223386,0.0006829242589290185,10146.251356402228
H1,20,3.0,D1,32,short,1.0,849,39.95068925534656,-0.06318482169594936,0.3299186253125277,0.9696477515672388,0.3121319199057715,-0.00012601112616833534,0.04116067570653913,0.31195498312025427,1.0213591466800636,0.00788132009616116,0.00036947916926322044,10078.813200961622
H1,20,3.0,D1,50,both,0.0,1848,87.35369483628834,0.25596562413428714,0.32801522973434216,1.0884323599322991,0.3327922077922078,0.0003472411108272635,0.37889317746040935,0.2368449137259122,1.1504447353594727,1.1460919442574964,0.036756553389433844,21460.919442574912
H1,20,3.0,D1,50,both,1.0,1784,84.32845865148182,0.2423072549377755,0.3280152297343435,1.0848902476501447,0.33183856502242154,0.0003378148423128236,0.37670129646491035,0.24097212918226463,1.1511442759657617,1.1387313173777454,0.03658819562509197,21387.313173777453
H1,20,3.0,D1,50,long,0.0,1098,51.90170829558691,0.3587828953299535,0.25411568483180613,1.167063642606959,0.34153005464480873,0.0006333931197160128,0.4425350526408827,0.24930997442343283,1.2394226204226084,1.303128780817755,0.04022319701378119,23031.287808177407
H1,20,3.0,D1,50,long,1.0,1056,49.916397049307626,0.3291018683216219,0.25411568483180647,1.1552905461905236,0.3409090909090909,0.0005969453494111868,0.42983925816312785,0.25107220065719627,1.2353506584005798,1.2656473179933445,0.03941671658061208,22656.473179933368
H1,20,3.0,D1,50,short,0.0,861,41.00133637548892,-0.09850245347715286,0.36368631609271795,0.9540132910402276,0.313588850174216,-0.0001892047088616845,0.023656267417063746,0.32947724189225713,1.0120123600433955,-0.01868871748318257,-0.0008979857706350458,9813.112825168171
H1,20,3.0,D1,50,short,1.0,836,39.81082138200782,-0.0930786761621475,0.36368631609271673,0.9559680971659043,0.31220095693779903,-0.00018344398786492732,0.024501169837753748,0.33061278652882575,1.0125171688045853,-0.017192572000955586,-0.0008254993555857348,9828.074279990413
H1,20,3.0,D1,80,both,0.0,1859,88.93251473477406,0.19712065491899347,0.25964642615413125,1.0666527290637582,0.32920925228617537,0.0002621185928690109,0.3880660982737246,0.24161649088162662,1.1512521487694207,1.2321338119116128,0.03915992990775652,22321.33811911609
H1,20,3.0,D1,80,both,1.0,1805,86.57600131319764,0.1874183356589166,0.25964642615413125,1.0640651027688812,0.3296398891966759,0.00025450909506503694,0.37883267036862434,0.24320583367177195,1.1487867208941107,1.1897587213939005,0.038309796216511316,21897.587213938892
H1,20,3.0,D1,80,long,0.0,1072,51.37750951318725,0.4512022741465225,0.16558763716792435,1.214624495837337,0.3516791044776119,0.0008211049608273125,0.5537000083814386,0.16252887474367506,1.3120238099643964,1.8340498287443694,0.05119293757108645,28340.49828744364
H1,20,3.0,D1,80,long,1.0,1032,49.499409061063695,0.42580154773813633,0.16558763716792402,1.205035616084826,0.35174418604651164,0.0007964933240463627,0.5503683070426131,0.16338444775226213,1.3141546044539156,1.8242568670658414,0.05105977090071834,28242.568670658366
H1,20,3.0,D1,80,short,0.0,885,42.37627818563188,-0.18698739250762728,0.3446071437315723,0.9149469776900263,0.3050847457627119,-0.00034530707243398507,-0.01968239360838059,0.35275406612480276,0.9902272438795806,-0.08755163574579083,-0.004377593541889713,9124.483642542084
H1,20,3.0,D1,80,short,1.0,868,42.0473474801061,-0.1648847650004006,0.34460714373157064,0.9243918467134065,0.3076036866359447,-0.0003081334388826073,-0.010198421355258681,0.3524713849694324,0.9949524320719974,-0.0719413295076694,-0.003610136689762844,9280.586704923258
H1,20,3.0,D1,120,both,0.0,1862,90.47432486364241,0.18017463372168824,0.3231467321522872,1.0596869561141795,0.33297529538131043,0.0002377531597004689,0.3065216294267039,0.2920666504017515,1.1119306199900127,0.862096950747584,0.03066938088730531,18620.969507475922
H1,20,3.0,D1,120,both,1.0,1819,89.31170184164537,0.1565761127479169,0.3231467321522854,1.0519532665170737,0.3326003298515668,0.00020896024707442177,0.2912543117123418,0.29661892339423546,1.1067245041050355,0.8015930119772294,0.029325128148156576,18015.930119772333
H1,20,3.0,D1,120,long,0.0,1058,51.40807502993216,0.5271704219709085,0.14656662627689665,1.2584933886348033,0.3601134215500945,0.0009934167396494153,0.5804652471515789,0.15440265659440988,1.328135928354276,1.9197897562865496,0.05344379533981658,29197.897562865437
H1,20,3.0,D1,120,long,1.0,1028,50.47412286597661,0.4920795362967013,0.14656662627689743,1.2417649542876859,0.35894941634241245,0.0009404102837636023,0.5755800268790162,0.15727822880309328,1.3261663035885232,1.902690405348324,0.053715116347789804,29026.90405348325
H1,20,3.0,D1,120,short,0.0,880,43.70088375254929,-0.4063754490366347,0.49003037807269767,0.835779474450099,0.30113636363636365,-0.000676707349242748,-0.2794109737796519,0.4466076693248655,0.8875234912020881,-0.3659200256750669,-0.022370148558814695,6340.799743249345
H1,20,3.0,D1,120,short,1.0,867,43.77547000276472,-0.3952469366547156,0.4898349956952044,0.8402875230396109,0.3021914648212226,-0.0006618304756948329,-0.2744172744277085,0.4473739527557058,0.889436107811743,-0.3607287834454017,-0.022337629545072124,6392.712165545981
H1,20,2.0,none,0,both,0.0,4593,213.16305590851331,0.201387268346014,0.39721057981125896,1.0460605977165285,0.29327237099934683,0.00012026569065928294,0.3432824104153873,0.26032796535439995,1.0932915427599519,1.4019458953662265,0.041506773233023875,24019.458953661935
H1,20,2.0,none,0,both,1.0,4410,204.66994917407877,0.14891767680049992,0.39721057981125785,1.0345452102144597,0.2909297052154195,9.151336949593513e-05,0.32851209968024336,0.2630306277582126,1.0873797023862117,1.2924185809580386,0.039253251374241405,22924.185809580318
H1,20,2.0,none,0,long,0.0,4077,189.2152795425667,0.45045607394523124,0.31942350160469046,1.1164615012211048,0.29286239882266374,0.0002940033310986548,0.5197252246529404,0.29307653664500033,1.147904649556504,2.2960604265105644,0.05691575747052746,32960.60426510512
H1,20,2.0,none,0,long,1.0,3903,181.16288600838735,0.4244199015256611,0.31942350160468924,1.1118844549243154,0.2920830130668716,0.00028614643574254045,0.5135166906403266,0.2963774611716127,1.1477188704607666,2.2779069668352485,0.056652284708320844,32779.069668351796
H1,20,2.0,none,0,short,0.0,4078,189.26168996188053,-0.4096296505545139,0.671871503326096,0.9104586300425017,0.2655713585090731,-0.00023789083574524903,-0.23149760968942432,0.6530831540985791,0.946989362660668,-0.6379238468815545,-0.04605415793422851,3620.761531184459
H1,20,2.0,none,0,short,1.0,3912,181.55756035578145,-0.3990694945939918,0.6603590385502086,0.9109433508732667,0.2658486707566462,-0.00023925793268880064,-0.23183133220291455,0.6544548209820084,0.9464501573236586,-0.6352320577713431,-0.04572617926062361,3647.6794222865597
H1,20,2.0,H4,20,both,0.0,2611,121.33177480916031,-0.013647704915351102,0.3646543200525161,0.9960099845168131,0.2738414400612792,-9.871294986426534e-06,0.018085592425117196,0.40106783806453705,1.0053986627440386,-0.08486942492253735,-0.0041128271464857535,9151.30575077465
H1,20,2.0,H4,20,both,1.0,2502,116.26660305343512,-0.02670900597529464,0.36465432005251597,0.9920649702068531,0.2733812949640288,-1.9891003191694105e-05,0.014420890069861152,0.40463159139923754,1.0043494403169622,-0.09398856703866798,-0.004576189303034939,9060.114329613325
H1,20,2.0,H4,20,long,0.0,1411,65.62686234560041,0.20808919305593684,0.16265339826175318,1.0872967137682732,0.29553508150248053,0.00021628314144099347,0.2556524261737287,0.1839264799308724,1.1076324422796597,0.42385571177581927,0.016571287245826793,14238.557117758128
H1,20,2.0,H4,20,long,1.0,1341,62.37110021647778,0.21176228046522616,0.16265339826175307,1.0907979628042708,0.2953020134228188,0.00022859375273751628,0.25721206566754456,0.18380781152015602,1.109589659749599,0.42587020369755946,0.016638136913352808,14258.70203697552
H1,20,2.0,H4,20,short,0.0,1598,74.38122849496622,-0.330488770860583,0.4288182323161377,0.8812372929655099,0.24968710888610762,-0.0003022440530254996,-0.32989040710746675,0.5340323790915654,0.8782060669707832,-0.5191877822249237,-0.033510616153045514,4808.122177750781
H1,20,2.0,H4,20,short,1.0,1541,71.72808079520836,-0.32764790995103826,0.42722392623818684,0.8802359901979001,0.24983776768332253,-0.00030758333061091365,-0.3306228271673456,0.5335737285825645,0.8770987123045507,-0.5178930887967816,-0.03338963485864588,4821.069112032187
H1,20,2.0,H4,32,both,0.0,2839,132.04440977970202,0.07324491622830728,0.4262037496856683,1.0212768022146166,0.2772102853117295,5.3631248287755795e-05,0.21101726854084527,0.404144292492596,1.0638937123981136,0.48371924972396263,0.018520374610799584,14837.1924972396
H1,20,2.0,H4,32,both,1.0,2722,126.60263593531135,0.04258654255144816,0.42620374968566843,1.012566924378609,0.27590007347538575,3.215507606407358e-05,0.194737561739556,0.41793283507939905,1.059510378643157,0.42950752016121596,0.016758611239976906,14295.075201612084
H1,20,2.0,H4,32,long,0.0,1419,66.06625239005736,0.22124172774748735,0.38634292829960093,1.0906007509309503,0.3058491895701198,0.00022402850678807136,0.35662957271240897,0.4142264936955372,1.1530887532027998,0.7597989165743435,0.02666402993593664,17597.98916574333
H1,20,2.0,H4,32,long,1.0,1353,62.9934034416826,0.194294243504456,0.38634292829960093,1.0808662305175376,0.30450849963045085,0.00020326439109092729,0.3481917839518168,0.4184320524759717,1.1509605521047985,0.7427891584875077,0.026199867583061476,17427.891584875008
H1,20,2.0,H4,32,short,0.0,1641,76.32436648414618,-0.13935367237248805,0.4058224306703585,0.948166979468407,0.25472273004265694,-0.00013366482659643144,-0.08931170135357036,0.39319336024128393,0.9649866222183172,-0.23223901675505454,-0.012216514203700624,7677.609832449428
H1,20,2.0,H4,32,short,1.0,1576,73.30115879281803,-0.14425665649830935,0.4032480055168798,0.9452764680184008,0.25380710659898476,-0.00014280513884697577,-0.08901655786802092,0.39300645244458754,0.9647513603242176,-0.23134297515114421,-0.012162925037538352,7686.570248488589
H1,20,2.0,H4,50,both,0.0,3105,144.65577168367346,0.06835862109705389,0.327630744884162,1.018698080961475,0.27697262479871176,4.742924911077679e-05,0.1690476878399337,0.40340014613902486,1.0478573429000464,0.33657791497922496,0.013607517432367322,13365.779149792314
H1,20,2.0,H4,50,both,1.0,2974,138.55274234693877,0.07207278884530394,0.3276307448841629,1.0201412185699132,0.27639542703429726,5.177568871827925e-05,0.16398767426024616,0.4150039287634585,1.046892684877513,0.31935529741710056,0.01299526449307975,13193.55297417103
H1,20,2.0,H4,50,long,0.0,1581,73.82514062899514,0.24569131981767173,0.25646929412981156,1.0994867370363848,0.29538266919671097,0.00024476549091369547,0.320542888715176,0.29565382952114483,1.1319504288619826,0.6520117961466596,0.023717603715714963,16520.117961466447
H1,20,2.0,H4,50,long,1.0,1498,69.94943748401943,0.25389639982095324,0.25646929412981123,1.1058421589947576,0.29439252336448596,0.00026466063194605067,0.3242110858785278,0.29429894253006483,1.1352679759372053,0.6581246078608949,0.023894173201704172,16581.246078608823
H1,20,2.0,H4,50,short,0.0,1669,77.75538903061224,-0.14685670367249726,0.3709583751145169,0.9471275911354776,0.25704014379868184,-0.00013840762946755068,-0.08646003918827277,0.35755554387398325,0.9674836491616549,-0.22839307144026189,-0.012006677784716091,7716.0692855974385
H1,20,2.0,H4,50,short,1.0,1614,75.19304846938775,-0.13885541405986399,0.36881443687732796,0.9491050194644897,0.2577447335811648,-0.00013431350908784553,-0.08681576401976937,0.3551609180444494,0.967125136179807,-0.22744382533539886,-0.011950085619276907,7725.561746646035
H1,20,2.0,H4,80,both,0.0,3303,154.0373787027579,0.29405503554263196,0.25253369032503914,1.0796000839960804,0.2809567060248259,0.00019987451779950616,0.38106684745485775,0.22327187347844313,1.105687153646696,1.059290247550206,0.03426161303986852,20592.902475501964
H1,20,2.0,H4,80,both,1.0,3161,147.4151238508682,0.26257411942558867,0.25253369032503625,1.0723099661018503,0.27965833596962986,0.00018401116798248872,0.3668048113524825,0.2248510219701011,1.1027392556637285,1.0165712796239879,0.03325100461592134,20165.712796239797
H1,20,2.0,H4,80,long,0.0,1675,78.21449117872668,0.3688009769403316,0.20805234161870256,1.1426223035314873,0.30208955223880596,0.0003433816710512144,0.45808904179804455,0.2455027682911619,1.1823971071874924,1.0436448607429782,0.03393788616653892,20436.448607429655
H1,20,2.0,H4,80,long,1.0,1579,73.7317501917668,0.36351887888482426,0.20805234161870367,1.1445613802715076,0.3027232425585814,0.00035330164235337046,0.45108396491679215,0.24706087159161516,1.181926555898608,1.0231360450768783,0.03345104412041011,20231.360450768596
H1,20,2.0,H4,80,short,0.0,1735,80.91276174668029,-0.006313465896119648,0.2876186404042257,0.9977122462758675,0.2570605187319885,-5.986350532395533e-06,-0.08312743536671259,0.3522686676125144,0.9711342106971597,-0.19608848650803445,-0.010127338399023467,8039.115134919686
H1,20,2.0,H4,80,short,1.0,1687,78.67425306435138,-0.041314106881767045,0.287618640404225,0.9849206206392263,0.2548903378778897,-3.9862160433903405e-05,-0.0847940218138822,0.34505421476869114,0.9702923811768449,-0.201448427780489,-0.010436106726619543,7985.515722195111
H1,20,2.0,H4,120,both,0.0,3446,161.13833055946742,0.4105955008536342,0.3093467521059061,1.1149988472379182,0.289611143354614,0.0002902050229165233,0.5127134328696181,0.263801444238678,1.163620388343701,2.0479506194031503,0.05349549805614351,30479.50619403151
H1,20,2.0,H4,120,both,1.0,3298,154.2177057995135,0.39218763868069684,0.309346752105906,1.1121816945710103,0.28835657974530016,0.0002865501020656192,0.5007184223392704,0.26590747939581494,1.1614189766488003,1.9994809898850683,0.05270610820155586,29994.809898850646
H1,20,2.0,H4,120,long,0.0,1766,82.61161629098362,0.4909895629531876,0.23852802428178999,1.2055368384567877,0.31200453001132505,0.0004908833930163519,0.5157309890615238,0.2400227852124749,1.2637907349391455,1.7986513861890865,0.049319620167858735,27986.51386189068
H1,20,2.0,H4,120,long,1.0,1676,78.40151127049181,0.4754599273579011,0.23852802428178954,1.2044328516404166,0.31085918854415273,0.0004949803923279053,0.5132501513135619,0.24048599114925562,1.2661762330043587,1.7922664461864746,0.04920751157334413,27922.664461864533
H1,20,2.0,H4,120,short,0.0,1757,82.29600538599641,0.06665122458932503,0.22827745767360352,1.0243505403533475,0.2646556630620376,6.441611493717897e-05,0.14559841606219448,0.20885334890479623,1.0544951414403616,0.2019424822851359,0.00865272600867284,12019.424822851372
H1,20,2.0,H4,120,short,1.0,1697,79.48566940241088,0.05800285045348905,0.22384314469829647,1.021526215875857,0.26399528579846787,5.75082991361768e-05,0.1401114177002836,0.21012619271918243,1.0528483832442843,0.19083169784535614,0.00821406368845956,11908.316978453571
H1,20,2.0,D1,20,both,0.0,3717,173.81055562668033,0.2693172301104312,0.35377836339782864,1.071153760450169,0.2875975248856605,0.0001827564614964825,0.37675310889528024,0.298810482174411,1.1206718529989121,1.4894280541272154,0.04357100447325046,24894.280541271888
H1,20,2.0,D1,20,both,1.0,3556,166.28203815132505,0.22582477480266833,0.35377836339782986,1.0606922531597918,0.2854330708661417,0.00015818055951594107,0.3665631757535529,0.30157745339527275,1.1147744094090004,1.3946154165941214,0.04167786490208347,23946.154165941127
H1,20,2.0,D1,20,long,0.0,2166,101.29724711907811,0.49081880219135704,0.2110825302132765,1.1826698466673835,0.2996306555863343,0.0004478929484434023,0.4933817732813927,0.19736666682683102,1.2259298424009486,1.8219067884126656,0.04971284898231665,28219.06788412641
H1,20,2.0,D1,20,long,1.0,2066,96.62055057618439,0.4622008035660183,0.21108253021327572,1.1756211574561168,0.29767666989351405,0.0004366557440388858,0.47944063102221024,0.20318577889881562,1.2215243712862016,1.7800549054886448,0.04897956716979457,27800.549054886185
H1,20,2.0,D1,20,short,0.0,1894,88.72431704501732,-0.1972868899427612,0.36438068813050783,0.9354561164848598,0.2729672650475185,-0.00017647551948958069,-0.024874048293576947,0.3232743320983289,0.9913938647859187,-0.13105891160334948,-0.006559168927847692,8689.410883966588
H1,20,2.0,D1,20,short,1.0,1825,85.49201616006155,-0.22208547479074234,0.3630567338804237,0.9263506083155658,0.2717808219178082,-0.0002037728254871253,-0.02683334829921986,0.32014327690307487,0.9906240127498885,-0.1355637247538215,-0.0068010302704352155,8644.362752461813
H1,20,2.0,D1,32,both,0.0,3796,178.2806994985213,0.11756546961283018,0.42170232101036276,1.0302187764057629,0.2792413066385669,7.927674918439848e-05,0.23944052091686555,0.34662875339394394,1.0710361252839564,0.7057944205241826,0.025398156363741986,17057.944205241845
H1,20,2.0,D1,32,both,1.0,3636,170.76623376623377,0.05509248337055911,0.4217023210103622,1.0143607267175314,0.2761276127612761,3.827809437392114e-05,0.23213714178494615,0.35958154183205815,1.069397281413646,0.6826866262695825,0.024741524843595375,16826.866262695723
H1,20,2.0,D1,32,long,0.0,2219,104.33699150360454,0.29893911967944004,0.30257956423485,1.1088283164529782,0.28481297881928797,0.0002800516000761733,0.36139479676376973,0.24532616298305887,1.1607534140986513,1.2515504262357702,0.038899714178859846,22515.504262357637
H1,20,2.0,D1,32,long,1.0,2123,99.82308831101957,0.2662815929960401,0.3025795642348502,1.0986693659192943,0.2826189354686764,0.0002578109699561518,0.35310184758895535,0.24960959386358772,1.1517084759565792,1.1636341985212262,0.036955896139686306,21636.34198521198
H1,20,2.0,D1,32,short,0.0,1824,85.66490934807767,-0.19431564404911153,0.4410942468378949,0.9345298774838512,0.2713815789473684,-0.00017593824386501905,-0.14131551195756234,0.4379971306642636,0.9512685822728051,-0.28928412618370936,-0.01590994613894947,7107.158738162925
H1,20,2.0,D1,32,short,1.0,1750,82.18946894689469,-0.24794793849893418,0.4397297910252421,0.9155720426747238,0.26857142857142857,-0.00023060368121760916,-0.1460600292129206,0.4354348839656649,0.9490264313052812,-0.30041877164099895,-0.016639498951501075,6995.812283590026
H1,20,2.0,D1,50,both,0.0,3806,179.88373447204967,0.13175631009439576,0.30982148195143266,1.0335893855320049,0.2771939043615344,8.820701716824215e-05,0.28438013450056426,0.2750384017989508,1.0869921164086902,0.9501497164146591,0.032070915213104456,19501.497164146553
H1,20,2.0,D1,50,both,1.0,3659,172.93604425465838,0.13543070556775813,0.30982148195143033,1.035166953652,0.2771248975129817,9.348352224310872e-05,0.2860134556952696,0.27372039392220504,1.0883420382649656,0.9566002049784559,0.03223200719695063,19566.002049784423
H1,20,2.0,D1,50,long,0.0,2213,104.59345885093167,0.3959151442195888,0.241404195369052,1.1449436303153613,0.2878445549028468,0.0003670487659868309,0.44259552926900786,0.24423558686752334,1.200235249720459,1.597419536511436,0.04614669122554704,25974.195365114243
H1,20,2.0,D1,50,long,1.0,2119,100.15071816770185,0.38391050428046786,0.24140419536905466,1.1432451966854058,0.2883435582822086,0.0003674192424319124,0.44112415284389517,0.24240384380852176,1.201759255444204,1.5941620173107607,0.046084644313283185,25941.620173107298
H1,20,2.0,D1,50,short,0.0,1793,85.32811074918567,-0.2788566963299889,0.42427088758965803,0.9064504187023517,0.26157278304517567,-0.0002562476059588909,-0.18421108878033693,0.4651063241532931,0.9371788049286915,-0.36346406341428084,-0.021267485679559273,6365.359365857208
H1,20,2.0,D1,50,short,1.0,1735,82.56791530944625,-0.26420940229944395,0.4237324937181173,0.9097908725259083,0.26051873198847264,-0.0002499540439815145,-0.17305214326975707,0.46275349591990467,0.9405005752393788,-0.3435647271419928,-0.019832630621927194,6564.352728580095
H1,20,2.0,D1,80,both,0.0,3811,182.26630221291083,0.14689887701227453,0.3274822476851621,1.036636230332653,0.2815533980582524,9.629559227174642e-05,0.34897566466637436,0.2338895930312742,1.1023940633540414,1.361525748154461,0.041953774022550405,23615.257481544493
H1,20,2.0,D1,80,both,1.0,3697,178.26128712871287,0.15269281228882123,0.3226559736850503,1.0384505363170535,0.2818501487692724,0.00010196418380943557,0.3524763467050942,0.2329227047932514,1.1038734507908436,1.3676626979026225,0.042434765872853,23676.62697902611
H1,20,2.0,D1,80,long,0.0,2122,101.78076165462903,0.45247785633986654,0.23581884679528708,1.1627304432284287,0.2945334590009425,0.0004216351517193971,0.5292621678058598,0.1698620857278137,1.22417059506187,2.0140345719620094,0.054343502935464194,30140.3457196198
H1,20,2.0,D1,80,long,1.0,2055,99.10070636387641,0.43918169487381586,0.23581884679528708,1.1593808939368373,0.2944038929440389,0.00041703550742073364,0.5284098017549572,0.16538613318416273,1.2252418256824564,2.0050737605363085,0.054494152877161195,30050.73760536287
H1,20,2.0,D1,80,short,0.0,1836,87.8092182794291,-0.34067937214478927,0.45991063806159493,0.8883837513678486,0.2636165577342048,-0.0002973461735266482,-0.2111591580087837,0.49909587468979777,0.9287059024228783,-0.4020201917531102,-0.024292313095743978,5979.798082468917
H1,20,2.0,D1,80,short,1.0,1787,86.18800343324969,-0.31128097836963986,0.45681210423007224,0.8966878948878579,0.2641298265249021,-0.0002772067551614258,-0.21128699502014792,0.49992712302842746,0.9286879937184507,-0.3968951190147214,-0.02409346825250347,6031.048809852806
H1,20,2.0,D1,120,both,0.0,3794,184.20291107271035,0.19833196665583078,0.3436782308757552,1.050114700687275,0.2820242488139167,0.00013256240071729604,0.39008539481662935,0.29822454993014935,1.1137983640729532,1.6612602251348703,0.048669078312329805,26612.60225134855
H1,20,2.0,D1,120,both,1.0,3715,180.4633262401915,0.18366595699536636,0.34367823087575733,1.0467206099557376,0.2818304172274563,0.00012450726060040176,0.3882301298585795,0.2993935647031106,1.1137443390673836,1.6549339510344057,0.048574353900900924,26549.33951034381
H1,20,2.0,D1,120,long,0.0,2123,103.07400638043333,0.46178202085754205,0.2848102691375449,1.1659238914253616,0.2991050400376825,0.0004347495187261538,0.529693179482767,0.276548731000284,1.219049989744478,2.0347503351184697,0.05537695121910047,30347.50335118452
H1,20,2.0,D1,120,long,1.0,2072,100.65141641175687,0.4279178909547579,0.28481026913754437,1.1544469633395622,0.2982625482625483,0.0004086166488698375,0.5216574984150096,0.28315172056221005,1.2159198378375882,2.020055206471321,0.055158382266924155,30200.55206471292
H1,20,2.0,D1,120,short,0.0,1792,88.60538784350886,-0.3014470495285534,0.4445811740296244,0.8999944329281143,0.2583705357142857,-0.0002664415850314339,-0.1876821253134579,0.49177766745100915,0.9361502340224825,-0.3700352015641095,-0.0225890516371815,6299.647984358938
H1,20,2.0,D1,120,short,1.0,1763,90.27558530772467,-0.2820955504594421,0.44217468097081436,0.9070120773306612,0.25921724333522406,-0.000248773772270057,-0.1728887873175718,0.47773688942023573,0.9417973954769204,-0.34497354000864466,-0.02143109359754425,6550.264599913544
H1,20,5.0,none,0,both,0.0,963,44.78998471921559,0.2420718761314929,0.34969575460054503,1.1094598822470232,0.37694704049844235,0.00061078447224776,0.3338682489954584,0.25568309527521504,1.1575648118289275,0.6505082610778148,0.023579530941511884,16505.08261077815
H1,20,5.0,none,0,both,1.0,927,43.11559276709538,0.25624940132579704,0.34969575460054514,1.1185155845747874,0.37971952535059333,0.0006658953460347536,0.3405871560851221,0.2555614453463164,1.16294120914517,0.6611495318652991,0.02388553040142538,16611.495318653
H1,20,5.0,none,0,long,0.0,893,41.55538922155689,0.6921714076775531,0.29263545315162653,1.3542225468749791,0.42665173572228443,0.0018809601670322332,0.7256940823013691,0.22407061359485148,1.37402020962134,1.917202459721472,0.051083041088300085,29172.024597214622
H1,20,5.0,none,0,long,1.0,854,39.74054019620334,0.6762793103168627,0.292635453151627,1.355419861967043,0.42857142857142855,0.001895013711808052,0.708723754760808,0.23247470014663174,1.3735917461276956,1.8316009853907547,0.04962732095425415,28316.009853907493
H1,20,5.0,none,0,short,0.0,894,41.57014640356461,-0.19367669368690718,0.48504886043859163,0.9134544785456833,0.33557046979865773,-0.0005459588392442836,-0.1723036340401586,0.35803211299353177,0.9192458504121293,-0.29501780321587423,-0.016123859302760835,7049.821967841269
H1,20,5.0,none,0,short,1.0,854,39.71018459579885,-0.2258103843785075,0.5212341982282824,0.8975819909617303,0.33138173302107726,-0.0006600193821793007,-0.15504352939608645,0.3048313321041374,0.9285993969307639,-0.25683864939578427,-0.013708051188771497,7431.613506042155
H1,20,5.0,H4,20,both,0.0,708,32.92970839169744,0.06625853511556153,0.394256043188022,1.032473455756264,0.3644067796610169,0.0001883350171995081,0.05378745515631516,0.2776324695380271,1.0264165053715464,0.03133879425412012,0.0014362521585631338,10313.387942541198
H1,20,5.0,H4,20,both,1.0,681,31.673914427607286,-0.0009164535320548297,0.39425604318802254,0.9995498433956023,0.35976505139500736,-2.6662823876480195e-06,0.009609819385844048,0.2730306383969263,1.0047687036566928,-0.028219567807813317,-0.0013305065182855902,9717.80432192186
H1,20,5.0,H4,20,long,0.0,557,25.919766849280162,0.3991970842626352,0.2741270076495591,1.2523016068260275,0.3859964093357271,0.0014185885123292612,0.39877424640574777,0.18807828323470188,1.2530445557245744,0.6398232072964076,0.023282369873094844,16398.2320729641
H1,20,5.0,H4,20,long,1.0,535,24.896005860619187,0.3930261907802207,0.27412700764955944,1.2546995099187266,0.38691588785046727,0.0014362945137142557,0.40353853657136884,0.19078157570762044,1.2629029087722268,0.6461904720912826,0.023466924369816455,16461.904720912822
H1,20,5.0,H4,20,short,0.0,528,24.595332228032138,-0.372725864718104,0.5391971904787782,0.7941362053216249,0.3162878787878788,-0.0012946846983117554,-0.27746061193399546,0.37915081846301435,0.8392596103126724,-0.3140410174738114,-0.017405273296921875,6859.589825261879
H1,20,5.0,H4,20,short,1.0,503,23.430780512689708,-0.4085368042712765,0.5580755412527978,0.771928783344969,0.3101391650099404,-0.0014727782544007592,-0.30823230622292047,0.3914286025961927,0.8182254582842998,-0.3410270566491219,-0.019240604378141235,6589.729433508775
H1,20,5.0,H4,32,both,0.0,585,27.201941438574156,0.08985753153416651,0.2502846517594186,1.05435200737786,0.3623931623931624,0.00032246479166568245,0.0506858046273968,0.21478190073178682,1.0316495132588013,0.024280220182471002,0.00111614110565883,10242.80220182472
H1,20,5.0,H4,32,both,1.0,563,26.17896244430299,0.07955863298767274,0.2502846517594184,1.0489567144626366,0.3623445825932504,0.0002944785616157105,0.07922799311622322,0.17809516245348933,1.048458003649638,0.06822501171702511,0.0030735765259644054,10682.250117170277
H1,20,5.0,H4,32,long,0.0,398,18.568080214586793,0.46794355987134684,0.1809312312517134,1.372098268657775,0.41959798994974873,0.001910205086606038,0.4077356334782832,0.15144321826757157,1.3034603631716077,0.49202019939570074,0.018842827691468278,14920.201993956965
H1,20,5.0,H4,32,long,1.0,382,17.82162472857325,0.4978043996627936,0.1809312312517133,1.4115200836660449,0.42670157068062825,0.002095092146937656,0.41707760366428126,0.15236388957032643,1.3168370694624365,0.49986999873161486,0.019092280375443638,14998.699987316157
H1,20,5.0,H4,32,short,0.0,433,20.13408656906429,-0.009726822968862745,0.3251621582510812,0.9929347621122327,0.3394919168591224,-4.3207638563767884e-05,0.003597890445125402,0.23509899907599485,1.0026701105668285,-0.03200737383384333,-0.001511508092552627,9679.926261661547
H1,20,5.0,H4,32,short,1.0,412,19.15760661998727,-0.030354226364088726,0.3251621582510811,0.9776199241035555,0.3325242718446602,-0.00014105952330508833,-0.0003321668697304017,0.22590128673352972,0.999748827848379,-0.03682070115778091,-0.001742923419268072,9631.792988422192
H1,20,5.0,H4,50,both,0.0,496,23.205328551300116,-0.034006645365342716,0.2764157706968998,0.9810098071009488,0.35080645161290325,-0.00011057776017188671,0.08059913281941126,0.2159704375275432,1.0493959466208906,0.06496151371856573,0.0029489208092925434,10649.615137185632
H1,20,5.0,H4,50,both,1.0,473,22.129275009606765,-0.04937417282404827,0.27641577069689993,0.9718652618713344,0.35306553911205074,-0.00016494339944875765,0.08227280394198727,0.21482820501837985,1.051726294991948,0.06679282180002688,0.0030295433861702303,10667.928218000246
H1,20,5.0,H4,50,long,0.0,323,15.128975378302128,0.3721416305778028,0.19056141719237574,1.3113184794172648,0.4117647058823529,0.0016443046833901167,0.37721615827087,0.1467300564368207,1.3145259540366612,0.39499055286494733,0.015714293100804744,13949.905528649451
H1,20,5.0,H4,50,long,1.0,309,14.473230315465504,0.3660952512788417,0.19056141719237552,1.3144194644455356,0.41423948220064727,0.0016609661603813948,0.37356611991796246,0.1481916150491025,1.319049691514319,0.38687250247286387,0.015436663082695867,13868.725024728643
H1,20,5.0,H4,50,short,0.0,330,15.482658959537572,-0.5177291553838638,0.5373963870916438,0.6751280369339216,0.30303030303030304,-0.0021967523792829125,-0.36890380815483803,0.3245687238625288,0.7594919751006071,-0.2977752534205862,-0.01644851640232403,7022.247465794114
H1,20,5.0,H4,50,short,1.0,318,14.91965317919075,-0.5264369719601726,0.5392759206971617,0.6649570071131757,0.3050314465408805,-0.0022951359234594515,-0.37415013342204395,0.32550116555473996,0.7530484164219321,-0.3006945742419421,-0.016640735379064964,6993.054257580575
H1,20,5.0,H4,80,both,0.0,496,23.169714797288655,0.2354651338746023,0.23257287229272994,1.1433368040431384,0.3790322580645161,0.0007672637176212992,0.3516655081070495,0.1973191222491385,1.2316148447892747,0.4474307995668949,0.017424115091581704,14474.307995668958
H1,20,5.0,H4,80,both,1.0,471,22.001886430489833,0.23944777993838492,0.23257287229273016,1.1505588896984327,0.3821656050955414,0.0008089176728353117,0.3543139121393359,0.19635736325264064,1.2397269900814307,0.4478782388571183,0.01743880480638582,14478.782388571188
H1,20,5.0,H4,80,long,0.0,292,13.640235324210257,0.6199492712084078,0.1402451955508799,1.5960943887515726,0.4554794520547945,0.002872959448136228,0.7411954988722405,0.06507552990116083,1.8218679609479953,1.024945494575177,0.0335072499692175,20249.45494575173
H1,20,5.0,H4,80,long,1.0,274,12.799398900115104,0.6513260679997203,0.14024519555088,1.6628300144391563,0.4708029197080292,0.003144273201146964,0.7704363260630972,0.06589609370159244,1.894307742395763,1.0582997177551992,0.03429629773623377,20582.997177551963
H1,20,5.0,H4,80,short,0.0,302,14.310521536066423,-0.49674393005575435,0.535637641557548,0.6734456475410555,0.304635761589404,-0.0021540096467483737,-0.42901986898191724,0.3303612765204501,0.7194298022018525,-0.3081078915686175,-0.017301970360879437,6918.921084313825
H1,20,5.0,H4,80,short,1.0,287,13.893538767395627,-0.5673447716481159,0.5265299418712004,0.6306418106396963,0.2961672473867596,-0.0025037138962374327,-0.4627874508916095,0.3238810652921218,0.6943634212522901,-0.3257849566411477,-0.01890240595869852,6742.150433588525
H1,20,5.0,H4,120,both,0.0,548,25.638145254258998,0.4422370583126173,0.1659026849058719,1.2958673930475082,0.40693430656934304,0.0015902540368826616,0.5284907338287167,0.10124269234196726,1.369561333869653,0.9103659112827429,0.0307468599131131,19103.659112827416
H1,20,5.0,H4,120,both,1.0,524,24.515306775970284,0.39239475106462296,0.16590268490587146,1.2663061413782888,0.40076335877862596,0.0014579498900283208,0.4808973041070197,0.10382814433210585,1.336113337202141,0.790663045960218,0.027631097003740335,17906.630459602107
H1,20,5.0,H4,120,long,0.0,316,14.78403996413475,0.6897488263236548,0.17525861006132326,1.6476837893356253,0.4620253164556962,0.0031542610016114226,0.7514374886817913,0.12803151084533737,1.7806741463462066,1.1136319413055276,0.03563442498164404,21136.319413055204
H1,20,5.0,H4,120,long,1.0,301,14.082265915204305,0.6622445527632075,0.17525861006132348,1.636869197270291,0.46179401993355484,0.003124779606127727,0.7372891619488527,0.12394739268357402,1.7835621590006476,1.0726739717986558,0.034686737701714154,20726.73971798651
H1,20,5.0,H4,120,short,0.0,292,13.706850019277729,0.04134444506822282,0.23015645421942632,1.035931042221869,0.3527397260273973,0.0002072445385972469,0.07251953993022583,0.15061569712697354,1.0610374569079688,0.04748684076095966,0.0021801573357573822,10474.868407609592
H1,20,5.0,H4,120,short,1.0,279,13.096613545816734,0.02899521610846556,0.23015645421942643,1.0257571522366424,0.34767025089605735,0.00015109638785764198,0.059339935782332986,0.15357990103977515,1.050727837552901,0.03524462234756376,0.0016272623821214083,10352.446223475628
H1,20,5.0,D1,20,both,0.0,603,28.21131676700397,0.6277755490257702,0.14826309912108915,1.4264248334562049,0.41459369817578773,0.002286983226514638,0.6558038265406764,0.10837290307540137,1.4619745113635605,1.3273992691990473,0.04031301419778188,23273.99269199044
H1,20,5.0,D1,20,both,1.0,576,26.948123478929165,0.6017261919730622,0.1482630991210897,1.4181745985684926,0.4131944444444444,0.002271635690467256,0.6417805682295534,0.10978386744885338,1.4640653914668582,1.2872165153236992,0.03946571210354466,22872.165153237063
H1,20,5.0,D1,20,long,0.0,355,16.608652491353915,0.8046070851999813,0.18622804598842568,1.7359436988735024,0.4676056338028169,0.00344812187007455,0.7981511447912506,0.11572538522773446,1.7816408628594644,1.2003125922215978,0.037583627495566096,22003.12592221598
H1,20,5.0,D1,20,long,1.0,336,15.719738696042015,0.7853144101774049,0.18622804598842613,1.7432143448310011,0.47023809523809523,0.0034912782883306554,0.7991942446382082,0.11248384772377962,1.813895459187192,1.1935431157686405,0.037434059910272266,21935.431157686384
H1,20,5.0,D1,20,short,0.0,307,14.42209003215434,0.08517233960422747,0.2518805840049041,1.074868044877721,0.34527687296416937,0.00045546158419653945,0.10340279087633178,0.16410092528400033,1.0911741497570067,0.08386121422079929,0.0037902559438780514,10838.612142207996
H1,20,5.0,D1,20,short,1.0,295,13.858360128617363,0.07869092621460078,0.2518805840049051,1.0705886875304362,0.3423728813559322,0.0004357259467901892,0.0971504727788425,0.16158764384575885,1.0875231068745406,0.07717550380538474,0.003498522323378106,10771.755038053827
H1,20,5.0,D1,32,both,0.0,661,31.084105832367708,0.4527891861656968,0.24817787327034568,1.2610905953238074,0.39334341906202724,0.001447561262104558,0.5495686200195329,0.1204169367076553,1.3424806599703474,1.0477412974745346,0.034279661398065375,20477.412974745304
H1,20,5.0,D1,32,both,1.0,629,29.579277713402856,0.4205327325001618,0.24817787327034524,1.2477986638082694,0.39109697933227344,0.0013965797378782474,0.5184928465224662,0.11587874055864633,1.3329601084298188,0.9765196917844192,0.03255932081408752,19765.19691784414
H1,20,5.0,D1,32,long,0.0,385,18.10729461756374,0.7539781572840824,0.1830909727733152,1.6465581483176375,0.45194805194805193,0.003122495425933698,0.7999167792114829,0.11045016300374777,1.74001450419817,1.2830627801536334,0.03958926937706342,22830.62780153635
H1,20,5.0,D1,32,long,1.0,364,17.119624002060263,0.7223805402789916,0.18309097277331543,1.639232255314313,0.4532967032967033,0.0031082346104101917,0.7879217501980564,0.11001034505429474,1.7583227672850135,1.2499331951589316,0.038874816250982214,22499.33195158931
H1,20,5.0,D1,32,short,0.0,326,15.397840424156215,-0.05836514682430023,0.35873858759241295,0.9581335152997168,0.3343558282208589,-0.00025928578583630455,0.034595348246393647,0.2144412864570414,1.0268941079912943,0.01210323635473265,0.0005683974222183696,10121.032363547327
H1,20,5.0,D1,32,short,1.0,313,14.783816112763482,-0.09010232418855807,0.3587385875924135,0.9347993932282964,0.3258785942492013,-0.0004142420239782318,0.02020687440755812,0.20546243158655908,1.0159864791037647,-0.0017755524768681141,-8.393504776216254e-05,9982.244475231306
H1,20,5.0,D1,50,both,0.0,694,32.813398058252425,0.2514396711741063,0.29392904226469185,1.1315353201378506,0.3804034582132565,0.0007619948857105429,0.3397754839248397,0.16082363873127992,1.186063613623587,0.5333723133707846,0.020417052752388365,15333.723133707821
H1,20,5.0,D1,50,both,1.0,664,31.39495145631068,0.25725686962599925,0.2939290422646914,1.138422191411909,0.3855421686746988,0.0008036350052212369,0.339825550470327,0.15889925709135644,1.1903412986896562,0.5280419537380994,0.020249056909189544,15280.419537380993
H1,20,5.0,D1,50,long,0.0,413,19.52728155339806,0.5177324058764232,0.14741673543296197,1.385075674251974,0.4188861985472155,0.0020590538625130128,0.6038629530999345,0.11625743395670507,1.4864167044185224,0.9194979591601777,0.03131076785770448,19194.97959160179
H1,20,5.0,D1,50,long,1.0,393,18.581650485436892,0.5253841518809084,0.14741673543296208,1.4059104426697373,0.42493638676844786,0.0021625770479183895,0.6066134356129309,0.11611686196384152,1.5043765807713398,0.9163296572189064,0.031230218532882326,19163.296572189076
H1,20,5.0,D1,50,short,0.0,313,14.916916753653444,-0.13829361374057092,0.29744169832056566,0.9017236835081345,0.33226837060702874,-0.0006196825089577923,-0.07330391970135866,0.19233164034093453,0.9452336351777739,-0.08243399600794821,-0.004091650146208381,9175.660039920507
H1,20,5.0,D1,50,short,1.0,302,14.39268006263048,-0.13170913425171177,0.29744169832056433,0.9046469387996986,0.33774834437086093,-0.0006052326800864675,-0.07163129008945589,0.1930996701223322,0.945746119318749,-0.08033772489078328,-0.003983334241548286,9196.622751092182
H1,20,5.0,D1,80,both,0.0,718,34.50651315789474,0.3604397670197965,0.2149045574445263,1.1918687328045066,0.383008356545961,0.001091470574889439,0.5287382696399151,0.11272941142895909,1.312023672664413,1.0901019234332434,0.03606498291837301,20901.019234332354
H1,20,5.0,D1,80,both,1.0,693,33.3137996841274,0.3968743757062911,0.20879521655436195,1.217578946504241,0.38961038961038963,0.0012370156997098649,0.5423223673150566,0.10647696137548301,1.3284353121672807,1.1234926131709724,0.03686434002083461,21234.926131709704
H1,20,5.0,D1,80,long,0.0,411,19.75233552631579,0.504074667823539,0.15937775462447168,1.3631550174688425,0.4306569343065693,0.0019953134580563046,0.6355570495216143,0.07935046559012027,1.513710659315086,1.0030878376665848,0.03394982377226752,20030.87837666587
H1,20,5.0,D1,80,long,1.0,394,18.9403132403264,0.5352981134808236,0.15428248225812902,1.400668882354731,0.43908629441624364,0.002186570006705733,0.6584572589396553,0.0756784978303845,1.550662815937548,1.041159657474347,0.03489517688754051,20411.596574743497
H1,20,5.0,D1,80,short,0.0,331,16.348580121703854,-0.030222883469823558,0.22064193734344562,0.9776757156572036,0.32628398791540786,-0.00013399393380082326,0.17133900103163618,0.115820681548085,1.146770435164158,0.16761008261808974,0.007683018308052958,11676.100826180884
H1,20,5.0,D1,80,short,1.0,322,15.904056795131847,-0.01769885915319444,0.22064193734344617,0.9867093923127873,0.32919254658385094,-8.049698346833854e-05,0.1783199714155762,0.11629966196399866,1.1541553782413725,0.17506159584114078,0.007999689623928274,11750.6159584114
H1,20,5.0,D1,120,both,0.0,737,35.786925019941506,0.2352595400752667,0.32877574483946614,1.1161220352798213,0.37720488466757124,0.0006739565332265573,0.3666976475205087,0.22693792468602914,1.19086744770741,0.6168706111545297,0.023605858220866693,16168.70611154527
H1,20,5.0,D1,120,both,1.0,717,35.37542212616507,0.22777848065674697,0.32877574483946514,1.1130901081894506,0.37796373779637377,0.0006603260996091054,0.3683842903378991,0.22239056768691412,1.1930150308880842,0.6102994817596143,0.0237841047544467,16102.99481759609
H1,20,5.0,D1,120,long,0.0,432,20.97686785429407,0.547070045887956,0.22731465795015826,1.387512894524997,0.42824074074074076,0.002151309261395646,0.6645982151724653,0.15148888656827153,1.5112774091488643,1.070324535181343,0.03596732180473583,20703.24535181338
H1,20,5.0,D1,120,long,1.0,419,20.672666486559503,0.5293090458765882,0.22731465795015826,1.3776743185367493,0.42720763723150357,0.0021065038717273093,0.6684652549966132,0.15039546834846684,1.5220780033441883,1.06327247014777,0.036381438277926836,20632.724701477695
H1,20,5.0,D1,120,short,0.0,326,16.200204081632652,-0.2833376983824912,0.33214351442539425,0.817410003533427,0.3159509202453988,-0.001112669033461317,-0.122052623715293,0.2009367212060622,0.9147342234076855,-0.11979461878464603,-0.006320877991151219,8802.05381215355
H1,20,5.0,D1,120,short,1.0,319,16.11322776932651,-0.26745310721054893,0.32769228173247045,0.8266464049379415,0.31974921630094044,-0.0010634538489261976,-0.10568592546069915,0.20056763153440793,0.926079642004085,-0.1054736531260021,-0.005614259885505346,8945.263468739968
H1,20,1.5,none,0,both,0.0,6732,312.4349428208386,0.07432820064161925,0.48957344228553057,1.0145849035594867,0.2565359477124183,3.0537437449761076e-05,0.21934692507317266,0.4810691475123876,1.0510947952944734,0.7270985178524785,0.025684958376269718,17270.985178524756
H1,20,1.5,none,0,both,1.0,6505,301.89977763659465,0.04355462575961074,0.5088803852644836,1.0086831426587262,0.25488086087624906,1.8351552965419287e-05,0.21265355763581076,0.48703143985275676,1.0497596776783824,0.6830682101007775,0.024456389559011527,16830.68210100768
H1,20,1.5,none,0,long,0.0,5835,270.8047966963151,0.444136988019643,0.38619499408214386,1.1001094784196828,0.25552699228791775,0.0002021374707932721,0.482445415647767,0.3810694095276883,1.1153114632596424,2.20382687593277,0.05552448524789688,32038.26875932699
H1,20,1.5,none,0,long,1.0,5626,261.13820053374,0.4208235565145171,0.3861949940821462,1.0965697985108622,0.2552435122644863,0.00019664000719698635,0.47440993474206383,0.3869368742821212,1.1144248142606783,2.180962299146346,0.055180886356887004,31809.622991462995
H1,20,1.5,none,0,short,0.0,5836,270.85120711562894,-0.32244331259332126,0.5914108410851138,0.936525533735976,0.2506854009595613,-0.00012916419975274383,-0.2869819640539698,0.7848586928911702,0.9407838225532634,-0.7671544720419905,-0.06540090553280298,2328.455279580055
H1,20,1.5,none,0,short,1.0,5629,261.24425031766197,-0.3233952684599573,0.5891635294492452,0.9351468624074555,0.25084384437733165,-0.00013308601611414355,-0.286874420662783,0.783554657417585,0.9403881773484558,-0.7653189494210967,-0.06506025768763857,2346.8105057889993
H1,20,1.5,H4,20,both,0.0,4245,197.26288167938932,0.02513479394440233,0.29490658428032,1.0062453637409436,0.24876325088339224,1.237069553600808e-05,0.05041741380640554,0.3428197843214644,1.0129276103718992,-0.03611017602819622,-0.0017076074601284352,9638.898239718044
H1,20,1.5,H4,20,both,1.0,4092,190.15305343511451,0.012539766208212856,0.29490658428032024,1.0031723519809805,0.24804496578690127,6.344581434676959e-06,0.04712176958935617,0.34636151866184384,1.0121807332835042,-0.047276843937299806,-0.0022480281250405465,9527.231560627013
H1,20,1.5,H4,20,long,0.0,2010,93.48688399337833,0.2860036688824944,0.15628509641229837,1.1075335017497783,0.26318407960199003,0.0002143498026593015,0.29989323999819983,0.1694544449165668,1.114406685194095,0.5548989148143673,0.02074259411271462,15548.989148143544
H1,20,1.5,H4,20,long,1.0,1933,89.90554565134345,0.27534770616231796,0.15628509641229604,1.1055068612352539,0.26228660113812724,0.00021244720447140164,0.2894615819522025,0.17107138497266128,1.1110229020070097,0.5287327334405272,0.019937182768572814,15287.327334405103
H1,20,1.5,H4,20,short,0.0,2702,125.6404201145767,-0.31332723732532364,0.4607754622400997,0.9073854584309929,0.23353071798667654,-0.00018182280130458645,-0.3420851448819064,0.6212754798101129,0.8971340918604629,-0.605537169020673,-0.04233267726894763,3944.628309793251
H1,20,1.5,H4,20,short,1.0,2610,121.36250795671546,-0.31113762453989785,0.4620945544276205,0.9063658469243486,0.23295019157088123,-0.00018557085861002442,-0.3423719806218697,0.6214168263389659,0.8963804683118735,-0.6042273336091812,-0.042185044500596014,3957.7266639081813
H1,20,1.5,H4,32,both,0.0,4512,209.80369191597708,0.0420217171265486,0.4692693206075321,1.01016490333834,0.2462322695035461,2.027099282460384e-05,0.1491503410129363,0.5267233313134646,1.0379206931783926,0.27381177386410904,0.011316968534214933,12738.117738641049
H1,20,1.5,H4,32,both,1.0,4358,202.64283895607892,0.026500400043672122,0.46926932060753246,1.0065181105437402,0.24552547039926573,1.309472401851888e-05,0.14955644329077328,0.5295759031142891,1.0383829318683029,0.2762217748327602,0.011405858320666207,12762.217748327474
H1,20,1.5,H4,32,long,0.0,2084,97.02753346080306,0.31466806289114385,0.39301097811821795,1.1153455485980932,0.2615163147792706,0.00022930916014045227,0.40187216442564183,0.44619615740499396,1.1513204520717806,0.977000394265118,0.032242120670319174,19770.003942651016
H1,20,1.5,H4,32,long,1.0,2010,93.58221797323137,0.30702890283178325,0.3930109781182176,1.1147187877424236,0.26169154228855723,0.00022952422348171788,0.39563690197991264,0.44881787467449663,1.1500048356081862,0.9591169309423015,0.031805500731094005,19591.16930942283
H1,20,1.5,H4,32,short,0.0,2729,126.89589433481858,-0.15458852590075917,0.34759442303694865,0.9529235108317003,0.2352510076951264,-9.30027645941855e-05,-0.17583015207102376,0.5089344102269131,0.9452464605274912,-0.38089076893760365,-0.02204836452347103,6191.092310623977
H1,20,1.5,H4,32,short,1.0,2634,122.47848504137491,-0.17562657470755844,0.35550627188440165,0.9456795009625069,0.23424449506454062,-0.00010817231481093383,-0.1776361139638987,0.5088901544462217,0.9441027761643047,-0.38774860874933514,-0.022554754976219615,6122.513912506675
H1,20,1.5,H4,50,both,0.0,4798,223.3868068833652,-0.001640156852536425,0.35264142863279857,0.9996175243211379,0.24614422676115047,-7.633036897625384e-07,0.12425768127390566,0.48560900649084937,1.0303624132565445,0.1687770856034414,0.007287566963188219,11687.77085603434
H1,20,1.5,H4,50,both,1.0,4631,215.61156787762906,0.013966327886367064,0.3492324107791157,1.0033251537231878,0.24573526236234075,6.691990510649182e-06,0.12602252438187528,0.48154101789886294,1.0310083287832283,0.17781397466635518,0.007648845618099642,11778.139746663617
H1,20,1.5,H4,50,long,0.0,2289,106.61275822494262,0.3137010322188516,0.20233017477711523,1.1130987850090572,0.25862822193097423,0.00022083549658234692,0.41191211952175155,0.24387741687710707,1.1527068452858185,1.044325112268576,0.03386590902319808,20443.251122685597
H1,20,1.5,H4,50,long,1.0,2193,102.14144988523337,0.3228262788708497,0.20233017477711457,1.1195533340387753,0.25809393524851804,0.0002355500629140186,0.4150429827322629,0.24163248378809832,1.1557402154563197,1.0497643507495544,0.03399386645033253,20497.643507495464
H1,20,1.5,H4,50,short,0.0,2711,126.3000956632653,-0.2891241899613673,0.4353526398910902,0.91545006072315,0.23570638140907416,-0.00017155007547738681,-0.20218510635917472,0.5274424784143616,0.9382056952444213,-0.4924592932906977,-0.031101074327473333,5075.407067093017
H1,20,1.5,H4,50,short,1.0,2629,122.47987882653061,-0.26263024761061327,0.41142373453024417,0.9217789171056417,0.23621148725751237,-0.000159846199661551,-0.19327904504500673,0.52072980320625,0.9405476846549905,-0.47337791230432,-0.029433726411849048,5266.220876956806
H1,20,1.5,H4,80,both,0.0,5028,234.483784473953,0.19054982087992695,0.3371596378643559,1.0435541303509117,0.2537788385043755,8.650501932222307e-05,0.26844885563119353,0.36427486436926415,1.0644651826698628,0.7588969950466824,0.02668432849925151,17588.96995046665
H1,20,1.5,H4,80,both,1.0,4851,226.22928370786516,0.16637178471852682,0.3371596378643612,1.0386801079815078,0.2529375386518244,7.745474816053104e-05,0.24882074773789725,0.3830256345455828,1.0598771531855387,0.678072426829246,0.024434465949703332,16780.72426829229
H1,20,1.5,H4,80,long,0.0,2467,115.19710432114549,0.407196958079833,0.14650749810822006,1.1406776545792388,0.26104580462099714,0.00027387767547784413,0.48812484806897327,0.17211503308131493,1.1720183060070688,1.288717295027391,0.03942039509182438,22887.172950273733
H1,20,1.5,H4,80,long,1.0,2356,110.01393505497316,0.40351207135621986,0.14650749810821906,1.1430796037092539,0.26103565365025466,0.00028094280998846726,0.4867753829347954,0.17269531039519492,1.1738342008774443,1.2863750000023604,0.0393706986798088,22863.750000023443
H1,20,1.5,H4,80,short,0.0,2714,126.56901174668027,-0.0336714810855205,0.3503854050610633,0.9898047204747726,0.24797347089167282,-2.044424135546282e-05,-0.08926201401139096,0.3937265182148595,0.9729084159247305,-0.24087308519728456,-0.01276989592043376,7591.26914802718
H1,20,1.5,H4,80,short,1.0,2646,123.39779111338099,-0.06000159943079461,0.3503854050610631,0.9816600520672704,0.24678760393046106,-3.703758258979741e-05,-0.10954066749691868,0.41154817689967627,0.9667997650421508,-0.27504551818650036,-0.0148882303489698,7249.544818134988
H1,20,1.5,H4,120,both,0.0,5150,240.75739152694226,0.3005653835008197,0.29415401309576306,1.0702723499132414,0.25029126213592234,0.0001409772626686038,0.4002784148224264,0.2645749526063187,1.1055188992412364,1.5824043642759027,0.04535000305662473,25824.043642758752
H1,20,1.5,H4,120,both,1.0,4963,232.074734348995,0.2731394745350442,0.29415401309576206,1.0650524145727323,0.24964739069111425,0.00013156549708529666,0.3931989324619988,0.267196418145651,1.104608175972867,1.5645016950321189,0.0450218712415551,25645.01695032077
H1,20,1.5,H4,120,long,0.0,2592,121.21997439180538,0.38603822067479654,0.26148011709500063,1.1311589817071857,0.25887345679012347,0.0002580578770952382,0.43055761195455594,0.32808093271225114,1.1732766550653968,1.470847121199872,0.04321112415877626,24708.471211998472
H1,20,1.5,H4,120,long,1.0,2489,116.41788321167883,0.35019742382598806,0.26148011709500285,1.1213142333502015,0.25672961028525515,0.00024107158806443358,0.4173831540185108,0.33447802941223015,1.169035112334749,1.436788851757719,0.0425397335591704,24367.888517577005
H1,20,1.5,H4,120,short,0.0,2669,125.02914582531743,0.026060886059489797,0.28591680382007545,1.0081960449695475,0.24016485575121768,1.6678705068174196e-05,0.06789979916585386,0.34745167465221716,1.0221109640218862,0.04625533997867337,0.0021204535840764205,10462.553399786697
H1,20,1.5,H4,120,short,1.0,2582,120.95363601385148,0.025562879041401494,0.285916803820075,1.0081845700814602,0.24089852827265684,1.6758942199887447e-05,0.06793807880011131,0.3474203498969969,1.0223321388512843,0.04638638609326984,0.0021263331214496084,10463.863860932785
H1,20,1.5,D1,20,both,0.0,5452,254.8755919621144,0.2131258553542874,0.35469922805551646,1.0475897921104658,0.2545854732208364,9.625725106375466e-05,0.316926221828695,0.35534625994139757,1.0832700837464857,1.2163233849631387,0.03790596025105941,22163.233849631237
H1,20,1.5,D1,20,both,1.0,5255,245.72893995647166,0.16851661801612994,0.3546992280555158,1.038240793783922,0.2534728829686013,7.800482339646078e-05,0.3072092193371981,0.3647146613052892,1.0813031404443272,1.1824977851735339,0.03716967854125919,21824.97785173524
H1,20,1.5,D1,20,long,0.0,3107,145.26776113671275,0.3842360158039028,0.2544716348666545,1.1185928341109472,0.2587705181847441,0.00023659278559101364,0.4238955654775199,0.29644818086489755,1.1548670278684743,1.504119094610152,0.04385243953835505,25041.190946101142
H1,20,1.5,D1,20,long,1.0,2987,139.6929257362356,0.34001253059573633,0.2544716348666549,1.1067587718613625,0.2564445932373619,0.00021496671341910404,0.4070908317776121,0.3060982876205055,1.149837864826446,1.4522011918614175,0.04284162242151868,24522.011918613884
H1,20,1.5,D1,20,short,0.0,2722,127.51192766448634,-0.13515250147333227,0.3719737189701713,0.9600471476393352,0.25018368846436445,-8.190441721851311e-05,-0.12459936622559367,0.502496202065793,0.9621093490463994,-0.30718400054764206,-0.017044730024516563,6928.159994523616
H1,20,1.5,D1,20,short,1.0,2632,123.29588303193535,-0.14318556170540947,0.3719737189701725,0.9569542078845351,0.2507598784194529,-8.884331613847113e-05,-0.12936772873563349,0.5039511261567893,0.960343133233329,-0.31499632191334737,-0.017566769641193525,6850.036780866512
H1,20,1.5,D1,32,both,0.0,5520,259.24906776391924,0.07180117826558667,0.48816065508539896,1.0159450892527175,0.24855072463768116,3.285181792421992e-05,0.16820971407477556,0.5160228183518648,1.044778011827476,0.38622129420072415,0.015456268147189922,13862.212942007221
H1,20,1.5,D1,32,both,1.0,5326,250.13777806352064,0.014297101553614163,0.4881606550853954,1.0032172808940236,0.2469019902365753,6.704161852073551e-06,0.14402199288447204,0.5329828823601094,1.0375038405926873,0.2554159307861872,0.010740345958029085,12554.159307861924
H1,20,1.5,D1,32,long,0.0,3200,150.48281189648512,0.26383604838618036,0.2898529865583508,1.0822763609097963,0.2459375,0.0001685649834231479,0.3265469561873549,0.25072186003554287,1.121961794649569,1.1330940806538932,0.03626775548045513,21330.940806538754
H1,20,1.5,D1,32,long,1.0,3085,145.07483584395519,0.2214833634406398,0.2898529865583479,1.0701027244552304,0.24376012965964344,0.0001451992888141588,0.3113740543931913,0.26488581141029466,1.116980054048434,1.078681559871915,0.035009314522738144,20786.815598718844
H1,20,1.5,D1,32,short,0.0,2598,122.01613732801853,-0.21713515049949245,0.458440125603754,0.9347088479607444,0.2501924557351809,-0.00013530791972722817,-0.2562965236771496,0.557856769132014,0.921828286708611,-0.4799163001003329,-0.030237774791704197,5200.836998996675
H1,20,1.5,D1,32,short,1.0,2506,117.6953195319532,-0.2470517341188171,0.45921134974686095,0.9246852515915172,0.24940143655227454,-0.00015795720429976135,-0.2654556787745282,0.5617006902351762,0.9186715319354963,-0.49645778563913545,-0.03170878211970207,5035.422143608683
H1,20,1.5,D1,50,both,0.0,5521,260.9401203416149,0.1526614395612704,0.39477023241216636,1.0337579328923676,0.2497735917406267,6.895805853390025e-05,0.257333762877748,0.42796517805734513,1.0676909188977155,0.8399043725927193,0.02923624245718215,18399.043725927033
H1,20,1.5,D1,50,both,1.0,5354,253.04716614906832,0.13802284047792712,0.39477023241216846,1.030961706852232,0.24934628315278295,6.372720823211793e-05,0.25427498271244287,0.4269477705172371,1.0674050198084502,0.8257080136977262,0.028859520193601718,18257.080136976954
H1,20,1.5,D1,50,long,0.0,3132,148.02833850931677,0.4402281724843518,0.19467557175619,1.1393176672276024,0.25223499361430396,0.000280558672371258,0.4501926357633694,0.2173367519016124,1.1641119458485345,1.5358652543229416,0.04496151399402892,25358.65254322906
H1,20,1.5,D1,50,long,1.0,3024,142.92391304347825,0.41048522614531563,0.19467557175618877,1.131786249183041,0.2509920634920635,0.00026791370549781354,0.44170654847166646,0.22135359090174567,1.1621752455053844,1.5161110979507435,0.044575349326380076,25161.110979507026
H1,20,1.5,D1,50,short,0.0,2603,123.92410714285715,-0.2559305651462079,0.4599767708227641,0.9230985405074338,0.24779101037264695,-0.0001593037403417042,-0.28321801957688636,0.5931088434391776,0.9143875558117833,-0.5005181619366427,-0.032508696461170494,4994.818380633585
H1,20,1.5,D1,50,short,1.0,2537,120.78196689259646,-0.23782685363869965,0.4599767708227619,0.9273393824061009,0.24832479306267244,-0.000151288151313092,-0.276458361963952,0.5879279208812659,0.915937426905638,-0.4898980237473791,-0.03153912454435481,5101.01976252623
H1,20,1.5,D1,80,both,0.0,5511,263.57113395312297,0.18394074735648924,0.27704686424563907,1.0402695116843041,0.25694066412629285,8.154222834920402e-05,0.31214308534612895,0.31091215073123113,1.078944965040917,1.1579549010917796,0.03747116326364641,21579.549010917854
H1,20,1.5,D1,80,both,1.0,5380,258.9674486030575,0.1667733567039246,0.2816693969255428,1.0367373113820089,0.2561338289962825,7.491286363366497e-05,0.30833479003688463,0.3123923574128582,1.0781534262463237,1.1402916240459064,0.03730718502052688,21402.916240458653
H1,20,1.5,D1,80,long,0.0,3068,147.03936491274112,0.4608232269456541,0.2396243672297681,1.141708805932802,0.26108213820078224,0.0002885623077786187,0.4953821411936228,0.19158154525195847,1.1722354084359734,1.8030158196816766,0.05063835619053747,28030.158196816363
H1,20,1.5,D1,80,long,1.0,2989,143.895116646896,0.4227032538077414,0.23962436722976832,1.1306018960323267,0.25861492137838743,0.0002682251767531261,0.4856022621556698,0.19343322201040536,1.1689972416032508,1.7798797617033562,0.05045173802618219,27798.797617033335
H1,20,1.5,D1,80,short,0.0,2609,124.77900353541968,-0.3141828830916902,0.4498906309864955,0.907039969973988,0.2491376006132618,-0.0001876063909159724,-0.2967849457355747,0.5946878106385878,0.9109751098374702,-0.540264604790001,-0.03648389236191463,4597.353952100016
H1,20,1.5,D1,80,short,1.0,2555,123.2290703816189,-0.2925232466534772,0.4499750720005441,0.9126582034089471,0.25009784735812135,-0.00017715046702084075,-0.2747212176279267,0.5764560422538709,0.9171105726159838,-0.5123519376079455,-0.034044314028595424,4876.48062392055
H1,20,1.5,D1,120,both,0.0,5466,265.3803668749169,0.14490635171670516,0.45151633538966085,1.0316545793741616,0.24844493230881814,6.516613987478917e-05,0.31088962472749837,0.39631593749251703,1.0770401697788974,1.2840838577005877,0.040916440400477816,22840.838577005507
H1,20,1.5,D1,120,both,1.0,5375,261.1010440218114,0.13015178253281834,0.4515163353896601,1.0286104702874481,0.24855813953488373,5.911895585047129e-05,0.3099033425480757,0.3955626026245651,1.076958808632854,1.2816183592641104,0.040884037096407644,22816.18359264055
H1,20,1.5,D1,120,long,0.0,3057,148.42074305463245,0.4494236920381391,0.27850454758450593,1.137674839202211,0.2522080471050049,0.00028856721142085873,0.5023186979313383,0.3113717787082523,1.1696887313923048,1.9227201496826378,0.053451357675314615,29227.20149682585
H1,20,1.5,D1,120,long,1.0,2994,145.43935363745177,0.4124226932531153,0.27850454758450915,1.1269003302628475,0.251503006012024,0.0002677043865170835,0.48914225988518895,0.31933041647638105,1.1651559340589732,1.8918501842662705,0.052937293309197386,28918.501842662292
H1,20,1.5,D1,120,short,0.0,2552,126.14941128704831,-0.297523780223422,0.4411963531578428,0.9118366903113218,0.24490595611285265,-0.00017712328470014164,-0.2059792211921679,0.5094774381903787,0.9364657542489525,-0.4402865625031812,-0.028279094706018526,5597.134374968216
H1,20,1.5,D1,120,short,1.0,2523,127.33532541108195,-0.2722081322825541,0.44128212873130535,0.9193581276268189,0.24613555291319858,-0.00016210226984758396,-0.2040922437371767,0.5071172089609108,0.9375642253754977,-0.4299510772065107,-0.02796717277159899,5700.4892279349
H1,20,1.0,none,0,both,0.0,9262,429.8533036848793,0.014737254186042022,0.40098754210086895,1.002452800764554,0.23418268192614985,4.24014554090882e-06,0.144342261408933,0.48247519456417165,1.0268386030186516,0.24348161410781133,0.010164850387238467,12434.816141077868
H1,20,1.0,none,0,both,1.0,8947,415.2340216010165,0.000588349447807431,0.4176751074189178,1.0000994461277521,0.23438023918631945,1.7354286624712265e-07,0.13761934312266896,0.49170737080230764,1.0256825516009906,0.204233005883518,0.008662347678683568,12042.330058834981
H1,20,1.0,none,0,long,0.0,7386,342.7873570520965,0.07417624980018357,0.5709217104184348,1.0147173316092664,0.20430544272948822,2.6042622547707523e-05,0.19696732368436254,0.8375499870694421,1.0473338069917428,0.49637381589441865,0.018881518038985634,14963.738158944194
H1,20,1.0,none,0,long,1.0,7124,330.6698436904308,0.01927888505694264,0.570921710418437,1.0038687135247226,0.20325659741718136,6.920176150817884e-06,0.1978691461790717,0.8664435740508417,1.0488190423148918,0.44307562414980395,0.017170164365826635,14430.756241498304
H1,20,1.0,none,0,short,0.0,7386,342.7873570520965,-0.5911775090204552,0.7255821032235902,0.9000756959680136,0.24559978337395072,-0.0001597046494328557,-0.389581714180312,0.9619187038790549,0.9218404798969411,-0.9501648703068422,-0.12993423464881027,498.3512969315716
H1,20,1.0,none,0,short,1.0,7118,330.3913457872665,-0.5403099273042701,0.6953798267200837,0.9067045076428245,0.24754144422590615,-0.0001504148180437998,-0.4053296361683056,0.9510638105841371,0.9203992474234247,-0.9376562894790004,-0.12085863819335241,623.4371052099816
H1,20,1.0,H4,20,both,0.0,5915,274.7969664207581,-0.011652239167691822,0.2627060992609468,0.9974872894779107,0.2297548605240913,-4.1454955454137694e-06,0.012625073440975592,0.3801223674794165,1.0028980230833073,-0.12254887141992665,-0.006055187575580656,8774.511285800523
H1,20,1.0,H4,20,both,1.0,5703,264.9479458153142,-0.029858887765858513,0.2712188764236033,0.9934697695187474,0.22917762581097667,-1.0887856338932378e-05,0.0047481854273968395,0.3885763681491722,1.0011000565691413,-0.14542108825081324,-0.007274068030175496,8545.789117491722
H1,20,1.0,H4,20,long,0.0,2427,112.82445589919817,0.3917472627214357,0.17607049885749348,1.1486334129353537,0.21343222084878452,0.00025891401043871576,0.41216113644297653,0.14002436596833767,1.160574930113196,0.8682971479240169,0.029482016641646736,18682.971479240037
H1,20,1.0,H4,20,long,1.0,2341,108.82655593738069,0.3567145172312201,0.2221739126314457,1.136871233327095,0.21230243485689876,0.00024068303970814408,0.39501904199256865,0.1503401803873362,1.1553998091766033,0.8376645440075989,0.02869114092551306,18376.645440075907
H1,20,1.0,H4,20,short,0.0,3953,183.64706817603664,-0.5356778534927472,0.5796888037972536,0.8763173251585099,0.23728813559322035,-0.00019497942866020823,-0.5883706729640727,0.8273227632574203,0.8621322277075476,-0.8186809620470394,-0.07626153667390945,1813.1903795295852
H1,20,1.0,H4,20,short,1.0,3808,176.91070974306794,-0.5152528083404796,0.5807088367777302,0.878690895513725,0.23713235294117646,-0.00019339613138306372,-0.5774860593266854,0.8176447277238706,0.8637048692655667,-0.8057488600968981,-0.07330024522653056,1942.5113990310065
H1,20,1.0,H4,32,both,0.0,6180,287.3275203665988,-0.14099704370467303,0.45992907484377765,0.9721661232915709,0.2307443365695793,-4.5812956885847435e-05,0.05625212417761411,0.5135156700192998,1.0126229106385782,-0.0779339780495435,-0.0037652737451048246,9220.66021950461
H1,20,1.0,H4,32,both,1.0,5955,276.8665669551935,-0.14147982089586222,0.45992907484377643,0.9716153493714437,0.23056255247691015,-4.717881663575759e-05,0.05677057912048681,0.5144809158455768,1.012841714893918,-0.07712079556262408,-0.003724442380996562,9228.792044373673
H1,20,1.0,H4,32,long,0.0,2622,121.95154717942188,0.060000153988213935,0.36182471752479717,1.0186430777374418,0.21090770404271547,3.188914039299057e-05,0.23765579039194704,0.41949198097415696,1.0834173351549983,0.5420878516715373,0.020349889859830883,15420.878516715167
H1,20,1.0,H4,32,long,1.0,2521,117.25394753597351,0.033988718332748316,0.36182471752479917,1.010698927689947,0.20983736612455375,1.847202107932337e-05,0.23077407059992316,0.4309155463356803,1.0816360384261046,0.5271358236841674,0.019887604285381943,15271.358236841555
H1,20,1.0,H4,32,short,0.0,3853,179.18363254392668,-0.3835621099536404,0.4649934226010166,0.907726100482002,0.23955359460160913,-0.00014729309082728637,-0.3802491636275987,0.6826428907931243,0.9044955193327545,-0.638936767387594,-0.046270041233408166,3610.632326124064
H1,20,1.0,H4,32,short,1.0,3719,172.95196715049659,-0.34945928601924714,0.4566502475885792,0.9142239803164992,0.24038720086044635,-0.00013826301024958638,-0.37596302753615973,0.6795244668566011,0.904820423034003,-0.6275854845775335,-0.04489612563758716,3724.145154224662
H1,20,1.0,H4,50,both,0.0,6431,299.5692832546869,-0.23129677553135053,0.5364427267722631,0.9551214209801684,0.22531488104493858,-7.455152378438635e-05,0.04764287349906933,0.7409416966952485,1.0109614168788008,-0.32326528748569483,-0.018024752388140386,6767.347125143185
H1,20,1.0,H4,50,both,1.0,6200,288.8456632653061,-0.21132091367133166,0.533937893429719,0.9582036429579949,0.22580645161290322,-7.006914187008524e-05,0.04515203391844646,0.7302207614579302,1.0103978642283598,-0.312076989906364,-0.017276584369107506,6879.230100936412
H1,20,1.0,H4,50,long,0.0,2864,133.44508228090316,0.06126341467194747,0.28127538425885346,1.0190148155718948,0.2053072625698324,3.277314770024871e-05,0.22638936191485867,0.40090979932884674,1.0784317840044662,0.5314290409320221,0.02005689391276877,15314.29040931998
H1,20,1.0,H4,50,long,1.0,2739,127.75121312731453,0.03392160992778479,0.30751809635649574,1.0107187573671603,0.20335889010587807,1.87052095590526e-05,0.21829043474218163,0.4119019202547901,1.076279687818211,0.5108290502209105,0.0194334533435383,15108.290502208938
H1,20,1.0,H4,50,short,0.0,3796,176.8255324575947,-0.42596329371906055,0.5205946237816896,0.8996760863035044,0.2386722866174921,-0.00016161179313743012,-0.3383586138186189,0.6645094298943606,0.9152999455442139,-0.6277762148164208,-0.04499165148819062,3722.2378518357705
H1,20,1.0,H4,50,short,1.0,3683,171.58364158163263,-0.3838534372222165,0.5205946237816909,0.9079292829986763,0.24029323920716808,-0.0001494395903813637,-0.30517833688743434,0.6354411043067183,0.9225171999183647,-0.585484813830923,-0.040197293166016834,4145.151861690753
H1,20,1.0,H4,80,both,0.0,6612,308.3545709908069,0.05996383546546028,0.4711488134675409,1.0118344442585474,0.23109497882637628,1.9661310048320744e-05,0.14614446964455946,0.5367320234073211,1.0326705500226678,0.26519385832867726,0.011030264835622194,12651.938583286586
H1,20,1.0,H4,80,both,1.0,6379,297.48847676200205,0.031241657470141505,0.47607413991068515,1.006248197100083,0.22997335005486752,1.0488036903103232e-05,0.13840295264794175,0.5411174849857445,1.0311290798528328,0.23225976940926607,0.00978741682576878,12322.597694092485
H1,20,1.0,H4,80,long,0.0,3097,144.61509204806956,0.1225206108752691,0.3295393874280259,1.036485605124075,0.20762027768808525,6.344222660068848e-05,0.23232254161579305,0.5137663478078044,1.0765297146305632,0.5916948769890822,0.021941153122693624,15916.948769890581
H1,20,1.0,H4,80,long,1.0,2958,138.1244566607006,0.0990191938801735,0.3340308804613198,1.029994250482336,0.20622041920216364,5.2775131580688e-05,0.21964137849369061,0.5382638572961918,1.0729339926823644,0.5508890709811993,0.02070257197155212,15508.890709811723
H1,20,1.0,H4,80,short,0.0,3707,172.87816011235955,-0.07148400023851095,0.40399051006672726,0.9819288859945028,0.24871864041003508,-2.859999295697179e-05,-0.15920074747777593,0.5302989226052057,0.9577738192661831,-0.3133361345427672,-0.017378034906548656,6866.638654572341
H1,20,1.0,H4,80,short,1.0,3610,168.3545071501532,-0.08475115436906121,0.4039905100667285,0.9783402724276057,0.2476454293628809,-3.459659785018684e-05,-0.16646680064090333,0.5343536581370001,0.9557818574870233,-0.3226848029643121,-0.0180060123589888,6773.151970356874
H1,20,1.0,H4,120,both,0.0,6724,314.340330218866,0.11157820021637276,0.41304759385076195,1.0220199357314885,0.22843545508625818,3.651250800307771e-05,0.22641595141455648,0.47205756820935185,1.0481191001343542,0.579591555631191,0.021602089705799576,15795.915556311584
H1,20,1.0,H4,120,both,1.0,6483,303.11261520737327,0.08341576137481752,0.41304759385076073,1.0166939001152138,0.2279808730525991,2.7947269683210874e-05,0.21650565806415267,0.4820371121975684,1.0463915117218456,0.5467707577882737,0.020602455728249813,15467.707577882555
H1,20,1.0,H4,120,long,0.0,3218,150.47682755088977,0.28040990180132414,0.30484276425881507,1.084995381604752,0.21037911746426352,0.000145462685732747,0.31053953008771695,0.4516507730668965,1.0993281912881816,0.7779453056904659,0.02727431292221616,17779.453056904396
H1,20,1.0,H4,120,long,1.0,3081,144.0890204865557,0.23072240572070016,0.3048427642588144,1.0708924651599974,0.20804933463161313,0.00012283150016606815,0.29209611077841857,0.46914225540032684,1.0942959768897533,0.7374990653306586,0.026172907676802915,17374.99065330628
H1,20,1.0,H4,120,short,0.0,3632,170.14082339361292,-0.20836331690269566,0.34501478859891843,0.9484024092988053,0.2422907488986784,-8.283262674733323e-05,-0.10714106620380497,0.4364161113244318,0.9716846010670038,-0.2688774798585609,-0.014563538655696373,7311.225201414342
H1,20,1.0,H4,120,short,1.0,3525,165.1284147749134,-0.19040530205929593,0.34501478859892054,0.9520804687207103,0.24312056737588653,-7.748642019439678e-05,-0.10104796817406445,0.43624818469913407,0.973029074504761,-0.25843608768043336,-0.013908720116807438,7415.639123195637
H1,20,1.0,D1,20,both,0.0,6996,327.0560604121336,0.0049616403570412635,0.4804826619011914,1.0009601250600728,0.22627215551743854,1.6206121248271797e-06,0.1463527905481888,0.5815754236045789,1.0319562460284226,0.2642200199477116,0.011020841847064533,12642.20019947674
H1,20,1.0,D1,20,both,1.0,6750,315.596198156682,-0.03769758489279737,0.4878288594726877,0.9926224710163412,0.22607407407407407,-1.2581088104947797e-05,0.1344261447333903,0.6037829806623427,1.029591445064694,0.20657223588510232,0.008818470626660524,12065.722358850755
H1,20,1.0,D1,20,long,0.0,3958,185.05625960061442,0.08655550098785489,0.4163700392148054,1.0230491742946257,0.207933299646286,4.038439514452358e-05,0.1870921678776105,0.5552078091045894,1.0574267503364838,0.4530342603437223,0.017623684491105296,14530.342603436942
H1,20,1.0,D1,20,long,1.0,3805,177.92552170016643,0.013388139422769445,0.41637003921479976,1.0035946328151044,0.2052562417871222,6.37872202582506e-06,0.17514827241994396,0.5802055917432263,1.054525680435798,0.40791235001384973,0.016125946845091832,14079.123500138265
H1,20,1.0,D1,20,short,0.0,3397,159.1322624086187,-0.2174005809697039,0.3778999768430368,0.9446005908836341,0.245216367382985,-8.955174230354847e-05,-0.20616746717027296,0.5676139517299208,0.9436816510007016,-0.38987310611693593,-0.02287973462275461,6101.268938830624
H1,20,1.0,D1,20,short,1.0,3291,154.16669873028087,-0.18757363382325215,0.3778999768430381,0.9513200211939791,0.24764509267699789,-7.923845537753204e-05,-0.19339438017537774,0.5583962320328762,0.9467965612660496,-0.3680624468871886,-0.02127069274149629,6319.375531128114
H1,20,1.0,D1,32,both,0.0,7037,330.4955959881703,-0.0533540199274575,0.49951820648531076,0.9895431575609943,0.22211169532471223,-1.7845004742714863e-05,0.05352721715764483,0.5081962295961868,1.0118355491274689,-0.11925705288079413,-0.00594636259629866,8807.429471191934
H1,20,1.0,D1,32,both,1.0,6793,319.0360357464318,-0.10790913465844142,0.5086069470663092,0.9786299041137464,0.22125717650522597,-3.687164814288215e-05,0.0506977267964601,0.5257246499624303,1.0113268117912035,-0.15690794915905282,-0.007983973003701572,8430.920508409368
H1,20,1.0,D1,32,long,0.0,4027,189.373213595983,-0.06310144288963715,0.5269437912621247,0.9832239844346893,0.19716910851750682,-3.030556714967674e-05,0.06541690565307537,0.6723712412840609,1.0199593422108741,-0.10536765335129283,-0.005222291827553294,8946.323466487023
H1,20,1.0,D1,32,long,1.0,3893,183.07174584781768,-0.13277989962991382,0.5269437912621252,0.9644659148539096,0.194194708451066,-6.489677217079207e-05,0.0655767136537354,0.6974354999208172,1.0202099867231131,-0.1387492206955564,-0.006999622153679108,8612.507793044404
H1,20,1.0,D1,32,short,0.0,3282,154.14047833354766,-0.09949484140854738,0.36944873876719186,0.9735238708102185,0.25015234613040827,-4.185364098153491e-05,-0.12182343165642562,0.47781341253911813,0.9659560055054686,-0.23369726646471645,-0.012423343015618538,7663.027335352848
H1,20,1.0,D1,32,short,1.0,3161,148.45766362350523,-0.0921110483298812,0.36944873876719275,0.975037999891833,0.2518190446061373,-3.987382992359712e-05,-0.12149808603676823,0.4780018115232152,0.9657518783145563,-0.23225621152490106,-0.012336198465176196,7677.43788475097
H1,20,1.0,D1,50,both,0.0,7039,332.6856560559006,-0.25210184712357037,0.6338627206890226,0.9528420022844893,0.2193493393948004,-8.093087896313153e-05,0.014962311773612126,0.8934353601651727,1.0037705404331345,-0.6118332329788481,-0.04374065432714436,3881.6676702116
H1,20,1.0,D1,50,both,1.0,6823,322.4768051242236,-0.26600768694875127,0.6326046287445696,0.9496503856297711,0.21925839073721237,-8.718994504837912e-05,0.015881112683044336,0.8950390534701689,1.0040255165935221,-0.6251362343020271,-0.045315444430352625,3748.6376569798
H1,20,1.0,D1,50,long,0.0,3996,188.86374223602485,-0.08327787656803719,0.534343872803796,0.978476899787249,0.1996996996996997,-3.882853022207014e-05,0.11115762465693262,0.7601875827932987,1.0353441030274515,0.0527532740228287,0.002432703197575714,10527.532740228264
H1,20,1.0,D1,50,long,1.0,3867,182.76678959627327,-0.11439291672991021,0.5346227114036335,0.9701211150478835,0.19860356865787432,-5.442404359889854e-05,0.1084992070962402,0.7671584739203282,1.0346592634806409,0.02907913406320284,0.0013556873518427714,10290.791340632091
H1,20,1.0,D1,50,short,0.0,3245,154.48856230448385,-0.36482567585256453,0.4492565724307407,0.9077982359939162,0.24283513097072418,-0.0001473046105106927,-0.44523420999642477,0.6886996845430341,0.8828998716141856,-0.602900376246684,-0.043016760218740346,3970.9962375331515
H1,20,1.0,D1,50,short,1.0,3154,150.15621741397288,-0.34903775067850296,0.44925657243073924,0.9105067742177068,0.2435003170577045,-0.00014415848443764798,-0.4418036089583594,0.6859169101503977,0.8832155252706363,-0.5961981285550606,-0.04225390783908478,4038.0187144494103
H1,20,1.0,D1,80,both,0.0,7015,335.45807148468185,-0.172769571774181,0.5634672672487651,0.9679729770526329,0.22423378474697078,-5.4813717131866984e-05,0.04503584190313429,0.8643511653334957,1.010912171830397,-0.47529638982917455,-0.030369519452267735,5247.036101708434
H1,20,1.0,D1,80,both,1.0,6832,328.859778597786,-0.18545908109272458,0.5716513539939404,0.9654177353886516,0.22453161592505855,-5.966164305131664e-05,0.03773458538345321,0.8894257860196223,1.0092593389858073,-0.5398163004619096,-0.036669916674717196,4601.836995380958
H1,20,1.0,D1,80,long,0.0,3893,186.57895945413986,0.04415656227604174,0.37275287029823456,1.01163119767416,0.20241459029026457,2.1215307268758773e-05,0.15110855184405608,0.5052739184581787,1.0444759499273264,0.2814766997963287,0.011957393667197724,12814.766997963055
H1,20,1.0,D1,80,long,1.0,3786,182.26393831553975,-0.000376064828180261,0.3826003468602879,0.9999005270428041,0.2004754358161648,-1.8313762983979753e-07,0.14732563735668092,0.5215273156150786,1.0435072727774968,0.26253941162771377,0.011286219637598682,12625.394116276917
H1,20,1.0,D1,80,short,0.0,3296,157.61508248232522,-0.3145004006125184,0.3912859362855644,0.9212077760591542,0.24969660194174756,-0.00012363278541570048,-0.31911419263645857,0.6070987837767854,0.916682787122602,-0.5261165371286038,-0.03508162225324418,4738.834628713931
H1,20,1.0,D1,80,short,1.0,3216,155.10946784629604,-0.27260213318716336,0.39150348214082853,0.9308995367095806,0.25217661691542287,-0.00010910977159915461,-0.30225956770949197,0.5944528761835814,0.9205264773762514,-0.49777826494278754,-0.03267140982990635,5022.217350572116
H1,20,1.0,D1,120,both,0.0,6951,337.43391148325355,-0.07503596674065091,0.5263792454948084,0.9855354113504522,0.22241404114515897,-2.473662758109508e-05,0.10225725001041176,0.6862782700520436,1.0228330984342864,-0.05480120543591638,-0.002732237935743509,9451.987945640773
H1,20,1.0,D1,120,both,1.0,6830,331.78048942678544,-0.10714857335302662,0.5295038543057282,0.9792711704865005,0.22196193265007322,-3.5649683524765065e-05,0.09565044621338661,0.7071291532603299,1.021465993588166,-0.11856781066946587,-0.006112004940731941,8814.321893305356
H1,20,1.0,D1,120,long,0.0,3890,188.83871610845296,0.02390863781219875,0.4766669091644299,1.0063567245906475,0.2025706940874036,1.1740991572922843e-05,0.14825198000221995,0.6175036692878554,1.044538582559146,0.2558588412598082,0.011120809510303253,12558.588412597974
H1,20,1.0,D1,120,long,1.0,3815,185.32102008245775,-0.029891148738715005,0.4766669091644281,0.9920441653317744,0.20104849279161205,-1.4797214652312363e-05,0.14306906910188796,0.6386633411548409,1.0430740999332941,0.22245207817342805,0.009804858448794862,12224.520781734103
H1,20,1.0,D1,120,short,0.0,3191,157.73619569630532,-0.22849829893933088,0.38192671974044945,0.9409797887524877,0.2456910059542463,-9.124372606500138e-05,-0.23301069158316465,0.5483176896579551,0.9379694621137906,-0.40382433324545053,-0.025242933268735723,5961.756667545496
H1,20,1.0,D1,120,short,1.0,3144,158.69900497512438,-0.20582149015586118,0.38192671974044834,0.9468721055868007,0.24650127226463103,-8.246771019706713e-05,-0.21103883816773356,0.5395548915824531,0.9438275021801391,-0.373385277338658,-0.023317866727395997,6266.147226613443
H1,27,4.0,none,0,both,0.0,1434,66.59485060394151,0.27754920425533475,0.3082761350397374,1.1077022665831038,0.3633193863319386,0.0005193632278556678,0.39580297196585795,0.2368668695921301,1.1724845667213672,1.2238477499040017,0.03781401698278608,22238.477499039942
H1,27,4.0,none,0,both,1.0,1383,64.22641449459631,0.26459147283515005,0.30827613503973605,1.10458513537318,0.3680404916847433,0.0005080423868523693,0.39734523743883104,0.23429601804328426,1.1761126378637474,1.2248859461784711,0.037836512127776833,22248.85946178468
H1,27,4.0,none,0,long,0.0,1309,60.79759028484232,0.6570292141290006,0.3920016614738926,1.2849070281857295,0.3819709702062643,0.0013306587895640307,0.672479345513706,0.2998583499724098,1.3117908692438784,2.4526408973572313,0.05924125804784852,34526.408973572165
H1,27,4.0,none,0,long,1.0,1255,58.28951551373347,0.6205350092564202,0.3920016614738946,1.2735109411114294,0.3840637450199203,0.001295098515003091,0.658817508755246,0.30318684298353815,1.3105489900320968,2.4092697374797867,0.05861952224437483,34092.69737479785
H1,27,4.0,none,0,short,0.0,1310,60.813103711235385,-0.272418295596354,0.5831002327403942,0.8974234212998071,0.3282442748091603,-0.0005271649861114999,-0.24307886615299515,0.4800408147602847,0.9084886838565244,-0.42765167445442054,-0.02557131670528867,5723.483255455765
H1,27,4.0,none,0,short,1.0,1258,58.39914844941536,-0.29278548772357915,0.5950305539590706,0.8878981084327517,0.32591414944356123,-0.0005845646275768222,-0.30488245381513307,0.4964828383932339,0.8869486157973446,-0.4809661549957025,-0.02998432551446073,5190.338450042982
H1,27,4.0,H4,20,both,0.0,851,39.6009364250223,-0.009245406474501517,0.507719843521389,0.9956466586765993,0.3537015276145711,-2.2061857361709735e-05,0.016330917281776502,0.4713645128920638,1.0078420144684352,-0.03700682197640981,-0.001753231892994811,9629.931780235916
H1,27,4.0,H4,20,both,1.0,817,38.018760351637155,-0.03724802237878175,0.5077198435213901,0.9822212995908822,0.3525091799265606,-9.140663028773315e-05,-0.0007406801761894737,0.4690677354889783,0.9996405414171953,-0.0639188954277754,-0.0030690374088473416,9360.811045722252
H1,27,4.0,H4,20,long,0.0,637,29.6917113323124,0.3349061210540914,0.40262595833829384,1.2078233511156982,0.37676609105180536,0.001005187593670554,0.3106653086663389,0.39918609568839736,1.201191323815864,0.5642544478417277,0.021073525702868467,15642.544478417312
H1,27,4.0,H4,20,long,1.0,610,28.433192955589586,0.3015453559835158,0.40262595833829373,1.1901289657246021,0.37868852459016394,0.0009321258758825205,0.27617403825821746,0.4047911681400542,1.1691594335330697,0.4442633062929682,0.0172821021953542,14442.633062929737
H1,27,4.0,H4,20,short,0.0,566,26.33857816282329,-0.27324384885202296,0.3995436440664756,0.8495675517232675,0.3215547703180212,-0.000780761938954264,-0.2350343364960114,0.29810315989871106,0.8663154638458892,-0.2918668509644633,-0.01593188712642346,7081.331490355358
H1,27,4.0,H4,20,short,1.0,541,25.17521340298127,-0.2663161106758007,0.3964976568794759,0.850113880570316,0.3179297597042514,-0.0007919959736265953,-0.2349309934026102,0.29881068357390106,0.8647644440542422,-0.2905087830413402,-0.015844144452222153,7094.9121695865915
H1,27,4.0,H4,32,both,0.0,753,35.01378103119032,0.18888672394071465,0.2619355183295258,1.100503035035562,0.3798140770252324,0.0004687352138731691,0.3210658964874912,0.15988008415129884,1.1629861423436534,0.4902637623973063,0.0187240770796524,14902.637623973065
H1,27,4.0,H4,32,both,1.0,722,33.57231063017186,0.17017833817402797,0.2619355183295258,1.0921533969087387,0.3781163434903047,0.00043647663104335867,0.2894948047169513,0.16522176150482848,1.1479165201740387,0.42569173448984343,0.01662794833497272,14256.917344898384
H1,27,4.0,H4,32,long,0.0,481,22.420271822358345,0.40799597169705165,0.2748592635699656,1.2840705022062386,0.3908523908523909,0.0013028475466055275,0.4522189233519788,0.22159508847718157,1.3062193078923992,0.6353719485847229,0.02319179734500465,16353.719485847205
H1,27,4.0,H4,32,long,1.0,460,21.441424196018374,0.41642784853128456,0.27485926356996493,1.2974742828929933,0.39565217391304347,0.0013761433704883128,0.4435529475186292,0.22099765583133046,1.3032308023887833,0.6096281918555797,0.022435332819128684,16096.2819185558
H1,27,4.0,H4,32,short,0.0,482,22.412539783577337,0.10903855471547362,0.21335744343979612,1.0812794755666852,0.34854771784232363,0.0003986083240734925,0.17373252570290626,0.15165538700456394,1.1342741332067305,0.21404559220666042,0.00905966588660534,12140.455922066574
H1,27,4.0,H4,32,short,1.0,458,21.296562698917885,0.07811099757282731,0.21394795708081527,1.0592234232799678,0.3406113537117904,0.0002977496835113662,0.15316215556211885,0.15356362078901087,1.115098425207015,0.17514614990183874,0.007532828281052728,11751.461499018358
H1,27,4.0,H4,50,both,0.0,723,33.76495972382048,0.05738584594603515,0.2800206661833956,1.0269793654619273,0.36376210235131395,0.00012914229723889445,0.22396548507216812,0.2080397533219539,1.1147749061614192,0.3037801862708971,0.012465378611845157,13037.801862708986
H1,27,4.0,H4,50,both,1.0,692,32.31722286152666,0.0295630886958868,0.27572267536813033,1.014099410192707,0.3627167630057804,6.853617300394457e-05,0.20010340480192124,0.2083182381434322,1.103532471857963,0.2592408415356753,0.010823197512942473,12592.408415356744
H1,27,4.0,H4,50,long,0.0,433,20.221614883007287,0.41348211372614785,0.1752915030651967,1.290766787734809,0.37644341801385683,0.00128558417413108,0.3455529693940139,0.17199617579273574,1.233963972505809,0.40514693452748385,0.016011867931678747,14051.46934527485
H1,27,4.0,H4,50,long,1.0,414,19.334292289988493,0.4047399965748266,0.17529150306519703,1.2902191704790846,0.37922705314009664,0.0012996255074294888,0.34881805912918,0.17169632859553285,1.240343711636442,0.4076781002392864,0.01609726696285918,14076.781002392865
H1,27,4.0,H4,50,short,0.0,428,20.192069232756396,-0.539341169664552,0.496957571382435,0.7269318607343369,0.34345794392523366,-0.001406117956240124,-0.2524677816900539,0.2769226937331819,0.8521871439222484,-0.2264122599122822,-0.012038240789723265,7735.87740087716
H1,27,4.0,H4,50,short,1.0,408,19.248514595711704,-0.5808334605122321,0.483340868286247,0.7040052168319105,0.3431372549019608,-0.0015466355085991194,-0.25977469378945417,0.26541371204014697,0.8452394329610489,-0.231541746776892,-0.012348280434896775,7684.582532231053
H1,27,4.0,H4,80,both,0.0,804,37.54775604142693,0.23987134521176182,0.2136281910450707,1.1148160620015504,0.36691542288557216,0.0005442411500292716,0.38943476006458855,0.16371962210315028,1.1991859382341157,0.6839826993914251,0.02463747633869895,16839.826993914252
H1,27,4.0,H4,80,both,1.0,769,35.913214422708094,0.21179819032336944,0.2136281910450717,1.1028360423303825,0.3680104031209363,0.000495171929981816,0.3645077853628678,0.1757772415036989,1.1881555921397928,0.6233924119612291,0.02288551398223615,16233.92411961226
H1,27,4.0,H4,80,long,0.0,443,20.68862677406981,0.5731850013015306,0.10934116679344086,1.4245712904164074,0.39503386004514673,0.0018411836899832374,0.6312829877043482,0.10256750190534547,1.4954935538444187,1.0351103818352048,0.03374024694996769,20351.103818352047
H1,27,4.0,H4,80,long,1.0,419,19.567798235519753,0.5878105841196952,0.1093411667934403,1.4487284308197177,0.4033412887828162,0.001971607445072795,0.6387762578801143,0.10214551796897808,1.5119037385646967,1.0409778784467743,0.033879244813150855,20409.778784467715
H1,27,4.0,H4,80,short,0.0,441,20.897152309289048,-0.07764991441183111,0.26286889583364603,0.9521356611321559,0.3469387755102041,-0.00024243008125837464,0.08291871416846291,0.14779792201071318,1.0537617692961487,0.06266717338611838,0.002884355053818677,10626.671733861174
H1,27,4.0,H4,80,short,1.0,424,20.1832399322299,-0.1294106549385787,0.2628688958336459,0.9200581708736787,0.33962264150943394,-0.00041338158454950254,0.040788140468955576,0.14819367330532218,1.0263049639064286,0.017417405076871617,0.0008223032402465691,10174.174050768708
H1,27,4.0,H4,120,both,0.0,889,41.59180863327783,0.45729951945868036,0.19101006136910947,1.2540336058666293,0.3734533183352081,0.0012017062305518498,0.5467251628779299,0.12647447376786491,1.3212879619387712,1.4584651971631488,0.04298291294700696,24584.65197163146
H1,27,4.0,H4,120,both,1.0,852,39.86076597924939,0.41290337780287256,0.1910100613691087,1.23238123764442,0.3732394366197183,0.0011205590140883266,0.5229634078692088,0.13226799010455437,1.3127410826981951,1.3922197844643875,0.041650878362710975,23922.19784464381
H1,27,4.0,H4,120,long,0.0,488,22.83104905853721,0.6393074205067417,0.17016335660749193,1.5115159871114447,0.4057377049180328,0.0022448883833259352,0.641551746171924,0.14589556455307962,1.5752142493323291,1.4365373777911437,0.04254582619499181,24365.373777911398
H1,27,4.0,H4,120,long,1.0,463,21.661425643653132,0.5911363142529144,0.17016335660749304,1.4797521558231543,0.4060475161987041,0.002153996407547958,0.6195470872704688,0.136550795485755,1.535021373368369,1.2791436881918834,0.03929377633766129,22791.43688191879
H1,27,4.0,H4,120,short,0.0,454,21.34974893781383,0.031899960015121874,0.20877421891979453,1.0234245395975212,0.33259911894273125,0.00011759379595436014,0.08794288550740467,0.14718765749911478,1.061279204765292,0.07413775732314942,0.003368870648456701,10741.377573231483
H1,27,4.0,H4,120,short,1.0,439,20.644360757049053,0.03641059533356991,0.20877421891979409,1.027309301853049,0.3348519362186788,0.0001382462718431264,0.08805044394456556,0.1471835769859926,1.0620642975186512,0.07417267633385127,0.0033704045333262656,10741.726763338498
H1,27,4.0,D1,20,both,0.0,1007,47.11243115153068,0.5131234967659131,0.17640778389637868,1.2746189692431857,0.3644488579940417,0.0013164407921345829,0.5580593857988917,0.1239956686827387,1.3222080532074338,1.6756338643672928,0.0471216289567149,26756.338643672916
H1,27,4.0,D1,20,both,1.0,966,45.19424875112079,0.4854596600023476,0.17640778389637857,1.264157707785607,0.36645962732919257,0.0012874263200723234,0.5455916805075457,0.1254052645336361,1.3114301441649496,1.5692060666472631,0.045135061410152444,25692.06066647259
H1,27,4.0,D1,20,long,0.0,607,28.398456513385426,0.6886435952228582,0.16099406284499174,1.4794989841761164,0.3953871499176277,0.0021500675588565343,0.6744104584342109,0.12250786574745176,1.5153958777814127,1.643255950002159,0.046525359270002564,26432.559500021445
H1,27,4.0,D1,20,long,1.0,578,27.041693352119893,0.6445943401143521,0.16099406284499163,1.4558047266289889,0.3961937716262976,0.0020840945732173754,0.6555671896997932,0.12494787795510831,1.509582981191033,1.5879032646928635,0.045489674055285034,25879.032646928616
H1,27,4.0,D1,20,short,0.0,527,24.757138263665595,0.021130451992071513,0.3167077255742514,1.014639433094349,0.33396584440227706,7.511257054432531e-05,0.13751695025126962,0.1936792624934005,1.0980715809590944,0.1554437024753561,0.006810603456856024,11554.437024753577
H1,27,4.0,D1,20,short,1.0,511,24.00549839228296,0.0263486777886662,0.316707725574251,1.0185790879626146,0.33659491193737767,9.63258933868187e-05,0.13895276036117027,0.19421355672325924,1.1001312801544028,0.15732994438709635,0.006887755707504883,11573.299443870961
H1,27,4.0,D1,32,both,0.0,1072,50.411741985322514,0.27247441928678184,0.33408348238033503,1.1250062599700372,0.3572761194029851,0.0006168581050512261,0.3976989792394076,0.19298925043344117,1.20111969078546,0.9851428358589491,0.032770725802904854,19851.428358589535
H1,27,4.0,D1,32,both,1.0,1024,48.15449980687524,0.23653881253919565,0.33408348238033325,1.1104328677198554,0.357421875,0.0005542508111143431,0.3859367796771822,0.1896846163096726,1.199540202362301,0.9522404330484513,0.03195933475752666,19522.40433048454
H1,27,4.0,D1,32,long,0.0,648,30.476693278392993,0.45751979096548756,0.20311812781471694,1.283024643422086,0.375,0.0013651858264524166,0.5230224070200941,0.11926780334760934,1.3528440873920067,1.14824941080618,0.036617618221557624,21482.494108061837
H1,27,4.0,D1,32,long,1.0,617,29.018703322173575,0.4071339843345407,0.20311812781471705,1.2555766824183427,0.37439222042139386,0.0012568700894725721,0.5044195265966558,0.119604994286587,1.3488108984218563,1.0974303789560702,0.035451085739241384,20974.30378956075
H1,27,4.0,D1,32,short,0.0,514,24.277576619681884,-0.08092759027804336,0.348928702633851,0.9504218912152395,0.33657587548638135,-0.000250294935261733,0.08353966399347772,0.17773734315378653,1.0562368904980923,0.07174311543376488,0.0032779404098959297,10717.431154337652
H1,27,4.0,D1,32,short,1.0,494,23.332923832923832,-0.10154575447929942,0.34892870263385,0.9368464299008676,0.3360323886639676,-0.0003235331043740894,0.060321746581479686,0.17956220732315997,1.0411073373825737,0.040611431632610495,0.0018820272122206383,10406.114316326117
H1,27,4.0,D1,50,both,0.0,1114,52.67165048543689,0.291966207028058,0.2569941838977655,1.1298702609651086,0.35457809694793535,0.0006470840136099079,0.41336863780890837,0.16136134363182542,1.1999911708916295,1.066360812983027,0.03491203347979943,20663.608129830274
H1,27,4.0,D1,50,both,1.0,1069,50.54398058252427,0.2916156793188931,0.2569941838977665,1.1325858003514044,0.3592142188961646,0.0006674424630819511,0.4161771673898818,0.1632906591994362,1.2048960288815316,1.0715247954552227,0.035034173306591976,20715.247954552204
H1,27,4.0,D1,50,long,0.0,654,30.922135922330096,0.5754658427913515,0.13976798231207854,1.3662344297406233,0.382262996941896,0.001739244572684055,0.6324991231865923,0.11515991850223839,1.4550749523946322,1.6978006143493767,0.048042308820615,26978.00614349376
H1,27,4.0,D1,50,long,1.0,625,29.550970873786408,0.5731876408041238,0.13976798231207843,1.3747068720299578,0.3888,0.0017944869504452655,0.6300551796129629,0.11655032037617441,1.446340902435034,1.5993604854924093,0.04620196928316611,25993.604854924117
H1,27,4.0,D1,50,short,0.0,518,24.67390453834116,-0.1560786915320949,0.32620538009739497,0.9081370010150303,0.3223938223938224,-0.00047779322024070703,-0.06147546150669354,0.24768149765324043,0.9625159992183538,-0.10463320625989359,-0.005250654933191434,8953.667937401073
H1,27,4.0,D1,50,short,1.0,500,23.816510172143975,-0.14788799676801834,0.32620538009739364,0.9114562406181134,0.326,-0.00046606147814650924,-0.060624969533091634,0.24823215117095054,0.9626864373993099,-0.10305090289831265,-0.005166989637718444,8969.490971016869
H1,27,4.0,D1,80,both,0.0,1126,54.02936153441934,0.2900032427364059,0.2557812201753492,1.1287630736842482,0.3561278863232682,0.0006364211627454033,0.4742904471033922,0.1590055792463141,1.2385737420493514,1.351129567016839,0.041873829727385736,23511.295670168347
H1,27,4.0,D1,80,both,1.0,1092,52.68168009509972,0.3279535831705294,0.2519104256851997,1.1487407729440529,0.36355311355311354,0.0007362503431342686,0.5006042287143784,0.15999043261491153,1.2541598637858378,1.414202616969273,0.04343708018672543,24142.026169692712
H1,27,4.0,D1,80,long,0.0,649,31.141257225433524,0.5287651871423092,0.1833114570925376,1.3265860450267575,0.38366718027734975,0.001582958616434326,0.6508084147503173,0.12830914916261948,1.4474067653128249,1.6503548738312697,0.04788008461477511,26503.54873831271
H1,27,4.0,D1,80,long,1.0,628,30.29679038436138,0.5482323625700052,0.1833114570925376,1.346115658223267,0.39171974522292996,0.0016789721583727517,0.6599448616447537,0.12941757867505133,1.4597482449010046,1.6610947042768287,0.048350029349105705,26610.9470427682
H1,27,4.0,D1,80,short,0.0,531,26.22687626774848,-0.2218116097469948,0.37021482024664154,0.8718254931824218,0.32015065913371,-0.0006635840376370231,0.03339089635623855,0.20961343947553257,1.0225486412687756,0.0012111166313173438,5.9784436198695445e-05,10012.111166313147
H1,27,4.0,D1,80,short,1.0,517,25.535395537525357,-0.195516080748384,0.36997353347103745,0.8847636840977773,0.32495164410058025,-0.0005992196775352152,0.036287377538630476,0.20950336581928475,1.0246685757136287,0.00544139039327618,0.0002680656841995699,10054.41390393277
H1,27,4.0,D1,120,both,0.0,1154,56.09508916688848,0.10549665739573466,0.34861982337390174,1.042465413843878,0.3509532062391681,0.00021560473264571557,0.2858675527620747,0.2708631103372364,1.1268986414554927,0.6378303065377855,0.024272359919019548,16378.303065377875
H1,27,4.0,D1,120,both,1.0,1128,55.64586709886547,0.09874694490746082,0.3486198233739005,1.0398697541687592,0.3537234042553192,0.00020371181544142662,0.2817618300004256,0.27093011143530565,1.1253767655217608,0.6168326687690993,0.02398536385330008,16168.326687691027
H1,27,4.0,D1,120,long,0.0,649,31.547411498536068,0.5526385278769367,0.23944550792682262,1.3389269842724378,0.39445300462249616,0.0016635366109916626,0.6027651354528359,0.20304549264820737,1.405648078366357,1.4415834436122248,0.044346051916944074,24415.834436122164
H1,27,4.0,D1,120,long,1.0,633,31.22680307941653,0.5351857543029551,0.23944550792682262,1.3293035775873692,0.39652448657187994,0.0016268794593716893,0.5969525073724502,0.19929267250550298,1.4050932498762754,1.412819564552442,0.044408751817030634,24128.19564552445
H1,27,4.0,D1,120,short,0.0,538,26.73530612244898,-0.6342205946906264,0.5887048107244696,0.7027872639988196,0.30111524163568776,-0.0015602807564667257,-0.32608083364687157,0.34780767872388885,0.8244680921364546,-0.34621488104952836,-0.02089729357530712,6537.851189504699
H1,27,4.0,D1,120,short,1.0,528,26.670170100954223,-0.6166368009438998,0.5699891464202871,0.7098470001766931,0.30492424242424243,-0.0015314988975057107,-0.32616808272624326,0.3491861793455586,0.8258330978036674,-0.34197405092812383,-0.020917814636240095,6580.259490718757
H1,27,3.0,none,0,both,0.0,2449,113.67356080823485,0.15286389469726835,0.39816429485740246,1.0468694376762655,0.30543078807676605,0.0001720432804664393,0.22698630309344595,0.42575413013577856,1.0778318224987,0.5886298610983824,0.021717270292303192,15886.298610983766
H1,27,3.0,none,0,both,1.0,2360,109.54250857796417,0.12492636303037814,0.39816429485740035,1.0388176860267118,0.30677966101694915,0.00014458769235454886,0.19675276288444468,0.431617909862144,1.0659553629995377,0.4531940383250683,0.01750010814114278,14531.940383250578
H1,27,3.0,none,0,long,0.0,2231,103.56796517539401,0.6364536109432319,0.26687321170329603,1.2234361208337374,0.3209323173464814,0.0007607843079917301,0.665088788434885,0.22307768163510056,1.2509966364317975,2.772046869079291,0.06356977312767764,37720.468690792855
H1,27,3.0,none,0,long,1.0,2139,99.29712125063548,0.5870728419208963,0.26687321170329614,1.2091291595550948,0.31977559607293127,0.0007236335334660951,0.636734284617338,0.22953936625954274,1.2421441240390474,2.6779763903444196,0.0623235778380411,36779.763903444014
H1,27,3.0,none,0,short,0.0,2232,103.60121997712544,-0.21131431974319412,0.5073348229668301,0.9376251163779004,0.2907706093189964,-0.00023075021608091122,-0.1451295858516025,0.5270039837921672,0.9558428957589457,-0.3745358426369064,-0.02154587787791762,6254.641573630957
H1,27,3.0,none,0,short,1.0,2141,99.3899656837824,-0.20388753225093662,0.50733482296683,0.9385293467792228,0.29145259224661374,-0.00022952167434400563,-0.14510995558290463,0.5275545862021023,0.9553971026298657,-0.3710084432853116,-0.021293109307603864,6289.915567146906
H1,27,3.0,H4,20,both,0.0,1325,61.62692601553547,-0.04858630552519725,0.3562251530865428,0.9812970719372005,0.2981132075471698,-6.731047886423573e-05,-0.00515606382116168,0.36853504806576654,0.998049611225398,-0.07696508013629011,-0.003718044723182823,9230.349198637057
H1,27,3.0,H4,20,both,1.0,1264,58.78976187444289,-0.04912267994887443,0.35622515308654334,0.980696078192501,0.2974683544303797,-7.062463162729853e-05,-0.0026360036831913104,0.36644839535683504,0.9989901597824903,-0.07232119586120567,-0.0034854710092254715,9276.788041387908
H1,27,3.0,H4,20,long,0.0,803,37.38632887189293,0.3778829934123178,0.18824357010009451,1.233907888717264,0.33997509339975096,0.0008231770115972326,0.41616204344994445,0.21242256693537864,1.2895250207816762,0.9953491915269785,0.032686205033308324,19953.491915269806
H1,27,3.0,H4,20,long,1.0,764,35.57055449330784,0.37993423167418217,0.18824357010009418,1.2412541529798293,0.3416230366492147,0.0008639452389076779,0.413245871878399,0.21205100432213508,1.2925696719210324,0.9838386510240944,0.03240808027776576,19838.38651024096
H1,27,3.0,H4,20,short,0.0,877,40.81603593272171,-0.33619132112010974,0.4146270527413146,0.8537768724040999,0.28278221208665905,-0.0005366451848471603,-0.2547804796037491,0.3334734531955804,0.888628428142755,-0.32496134433297363,-0.018123498930269655,6750.3865566702325
H1,27,3.0,H4,20,short,1.0,837,38.95441513761468,-0.31696486597752166,0.38823382761515735,0.8585442818101446,0.2843488649940263,-0.0005250924446403678,-0.24719776255791284,0.33490999930120335,0.8905402775426116,-0.3154613363010359,-0.01748466722113906,6845.3866369896205
H1,27,3.0,H4,32,both,0.0,1321,61.433059587471355,0.20177818146379403,0.2522761373206496,1.080444929875503,0.32172596517789553,0.0002794958279501272,0.3010576441660263,0.22687497925436917,1.1209090355700289,0.5617064204774178,0.02094731952989548,15617.06420477416
H1,27,3.0,H4,32,both,1.0,1266,58.87528647822766,0.21722362575294146,0.2522761373206498,1.0885205680927414,0.3246445497630332,0.0003097064326792095,0.3085544754954844,0.2261287381658913,1.1258084247689715,0.5760040396576147,0.021380110865055535,15760.040396576187
H1,27,3.0,H4,32,long,0.0,711,33.12407525510204,0.35011789435487484,0.20735656092958799,1.189244728647424,0.35864978902953587,0.0006499478895292759,0.45909196172751815,0.18821694925672594,1.2626242793913796,0.749989068297231,0.026413918794565783,17499.89068297229
H1,27,3.0,H4,32,long,1.0,684,31.866198979591836,0.3501682227763365,0.20735656092958743,1.1921800468219823,0.358187134502924,0.0006720094772229941,0.45751468225377023,0.18830808731321325,1.263890655904014,0.7443702734021647,0.02626014931416032,17443.702734021666
H1,27,3.0,H4,32,short,0.0,827,38.45960656990069,-0.09918924638327119,0.2349746243121933,0.9517461756204091,0.28657799274486095,-0.00017183214179750187,-0.10099326768667233,0.24910831466938776,0.9525015261015598,-0.15523210393108733,-0.007814386984876132,8447.678960689118
H1,27,3.0,H4,32,short,1.0,782,36.366883116883116,-0.10163319879321392,0.23497462431219152,0.9491688060706237,0.2877237851662404,-0.00018212638468914687,-0.10098952945137366,0.24809416301753084,0.9516254915002962,-0.15429557135067018,-0.007763260220638557,8457.044286493314
H1,27,3.0,H4,50,both,0.0,1418,66.07865526920133,0.09088927688828108,0.21462916064633164,1.0347251264409056,0.3004231311706629,0.00012007491548848824,0.14788363451286696,0.28857558755315427,1.0582994824434124,0.21612096418932136,0.009159723390550267,12161.209641893258
H1,27,3.0,H4,50,both,1.0,1361,63.422461087011996,0.0788711888013986,0.2146291606463332,1.0306311372305212,0.3005143277002204,0.00010713207300131588,0.14947047758895574,0.28680512113725887,1.0597193104892693,0.21939552981648136,0.009286186823252773,12193.955298164841
H1,27,3.0,H4,50,long,0.0,760,35.488366146765536,0.37114209706169415,0.13988752836353557,1.2068222508585875,0.3157894736842105,0.0006836248191223446,0.3093890440900133,0.19929278017767205,1.1730196515855433,0.46907958897924473,0.018122928344634026,14690.79588979248
H1,27,3.0,H4,50,long,1.0,725,33.85403349526975,0.35087462856319435,0.1398875283635348,1.1986395015546745,0.31448275862068964,0.0006714261732372058,0.3056097686480831,0.19687410253359727,1.1728670841249178,0.46380480937928703,0.017951936264573698,14638.048093792879
H1,27,3.0,H4,50,short,0.0,801,37.326518244450114,-0.3964336133494878,0.4828507381986251,0.8182539432925112,0.27340823970037453,-0.0006766566978992626,-0.19192196625637817,0.32396772439778965,0.9045522131429935,-0.26321979167245735,-0.01413383451511252,7367.802083275446
H1,27,3.0,H4,50,short,1.0,766,35.69552181679,-0.38232004079402093,0.4828507381986247,0.8205850338095487,0.2780678851174935,-0.0006697814071009865,-0.19222500413401128,0.32809088710379264,0.9031917247164015,-0.2614978012578105,-0.014026580808675582,7385.021987421885
H1,27,3.0,H4,80,both,0.0,1583,73.86187404190086,0.44808441654455244,0.2512763048631733,1.1755380495543553,0.31522425773847124,0.000595951800643875,0.4846145368270803,0.2070270482935329,1.1940572281330832,1.120111276644685,0.03568505194101812,21201.112766446935
H1,27,3.0,H4,80,both,1.0,1520,70.92233009708737,0.4068664949329707,0.251276304863174,1.1612897037262815,0.3138157894736842,0.0005570563474894666,0.4639781780753467,0.21386053838982055,1.1878880950402066,1.0745079836621798,0.034634790106979674,20745.079836621808
H1,27,3.0,H4,80,long,0.0,818,38.20157268891446,0.6354261176946783,0.17301929772293745,1.3739606287047277,0.34596577017114916,0.0011897660048964698,0.6673679840987101,0.1798810564223685,1.4078661927892464,1.4013674894132797,0.041760461205656796,24013.67489413279
H1,27,3.0,H4,80,long,1.0,778,36.33352512466436,0.6437262432194585,0.17301929772293723,1.3880931622237873,0.34832904884318766,0.0012581230143365743,0.6695451093212623,0.1799796280397401,1.4149487947819914,1.4028913016566524,0.04179132414728559,24028.913016566454
H1,27,3.0,H4,80,short,0.0,854,39.847151251916195,0.04473463513891647,0.2735891869013063,1.0222475777132685,0.2857142857142857,8.01998515245211e-05,0.06091848945201396,0.22985902166957795,1.0297304225540258,0.041262838772578636,0.001888419533804031,10412.62838772574
H1,27,3.0,H4,80,short,1.0,825,38.49402784874808,-0.005056507439856187,0.27358918690130485,0.997467362197302,0.28363636363636363,-9.234816421911979e-06,0.03909167542147852,0.23206555562103282,1.0192265451543805,0.01143993202667648,0.0005308914345631965,10114.399320266768
H1,27,3.0,H4,120,both,0.0,1723,80.5794814340589,0.5890381517963933,0.23065608034996077,1.2423874878986998,0.3250145095763204,0.0008031237865247016,0.651785341503986,0.1624890073962253,1.3033723718319714,2.3280912706922674,0.05784365669587932,33280.912706922376
H1,27,3.0,H4,120,both,1.0,1650,77.16549295774648,0.540077128840916,0.23065608034996155,1.2254404209140273,0.32303030303030306,0.0007599143605983779,0.6246064258210682,0.17389044572657775,1.292805081712213,2.250955305846806,0.056684168296565085,32509.553058467845
H1,27,3.0,H4,120,long,0.0,882,41.264314077110285,0.6634475957722755,0.12276156333840194,1.4205274893330813,0.3435374149659864,0.0013142308272338656,0.6605332320265459,0.10903936554321048,1.4982316603496761,2.0439082376242457,0.05345821627373337,30439.082376242404
H1,27,3.0,H4,120,long,1.0,838,39.205776866914306,0.6231663155850956,0.12276156333840216,1.4015336266423741,0.34009546539379476,0.0012824963386775003,0.6469830123586375,0.11049198020684059,1.4946865279620791,2.0112333115176115,0.05292642862544161,30112.333115176003
H1,27,3.0,H4,120,short,0.0,889,41.65049384299641,0.15123175388302484,0.2534082895671478,1.0792111418110635,0.3025871766029246,0.00027987135554978146,0.18485118444555831,0.19464442248897107,1.09215916530468,0.22778094747690858,0.009660574820947287,12277.809474769047
H1,27,3.0,H4,120,short,1.0,860,40.29181631605952,0.12473750053979685,0.2534082895671478,1.0661412709015605,0.3023255813953488,0.00023639732988086365,0.17771207199999306,0.19409127777433144,1.0897321010930705,0.21752372590697933,0.009263805807626424,12175.237259069721
H1,27,3.0,D1,20,both,0.0,1916,89.61698040722243,0.5328093798820129,0.2639669395496874,1.2062801153879439,0.3147181628392484,0.0007087496911511652,0.5663705412511272,0.17237539668314228,1.2558919477098598,2.0757896175791113,0.053957680411248266,30757.89617579105
H1,27,3.0,D1,20,both,1.0,1839,86.01546292739147,0.49213806436512586,0.2639669395496872,1.1932853769430936,0.3126699293094073,0.0006756751437580007,0.5478147209362062,0.17538971703216955,1.2503029197903597,2.015870652866154,0.05298830766259721,30158.706528661452
H1,27,3.0,D1,20,long,0.0,1139,53.27439492892816,0.5861450725959122,0.1753977974558042,1.3071770908306506,0.31957857769973663,0.001017245257501703,0.5980125688651443,0.132737697509696,1.3687474668979254,2.0048125109824144,0.052807403770507966,30048.1251098241
H1,27,3.0,D1,20,long,1.0,1087,50.84220130618517,0.5378500676938673,0.17539779745580453,1.285688257081121,0.31646734130634774,0.0009657175332453994,0.578641956240133,0.13445032288794445,1.3611196659032363,1.9525407494495841,0.05194358939299648,29525.407494495783
H1,27,3.0,D1,20,short,0.0,989,46.46671597633136,0.11350214110969677,0.3053071989459417,1.0558430843808646,0.30434782608695654,0.00020396807051773587,0.20031181313304794,0.22805461505905988,1.1037697744006316,0.2905681901847097,0.012056785290565974,12905.681901847103
H1,27,3.0,D1,20,short,1.0,959,45.05720993053769,0.08731426465844785,0.30530719894594094,1.0434155750101544,0.3034410844629823,0.0001605381573728482,0.19170660469436146,0.22457378755845092,1.1005149749927383,0.2765964484268957,0.011539332620261522,12765.964484268927
H1,27,3.0,D1,32,both,0.0,1965,92.31077170418007,0.2898890003438841,0.3029332445158518,1.104575040521052,0.2966921119592875,0.00037213367336014783,0.36670840104291,0.22078217480091866,1.1523133844789095,1.0781367017147052,0.034959923557729145,20781.367017147055
H1,27,3.0,D1,32,both,1.0,1883,88.5269339683357,0.23719279542524133,0.30293324451585324,1.0866589977241434,0.29527349973446626,0.00031411085284666215,0.3435539304256231,0.22762324871440442,1.1447805566521876,1.0059538444809468,0.03326863794580781,20059.53844480945
H1,27,3.0,D1,32,long,0.0,1173,55.15425463439753,0.3754677129691043,0.2186804053972784,1.183800488287825,0.29923273657289,0.0006368489251842712,0.4549677486437912,0.20141078204370022,1.253871878274085,1.3303209824409836,0.04058083754119313,23303.20982440982
H1,27,3.0,D1,32,long,1.0,1122,52.75624356333677,0.3168556198566587,0.21868040539727818,1.156755908156256,0.29590017825311943,0.0005541126349856853,0.43143564367111786,0.20593902514216722,1.2440307220793911,1.2629384501486705,0.039146191433062416,22629.384501486635
H1,27,3.0,D1,32,short,0.0,945,44.43373455200824,0.08532576966419822,0.33727038279605115,1.0422674904465066,0.29417989417989415,0.00015353038292234105,0.11744883446517919,0.3030757943422533,1.0599434379026904,0.13029617089271373,0.005775588656330655,11302.961708927156
H1,27,3.0,D1,32,short,1.0,907,42.67994717856222,0.034324117299622404,0.3372703827960535,1.0171555642000325,0.2932745314222712,6.341086585137644e-05,0.10184188371510812,0.3053577264091143,1.0527179128208637,0.10587516526790441,0.004746823768037034,11058.75165267904
H1,27,3.0,D1,50,both,0.0,2016,95.29493982140546,0.3606390816545942,0.2935566134593639,1.1272379564124066,0.30456349206349204,0.0004519758213116245,0.4576828543527127,0.18996097995531258,1.1877217075591693,1.4775857259595848,0.04381964567966157,24775.85725959577
H1,27,3.0,D1,50,both,1.0,1938,91.60793322117252,0.34580637260622377,0.2935566134593661,1.1240170720915994,0.30495356037151705,0.0004466430403110427,0.45000431992594303,0.19285962151246883,1.1867947969439299,1.4515919277888103,0.04329937923342486,24515.91927788818
H1,27,3.0,D1,50,long,0.0,1179,55.73052284198266,0.45339068780919856,0.22298676240650195,1.2195916388355235,0.30788804071246817,0.0007543893308749565,0.5156082185064966,0.22724712896187949,1.2907664933919196,1.6189453057910153,0.046561007876514404,26189.453057910032
H1,27,3.0,D1,50,long,1.0,1127,53.272518441827366,0.43815359704639917,0.22298676240650128,1.216508132549909,0.3087843833185448,0.0007541783655813329,0.5125791540683576,0.22777635738376956,1.2931233838033596,1.6092782765702909,0.04637808194502213,26092.782765702865
H1,27,3.0,D1,50,short,0.0,930,44.3160469667319,-0.0176999251278406,0.3497955562219489,0.9915673432227589,0.2967741935483871,-3.134208151232763e-05,0.06455877300398505,0.32360585193106206,1.0326200635236045,0.046255481828491485,0.002157016031350878,10462.554818284874
H1,27,3.0,D1,50,short,1.0,902,42.981800391389434,-0.03587174153366559,0.3497955562219476,0.9827623981924307,0.2960088691796009,-6.494864385929306e-05,0.05974609613053709,0.32510670876343317,1.0304577442413816,0.0387481348852734,0.0018131804077754499,10387.481348852716
H1,27,3.0,D1,80,both,0.0,2010,96.15618860510804,0.31134370820817786,0.22772250275548822,1.1080791645168357,0.2990049751243781,0.00038471325943517003,0.4465692498903577,0.21076930806885386,1.1793580114478919,1.475196835546289,0.044311010585947,24751.968355462872
H1,27,3.0,D1,80,both,1.0,1948,93.4472025216706,0.31380568720044216,0.22772250275548878,1.1104544651158779,0.3008213552361396,0.00039699115604153215,0.449036060959181,0.21036773104808937,1.182018555283803,1.4790121143876203,0.04451307135868299,24790.121143875964
H1,27,3.0,D1,80,long,0.0,1143,54.780310982810654,0.5021527281690552,0.21546685121124443,1.2458596688502692,0.3088363954505687,0.0008629001535899878,0.5728441396254929,0.19378482893857696,1.3290193983343042,1.8423702665249082,0.05134064187912557,28423.702665249013
H1,27,3.0,D1,80,long,1.0,1101,52.81589834515366,0.49208151189912014,0.2154668512112452,1.2448868949742156,0.3097184377838329,0.0008696368297595027,0.5724107292768407,0.192566228640922,1.3326303786494005,1.8405598847238487,0.051356901114734343,28405.598847238347
H1,27,3.0,D1,80,short,0.0,963,46.111136601992655,-0.1076146082970026,0.32851075490387327,0.9501516542644418,0.28556593977154726,-0.00018200354993664632,0.03607625034515416,0.3200975678330077,1.0181004646858558,-0.0008087095394484489,-3.873819335076245e-05,9991.912904605551
H1,27,3.0,D1,80,short,1.0,942,45.632029177718834,-0.08857487809397785,0.3285107549038726,0.9586378399862113,0.28874734607218683,-0.00015198362911411916,0.05238990095097074,0.3171491561300177,1.0262560298327457,0.025351290949681582,0.001213485656564428,10253.512909496778
H1,27,3.0,D1,120,both,0.0,2024,98.34588266595716,0.2638852060383608,0.243640493554517,1.0890826282710355,0.3058300395256917,0.00032074349581064543,0.3340052553074773,0.23534224704632767,1.1221304171127797,0.9364647344170738,0.032632422260966854,19364.647344170535
H1,27,3.0,D1,120,both,1.0,1975,97.21950808625337,0.24958592592202936,0.24364049355451856,1.084444280758778,0.30683544303797466,0.0003069394612807042,0.33505254581028854,0.23624988175205153,1.1226699105159912,0.9343601239257013,0.03301069862101258,19343.60123925696
H1,27,3.0,D1,120,long,0.0,1137,55.24667420513503,0.5467779367955052,0.18544202788001596,1.2725823801411147,0.3254177660510114,0.0009598170078240134,0.5773773632502847,0.16350663017856204,1.3340777798387669,1.8615393767411126,0.05241279171325419,28615.39376741097
H1,27,3.0,D1,120,long,1.0,1102,54.24602425876011,0.5274630461033506,0.18544202788001585,1.2642970877489317,0.32667876588021777,0.0009407209056354434,0.5686710633595566,0.169840304852393,1.3182587875036695,1.7357747719291785,0.05078849529821072,27357.747719291714
H1,27,3.0,D1,120,short,0.0,958,47.5743711760707,-0.2965116409014598,0.46148073848165305,0.876907552373969,0.2828810020876827,-0.00045245679796640634,-0.20605017528935524,0.41186694243125366,0.9154256390289881,-0.2892664070810169,-0.016813859899516448,7107.335929189839
H1,27,3.0,D1,120,short,1.0,944,48.35170382835507,-0.29331256833447694,0.4614807384816523,0.879276730900499,0.2838983050847458,-0.0004468172797219577,-0.2050254603399577,0.4146317306987616,0.9169393879372932,-0.2841862033702086,-0.0169788641687858,7158.1379662979125
H1,27,2.5,none,0,both,0.0,3486,161.80728173846742,0.053001462942000775,0.3775510154551768,1.0137621800804724,0.2837062535857717,4.18419538393106e-05,0.2560607076870547,0.31344093569348275,1.0737964712738914,0.8631734872401431,0.029305190224792943,18631.73487240134
H1,27,2.5,none,0,both,1.0,3350,155.49466260007625,0.02995702487961591,0.4145016181405574,1.0079062960271934,0.2814925373134328,2.42495640438792e-05,0.2550387585453033,0.3112922813148198,1.0743133779198895,0.8565394150364851,0.02913478609366993,18565.394150364773
H1,27,2.5,none,0,long,0.0,3181,147.65030499428136,0.3871048776564717,0.3622592477473826,1.1124148141982635,0.28104369695064446,0.00032241815049893383,0.43165762856913403,0.3599959070308011,1.1409608321335085,1.8383090818633168,0.04961338936311632,28383.090818632885
H1,27,2.5,none,0,long,1.0,3050,141.56976744186048,0.3656313171308774,0.36225924774738194,1.1082640556812007,0.28098360655737703,0.0003135452308010128,0.4266556452198352,0.36105004972105825,1.1410673155678743,1.8169744637059013,0.04924586465490988,28169.744637058782
H1,27,2.5,none,0,short,0.0,3182,147.69672131147541,-0.3701999793222619,0.6521061893505439,0.9071302180568829,0.26398491514770583,-0.0002811617706478138,-0.28004246361689117,0.6311765205463338,0.928893562842079,-0.6168507770913165,-0.043551755074688114,3831.492229086839
H1,27,2.5,none,0,short,1.0,3047,141.4484938993391,-0.3591867372799043,0.6376975272929293,0.9078980653685772,0.2641942894650476,-0.0002809586628046822,-0.27704835878468786,0.6325905602900816,0.928179384365072,-0.6119571830217725,-0.04299351213691738,3880.4281697822453
H1,27,2.5,H4,20,both,0.0,2001,92.96174637496821,-0.14923011697563213,0.43582429561261726,0.9506910789667851,0.26286856571714146,-0.0001418663099756262,-0.20251848998957878,0.568678765147995,0.9361351787618805,-0.41415947971838385,-0.02453525406785373,5858.405202816168
H1,27,2.5,H4,20,both,1.0,1913,88.87347367082168,-0.14875167610469803,0.43582429561261593,0.9498182630989531,0.26136957658128596,-0.0001460380288673508,-0.2014910034313608,0.5647872599455365,0.9357807424135978,-0.409809770444452,-0.024199966909733583,5901.902295555491
H1,27,2.5,H4,20,long,0.0,1067,49.62711702534064,0.3518496768542747,0.23881377980165575,1.1941860842100869,0.3055295220243674,0.0005568770120160735,0.3564118636095793,0.2726116636802335,1.2401226620103132,0.9109148090231074,0.030577801762843526,19109.148090231072
H1,27,2.5,H4,20,long,1.0,1023,47.58063797274927,0.36317629832425996,0.23881377980165663,1.2057382490327135,0.30498533724340177,0.0005955606885718273,0.3571803327355927,0.27179956139025674,1.227754405923209,0.8367675135994901,0.028682601997643387,18367.675135994883
H1,27,2.5,H4,20,short,0.0,1366,63.461142203001785,-0.5749021689068533,0.6056076325029163,0.7919603057547727,0.23938506588579794,-0.0006120827951859778,-0.5689271488299262,0.6430338767229806,0.7989464411214053,-0.6311203157750394,-0.04527458185729549,3688.7968422495983
H1,27,2.5,H4,20,short,1.0,1309,60.813056474179604,-0.5815874284785402,0.5892937228531783,0.7860863509138443,0.23911382734912145,-0.0006366610748274357,-0.5696115772559488,0.6360351448632182,0.7968511589099301,-0.6297200092898316,-0.04510651222744333,3702.799907101686
H1,27,2.5,H4,32,both,0.0,2066,96.0792589763178,-0.0428597153655615,0.4591908385227237,0.9856937734618652,0.26524685382381413,-4.165832059360948e-05,0.03975304142320813,0.45273310403992073,1.0138492682341544,-0.036256611166106345,-0.0017159643775156441,9637.433888338948
H1,27,2.5,H4,32,both,1.0,1972,91.70779220779221,-0.03652878124403696,0.4591908385227237,0.9875236653068795,0.26622718052738337,-3.6647580210629376e-05,0.04150357014807104,0.4510735730610894,1.0146297744345196,-0.030567488932867537,-0.001442677968368944,9694.325110671267
H1,27,2.5,H4,32,long,0.0,1026,47.76883365200765,0.0701014635669849,0.36434307833316903,1.0320377093148616,0.29239766081871343,9.479564370351114e-05,0.10502309360870095,0.4148057030201844,1.0478562084211014,0.11623014802235998,0.005132542697874776,11162.301480223547
H1,27,2.5,H4,32,long,1.0,983,45.76682600382409,0.0991981746016128,0.36434307833316937,1.0465928031080973,0.29399796541200407,0.00013901319571540816,0.11914265697925945,0.40567519528922524,1.0547664360291966,0.14016966002184628,0.006126072030966823,11401.696600218438
H1,27,2.5,H4,32,short,0.0,1321,61.433059587471355,-0.1634307907646008,0.40975408275747816,0.9321435905852821,0.2513247539742619,-0.00019659713233243206,-0.07628332233417102,0.36696367393736584,0.966239989613998,-0.19047370087381532,-0.00977865408910883,8095.262991261838
H1,27,2.5,H4,32,short,1.0,1254,58.31722689075631,-0.1828270363806508,0.417276073954303,0.9223694874345453,0.2511961722488038,-0.00022677932136839214,-0.07953598790817223,0.36928418392243,0.964205398168726,-0.1957250804158437,-0.010078308578831519,8042.749195841551
H1,27,2.5,H4,50,both,0.0,2275,105.98772321428571,0.016681427447959998,0.29233942765031984,1.0052468841397642,0.27076923076923076,1.4843994312253474e-05,0.006708798252640975,0.39138813347941803,1.002072237737433,-0.1021003107951578,-0.0050048192295237826,8978.996892048412
H1,27,2.5,H4,50,both,1.0,2176,101.37551020408164,0.0509460369820544,0.29233942765031706,1.016429213175864,0.2725183823529412,4.689378449878698e-05,0.03148217196527039,0.37998041651331926,1.009899131157259,-0.04670841856634833,-0.0022260310435455732,9532.915814336577
H1,27,2.5,H4,50,long,0.0,1117,52.09861448090921,0.1577782863881683,0.2949248323656849,1.0728888594778168,0.2909579230080573,0.00020294976572460702,0.051329022438553445,0.4293329647723878,1.0219886503808815,0.025146195065209653,0.0011590249239703532,10251.461950652078
H1,27,2.5,H4,50,long,1.0,1061,49.53729387702928,0.18226977651817897,0.29492483236568523,1.086781866382917,0.292177191328935,0.0002444037502273758,0.05703504488496272,0.42762204121257996,1.0247110469774048,0.034332083919463185,0.0015772797211255352,10343.32083919462
H1,27,2.5,H4,50,short,0.0,1333,62.10181760204081,-0.34831981582644106,0.4466315253256482,0.8685328403575457,0.24681170292573143,-0.0003878417448629425,-0.18139224192919276,0.35509635113162086,0.925801600634624,-0.3253840049909198,-0.018170472937104498,6746.159950090767
H1,27,2.5,H4,50,short,1.0,1280,59.63265306122449,-0.31856798784359364,0.416241192737803,0.8771100432354887,0.24921875,-0.0003634200204184656,-0.18112885854042018,0.3575212525135121,0.9252775771951666,-0.32204587515887106,-0.017944667446062712,6779.541248411276
H1,27,2.5,H4,80,both,0.0,2473,115.38876469085334,0.19592603140124096,0.2633851404245733,1.0619390154880402,0.27456530529720985,0.00017683101577539877,0.23695668958571242,0.24574582881436335,1.0740430717567446,0.4978130098942952,0.019029487102392384,14978.130098942935
H1,27,2.5,H4,80,both,1.0,2368,110.48952478283086,0.19884446269393533,0.26338514042457095,1.064281661097035,0.27533783783783783,0.00018506007222529326,0.23237481268919058,0.25526373472382935,1.0735095550932368,0.4828274765447187,0.018551495193010803,14828.274765447193
H1,27,2.5,H4,80,long,0.0,1219,56.914195321487924,0.37350409437802123,0.19393111865704926,1.1759976085176445,0.30434782608695654,0.00048128155847090555,0.44408361292501264,0.2289507697032841,1.2082811916563783,0.9221886155314563,0.030979956911956652,19221.886155314503
H1,27,2.5,H4,80,long,1.0,1153,53.83270484468874,0.42780736708843564,0.19393111865704982,1.2097950178691999,0.30875975715524717,0.000577923204436474,0.465721979063061,0.22246595897898735,1.2234478554962174,0.9606247393580654,0.031933422693400715,19606.24739358061
H1,27,2.5,H4,80,short,0.0,1375,64.1567130812468,-0.13334832992685922,0.38176609632769387,0.9465998853478805,0.24654545454545454,-0.00015863176040902536,-0.18652258245054362,0.4006820822419366,0.9288255567613288,-0.3063528515964633,-0.01692281271066587,6936.47148403542
H1,27,2.5,H4,80,short,1.0,1334,62.24367654573326,-0.1787265308700626,0.3817660963276932,0.9279269344294325,0.24512743628185907,-0.00021554829569619453,-0.19033485092259367,0.3936854845323574,0.9265081392509109,-0.31382662669897887,-0.017419598241569023,6861.733733010226
H1,27,2.5,H4,120,both,0.0,2609,121.99939188324159,0.4110806323966986,0.2990952983681827,1.1374156325453089,0.29014948256036793,0.0003868717652497145,0.4802002436326988,0.2333198804129598,1.1878299557947687,1.7836518644806465,0.049036570763504095,27836.518644806325
H1,27,2.5,H4,120,both,1.0,2498,116.80892331327615,0.40339729855980155,0.2990952983681825,1.138006944442781,0.28943154523618897,0.00039144798076009657,0.4813844417448,0.23275916783601713,1.191450733201512,1.7871404190866547,0.04909800996251912,27871.404190866455
H1,27,2.5,H4,120,long,0.0,1305,61.04652279713115,0.45300311833869034,0.237833781601122,1.2258054918474808,0.3088122605363985,0.0006101355405914895,0.44271268231683253,0.27053931145523424,1.26171288939949,1.252748253573813,0.03872246893922493,22527.482535738185
H1,27,2.5,H4,120,long,1.0,1240,58.005891393442624,0.43840864090822196,0.23783378160112334,1.2238504939459356,0.307258064516129,0.0006117989981155292,0.43862561334169714,0.2737349684045026,1.2635458383792963,1.2430459808372394,0.03851276633389733,22430.459808372318
H1,27,2.5,H4,120,short,0.0,1376,64.45863793766833,0.0989122812070482,0.2440615824067106,1.04278608323614,0.2710755813953488,0.0001250341013480044,0.16012745673750836,0.22573781706823048,1.0728124541736541,0.230034963584691,0.009746084740073213,12300.34963584687
H1,27,2.5,H4,120,short,1.0,1329,62.25692574066949,0.10446430318215374,0.24406158240671072,1.046185345252637,0.27163280662151995,0.0001354149208465192,0.16712929147701133,0.22304543068082583,1.0770321524000737,0.24376832560564377,0.010271416890268892,12437.683256056407
H1,27,2.5,D1,20,both,0.0,2840,132.80117782614263,0.20783621824409912,0.3211035662852655,1.0626577557135728,0.2795774647887324,0.0001827286572670705,0.29529421125913474,0.313963765927154,1.0995692123829934,0.933143735433456,0.031302312285689915,19331.437354334506
H1,27,2.5,D1,20,both,1.0,2722,127.28338240942261,0.2026528288340614,0.3211035662852656,1.0623643867470964,0.2784717119764879,0.00018379844019278675,0.29545382770082623,0.3144114080230861,1.100840825059346,0.9341581260887266,0.03132761121131544,19341.581260887247
H1,27,2.5,D1,20,long,0.0,1651,77.21225992317541,0.42289905726314475,0.17565223473696756,1.180861883768789,0.29254996971532404,0.0005085168175912296,0.452164334605046,0.19307878660513866,1.232588456521665,1.5369808618134435,0.04450058630321663,25369.80861813419
H1,27,2.5,D1,20,long,1.0,1575,73.65797055057618,0.4018393764506252,0.17565223473696634,1.175558231099672,0.29079365079365077,0.0004989987012345434,0.4437389150616223,0.1858497194544304,1.231899184353303,1.50868323276439,0.04395281378772564,25086.8323276438
H1,27,2.5,D1,20,short,0.0,1445,67.69093882262408,-0.18435798337435735,0.35760239314636555,0.9308235317233462,0.2671280276816609,-0.00021035730260828982,-0.06632405478771403,0.3043983315067099,0.9750701413869656,-0.16413776755160336,-0.00836372616062453,8358.622324484011
H1,27,2.5,D1,20,short,1.0,1396,65.39553674490188,-0.1906276949323657,0.35760239314636577,0.9273307463693381,0.2664756446991404,-0.00022280665411974105,-0.06595325545254914,0.30321254824482613,0.9749610947818457,-0.16344075392664326,-0.008325004932258961,8365.592460733618
H1,27,2.5,D1,32,both,0.0,2902,136.2936222193648,0.047302643938076046,0.4075087922275302,1.014039855246672,0.26671261199172985,4.202383768315017e-05,0.13071655552285252,0.40029840698880437,1.0439546938814943,0.21484955356425384,0.009182320961108825,12148.495535642543
H1,27,2.5,D1,32,both,1.0,2782,130.65777292014917,0.004750566817583876,0.407508792227532,1.0014320734110052,0.26455787203450754,4.343241287818881e-06,0.12500469491209154,0.39786047802639846,1.0425119212891956,0.19364761602235103,0.008348181169217206,11936.476160223507
H1,27,2.5,D1,32,long,0.0,1702,80.0277420185376,0.18387391966735422,0.3387350448339157,1.0737497666701752,0.2708578143360752,0.00021814286044911953,0.24953407237423275,0.3000373442675067,1.115296200715028,0.6383996317988243,0.023486181413909346,16383.996317988265
H1,27,2.5,D1,32,long,1.0,1635,76.87741374871267,0.1470985499261483,0.3387350448339176,1.0598799358240747,0.26850152905198776,0.00017899128502000543,0.24104834498631958,0.30537447034852094,1.1128084104978342,0.61228495408277,0.022713237243974005,16122.84954082768
H1,27,2.5,D1,32,short,0.0,1379,64.76530153015302,-0.12071552596344429,0.39065464581147735,0.9504997358710103,0.2625090645395214,-0.00014935198623584471,-0.07900841344459751,0.3729763355082345,0.9664521409700004,-0.1863482822791056,-0.009638589934372943,8136.517177208962
H1,27,2.5,D1,32,short,1.0,1318,61.90041146971841,-0.15875957956816752,0.39065464581147613,0.9339300253799774,0.26100151745068284,-0.00020231812914306516,-0.08314412062499975,0.3710719527081121,0.9641380101384837,-0.19443667198840142,-0.010103170561928665,8055.633280115981
H1,27,2.5,D1,50,both,0.0,2931,138.5284355590062,0.0401480059575072,0.395999429984896,1.0114542825285664,0.26475605595359947,3.435787873819842e-05,0.13120463765897042,0.4062591777356853,1.0420425329470406,0.21409573791062275,0.00921120375282225,12140.957379106241
H1,27,2.5,D1,50,both,1.0,2813,132.95137810559007,0.057626455196063145,0.3959994299848957,1.016815120831659,0.26519729825808747,5.083749385196986e-05,0.13655511194280623,0.404885415794061,1.0442951565477117,0.23248333875548544,0.009928441993613646,12324.833387554947
H1,27,2.5,D1,50,long,0.0,1709,80.77280667701864,0.23345578126807137,0.2961634145715063,1.0928180268612553,0.2679929783499122,0.00026998729153315023,0.30194539259979886,0.3473220187642664,1.1419091677049347,0.8691291340551228,0.030003125490941196,18691.2913405511
H1,27,2.5,D1,50,long,1.0,1634,77.22806677018633,0.2497596556286593,0.29616341457150597,1.1020710421246016,0.26988984088127294,0.00029829255870822446,0.30730061380459345,0.34528859086947616,1.1465443028842672,0.8836820044561791,0.030380754526607268,18836.820044561686
H1,27,2.5,D1,50,short,0.0,1350,64.30457746478874,-0.2094485332428089,0.37892385616682056,0.9196921774078702,0.2607407407407407,-0.000248131493762733,-0.1648861174264351,0.39734100517740334,0.9392611641687728,-0.27174801794858117,-0.014991313933447104,7282.5198205142115
H1,27,2.5,D1,50,short,1.0,1305,62.161091549295776,-0.2196486294456242,0.3789238561668202,0.9147604783852588,0.2582375478927203,-0.0002664922326647624,-0.16780271840626054,0.3970777297094613,0.9376644751339331,-0.27536889594588365,-0.015225149594965792,7246.31104054118
H1,27,2.5,D1,80,both,0.0,2926,139.93996333638864,0.10164768336778082,0.3259780339486744,1.0296194847641589,0.2696514012303486,8.814953025175427e-05,0.24693108865164262,0.31170300565740805,1.0823856668817093,0.6779028498268753,0.025061166684806402,16779.02849826871
H1,27,2.5,D1,80,both,1.0,2839,136.17133946158899,0.13442664356368603,0.3259780339486743,1.039850186946759,0.2726312081718915,0.00011924229614984275,0.26103837589446616,0.29813700245359653,1.087676658970098,0.7296534279359157,0.02662916853860131,17296.534279359163
H1,27,2.5,D1,80,long,0.0,1652,79.24783293932231,0.4123408634615831,0.2444351044469305,1.1705167743355436,0.28087167070217917,0.0005017300532431785,0.47006265418921717,0.2757507266417738,1.2300546289305334,1.611276117844493,0.047120784681273564,26112.761178444707
H1,27,2.5,D1,80,long,1.0,1600,76.76343097333509,0.4221800169565658,0.2444351044469315,1.1778726671697457,0.283125,0.000525748522485045,0.47323934979361765,0.2746203918023995,1.2343598909744795,1.6176251065606375,0.04724912443472484,26176.25106560628
H1,27,2.5,D1,80,short,0.0,1390,66.47865654052639,-0.35002356797881007,0.47646680790560936,0.8645312580292707,0.25107913669064746,-0.00041167342348928415,-0.1786490564697029,0.4718980015273875,0.9266807206907067,-0.33721045491792034,-0.019478670482832583,6627.895450820841
H1,27,2.5,D1,80,short,1.0,1354,65.30417271886967,-0.308155562964813,0.4561852718571261,0.8789874159671632,0.2548005908419498,-0.0003699878127586531,-0.1752262706227542,0.47198317987743565,0.9282626588842109,-0.3270559707279792,-0.01892247037090833,6729.440292720236
H1,27,2.5,D1,120,both,0.0,2928,142.15764987372057,0.08947350550252624,0.438364553056915,1.025456708730339,0.27049180327868855,7.632211933185202e-05,0.1578383816935602,0.38042862861865423,1.0495781469318726,0.3100084654798725,0.01319674948058136,13100.08465479867
H1,27,2.5,D1,120,both,1.0,2861,138.997106943336,0.08642761413023319,0.4383645530569169,1.0248393282322734,0.27088430618664805,7.489757277686257e-05,0.15874326083459372,0.37893066878691795,1.0501408139823947,0.3131340028286729,0.013322896269991613,13131.340028286768
H1,27,2.5,D1,120,long,0.0,1645,79.86657583410873,0.4346205253604193,0.24122578053240917,1.180584338332569,0.29118541033434653,0.0005329142390800274,0.4740960249191837,0.26693713295272836,1.2271142440830494,1.6594157756531667,0.048633779484840156,26594.15775653152
H1,27,2.5,D1,120,long,1.0,1600,77.73343974461294,0.4207547351696826,0.24122578053240884,1.1769778234971626,0.291875,0.0005248969367682029,0.4675860448252949,0.2711182690518401,1.225892459221988,1.635722711185159,0.04821106377271134,26357.22711185141
H1,27,2.5,D1,120,short,0.0,1371,68.06548185401658,-0.37370779763881534,0.49671968725299787,0.8646153840778511,0.2487235594456601,-0.00041074666476250603,-0.32229149261401024,0.5029447515122467,0.8854278664123854,-0.4581167030296813,-0.029960705169802315,5418.832969703188
H1,27,2.5,D1,120,short,1.0,1349,68.09317993366501,-0.35867705089950697,0.4967196872529993,0.8699202046963186,0.2490733876945886,-0.0003969711361163336,-0.31392420756558514,0.49769562405905565,0.888850576252812,-0.44529170501946724,-0.02930854296092078,5547.082949805351
H1,27,5.0,none,0,both,0.0,942,43.80210057288351,0.36632285230006445,0.22332452279251747,1.1755621564592358,0.37261146496815284,0.0009934524126472915,0.4249237259222582,0.14749733429617196,1.2135895879889174,0.9675843211688318,0.03197130217248634,19675.843211688392
H1,27,5.0,none,0,both,1.0,909,42.26763208147676,0.3610221764630422,0.22332452279251636,1.1760903061713481,0.37513751375137516,0.001006940767856865,0.39513894469488775,0.1560606146556256,1.1982817195228295,0.8541376921030919,0.029125515987178607,18541.376921031006
H1,27,5.0,none,0,long,0.0,874,40.671232004076955,0.7257660906408814,0.3212877341913736,1.385135467335992,0.4233409610983982,0.0020693479972561254,0.7678869632881604,0.2486333185951105,1.4119322098651361,2.2270036618316835,0.056031260655342585,32270.03661831667
H1,27,5.0,none,0,long,1.0,839,39.04252134029813,0.682698984823214,0.3212877341913738,1.3688559815127437,0.4231227651966627,0.0020012941055030115,0.7457314394011615,0.24664208745713334,1.4090853772655014,2.1419579526722705,0.05471959724414921,31419.579526722693
H1,27,5.0,none,0,short,0.0,875,40.686664544875875,-0.17225127963483167,0.4553984247664937,0.9220804278990279,0.3291428571428571,-0.0004947878004222836,-0.13518210973596154,0.2826535240008594,0.9391236346907964,-0.23101150629343614,-0.01214004314255579,7689.884937065645
H1,27,5.0,none,0,short,1.0,838,38.96619987269255,-0.19612104546496253,0.48390026769231576,0.9099801665235902,0.32577565632458233,-0.0005835071238335176,-0.14673667619040917,0.2975834826890512,0.9330070033658461,-0.24382214180580764,-0.012911414432943968,7561.778581941958
H1,27,5.0,H4,20,both,0.0,689,32.12372351289252,0.19291711226388567,0.2524532694986006,1.1014582400085822,0.37010159651669083,0.0005829047577198877,0.20431593410339888,0.2027538967780843,1.1054108753700203,0.2635498039975166,0.010966142206587426,12635.498039975204
H1,27,5.0,H4,20,both,1.0,666,31.05137860607608,0.163924551996136,0.25245326949860225,1.0871290840028753,0.36786786786786785,0.0005073886820129248,0.16906281839966483,0.1910834303026,1.088035134720121,0.2027911030228322,0.008645983520487954,12027.911030228324
H1,27,5.0,H4,20,long,0.0,544,25.314817174162314,0.4877152911963272,0.2941517784017571,1.322856523846647,0.3915441176470588,0.0018179059928381642,0.4374443238483794,0.22134458629441212,1.2839357679250356,0.7218855947244542,0.025610274883398843,17218.85594724456
H1,27,5.0,H4,20,long,1.0,524,24.3841253662887,0.4397018559436234,0.29415177840175677,1.2945474280079987,0.3893129770992366,0.0016798622400700828,0.407651420903928,0.218881388307411,1.2688615071736447,0.6529626302234106,0.023662469236067407,16529.626302234134
H1,27,5.0,H4,20,short,0.0,515,24.01120117436814,-0.32522515695609006,0.5046065156938226,0.816797579946327,0.3145631067961165,-0.0011737154851422253,-0.2768691560514382,0.3437182214328329,0.8431429081806274,-0.30240817107128304,-0.016650006598728617,6975.9182892871695
H1,27,5.0,H4,20,short,1.0,493,22.985479959152414,-0.3454051149623451,0.5104447992179784,0.8030358824647241,0.3103448275862069,-0.0012904187448403727,-0.28943968343247384,0.3446875505146664,0.8339126938043013,-0.31115569010177435,-0.017228379332865806,6888.443098982245
H1,27,5.0,H4,32,both,0.0,575,26.736950986632717,0.09298509645035934,0.2457697929903756,1.0579644285487382,0.3582608695652174,0.0003496556894482445,0.0450137776709143,0.1700483498717401,1.0272557269780649,0.017861302748995334,0.0008235423975204714,10178.613027489988
H1,27,5.0,H4,32,both,1.0,553,25.71397199236155,0.09466213930845437,0.24576979299037593,1.06032440587128,0.35804701627486435,0.00036779334847930736,0.046907078750938275,0.16479737435238506,1.0288659107619684,0.02078874989585433,0.0009572041715733004,10207.887498958533
H1,27,5.0,H4,32,long,0.0,385,17.961585132200792,0.432782054141136,0.22373823006357407,1.3547428018011363,0.412987012987013,0.001920076554686168,0.32786509328925384,0.18350263292837,1.2418823516197697,0.37921904635057224,0.015112966268792327,13792.190463505709
H1,27,5.0,H4,32,long,1.0,370,17.2617831140631,0.4383347560618939,0.2237382300635743,1.3701453964120573,0.41621621621621624,0.0020033520900680974,0.3348408730568349,0.18043841560894247,1.2527426517591451,0.38533523655705704,0.015322536551038102,13853.352365570607
H1,27,5.0,H4,32,short,0.0,424,19.715595162316994,-0.01868820444017486,0.28646909031163503,0.9863468800005886,0.3278301886792453,-8.472419527986342e-05,-0.0006937330956205328,0.20560841854463097,0.9994774744003481,-0.037799353387561574,-0.0017901099607793292,9622.006466124374
H1,27,5.0,H4,32,short,1.0,403,18.739115213239973,-0.015774120824640293,0.28646909031163514,0.9882017031372716,0.3250620347394541,-7.497007647113625e-05,0.0006789246682287705,0.20527266105764563,1.0005199463557153,-0.03584738962567258,-0.0016960397038670028,9641.526103743232
H1,27,5.0,H4,50,both,0.0,489,22.90423826622211,0.18509809644090225,0.22435809688188935,1.1114096570624423,0.3558282208588957,0.0006355587485868076,0.36356370482646594,0.09955945346439288,1.252157428611541,0.5157384563023015,0.019671422985367393,15157.384563022997
H1,27,5.0,H4,50,both,1.0,471,22.06113747114645,0.19201036902698837,0.2186127623606613,1.1180137296011547,0.3609341825902335,0.0006778765779601903,0.36869734130154785,0.09882199965313321,1.2603504804953376,0.5208493012578439,0.019832205477039455,15208.493012578421
H1,27,5.0,H4,50,long,0.0,311,14.566908181585022,0.46236427556460324,0.1595662631693907,1.4091870720886108,0.4115755627009646,0.0021971815039491735,0.4997746474255583,0.13058035656503453,1.4697937890790393,0.632526046157325,0.023222640027710906,16325.260461573216
H1,27,5.0,H4,50,long,1.0,300,14.051679917927673,0.44456252283597053,0.15956626316939104,1.4000263727607538,0.41333333333333333,0.0021659448795692746,0.49202912330590004,0.1321955124117251,1.4712977928792599,0.6149827043182092,0.02270495754973023,16149.827043182064
H1,27,5.0,H4,50,short,0.0,330,15.506561173292166,-0.5113746411244475,0.5348136202028091,0.6785522289701514,0.3,-0.0021785636279820168,-0.3360236350614468,0.27194864937491847,0.7779818053106873,-0.27244909852573007,-0.014834899633295318,7275.509014742687
H1,27,5.0,H4,50,short,1.0,317,14.895696642223081,-0.487821866457518,0.5170472544012299,0.6855335449840059,0.305993690851735,-0.0021514509009973003,-0.2972239074043577,0.26044282522818774,0.7983775748408666,-0.24713540658807676,-0.013250357479659747,7528.645934119233
H1,27,5.0,H4,80,both,0.0,477,22.3335790283297,0.3011472884417472,0.15141203878942533,1.1899334608259173,0.37945492662473795,0.0010481472988924407,0.40777155638279144,0.1218975869355422,1.2795179309510003,0.5545648750180308,0.020872024430992342,15545.648750180284
H1,27,5.0,H4,80,both,1.0,457,21.397160620433276,0.2714217607039166,0.1514120387894251,1.173903388230178,0.3785557986870897,0.0009730693105407931,0.3990527991503008,0.11814068792189214,1.2795322533756108,0.5393236645337682,0.020401199568690354,15393.236645337716
H1,27,5.0,H4,80,long,0.0,282,13.251061366267852,0.5774686923749252,0.18165045466802543,1.5566291349590486,0.44680851063829785,0.002823442935328373,0.6754453849892692,0.08174359340228798,1.730349119628886,0.8899665437669293,0.030363492778481493,18899.665437669344
H1,27,5.0,H4,80,long,1.0,267,12.546217676572752,0.5663328821423416,0.18165045466802576,1.564050200491614,0.45318352059925093,0.0028611161596452527,0.6773466974651421,0.08184182476156332,1.7556134454339445,0.861635505833475,0.02963248518524697,18616.355058334782
H1,27,5.0,H4,80,short,0.0,291,13.681007851718368,-0.4434367586202453,0.5081643019740417,0.7016688794490026,0.30927835051546393,-0.0020109215508791207,-0.34580746620838604,0.2840524660129815,0.7646590842652731,-0.25803149488648447,-0.013933210774219162,7419.685051135152
H1,27,5.0,H4,80,short,1.0,277,13.185748729310571,-0.5008940983320327,0.5076382517722928,0.6644924679328931,0.2996389891696751,-0.002327509126739965,-0.38102816253749977,0.28301687293698896,0.7382810034882351,-0.2756256599811875,-0.015231917543938045,7243.7434001881265
H1,27,5.0,H4,120,both,0.0,535,25.02994107851928,0.5063338552153301,0.2029838009679541,1.3489580430217056,0.3925233644859813,0.00193759218664366,0.5688004898277351,0.13038628503372462,1.4123663524947365,1.0844857036113753,0.034961856772485866,20844.85703611376
H1,27,5.0,H4,120,both,1.0,513,24.00067247342129,0.45572246503492725,0.20298380096795376,1.3178364341417224,0.38596491228070173,0.0017986875827883829,0.5318699415653156,0.1258785308760939,1.3871723128632474,0.9702363279627411,0.032236046828349796,19702.363279627425
H1,27,5.0,H4,120,long,0.0,305,14.269405661585758,0.7149344046924533,0.19747801666127152,1.6957648821929785,0.4491803278688525,0.003497765524570364,0.7646191719006743,0.1429641249716722,1.833114075529114,1.2059735530171452,0.037708366692768,22059.735530171507
H1,27,5.0,H4,120,long,1.0,289,13.520846676059946,0.6736599050447172,0.1974780166612724,1.670645946153915,0.4463667820069204,0.0034131316169553694,0.728541008819662,0.14254108602942972,1.8102934209582071,1.1155100202409027,0.03567745912366216,21155.10020240904
H1,27,5.0,H4,120,short,0.0,282,13.257883897541513,0.06156271760571616,0.2207019581348897,1.055342033194062,0.33687943262411346,0.00032444093026064207,0.0867295948205596,0.1494055506380293,1.0770459859462713,0.06247037287019053,0.0028529431406514316,10624.703728701887
H1,27,5.0,H4,120,short,1.0,272,12.787746170678338,0.06389233518270912,0.22070195813488902,1.0586948133596976,0.33455882352941174,0.0003477875819471689,0.08823271330096756,0.14928065495486964,1.0796009684243453,0.06380958012019122,0.002912335778831876,10638.09580120189
H1,27,5.0,D1,20,both,0.0,583,27.338650661188854,0.6819341225037656,0.14145210450179047,1.4772642820473108,0.41337907375643224,0.0026294636875392454,0.7345971553911733,0.0838781432242176,1.5417875303366977,1.6110695901760033,0.04603421463587187,26110.695901760097
H1,27,5.0,D1,20,both,1.0,559,26.213217357812297,0.6528278320016588,0.14145210450179047,1.4660066252593738,0.41144901610017887,0.002599869159892125,0.7087596844387641,0.08417210208610304,1.5252008257571343,1.5138063757061637,0.044173776127202524,25138.063757061664
H1,27,5.0,D1,20,long,0.0,343,16.047233252209555,0.7914357127828182,0.17147372121015225,1.7416541792280815,0.45481049562682213,0.003638884363776123,0.8046240633722178,0.11251900999359232,1.8193157864972382,1.2768193243912864,0.03924416419856147,22768.193243912872
H1,27,5.0,D1,20,long,1.0,325,15.20510439349302,0.7468721705269112,0.17147372121015203,1.7167216058891785,0.4523076923076923,0.003558966159326923,0.7640391777587056,0.1255663362780869,1.7906984517166518,1.179286874545023,0.03711763236388688,21792.868745450236
H1,27,5.0,D1,20,short,0.0,298,13.999292604501608,0.16079874537185632,0.17014083121059909,1.1466826356593576,0.34563758389261745,0.0009066274007831774,0.19719853068472382,0.12204729047900631,1.184303899224386,0.1979151907957366,0.008519407916007804,11979.15190795736
H1,27,5.0,D1,20,short,1.0,289,13.576495176848875,0.1667478386459392,0.1701408312105983,1.1550578456949563,0.3460207612456747,0.0009668011857760378,0.20033424731144325,0.1217748297335487,1.1897635832969788,0.20096801192073843,0.008640001037269363,12009.680119207364
H1,27,5.0,D1,32,both,0.0,645,30.331691772885282,0.5028913951236859,0.2971423900380852,1.2989657349498231,0.4,0.0016640400819209406,0.5895466504416594,0.16223080452401606,1.3753302336563011,1.1591578821156987,0.036859754259630506,21591.57882115701
H1,27,5.0,D1,32,both,1.0,616,28.967941290073387,0.45113108674380115,0.29714239003808507,1.2723713968636376,0.3961038961038961,0.0015440700139623805,0.5543123923488954,0.1585064472645734,1.3586769272753518,1.0635705793078283,0.034654260273859316,20635.705793078305
H1,27,5.0,D1,32,long,0.0,383,18.01323074942055,0.7121772036345372,0.22156401029296136,1.6047346898352237,0.4516971279373368,0.0029876888956552696,0.7612367439269474,0.13586506614233707,1.697060276836819,1.1995647882278213,0.03776915880203391,21995.64788227821
H1,27,5.0,D1,32,long,1.0,365,17.166655936131857,0.641832954365389,0.2215640102929609,1.5515572865047507,0.4465753424657534,0.0027757585359606566,0.7169954436678818,0.13688263757617902,1.6742267392164103,1.1185645722124384,0.03593945019564093,21185.64572212442
H1,27,5.0,D1,32,short,0.0,310,14.642118194749774,0.007366874735871064,0.29625894749350035,1.005594522963247,0.3387096774193548,3.4567123998707674e-05,0.04735137272421068,0.1886527696879302,1.03757988648727,0.02444440784677271,0.0011413391229679881,10244.444078467717
H1,27,5.0,D1,32,short,1.0,297,14.028093883357041,-0.012330741810975484,0.2962589474935009,0.9904875573862236,0.3333333333333333,-5.9981560202937174e-05,0.03253906573539775,0.19060706959684148,1.0260695288073685,0.010359959880135383,0.0004869294211495845,10103.599598801346
H1,27,5.0,D1,50,both,0.0,671,31.800019462826004,0.2518081250168995,0.26731669378076217,1.1339493860461998,0.37257824143070045,0.0007871261504220977,0.30759027083277174,0.13557158419141946,1.168284178409515,0.4576751649689166,0.01801975902517894,14576.751649689202
H1,27,5.0,D1,50,both,1.0,645,30.56782794861814,0.22646919247423822,0.26731669378076184,1.1226623521196886,0.3736434108527132,0.0007261884769093834,0.30299480996420786,0.14363288482697734,1.1700028169890921,0.45066868717445585,0.017787326808613058,14506.686871744563
H1,27,5.0,D1,50,long,0.0,396,18.85529917872507,0.48671212753070586,0.17070077066957878,1.3672263977906407,0.41414141414141414,0.0019785486347420043,0.5540374982325885,0.1287663973567187,1.4409026608944566,0.7705340878157794,0.027574539305537327,17705.34087815781
H1,27,5.0,D1,50,long,1.0,381,18.14108330074306,0.44527072755977526,0.17070077066957945,1.3409576408108481,0.4120734908136483,0.0018542116179424493,0.5333971199542556,0.123426228017252,1.4334817328904592,0.7298404271781245,0.026437506497732466,17298.404271781266
H1,27,5.0,D1,50,short,0.0,303,14.440337943632569,-0.1225050443674252,0.26587936492677355,0.9114039374767788,0.3234323432343234,-0.000569192570318407,-0.09180701994470268,0.1947439733767079,0.9325330558669526,-0.09397509190793474,-0.004692240761123956,9060.249080920657
H1,27,5.0,D1,50,short,1.0,291,13.868443371607516,-0.10723194576910657,0.26587936492677333,0.9205018554665509,0.32989690721649484,-0.0005130243899087552,-0.08867178711863243,0.1972103836814033,0.9339238053454423,-0.09030840043835253,-0.004500642824260992,9096.915995616459
H1,27,5.0,D1,80,both,0.0,703,33.74566303062163,0.41796781208090955,0.20511677152441432,1.2304339717520918,0.38264580369843526,0.0013238926036786755,0.5723404801311095,0.11151174009513876,1.3466131015307508,1.2635277908990674,0.03999334249387698,22635.27790899065
H1,27,5.0,D1,80,both,1.0,683,33.06371769383698,0.4369941250719094,0.20481223147274885,1.2448065448602526,0.38799414348462663,0.0014117650298159957,0.5938229058625326,0.11075424367514808,1.368051092060376,1.3232791781924655,0.041652358166061276,23232.791781924636
H1,27,5.0,D1,80,long,0.0,404,19.392955710343013,0.6045353843332817,0.18919153763874985,1.4611881496755452,0.43564356435643564,0.002522303835671527,0.7361524954251802,0.10429480070183328,1.6342692651606956,1.2985578478516007,0.040760296338814506,22985.578478516007
H1,27,5.0,D1,80,long,1.0,391,19.28859400324149,0.6169050495765509,0.1891915376387503,1.474790296893497,0.4398976982097187,0.0026034639875848957,0.7489232634830417,0.1038412021765861,1.6485106254266642,1.2993937356983079,0.041930876011421425,22993.937356983068
H1,27,5.0,D1,80,short,0.0,323,15.95344827586207,-0.05582233292268337,0.22458456999206622,0.9585047569464318,0.3157894736842105,-0.00025520321170508794,0.1441734961446472,0.11963153905815183,1.126258432533452,0.13635013849360011,0.006333263662182453,11363.501384935991
H1,27,5.0,D1,80,short,1.0,315,15.558316430020286,-0.04175039959683534,0.22458456999206566,0.9684696032583519,0.32063492063492066,-0.00019537963261288363,0.15360052114180983,0.12043772642755879,1.1356632178690091,0.14686207742604895,0.006791049392606663,11468.620774260486
H1,27,5.0,D1,120,both,0.0,724,35.16502659574468,0.2310522901777918,0.34213561521717684,1.1168024394726328,0.3756906077348066,0.0006842777197922573,0.37709800379870206,0.23268411645665277,1.2018053913797746,0.6561426004883868,0.024806052210374796,16561.426004883928
H1,27,5.0,D1,120,both,1.0,707,34.877329821717986,0.20932361947136763,0.34213561521717595,1.105824776833874,0.37482319660537483,0.0006257849740455065,0.37273796249514785,0.23723469165894606,1.1969657169217023,0.6249492648925195,0.02423834738313735,16249.492648925194
H1,27,5.0,D1,120,long,0.0,422,20.496742021276596,0.5314404208944697,0.2564606581431004,1.3898449341708308,0.4265402843601896,0.002188205124051633,0.6650968844343035,0.17028915162021752,1.5157065622405705,1.0576915188339395,0.03566912550247903,20576.915188339415
H1,27,5.0,D1,120,long,1.0,412,20.324554294975687,0.4966122301846801,0.2564606581431005,1.363411581299619,0.4223300970873786,0.002060275287392169,0.6367913733093263,0.1636776705921117,1.4924599188050396,0.9725415012115493,0.034079826018118764,19725.415012115544
H1,27,5.0,D1,120,short,0.0,322,16.04727793696275,-0.358901432037737,0.38674340680525765,0.7753335593894138,0.30745341614906835,-0.0013959350677871637,-0.1522367640929697,0.20668833588490176,0.8942389808116106,-0.14017785624491996,-0.00749850236407279,8598.221437550783
H1,27,5.0,D1,120,short,1.0,315,15.959737827715356,-0.3447933066215893,0.3744198037551194,0.7831214659908933,0.3111111111111111,-0.0013583779059132461,-0.15200062190926406,0.2063964050411754,0.8949140084379268,-0.13864485453325792,-0.007533275237437187,8613.551454667424
H1,27,2.0,none,0,both,0.0,4756,220.75600457491424,0.5656216609987207,0.2770311856546157,1.135396164992899,0.26640033641715727,0.0003232901159478837,0.6227490518681149,0.2018624304386082,1.1538561594982057,2.2946722563068715,0.05690252679971186,32946.72256306867
H1,27,2.0,none,0,both,1.0,4581,212.66017412303,0.5036915140569388,0.27703118565461526,1.1222286260209247,0.2641344684566688,0.0002948747869058888,0.5831046236594174,0.2115524272003707,1.1452556493026758,2.180384384944389,0.055179189580656596,31803.84384944393
H1,27,2.0,none,0,long,0.0,4344,201.63248189096456,0.4789955000183902,0.4301753668904458,1.1273381514970002,0.24838858195211785,0.0002949334985693593,0.507717387580163,0.4002024708214095,1.1480625484013054,2.2163200501079223,0.0557224288593785,32163.200501078903
H1,27,2.0,none,0,long,1.0,4176,193.88381848226769,0.46495903060372895,0.4301753668904439,1.1261114353925052,0.24904214559386972,0.00029416140315087627,0.5045681618227859,0.4019171385578486,1.1489524312872774,2.210398182253252,0.05564665558593784,32103.981822532
H1,27,2.0,none,0,short,0.0,4345,201.6532719186785,-0.2847744557585214,0.5577775433139871,0.9362686781931671,0.24602991944764097,-0.0001536067570059968,-0.16670743123057302,0.5547565408876108,0.9611665205091171,-0.5329999964301981,-0.03472100030097136,4670.000035698035
H1,27,2.0,none,0,short,1.0,4178,193.95202084392477,-0.2978368353012042,0.5662633068094474,0.9320712431774176,0.24485399712781236,-0.00016533889837970752,-0.16530098369300578,0.5481227957913899,0.9611382247173723,-0.5297723731808404,-0.03442098739183885,4702.276268191633
H1,27,2.0,H4,20,both,0.0,2962,137.64255725190839,0.15940826764120625,0.26603366666564265,1.048954005227985,0.24679270762997974,0.00011039092520004829,0.1439879563094964,0.265097652725202,1.0438551820485136,0.22862232358668022,0.00961367731459517,12286.223235866697
H1,27,2.0,H4,20,both,1.0,2849,132.3915076335878,0.1577109576694497,0.2660336666656421,1.0493969106914212,0.2464022464022464,0.00011253839234476352,0.14463138838283934,0.2634821670949554,1.0445307820189762,0.23020293812749149,0.00967399771827826,12302.029381274826
H1,27,2.0,H4,20,long,0.0,1406,65.36101565483008,0.37047118119375083,0.17711351960063604,1.1759034497399408,0.2553342816500711,0.00039518372954275576,0.3919106360850129,0.16775637059925708,1.1866314657535366,0.6921900351082289,0.024754803120630386,16921.900351082233
H1,27,2.0,H4,20,long,1.0,1345,62.52529591447117,0.3971195972567419,0.1771135196006377,1.193927475283869,0.2572490706319703,0.0004393424278074964,0.40292747685733565,0.16627681048165455,1.1949058211158217,0.7114721823465529,0.025294700720623897,17114.721823465497
H1,27,2.0,H4,20,short,0.0,2055,95.56770435446907,-0.1344766972295503,0.31737153327133016,0.9537270547679719,0.24038929440389295,-0.00010590192141753585,-0.1533472622604168,0.3977824740242848,0.9471323018649197,-0.3344560588686596,-0.018756393331797683,6655.439411313428
H1,27,2.0,H4,20,short,1.0,1977,91.94031703590528,-0.15582289857115655,0.31737153327132983,0.9454229448351179,0.23773394031360648,-0.00012620580266630707,-0.16264987897272068,0.4009748886460083,0.9434377431286061,-0.34815993038661863,-0.019705341810849375,6518.400696133864
H1,27,2.0,H4,32,both,0.0,3138,145.9325821237586,0.0805305594131047,0.34032201611847834,1.023302729870599,0.24760994263862332,5.347135067618901e-05,0.1200379643418679,0.3701377884506608,1.0356315965214216,0.1713702683623648,0.007383008268778468,11713.702683623525
H1,27,2.0,H4,32,both,1.0,3016,140.25897631779986,0.07543670594260722,0.3403220161184778,1.02227422326408,0.2473474801061008,5.162140910518229e-05,0.11603191533629471,0.37350582335994553,1.03474126308305,0.15979124918443577,0.006917715173023975,11597.91249184438
H1,27,2.0,H4,32,long,0.0,1418,65.98604917823927,0.3931462321547667,0.36699696413152894,1.1787864155941552,0.27080394922425954,0.0004044946809110934,0.42579625473373506,0.4230185097039788,1.196673584413801,0.9137293326338085,0.030664207352711026,19137.293326337993
H1,27,2.0,H4,32,long,1.0,1358,63.193973754618426,0.4330887257837157,0.36699696413152727,1.2032646308023418,0.27393225331369664,0.00046220622992114023,0.43779097173282444,0.41701210976647496,1.2047909329690782,0.9305766633880048,0.03108467016405636,19305.766633880063
H1,27,2.0,H4,32,short,0.0,2027,94.26556531703591,-0.20822191636613271,0.4080046924234192,0.9291156358557484,0.23630981746423285,-0.0001646359745821637,-0.19357254111042377,0.4185254522994033,0.9310219739682181,-0.3961931482862966,-0.023188709574424315,6038.068517137068
H1,27,2.0,H4,32,short,1.0,1947,90.5451680672269,-0.23296323617238354,0.4221003175268029,0.919286843120582,0.2352336928608115,-0.00018937556069581403,-0.19440309615001927,0.42680447912623753,0.9298059109547663,-0.4003104384122613,-0.023499479701103998,5996.8956158774
H1,27,2.0,H4,50,both,0.0,3390,157.89307574598317,0.13981952241768766,0.300102909646632,1.0395040574665206,0.24572271386430677,8.992197802299075e-05,0.19189478322568618,0.3243432023721132,1.054679244912383,0.3986260697594417,0.015748564736964177,13986.26069759435
H1,27,2.0,H4,50,both,1.0,3260,151.87691326530611,0.16053270610656062,0.30010290964663333,1.046436792492053,0.2469325153374233,0.00010646417626385424,0.20071122382514509,0.319226095501734,1.0578288396988538,0.4227049162612422,0.016560698594603185,14227.049162612395
H1,27,2.0,H4,50,long,0.0,1590,74.08438576349023,0.2746655948127034,0.32374637736387457,1.11782832295824,0.2572327044025157,0.00025944143619840076,0.297638095737403,0.3703965701607621,1.1277513709950462,0.5514379087441008,0.020674041629308748,15514.379087440964
H1,27,2.0,H4,50,long,1.0,1521,71.02342751214523,0.2979588308617602,0.32374637736387546,1.131508303573055,0.2590401051939514,0.0002912448673920708,0.3075676942916583,0.3639020602613813,1.1338210006059128,0.5686079314944887,0.02124416454378686,15686.079314944884
H1,27,2.0,H4,50,short,0.0,2008,93.54872448979592,-0.1022344006917518,0.34128143102351105,0.9644132140179434,0.2350597609561753,-8.32240812379786e-05,-0.09456586539600093,0.3710645297145684,0.9661109423575724,-0.26095944845955266,-0.013989553988858927,7390.405515404499
H1,27,2.0,H4,50,short,1.0,1932,90.00803571428571,-0.12333457762272032,0.3390458071172644,0.9563271082929932,0.234472049689441,-0.00010317463699386831,-0.0936497142855863,0.3758056310337682,0.9660481056853704,-0.2619147089911704,-0.014048966373994776,7380.852910088326
H1,27,2.0,H4,80,both,0.0,3589,167.37515960163432,0.29092511556427636,0.24226251619418715,1.0800128683793657,0.24937308442463083,0.0001822559549850658,0.35421815740963425,0.20231145357158065,1.0996434122578518,0.9319831501483902,0.03118820404970135,19319.831501483968
H1,27,2.0,H4,80,both,1.0,3449,160.84617594484166,0.2845486951399353,0.24226251619418637,1.079937031848077,0.2496375761090171,0.0001835642890345771,0.35085178853192506,0.20486161065808384,1.099900108691077,0.9206235089069019,0.03090464927570502,19206.235089069134
H1,27,2.0,H4,80,long,0.0,1715,80.08229992329328,0.3532150479040495,0.2002632140439886,1.1462796247563445,0.2559766763848397,0.00032443275372052375,0.438132532453462,0.2611812387857396,1.1875117294340976,1.0095913384045039,0.033126931024616724,20095.91338404498
H1,27,2.0,H4,80,long,1.0,1632,76.20659677831756,0.385902892454127,0.2002632140439896,1.1652401771825744,0.25857843137254904,0.0003688813566162956,0.4476730138761825,0.26157277129205214,1.194609579017553,1.0216300764738517,0.03341510997759589,20216.30076473854
H1,27,2.0,H4,80,short,0.0,2027,94.5303562308478,0.017559743000300426,0.3301712883099295,1.0061159301166362,0.24124321657622103,1.4276669918460959e-05,-0.03444165986790523,0.32794713768358263,0.9883060687814702,-0.11943692772005743,-0.005914197069805338,8805.630722799433
H1,27,2.0,H4,80,short,1.0,1967,91.73222037793667,-0.01816569096202906,0.33017128830992737,0.9936027619212416,0.23995932892730046,-1.5055051100774512e-05,-0.0452849084662492,0.3280938364593722,0.9845433571353761,-0.13815808967848153,-0.0069099560192877885,8618.419103215207
H1,27,2.0,H4,120,both,0.0,3724,174.1378824734349,0.4751645094383139,0.22668604386787095,1.1367245986087897,0.2604726100966702,0.0003107015449836303,0.5330935639285033,0.16757304340811618,1.174362176054033,2.0380734440746715,0.05333561119100172,30380.734440746444
H1,27,2.0,H4,120,both,1.0,3578,167.3107796696966,0.45152450567355457,0.2266860438678724,1.1324728885618136,0.25992174399105644,0.0003037752342052048,0.5225531959888458,0.1689423315803502,1.1734241729918227,1.997675627258281,0.05267647123963637,29976.756272582654
H1,27,2.0,H4,120,long,0.0,1809,84.6122742988859,0.55625321281279,0.2333951265934351,1.2521862422406167,0.2697622996130459,0.0005454703877383693,0.5285083310015143,0.23447782993851818,1.291347566782501,1.7874409697064388,0.04911617971235582,27874.409697064217
H1,27,2.0,H4,120,long,1.0,1722,80.54302727621975,0.5404532100793303,0.23339512659343553,1.2513051064217386,0.2694541231126597,0.0005488321762859419,0.5201308968312106,0.23765866811560232,1.2907899922572454,1.7639803924370008,0.04870151256676958,27639.803924369957
H1,27,2.0,H4,120,short,0.0,2020,94.61464478071301,0.052243379239083475,0.23599201083293975,1.0184318313442136,0.24653465346534653,4.3523093900936367e-05,0.08640024266842379,0.2622899409877042,1.0310163951116271,0.08473071449513991,0.0038167585219492928,10847.3071449514
H1,27,2.0,H4,120,short,1.0,1958,91.71063093100796,0.037923399283708775,0.23599201083293964,1.0135838786489144,0.245658835546476,3.232568358384398e-05,0.07986065838420203,0.26225866775915097,1.02882222141774,0.07213262095195039,0.0032676480077886705,10721.326209519506
H1,27,2.0,D1,20,both,0.0,3980,186.10869286903088,0.29611516820965805,0.26938924068902603,1.0795218929938395,0.2577889447236181,0.00018770130440531332,0.36981142071542467,0.23296969460676475,1.1184294636997065,1.4704903497649666,0.04319843011673519,24704.90349764944
H1,27,2.0,D1,20,both,1.0,3827,178.95426321853796,0.26357670645326553,0.26938924068902637,1.0720109194262288,0.25712045989025345,0.0001716470180992629,0.3573590160510012,0.24476573558215542,1.111762164246315,1.3667485013235456,0.04110784417915214,23667.4850132355
H1,27,2.0,D1,20,long,0.0,2296,107.37695262483994,0.4492144651119754,0.26204381446993175,1.1725518192327282,0.25435540069686413,0.00038903386821285973,0.44310718516481823,0.2919346851081146,1.2067619177877857,1.6444064230608895,0.046528376031093055,26444.064230608696
H1,27,2.0,D1,20,long,1.0,2198,102.7937900128041,0.4231088443783773,0.2620438144699301,1.1658565416744011,0.2538671519563239,0.0003773006663299055,0.4337185795335119,0.2967269584286518,1.2049565466538605,1.613728869806578,0.04595742930029756,26137.288698065546
H1,27,2.0,D1,20,short,0.0,1987,93.08089649865332,-0.11069264441047579,0.2700577005295649,0.9629196724085995,0.2591847005535984,-9.148938603110657e-05,0.010229530839877973,0.29554486725956153,1.003591389196718,-0.06424995226059094,-0.003105992781557654,9357.500477394153
H1,27,2.0,D1,20,short,1.0,1924,90.12966525586764,-0.13138928724447171,0.27224381813789034,0.9553754437908354,0.2577962577962578,-0.00011117796083171123,0.006685417762221564,0.3031942734749986,1.0023681223988243,-0.07210431229709868,-0.0034995482470205896,9278.956877029064
H1,27,2.0,D1,32,both,0.0,4049,190.16294843770092,0.14461525252857035,0.3732691244605362,1.0381877277787974,0.24203507038775007,9.204892101150844e-05,0.22787293750527157,0.30399911784563594,1.0697353535532124,0.6385344117648526,0.023462639497987325,16385.344117648387
H1,27,2.0,D1,32,both,1.0,3893,182.8363443487206,0.08508360424917114,0.37326912446053895,1.022799670646325,0.23966092987413307,5.5563669833477554e-05,0.21573966498713204,0.31455055790772146,1.06656488870849,0.5956069180932833,0.022187342196785087,15956.069180932722
H1,27,2.0,D1,32,long,0.0,2361,111.01380664263645,0.2850042053508477,0.2571071789388316,1.1043628989724619,0.24184667513765354,0.0002467138215757473,0.331286760430291,0.21689364811565648,1.1453537748616158,1.051040006690922,0.03435345406681645,20510.40006690886
H1,27,2.0,D1,32,long,1.0,2272,106.82904222451081,0.24733043098073246,0.2571071789388323,1.0920260535708364,0.24075704225352113,0.00021936493895463718,0.3219334566712209,0.22313481262838408,1.1423612351917505,1.0213486534149125,0.03364449760814425,20213.486534149026
H1,27,2.0,D1,32,short,0.0,1906,89.51607303587502,-0.13501251717338544,0.3954541600056518,0.9524924863932042,0.2439664218258132,-0.00011574768074829816,-0.10371371143876497,0.36145613566392787,0.9630662351870171,-0.23678514067524759,-0.012610602349195421,7632.148593247512
H1,27,2.0,D1,32,short,1.0,1830,85.94670181303846,-0.18586414233056553,0.39545416000565325,0.933727097419859,0.23989071038251367,-0.00016385804841610401,-0.11447461586054758,0.36156010789576654,0.958694209111807,-0.25876361174100937,-0.013964696539708221,7412.363882589937
H1,27,2.0,D1,50,both,0.0,4066,192.17216614906832,0.16806654952949784,0.319375509192779,1.0438727171002622,0.24299065420560748,0.00010513471150606804,0.28911654422757427,0.27920750917466974,1.0900949905116477,0.959410718284248,0.03230203765802164,19594.10718284226
H1,27,2.0,D1,50,both,1.0,3922,185.3662655279503,0.1793602983315496,0.3193755091927769,1.0477581569125545,0.24400815910249873,0.00011524121859836549,0.29416891329065575,0.2765015632587027,1.0927051612810215,0.9773516573568741,0.032746835237752236,19773.516573568628
H1,27,2.0,D1,50,long,0.0,2340,110.5958850931677,0.3060763655663881,0.3104808534566109,1.111590650419596,0.23803418803418802,0.00025821498502714936,0.3869876292691252,0.33892217023770943,1.1769480962732397,1.4070279265700814,0.04238947683785499,24070.27926570059
H1,27,2.0,D1,50,long,1.0,2248,106.24767080745342,0.31528070215392195,0.31048085345661014,1.1175144041385847,0.2411032028469751,0.00027348380673686794,0.39037499621939825,0.33709818691748294,1.1809219978172707,1.4167169045528505,0.04258741000854882,24167.16904552825
H1,27,2.0,D1,50,short,0.0,1894,90.13465798045603,-0.13668073269038417,0.3559011068253134,0.9522063259710843,0.24656810982048574,-0.00011882660146066376,-0.08487055841688422,0.3695512897611898,0.9703175324652918,-0.2075083242062341,-0.011007038104421829,7924.91675793766
H1,27,2.0,D1,50,short,1.0,1838,87.46964169381107,-0.1369104588096819,0.35590110682531384,0.9513574407872343,0.2442872687704026,-0.0001220107174213587,-0.08420988908801962,0.36911432857185267,0.9703268834674992,-0.20602024204969904,-0.010918740442601105,7939.797579503035
H1,27,2.0,D1,80,both,0.0,4057,194.03158962943564,0.21880289025332775,0.24600267300730116,1.0567620832160682,0.24673403993098347,0.0001356237918214302,0.33738072240743044,0.21533810265586617,1.1046224306246866,1.2377628884930783,0.039274658306753585,22377.628884930557
H1,27,2.0,D1,80,both,1.0,3948,189.36401838476692,0.23444423651674584,0.24600267300730072,1.0616272642279119,0.24797365754812564,0.0001480011702190354,0.3418299856388257,0.21284797833021063,1.1069645205124536,1.2479413157574366,0.03961660018841373,22479.41315757432
H1,27,2.0,D1,80,long,0.0,2253,108.06411687458963,0.45063054876630887,0.24150928929677995,1.168259378929194,0.24766977363515313,0.0004018549044598469,0.4909455770062925,0.2699883463124083,1.217438304447969,1.855269281345147,0.051610476213567624,28552.692813451427
H1,27,2.0,D1,80,long,1.0,2194,105.24802994483846,0.4472826374941969,0.24150928929678062,1.169092692675206,0.2497721057429353,0.0004054614735104914,0.4917598660891559,0.2701298235953371,1.219698016162644,1.857331538101365,0.05165385007256118,28573.31538101342
H1,27,2.0,D1,80,short,0.0,1939,92.73533455545372,-0.21037185837614236,0.3775460670841124,0.9277237788609759,0.24136152656008253,-0.00017221897975542086,-0.12399310415557657,0.4235911675316494,0.9570275566642501,-0.27154968152092496,-0.01503887858164843,7284.503184790792
H1,27,2.0,D1,80,short,1.0,1887,91.01105902548527,-0.17796502010061824,0.37754606708411187,0.9379849861150944,0.24165341812400637,-0.00014869432229080274,-0.12060053001531368,0.42426991044788465,0.9581860146082998,-0.26142295757334755,-0.014509013539064974,7385.770424266529
H1,27,2.0,D1,120,both,0.0,4041,196.19503522530903,0.23847704399594735,0.36098560697111914,1.0622305100816347,0.24672110863647612,0.00014978605672986221,0.37691251331453357,0.32860748187252975,1.1137126120131358,1.5697377968124453,0.0468888077128542,25697.377968124194
H1,27,2.0,D1,120,both,1.0,3964,192.55898390743448,0.23418410936649572,0.36098560697111426,1.0616432443042285,0.2472250252270434,0.0001489197836804074,0.3774980493988153,0.3286377757172835,1.114497643421872,1.5715576981200843,0.04695033233779755,25715.57698120056
H1,27,2.0,D1,120,long,0.0,2253,109.38565067127475,0.4307457995478827,0.3108391501321617,1.1592641181417336,0.25166444740346205,0.0003861273047742257,0.5055588314680223,0.3297912108303205,1.2150272425509083,1.9647753102002148,0.054182312218360895,29647.753102001938
H1,27,2.0,D1,120,long,1.0,2201,106.91784146828034,0.41201657649114365,0.3108391501321609,1.1536492318950091,0.2526124488868696,0.00037428378196740505,0.4984504295854879,0.3356245833411844,1.2127027891010491,1.9431903896649034,0.053837771526950906,29431.90389664892
H1,27,2.0,D1,120,short,0.0,1893,93.5993299038852,-0.1698991943071578,0.3874540125474879,0.941149665273607,0.2398309561542525,-0.00013979031927642302,-0.11386577709669142,0.395673704404749,0.9603325798087754,-0.25730271518385095,-0.014600596596677895,7426.972848161497
H1,27,2.0,D1,120,short,1.0,1867,94.22713140804201,-0.15079383470749297,0.3874540125474867,0.947763416917262,0.2399571505088377,-0.00012439183910181335,-0.11639901526413828,0.39996250481048035,0.9598190483854829,-0.25634430606091796,-0.014836835978313423,7436.556939390831
H1,27,1.5,none,0,both,0.0,6385,296.33052731893264,0.3307596199865145,0.3351056780576249,1.0712513304359021,0.23476898981989036,0.00014524370132165202,0.4216314919984332,0.3428783449180358,1.102785677254306,1.8521144376030567,0.04984331914340534,28521.144376030614
H1,27,1.5,none,0,both,1.0,6169,286.30587674714104,0.2764724104168486,0.33510567805762725,1.0603008348808167,0.2324525855081861,0.00012430214592525952,0.3932709932420983,0.3667934341405382,1.0962355939032133,1.7433195977190774,0.04795007186306122,27433.195977190557
H1,27,1.5,none,0,long,0.0,5634,261.50953107129243,0.4719383379208462,0.4619280145606969,1.115575865076465,0.2192048278310259,0.00022966787375670278,0.5126820496804502,0.4346092262660681,1.1358608893872533,2.3981641786075776,0.05842089900046399,33981.641786075284
H1,27,1.5,none,0,long,1.0,5432,252.1975340027965,0.4438455819958392,0.4619280145606971,1.1103715320801424,0.2187039764359352,0.0002210143761360704,0.4977439518290944,0.4443048561982279,1.1330208618633741,2.3515570738666534,0.057757739589841206,33515.57073866604
H1,27,1.5,none,0,short,0.0,5635,261.5227128335451,-0.32610653625575514,0.5839709110458531,0.9327448930369328,0.2360248447204969,-0.00013167836800207495,-0.21637859029759776,0.7026753715876113,0.9536579664673263,-0.69342117248927,-0.053391921907553264,3065.7882751072507
H1,27,1.5,none,0,short,1.0,5435,252.24062897077508,-0.3196563583391328,0.5746402768906208,0.9327958751377666,0.23587856485740571,-0.00013278315975794746,-0.21688009914001052,0.7003632922751153,0.9532558264059364,-0.691111925724407,-0.053062191498817635,3088.8807427559004
H1,27,1.5,H4,20,both,0.0,4185,194.4499745579443,0.03147509124536653,0.30388117976894236,1.0083406024505563,0.22867383512544803,1.5822432347683596e-05,0.08805047170422835,0.3208409618549637,1.024296692437395,0.08271924233499806,0.0036995497097842556,10827.19242334995
H1,27,1.5,H4,20,both,1.0,4030,187.2481236483908,0.03960448024606981,0.30388117976894524,1.0107006197422068,0.22878411910669974,2.0439274262122817e-05,0.08871246141486475,0.3223747718869031,1.0247425183618266,0.0846202155399991,0.0037813609584682606,10846.202155399928
H1,27,1.5,H4,20,long,0.0,1676,77.9026469839654,0.3833320300791577,0.19835131830960406,1.1801623491528923,0.22971360381861575,0.00033991811477868507,0.42761391917427793,0.18846436875995942,1.2101861676964862,0.8054288704537107,0.027841592826181483,18054.28870453709
H1,27,1.5,H4,20,long,1.0,1605,74.60247518452533,0.3845181937636136,0.19835131830960395,1.1843234628968178,0.2292834890965732,0.00035063339651942096,0.42288450838627667,0.1903330354786671,1.2103134249920184,0.7950587352906284,0.027566423170067855,17950.587352906252
H1,27,1.5,H4,20,short,0.0,3017,140.18054318788958,-0.4081764466576018,0.5468254263068599,0.8840447847189142,0.22340072920119325,-0.00022042822259844664,-0.4449062913153649,0.7340961362244041,0.8750011340563083,-0.7188577988538509,-0.05725303012452476,2811.4220114614727
H1,27,1.5,H4,20,short,1.0,2909,135.16247932832974,-0.40860189999810154,0.5468054260650207,0.8816998801184882,0.2227569611550361,-0.00022690841901790173,-0.44557171049468686,0.7336231718958943,0.8740079682843775,-0.7177465343793727,-0.05708021495444848,2822.5346562062505
H1,27,1.5,H4,32,both,0.0,4382,203.7847593582888,0.05655864256813846,0.41718513005227753,1.0144157616977767,0.22660885440438155,2.7469507232034235e-05,0.19091510910162554,0.46081539526713244,1.0517628565313084,0.4012260727143251,0.015812047527216988,14012.260727143184
H1,27,1.5,H4,32,both,1.0,4227,196.57648968678382,0.057150410990776966,0.41718513005227964,1.0148026959648735,0.2259285545303998,2.8421629006264793e-05,0.1850797659301385,0.46870762298346513,1.0506888795739582,0.38259205826685383,0.015179811046716063,13825.920582668501
H1,27,1.5,H4,32,long,0.0,1779,82.78503631035801,0.33332014839177543,0.3387390435284876,1.1422129901093707,0.2299044406970208,0.0002689345707175139,0.40907368396004823,0.33858457681917553,1.183909347583533,0.9243230035220407,0.030929005874276605,19243.230035220335
H1,27,1.5,H4,32,long,1.0,1710,79.57414957319403,0.3295120119681478,0.3387390435284888,1.1425892304012117,0.22807017543859648,0.00027194765495153986,0.397665181930185,0.34245242543981025,1.1796908334641711,0.893180371154183,0.030146558184010797,18931.803711541743
H1,27,1.5,H4,32,short,0.0,2940,136.7245989304813,-0.1424542450640541,0.3620245917006051,0.9575302696691717,0.22789115646258504,-8.032209306186913e-05,-0.10513390822782391,0.44399172765907025,0.9678019033986811,-0.2777741682127042,-0.015019588805857187,7222.258317872915
H1,27,1.5,H4,32,short,1.0,2839,132.02759740259742,-0.1433968428927632,0.3544638661311358,0.9564866743683504,0.22719267347657626,-8.299530747360475e-05,-0.11355255319282376,0.4528824550699604,0.9651493016698098,-0.28893001799668117,-0.015732401326352896,7110.699820033202
H1,27,1.5,H4,50,both,0.0,4640,216.1132364192808,0.08071477911515719,0.31458879497600634,1.0202053240844515,0.22349137931034482,3.8632177069854376e-05,0.24754840119687696,0.34774600120514254,1.0661857246654234,0.692868927127487,0.024821881707886906,16928.689271274747
H1,27,1.5,H4,50,both,1.0,4474,208.4347576530612,0.08152714027027623,0.33533631246368156,1.0207573450102039,0.22284309342869915,4.0005018485678395e-05,0.24671310130166563,0.3502975505034581,1.0665773741331024,0.689160819907467,0.02472360108321392,16891.60819907444
H1,27,1.5,H4,50,long,0.0,1993,92.86174894756984,0.4045741599671183,0.20300924746476467,1.1685964193131975,0.2222779729051681,0.00031631623463585705,0.5080608876994708,0.19177573807924853,1.2258727004121888,1.244327399146203,0.03838521195236111,22443.273991461876
H1,27,1.5,H4,50,long,1.0,1908,89.08308832928545,0.3917855927288671,0.20300924746476534,1.1659560560539697,0.22117400419287211,0.0003141684528303065,0.4994519575826765,0.1943190292312338,1.2244174126140523,1.2252208938674642,0.03805076000119989,22252.208938674576
H1,27,1.5,H4,50,short,0.0,2881,134.22005739795918,-0.22947167749632658,0.43165671485488966,0.9316814580609467,0.22596320721971538,-0.00013249218797598927,-0.17733820065532566,0.5221224284208762,0.9463015630028715,-0.45130851135611805,-0.027575660409085767,5486.914886438802
H1,27,1.5,H4,50,short,1.0,2789,129.93396045918368,-0.22179395374514274,0.4306126384775011,0.9327930733810298,0.22552886339189673,-0.00013136073622807372,-0.1751778746372264,0.5205446116198684,0.9466491202998013,-0.4456500899723259,-0.027110748085582448,5543.49910027672
H1,27,1.5,H4,80,both,0.0,4882,227.67498723186924,0.2743868823715546,0.3138956468686823,1.0677864928620202,0.23187218353133962,0.0001299375416814882,0.3592451170415409,0.28821549465760077,1.094329762849532,1.0919192560960784,0.03502014751801097,20919.192560960666
H1,27,1.5,H4,80,both,1.0,4710,219.653664453524,0.26713794550804953,0.31389564686868154,1.067143612854254,0.23121019108280255,0.0001296707462859878,0.353863712690877,0.2927505126021833,1.093612665154189,1.0761549627646403,0.0346550903507119,20761.549627646207
H1,27,1.5,H4,80,long,0.0,2206,102.99648472453023,0.47581973514431525,0.16170194731162513,1.1921371520429707,0.228921124206709,0.0003618869536651426,0.5450919192700003,0.17821431023532586,1.2328343039085268,1.4385709677113345,0.04249759390957952,24385.70967711331
H1,27,1.5,H4,80,long,1.0,2107,98.37424900933146,0.477041537060213,0.16170194731162357,1.1972253953033334,0.22781205505457996,0.0003742951149863503,0.5413653888015086,0.17934484579597598,1.234419753704148,1.4284942990316907,0.042296068227035244,24284.94299031673
H1,27,1.5,H4,80,short,0.0,2844,132.63163942798775,-0.06319526373239141,0.3309070771052848,0.9810464868320985,0.23241912798874825,-3.659096044650533e-05,-0.06480179624360799,0.35126842575835726,0.9803742994044553,-0.2055464452565675,-0.010673515558462077,7944.535547434351
H1,27,1.5,H4,80,short,1.0,2767,129.04069841675178,-0.07754997681375472,0.33090707710528644,0.9764419768628686,0.23202023852547884,-4.5813247482625725e-05,-0.07488635082360118,0.3599210267493913,0.9772397116994476,-0.22451696446347247,-0.011787965834235359,7754.830355365308
H1,27,1.5,H4,120,both,0.0,4976,232.62306412389606,0.35239478632071325,0.2904986803261165,1.0892762417480824,0.22709003215434084,0.00017367835488299232,0.4491487468113788,0.2699772919644434,1.127017353223133,1.8192180743373223,0.049646516667642526,28192.180743373254
H1,27,1.5,H4,120,both,1.0,4796,224.23694316436251,0.3277384245021911,0.29049868032611725,1.0843981974172106,0.22643869891576313,0.00016526708368738265,0.4369245000166794,0.2766919691303039,1.124829973136697,1.7818624443495836,0.04899860335918116,27818.6244434958
H1,27,1.5,H4,120,long,0.0,2341,109.48146606914213,0.47829115377341663,0.28222854512572115,1.1924735000395466,0.22469030328919265,0.0003694985966214217,0.48831221893932353,0.3292380487008487,1.224966531046933,1.691521895413906,0.04739307392606906,26915.21895413898
H1,27,1.5,H4,120,long,1.0,2241,104.81819054936611,0.4342629955304092,0.2822285451257217,1.1773231578724255,0.2222222222222222,0.00034353599471453325,0.4670551068963037,0.3369280913019589,1.216469738102195,1.6344319514303454,0.04634950482164113,26344.319514303344
H1,27,1.5,H4,120,short,0.0,2756,129.10465563678338,-0.0674022493931993,0.30458733728265985,0.9791097610171019,0.22568940493468795,-4.1118977873069e-05,-0.019224062265025717,0.39516657040947756,0.9938964517323053,-0.12391028177803742,-0.006177804503498363,8760.897182219654
H1,27,1.5,H4,120,short,1.0,2675,125.31021546748748,-0.05202799247207423,0.3045873372826574,0.9835570788266805,0.22654205607476635,-3.248921397067003e-05,-0.009633589821192154,0.3919685348473285,0.9969084628939393,-0.10547564853355951,-0.005207876491832297,8945.243514664451
H1,27,1.5,D1,20,both,0.0,5276,246.64776654294124,0.26651928951923765,0.33001852142166366,1.064608906902091,0.22896133434420016,0.0001277531522856424,0.3637809939121652,0.3269955396699834,1.1016749009825735,1.474017420609667,0.04325671434452483,24740.174206096428
H1,27,1.5,D1,20,both,1.0,5091,238.02966589861748,0.22485187059334585,0.3300185214216692,1.0552529407193794,0.22824592417992537,0.00011006182974099376,0.3460578531410833,0.34064283371842474,1.0972065733772403,1.4050623025866673,0.04188445575756172,24050.623025866524
H1,27,1.5,D1,20,long,0.0,3006,140.5455069124424,0.357337281854821,0.25791380459671287,1.121279910859806,0.22022621423819028,0.0002387721433025225,0.40345661680131495,0.30570711163772535,1.163004563176222,1.488623060262972,0.043549527242799035,24886.23060262939
H1,27,1.5,D1,20,long,1.0,2888,135.04570477531686,0.30753389939162906,0.25791380459671454,1.1056981231434186,0.21814404432132964,0.00020983619155490066,0.3878700999403816,0.3193167934694635,1.1571696013580384,1.4491121727392784,0.042774557219681375,24491.121727392445
H1,27,1.5,D1,20,short,0.0,2598,121.70315505963832,-0.0859706970213526,0.2864333036361777,0.9731274059921793,0.23787528868360278,-5.309921845352287e-05,-0.025283037377234502,0.3551916096822293,0.9918216790075527,-0.13401098782397047,-0.006717529141379686,8659.89012176032
H1,27,1.5,D1,20,short,1.0,2521,118.09609465178914,-0.07862158205882247,0.2864333036361767,0.9749801040815831,0.23879412931376437,-4.970259733066187e-05,-0.020129213312760998,0.35070968655264356,0.9934163505645769,-0.12492872126535282,-0.006231954539384188,8750.712787346523
H1,27,1.5,D1,32,both,0.0,5321,249.90295100938667,0.1801256098500761,0.3795512901775021,1.0440734839699335,0.22176282653636534,8.881072681013475e-05,0.2770107428003269,0.34628524092145974,1.0827471605071308,0.9579403793046157,0.03205889598557299,19579.403793046178
H1,27,1.5,D1,32,both,1.0,5134,241.12041918477564,0.11608657138156013,0.3795512901775029,1.0287252027793634,0.22010128554733152,5.845828019527945e-05,0.25535454750974956,0.36731531845256926,1.076962609471976,0.8735271519797432,0.02992497236235936,18735.27151979718
H1,27,1.5,D1,32,long,0.0,3069,144.37818778979909,0.31469385414936935,0.27348699896779505,1.1073459674278896,0.21277289019224502,0.00021716141671561016,0.37827677077497934,0.2631636087050113,1.1549969879544313,1.3806184493771316,0.04164806958535827,23806.184493771063
H1,27,1.5,D1,32,long,1.0,2961,139.3512756088133,0.2614617900136189,0.2734869989677926,1.0901435549236376,0.2110773387369132,0.0001838350479140393,0.3548227233717113,0.2755303748971486,1.1465140876941609,1.3008004135717388,0.03999399524848335,23008.004135717132
H1,27,1.5,D1,32,short,0.0,2501,117.46049247781922,-0.12210306054265754,0.37580086441962235,0.960578720990526,0.23310675729708116,-7.839862084884096e-05,-0.1282754448804126,0.43507101112053337,0.9585068005231574,-0.279834128727692,-0.015299268605768246,7201.658712723117
H1,27,1.5,D1,32,short,1.0,2413,113.32753632506109,-0.1514999191412931,0.3766158108807732,0.9504264382689528,0.23166183174471613,-9.98476706054942e-05,-0.13007294957645935,0.42999695735620747,0.9574980285614905,-0.2875038448242202,-0.01579431155463351,7124.961551757832
H1,27,1.5,D1,50,both,0.0,5330,251.912849378882,0.2281610195783264,0.3971449096897166,1.0555307716178672,0.22213883677298313,0.00011075163472607282,0.334632962320421,0.3516109310338722,1.095406855004728,1.2008769207029353,0.0379876142050215,22008.769207029203
H1,27,1.5,D1,50,both,1.0,5165,244.1144215838509,0.20721501534660242,0.3971449096897155,1.0510538680131862,0.22265246853823814,0.00010250938252340632,0.32375609143127904,0.35702150136592303,1.0926841780663807,1.161602590475363,0.037104640815734724,21616.025904753456
H1,27,1.5,D1,50,long,0.0,3015,142.49854425465838,0.44863187504389307,0.3184684778619026,1.1564670493574631,0.2155887230514096,0.0003096214588595993,0.47569075949205514,0.32726202304131513,1.190313939049965,1.7441817318533377,0.04886790067303415,27441.817318533183
H1,27,1.5,D1,50,long,1.0,2912,137.6304347826087,0.4134212988972918,0.3184684778618999,1.1456890533118758,0.21531593406593408,0.00029046907294740665,0.4619195787933461,0.33530317671020504,1.1862509045601524,1.7128597905286616,0.0482989792684938,27128.597905286424
H1,27,1.5,D1,50,short,0.0,2509,119.46450919045756,-0.2365547748194356,0.40004489101073915,0.9257233128401227,0.22997210043842167,-0.00014934244840769323,-0.19078939984414925,0.5055093977865323,0.9393498417458361,-0.378502445251914,-0.0223920068551432,6214.975547480894
H1,27,1.5,D1,50,short,1.0,2443,116.32195932733673,-0.21931236061746742,0.4000448910107367,0.9299899695162736,0.23127302496930005,-0.00014161281877291804,-0.18440103342483025,0.5016135569272322,0.9409992732546659,-0.3665551258370461,-0.021505280410150873,6334.448741629592
H1,27,1.5,D1,80,both,0.0,5318,254.30734485467403,0.23051318537155838,0.3273665047220753,1.0550853418421262,0.22583678074464084,0.00010912217953756636,0.3603133849296003,0.3469821319856601,1.0980357689935794,1.4421154297896215,0.04362151001521597,24421.15429789599
H1,27,1.5,D1,80,both,1.0,5187,249.677352398524,0.20808253564196835,0.32736650472207396,1.049912755166881,0.22556390977443608,9.949750586985016e-05,0.35461216732174433,0.3529461150877855,1.0963998185707895,1.4238359707438044,0.04353770336035301,24238.35970743771
H1,27,1.5,D1,80,long,0.0,2928,140.3296155360189,0.5158722972891749,0.22977128559801518,1.1787182978362245,0.22028688524590165,0.00036387521337403025,0.552786819656977,0.24521475047387942,1.2132925228741596,2.186078182880283,0.05710824651679647,31860.781828802446
H1,27,1.5,D1,80,long,1.0,2857,137.54043100039542,0.47198437045132247,0.22977128559801518,1.1635921927843642,0.21911095554777738,0.00033503068679979607,0.5352520284397988,0.2525054790145219,1.2064406680748734,2.1441312786638864,0.05669695846268952,31441.312786638322
H1,27,1.5,D1,80,short,0.0,2538,121.36743912018854,-0.25509211408451304,0.38810119791487574,0.9197716316022434,0.23128447596532703,-0.00015398190899327692,-0.18943099635798538,0.4689800355598399,0.9401628702225545,-0.3917874470298096,-0.023497173960279505,6082.125529701921
H1,27,1.5,D1,80,short,1.0,2477,119.46708701967515,-0.22958733323163738,0.3877197545373652,0.9269866419139094,0.23173193379087606,-0.00014109720340571867,-0.18921359175547597,0.4690654938204055,0.9402980649223908,-0.38611711174171737,-0.023259384567639985,6138.828882582838
H1,27,1.5,D1,120,both,0.0,5271,255.91290043865476,0.26671138687489815,0.4052869372080169,1.0643302663363732,0.2236767216846898,0.00012901673587214794,0.38040398955366145,0.34122210525978625,1.1048346926464045,1.523769277301938,0.045971753894110456,25237.692773018975
H1,27,1.5,D1,120,both,1.0,5181,251.67711796781484,0.23891402184261612,0.40528693720801434,1.0577770006118579,0.2235089751013318,0.00011634547823138024,0.37516101944077473,0.3476345494990861,1.1035558635199132,1.5139656231715728,0.0457990205407246,25139.656231715308
H1,27,1.5,D1,120,long,0.0,2924,141.96344543400238,0.4548823641714789,0.3618014705294239,1.1551189965487685,0.21785225718194254,0.00032317202112826796,0.49559190999485203,0.37558586575106123,1.1898344992151508,1.8809174545228058,0.05271480589388777,28809.174545227863
H1,27,1.5,D1,120,long,1.0,2862,139.0271977656603,0.4068590190682204,0.3618014705294239,1.1386904453619489,0.2169811320754717,0.0002908313278757564,0.4763571192969294,0.3898399034740049,1.182264331148591,1.8333977437534585,0.05189336492585528,28333.977437534264
H1,27,1.5,D1,120,short,0.0,2471,122.1785230810884,-0.20857512108681495,0.35494387887129253,0.9341520389773551,0.22905706191825173,-0.00012604054006582684,-0.12886496000690453,0.42376146763918976,0.9583184938877689,-0.30304005450393845,-0.017692601153911913,6969.599454960625
H1,27,1.5,D1,120,short,1.0,2442,123.24727096863342,-0.18613694883014084,0.3545417659979059,0.9412667817058338,0.22972972972972974,-0.00011257453201964734,-0.11497086287976499,0.4169689790172192,0.9629465683705202,-0.2786755032215067,-0.016351616140376612,7213.244967784948
H1,27,1.0,none,0,both,0.0,7970,369.89104193138496,0.3028648227896883,0.27884847160371684,1.0581801188168074,0.22622333751568383,0.00010040145470236851,0.31697554585310256,0.23471106465954628,1.0651563136969469,0.9498152118526773,0.03147502714693551,19498.152118526494
H1,27,1.0,none,0,both,1.0,7706,357.6386912325286,0.21554021694955797,0.3104226593998709,1.0416463401885574,0.22437062029587335,7.275927789946136e-05,0.2810741478461425,0.25078047859045693,1.05815341441344,0.8361183393037595,0.028602891139557496,18361.183393037325
H1,27,1.0,none,0,long,0.0,6408,297.3979669631512,0.2888674385826381,0.5458982615466972,1.0675806956820364,0.1822721598002497,0.0001222344558636333,0.2944903880735605,0.6367762941846247,1.0761944180384997,1.2061883937596805,0.037405621336142225,22061.883937596336
H1,27,1.0,none,0,long,1.0,6183,287.06505020973685,0.22236500829115066,0.5458982615466963,1.0524202164479806,0.1801714378133592,9.593130829489405e-05,0.26997920991875185,0.6868595554297325,1.0709089867998096,1.1003950928650688,0.03505595527430261,21003.950928650353
H1,27,1.0,none,0,short,0.0,6408,297.43576057948917,-0.2899108531343199,0.5187654350059232,0.9455449513655111,0.2442259675405743,-8.555577298880356e-05,-0.2412350466493094,0.7001431951939714,0.9510146366743414,-0.6389252029090506,-0.04618249149115117,3610.7479709094896
H1,27,1.0,none,0,short,1.0,6180,286.85284025924517,-0.2789938391275188,0.5178802654690329,0.9466337538172913,0.24498381877022654,-8.467327041923211e-05,-0.23919412797106607,0.6961099621123759,0.951120418814278,-0.6322811870586222,-0.045374907146330856,3677.188129413786
H1,27,1.0,H4,20,both,0.0,5149,239.21041083693717,0.0741713959667003,0.3722317725816686,1.0179145836200525,0.22664595067003301,2.906921652509703e-05,0.055208810430598984,0.4238229580709868,1.0142830646501297,0.010160775586970594,0.00046977395481073714,10101.607755869596
H1,27,1.0,H4,20,both,1.0,4964,230.6157466293564,0.015907151037516196,0.3722317725816693,1.0038660647329143,0.2242143432715552,6.362889659707063e-06,0.01649633283734875,0.4495011577484225,1.004254878612932,-0.07964746183265603,-0.0038484897782703475,9203.525381673393
H1,27,1.0,H4,20,long,0.0,1661,77.21525391370753,0.5376452137179427,0.18184457241649665,1.2893391789072215,0.19927754364840458,0.0004995963766071304,0.5289596966321081,0.14845983780242145,1.2891668494534867,0.987364281062673,0.03244300813431322,19873.642810626592
H1,27,1.0,H4,20,long,1.0,1603,74.51899579992364,0.48450423064856357,0.18184457241649588,1.2610348360126882,0.19463505926388022,0.0004571581773426799,0.4963769986156477,0.15333688483840724,1.2726036270153347,0.932528292155262,0.03110096342288249,19325.28292155249
H1,27,1.0,H4,20,short,0.0,3929,182.53208471126942,-0.4821286538532186,0.5578269735415522,0.8888814059025724,0.23695596843980657,-0.00017375816718754155,-0.576211127275957,0.7927825248036934,0.8646374846501106,-0.7762997076567032,-0.06720321635242688,2237.002923432933
H1,27,1.0,H4,20,short,1.0,3783,175.7492686339354,-0.49698959192635545,0.5586095766195008,0.8837496651201705,0.23579169970922548,-0.0001842998173166931,-0.5710764795315572,0.790702906335607,0.8648694787065917,-0.7759060272047995,-0.06712701592734038,2240.9397279519844
H1,27,1.0,H4,32,both,0.0,5308,246.78551425661914,0.11919880526974724,0.3743466340289874,1.0272885179340727,0.2279577995478523,4.417644529670211e-05,0.1803524550218631,0.30521968407259403,1.0453998900947647,0.3430428720152927,0.013807030892909022,13430.428720152888
H1,27,1.0,H4,32,both,1.0,5115,237.81234088594704,0.11152056281069801,0.37434663402898716,1.0258357510548326,0.22678396871945258,4.229120812704393e-05,0.17424512917323734,0.3100017715784067,1.0442816035581908,0.3273133089066169,0.01325188439978886,13273.133089065986
H1,27,1.0,H4,32,long,0.0,1871,87.02187062269196,0.30443083865664156,0.2938339886789427,1.1293328601345538,0.19508284339925175,0.00021985344701404505,0.3640921296675857,0.2520635988380723,1.1732699613577577,0.7586132514241704,0.02660432642250865,17586.13251424154
H1,27,1.0,H4,32,long,1.0,1791,83.3009996179804,0.2837992897890977,0.29383398867894195,1.1213757242527869,0.192071468453378,0.000209277931442607,0.3530132181170068,0.2569346147153909,1.1692931580276644,0.7380409965462429,0.02604262814526881,17380.409965462302
H1,27,1.0,H4,32,short,0.0,3720,172.9984721161192,-0.2291333579140086,0.3456787320333815,0.9425738462863671,0.23978494623655913,-9.050965382586869e-05,-0.20196176374620045,0.5178650215957601,0.9467097911792699,-0.40310410407861086,-0.0237115042503947,5968.958959213839
H1,27,1.0,H4,32,short,1.0,3595,167.1853514132926,-0.2080642079271512,0.34567873203338195,0.9468678794224089,0.23977746870653685,-8.452601187748293e-05,-0.20091806759393616,0.5179017724315931,0.9466515554494775,-0.3969273995000546,-0.023243982002094987,6030.726004999442
H1,27,1.0,H4,50,both,0.0,5511,256.71378013008547,-0.012429029119767116,0.3898804406660158,0.9971868390256706,0.21593177281800036,-4.65704195941037e-06,0.1726117696703643,0.4734984600848309,1.0443395346340296,0.3728465218162278,0.014870705984883159,13728.465218162117
H1,27,1.0,H4,50,both,1.0,5313,247.5220982142857,-0.0384126055190955,0.3935119066300169,0.9912157497986637,0.21513269339356295,-1.471132440181545e-05,0.1564110544750373,0.49533516458838545,1.0402910625646462,0.30921584836229266,0.012631240253375475,13092.158483622748
H1,27,1.0,H4,50,long,0.0,2145,99.94402985074626,0.24287443864586267,0.2630306918801574,1.1023065517833053,0.1780885780885781,0.00017825124249759618,0.34633458045533405,0.33401650524773596,1.160584629315961,0.8370651023855398,0.028742321852925246,18370.651023855247
H1,27,1.0,H4,50,long,1.0,2053,95.75510790448219,0.19612613509421797,0.2630306918801566,1.0831929502059403,0.17437895762299074,0.00014717645594375644,0.3264769841956814,0.34405767717848923,1.1524134933396755,0.7935357781778107,0.027622087758183422,17935.357781777933
H1,27,1.0,H4,50,short,0.0,3592,167.32279046040046,-0.32717837152507256,0.4360114892056426,0.9198614254455341,0.23552338530066816,-0.0001285020686168202,-0.25696910237657056,0.577161438416577,0.9335689907377024,-0.49827482630198194,-0.031617167573368854,5017.251736980188
H1,27,1.0,H4,50,short,1.0,3475,161.89333545918367,-0.3204110897566434,0.4346727175762015,0.920309391415182,0.23597122302158274,-0.00012901776178561372,-0.24379858733180687,0.57548455254674,0.9363007337262562,-0.48148139842861803,-0.030134662344110774,5185.186015713836
H1,27,1.0,H4,80,both,0.0,5707,266.14935520939736,0.2728881116562772,0.4378042779003142,1.0624659738401014,0.22253373050639566,0.00010346663811497993,0.3284113675011425,0.3779959643837163,1.0830086589873815,0.9417133289300748,0.031429823837004545,19417.133289300582
H1,27,1.0,H4,80,both,1.0,5507,256.8222356996936,0.23252050769410548,0.43780427790031495,1.0537268691857418,0.2211730524786635,9.004530077561977e-05,0.30891269576407576,0.3923777342136118,1.0786371461762747,0.8876776532311457,0.030073132198128683,18876.77653231142
H1,27,1.0,H4,80,long,0.0,2389,111.5548772692406,0.3163113381315005,0.27806243591927093,1.1227153839810242,0.18794474675596484,0.0002166729441068072,0.36225666141123564,0.37125760343312486,1.1539172155920103,0.9936337238322919,0.03274239633879028,19936.337238322838
H1,27,1.0,H4,80,long,1.0,2285,106.69857453336742,0.28649709571039916,0.27806243591926727,1.1123301080347534,0.1851203501094092,0.0002013727025348792,0.3505898761230988,0.3769208551785189,1.1501528295179937,0.967498814327526,0.03210623313197214,19674.988143275008
H1,27,1.0,H4,80,short,0.0,3490,162.75823544433095,0.047796273504458815,0.34211236580800397,1.012631253590155,0.24699140401146133,1.9743895383075637e-05,0.014285441924534275,0.344658826663632,1.0039739134518406,-0.04167761975951734,-0.001983356609561504,9583.223802404798
H1,27,1.0,H4,80,short,1.0,3392,158.1879468845761,0.02415016856375242,0.34211236580800475,1.006450729066024,0.24646226415094338,1.0176435187920936e-05,0.006467604590118357,0.3480347683024465,1.0018114682307322,-0.055686960355052606,-0.0026685389589333752,9443.130396449384
H1,27,1.0,H4,120,both,0.0,5805,271.37799180852426,0.3411492583758048,0.3798627210356257,1.0793847221523922,0.21912144702842376,0.00013095311902564164,0.34424795362516414,0.35171142347865236,1.0843093414652138,0.8834898473586283,0.030040404567271306,18834.898473585963
H1,27,1.0,H4,120,both,1.0,5600,261.8279569892473,0.28080767572899545,0.3798627210356246,1.0658151040921524,0.21821428571428572,0.00010968589418370648,0.317825045773256,0.36548872498846896,1.0784983677614324,0.8204309624382145,0.028405624872471114,18204.30962438197
H1,27,1.0,H4,120,long,0.0,2532,118.39879656894124,0.44423165100938855,0.30259038016419726,1.1752780634540847,0.19036334913112166,0.000304964379567565,0.38814890353483933,0.3685992151549031,1.1572555821334467,0.8957188703749408,0.030359977169119867,18957.188703749267
H1,27,1.0,H4,120,long,1.0,2422,113.26959026888605,0.3630591271497329,0.3025903801641956,1.1437561919667707,0.18620974401321222,0.0002539451650007584,0.35110137311566036,0.38837757494832537,1.1432464182834947,0.818985292154669,0.028374792367151125,18189.85292154653
H1,27,1.0,H4,120,short,0.0,3392,158.9184197024115,-0.0764101040720739,0.3246810660772155,0.9799804969707641,0.23850235849056603,-3.1589963376314356e-05,-0.015616520764525861,0.3545752442871891,0.9956237516660408,-0.10046636405371179,-0.004948240711672214,8995.336359462919
H1,27,1.0,H4,120,short,1.0,3294,154.3270266803489,-0.06736079957025821,0.3246810660772166,0.9820771031486015,0.2395264116575592,-2.847287103425183e-05,-0.011432028503272058,0.353058973374914,0.9967720541387337,-0.09240530194843588,-0.004532242963011246,9075.946980515622
H1,27,1.0,D1,20,both,0.0,6082,284.3274670421093,0.270962117224648,0.38431172032762617,1.0616246172487591,0.21308780006576783,0.00010448368532673427,0.3233660539581093,0.3849744404836333,1.0798271095943164,0.9312904486983082,0.031247933811380912,19312.90448698305
H1,27,1.0,D1,20,both,1.0,5874,274.6388248847926,0.20916607404971393,0.3843117203276257,1.047889480548494,0.21280217909431393,8.197384843565623e-05,0.2963817752834763,0.4026141867449431,1.0738459459292469,0.8522954218558578,0.029240319257400005,18522.9542185583
H1,27,1.0,D1,20,long,0.0,3431,160.41637864823346,0.23128784310892275,0.37107003408051265,1.0734861029346485,0.18507723695715536,0.00013181294374241693,0.253950904826366,0.46909558952245256,1.087905997169618,0.6832106999729055,0.02464424004777066,16832.106999728745
H1,27,1.0,D1,20,long,1.0,3299,154.24471966205837,0.14423563003590206,0.37107003408051253,1.0459384121203084,0.18187329493785995,8.350021527253576e-05,0.2282505152127355,0.5041669279843646,1.0798878790713553,0.6105683233880754,0.022532943286828422,16105.683233880472
H1,27,1.0,D1,20,short,0.0,2939,137.69493971267318,0.03942368463381594,0.2813721535062942,1.0113657251503099,0.24600204151071794,1.789253096363206e-05,0.06368204610560275,0.3568475812632045,1.019751176633237,0.043861169619686,0.002013171046413076,10438.61169619685
H1,27,1.0,D1,20,short,1.0,2852,133.6189071318625,0.05648397258562185,0.2813721535062941,1.016569001727029,0.2478962131837307,2.6227364950870778e-05,0.06843845018253814,0.3549646838545013,1.0213902712433205,0.051898269168384026,0.0023733015417706227,10518.982691683781
H1,27,1.0,D1,32,both,0.0,6104,286.6768676867687,0.1663244705613843,0.372826932911448,1.0378826810981285,0.20855176933158584,6.511437393844343e-05,0.1769652958549352,0.36830600276003067,1.043785557710178,0.3623469834626689,0.014628083033477068,13623.469834626469
H1,27,1.0,D1,32,both,1.0,5896,276.90806223479495,0.07549164648531566,0.379693972736422,1.0172708762079052,0.20691994572591588,3.0023913547309195e-05,0.15050185215185777,0.39157300389429917,1.037666158471497,0.27702035143445025,0.011550628309497935,12770.203514344186
H1,27,1.0,D1,32,long,0.0,3479,163.6030320587099,0.0914193040304216,0.49747295580716244,1.0287088061326957,0.17792469100316183,5.279760772155298e-05,0.1440993262211888,0.5567467962426087,1.0504323438884855,0.259498561751619,0.010908582694693303,12594.985617515882
H1,27,1.0,D1,32,long,1.0,3369,158.43018539976825,-0.01075796963370173,0.4974729558071598,0.9966273655281548,0.174235678242802,-6.272237694559909e-06,0.12693513696442987,0.6011463446297328,1.0450636057669165,0.17670637096326036,0.007681370747566918,11767.063709632392
H1,27,1.0,D1,32,short,0.0,2856,134.13321332133214,0.1467756495941364,0.32037604689432986,1.0441406879073678,0.24649859943977592,6.842274072514728e-05,0.11480837020441295,0.3673168500112247,1.0361302742860206,0.11869602414082459,0.005281715603290271,11186.960241408278
H1,27,1.0,D1,32,short,1.0,2751,129.20184518451845,0.1372984103203165,0.32037604689432897,1.0420017721730992,0.24718284260268994,6.5811929568145e-05,0.10944302731495478,0.36892548882416754,1.0348015377723547,0.11098617805694722,0.004955255698508632,11109.861780569387
H1,27,1.0,D1,50,both,0.0,6109,288.73088121118013,0.07038966033558393,0.4537304094786133,1.0154745239282226,0.20887215583565233,2.659201186187104e-05,0.12795010198403137,0.5087727268767286,1.0323587913378434,0.19346930009540508,0.008394214858790772,11934.693000953735
H1,27,1.0,D1,50,both,1.0,5927,280.1289790372671,0.023908838759035076,0.45373040947861154,1.0052866709625787,0.20803104437320735,9.163848783484104e-06,0.11778085662636006,0.5232945311000754,1.0300918214383838,0.15116209093656163,0.0066755150488604365,11511.62090936542
H1,27,1.0,D1,50,long,0.0,3486,164.75951086956522,0.09184647733733668,0.5289977881419707,1.028213581616248,0.17814113597246128,5.171504121452655e-05,0.16141595604666217,0.6815690180221943,1.0588372454724335,0.33849896208231645,0.013874904571510971,13384.989620822857
H1,27,1.0,D1,50,long,1.0,3370,159.27697981366458,0.032289537356926225,0.5289977881419714,1.0099522771129683,0.17566765578635016,1.8443833131949032e-05,0.15482598152087548,0.6954816298645017,1.0570552346918136,0.30188302023835556,0.012546641388579527,13018.830202383311
H1,27,1.0,D1,50,short,0.0,2793,133.00433507170794,-0.034711545801936965,0.3067076637712266,0.9899358037468956,0.24597207303974222,-1.5790550125468552e-05,-0.027814993231457346,0.4036937331200704,0.9914447171701447,-0.08747156086397812,-0.004349513889483014,9125.28439136022
H1,27,1.0,D1,50,short,1.0,2724,129.71851368970013,-0.030441049620155446,0.30670766377122893,0.991057662317569,0.24632892804698972,-1.4116109081198857e-05,-0.026133958239280247,0.4029944754241831,0.991908912783648,-0.08481625107250423,-0.0042117391789144865,9151.837489274938
H1,27,1.0,D1,80,both,0.0,6086,291.03318931657503,0.13423639812118418,0.4335890889321451,1.029615523435112,0.21097601051593823,5.075535064537536e-05,0.20258860992078637,0.452453958670071,1.0495319133996086,0.4973439428028592,0.019492175035878745,14973.439428028441
H1,27,1.0,D1,80,both,1.0,5932,285.5757216291024,0.09652360669434198,0.43358908893214954,1.0212887575358727,0.21072151045178691,3.679973054681473e-05,0.19303534202018435,0.4688780995230225,1.0473534136549087,0.4605063338944717,0.01840248909841491,14605.06333894442
H1,27,1.0,D1,80,long,0.0,3366,161.32154572890695,0.23310228495362534,0.40950466536330277,1.0729755445532128,0.18211527035056446,0.0001362236008753981,0.2693259508663717,0.4690232596134726,1.091361172152359,0.8086550307828242,0.02880776222898973,18086.550307827903
H1,27,1.0,D1,80,long,1.0,3278,157.80802688809806,0.16879997376881622,0.4095046653633032,1.0526355710559723,0.17968273337400853,9.923562511636986e-05,0.2496529455673229,0.49241664152919684,1.0848118367619282,0.7402714303117497,0.027031293728276617,17402.714303117198
H1,27,1.0,D1,80,short,0.0,2853,136.43077376276514,-0.059325292271883205,0.30301634086645424,0.9830744932675947,0.24605678233438485,-2.57029278058036e-05,-0.023764859770015925,0.3919688290044939,0.9928137218315342,-0.08680749447295211,-0.004333060945539868,9131.925055270425
H1,27,1.0,D1,80,short,1.0,2785,134.33983755942947,-0.031110162695764457,0.3030163408664539,0.9910319828175679,0.24775583482944344,-1.3716220233251526e-05,-0.016222152893962147,0.3883060534057987,0.99509072697429,-0.07455360250985021,-0.0037303767281070543,9254.463974901444
H1,27,1.0,D1,120,both,0.0,6027,292.57864832535887,0.13102123595983947,0.4378967052150716,1.029313295243669,0.2077318732370997,5.06695327824275e-05,0.17098516567728325,0.508809061584234,1.0423404701730008,0.3607023033077328,0.015064138642114644,13607.02303307707
H1,27,1.0,D1,120,both,1.0,5921,287.6240524005852,0.08567120286964498,0.4378967052150694,1.0191399022908094,0.2067218375274447,3.3299983029877125e-05,0.161082819429309,0.5242080834650689,1.040053137115295,0.31897330466468277,0.01353954251773648,13189.733046646532
H1,27,1.0,D1,120,long,0.0,3350,162.62460127591706,0.2165019481141733,0.4269027129255104,1.0687137684469843,0.18059701492537314,0.00013018261007382044,0.22520231083539835,0.5467729057809821,1.0777159628345891,0.593184685132115,0.022866463170170048,15931.846851320834
H1,27,1.0,D1,120,long,1.0,3281,159.38093496475594,0.15875549303495906,0.4269027129255092,1.0502018557845025,0.17860408412069492,9.587239033039915e-05,0.20851000745101717,0.565992607477978,1.071887329094329,0.5315439267611899,0.02092308055881764,15315.439267611642
H1,27,1.0,D1,120,short,0.0,2783,137.60535400027075,-0.08288564940125345,0.29520214458070293,0.9763918353035506,0.24182536830758175,-3.593215391219141e-05,-0.05878376177905548,0.3940128895820799,0.9826000959429865,-0.14018362833793918,-0.007440175909983582,8598.16371662059
H1,27,1.0,D1,120,short,1.0,2745,138.5587686567164,-0.07203486471768074,0.29520214458070526,0.9795380561091821,0.2418943533697632,-3.130409407388826e-05,-0.05591958954217034,0.3926362901915529,0.9835677526004701,-0.1344957782665711,-0.007264504271459193,8655.042217334218
H1,34,3.0,none,0,both,0.0,2698,125.23122378955395,0.004549653286835335,0.4978814032605492,1.0012823016119456,0.27724240177909565,4.427394287836118e-06,0.014300121475086653,0.4717613922869348,1.004176469975742,-0.11833961936842874,-0.005829003757362394,8816.603806315768
H1,34,3.0,none,0,both,1.0,2598,120.5895920701487,-0.021187683332536275,0.4978814032605495,0.9939423921761245,0.279445727482679,-2.1125058308156655e-05,-0.00948134617361896,0.48474704875009067,0.9972117453544915,-0.17482859769087455,-0.008879891119382033,8251.714023091246
H1,34,3.0,none,0,long,0.0,2491,115.63774148449416,0.45882489746455485,0.3094397708196266,1.1537206782523997,0.2834203131272581,0.0004957544832304247,0.4878260581767029,0.28949630991647846,1.1821000066998555,2.0052387783556016,0.052408147656680226,30052.387783555645
H1,34,3.0,none,0,long,1.0,2393,111.08836426029487,0.40795548884917926,0.3094397708196278,1.1386037429068212,0.28207271207689094,0.0004531701280730089,0.4560441249561627,0.32212728115290823,1.1676443355222688,1.811723285089283,0.04916139581866963,28117.232850892527
H1,34,3.0,none,0,short,0.0,2492,115.66946244757911,-0.3678430241046142,0.6561055502644211,0.8971423533583427,0.26364365971107545,-0.0003584837119645588,-0.2726865240568984,0.5980238870275818,0.9203315206578601,-0.5611538938373646,-0.03750728314133189,4388.46106162638
H1,34,3.0,none,0,short,1.0,2392,111.0419420437214,-0.37693841609435114,0.6615425417122676,0.8926829124698756,0.262123745819398,-0.00037776044088543833,-0.29021952252069744,0.6003873221330669,0.9159581611272231,-0.5708573628084496,-0.038510479865680236,4291.426371915524
H1,34,3.0,H4,20,both,0.0,1609,74.83601808226156,0.023750159066400423,0.34454423032960557,1.0089859225103224,0.27221876942200124,3.05255840231239e-05,0.003203418769101977,0.38140896612434994,1.0011465394941044,-0.0737848446923246,-0.003558653030689918,9262.151553076732
H1,34,3.0,H4,20,both,1.0,1539,71.58025595313893,-0.0077131784096294,0.3445442303296061,0.997033398841778,0.2683560753736192,-1.0227812413897732e-05,-0.0026104396962798684,0.3737508727911144,0.9990525502652542,-0.08579871907319647,-0.004163544781937922,9142.012809268079
H1,34,3.0,H4,20,long,0.0,925,43.03901273885351,0.31344858350822963,0.24808841545672233,1.1822782521034538,0.3005405405405405,0.0006224197911263298,0.31407627774613417,0.2856605820891953,1.1933949139426525,0.6547768798450628,0.023711669121847523,16547.768798450626
H1,34,3.0,H4,20,long,1.0,885,41.17786624203822,0.2872738218208014,0.24808841545672256,1.1698909036591933,0.2983050847457627,0.000589915374596984,0.3046520345300934,0.28598301577188256,1.1902615166874144,0.6324177570614564,0.023063890196514336,16324.177570614536
H1,34,3.0,H4,20,short,0.0,1114,51.84613914373089,-0.416457317770705,0.5112130459383086,0.8343490819291443,0.25493716337522443,-0.0005805742630072991,-0.3502864715364427,0.4564030184433596,0.8607049386262444,-0.44955441767081306,-0.02740347634057483,5504.455823291866
H1,34,3.0,H4,20,short,1.0,1065,49.56565366972477,-0.4115341973013264,0.5007486671338446,0.8327378566533149,0.25258215962441316,-0.0005940806968931461,-0.34298423599184397,0.44583139429896035,0.8620659626811693,-0.4405488792296295,-0.02666863326499469,5594.511207703701
H1,34,3.0,H4,32,both,0.0,1580,73.47784568372805,0.08422597578686976,0.3273771657322597,1.032188640393527,0.28417721518987343,0.00010514532234971244,0.11630088772971213,0.24789461268627244,1.043482069765269,0.14611552414547901,0.00636242852068003,11461.155241454797
H1,34,3.0,H4,32,both,1.0,1512,70.31550802139039,0.09337903094962036,0.32737716573225983,1.0365216513873075,0.2857142857142857,0.0001201879240187939,0.1232713283440215,0.24782992305574558,1.046739617662653,0.160148760648108,0.006932147608951,11601.487606480998
H1,34,3.0,H4,32,long,0.0,785,36.548279158699806,0.33636489303525485,0.21230934799725554,1.1913832579433683,0.31719745222929935,0.0006015761610161174,0.3328583050413529,0.203226973216991,1.1836396125609858,0.4770607582209756,0.01832616474844606,14770.607582209721
H1,34,3.0,H4,32,long,1.0,755,35.15152963671128,0.3417637332864491,0.21230934799725454,1.1984338000928971,0.31920529801324504,0.0006316558694173396,0.3363084428232818,0.20258419998616406,1.1876377034337586,0.4811535772002091,0.01845736519919039,14811.535772002042
H1,34,3.0,H4,32,short,0.0,1063,49.434778456837286,-0.29469643776172894,0.47287816489727863,0.8743371897821525,0.2539981185324553,-0.0004318568726219408,-0.2609494048976254,0.39582456771848906,0.8913070467553357,-0.34123560823349286,-0.019223502382429425,6587.643917665069
H1,34,3.0,H4,32,short,1.0,1009,46.9235103132162,-0.3219174327003445,0.4876910354087832,0.8598798532475112,0.25173439048562934,-0.00048568938838322286,-0.26659159218044187,0.3995392365291208,0.886812853420482,-0.3471710340863787,-0.019636230083422634,6528.289659136201
H1,34,3.0,H4,50,both,0.0,1682,78.3610331632653,-0.06853873618002371,0.26368999167252394,0.975450554940019,0.2633769322235434,-7.977147507574333e-05,-0.01910059178362868,0.26428360269160334,0.9930405876123436,-0.120130045775373,-0.005944647909430278,8798.699542246253
H1,34,3.0,H4,50,both,1.0,1615,75.23963647959184,-0.06916544171011806,0.2618974811163066,0.9747593763983292,0.2631578947368421,-8.285553044747134e-05,-0.015099205533694137,0.2607351843929838,0.994442365126677,-0.11129676307413494,-0.005481927677548515,8887.032369258677
H1,34,3.0,H4,50,long,0.0,829,38.66091036772217,0.30650798023819575,0.15143294514017014,1.1690147827225164,0.29191797346200243,0.0005163623908902342,0.22863752605688217,0.21466178857845075,1.1215555285079604,0.2957557939963158,0.012156304968423681,12957.557939963119
H1,34,3.0,H4,50,long,1.0,794,37.07126422088713,0.2898650566696661,0.15143294514017047,1.162720513381836,0.29093198992443325,0.0005041986166191526,0.21503808827537418,0.21483308453206185,1.1152901596431455,0.27335457385447826,0.011346571491146262,12733.545738544779
H1,34,3.0,H4,50,short,0.0,1008,46.96071428571428,-0.5267258247305896,0.5793741351724446,0.7814136797602423,0.2390873015873016,-0.0007620973975214717,-0.29713712934784,0.40602449440509125,0.8646205924660568,-0.39049865327454036,-0.022802386416954645,6095.01346725459
H1,34,3.0,H4,50,short,1.0,962,44.81766581632653,-0.5240829109186488,0.5713360269908463,0.777981373463282,0.24012474012474014,-0.0007806312520303192,-0.2882901139533992,0.3985581321387951,0.8656591660793629,-0.3830525016731521,-0.022249422013857822,6169.474983268465
H1,34,3.0,H4,80,both,0.0,1850,86.3199412365866,0.23757691196725508,0.278637390391123,1.0853928685770406,0.27513513513513516,0.00027330935714495647,0.27209946570703497,0.25984885854016204,1.0996794196398223,0.5514966699032822,0.020705195515174246,15514.966699032911
H1,34,3.0,H4,80,both,1.0,1779,83.0071218702095,0.18060706298893903,0.27863739039112245,1.0653980211219691,0.2720629567172569,0.00021290356428170957,0.2527953325066682,0.27058972065680575,1.093357818022207,0.5039177444929539,0.019222903378951495,15039.177444929517
H1,34,3.0,H4,80,long,0.0,907,42.357978519370924,0.45762243278678627,0.22169080805637087,1.254860948716503,0.3031973539140022,0.0007663704969000496,0.4773380017331743,0.26909191409614663,1.2725880613071476,0.9066759977642223,0.030597926814529552,19066.75997764208
H1,34,3.0,H4,80,long,1.0,865,40.396528576908324,0.46185625327862145,0.22169080805637065,1.2622677941574303,0.30520231213872834,0.0008019869877553814,0.4790841751813599,0.2691841658318861,1.2772553421323383,0.9072816915563255,0.030613214004946654,19072.81691556324
H1,34,3.0,H4,80,short,0.0,1042,48.619123658661216,-0.02731723031124796,0.3179566939861065,0.9873522545289074,0.2543186180422265,-4.2271644837681863e-05,-0.011260422194792188,0.26127684112831373,0.9948555061974605,-0.06088044191114628,-0.002926503921954371,9391.195580888541
H1,34,3.0,H4,80,short,1.0,1007,46.98604368932038,-0.09273924167856287,0.3179566939861085,0.9569020730594373,0.24925521350546176,-0.00014606430068185865,-0.03586586280316459,0.270259341055063,0.9835449715752191,-0.09357625932482772,-0.0045737215918150165,9064.237406751758
H1,34,3.0,H4,120,both,0.0,1983,92.7388924455826,0.3625389346333134,0.31864155127399685,1.1354535799149186,0.2813918305597579,0.0004298168188907869,0.4247500366982599,0.2788082692846884,1.1761732065062935,1.3027078252230657,0.03977844752880011,23027.07825223061
H1,34,3.0,H4,120,both,1.0,1902,88.95076824583867,0.31441670830553303,0.31864155127399585,1.119070894122735,0.27917981072555204,0.0003833239957291953,0.4087683602410985,0.28844291647987064,1.172040655920409,1.2539347499054636,0.03873794205099457,22539.347499054613
H1,34,3.0,H4,120,long,0.0,970,45.38138849750224,0.49434357133326673,0.1964101468532793,1.2949776800482202,0.29896907216494845,0.0008904059705506069,0.47890244156245443,0.22307698540569398,1.329074100987165,1.256963929013566,0.03881838423871464,22569.639290135623
H1,34,3.0,H4,120,long,1.0,921,43.08892660432945,0.45095850095660983,0.19641014685327918,1.2730777761192074,0.2964169381107492,0.0008422645667299523,0.46922813831596066,0.22985682127329077,1.3109402044165568,1.155847342616462,0.0365930607062086,21558.47342616454
H1,34,3.0,H4,120,short,0.0,1077,50.458472293483844,-0.024243982018091446,0.30802048675393934,0.9888978250954895,0.25998142989786444,-3.727561723424095e-05,0.04886768828760434,0.26484490492068613,1.0223919183449435,0.022502332787764034,0.001043112701208937,10225.023327877616
H1,34,3.0,H4,120,short,1.0,1044,48.912390969728065,-0.045717376223826094,0.30802048675393856,0.9787951997470636,0.25862068965517243,-7.177061637552722e-05,0.04029177435300447,0.2617084012699872,1.0186749948441791,0.009470712332354969,0.00044172143153753396,10094.707123323567
H1,34,3.0,D1,20,both,0.0,2155,100.79571648098347,0.45407174596320227,0.3500174654344985,1.1680811817350498,0.28584686774942,0.0005362964836621182,0.5024118322293503,0.2604850418571092,1.2104810066594447,1.6997748715345868,0.047549282706004226,26997.74871534585
H1,34,3.0,D1,20,both,1.0,2072,96.9135612754514,0.4123318658040606,0.35001746543449896,1.1547035800251375,0.2842664092664093,0.0005011265260116819,0.4805848797621677,0.27117031131588276,1.203684787232761,1.6291544739164396,0.04625136935707408,26291.54473916422
H1,34,3.0,D1,20,long,0.0,1249,58.41941990011525,0.5555886421244453,0.14665315118582467,1.2859483063166286,0.2922337870296237,0.0008695233327168346,0.5099096752762061,0.1639947613197782,1.3054527889403653,1.5055448353729126,0.04389744196703038,25055.448353728898
H1,34,3.0,D1,20,long,1.0,1193,55.80013446023818,0.5036502631605814,0.1466531511858239,1.262326411681833,0.2900251466890193,0.0008130855078298979,0.49612073233042603,0.17420186361640722,1.2879933933684302,1.3982006465179935,0.04176165478974969,23982.006465179886
H1,34,3.0,D1,20,short,0.0,1094,51.399987136609205,0.059918856242878134,0.2858357982976465,1.028457090167021,0.2742230347349177,9.579646764279598e-05,0.18114373116821603,0.22058951774806568,1.0956191839020955,0.26346337792221064,0.011047995968593183,12634.633779222087
H1,34,3.0,D1,20,short,1.0,1062,49.89651402109596,0.039125822073112326,0.28583579829764616,1.0188257256152935,0.2730696798493409,6.385806016751324e-05,0.17879078477644242,0.21672546715633956,1.0958990275054583,0.26031813993898867,0.010929603518363473,12603.181399389905
H1,34,3.0,D1,32,both,0.0,2210,103.82025723472668,0.17923655602679134,0.35642922949140765,1.062004067124593,0.2660633484162896,0.00020612326295574318,0.23141536447107813,0.2748091778992593,1.0881512387539507,0.5332018564045984,0.020279102199791676,15332.01856404599
H1,34,3.0,D1,32,both,1.0,2123,99.7332154340836,0.12268212528123598,0.3564292294914092,1.042940057263601,0.26424870466321243,0.00014509601452201344,0.2135287219468615,0.2771779731556927,1.0827964892843167,0.47952414239068,0.018572408203286983,14795.241423906775
H1,34,3.0,D1,32,long,0.0,1307,61.454911174047375,0.2948597197161562,0.22025731540782112,1.139505860021817,0.26702371843917366,0.0004469863936215189,0.3207582014959604,0.21350259958394202,1.170627370056455,0.7960934767975865,0.027918073165082102,17960.934767975836
H1,34,3.0,D1,32,long,1.0,1252,58.86882080329557,0.2323712989164696,0.2202573154078219,1.1109549155366056,0.26357827476038337,0.00036198240850936555,0.30651593203658495,0.2128915316257276,1.1654345163658173,0.7595669737362505,0.026925499306657885,17595.6697373625
H1,34,3.0,D1,32,short,0.0,1042,49.197324198552224,-0.03269858112915375,0.34838949133909636,0.9845312720883157,0.2619961612284069,-5.328793138810518e-05,0.07884031205388993,0.29707686453974946,1.0406268550373554,0.07006165895680727,0.0032022943395704218,10700.616589568073
H1,34,3.0,D1,32,short,1.0,1004,47.40317993795243,-0.08945008443719943,0.34838949133909625,0.9573846762840782,0.2599601593625498,-0.00014904905635703848,0.057078961421679605,0.2996004775095974,1.0299043023509948,0.03401708739602638,0.0015806284192636522,10340.170873960273
H1,34,3.0,D1,50,both,0.0,2249,106.30869030671671,0.1625254179258523,0.3502785557116127,1.0535531963882174,0.2712316585148955,0.00017799283679546801,0.24248029990905484,0.3318884761100881,1.0886154297765067,0.5702317939279631,0.02155810328531671,15702.317939279565
H1,34,3.0,D1,50,both,1.0,2165,102.33806781415815,0.14333819780452178,0.35027855571161315,1.047955100036975,0.2702078521939954,0.000161538183766413,0.23532658389499317,0.336600667319609,1.0871529766333357,0.5479276281820729,0.020867512753438122,15479.276281820692
H1,34,3.0,D1,50,long,0.0,1313,62.06461110392132,0.3913017120385025,0.2398685748781587,1.185055346107928,0.27494287890327496,0.0005808226203274964,0.39788425552592366,0.25046049547685134,1.2100487856021946,1.0483236786047687,0.03447404327866299,20483.236786047604
H1,34,3.0,D1,50,long,1.0,1259,59.512068072990814,0.3704508840935788,0.23986857487815927,1.1784799147270015,0.2748212867355044,0.0005674116883335442,0.39760246206028743,0.2463008423501094,1.2127282041484087,1.0488144979167133,0.034485759090789436,20488.14497916702
H1,34,3.0,D1,50,short,0.0,1031,49.12886497064579,-0.10799032582105617,0.3377967517516641,0.9501021081325941,0.2638215324927255,-0.0001745160132353243,0.027713540492520873,0.3187304169313391,1.0142558238286188,-0.013306439610303755,-0.0006381267263116941,9866.935603896934
H1,34,3.0,D1,50,short,1.0,999,47.604011741682974,-0.12524474362664167,0.337796751751664,0.9415753000351328,0.26126126126126126,-0.00020709708380311552,0.020569189512739186,0.3183724981831523,1.010689455087744,-0.025003580348691767,-0.0012058829867872545,9749.96419651307
H1,34,3.0,D1,80,both,0.0,2260,108.11591355599214,0.16011311919909527,0.28712725119772164,1.053035550757357,0.2668141592920354,0.00017778396507994683,0.2981129406432203,0.2872698783890206,1.1126943575925257,0.8366786598834848,0.029511155424875257,18366.786598834784
H1,34,3.0,D1,80,both,1.0,2189,105.67436558287073,0.16636883297480776,0.2871272511977221,1.0557555199272455,0.26770214709913204,0.00018870389493958592,0.3028679557463041,0.2858212701265589,1.1151125000247006,0.8456423150102137,0.030026314440055213,18456.42315010204
H1,34,3.0,D1,80,long,0.0,1262,60.483597953024535,0.4059344624649777,0.19290149645817656,1.1912352226781913,0.27812995245641836,0.000626545831057015,0.4671929598572482,0.17719553807814337,1.2485563209238535,1.3292978834499642,0.04135765480200049,23292.978834499452
H1,34,3.0,D1,80,long,1.0,1218,58.79916732751784,0.3962579186912146,0.19290149645817767,1.189010093460799,0.27832512315270935,0.0006261218826713879,0.4639583585243919,0.18004932729522527,1.2488394397791385,1.312107964825076,0.041292059048134044,23121.0796482506
H1,34,3.0,D1,80,short,0.0,1081,52.75724879743453,-0.23369912586542235,0.3946589771668829,0.8974961551453238,0.25254394079555964,-0.0003535123689334692,-0.058352408261758235,0.39877148981458244,0.9713567282340742,-0.14955686516820055,-0.007874984481214153,8504.431348317996
H1,34,3.0,D1,80,short,1.0,1054,52.05158193618172,-0.21132723339576356,0.3946589771668819,0.906363895904199,0.25426944971537,-0.00032521956373321047,-0.04468662588161953,0.3920106794880601,0.9780501062649429,-0.1280685166166824,-0.00674506149579146,8719.31483383316
H1,34,3.0,D1,120,both,0.0,2272,110.39616868431555,0.13627246487183678,0.37011672505929993,1.0441476423133418,0.2720070422535211,0.00014866915197641323,0.22081446423857326,0.2539339267718176,1.0771178096262282,0.5176008759906272,0.020475121644014216,15176.008759906237
H1,34,3.0,D1,120,both,1.0,2216,109.30371370695475,0.1185499691794074,0.37011672505929805,1.0384810948977634,0.2721119133574007,0.0001308005717344984,0.21826761884348556,0.25139904951237035,1.0762216007648684,0.5030826383064364,0.02030412073038579,15030.8263830643
H1,34,3.0,D1,120,long,0.0,1259,61.17463748835972,0.47945681997220696,0.18895324871461394,1.2318879224668462,0.2915011914217633,0.0007636390972454064,0.49398041238906765,0.17994417401132923,1.2600417637235817,1.4463920398849468,0.04442781120417827,24463.920398849346
H1,34,3.0,D1,120,long,1.0,1221,60.225557056043215,0.45249701666306275,0.18895324871461416,1.2196125657149837,0.2915642915642916,0.0007312423854158129,0.487243593538491,0.18498298327120966,1.2571237452278603,1.4157115404709528,0.044464333482678864,24157.115404709293
H1,34,3.0,D1,120,short,0.0,1078,53.55542709466812,-0.3947507749039557,0.4924209641076327,0.8417895732597973,0.24953617810760667,-0.0005398272063366614,-0.2565877407567463,0.45396562755184944,0.8961285404091001,-0.34723857468835717,-0.020967889431237285,6527.6142531164205
H1,34,3.0,D1,120,short,1.0,1060,54.32369861091623,-0.38713400241395557,0.4922264976246601,0.8458038486979103,0.25,-0.0005295106640739849,-0.2585628779069625,0.4535803745847977,0.8965755825119127,-0.34419930656170705,-0.021389697932858387,6558.006934382936
H1,34,4.0,none,0,both,0.0,1516,70.4029243483789,0.12545759778910384,0.3694169550971106,1.046707424154993,0.3344327176781003,0.00022256672392300156,0.25748145622836754,0.2410811025545062,1.1034913028814868,0.6140161166680842,0.022480950322038673,16140.161166680899
H1,34,4.0,none,0,both,1.0,1463,67.9416083916084,0.12160030914908297,0.36941695509711103,1.0460847769001291,0.3369788106630212,0.00022167076801830443,0.2568873503611286,0.23849122852431126,1.1046570034680974,0.6083446936522454,0.02231381834724755,16083.446936522389
H1,34,4.0,none,0,long,0.0,1392,64.65259409969481,0.6336251012161176,0.33406449775301617,1.2709204909585,0.3584770114942529,0.0012218413873574109,0.6551482075642635,0.2676937288628427,1.2969886602077103,2.441570993594883,0.05908327924909673,34415.70993594865
H1,34,4.0,none,0,long,1.0,1339,62.19096515768057,0.592225850073561,0.33406449775301705,1.256788527720728,0.35997012696041825,0.00117341320696806,0.6409200821263474,0.27294343842636115,1.2886195800575868,2.335415565319928,0.057543239314951755,33354.15565319926
H1,34,4.0,none,0,short,0.0,1393,64.66614768683274,-0.2581245823602275,0.5584227950261573,0.9044594508306302,0.3108399138549892,-0.0004610561611351566,-0.2511153466183754,0.4407982328979606,0.9089832887442326,-0.42244819949794155,-0.025161835969535473,5775.518005020545
H1,34,4.0,none,0,short,1.0,1339,62.159347991865786,-0.2911780071952517,0.5854528748939,0.8907850715769249,0.3084391336818521,-0.0005356377522388989,-0.26289890459123794,0.44878637022325374,0.9031567140457369,-0.4346711181754461,-0.026129363593149213,5653.288818245541
H1,34,4.0,H4,20,both,0.0,942,43.83558415084724,-0.3779218777152545,0.6308155858397995,0.8523894683089835,0.3248407643312102,-0.0007559469758325906,-0.25239680386459235,0.49725353553811236,0.8973875382090898,-0.369412629112575,-0.021228695884295323,6305.873708874247
H1,34,4.0,H4,20,both,1.0,908,42.2534080774621,-0.40961294115791114,0.6308155858398008,0.8390688487543841,0.32599118942731276,-0.0008355071347960646,-0.31240760652460325,0.5253715552184747,0.8739385413446717,-0.42084613481392485,-0.025096310326224613,5791.538651860759
H1,34,4.0,H4,20,long,0.0,683,31.83585375191424,0.2637178645177012,0.4082281744480173,1.155093034525145,0.3557833089311859,0.0007605863214376473,0.21037326234968579,0.4174133878642574,1.123124042076006,0.3254788502116195,0.013220610819481005,13254.788502116196
H1,34,4.0,H4,20,long,1.0,659,30.71717075038285,0.23516738699249215,0.40822817444801773,1.1398427273351075,0.3566009104704097,0.0006947316397832153,0.20191628791849814,0.41596007043471006,1.1199424321495934,0.30751441066413676,0.01257634904874716,13075.144106641379
H1,34,4.0,H4,20,short,0.0,645,30.014810803924068,-0.38269574960493735,0.500375203077579,0.8073486424968384,0.2992248062015504,-0.0009738868326105854,-0.20020266063349462,0.2824025435819062,0.8889355118539682,-0.2714711909557327,-0.014630728155169082,7285.28809044265
H1,34,4.0,H4,20,short,1.0,613,28.525703911326286,-0.397405747753932,0.5069975587648707,0.796285062347422,0.29526916802610115,-0.0010521696039222724,-0.2000006211456432,0.2785878266128803,0.8869595895724438,-0.27047099919364037,-0.01456781704233856,7295.290008063593
H1,34,4.0,H4,32,both,0.0,819,38.08271801400382,0.12250412644208376,0.22295921942333885,1.062933461335643,0.3504273504273504,0.00029145944065287746,0.31659988428588043,0.1709914539077252,1.1659142368165676,0.5331654005916888,0.020069381076539328,15331.654005916902
H1,34,4.0,H4,32,both,1.0,787,36.594748567791214,0.09139211086281152,0.25600445978397013,1.0474629799982167,0.34815756035578144,0.00022356179525741287,0.3124590202346856,0.1687791363960861,1.1661947818524665,0.5232144665785927,0.01976056774095092,15232.144665785936
H1,34,4.0,H4,32,long,0.0,512,23.88657555243326,0.29003051069975355,0.24078665472939387,1.1904084917268922,0.365234375,0.0008974483662620796,0.372404309617361,0.21870535633461408,1.2539531557174701,0.5540104399157402,0.020779618009975742,15540.104399157417
H1,34,4.0,H4,32,long,1.0,493,23.000159662792182,0.29716298749382997,0.24078665472939487,1.1990949049593356,0.3711967545638945,0.0009455039191325643,0.37833553062628794,0.21712358207540328,1.2619572275282573,0.5606242645464514,0.02098188972263948,15606.242645464527
H1,34,4.0,H4,32,short,0.0,537,24.96998726925525,0.0968087506523666,0.20776670351921633,1.0673098413685826,0.32774674115456237,0.0003151894018505166,0.18570174460313946,0.13478329324630778,1.130436646435083,0.22422771535740504,0.00945161861962851,12242.277153574027
H1,34,4.0,H4,32,short,1.0,511,23.76101209420751,0.06389366903008735,0.22885865628522772,1.0451407119901144,0.32093933463796476,0.00021631443965914652,0.16413440213545427,0.13853748231875518,1.1142177439168388,0.18693341753359993,0.008000516296651883,11869.334175335982
H1,34,4.0,H4,50,both,0.0,805,37.59445723053318,0.10524205972904294,0.2904215042848548,1.0494096707940603,0.32919254658385094,0.0002242826331190817,0.24463228739255805,0.18185918858825945,1.1239568499826156,0.3483207027895028,0.014054967661418338,13483.20702789506
H1,34,4.0,H4,50,both,1.0,773,36.1000191791331,0.0694418526349446,0.28584591875038845,1.0329082994703787,0.32858990944372574,0.00015140124550430627,0.2334590988975488,0.18366403473639625,1.1198669073979366,0.32700118719815663,0.01330045193865792,13270.011871981575
H1,34,4.0,H4,50,long,0.0,470,21.949558879938625,0.3640782016317757,0.1676586336288154,1.246812716986145,0.3553191489361702,0.001096269589275526,0.30759849829183994,0.16789009728152227,1.2041294883575948,0.3668511846307818,0.014701594890521141,13668.51184630782
H1,34,4.0,H4,50,long,1.0,452,21.10893747602608,0.33295780433193656,0.1676586336288154,1.227910464079534,0.3561946902654867,0.0010280939372584409,0.29951671522049156,0.16673468559722016,1.2018487321982976,0.3546614726764483,0.014277179205983481,13546.61472676446
H1,34,4.0,H4,50,short,0.0,485,22.789945966808183,-0.4915044368607367,0.4723885583842171,0.7511945457149724,0.30721649484536084,-0.001172687660417993,-0.20900415720300297,0.2648043062187252,0.8759956142093067,-0.20251146397887687,-0.010576837127924121,7974.885360211231
H1,34,4.0,H4,50,short,1.0,463,21.75617522192204,-0.5420707443525377,0.47550945967097336,0.7248549718365587,0.3045356371490281,-0.0013180809093154009,-0.23353037744378521,0.26884951544237135,0.8599283358017797,-0.22045918412233456,-0.011634554531275931,7795.408158776654
H1,34,4.0,H4,80,both,0.0,882,41.190448791714616,0.26839073684100245,0.19097945514079895,1.1291906169627972,0.33900226757369617,0.000579573506287621,0.39175995300155864,0.13816258669436599,1.1968971440029406,0.6920243080232511,0.02486546691602931,16920.243080232514
H1,34,4.0,H4,80,both,1.0,844,39.41580360567702,0.2456840060487052,0.18576263596646236,1.1200056119563448,0.3400473933649289,0.000546407587769486,0.3858781902541886,0.13643285914925096,1.1969996791626958,0.6780416986021398,0.0244683732530937,16780.416986021384
H1,34,4.0,H4,80,long,0.0,465,21.716052934407365,0.56308267989166,0.14799951262323463,1.4193369638976072,0.36774193548387096,0.0017730487431310232,0.6420043674714822,0.11354762328984402,1.5067312464405083,1.0864117990148467,0.034942832561520865,20864.117990148436
H1,34,4.0,H4,80,long,1.0,442,20.64192558496356,0.5873177846887554,0.1479995126232344,1.4521041515412445,0.3755656108597285,0.001922204564676162,0.6514905729537541,0.11382245102667476,1.5245381200817336,1.0943627630334798,0.03512668797855367,20943.627630334846
H1,34,4.0,H4,80,short,0.0,498,23.540119063025756,-0.20351542659777305,0.3101934097450353,0.8857466223944873,0.3132530120481928,-0.0005341584278043432,-0.021419563356460468,0.17933833270262733,0.9866464528180344,-0.04556614900295253,-0.0022020681306839096,9544.33850997047
H1,34,4.0,H4,80,short,1.0,477,22.547463439886116,-0.2676901573073609,0.3165112464089942,0.8499750821113694,0.3060796645702306,-0.0007200310191051221,-0.0739388894969177,0.18645514410532837,0.9539489167679784,-0.09604952698214109,-0.00476191482826116,9039.504730178585
H1,34,4.0,H4,120,both,0.0,968,45.28781862431152,0.4185767431385267,0.22613959957837637,1.2225113459122123,0.33884297520661155,0.001021414748467265,0.5086397729105598,0.13906740250747773,1.2737337952200656,1.256962886074068,0.03881836178023956,22569.628860740642
H1,34,4.0,H4,120,both,1.0,930,43.50999103368772,0.366009480202165,0.2261395995783767,1.196354113687875,0.3365591397849462,0.0009190271362538696,0.4636010083788083,0.1422414338935225,1.2534589201853321,1.1190718005756803,0.03575897352828905,21190.718005756873
H1,34,4.0,H4,120,long,0.0,522,24.421736902779557,0.5259637321599767,0.2305498962523561,1.398818198220205,0.36015325670498083,0.0017699355872058907,0.5474306977124223,0.20073028896785283,1.4518303938344268,1.12815632426957,0.0359662907795526,21281.56324269568
H1,34,4.0,H4,120,long,1.0,499,23.345683361086206,0.4959395631571411,0.2305498962523559,1.3819453982444547,0.36072144288577157,0.0017232752385679612,0.5372243488727405,0.20087338234173613,1.4534679986036887,1.1089592744376175,0.03552719752817346,21089.59274437621
H1,34,4.0,H4,120,short,0.0,509,23.930010297335567,0.04077893103250424,0.19208435364067888,1.0283515108554142,0.31237721021611004,0.0001326138179748648,0.06867906287981532,0.1384881029466437,1.042988827941272,0.048373060319255146,0.0022233749740145914,10483.73060319252
H1,34,4.0,H4,120,short,1.0,489,22.989734843609217,0.018812490040701048,0.19241117368093852,1.0132797118402972,0.310838445807771,6.305804228624652e-05,0.053443960939364585,0.13448727748932887,1.0337380666682123,0.031257485076686464,0.001448080459936829,10312.574850766847
H1,34,4.0,D1,20,both,0.0,1075,50.29380684001537,0.47470785913295976,0.20997600322933896,1.2470094420990512,0.3413953488372093,0.0011199402077104329,0.521063472768582,0.1528496378491343,1.285605098178821,1.4677699074543984,0.043167261549644564,24677.699074544013
H1,34,4.0,D1,20,both,1.0,1033,48.32883950301012,0.4325544760591,0.20997600322933863,1.2280872141276302,0.34075508228460794,0.0010524519975538213,0.5081380465854216,0.1636831513630086,1.2829355386442505,1.4270019372628653,0.0423545855294043,24270.01937262871
H1,34,4.0,D1,20,long,0.0,635,29.708434738055594,0.6544415193011622,0.17332776605021927,1.4589697843635212,0.3606299212598425,0.0019606728062830136,0.6540515319866332,0.14126883791888267,1.5004438541032097,1.5922446521934428,0.0455716637575867,25922.446521934507
H1,34,4.0,D1,20,long,1.0,608,28.445241449980788,0.6094145271400503,0.17332776605021893,1.4326874058145223,0.36019736842105265,0.0018825286073647154,0.6290316731356358,0.1458780153199699,1.4907616720153902,1.5286485860206556,0.04435731234254292,25286.485860206514
H1,34,4.0,D1,20,short,0.0,563,26.448327974276527,0.020284647878016857,0.30179787252578394,1.0137574329229235,0.31261101243339257,6.492940211639887e-05,0.0974599455851642,0.21020145151803082,1.0662352258893562,0.09110862750346604,0.00410456882483623,10911.086275034644
H1,34,4.0,D1,20,short,1.0,545,25.60273311897106,0.017974594372968937,0.3017978725257845,1.0123911977559161,0.3137614678899083,5.922668309331458e-05,0.09638088428660797,0.21023621482979216,1.0662457123021702,0.08964019466992412,0.004041045454315606,10896.401946699256
H1,34,4.0,D1,32,both,0.0,1143,53.75057937427578,0.30353193207356227,0.3404857830284148,1.1385124882248776,0.33770778652668415,0.0006472863865261476,0.4116065938109459,0.2173832435860551,1.2046147612179479,1.0268245933031896,0.03378041402847565,20268.24593303195
H1,34,4.0,D1,32,both,1.0,1098,51.63441483198146,0.2446875668507245,0.34048578302841326,1.112911601055146,0.33515482695810567,0.000536964645768687,0.39566217235341267,0.21926820590770346,1.2011477178750636,0.9897595681892586,0.03288355018831868,19897.595681892606
H1,34,4.0,D1,32,long,0.0,677,31.840619366469223,0.48173578469683975,0.2331705083733675,1.301586794183808,0.3500738552437223,0.0013931665208118764,0.546132715213217,0.12256533062592478,1.3644078407479117,1.2037791907024817,0.03786259102275569,22037.791907024886
H1,34,4.0,D1,32,long,1.0,650,30.57075714653618,0.4244665365160588,0.2331705083733674,1.268297580902287,0.3476923076923077,0.0012611716133873576,0.5284338355180245,0.12170153670272521,1.3593098830347121,1.1658640927744899,0.037015826674376306,21658.640927744927
H1,34,4.0,D1,32,short,0.0,557,26.30858011121169,-0.07034182069311766,0.2738706020802111,0.9575028476677861,0.3177737881508079,-0.00019977072337067897,0.09063711663289482,0.19167838836295759,1.0615961452914253,0.08252740465608888,0.003752500358057853,10825.27404656089
H1,34,4.0,D1,32,short,1.0,536,25.31669468511574,-0.08364416444981564,0.27387060208021297,0.9487016687362935,0.31716417910447764,-0.0002453891032805517,0.06462689286511136,0.19028498648946723,1.04315395749771,0.046180897715827784,0.0021346537134603327,10461.808977158296
H1,34,4.0,D1,50,both,0.0,1188,56.1704854368932,0.27026163330377456,0.25854962086735667,1.118558717059304,0.3274410774410774,0.0005665315825808609,0.39448443250695087,0.19849830955449466,1.1896488695228342,1.0257881817701433,0.0339421544835119,20257.881817701484
H1,34,4.0,D1,50,both,1.0,1144,54.09009708737864,0.26804231204611717,0.25854962086735744,1.1199582817322775,0.3312937062937063,0.0005783360627594823,0.3864259067559827,0.19761060383608486,1.186951170565102,0.9814574911147882,0.032861051490086224,19814.574911147996
H1,34,4.0,D1,50,long,0.0,684,32.340582524271845,0.5984636326555556,0.1385408656981899,1.3857434653095522,0.3538011695906433,0.0017510004272941074,0.6466243638496875,0.1168797226047561,1.4451229616744683,1.649426783451755,0.04714610153589516,26494.267834517548
H1,34,4.0,D1,50,long,1.0,657,31.063980582524273,0.5951377651701072,0.13854086569818957,1.3931934533081665,0.3576864535768645,0.0017964068762989897,0.6452034840480304,0.1163881323655187,1.4527019571026654,1.6407619841014305,0.04698392683353836,26407.619841014402
H1,34,4.0,D1,50,short,0.0,557,26.538514218627704,-0.19143888741836274,0.3187325791835115,0.8901151680008709,0.2980251346499102,-0.0005436832208671841,-0.07911016159006247,0.25408582576305916,0.9517934510902529,-0.1237553884550423,-0.006274671102455387,8762.446115449558
H1,34,4.0,D1,50,short,1.0,539,25.6808961648839,-0.18841699593300318,0.3155163750707545,0.89029215048211,0.30241187384044527,-0.0005488802444421283,-0.07835457331112641,0.2537842400876944,0.9517834682701577,-0.12235939763947778,-0.006199298116455809,8776.406023605225
H1,34,4.0,D1,80,both,0.0,1202,57.68368151359874,0.34880431377951115,0.27488386474854853,1.1537921654839887,0.3369384359400998,0.0007123965947823513,0.5146459220862185,0.16365262390037782,1.252717408597046,1.4868470183383176,0.04468918947272482,24868.47018338312
H1,34,4.0,D1,80,both,1.0,1168,56.348170651168935,0.36618166819619785,0.2746060542508777,1.1641320797131696,0.3407534246575342,0.0007633594071846524,0.5228128244297924,0.16142619140844472,1.2590385078996316,1.4976019597273598,0.04514808944932858,24976.019597273516
H1,34,4.0,D1,80,long,0.0,682,32.72901064249113,0.5434319723089173,0.1843291730882073,1.3381406760258443,0.3533724340175953,0.0015644033190216466,0.6562137384237834,0.13832063558789087,1.4473539741815056,1.662011943930192,0.04810724321292237,26620.11943930189
H1,34,4.0,D1,80,long,1.0,660,31.840575881653677,0.549823585093276,0.18432917308820707,1.348838424288483,0.3575757575757576,0.0016184595711123578,0.6542298166491596,0.1382276325769055,1.451373135748299,1.6405745933093963,0.047958592746478734,26405.745933093953
H1,34,4.0,D1,80,short,0.0,568,28.054361054766737,-0.18357143484909916,0.3191136153773033,0.8966449505092828,0.31161971830985913,-0.0004891397366044383,0.04941563449942777,0.16505148984175488,1.0315785347788677,0.024507929368972503,0.001196603050166889,10245.079293689698
H1,34,4.0,D1,80,short,1.0,555,27.412271805273836,-0.17327526641710114,0.3188527504259183,0.9011404664477496,0.31351351351351353,-0.0004712482242323612,0.05072305477797163,0.1662213693977812,1.0326176792368713,0.026271364574652845,0.0012816503528914058,10262.713645746528
H1,34,4.0,D1,120,both,0.0,1228,59.69217460739952,0.08284806115499496,0.3748020090055054,1.0327191847002544,0.3273615635179153,0.000156910486733215,0.23507477446007397,0.21240900331203627,1.096855797617256,0.4472687272931746,0.01813221001642984,14472.687272931747
H1,34,4.0,D1,120,both,1.0,1201,59.2470623987034,0.07375071984555939,0.3745624796989887,1.0291839866610726,0.3288925895087427,0.00014096655732686038,0.23960638629500441,0.20816293941402186,1.0989452652531957,0.45320871611311375,0.018609856077594245,14532.087161131141
H1,34,4.0,D1,120,long,0.0,695,33.78343758317807,0.5433540356867442,0.18928498029809315,1.3309892828523056,0.36258992805755397,0.001556715490702544,0.6050660972471913,0.16274567722972888,1.3993675992873924,1.4768972834696736,0.0450752851858085,24768.97283469667
H1,34,4.0,D1,120,long,1.0,678,33.44671799027552,0.5274343746100587,0.18928498029809326,1.3224229133456524,0.36283185840707965,0.0015268725799932547,0.5931461596649082,0.16291293568341458,1.3928369643611107,1.4245002149671389,0.04465760266176666,24245.002149671367
H1,34,4.0,D1,120,short,0.0,572,28.42489795918367,-0.6480261492821852,0.5669909554270621,0.7101546926141364,0.2867132867132867,-0.0013944822982069793,-0.35254068738544037,0.3349518045063835,0.8256196465354435,-0.33446406425608377,-0.02003016715127892,6655.35935743917
H1,34,4.0,D1,120,short,1.0,562,28.387567418061124,-0.6348679086269632,0.5524926741460087,0.7155306837255648,0.2900355871886121,-0.001377813985997117,-0.35235978413069197,0.32858799390347593,0.8267837914101145,-0.3307743968496645,-0.020082812072473755,6692.256031503343
H1,34,5.0,none,0,both,0.0,961,44.6287666878576,0.33281750865562265,0.36788189778107383,1.1567541349029864,0.36940686784599375,0.0009015132050412243,0.4158188325829593,0.24648368850603863,1.2009693802377415,0.9308735638318999,0.031027825825056476,19308.73563831892
H1,34,5.0,none,0,both,1.0,923,42.864049586776865,0.31744405328873515,0.36788189778107294,1.152409565602522,0.3694474539544962,0.000888346845243544,0.39394279742278754,0.2395886206314194,1.1927891362157996,0.8577572409550258,0.02918115860627002,18577.572409550274
H1,34,5.0,none,0,long,0.0,893,41.47612538148525,0.7162776292557491,0.2854186546659112,1.3804197874575432,0.406494960806271,0.002024200350227062,0.7648938912941148,0.19648538657177472,1.409900616422323,2.2093798435330974,0.055652909054727306,32093.798435331013
H1,34,5.0,none,0,long,1.0,858,39.85052136317396,0.6703175580584207,0.2854186546659112,1.361223953702135,0.40675990675990675,0.001942729941432868,0.731320944742165,0.19903008598639715,1.3995520453518744,2.085774647420225,0.05372898480190558,30857.746474202224
H1,34,5.0,none,0,short,0.0,894,41.506737002669375,-0.16593582655764527,0.44326983576607604,0.9251369310147797,0.3243847874720358,-0.00047122067197896987,-0.12802284431646033,0.2783731448700457,0.9429520931005051,-0.22383312529839705,-0.011695386628299609,7761.668747016038
H1,34,5.0,none,0,short,1.0,854,39.64961230456336,-0.17842834028607246,0.45692032445536823,0.9179818558298323,0.32435597189695553,-0.0005255258809738643,-0.13057589797598224,0.2857398202668391,0.9407518284315788,-0.22576863517740353,-0.0118099455909485,7742.313648225967
H1,34,5.0,H4,20,both,0.0,711,33.069241054374125,0.22724625816195185,0.272177425388306,1.1212217930853512,0.36146272855133615,0.000691007127791403,0.2809499226728022,0.17797907929985535,1.1517402115247937,0.42875375862953424,0.016733669358634184,14287.537586295333
H1,34,5.0,H4,20,both,1.0,684,31.81344709028397,0.19232746775869156,0.27217742538830636,1.103530466479966,0.3611111111111111,0.0005983598159386582,0.27653058358681576,0.17602464176831656,1.1523618659367367,0.417478138381264,0.016359055154884894,14174.781383812619
H1,34,5.0,H4,20,long,0.0,566,26.33857816282329,0.5898505578545807,0.17970053305634626,1.4036537169719803,0.39045936395759717,0.00221585164630104,0.5711410715582225,0.17256818783004024,1.390783153254464,1.1037345964225755,0.03521427376870179,21037.34596422584
H1,34,5.0,H4,20,long,1.0,545,25.361351764555994,0.5428250523216244,0.17970053305634615,1.3749930356173383,0.3889908256880734,0.002086945043150863,0.5451109954381715,0.17173782253827785,1.3824918208172434,1.0450118059472526,0.03385135836105313,20450.118059472523
H1,34,5.0,H4,20,short,0.0,512,23.850019130212985,-0.3821304931285813,0.5505327314693551,0.7865606006806365,0.30859375,-0.0013926258135579582,-0.23536644381925653,0.36799242851178926,0.8599565809261046,-0.27957721032050487,-0.015158981778151226,7204.227896794931
H1,34,5.0,H4,20,short,1.0,487,22.68546741487055,-0.3701203290145877,0.550360529087574,0.7883061603081143,0.31006160164271046,-0.0014059760041315152,-0.21837089863893952,0.36019311560200307,0.8673050129571384,-0.26107053074755193,-0.013994686497732278,7389.2946925245105
H1,34,5.0,H4,32,both,0.0,594,27.62043284532145,0.046776105300068815,0.3636481759610023,1.0281597478829436,0.3434343434343434,0.00017437717206414857,0.10834515216795174,0.24443083892333362,1.0666111740271271,0.11656862858071615,0.005140162258460368,11165.68628580715
H1,34,5.0,H4,32,both,1.0,569,26.457956715467855,0.025646303994866646,0.35881463914405376,1.0156829882927663,0.3427065026362039,9.89879440407357e-05,0.10438569087409913,0.2338528077804315,1.0656630905771367,0.11000461915487114,0.0048646286419742335,11100.046191548703
H1,34,5.0,H4,32,long,0.0,401,18.70804061821433,0.5010249028430275,0.1627754136803985,1.4174810016151604,0.40399002493765584,0.002244983915164623,0.42336408688412075,0.13746487824635378,1.3333310164419958,0.5869835429919783,0.021780003327003694,15869.835429919778
H1,34,5.0,H4,32,long,1.0,385,17.961585132200792,0.5055421214957923,0.1627754136803986,1.4337749210446213,0.4077922077922078,0.002338335169530712,0.4300277435213869,0.13685101225760943,1.346427180837539,0.593318637910341,0.021969934828173887,15933.186379103417
H1,34,5.0,H4,32,short,0.0,441,20.50607893061744,-0.06420656325113236,0.3054213901224033,0.9551840351952102,0.3287981859410431,-0.0002811911025317747,-0.02450459019634802,0.20887617988680784,0.9824982935348722,-0.06563914927430292,-0.003151961580291407,9343.608507256964
H1,34,5.0,H4,32,short,1.0,417,19.390101845957986,-0.06608188690712735,0.31068128468460177,0.9527048407882851,0.328537170263789,-0.0003038859074013422,-0.024991442212642295,0.20937515376637328,0.9817810637020399,-0.06597099341231116,-0.0031684267441323133,9340.290065876883
H1,34,5.0,H4,50,both,0.0,520,24.2660022997317,0.08264526095806234,0.30004968031908175,1.047542164827861,0.34615384615384615,0.0002762341814221924,0.3039051456034523,0.12339742736233084,1.2058063332725966,0.435234341970022,0.01700447600494792,14352.343419700195
H1,34,5.0,H4,50,both,1.0,497,23.25211348789548,0.10600870247284545,0.2950031707600911,1.0627049736560785,0.35412474849094566,0.00036576105215896994,0.3311733555464967,0.12203840148686873,1.2316652864795194,0.4859323089546024,0.018701541925269405,14859.323089545996
H1,34,5.0,H4,50,long,0.0,333,15.555473845760329,0.5412037815244714,0.16529654482170963,1.4881888050734393,0.4084084084084084,0.002559712430271658,0.5665748429078339,0.13142093359680596,1.5501652118266571,0.8283680975547854,0.028588853908344536,18283.680975547875
H1,34,5.0,H4,50,long,1.0,320,14.94820309502494,0.5116626137824841,0.1652965448217092,1.46719735660194,0.4125,0.0024635004630978387,0.5523850363994962,0.12782807531492446,1.5417295177085915,0.7797750130124577,0.027295389198699338,17797.750130124576
H1,34,5.0,H4,50,short,0.0,348,16.239555385205062,-0.5697275271721006,0.5794515259217284,0.6547647292638452,0.29310344827586204,-0.0023641126776165556,-0.3387500354359461,0.28666687231078125,0.7749904312628807,-0.288636626420706,-0.01576729442015945,7113.633735792931
H1,34,5.0,H4,50,short,1.0,332,15.576493256262042,-0.5470855841777204,0.5663012557261127,0.6602552123758902,0.29819277108433734,-0.0023525406952670715,-0.3309610542592386,0.28000011684147397,0.7770762485142034,-0.2785993288687938,-0.01520451734443995,7214.006711312045
H1,34,5.0,H4,80,both,0.0,496,23.169714797288655,0.19726422465266927,0.1950865613866063,1.1203510063734756,0.3649193548387097,0.0006667941791123689,0.3886373927986005,0.11868658696277845,1.2712801305779544,0.5465373371045372,0.020576627709671724,15465.373371045373
H1,34,5.0,H4,80,both,1.0,474,22.14202583450569,0.19199446754580152,0.19508656138660596,1.119769079594619,0.3649789029535865,0.0006734464070384078,0.39183077950324297,0.11842243016194243,1.2792663373085595,0.5492039608713697,0.020658762904724126,15492.039608713718
H1,34,5.0,H4,80,long,0.0,291,13.593522189538305,0.46409262809341284,0.1955564872487644,1.4326327245788641,0.41580756013745707,0.0022513013687594143,0.5727640615145416,0.1304588215230299,1.612523397314019,0.7623316622641274,0.02682285175122545,17623.31662264132
H1,34,5.0,H4,80,long,1.0,276,12.89282516945901,0.466244538384714,0.19555648724876495,1.4493538527393823,0.42028985507246375,0.002352686668073515,0.5717401649423699,0.13063108725467887,1.6305189550377723,0.7556163064595112,0.02663974432815963,17556.16306459513
H1,34,5.0,H4,80,short,0.0,300,14.105947476828012,-0.5039988080289547,0.5421900967913772,0.6724072595307854,0.30333333333333334,-0.0021997234055216703,-0.36432158219802424,0.2916821874867641,0.7544041598104545,-0.2666751026698845,-0.014478140323626154,7333.2489733011535
H1,34,5.0,H4,80,short,1.0,285,13.400650102986612,-0.5470074633418132,0.5384286250194759,0.6422833862912816,0.3017543859649123,-0.002464526268992182,-0.3779168387732679,0.2846637995918153,0.7403435309169448,-0.27509142569453127,-0.01501290112582998,7249.08574305469
H1,34,5.0,H4,120,both,0.0,546,25.544575381068274,0.39778045389174543,0.18565904227511842,1.2666125277241287,0.38095238095238093,0.0014570164221677227,0.47149517786950984,0.13154246581307039,1.3304839315745498,0.7981557836319324,0.027831870011123305,17981.557836319345
H1,34,5.0,H4,120,both,1.0,524,24.515306775970284,0.36835266545545226,0.18565904227511776,1.251142068324787,0.37786259541984735,0.0013936217530363206,0.4670948702197037,0.13217652220500997,1.3308056357061688,0.7781606678707642,0.02729429752585899,17781.606678707594
H1,34,5.0,H4,120,long,0.0,306,14.31619059818112,0.6120535888705283,0.18891313071132476,1.5818658020861678,0.43137254901960786,0.0029377493314007236,0.6880338466325984,0.12795232961400083,1.7310305047177346,1.0174250158177256,0.03337970290989034,20174.250158177278
H1,34,5.0,H4,120,long,1.0,290,13.56763161265531,0.5861573866195264,0.18891313071132432,1.5717011369878546,0.43103448275862066,0.0029299311662960323,0.6741618393642984,0.12883873724168737,1.7400169936748466,0.9911085435043245,0.03274508698189704,19911.085435043227
H1,34,5.0,H4,120,short,0.0,299,14.03543888960288,-0.0014126925145717109,0.2021975416413182,0.9987915422879569,0.3277591973244147,-6.982186175324319e-06,0.015446385897429835,0.13829584171072473,1.0128189482015275,-0.004326531601981376,-0.00020351277961838665,9956.73468398016
H1,34,5.0,H4,120,short,1.0,288,13.519084950520499,0.012830863672274413,0.2021975416413193,1.011278180017988,0.3298611111111111,6.55233916582373e-05,0.05493674486139455,0.13469204012026437,1.0490342985176935,0.03189184101064657,0.0014747537801687027,10318.918410106455
H1,34,5.0,D1,20,both,0.0,601,28.117746893813244,0.625008212679622,0.1345213755644672,1.4289230967347453,0.39767054908485855,0.002302594030879525,0.6667818751268378,0.08269057765443788,1.4788311963093461,1.4161896412308659,0.042136868117313764,24161.896412308644
H1,34,5.0,D1,20,both,1.0,575,26.901338542333804,0.5970714311029742,0.13452137556446697,1.4182659467986662,0.39652173913043476,0.0022783040380997483,0.6385108921754107,0.08887580007322504,1.4595144547731318,1.3102729915621336,0.0399536043759845,23102.729915621352
H1,34,5.0,D1,20,long,0.0,344,16.09401818880492,0.695327525531863,0.19332365813808727,1.628311707562968,0.436046511627907,0.003096160938141716,0.7294215837275491,0.11694324813177381,1.7086534950951713,1.0679855625469656,0.03457712065554319,20679.855625469634
H1,34,5.0,D1,20,long,1.0,327,15.298674266683745,0.6583182124178802,0.19332365813808738,1.607242242608249,0.43425076452599387,0.003045338839263015,0.6911804117962091,0.1217963293935016,1.6858932391369599,0.992754411017881,0.032785010433408424,19927.544110178802
H1,34,5.0,D1,20,short,0.0,317,14.891864951768488,0.19529811143360154,0.17936049737845616,1.1779919420068337,0.34069400630914826,0.001036164369869689,0.2077653728206699,0.11928981287433549,1.1911508383216916,0.21148544554573978,0.009053237416316806,12114.85445545737
H1,34,5.0,D1,20,short,1.0,306,14.375112540192927,0.1882634114636118,0.17936049737845583,1.1751441391232131,0.33986928104575165,0.0010273156827939362,0.20605301668129156,0.11949207244730586,1.1931474132160658,0.20915705850388466,0.008962049155837759,12091.570585038824
H1,34,5.0,D1,32,both,0.0,660,31.037079953650057,0.511644635901617,0.25636594206564156,1.3069716746511704,0.3878787878787879,0.0016613415091264615,0.6330408524964451,0.1248222918915678,1.4083355992153945,1.2800002243682411,0.039518452052544006,22800.00224368245
H1,34,5.0,D1,32,both,1.0,629,29.579277713402856,0.4823460130123484,0.25636594206564167,1.2956682595560796,0.3863275039745628,0.001628616001220143,0.6012584853284498,0.1257663805673419,1.3974038258404902,1.198862858775926,0.037748629257274846,21988.628587759264
H1,34,5.0,D1,32,long,0.0,387,18.201358485706926,0.6553739296923395,0.18997332843136683,1.5560435860334187,0.4289405684754522,0.002717903602075461,0.7260669688918348,0.109196687652371,1.6646618690761685,1.120180653701238,0.035976602944920444,21201.8065370124
H1,34,5.0,D1,32,long,1.0,369,17.354783672418232,0.6030703965522639,0.18997332843136638,1.5194663935056156,0.4254742547425474,0.0025921271261053463,0.6841458772421005,0.10985870444526546,1.6375029112557538,1.0300713032520594,0.03386266146347516,20300.713032520627
H1,34,5.0,D1,32,short,0.0,320,15.114444588128798,0.09852178232432092,0.2205607422774415,1.077189973094438,0.340625,0.0004547457622198642,0.16988291878735698,0.14478109073127554,1.142522113173417,0.15332462011269232,0.006760425958485916,11533.246201126873
H1,34,5.0,D1,32,short,1.0,305,14.405954998060261,0.08775085395853592,0.22056074227744105,1.0703409841495841,0.3377049180327869,0.00042164861752621164,0.17016139164776933,0.14408243664956777,1.145929768828144,0.15273299342841695,0.006736027033412473,11527.329934284135
H1,34,5.0,D1,50,both,0.0,694,32.813398058252425,0.28772178628461603,0.2640722274710252,1.1547848656861988,0.3631123919308357,0.000898175071572338,0.379656326131756,0.13760582305075109,1.214867338511058,0.6447438293986341,0.023805507991835784,16447.438293986303
H1,34,5.0,D1,50,both,1.0,667,31.536796116504853,0.2599851454269037,0.26407222747102577,1.1421435602716181,0.36431784107946025,0.0008339908399813065,0.3548822831655613,0.14370836983718216,1.2018138818533082,0.5792570750608979,0.021840609319403237,15792.570750608975
H1,34,5.0,D1,50,long,0.0,399,18.865339805825244,0.5761417134746452,0.13875565330259276,1.46133960698738,0.40852130325814534,0.0024176337105006698,0.6410970262581671,0.11156869748176201,1.5482604770753545,0.9983199763602679,0.03327497112953037,19983.199763602694
H1,34,5.0,D1,50,long,1.0,382,18.06155339805825,0.5408397351056814,0.1387556533025931,1.4411524085733325,0.4083769633507853,0.0023402583052603725,0.6119125245870027,0.1106007075335198,1.5302911906003913,0.9251836221370744,0.03145500021573899,19251.83622137076
H1,34,5.0,D1,50,short,0.0,318,15.155206158663884,-0.19509346685384035,0.30740682794197494,0.8639414362019078,0.3081761006289308,-0.0008712752408720257,-0.14588892884222737,0.17867351022008404,0.8952461656007528,-0.13811671257412939,-0.007058619011064082,8618.832874258711
H1,34,5.0,D1,50,short,1.0,307,14.630969467640918,-0.19037860691311045,0.3074068279419754,0.8649505549424572,0.3127035830618892,-0.0008715806526798889,-0.1454493230811254,0.18032616639385435,0.8942911200146143,-0.13667341428028867,-0.0069794382056938,8633.2658571971
H1,34,5.0,D1,80,both,0.0,720,34.561703246155865,0.3893741535862997,0.21198785240703222,1.2123240599972764,0.3736111111111111,0.0011934484226849256,0.5514832313747996,0.11426957938988258,1.3326931460177394,1.2193191508836096,0.039009138916500374,22193.191508836077
H1,34,5.0,D1,80,both,1.0,697,33.74145129224652,0.4153935909500669,0.21168594484181413,1.2308278527962306,0.3802008608321377,0.0013031518625366586,0.5668598509867195,0.11277782747622989,1.3444018342775965,1.241393679690475,0.03984455736245329,22413.936796904705
H1,34,5.0,D1,80,long,0.0,408,19.584965172821658,0.536027212960575,0.1936958217603869,1.4013811239329426,0.41911764705882354,0.0021671410644607692,0.6778553841456886,0.10272831147864137,1.5765683740485101,1.1368555572889436,0.037122337357362145,21368.55557288951
H1,34,5.0,D1,80,long,1.0,393,19.387256888168558,0.5527902554348543,0.19369582176038724,1.4188222870928433,0.42493638676844786,0.0022713893177291173,0.6921545995858539,0.10247661784262685,1.5923416487679252,1.140068492596709,0.03824649520973389,21400.68492596713
H1,34,5.0,D1,80,short,0.0,337,16.353029095257074,-0.06940780883838545,0.23760722311251092,0.9489095888134312,0.3086053412462908,-0.0003085153953725301,0.11602140953512291,0.11405568002960031,1.0965205611175939,0.10195069967916259,0.004722046596609131,11019.506996791599
H1,34,5.0,D1,80,short,1.0,328,15.916301315265045,-0.051599455738643246,0.2373151309820627,0.9613292021633554,0.31402439024390244,-0.00023514464722353866,0.1467932310909593,0.11430568722485468,1.1280555507368895,0.14149246819490435,0.006442337003271126,11414.924681949002
H1,34,5.0,D1,120,both,0.0,742,36.03929521276596,0.23224539774753875,0.3133915150727168,1.1165742260231806,0.3692722371967655,0.0006759747628069795,0.4093662567723203,0.20016131140143223,1.216397805280411,0.7303097267344718,0.02698899389886522,17303.09726734473
H1,34,5.0,D1,120,both,1.0,722,35.61730145867099,0.2145266956165259,0.3133915150727168,1.107873762404125,0.3698060941828255,0.0006326275904847195,0.3893449412381654,0.1998902359814334,1.2051660544568175,0.6689491274065078,0.02558920019586486,16689.49127406512
H1,34,5.0,D1,120,long,0.0,426,20.69102393617021,0.477290967470665,0.21271116362098508,1.3452531691501173,0.4107981220657277,0.0019471298279270498,0.5961954875838285,0.1317083090913974,1.4500769669466007,0.8869299954446836,0.03132035788245657,18869.299954446833
H1,34,5.0,D1,120,long,1.0,413,20.37388573743922,0.44900674489640263,0.21271116362098574,1.325487941380128,0.4092009685230024,0.0018580050555114737,0.5842710289781146,0.1287275603382485,1.444158675983691,0.851496154282954,0.03085429877634982,18514.961542829566
H1,34,5.0,D1,120,short,0.0,334,16.64531313958248,-0.2905212818363388,0.3356862158396252,0.8159878330770681,0.3143712574850299,-0.0011078976566107086,-0.08960970929855572,0.15919469104243633,0.9373901731517232,-0.09518736693029684,-0.004972587352422231,9048.126330697045
H1,34,5.0,D1,120,short,1.0,327,16.80787362792007,-0.28146331667350827,0.32325806924895306,0.822522451013661,0.3180428134556575,-0.0010786934318351784,-0.08926354698510237,0.16357289494868,0.9383883881503208,-0.09330690799565189,-0.005022064038970653,9066.930920043498
H1,34,2.5,none,0,both,0.0,3705,171.97245520396493,0.14761897878521124,0.30284536842538345,1.0371910403759668,0.2628879892037787,0.00010412695366320345,0.22529524680182897,0.2709842427656377,1.058584340205691,0.5318607164085203,0.019993012940992205,15318.607164085179
H1,34,2.5,none,0,both,1.0,3569,165.65983606557378,0.08283495356438829,0.30284536842538357,1.021041956191206,0.2588960493135332,5.961995949624966e-05,0.2184710787038074,0.2827515221423168,1.0574494665330663,0.5159041401528479,0.01949738639514753,15159.041401528471
H1,34,2.5,none,0,long,0.0,3440,159.672131147541,0.35075020664845186,0.4517086496180738,1.104347691611788,0.24738372093023256,0.0002796129367730283,0.39699707894945513,0.48261922550061487,1.1333250728070012,1.6478311423325005,0.046234434190567386,26478.31142332474
H1,34,2.5,none,0,long,1.0,3308,153.54517727792606,0.3209828713531095,0.4517086496180742,1.0971027575129635,0.24727932285368803,0.0002625533285267898,0.3884162108946099,0.4888896511135953,1.13180283467731,1.6182558352567624,0.04568910056647191,26182.558352567514
H1,34,2.5,none,0,short,0.0,3441,159.71854746473505,-0.4603262547853004,0.7142843452016145,0.8869594162793459,0.24091833769253124,-0.00031946098171798065,-0.4200639873814982,0.7454619357214375,0.8981188955754719,-0.7331365853036386,-0.059474770290026346,2668.6341469636527
H1,34,2.5,none,0,short,1.0,3305,153.42542577529233,-0.46297760754156503,0.7119434594630814,0.8840574217827559,0.23963691376701968,-0.0003305517168433324,-0.4196324513170301,0.7424619891356171,0.8971711923641221,-0.7299770857100465,-0.058968076945273284,2700.2291428995613
H1,34,2.5,H4,20,both,0.0,2332,108.339226659883,0.02163541340600239,0.3240336232093255,1.0074025601283967,0.24056603773584906,1.993217820385829e-05,-0.06605334253060952,0.45375351532316277,0.9790137499743694,-0.21793324567838546,-0.011355033527555403,7820.6675432161755
H1,34,2.5,H4,20,both,1.0,2241,104.11158102264056,0.007957965723826725,0.32403362320932594,1.0027704768852002,0.2391789379741187,7.534593148816347e-06,-0.06698558011546533,0.45926907578188925,0.9784721907390086,-0.2198874867080256,-0.011469941400232941,7801.125132919725
H1,34,2.5,H4,20,long,0.0,1165,54.205891719745225,0.34585120276233716,0.1958377451310681,1.195262538348289,0.263519313304721,0.0005419784718293002,0.38354003160186867,0.22333758746075305,1.245112381438127,0.9860496805122085,0.03244061571369783,19860.49680512204
H1,34,2.5,H4,20,long,1.0,1123,52.25168789808917,0.3377605823454836,0.195837745131069,1.194192477367394,0.26357969723953695,0.0005431854929269371,0.3819101226039799,0.2228032408694346,1.2472665927045021,0.981747411173675,0.032336445862174656,19817.474111736716
H1,34,2.5,H4,20,short,0.0,1695,78.74570719918596,-0.46770096963445296,0.5746794521585419,0.8366963068297346,0.22123893805309736,-0.00045170518423493124,-0.5033069244241559,0.6460505407630781,0.8307314057454871,-0.6360059606560635,-0.04586577630493638,3639.940393439363
H1,34,2.5,H4,20,short,1.0,1624,75.44721444924956,-0.46523377641373076,0.5619248152766276,0.8341842771475141,0.21982758620689655,-0.00046415911891912846,-0.5034472140076405,0.6408327692475174,0.8292249420576104,-0.6335123206831244,-0.04556309080354015,3664.87679316876
H1,34,2.5,H4,32,both,0.0,2361,109.79822383498855,-0.15520606170502035,0.5365044178835776,0.9509548481379548,0.23930537907666244,-0.00013438043147196156,-0.08831213082078342,0.5464690339965257,0.9716870800855987,-0.2939943191357276,-0.016059514976048628,7060.056808642719
H1,34,2.5,H4,32,both,1.0,2267,105.42675706646295,-0.16160232569270316,0.5365044178835756,0.9479754115011823,0.23952359947066607,-0.00014385609608520063,-0.086481713860175,0.5412962261801375,0.9719778610624852,-0.2886162107453545,-0.01571220502749804,7113.837892546484
H1,34,2.5,H4,32,long,0.0,1074,50.00363288718929,0.13754688076764338,0.3539782466471382,1.0653085471132355,0.27001862197392923,0.00017474600290965633,0.16027620251922592,0.41136555953697773,1.0759312395619616,0.21598557916365713,0.009146282164554709,12159.855791636579
H1,34,2.5,H4,32,long,1.0,1034,48.14130019120459,0.1613751070180841,0.35397824664713806,1.0785384751062637,0.2727272727272727,0.00021153794482048683,0.18526072016741776,0.4014769861989754,1.0894835537998775,0.26359468981160483,0.010952353960445915,12635.946898116068
H1,34,2.5,H4,32,short,0.0,1622,75.43105423987778,-0.3177134377588883,0.49193319020464776,0.8822714741523857,0.22318125770653513,-0.0003267739511556294,-0.27540375345336465,0.47780010856103017,0.8971685897874329,-0.4416898215118584,-0.026740938388134294,5583.101784881419
H1,34,2.5,H4,32,short,1.0,1552,72.17570664629488,-0.34680770152564067,0.5101447649642165,0.8693556875298639,0.22164948453608246,-0.0003664153774432649,-0.2753393598710659,0.47803914895015587,0.895588710392933,-0.44192970330343384,-0.02676038923423274,5580.7029669656595
H1,34,2.5,H4,50,both,0.0,2546,118.61307397959183,-0.15042505131202455,0.45468206430276703,0.9541724636130777,0.2391987431264729,-0.00012152276691006632,-0.10560846679741238,0.5548891804529101,0.9673043047616587,-0.35230678375972946,-0.020031596405748253,6476.932162402718
H1,34,2.5,H4,50,both,1.0,2448,114.04744897959183,-0.14151355771319546,0.44158648511230847,0.9560069561296672,0.23937908496732027,-0.0001175755916434753,-0.1041012756757425,0.5473649772990923,0.9674752945097204,-0.3448021942472421,-0.019505510785006064,6551.978057527638
H1,34,2.5,H4,50,long,0.0,1156,53.97277259363416,0.16069540053300305,0.2960994568835834,1.0777610628295304,0.26211072664359863,0.00019872072986664016,0.1068614167186834,0.433281351711986,1.0505153865599821,0.1205595153292145,0.005328697148168748,11205.59515329206
H1,34,2.5,H4,50,long,1.0,1108,51.73168861050748,0.16049436711744602,0.2960994568835832,1.079441809938932,0.26263537906137185,0.000205024106639152,0.10879482650088562,0.43250625741025794,1.052035181347802,0.12381122734058336,0.00546471694702122,11238.112273405815
H1,34,2.5,H4,50,short,0.0,1585,73.84199617346938,-0.45529661945727223,0.5441400960602436,0.8373333313981164,0.22334384858044165,-0.00045008167168460156,-0.34482456132480516,0.5179456921166338,0.8702533521540727,-0.5118837041501103,-0.03286094650511806,4881.1629584989205
H1,34,2.5,H4,50,short,1.0,1525,71.04671556122449,-0.45801459714901194,0.5408301106705843,0.83356510540974,0.22229508196721312,-0.00046406168371826347,-0.3455391469823271,0.5172603099643658,0.8686349963204179,-0.5112001086109144,-0.032797887194094044,4887.998913890867
H1,34,2.5,H4,80,both,0.0,2733,127.45508810010215,0.06365653731730721,0.4272471308498388,1.0194342533284615,0.24624954262714965,5.173745581582478e-05,0.1238644438387988,0.47166043249878775,1.038631117064779,0.18024856843669035,0.007758630949139755,11802.485684366931
H1,34,2.5,H4,80,both,1.0,2627,122.51171475995913,0.06020046556597674,0.427247130849838,1.0187036765015265,0.24628854206318995,5.0164526029343446e-05,0.12574640244987162,0.4697350381429969,1.0396221091510875,0.18535912522042586,0.007961714146982768,11853.591252204309
H1,34,2.5,H4,80,long,0.0,1277,59.62217180109933,0.35347411969797204,0.2316522222855183,1.1730617980688391,0.27094753328112764,0.00043815263328111047,0.42995246362889356,0.29596872097132787,1.2168681273350552,0.9321976861153338,0.03122998526344789,19321.9768611533
H1,34,2.5,H4,80,long,1.0,1211,56.540681324300145,0.3829647321025834,0.2316522222855164,1.1930965683304082,0.2741535920726672,0.0004939520798460972,0.43683688747062815,0.29451157890725277,1.2236174948432115,0.9405569924816859,0.03143785780232,19405.569924816886
H1,34,2.5,H4,80,short,0.0,1596,74.43041368743616,-0.15014450408967142,0.4684443189842723,0.9413015212174941,0.224937343358396,-0.00016246835718756127,-0.22828418020262073,0.4683976049941255,0.9156948186240265,-0.36287402153293624,-0.020803324059233463,6371.259784670659
H1,34,2.5,H4,80,short,1.0,1552,72.37844739530132,-0.17531433490880755,0.46844431898427097,0.9307423451765066,0.22358247422680413,-0.00019251172739886567,-0.24990521795960577,0.4741545701675557,0.907811181344262,-0.3865278457902811,-0.0225294393200961,6134.7215420972325
H1,34,2.5,H4,120,both,0.0,2863,133.87668032262195,0.3120367480880923,0.41081201583775195,1.1006369086562595,0.25637443241355223,0.00026554015329636175,0.3779011219548581,0.38601115342842496,1.1355644812171557,1.2390190073844058,0.038410436186171015,22390.190073844155
H1,34,2.5,H4,120,both,1.0,2749,128.54592881833312,0.28989295399851767,0.4108120158377523,1.0951453597654877,0.2553655874863587,0.00025322866100180904,0.3710979834799514,0.39013565208862755,1.1349718546089875,1.2185483001936852,0.037964546571181534,22185.483001936922
H1,34,2.5,H4,120,long,0.0,1362,63.7047637341529,0.47304521409447325,0.26404116653774623,1.2473718811283692,0.27165932452276065,0.0006213852044290048,0.47030552479253496,0.2880186284453702,1.2934766369260968,1.4352383215251057,0.04250869643311561,24352.383215250924
H1,34,2.5,H4,120,long,1.0,1294,60.524202842873606,0.44537710119914753,0.26404116653774645,1.2372614238678583,0.2704791344667697,0.0006048273341767011,0.4643589648099505,0.29042598368851147,1.2803972864520168,1.3403645337877492,0.04057282672412299,23403.645337877355
H1,34,2.5,H4,120,short,0.0,1601,74.98913182867402,-0.0066050606870159114,0.35566177467524984,0.9973428051159805,0.24172392254840724,-7.289327490550526e-06,-0.013466476531869968,0.37203129740546725,0.9946642733036646,-0.08549274564363396,-0.004177240717737396,9145.07254356373
H1,34,2.5,H4,120,short,1.0,1552,72.69402410874584,-0.006754308154868614,0.35566177467525006,0.9972332448668981,0.24097938144329897,-7.619894324159098e-06,-0.012982993101121162,0.371721263820986,0.9948035153991471,-0.08432115400423412,-0.004117521634858123,9156.788459957717
H1,34,2.5,D1,20,both,0.0,3079,143.97705159390603,0.1960036356842306,0.44368043489098685,1.0595170929876498,0.252029879831114,0.00016125959281601478,0.23931211101167899,0.4667148093430282,1.0786799185196025,0.6463833174057336,0.02358803187014602,16463.833174057312
H1,34,2.5,D1,20,both,1.0,2957,138.27221226475484,0.18415212931744115,0.4436804348909883,1.0569675998412178,0.25126817720662836,0.00015579177538134126,0.23848585339428868,0.4699054242926517,1.0794561073745472,0.6433333748358065,0.023499284959930256,16433.33374835808
H1,34,2.5,D1,20,long,0.0,1753,81.98249039692702,0.38229067067613115,0.22703189370760302,1.1653993409624297,0.26012549914432403,0.00043507508589726103,0.38579358832082816,0.25487831951148077,1.1959926358191866,1.1931826286903586,0.03741144098673055,21931.8262869035
H1,34,2.5,D1,20,long,1.0,1676,78.38143405889885,0.3496933852172849,0.22703189370760302,1.153742461886107,0.25894988066825775,0.00040919314018638325,0.37713402478332475,0.25296320379849746,1.1859649540167436,1.104190338028983,0.035403684419722525,21041.90338028987
H1,34,2.5,D1,20,short,0.0,1550,72.60965756060023,-0.1626362272815534,0.38750985820108874,0.9373341477079208,0.24645161290322581,-0.00017287620500581658,-0.10138412434747489,0.36331664278528997,0.9621102818384641,-0.20369098636163607,-0.010613056364629614,7963.090136383659
H1,34,2.5,D1,20,short,1.0,1499,70.22056560215466,-0.16392238291400918,0.3875098582010891,0.9356808299193501,0.24549699799866578,-0.0001783388296582671,-0.10106919256105594,0.3629788690663034,0.9618445173285932,-0.20252983575487016,-0.010545520546582199,7974.701642451334
H1,34,2.5,D1,32,both,0.0,3149,147.89407869358365,0.04581021220177502,0.4613821486218135,1.013577526893287,0.2381708478882185,3.768439241434452e-05,0.12677641711215046,0.46330803961708644,1.0421978345270426,0.198816793245979,0.00855284416313884,11988.16793245978
H1,34,2.5,D1,32,both,1.0,3027,142.16429857271442,-0.001788035085046129,0.46138214862181615,0.9994632904903387,0.2358771060455897,-1.5079784416604507e-06,0.08304998305379135,0.48139157372322394,1.026847255494369,0.050745382491929725,0.0023274828546413495,10507.45382491926
H1,34,2.5,D1,32,long,0.0,1821,85.62310118434604,0.21641563018326374,0.25580185593191174,1.0892865551696982,0.23887973640856672,0.0002444504875913885,0.2642068349347434,0.2759888443583156,1.122035087814759,0.6678789481294871,0.024344729351233108,16678.789481294778
H1,34,2.5,D1,32,long,1.0,1750,82.28469361483008,0.1688271586926986,0.2558018559319112,1.0704512352547062,0.23657142857142857,0.0001951492970353569,0.25460034201238124,0.2790012265096743,1.1190716608201876,0.642473999595778,0.023605714820601476,16424.739995957767
H1,34,2.5,D1,32,short,0.0,1481,69.55577343448631,-0.18311010253966753,0.4349371547884824,0.9268746258967382,0.23970290344361916,-0.00020311183095533423,-0.1465494614178328,0.42546446163329854,0.9403045206876407,-0.264892748629285,-0.014349138044103205,7351.072513707162
H1,34,2.5,D1,32,short,1.0,1426,66.97267583901248,-0.22633036030661274,0.4349371547884844,0.9087261545997894,0.2370266479663394,-0.0002566667779431604,-0.1747027457552265,0.4284497296751706,0.9287550376128881,-0.30196835123865395,-0.016741904960482668,6980.316487613493
H1,34,2.5,D1,50,both,0.0,3171,149.87160326086956,0.027889882286462123,0.45018520879270163,1.0080428381129898,0.239041311888994,2.2302302088276368e-05,0.10705808798837864,0.5061120209941542,1.035076316637253,0.12948712826000386,0.005771531586706624,11294.871282600036
H1,34,2.5,D1,50,both,1.0,3054,144.34180900621118,0.03925556217387217,0.45018520879270074,1.0115531566797669,0.2383759004584152,3.22792976835883e-05,0.12944327781094422,0.4793281072124823,1.0423206840716737,0.20664676788580905,0.008917695031181339,12066.467678857996
H1,34,2.5,D1,50,long,0.0,1837,86.82249611801242,0.2417471292054004,0.29418838808477576,1.0988274192138145,0.23734349482852476,0.0002638368211566102,0.3229914027175465,0.31584648910919333,1.1518242353848296,0.9344526195768057,0.03167677128578239,19344.526195767972
H1,34,2.5,D1,50,long,1.0,1768,83.5613354037267,0.2502165541565432,0.29418838808477854,1.1047741242514169,0.23755656108597284,0.00028070641141257597,0.32536717920885594,0.3133497724091012,1.1550587461165835,0.939105286109859,0.03179391351843397,19391.052861098535
H1,34,2.5,D1,50,short,0.0,1449,69.0382533263762,-0.26462996513258397,0.45900810871088915,0.8985644113156209,0.2401656314699793,-0.00029096735330262223,-0.2979205352299009,0.4951308994420973,0.8939762939920415,-0.40107563668170565,-0.0241281548373542,5989.24363318296
H1,34,2.5,D1,50,short,1.0,1398,66.60833550743543,-0.2759482775724895,0.4590081087108887,0.8929111497522512,0.2374821173104435,-0.0003110860565934225,-0.2978040876157793,0.49466993889679034,0.89309590036697,-0.40013284802635773,-0.02405501883057415,5998.671519736473
H1,34,2.5,D1,80,both,0.0,3177,151.9443826109729,0.015992819196610254,0.3801674243366241,1.0046089732588932,0.23921938936103243,1.2825162466105792e-05,0.17390447121900082,0.40534389117063774,1.055669225685076,0.3724406479796063,0.015256593541057129,13724.406479796004
H1,34,2.5,D1,80,both,1.0,3085,147.97061720288906,0.04777061163038208,0.38016742433662465,1.0139916567488352,0.24051863857374392,3.919272802821672e-05,0.1855418975447196,0.40318664989600883,1.0599625542383901,0.4142929266278681,0.016764915776336764,14142.929266278757
H1,34,2.5,D1,80,long,0.0,1758,84.34381978195192,0.3335379550540384,0.2211995607139391,1.1394304471792485,0.2445961319681456,0.0003816254134190683,0.43850691155113436,0.23737522862206717,1.219155976491733,1.4820273866386309,0.04457996483777893,24820.273866386182
H1,34,2.5,D1,80,long,1.0,1705,81.8010311309602,0.34470932036075863,0.22119956071393965,1.1467229194577444,0.24574780058651027,0.0004037373220173166,0.44101403753976276,0.2364919599983829,1.222793762119413,1.4872095964888756,0.04468449779959904,24872.095964888696
H1,34,2.5,D1,80,short,0.0,1515,72.45695299201257,-0.3930202549091456,0.5092692835098331,0.8517131362216052,0.22838283828382838,-0.0004203693553923793,-0.2400501145876699,0.5000252601000887,0.9066244702054383,-0.40088066143902956,-0.024203468130670203,5991.193385609711
H1,34,2.5,D1,80,short,1.0,1475,71.14006998547471,-0.3531028235184255,0.4903827446257878,0.8648811363241794,0.22983050847457628,-0.0003857227693638925,-0.24232435734433147,0.5019097318109206,0.9060140015449584,-0.39818090957019525,-0.024193918008939663,6018.190904298081
H1,34,2.5,D1,120,both,0.0,3177,154.24687624617837,0.04159255101614851,0.47464103358638743,1.011875705501639,0.23984891406987724,3.323218366976794e-05,0.10797098708077336,0.4471303803572386,1.0330042656958667,0.12184899162676088,0.005597929867744433,11218.489916267468
H1,34,2.5,D1,120,both,1.0,3105,150.85145650438946,0.03656209144800145,0.47464103358639265,1.0105438730719591,0.2396135265700483,2.9689366020705345e-05,0.10952685016317788,0.4447426746328843,1.033634617292604,0.12707123749728644,0.005828585461358227,11270.712374972785
H1,34,2.5,D1,120,long,0.0,1760,85.44995347600691,0.3739117885823709,0.22213399349881502,1.1575092355949976,0.25170454545454546,0.00043646666408179475,0.4197260897243686,0.23003680900405188,1.200131592123372,1.3219550343282243,0.041747839199191006,23219.550343282153
H1,34,2.5,D1,120,long,1.0,1715,83.32053072625699,0.3540752984568921,0.22213399349881557,1.1507578867676294,0.2513119533527697,0.0004201708075887769,0.4144281313934726,0.22918963240847556,1.1989862220166283,1.308492512380628,0.041481913510725166,23084.925123806133
H1,34,2.5,D1,120,short,0.0,1492,74.07271985863804,-0.43154380145308247,0.5285153446905828,0.8451558651952917,0.22654155495978553,-0.0004330596037019398,-0.3751477465258615,0.5361882903554189,0.8682408637465496,-0.502772325253932,-0.03409368937271662,4972.276747460666
H1,34,2.5,D1,120,short,1.0,1465,73.94848673300166,-0.41253406349278215,0.528515344690583,0.8515717160524133,0.22662116040955632,-0.00041769945459293545,-0.3744057543099573,0.5354964502569677,0.8692865177692745,-0.4962663897477503,-0.034020163998775055,5037.336102522503
H1,34,2.0,none,0,both,0.0,4821,223.77306519252764,0.356343360227395,0.3570496198828832,1.0859878820171933,0.2391619995851483,0.00020139359901684802,0.3827649248996866,0.24978457488841677,1.0948533660997135,1.0964027883157152,0.03495549082202154,20964.02788315706
H1,34,2.0,none,0,both,1.0,4663,216.4667958820539,0.31927593652200226,0.357049619882883,1.078132406894505,0.2384730859961398,0.00018438855493977698,0.3654905083256182,0.25425506953340093,1.09143215483202,1.0388673756747004,0.03362385079813124,20388.673756747045
H1,34,2.0,none,0,long,0.0,4434,205.8099504384293,0.48888902475883184,0.39894062892287907,1.1362780904738845,0.2289129454217411,0.0003056434105751184,0.5152299622154091,0.3440537151512023,1.1561361323469896,2.2347722044164477,0.0560027934054812,32347.72204416429
H1,34,2.0,none,0,long,1.0,4281,198.73350915099135,0.4704371560987734,0.3989406289228782,1.1336104649896082,0.2296192478392899,0.00030105002682674197,0.5053860461336883,0.3495679600753163,1.1546792244533068,2.198229841159641,0.05545330971944784,31982.29841159625
H1,34,2.0,none,0,short,0.0,4435,205.85636675562336,-0.20995374830755006,0.549666942461508,0.9518745941606378,0.23359639233370913,-0.00010956628607632527,-0.18443650387327287,0.6189958164399241,0.9570376220752599,-0.5000327454168321,-0.0316642274064145,4999.672545831755
H1,34,2.0,none,0,short,1.0,4284,198.87277580071174,-0.20459979527143293,0.5496669424615095,0.9521723459647681,0.23249299719887956,-0.00010962127858695694,-0.18421648895359657,0.6181318566230156,0.9566997913369013,-0.4977053924910848,-0.03145939790589958,5022.9460750892185
H1,34,2.0,H4,20,both,0.0,3192,148.33053435114505,0.03826940540536531,0.4176866231680224,1.011419184068843,0.2324561403508772,2.5371995777003824e-05,-0.039571732385887896,0.5053977749311254,0.9885099459875444,-0.1883891033762859,-0.009652877804174342,8116.108966237113
H1,34,2.0,H4,20,both,1.0,3091,143.63711832061068,0.03314798611207199,0.4176866231680235,1.0100527081284536,0.23228728566806858,2.249546497389973e-05,-0.03707485015478034,0.5014506469106434,0.9891335942070307,-0.1834573196651882,-0.009374037060009943,8165.426803348156
H1,34,2.0,H4,20,long,0.0,1403,65.32964686384497,0.25418824926982386,0.24785098721459686,1.1344783529906948,0.233071988595866,0.0003043788316508174,0.28863598696978865,0.33635861288655355,1.1894191212770244,0.7456623093663723,0.02628196626789192,17456.62309366362
H1,34,2.0,H4,20,long,1.0,1348,62.76861295257522,0.26688444732121935,0.24785098721459864,1.144821698367992,0.23590504451038577,0.0003300208440966552,0.29159611475679675,0.3344158129929927,1.1938578154506854,0.7521131460757475,0.02645824959739329,17521.13146075743
H1,34,2.0,H4,20,short,0.0,2375,110.44929335370513,-0.1665395577290562,0.45464990321400955,0.9456334073894275,0.22905263157894737,-0.00011917125527813362,-0.26737470184997053,0.5654499588223107,0.9157042679715006,-0.4616974916268942,-0.028391306211698053,5383.025083731093
H1,34,2.0,H4,20,short,1.0,2299,106.91491596638656,-0.16405688758438702,0.45464990321400867,0.9453969161561596,0.22705524140930838,-0.00012035506016894191,-0.2666881958675291,0.5646301233185504,0.9151961907911512,-0.4598229047529543,-0.028234215721581246,5401.770952470488
H1,34,2.0,H4,32,both,0.0,3296,153.2803666921314,-0.0677155758476824,0.4692305617092989,0.9807954530847487,0.22724514563106796,-4.270518845377857e-05,-0.09583607622950568,0.6214118516391904,0.9723258464293967,-0.34366257210839357,-0.01939183432218128,6563.374278916043
H1,34,2.0,H4,32,both,1.0,3187,148.21132543926663,-0.06659213610020703,0.46923056170929933,0.9807568987712801,0.22685911515531848,-4.307307271223987e-05,-0.0943393510086166,0.6203772558793254,0.9725404607649379,-0.3384331391425982,-0.019029859818859962,6615.668608574012
H1,34,2.0,H4,32,long,0.0,1367,63.61278506816155,0.26031144190128214,0.3186573761809578,1.1222030418637503,0.246525237746891,0.0002704516977796306,0.3068933805305393,0.3646733968321576,1.14770725603235,0.5974133341892629,0.022035405570708155,15974.133341892515
H1,34,2.0,H4,32,long,1.0,1319,61.37912472926487,0.30243764797019096,0.3186573761809577,1.146236833220341,0.25018953752843065,0.0003236371942471809,0.318752764199632,0.36070633861353685,1.154983521840645,0.6168537159841003,0.022610874923863378,16168.53715984094
H1,34,2.0,H4,32,short,0.0,2282,106.12433155080214,-0.16421577514768246,0.3441620575661556,0.9455451364101405,0.22173531989482909,-0.00012089366140674084,-0.19026122000140827,0.4671727478177675,0.9356190962970208,-0.3920318502080554,-0.02287666409356348,6079.6814979194805
H1,34,2.0,H4,32,short,1.0,2201,102.35742933537053,-0.1781640980784405,0.35683025002973445,0.9398118788769004,0.2199000454338937,-0.00013463585669209652,-0.1886817130828177,0.46305916975778505,0.9353843439886308,-0.39199900654767506,-0.022874209338001883,6080.009934523285
H1,34,2.0,H4,50,both,0.0,3504,163.2027543993879,0.16116097746859168,0.3071657963390666,1.0472032451638833,0.23116438356164384,0.00010312736286448384,0.2488085707941455,0.3405842649361748,1.07456871389917,0.6224949661759656,0.02279719214952225,16224.94966175966
H1,34,2.0,H4,50,both,1.0,3384,157.65382653061224,0.1679792213834572,0.30716579633906704,1.0502615143986798,0.23167848699763594,0.00011035429325738946,0.25128146388066697,0.3394191901104484,1.0761067347129967,0.6291100557234441,0.02299697270970169,16291.100557234358
H1,34,2.0,H4,50,long,0.0,1497,69.75114810562572,0.32404607580704226,0.23160011575076123,1.1588728991778605,0.24048096192384769,0.00033579502797246116,0.40773257760008474,0.22563473297343306,1.2057618776723131,0.8555309990397604,0.02922184499908087,18555.309990397447
H1,34,2.0,H4,50,long,1.0,1437,67.09245174485491,0.34448966028503475,0.23160011575076256,1.1737517015462935,0.24425887265135698,0.00036853945252705796,0.4161414399727877,0.223559201718317,1.2127689276001998,0.8678175266910322,0.02959968659960799,18678.175266910268
H1,34,2.0,H4,50,short,0.0,2234,104.07761479591836,-0.15280298772652323,0.4025664130760116,0.94869817981615,0.22291853178155774,-0.00011450747498560793,-0.15925130203418117,0.4712113201143665,0.945359554917821,-0.36517508613293304,-0.020947364585707784,6348.249138670662
H1,34,2.0,H4,50,short,1.0,2160,100.63010204081633,-0.15842719520451892,0.4025664130760106,0.9457941887028738,0.22083333333333333,-0.00012165244525701205,-0.15828019375187327,0.4682301341384276,0.945191119441231,-0.3634243895645779,-0.0208217422604714,6365.756104354206
H1,34,2.0,H4,80,both,0.0,3693,172.22526174668027,0.18097760156527534,0.4239342559027406,1.05018375040087,0.2328730029786082,0.00011052887171183544,0.2543110623250628,0.4181340702938209,1.0736857056320195,0.6105424003440576,0.022473993259865876,16105.424003440565
H1,34,2.0,H4,80,both,1.0,3564,166.20926966292134,0.18544200272503095,0.42393425590274225,1.0524989995684433,0.2334455667789001,0.00011628450595494755,0.2564994076239567,0.4165867104404545,1.0751584258804017,0.6156274882894222,0.02262432245445334,16156.274882894217
H1,34,2.0,H4,80,long,0.0,1665,77.73760066470663,0.3247862043303438,0.2808848934910063,1.1451347747489906,0.24084084084084084,0.0003071805974609295,0.44206193620282136,0.3520506161743323,1.2083961449590783,1.010842826012647,0.03315265733270567,20108.42826012635
H1,34,2.0,H4,80,long,1.0,1591,74.28259619071967,0.35959141341689205,0.280884893491005,1.1660785029036922,0.24450031426775612,0.0003525776003057243,0.45995634527702156,0.34314772901242296,1.2210544022650256,1.048750018605387,0.034053922344878806,20487.50018605383
H1,34,2.0,H4,80,short,0.0,2204,102.78485699693564,-0.08860414186819697,0.4800456328431144,0.9703795569914672,0.22459165154264973,-6.683010761091274e-05,-0.20811074098881174,0.5172703662666868,0.9328893199147277,-0.36966749696777845,-0.02129273237487317,6303.3250303222385
H1,34,2.0,H4,80,short,1.0,2147,100.12662793667006,-0.11169134716811951,0.4800456328431173,0.962225753882067,0.2231020027945971,-8.573641283492274e-05,-0.21115585202306095,0.5163266098118431,0.9313965100544506,-0.3759447130869359,-0.021749439611648658,6240.552869130687
H1,34,2.0,H4,120,both,0.0,3833,179.23482908718475,0.43874638561694673,0.37933921007350335,1.1284235421434594,0.24367336290112185,0.0002792737784689554,0.4746366963642874,0.31976353553108494,1.16302007241755,1.7317980980505467,0.04811458238536992,27317.98098050568
H1,34,2.0,H4,120,both,1.0,3699,172.96885802074,0.4130857308360209,0.3793392100735048,1.1231142798618332,0.24276831576101648,0.00026938984748026205,0.4661044665322236,0.32225348986940106,1.1618907604901478,1.707282261263725,0.0476728543129179,27072.82261263746
H1,34,2.0,H4,120,long,0.0,1769,82.74135612754513,0.5330844490858437,0.32682266682775174,1.2584535114382984,0.2475975127190503,0.0005391615315447711,0.5111793764501619,0.3389271799420124,1.3050177512822,1.714365582287503,0.04781340313049576,27143.65582287494
H1,34,2.0,H4,120,long,1.0,1691,79.09306569343066,0.5035733213609057,0.32682266682775163,1.2496276763673575,0.24719101123595505,0.0005247156410579736,0.49870449344014,0.34435801948312394,1.3005129564288775,1.6797711943491125,0.047184956897607266,26797.71194349104
H1,34,2.0,H4,120,short,0.0,2182,102.20255193639395,0.04755520954099576,0.3258059907684413,1.0165051478711309,0.23464711274060496,3.6995442290589706e-05,-0.002367650285209131,0.3996257923650205,0.9991846545775436,-0.07110322525970347,-0.003448769419283071,9288.967747402996
H1,34,2.0,H4,120,short,1.0,2123,99.43905488586817,0.04611685724162455,0.32580599076844075,1.0162697873728659,0.2336316533207725,3.6637011699938485e-05,-0.0024176683215304854,0.3996849561482744,0.9991604644628901,-0.07102068933957684,-0.0034446221352864015,9289.793106604226
H1,34,2.0,D1,20,both,0.0,4052,189.47548329279223,0.3768373982401879,0.4050460190923654,1.1058509155010159,0.2403751233958539,0.00023593265627719855,0.37490047846787494,0.35010815436644493,1.1274046843332808,1.3927049874544268,0.041638989277803296,23927.049874544293
H1,34,2.0,D1,20,both,1.0,3913,182.9757073358085,0.33990325384087083,0.4050460190923666,1.0970418095218328,0.23971377459749552,0.00021766482609291636,0.3558869103801426,0.3642292869584015,1.1221396460973023,1.3160315536969969,0.04005380757233401,23160.31553697001
H1,34,2.0,D1,20,long,0.0,2317,108.35905889884764,0.42533462607862066,0.30249117107747836,1.1705579748756383,0.2343547690979715,0.0003707913494676823,0.39487393386280806,0.31647485657180807,1.1997067189474495,1.3904103985109182,0.041597691967778516,23904.103985108977
H1,34,2.0,D1,20,long,1.0,2230,104.2903329065301,0.3904455426440315,0.30249117107747703,1.1594684082607298,0.2336322869955157,0.0003485678594645458,0.38478988650948853,0.32444190221950786,1.1965475453500736,1.3608699472579313,0.04099213502741983,23608.699472579112
H1,34,2.0,D1,20,short,0.0,1990,93.22143131973836,-0.032993436466231194,0.3096174267338784,0.9885026627146348,0.24472361809045226,-2.652705276764665e-05,-0.009641873274540582,0.32322034270666056,0.9965754413027451,-0.08522054760729747,-0.00416389242936821,9147.794523927083
H1,34,2.0,D1,20,short,1.0,1930,90.4107348980377,-0.048273977384871575,0.3096174267338798,0.9829243747660965,0.24404145077720207,-3.966200485867404e-05,-0.012509706365312265,0.3239931477477591,0.9955147925381113,-0.09054740364854441,-0.004436296292623765,9094.525963514625
H1,34,2.0,D1,32,both,0.0,4114,193.21570014144274,0.215048744779848,0.43946168884485304,1.0596399645771208,0.22654350996596986,0.0001358494132444818,0.2641098948116381,0.3960385814720939,1.0919546449459692,0.8301915478009128,0.028793609944678833,18301.915478009087
H1,34,2.0,D1,32,both,1.0,3971,186.49964639321075,0.14700592261459602,0.43946168884485426,1.0413137416511353,0.22412490556534878,9.489289853723668e-05,0.23547916243832365,0.4166592585845327,1.079645751561264,0.6854256921206197,0.024819805606119738,16854.256921206208
H1,34,2.0,D1,32,long,0.0,2391,112.42440139031926,0.2900718662514446,0.30080567286999915,1.112003217763449,0.22166457549142618,0.00025261740162873386,0.33443990837664994,0.2318616883519451,1.1598787128642216,1.0943648586506476,0.03537059086317562,20943.64858650643
H1,34,2.0,D1,32,long,1.0,2308,108.52175592173018,0.24478018177757618,0.3008056728700017,1.0959443006484795,0.22097053726169844,0.00021769062834109106,0.32049343250909873,0.23666409698888524,1.1543560180193388,1.0512426175243363,0.034358258233496475,20512.42617524321
H1,34,2.0,D1,32,short,0.0,1904,89.42214221422142,-0.036691161376399675,0.408780395951718,0.9864316104563655,0.23109243697478993,-3.081981778810518e-05,-0.06698397467893986,0.37358099920017296,0.9754755926094097,-0.16453874102900234,-0.008407490687717512,8354.61258970997
H1,34,2.0,D1,32,short,1.0,1838,86.32242509965283,-0.09383645759897546,0.40878039595171944,0.9649423243799566,0.22633297062023938,-8.061311181457512e-05,-0.07971428571606674,0.3754345078764574,0.9705289703373429,-0.1860734496431773,-0.009622881543475903,8139.265503568267
H1,34,2.0,D1,50,both,0.0,4138,195.5751164596273,0.23010832707783918,0.4200945588738637,1.0626345250712241,0.22595456742387626,0.00014254003990202594,0.3207303127685661,0.3698057354609543,1.1056672109698038,1.1257445794068563,0.03628502243516074,21257.445794068746
H1,34,2.0,D1,50,both,1.0,4007,189.38363742236024,0.23734174768076555,0.4200945588738655,1.0658636027530684,0.22660344397304716,0.00015056768332859106,0.3237150147802823,0.36776815833677723,1.1079132109598797,1.1352440085006545,0.03650342912854243,21352.440085006652
H1,34,2.0,D1,50,long,0.0,2386,112.76999223602483,0.31029889284460427,0.3549648491496207,1.1184378882550194,0.2179379715004191,0.00026221649494559705,0.38165635278869325,0.3794298522014342,1.1800567424500135,1.376266041728761,0.041755982144133785,23762.660417287552
H1,34,2.0,D1,50,long,1.0,2301,108.7526203416149,0.3120759284710386,0.354964849149623,1.1217402533990772,0.2194697957409822,0.000270570141992196,0.3827675834625597,0.37870552265322044,1.1829161611955423,1.3780944548827088,0.04179385336043073,23780.944548826952
H1,34,2.0,D1,50,short,0.0,1887,89.84835745013687,-0.024900732445857075,0.3167412595711536,0.9908579823193215,0.23582405935347112,-2.1335602560840398e-05,0.013528670301902166,0.31389498215994405,1.0049712150597685,-0.04200258142547353,-0.002041057073342567,9579.974185745335
H1,34,2.0,D1,50,short,1.0,1837,87.4676378568635,-0.024511416347734218,0.3167412595711542,0.9908599826782164,0.2346216657593903,-2.146244457231996e-05,0.014209418497806256,0.3136029434772941,1.00526206883,-0.040702310074854364,-0.0019766045341290672,9592.976899251486
H1,34,2.0,D1,80,both,0.0,4137,197.8576993583868,0.19209197018458338,0.362992398229527,1.0514250692970306,0.22673434856175972,0.00011799367493815045,0.29803823707982663,0.38939085223026704,1.0954521803453618,1.0693458178217479,0.03539282223120477,20693.45817821745
H1,34,2.0,D1,80,both,1.0,4037,193.63286277084703,0.19832179795887686,0.3629923982295238,1.0537706901746455,0.2269011642308645,0.00012378544758210515,0.3017530326515214,0.3878197830016926,1.0972607812843367,1.0835005444335222,0.03583549859488744,20835.00544433524
H1,34,2.0,D1,80,long,0.0,2298,110.13574334076893,0.4205888591994137,0.21161986807412614,1.1632060672183846,0.22541340295909487,0.00037597356225620285,0.46449175497595246,0.23290441255885486,1.2137310661204936,1.7475653072083364,0.04963273331962559,27475.65307208317
H1,34,2.0,D1,80,long,1.0,2240,107.45468873128448,0.41043184949024364,0.21161986807412636,1.161377495005532,0.22589285714285715,0.00037275043309177537,0.4634989609824728,0.2329605912385122,1.2149502779825614,1.7461913259449915,0.049654292119130305,27461.91325944991
H1,34,2.0,D1,80,short,0.0,1950,93.2614246431845,-0.17453880027256602,0.38488326500268366,0.938379176980831,0.22974358974358974,-0.0001391120804322519,-0.1324543833626517,0.43859702263233613,0.9532124357964038,-0.2776380410195789,-0.015434173263167206,7223.619589804262
H1,34,2.0,D1,80,short,1.0,1907,91.97567014393239,-0.15020785843155857,0.3848832650026821,0.9463616601118422,0.2291557420031463,-0.00012160524207088677,-0.1297456113073233,0.4393883819962531,0.9541901286292885,-0.2694255457073752,-0.01502669070234186,7305.744542926288
H1,34,2.0,D1,120,both,0.0,4121,200.07912401967297,0.30146843477883073,0.3552724790356484,1.082173445656967,0.22712933753943218,0.0001878413997498039,0.38874731525661477,0.3051799611080107,1.123408703936307,1.5401978274587518,0.046301308517342044,25401.97827458737
H1,34,2.0,D1,120,both,1.0,4052,196.83375448862878,0.2928614933112696,0.3552724790356482,1.08045610062522,0.22704837117472854,0.00018445456879392173,0.3830877304250616,0.30625669587905924,1.1223146297109283,1.50553046833368,0.045628291947613864,25055.304683336664
H1,34,2.0,D1,120,long,0.0,2278,110.59942841951349,0.4306363925381202,0.30298079157371316,1.1670920075252456,0.22914837576821773,0.0003910751095021821,0.4596166146336869,0.31004574041227395,1.2075354954746529,1.7121467330043405,0.049633869262083685,27121.46733004327
H1,34,2.0,D1,120,long,1.0,2232,108.42372655938289,0.4117246381510952,0.3029807915737137,1.1611560823157567,0.22939068100358423,0.00037827839037893096,0.4564784876318799,0.3121610960333151,1.206818840480058,1.705698787026666,0.04953955784662467,27056.987870266254
H1,34,2.0,D1,120,short,0.0,1931,95.86757509854561,-0.09810985813751583,0.33778274021484356,0.9649298064755114,0.22475401346452614,-7.726843389476083e-05,-0.07493110318058627,0.402290453987616,0.9734176805063959,-0.18330230309061746,-0.010002393751494476,8166.97696909387
H1,34,2.0,D1,120,short,1.0,1908,96.296393533232,-0.08582238611496598,0.33778274021484467,0.969324760895031,0.22431865828092243,-6.778726904955837e-05,-0.07175091007976594,0.40207547453671855,0.9746451274414499,-0.17677027298858794,-0.009769352989740132,8232.297270114115
H1,34,1.0,none,0,both,0.0,7185,333.50123903926806,0.356930536647264,0.25084024931456883,1.0772296917849218,0.21670146137787055,0.0001357598978368391,0.2700959821747245,0.2217793627007265,1.0606470463760551,0.6753714735625098,0.024241604151750806,16753.7147356248
H1,34,1.0,none,0,both,1.0,6955,322.9075568831829,0.25560948630674096,0.2508402493145686,1.0555468992300425,0.2145219266714594,9.880701504212204e-05,0.2264567787678456,0.23533328264946962,1.0512119303782488,0.544833299000679,0.02039757572636658,15448.332990006544
H1,34,1.0,none,0,long,0.0,5754,267.07948913457875,0.46140316813186805,0.4061126423108872,1.1255224836566786,0.16875217240180743,0.00023189181069950592,0.46133106090856896,0.39009334366386517,1.1289064376097162,1.9049696948153065,0.05074498939125682,29049.696948152574
H1,34,1.0,none,0,long,1.0,5559,258.0939049192831,0.3942834740490748,0.4061126423108856,1.1081937341152315,0.16693649937039035,0.00020200745270858208,0.425810045887627,0.4135069539966144,1.1199819303767844,1.7986542685217288,0.048940882383400997,27986.542685216606
H1,34,1.0,none,0,short,0.0,5754,267.07948913457875,-0.2281004008668695,0.43443242245126856,0.9547022950779633,0.2384428223844282,-7.117971760147018e-05,-0.18811750245871434,0.5975436198131086,0.9595668237038661,-0.4947782022482826,-0.03119419997731898,5052.217977517151
H1,34,1.0,none,0,short,1.0,5553,257.8153362145672,-0.23458086050517807,0.4344324224512697,0.9526523305323643,0.23824959481361427,-7.519758945257455e-05,-0.18657191182273572,0.5947512518670044,0.9596057203379761,-0.49495772546072303,-0.031217990848306898,5050.422745392716
H1,34,1.0,H4,20,both,0.0,4785,222.29982828796744,-0.037936150560564146,0.5203690895237972,0.9904623820592708,0.21713688610240334,-1.56281660761891e-05,-0.2545083384782457,0.709723195640799,0.9364741307747821,-0.49643933813406416,-0.031369748905021755,5035.606618659288
H1,34,1.0,H4,20,both,1.0,4618,214.5414016789621,-0.12213041996773308,0.520369089523797,0.9692569601498361,0.21416197488090083,-5.110822131824639e-05,-0.28937706893845133,0.7331446574484062,0.9274526334690011,-0.5607508197370263,-0.037498992390020414,4392.4918026297
H1,34,1.0,H4,20,long,0.0,1314,61.16203644704982,0.3745528871167534,0.19960507908699343,1.233987177237251,0.17579908675799086,0.0004187200902471469,0.3079466242677803,0.17712464903266079,1.1840271130276467,0.4598514356659944,0.01776610899599973,14598.514356659918
H1,34,1.0,H4,20,long,1.0,1268,59.02089970689435,0.3057363831564803,0.19960507908699388,1.1900242270110277,0.1719242902208202,0.0003447555890042345,0.27049017865540065,0.18420287459089535,1.1623570383212125,0.4019208944947228,0.015849704458195113,14019.208944947195
H1,34,1.0,H4,20,short,0.0,3853,179.0013037395065,-0.4664696384146693,0.5495441687306837,0.8913188253333322,0.22943161173111862,-0.00017138158742170483,-0.5984345613478717,0.7977081584394549,0.8583878710880103,-0.773459826469121,-0.06665637305262295,2265.401735308759
H1,34,1.0,H4,20,short,1.0,3717,172.6830641058255,-0.5008113973817139,0.5508710937035041,0.8819329176309728,0.22733387140166803,-0.00018888433958189868,-0.6133148884765106,0.8067915197418652,0.8545253076662288,-0.7889794461297147,-0.0697284916284987,2110.205538702831
H1,34,1.0,H4,32,both,0.0,4814,223.81790987780042,0.09955360215816977,0.3863724766309752,1.0241369437800778,0.22268383880348983,3.927873367994835e-05,0.15332860939366205,0.37429489381507175,1.040714399735366,0.26401622545682524,0.010952612140430862,12640.162254568082
H1,34,1.0,H4,32,both,1.0,4648,216.10005091649694,0.069240686236321,0.38637247663097696,1.0169326097814055,0.22203098106712565,2.7864171668618034e-05,0.14335647950932295,0.38443311902769617,1.0383965054450164,0.23804885884611626,0.009977431890935584,12380.488588461063
H1,34,1.0,H4,32,long,0.0,1419,65.99894944607156,0.31578923672215714,0.25660585307327666,1.1638911168278157,0.1846370683579986,0.0002826115960635862,0.37088897113825203,0.2412907982615149,1.2120656264582206,0.7306787599677711,0.02584007062927096,17306.787599677584
H1,34,1.0,H4,32,long,1.0,1359,63.20829619253789,0.2860854881790469,0.2566058530732769,1.1491922517128899,0.18469462840323767,0.0002605418812946734,0.35423940311034513,0.246507356885459,1.2036400376458212,0.69771420833736,0.024922921345265303,16977.14208337356
H1,34,1.0,H4,32,short,0.0,3675,170.9057486631016,-0.2047678609035741,0.35646460034679284,0.9486749399164482,0.23537414965986395,-8.112823319392379e-05,-0.17478728073305558,0.5172713885065675,0.9532990177053778,-0.37319480471087185,-0.021489122160916363,6268.051952891231
H1,34,1.0,H4,32,short,1.0,3555,165.3251527883881,-0.2109713713453789,0.35646460034679217,0.9463069785909226,0.23459915611814347,-8.578610080082669e-05,-0.17547456882380014,0.5166477093230961,0.9528044650875765,-0.3747109296489337,-0.021599318889741537,6252.890703510647
H1,34,1.0,H4,50,both,0.0,4931,229.69618033414105,-0.11055669250577356,0.40743790243126043,0.9737201330856851,0.21293855201784628,-4.353614341703119e-05,0.042087728000121,0.5341391486124918,1.0113779641488023,-0.09160270390086755,-0.004465300589142074,9083.972960991316
H1,34,1.0,H4,50,both,1.0,4762,221.85210459183673,-0.14691961325916253,0.43241649412124417,0.9648083193218944,0.2120957580848383,-5.896997431859558e-05,0.03845774892448959,0.5436086984813644,1.0104863438782015,-0.11157063930836775,-0.0054962083361544956,8884.293606916219
H1,34,1.0,H4,50,long,0.0,1686,78.55740528128587,0.26009020288055146,0.2067477821233913,1.1316760533978942,0.17022538552787664,0.00023299210018386612,0.34529250539289735,0.283411610850794,1.1853731082002643,0.7579946181615738,0.02663563766125776,17579.946181615625
H1,34,1.0,H4,50,long,1.0,1616,75.37274932958755,0.22313149447282138,0.20674778212339096,1.1140016594727447,0.16893564356435645,0.0002041778797240729,0.3233333290020137,0.2922002792421623,1.1744438106801884,0.7076361204013621,0.025272430003918434,17076.36120401355
H1,34,1.0,H4,50,short,0.0,3491,162.61800153041705,-0.39035784122445377,0.47096771538567794,0.9043572396276054,0.2314523059295331,-0.00015276113707196886,-0.3461289381292016,0.6279800740718613,0.910794093668882,-0.5945345765485969,-0.041178689049593875,4054.6542345139874
H1,34,1.0,H4,50,short,1.0,3381,157.5140625,-0.384819576106813,0.46951370636880296,0.9043686587752883,0.23099674652469684,-0.00015446502180901966,-0.34649839400688365,0.6280531123746622,0.910288619434979,-0.5918980928466953,-0.04089427201512552,4081.0190715330227
H1,34,1.0,H4,80,both,0.0,5105,238.07472548518896,0.21140464959352817,0.45210687680607975,1.0515788675865807,0.22095984329089127,8.520543839962552e-05,0.2753460692099305,0.44415812479544337,1.0746848887485547,0.7857182419409114,0.02740919143399645,17857.182419408942
H1,34,1.0,H4,80,both,1.0,4932,230.0067671092952,0.15564529321365803,0.4547650516357785,1.0381605306326727,0.22019464720194648,6.371403693646297e-05,0.25384949749048374,0.4679835771961597,1.0693014990938616,0.7237476752953109,0.025718271892297917,17237.476752952865
H1,34,1.0,H4,80,long,0.0,1932,90.21516236256711,0.3251057550373261,0.3149369488355739,1.147581648090628,0.18064182194616976,0.00026447918705481416,0.375507328201725,0.43142551353385494,1.1865599448102775,1.075518869035617,0.03468534983405114,20755.188690356004
H1,34,1.0,H4,80,long,1.0,1849,86.33945921759141,0.28668481280079267,0.3261202117444748,1.1310071975339882,0.18009734991887508,0.00023755082943606535,0.3599804158803083,0.4455696825655169,1.1802880889231915,1.043121584529736,0.03392552255252612,20431.215845297367
H1,34,1.0,H4,80,short,0.0,3342,155.85616700715013,-0.01658658623060358,0.3095707652566353,0.9955864620824066,0.24356672651107122,-6.897904639873956e-06,-0.07455035958167146,0.4145908082531098,0.9792156351220423,-0.17866207966667647,-0.009136851963165937,8213.379203333132
H1,34,1.0,H4,80,short,1.0,3250,151.5656920326864,-0.051625493595955425,0.30957076525663696,0.9861433425945969,0.24215384615384616,-2.1881439449597316e-05,-0.10149385935145747,0.426869816624485,0.9716998087299277,-0.22053714728728369,-0.011552027608506266,7794.62852712711
H1,34,1.0,H4,120,both,0.0,5202,243.18833994624345,0.4129148741551012,0.40041861098844045,1.1058226629595702,0.21491733948481354,0.00017516928405227885,0.41853424884946117,0.38496248600035277,1.1124687057455513,1.1624412290051205,0.03671245078793173,21624.412290051037
H1,34,1.0,H4,120,both,1.0,5024,234.92715401357063,0.3414074533732109,0.40041861098844,1.087833874705672,0.21377388535031847,0.00014696411532733947,0.3815339447673103,0.40255814845955273,1.1032061734193865,1.0679999416331674,0.034559447641888674,20679.999416331415
H1,34,1.0,H4,120,long,0.0,2075,97.02902957367814,0.5328653934828832,0.32533360406231193,1.2529069333289036,0.17783132530120482,0.00044760031722564797,0.4798927401857806,0.40662882146099566,1.2316247257773456,1.1823345561386285,0.03716605116604388,21823.345561386086
H1,34,1.0,H4,120,long,1.0,1983,92.7507683442182,0.4503522044041035,0.32533360406231093,1.2140979717709304,0.17397881996974282,0.0003849487248412082,0.4381846883963433,0.4285359281141723,1.2128455716516005,1.100109421194985,0.03531428596835795,21001.094211949785
H1,34,1.0,H4,120,short,0.0,3247,152.12503206772706,-0.05990484548627236,0.2970894212786682,0.9839840493560658,0.23714197720973207,-2.5354724833546792e-05,-0.008345346852668502,0.35858354469406084,0.9976149419072462,-0.08449953546641065,-0.004127665961550786,9155.004645335815
H1,34,1.0,H4,120,short,1.0,3157,147.9084466393022,-0.06379714092591532,0.2970894212786671,0.9827205268245205,0.23725055432372505,-2.7578459260587465e-05,-0.009010860229019221,0.3590590537898203,0.9974081407867836,-0.08573030662975456,-0.0041904312037035485,9142.696933702395
H1,34,1.0,D1,20,both,0.0,5437,254.17435684116217,0.3799212406986168,0.40956707495383526,1.0965479703562755,0.20709950340261174,0.0001647982348968463,0.42201928752977025,0.38447672399284083,1.1150247041923633,1.321000974562013,0.04014756953567056,23210.00974562007
H1,34,1.0,D1,20,both,1.0,5251,245.54189604404047,0.30949948419443685,0.4095670749538354,1.0790836758221656,0.20624642925157113,0.00013636177608704233,0.388273507705172,0.4023720858995108,1.1068155244197038,1.233542397424857,0.03829152752835929,22335.42397424842
H1,34,1.0,D1,20,long,0.0,3037,141.99491167434715,0.28409878433114916,0.3520345330932907,1.1027826173852406,0.17089232795521897,0.0001881072766627474,0.29256057218053383,0.472312346302575,1.115923760661502,0.858764216224059,0.02940809764784258,18587.642162240383
H1,34,1.0,D1,20,long,1.0,2921,136.58881705287416,0.20128638657162293,0.3520345330932898,1.072979565045659,0.1684354673057172,0.0001353573380161911,0.26432564445257034,0.5073510583700778,1.1061081757461437,0.784109120574781,0.027440571714955952,17841.091205747613
H1,34,1.0,D1,20,short,0.0,2612,122.37467932272962,0.21277055279934134,0.22549759060795493,1.0666794099392403,0.25,0.0001035123175911816,0.2541323691653362,0.25919026286556823,1.0871966113972233,0.36154351048549027,0.014564130964163535,13615.4351048549
H1,34,1.0,D1,20,short,1.0,2539,118.95456003078503,0.21610539641282311,0.22549759060795393,1.0687870209598436,0.25088617565970855,0.00010735968196187228,0.25514796485363517,0.2590126705064303,1.088302489008319,0.36272332636496296,0.014605302903718753,13627.233263649636
H1,34,1.0,D1,32,both,0.0,5462,256.55806327160496,0.3306115986104649,0.32436152344187197,1.0847665098411172,0.20267301354815087,0.00014647138151954188,0.34774533518502965,0.28012492466975525,1.0960937489812672,1.0207364585404068,0.03359460243307244,20207.364585403833
H1,34,1.0,D1,32,both,1.0,5280,248.00925925925927,0.23677775095501485,0.32436152344187164,1.0609200631363152,0.20037878787878788,0.00010650179110890453,0.30820743349818625,0.298741850896763,1.0859041472452893,0.9091759841130054,0.030841139323367406,19091.75984112959
H1,34,1.0,D1,32,long,0.0,3089,145.2629393588258,0.25038401367768026,0.4153201206047483,1.090415108022604,0.16801553900938815,0.00016924870910390742,0.2731605959030165,0.43533532541931697,1.1075751692779563,0.837144558897897,0.029014684163536364,18371.445588978684
H1,34,1.0,D1,32,long,1.0,2992,140.7014291232136,0.15183782216920577,0.41532012060474954,1.0547520276291016,0.16477272727272727,0.00010363551290196227,0.24589435596167894,0.4635440533184918,1.097668656478406,0.7514202904330347,0.026704927469535455,17514.20290433004
H1,34,1.0,D1,32,short,0.0,2538,119.21354166666667,0.24803027134497016,0.2453452992245364,1.080302078957188,0.2466509062253743,0.0001231917318081687,0.2721580633466205,0.2400739629725146,1.0935831740958666,0.35219095285861957,0.014273423798368823,13521.909528586119
H1,34,1.0,D1,32,short,1.0,2451,115.12702546296296,0.23238499253532557,0.24534529922453785,1.076416281677392,0.2460220318237454,0.00011854706488379117,0.2652412780769325,0.24096138541248702,1.0921309512231228,0.34275463786594784,0.01393984242618318,13427.546378659545
H1,34,1.0,D1,50,both,0.0,5466,258.34064440993785,0.23144167967137463,0.4002077773329288,1.0580818396111886,0.1995975118916941,0.00010049673560941777,0.2525319210677235,0.3938178937852954,1.0698316041858351,0.6675601687099608,0.02446301146322183,16675.601687099337
H1,34,1.0,D1,50,both,1.0,5304,250.6840062111801,0.18260707821052485,0.40020777733292856,1.0461577330140204,0.19852941176470587,8.058284373713614e-05,0.23440216888401424,0.4104590750985997,1.0654333316647184,0.6120761284793104,0.022825870864165543,16120.761284792768
H1,34,1.0,D1,50,long,0.0,3101,146.5631793478261,0.23764018524750816,0.4040129716989722,1.084809883881264,0.16736536601096422,0.00015800058293353558,0.23052862814636185,0.5385456613666771,1.0919010396651454,0.634337245019019,0.02348907236936082,16343.372450190061
H1,34,1.0,D1,50,long,1.0,3002,141.88412267080744,0.18541570572194732,0.40401297169897143,1.0665690233707843,0.1658894070619587,0.00012527570158516135,0.21822416474415668,0.5574603294921014,1.0880191659548906,0.5982358145236057,0.022409128434594416,15982.358145235916
H1,34,1.0,D1,50,short,0.0,2491,118.63838179684444,0.03528268076384561,0.2527127507681596,1.0109372310122142,0.23926134082697711,1.7080389763558504e-05,0.07754481617125918,0.2976379696660225,1.0257473081898665,0.06432465584666525,0.002973489846816113,10643.246558466633
H1,34,1.0,D1,50,short,1.0,2427,115.59026600599819,0.02980505429611728,0.2527127507681586,1.0093546348531457,0.23856613102595797,1.4719352746993222e-05,0.07660379002825456,0.29790680400760194,1.025611700622516,0.06295968119860573,0.0029121903701132545,10629.596811986028
H1,34,1.0,D1,80,both,0.0,5442,260.2370384917518,0.27705315525258023,0.32739526778320993,1.0684015212233051,0.20488790885703786,0.00011804126547980691,0.345915221377843,0.2457820226549965,1.0922010520111176,1.1333920816996819,0.03689838022545078,21333.9208169965
H1,34,1.0,D1,80,both,1.0,5307,255.48724792408066,0.2437670362816445,0.32739526778320827,1.0602675447997287,0.20501224797437348,0.0001047893883633322,0.3332286799109317,0.25480229823871947,1.089009542216338,1.0950185267760397,0.03624508662509163,20950.185267760135
H1,34,1.0,D1,80,long,0.0,2994,143.4927830993308,0.3295119601203878,0.32795847472813,1.1163717233136297,0.1736806947227789,0.0002218473091022655,0.3530461315456844,0.33284507717536593,1.1329303644656528,1.1579534725489289,0.03755125856561636,21579.53472548891
H1,34,1.0,D1,80,long,1.0,2918,140.47706603400553,0.2775109418575687,0.32795847472812856,1.0979209917927975,0.1730637422892392,0.00018822381927838304,0.3352227805286037,0.34668448465709767,1.1265396165059742,1.1133793972893957,0.036680481254946384,21133.793972893665
H1,34,1.0,D1,80,short,0.0,2552,122.03692065985861,-0.017052878354027738,0.2862914205266569,0.9948109606609379,0.24098746081504702,-7.79010315328138e-06,0.025860214220431388,0.3617279733024219,1.0083380681595226,-0.01042915364966357,-0.0005012164785583861,9895.708463503286
H1,34,1.0,D1,80,short,1.0,2492,120.20641838351823,0.00941707742275915,0.28629142052666023,1.0028964918524355,0.24197431781701445,4.374940206172911e-06,0.038904254604005074,0.35740600844516746,1.0125825649399278,0.008250976637078633,0.0003964473346764752,10082.509766370687
H1,34,1.0,D1,120,both,0.0,5399,262.0926036682616,0.2226721823513274,0.4117894359738218,1.055034092528001,0.20114836080755696,9.605282842566407e-05,0.27398815856789904,0.43777360876486393,1.0733159090462705,0.8287782605771923,0.02973747521180381,18287.782605771496
H1,34,1.0,D1,120,both,1.0,5308,261.49811168060427,0.17863839224207134,0.411789435973819,1.0437883003611677,0.20026375282592312,7.691151717619275e-05,0.2600294981095903,0.4548499859802867,1.069295450247497,0.7760740573951024,0.02870221689687269,17760.740573950694
H1,34,1.0,D1,120,long,0.0,2981,144.71162280701753,0.24313893559792346,0.41806025011170944,1.0849224478698247,0.1707480711170748,0.0001658500109273875,0.26486882446147836,0.5061641138990511,1.1005499593126449,0.7933132450527127,0.028759008286208587,17933.132450526893
H1,34,1.0,D1,120,long,1.0,2920,143.85352036687348,0.18988807128498736,0.4180602501117088,1.0656772019282654,0.1695205479452055,0.00012933155663430665,0.252484959922173,0.5243395659256642,1.0956478244791146,0.7518703506760687,0.028007068544428027,17518.703506760456
H1,34,1.0,D1,120,short,0.0,2490,123.60322098396303,-0.021459777717249804,0.27434844280876436,0.9934661481110567,0.23654618473895583,-9.753570428097155e-06,-0.012528859685179583,0.3500367984542977,0.9961076616504568,-0.06290129599576277,-0.003219740686720707,9370.987040042328
H1,34,1.0,D1,120,short,1.0,2460,124.17288557213931,-0.015946873322774686,0.2743484428087617,0.9951533476804288,0.23577235772357724,-7.267699456310729e-06,-0.011718109443117896,0.3496901112416684,0.9963805839472067,-0.061557798600073044,-0.0032018555631359025,9384.422013999196
H1,34,1.5,none,0,both,0.0,6056,281.0972169271826,0.46337024322951126,0.267736676353758,1.1064704863434467,0.23068031704095113,0.00021531027673432022,0.48941334928572505,0.23424071066372731,1.1282925628284621,2.0657723480733856,0.05337593023351794,30657.72348073366
H1,34,1.5,none,0,both,1.0,5857,271.89492247076765,0.4022597309405655,0.26773667635375487,1.0935768823920884,0.22827386033805702,0.0001916491510397804,0.4577914416082699,0.24642310599095474,1.1199255320007044,1.9544692598822606,0.05157608334112096,29544.69259882222
H1,34,1.5,none,0,long,0.0,5338,247.77030118185286,0.5806070467629252,0.4010126701191322,1.1570024291401706,0.20532034469838892,0.00031383262384985567,0.587508698710546,0.3342377658806902,1.1699930347343086,2.7539551318569315,0.06332412466108295,37539.551318568614
H1,34,1.5,none,0,long,1.0,5151,239.12083756990341,0.5496280454285102,0.40101267011913255,1.1511134829897045,0.20559114735002912,0.00030456986078419184,0.5728998024236753,0.3411600804513024,1.167204328569606,2.7085052528480604,0.06273130673495242,37085.05252848008
H1,34,1.5,none,0,short,0.0,5339,247.81671749904692,-0.19242049420716786,0.4352709199624135,0.9583628830274598,0.22869451208091404,-7.946269531692149e-05,-0.11754521929944489,0.5205753322865604,0.973860265414919,-0.46287745672441605,-0.02843692578568191,5371.225432755803
H1,34,1.5,none,0,short,1.0,5147,238.93514870360957,-0.1936935026253533,0.43547209098783857,0.9573298987793212,0.22751117155624637,-8.232863855640925e-05,-0.11708272042784544,0.5190542328605078,0.9737775418710759,-0.46109250393282286,-0.028290843406024724,5389.074960671757
H1,34,1.5,H4,20,both,0.0,4147,192.6843594962473,-0.11041680418301371,0.39023965540326233,0.9708018061501836,0.21605980226669882,-5.616738158983632e-05,-0.14940274317847507,0.610354611685434,0.9597946147044597,-0.4581647517035411,-0.028071031093126475,5418.352482964598
H1,34,1.5,H4,20,both,1.0,4001,185.90068057499047,-0.1200898862128501,0.3902396554032622,0.9676794067617139,0.21544613846538366,-6.270856996307052e-05,-0.1465816174107364,0.6050521214558089,0.9602057718592276,-0.4567932887867181,-0.027956864189140562,5432.0671121328005
H1,34,1.5,H4,20,long,0.0,1472,68.50764525993884,0.3043397371230609,0.24238295982295,1.1574359012790372,0.21263586956521738,0.00030878884303110234,0.30630967577116985,0.23379313541973323,1.1622668031571943,0.50987395672098,0.019360951063725818,15098.73956720969
H1,34,1.5,H4,20,long,1.0,1414,65.80829510703364,0.29744323452005633,0.2423829598229511,1.1571477815107358,0.21357850070721357,0.00031088449462548324,0.3032894541583119,0.23479160363119067,1.1626923781034375,0.5044782591367836,0.019191123919379605,15044.782591367722
H1,34,1.5,H4,20,short,0.0,3195,148.4510558453123,-0.3701457210978434,0.5397330332757267,0.8971789498690123,0.21752738654147105,-0.0001936668692086224,-0.41846916931986317,0.7364913452239499,0.8828361853468192,-0.7175222559773238,-0.05704541562521448,2824.7774402267514
H1,34,1.5,H4,20,short,1.0,3078,143.0148199974558,-0.3697262045981098,0.5404534467125188,0.895346985090396,0.2157244964262508,-0.00019920791273973936,-0.40379734877314044,0.7275038870802193,0.8855469738262575,-0.7069725230221546,-0.0554375711049343,2930.274769778433
H1,34,1.5,H4,32,both,0.0,4222,196.34396485867074,0.11945019958258189,0.30798220998222015,1.0317694861122262,0.2179062055897679,5.9785380953858856e-05,0.22240860713594168,0.31517116650418997,1.0619640663112013,0.4987477620444718,0.018995462338547986,14987.477620444617
H1,34,1.5,H4,32,both,1.0,4076,189.5542398777693,0.15945226002279994,0.3079822099822195,1.0433792609699413,0.21933267909715407,8.218913326522617e-05,0.23547762949983905,0.3099012169159099,1.0662719587991836,0.5344354711155059,0.020111244212677848,15344.354711154869
H1,34,1.5,H4,32,long,0.0,1499,69.7553510001274,0.3772324502098101,0.23854395599420608,1.1854949825425363,0.21947965310206805,0.0003510759140788307,0.4317239671266385,0.23471669882351665,1.2205412660803319,0.9169282932203029,0.030744315302179137,19169.282932202852
H1,34,1.5,H4,32,long,1.0,1443,67.14941393808128,0.4161439080935079,0.2385439559942033,1.2108570920882262,0.22245322245322247,0.0004008268846187265,0.4453004503246822,0.231035496209272,1.2302776387550727,0.9392562726366616,0.03129992565356532,19392.5627263664
H1,34,1.5,H4,32,short,0.0,3090,143.7003437738732,-0.20526359971254607,0.3958866028883131,0.9407931182267912,0.2145631067961165,-0.00011099442439691772,-0.17366026562856443,0.4977670765916704,0.9487498658433894,-0.40733334278922084,-0.024034288574582785,5926.666572107811
H1,34,1.5,H4,32,short,1.0,2980,138.5847975553858,-0.20180093147381464,0.39106104701406896,0.9407638883732975,0.21442953020134228,-0.00011219377736268104,-0.17397218127384786,0.49782786920942046,0.9482895541692009,-0.4064583251208146,-0.02396732560381043,5935.416748791886
H1,34,1.5,H4,50,both,0.0,4414,205.58703136954858,0.054090926940443707,0.3459356196714273,1.0142370767712945,0.21635704576347983,2.7083033049967685e-05,0.19358926550781602,0.3657944292340971,1.0534746883191208,0.47251250385918486,0.018186975208387413,14725.125038591728
H1,34,1.5,H4,50,both,1.0,4260,198.46492346938774,0.08744748958316133,0.3425537605907548,1.0235259774128895,0.21690140845070421,4.515258080275882e-05,0.20153801550366454,0.3568829299673131,1.0560970105279188,0.501250057907582,0.019108903623002327,15012.500579075724
H1,34,1.5,H4,50,long,0.0,1720,80.14159969383849,0.323551396648243,0.17950578380643045,1.153931908157887,0.21046511627906977,0.00028986763735223953,0.40213628183443556,0.20746739577863604,1.2001760962951735,0.9321476661575745,0.031164015547376023,19321.476661575576
H1,34,1.5,H4,50,long,1.0,1643,76.71043717244025,0.3429710076123044,0.17950578380642868,1.1682129535653398,0.21241631162507607,0.00031923881866487353,0.4091601512202837,0.20551553196332828,1.2063003581161682,0.9432172600603372,0.03150383217328412,19432.172600603106
H1,34,1.5,H4,50,short,0.0,2937,136.82898596938776,-0.22784615218537996,0.4521580471919744,0.9327517794180173,0.22131426625808648,-0.0001286299290627124,-0.15809828582191568,0.5105183173067048,0.9515061255770217,-0.44190606354506723,-0.02680560881197358,5580.939364549294
H1,34,1.5,H4,50,short,1.0,2844,132.49630102040817,-0.2140606361799846,0.4521580471919743,0.9357648253564183,0.22046413502109705,-0.00012411837222132111,-0.1548754948628823,0.510146197257118,0.9523083468623224,-0.4335057581529074,-0.02612802263380265,5664.942418470923
H1,34,1.5,H4,80,both,0.0,4620,215.45646067415728,0.2854513165133529,0.3911000979458622,1.0741838338228555,0.22532467532467532,0.00014027838783412425,0.32414079958940284,0.36430091918027974,1.0901262013083928,0.9664725307108406,0.03203947693581499,19664.725307108296
H1,34,1.5,H4,80,both,1.0,4458,207.90149387129722,0.27240652753786104,0.3911000979458612,1.0720626758299383,0.22543741588156124,0.00013745776354216676,0.3209099764602403,0.36702547482265746,1.0901321947150018,0.9582746555222779,0.03183843262221808,19582.74655522259
H1,34,1.5,H4,80,long,0.0,1947,90.90396906557586,0.52147503411709,0.21079712569563225,1.2352148558946834,0.22342064714946072,0.000436303056786387,0.5666732966260658,0.2397231830816956,1.2670180288428066,1.469882464463586,0.04311877231830308,24698.824644635715
H1,34,1.5,H4,80,long,1.0,1854,86.56186884826793,0.5244042391576208,0.2107971256956327,1.2436108597649067,0.22545846817691478,0.0004555255059572317,0.5667496753323699,0.24136626190654242,1.271268204337387,1.4674668290154957,0.04307111733664182,24674.668290154885
H1,34,1.5,H4,80,short,0.0,2850,132.91145301327884,-0.054227404996473244,0.36887316027880324,0.9835514820132373,0.22736842105263158,-3.13959663806981e-05,-0.08640981158205677,0.3901655793293801,0.9734501518729244,-0.2533946455804901,-0.013535348369630662,7466.053544195137
H1,34,1.5,H4,80,short,1.0,2776,129.46041879468845,-0.07959265482584943,0.36887316027880246,0.9756041788103075,0.22586455331412103,-4.6970109866156665e-05,-0.09957146963343853,0.40513527921710357,0.9693372926941455,-0.2804765227804509,-0.015233635013459423,7195.234772195525
H1,34,1.5,H4,120,both,0.0,4728,221.02931012415203,0.43838967603329826,0.28247953317332997,1.1192994438239463,0.22123519458544838,0.00022910624002691813,0.4813830053984945,0.25636595043107446,1.1472711076745703,1.9305704885754298,0.05154908748756193,29305.704885754258
H1,34,1.5,H4,120,both,1.0,4556,213.01574500768047,0.40858775233096856,0.28247953317333163,1.1130979446657359,0.22058823529411764,0.00021907007575476482,0.4685465543050048,0.25954652632523934,1.14432540489279,1.890854829351634,0.050885211072164704,28908.548293516134
H1,34,1.5,H4,120,long,0.0,2075,97.04145326504481,0.5812504974091366,0.26431447333872116,1.2725500768427285,0.2163855421686747,0.0005230807052626315,0.5387877019941297,0.30971572551741067,1.2907188477465246,1.8617799195417915,0.05040188120297939,28617.79919541781
H1,34,1.5,H4,120,long,1.0,1976,92.42335766423358,0.5432927840484105,0.26431447333872204,1.2604052006096442,0.21508097165991902,0.000505783056885087,0.5253182876718621,0.3150408226644956,1.286482215969638,1.8296455775812799,0.04985384262116099,28296.45577581268
H1,34,1.5,H4,120,short,0.0,2778,130.13524432474028,-0.07416671200361326,0.33248486425720225,0.9772043195610909,0.22174226061915048,-4.3907080979759185e-05,-0.06610639512609555,0.45417703809300924,0.9795463568165043,-0.20727089604316573,-0.010821866472395358,7927.291039568437
H1,34,1.5,H4,120,short,1.0,2704,126.66871873797614,-0.07293130374337563,0.33248486425720114,0.9772482856989643,0.22152366863905326,-4.407579784782506e-05,-0.06562960252159163,0.4535340559598361,0.979562222647757,-0.2058246369929595,-0.010737400621343651,7941.753630070428
H1,34,1.5,D1,20,both,0.0,4971,232.38931908357864,0.40864696027637,0.29326075826815157,1.1079856976322713,0.22208811104405551,0.00021094815044386226,0.43740380798146783,0.2653113220861283,1.132216936570796,1.7868280802706722,0.049079641807369345,27868.280802706555
H1,34,1.5,D1,20,both,1.0,4799,224.37720814132103,0.36146465277588835,0.2932607582681511,1.096861389138536,0.22108772660971035,0.00019097809052871616,0.41425164599061937,0.2790165371879004,1.1254452093412568,1.7076039826631164,0.0476724292804509,27076.03982663094
H1,34,1.5,D1,20,long,0.0,2796,130.72695852534562,0.44518900732239614,0.24804254429484573,1.1684953101066786,0.2092274678111588,0.00033495440957352586,0.4274027635354998,0.2985021002931614,1.1918040721496106,1.600603392557415,0.04569922828737649,26006.03392557389
H1,34,1.5,D1,20,long,1.0,2681,125.36618230700294,0.40018633993276287,0.24804254429484718,1.154024533882662,0.2081312942931742,0.00030957246644487793,0.40986554561987737,0.3092020620281649,1.1847374796296546,1.5496005939987167,0.044737143377900246,25496.005939986833
H1,34,1.5,D1,20,short,0.0,2427,113.69267025779145,-0.005887816597046695,0.26037008893474123,0.9980616453233901,0.23279769262463948,-3.6842330651441864e-06,0.04973996027875753,0.29154036924980575,1.0167987861904144,0.013663653593992242,0.0006359417239694132,10136.636535939924
H1,34,1.5,D1,20,short,1.0,2360,110.55405925355906,-0.010008339711238379,0.26037008893473934,0.9966567370089737,0.23220338983050848,-6.395250248329297e-06,0.04857480994177064,0.2920650523650088,1.0165216461606161,0.011391075830351705,0.0005307387242092787,10113.910758303537
H1,34,1.5,D1,32,both,0.0,5020,235.76636235052078,0.28407368740286876,0.34582481875031623,1.0756949465542638,0.2097609561752988,0.0001508146053802548,0.33251653943909587,0.3190772806348827,1.106550986805836,1.224256321485234,0.038258937655545555,22242.563214852267
H1,34,1.5,D1,32,both,1.0,4842,227.40651922335093,0.22538789932472558,0.34582481875031545,1.0608479452948605,0.20817843866171004,0.00012257361091183328,0.3122274050841225,0.334047304324246,1.1006011579648094,1.1526430907663632,0.03666436046860211,21526.430907663424
H1,34,1.5,D1,32,long,0.0,2899,136.328022402472,0.3798157200292493,0.26528025441395264,1.1432343947723465,0.1993790962400828,0.0002890190396972871,0.4025858875592038,0.21375437624768379,1.18117222797795,1.492928374466929,0.043892138569572525,24929.283744669014
H1,34,1.5,D1,32,long,1.0,2796,131.48435689455388,0.325486745105351,0.2652802544139532,1.1243445466223623,0.19814020028612303,0.00025345167672512507,0.38256727435974436,0.22215525216784193,1.1728556311320832,1.4292270760397194,0.042622221235263824,24292.270760396896
H1,34,1.5,D1,32,short,0.0,2309,108.4431335990742,-0.01907066219653211,0.3120583384512743,0.9934346195609699,0.2256388046773495,-1.275166504393049e-05,0.0008757281860200609,0.31113445129016426,1.0003072480906798,-0.07183142684502541,-0.003494770479039455,9281.685731549725
H1,34,1.5,D1,32,short,1.0,2229,104.68590073293045,-0.03770046614556953,0.3120583384512773,0.9868321173684436,0.22386720502467475,-2.5880333535957686e-05,-0.003346427066122968,0.31370635640652156,0.9988154917495039,-0.08053231615571588,-0.003935469445274342,9194.676838442885
H1,34,1.5,D1,50,both,0.0,5038,238.1119953416149,0.32591378296533113,0.35999338559840144,1.0857190662099852,0.2109964271536324,0.0001697575366975971,0.39005875427907255,0.31118452163734167,1.1197669637526562,1.4579713128140859,0.043421807900858145,24579.71312814098
H1,34,1.5,D1,50,both,1.0,4882,230.7389363354037,0.3156158076427396,0.3599933855984031,1.0842797795935009,0.21159360917656697,0.00016825472028155739,0.38832001935518967,0.3124622091583219,1.1204041175635582,1.4536696835948142,0.04333543022620523,24536.696835947954
H1,34,1.5,D1,50,long,0.0,2849,134.65285326086956,0.4990740696091406,0.30814228130578747,1.190950374269438,0.20252720252720252,0.00037932329019624744,0.49147125020245225,0.31844047636001593,1.214996596765261,1.829352963080086,0.05038419551142992,28293.529630800684
H1,34,1.5,D1,50,long,1.0,2747,129.83200698757764,0.4834132625784184,0.3081422813057869,1.1882507541669063,0.20349472151437933,0.0003772099458352227,0.48708946894370947,0.3194894442248719,1.2152409924819334,1.8182943736540071,0.05018979660675238,28182.94373653986
H1,34,1.5,D1,50,short,0.0,2334,111.13199061400078,-0.11758538425842888,0.33674708023645794,0.9608803307413674,0.22193658954584405,-7.700223386430332e-05,-0.06745997015038059,0.36253950382195377,0.9773220762672924,-0.18365308575754224,-0.009615191535756962,8163.469142424586
H1,34,1.5,D1,50,short,1.0,2276,108.37035588580368,-0.11069684215783171,0.33674708023645694,0.9626794651823433,0.2218804920913884,-7.405310229823224e-05,-0.058677715363505877,0.3608624577637036,0.9800335463527327,-0.1691316085636475,-0.008783377579342999,8308.683914363535
H1,34,1.5,D1,80,both,0.0,5039,240.96553417124903,0.32628021243278554,0.2667407271569505,1.0848064137914024,0.21631276046834688,0.00016702944552751518,0.40554839190012343,0.23411041408358912,1.1176314432853016,1.7296899326213477,0.049192039518600295,27296.89932621333
H1,34,1.5,D1,80,both,1.0,4909,236.2957630469162,0.31916254344598116,0.2667407271569492,1.0836267042476322,0.2163373395803626,0.0001659586979680309,0.40509432799826894,0.2354604025408833,1.1178506590828639,1.726059932488801,0.04945685683839729,27260.59932488775
H1,34,1.5,D1,80,long,0.0,2756,132.08620915890302,0.553715936013754,0.24060143386521993,1.210758474788498,0.20972423802612483,0.00043217437291048766,0.5581114346848048,0.22550390290260292,1.2345091575036566,2.2894230725428706,0.058726745621318965,32894.23072542833
H1,34,1.5,D1,80,long,1.0,2690,129.5007908264136,0.5314441560493894,0.24060143386522004,1.2038386119000477,0.20966542750929368,0.000420106235777893,0.5496547008973165,0.22886593190500537,1.2315190291917866,2.2653863035367956,0.05862369551840607,32653.86303536738
H1,34,1.5,D1,80,short,0.0,2386,114.09878240377063,-0.1811038237343038,0.3274085090130796,0.94007168543467,0.2242246437552389,-0.00011227715277402598,-0.12743716940852032,0.39189906353519344,0.9574713895423678,-0.29710693029473556,-0.01671768616082414,7028.930697052624
H1,34,1.5,D1,80,short,1.0,2322,111.99135085171001,-0.1591281394659225,0.32740850901307783,0.9467865612534142,0.2243755383290267,-0.00010072205715251482,-0.1227814798304398,0.3862942861132672,0.9590063719199059,-0.2851713019180454,-0.016061213964635113,7148.286980819556
H1,34,1.5,D1,120,both,0.0,4983,241.89802631578948,0.3131201057504165,0.3881546908647818,1.0815509432767008,0.21131848284166166,0.00016224828066365796,0.3928059667835319,0.34476578800059854,1.1160680224702162,1.644367986389749,0.0483383453069659,26443.679863896967
H1,34,1.5,D1,120,both,1.0,4900,238.02699827104666,0.2976872914922195,0.3881546908647808,1.0779616365776425,0.2116326530612245,0.0001558399785571839,0.38901930729497586,0.34855401733018865,1.1152661004924573,1.6347540451436808,0.04818578318006361,26347.540451436344
H1,34,1.5,D1,120,long,0.0,2778,134.85705741626793,0.42979341095739126,0.3499465369537206,1.1586882937647425,0.20014398848092152,0.00033331661178836,0.4577459116817418,0.38189168114390815,1.1906238587412805,1.837006873722629,0.051923003172979376,28370.06873722593
H1,34,1.5,D1,120,long,1.0,2721,132.1778494480649,0.40225716617483115,0.34994653695372213,1.149358253150521,0.20029400955531054,0.0003156648448667998,0.44871955728533475,0.3905753656157782,1.1868477057625377,1.8134469818246415,0.051532360302374514,28134.46981824605
H1,34,1.5,D1,120,short,0.0,2299,114.1530383360522,-0.10003002210004204,0.2852954346409593,0.966481466662811,0.22444541104828186,-6.210109112632641e-05,-0.01387806723102225,0.3008604703420602,0.9952633820415455,-0.10057101282874159,-0.005249189545936561,8994.289871712603
H1,34,1.5,D1,120,short,1.0,2273,114.71787342821612,-0.08524948537298115,0.28529543464096185,0.9714513302046275,0.22481302243730752,-5.306123688989412e-05,-0.010503243502302797,0.3000331202340004,0.9964362879845449,-0.09355587882358163,-0.004945174122689688,9064.44121176414
H1,50,5.0,none,0,both,0.0,1051,48.808359821996184,0.3057445862614811,0.24645217316095602,1.1413106029835642,0.3358705994291151,0.0007632358451815542,0.48383292972109687,0.12216153757530457,1.242449502272188,1.2028205553014,0.037356241167904036,22028.205553013973
H1,50,5.0,none,0,both,1.0,1013,47.04364272091545,0.34613812544915146,0.23567144013827002,1.164709422970583,0.3395853899308983,0.000897127787074581,0.508002375910529,0.12325384792935423,1.2602634838178044,1.2869293029862554,0.03916298748658731,22869.293029862438
H1,50,5.0,none,0,long,0.0,997,46.30649160732452,0.6289586491305372,0.24949632407529765,1.3264573802895443,0.3650952858575727,0.001640141360125346,0.7181395726820592,0.18675307596719737,1.382830611282322,2.135691253557967,0.05451463484402197,31356.912535579744
H1,50,5.0,none,0,long,1.0,962,44.680887589013224,0.5829115599369651,0.24949632407529831,1.3059765097354266,0.36486486486486486,0.001555355061172955,0.6810298942872139,0.189929781335189,1.3673602728275411,1.976281186227332,0.05196230921993461,29762.811862273382
H1,50,5.0,none,0,short,0.0,998,46.33526121774501,-0.2659530095893917,0.5653816688699399,0.8847047326570191,0.28857715430861725,-0.0006720372973561103,-0.19021472680812093,0.30261304499917563,0.9179470680025856,-0.29211965586342215,-0.015912039857865046,7078.803441365765
H1,50,5.0,none,0,short,1.0,957,44.431708402186345,-0.28578826375238126,0.5829696123286763,0.8743197213156019,0.28735632183908044,-0.0007465767851638302,-0.19694605715196534,0.3096212601031434,0.9138967009303767,-0.2961371213478987,-0.01617204696814889,7038.628786521016
H1,50,5.0,H4,20,both,0.0,792,36.897704081632654,0.0010201393547924651,0.37506227411628434,1.0005193645876562,0.3143939393939394,2.9540612378759516e-06,0.04538373606856826,0.26425072269261585,1.0234849282599054,0.0161717427964021,0.0007476615993462499,10161.717427964037
H1,50,5.0,H4,20,both,1.0,765,35.63982780612245,-0.0405782358688378,0.3748228445239732,0.9792749757808564,0.3137254901960784,-0.00012007339360853674,0.013224818196305452,0.2673166861228067,1.006945579501374,-0.03264412765524971,-0.0015450069982575476,9673.558723447495
H1,50,5.0,H4,20,long,0.0,604,28.153522205206738,0.48416331481238656,0.17929923384933977,1.330203262557096,0.35596026490066224,0.0017418470093876817,0.4969832378814426,0.16276706933958263,1.3434175151465588,0.9406007385717099,0.03138597581716662,19406.007385717185
H1,50,5.0,H4,20,long,1.0,583,27.174674578866767,0.4316947828223226,0.17929923384933955,1.2967977317200596,0.35334476843910806,0.0015854572387415191,0.44314292893391055,0.15999481805981886,1.3071800359622137,0.784899563317067,0.02737305027760173,17848.995633170725
H1,50,5.0,H4,20,short,0.0,565,26.322225765306122,-0.3027103521649237,0.4862776553368632,0.8315618259444482,0.29557522123893804,-0.0010291360891829852,-0.18173181022876284,0.26027926292238235,0.8964992173758349,-0.22205385449109005,-0.011629997816906656,7779.4614550890965
H1,50,5.0,H4,20,short,1.0,541,25.204113520408164,-0.2948748560313831,0.47572687162942384,0.832872958722439,0.2975970425138632,-0.0010394677176550216,-0.1813135209037246,0.26038739384038434,0.8954674367343591,-0.22006094449347802,-0.011512182415484684,7799.390555065222
H1,50,5.0,H4,32,both,0.0,696,32.36333545512412,0.003018008672736316,0.3793831823842573,1.0017269010230467,0.3117816091954023,9.791589610120998e-06,0.050615303578054965,0.23039830438764997,1.0293972042435713,0.0248116796090192,0.0011402886192937167,10248.116796090191
H1,50,5.0,H4,32,both,1.0,671,31.200859325270528,-0.020007532594374627,0.3793831823842577,0.9884477422843828,0.3114754098360656,-6.692292511394404e-05,0.029382005552211748,0.22842302364621125,1.0172048374338427,-0.007173764175475883,-0.00033471939442719645,9928.262358245252
H1,50,5.0,H4,32,long,0.0,448,20.9007536083791,0.45966065228159353,0.1855480602357813,1.3723376280689983,0.3794642857142857,0.0019135935345003015,0.4413045048982692,0.16977915038621894,1.3457000293434054,0.633568329560646,0.02316009698626509,16335.683295606497
H1,50,5.0,H4,32,long,1.0,436,20.34091199386895,0.4480253523773374,0.18554806023578074,1.3677837435715368,0.38073394495412843,0.0019038119588414093,0.43156928418973683,0.16958382781540293,1.3382713888343556,0.6017985267986232,0.02222304535921804,16017.985267986234
H1,50,5.0,H4,32,short,0.0,508,23.621514958625077,-0.23347686241367607,0.4308309985033263,0.8529757555000503,0.28937007874015747,-0.0008832014524496046,-0.20360374973227494,0.26966896825584175,0.8740104780524671,-0.23440125262054268,-0.012342952057352363,7655.98747379457
H1,50,5.0,H4,32,short,1.0,484,22.505537873965626,-0.2316462597672066,0.427025697331631,0.85132005634711,0.2892561983471074,-0.0009150235409602378,-0.20310185953642151,0.2681434815696603,0.8725280790168636,-0.23277640152134116,-0.012245582428813906,7672.235984786604
H1,50,5.0,H4,50,both,0.0,599,27.956139790442116,-0.0719375231411298,0.42289837810569453,0.9613994147857792,0.3121869782971619,-0.00020899168301598142,0.18189610106682688,0.1592418569990276,1.1158593871842397,0.21378969914945367,0.009083461828862438,12137.896991494552
H1,50,5.0,H4,50,both,1.0,575,26.836027344748274,-0.06712825565687666,0.42137569648765316,0.963286243990404,0.3165217391304348,-0.00020094914198147645,0.18364018054502687,0.1637098959196066,1.1192688770503516,0.2148026098911202,0.009122747348819571,12148.02609891122
H1,50,5.0,H4,50,long,0.0,363,17.002532700692484,0.435863172906484,0.18238973758797994,1.3804632635868996,0.38016528925619836,0.001884282105580192,0.5310353067224953,0.14086822323658876,1.5207400192979632,0.7591297185236221,0.0268085831491649,17591.29718523628
H1,50,5.0,H4,50,long,1.0,350,16.393626570915618,0.3997960167897893,0.1823897375879795,1.3516116486315748,0.38285714285714284,0.0017533969556865437,0.49505253778677094,0.1405868059690094,1.489553237513867,0.6733140327832852,0.024406037440221073,16733.140327832858
H1,50,5.0,H4,50,short,0.0,418,19.5086250958344,-0.7252939598834274,0.6689638890568553,0.6035946981768653,0.2583732057416268,-0.0025474069460364747,-0.6151041884668724,0.43000693063123874,0.6538310841858946,-0.4326898181846065,-0.026108728311290852,5673.101818153936
H1,50,5.0,H4,50,short,1.0,400,18.668540761564017,-0.7082690037932926,0.6576479728454478,0.6049793037811204,0.2625,-0.002579949551782281,-0.6010754964159427,0.4191512545608366,0.6574520939054093,-0.4218852384516474,-0.02525082925807809,5781.147615483509
H1,50,5.0,H4,80,both,0.0,589,27.51403632178028,-0.13208225987150396,0.38414795878122765,0.9250040408742303,0.3089983022071307,-0.00041385147485690187,0.08140725683437759,0.16112043904240103,1.0514945733317327,0.06818394807392636,0.0030859483406024957,10681.839480739234
H1,50,5.0,H4,80,both,1.0,565,26.39292108965341,-0.13322154714026124,0.3694875023080465,0.9229384024437071,0.30973451327433627,-0.00043265018396510815,0.07100441733822281,0.1538784182177475,1.0452433932567704,0.054004771672751195,0.0024599905080771034,10540.04771672751
H1,50,5.0,H4,80,long,0.0,319,14.901489960352988,0.35984895368948844,0.1992799006698226,1.3237452025071288,0.3793103448275862,0.0016107495004768287,0.5017252614037455,0.11122722550809616,1.5199801319800816,0.6251023848898207,0.02294173989854653,16251.02384889824
H1,50,5.0,H4,80,long,1.0,303,14.15407980560174,0.3382092718810041,0.19927990066982237,1.3114116615528006,0.3795379537953795,0.0015709955581982413,0.49538931840903594,0.10869336779371452,1.5302672282843668,0.6136911791786239,0.02260507449105642,16136.911791786279
H1,50,5.0,H4,80,short,0.0,370,17.345976126299576,-0.5517030690370848,0.5784437801497675,0.6658159150775461,0.2648648648648649,-0.0020345437074638113,-0.403526885849702,0.3152975485789723,0.7462379392529481,-0.2948895298402142,-0.01624683735664101,7051.1047015978575
H1,50,5.0,H4,80,short,1.0,353,16.548998844820947,-0.5973825609026044,0.57772302773622,0.6372793612600178,0.26062322946175637,-0.002270863616428973,-0.43060379857583275,0.31177888889264993,0.7298653231575024,-0.30635403760092983,-0.017002571997026927,6936.459623990701
H1,50,5.0,H4,120,both,0.0,652,30.503778660176767,0.3653981771948436,0.17800514891799468,1.2325870576925824,0.3496932515337423,0.0011825649670310866,0.5118217417323626,0.15493792789023042,1.3534243799288912,0.9702112605781366,0.03223543238987614,19702.11260578136
H1,50,5.0,H4,120,both,1.0,628,29.38094018188805,0.3404813062999509,0.1780051489179948,1.2197775751912157,0.3487261146496815,0.0011359475352692868,0.49296126046927796,0.15570359397135136,1.346010268798417,0.9228040029366398,0.031059864858884234,19228.040029366417
H1,50,5.0,H4,120,long,0.0,361,16.889362110926093,0.4945738379147428,0.20506638240548491,1.4292496382469306,0.407202216066482,0.002101518847584656,0.6100250117084384,0.13850172279860218,1.6093460313105354,0.9320062631957349,0.031290200295345016,19320.062631957353
H1,50,5.0,H4,120,long,1.0,344,16.09401818880492,0.4707894046603098,0.20506638240548525,1.4167674921820181,0.40988372093023256,0.0020751733217531303,0.593930216315577,0.1421975969825734,1.5986612565487868,0.8735571168195642,0.029809053024244525,18735.571168195664
H1,50,5.0,H4,120,short,0.0,362,16.99273872252924,0.0013155115434483188,0.20879392520951656,1.0010670785677944,0.292817679558011,5.669707730027634e-06,0.07645929565879403,0.13735886727808577,1.0618135723027393,0.051835793206821634,0.0023750874465378047,10518.357932068227
H1,50,5.0,H4,120,short,1.0,350,16.429443516257553,0.010764791851300243,0.20729018886868233,1.008908974515266,0.2914285714285714,4.783312573979007e-05,0.08541628354362943,0.1367497865626801,1.0699301751466554,0.06014055346522462,0.0027452014558462245,10601.405534652245
H1,50,5.0,D1,20,both,0.0,693,32.42196106058665,0.5223681370586537,0.13094115628058545,1.3399988558626044,0.3578643578643579,0.0016897404541498702,0.6077747322434419,0.09274118236719497,1.414936571494912,1.253982219637574,0.03875413618601797,22539.822196375717
H1,50,5.0,D1,20,both,1.0,665,31.111982835916486,0.48906726201302503,0.1309411562805851,1.323571988961676,0.35639097744360904,0.0016339644946892099,0.5798832268939196,0.09408488664593717,1.3960894400069521,1.1498314924218014,0.036457550622651214,21498.314924218
H1,50,5.0,D1,20,long,0.0,391,18.292910208786985,0.6475478110627269,0.207390196368602,1.576015798626431,0.391304347826087,0.002649784365919105,0.6894928655797703,0.1413748525929921,1.6680519036859112,1.0639845962916668,0.03448338882805402,20639.845962916654
H1,50,5.0,D1,20,long,1.0,373,17.45078135007045,0.6150245493325208,0.207390196368602,1.5566452468548153,0.3914209115281501,0.0026105735868772613,0.665813625520024,0.1407746705443591,1.654892768716769,1.0066046909744952,0.033119733946824104,20066.046909744935
H1,50,5.0,D1,20,short,0.0,369,17.334694533762057,0.11794078649880703,0.19550920437037933,1.101521524886165,0.3008130081300813,0.0005366680881922297,0.1799833133665457,0.12151943571150303,1.1555827597322084,0.16815436283825047,0.007328199149581716,11681.54362838252
H1,50,5.0,D1,20,short,1.0,357,16.77096463022508,0.11039399182014187,0.19550920437037855,1.0966398242400957,0.29971988795518206,0.0005158907198905076,0.17873188529955197,0.11922302246036598,1.1571827441098832,0.16693221015624227,0.007278665234597748,11669.322101562426
H1,50,5.0,D1,32,both,0.0,755,35.50453843182696,0.401909052227977,0.2482718076060384,1.2299208779498505,0.3456953642384106,0.0011639740909892011,0.5460215847896864,0.14287443207078743,1.3357500555111126,1.0618926166066953,0.03461468139677182,20618.92616606696
H1,50,5.0,D1,32,both,1.0,723,33.999710312862106,0.36014968694723815,0.24827180760603873,1.2089216029731173,0.343015214384509,0.0010802577126853233,0.5140297580489085,0.14093583445684688,1.3211652956067834,0.9808727952552847,0.03266615111025084,19808.727952552825
H1,50,5.0,D1,32,long,0.0,443,20.8351467937162,0.6254927858339214,0.19233203854656078,1.5254192061683214,0.39503386004514673,0.0023627101343531485,0.7173522046083411,0.12506628140558018,1.6392536951645278,1.140877534151426,0.03645004064660795,21408.775341514294
H1,50,5.0,D1,32,long,1.0,424,19.941540046355907,0.5825176796081847,0.19233203854656022,1.4968555591740693,0.3938679245283019,0.0022749143374518025,0.6991066801679021,0.12305159297235035,1.6386808521684941,1.1061608449829574,0.03565339344236951,21061.608449829615
H1,50,5.0,D1,32,short,0.0,365,17.239913358334412,-0.02150533099379446,0.2765895911232419,0.9842007881335686,0.2876712328767123,-8.832847328440079e-05,0.08461897430526366,0.1914752198630254,1.0669543260170264,0.061747534768623824,0.00283400699699099,10617.475347686239
H1,50,5.0,D1,32,short,1.0,350,16.531423768265874,-0.04253470829210608,0.2765895911232422,0.9683609286244567,0.28285714285714286,-0.00018114193072250913,0.07145635586039957,0.19301307803936063,1.0571368942797374,0.04849741067523761,0.0022393517534866625,10484.974106752363
H1,50,5.0,D1,50,both,0.0,792,37.44699029126213,0.20275125658612894,0.2432750695342476,1.1043078470690404,0.32196969696969696,0.0005682028295745728,0.3257364984652222,0.13694584050872416,1.1771091869406567,0.5353157296502282,0.020478164625832296,15353.157296502297
H1,50,5.0,D1,50,both,1.0,763,36.075825242718444,0.1736173011157929,0.24327506953424927,1.0904593366286228,0.3224115334207077,0.000499808619104777,0.3205766870514113,0.13454509629989597,1.1772723823674278,0.5214618195749574,0.020040900458310862,15214.618195749616
H1,50,5.0,D1,50,long,0.0,459,21.70223300970874,0.5786711764902942,0.11081895747043458,1.4517872191153147,0.3681917211328976,0.0021780062180301327,0.6542581898394463,0.09883371507267547,1.552346460608509,1.1019431326564422,0.03574780178897807,21019.431326564412
H1,50,5.0,D1,50,long,1.0,440,20.80388349514563,0.5435090939170468,0.11081895747043424,1.4305919386048422,0.36818181818181817,0.002113034222674524,0.6327012859074663,0.10088685990234603,1.5435310369720736,1.0466200140726776,0.03444242277281084,20466.20014072677
H1,50,5.0,D1,50,short,0.0,365,17.395126565762006,-0.2651477577878408,0.3739942366565737,0.8248778229291491,0.273972602739726,-0.0010656268133772235,-0.16194809923469447,0.18648784367071713,0.8886970903932832,-0.1497411293326657,-0.007700989883415721,8502.588706673354
H1,50,5.0,D1,50,short,1.0,354,16.87088987473904,-0.262720163992849,0.37325272295168443,0.8240905310823672,0.2768361581920904,-0.0010783953606831043,-0.15710196936043339,0.18479016653986902,0.8907390779085518,-0.14484254415766507,-0.007429278285356555,8551.574558423357
H1,50,5.0,D1,80,both,0.0,817,39.217932711262975,0.29793875637342293,0.2257553374161404,1.1563755970887521,0.32802937576499386,0.0008230303591210148,0.5205642288563064,0.11714507450767342,1.3099304277478532,1.1567911565547924,0.03758474556229685,21567.911565547925
H1,50,5.0,D1,80,both,1.0,792,38.340357852882704,0.31756203521613136,0.2254587045258012,1.1691351015914195,0.3333333333333333,0.0008975419985274328,0.5477071572622709,0.1154337740982948,1.3342270877709295,1.2446215049206621,0.03991699993664932,22446.21504920664
H1,50,5.0,D1,80,long,0.0,459,22.033085819424365,0.4839678294181079,0.19853081955817764,1.3532313907069822,0.3790849673202614,0.0017564610084736829,0.6345348920136643,0.0980526985465805,1.5320566714386044,1.064381405142027,0.03540596282491215,20643.81405142033
H1,50,5.0,D1,80,long,1.0,442,21.804497568881683,0.5017582380140054,0.19853081955817775,1.3703140991425053,0.38461538461538464,0.0018525043865141961,0.650689755921148,0.09767165531540833,1.5487904044239293,1.0727778029429147,0.036611455153972905,20727.778029429137
H1,50,5.0,D1,80,short,0.0,388,18.827819848545236,-0.13395185298773069,0.29048436086715634,0.9064879766820099,0.26288659793814434,-0.0005316113480824524,0.08109856109705356,0.14539409795835467,1.0647807386082118,0.061686353349460044,0.002908876902358859,10616.863533494572
H1,50,5.0,D1,80,short,1.0,379,18.391092068553206,-0.12622619151990186,0.2902125273177011,0.9109468234776054,0.26649076517150394,-0.0005122120630873926,0.08317594572049064,0.145134328634984,1.0668431449624807,0.06390990930106866,0.0030107006947173165,10639.099093010664
H1,50,5.0,D1,120,both,0.0,840,40.83178067607133,0.0831233990319328,0.4107679091003589,1.0390360049841671,0.32261904761904764,0.00021233007427051137,0.292208451430763,0.19200424951202455,1.1462031724288486,0.45771162440268087,0.018488094267137045,14577.116244026878
H1,50,5.0,D1,120,both,1.0,817,40.303788492706644,0.06540688334977164,0.4105421592480829,1.030736303912599,0.32313341493268055,0.00016963464766665468,0.28425233523827725,0.1913551901310545,1.1427303352575144,0.4334986717444804,0.017923883120833484,14334.986717444888
H1,50,5.0,D1,120,long,0.0,482,23.42966462603141,0.4035792651527045,0.22099747827189842,1.278830901755059,0.35684647302904565,0.0014456410110902267,0.5354316307474771,0.14916716406079744,1.393133869365364,0.7741037155155714,0.02825939410878142,17741.03715515573
H1,50,5.0,D1,120,long,1.0,466,22.98845218800648,0.3772396445612568,0.22099747827189897,1.2610796909057418,0.3562231759656652,0.0013773678774662366,0.5033350218217989,0.14904727403551277,1.3646709545420665,0.6908210855618051,0.026248147910966857,16908.210855618145
H1,50,5.0,D1,120,short,0.0,379,18.88794514940647,-0.430513769526953,0.44210515057056854,0.7487472734699807,0.27440633245382584,-0.0014418599959180984,-0.22695790628949322,0.19875809974414194,0.8556231306951394,-0.1898467052906696,-0.010437268518911136,8101.53294709332
H1,50,5.0,D1,120,short,1.0,372,19.12088376020265,-0.4252677602701308,0.426285882110633,0.7535222396859237,0.2768817204301075,-0.0014281859065868516,-0.22394779322779293,0.19909191897197898,0.8590962448789649,-0.18512596944548587,-0.010467573222413873,8148.74030554515
H1,50,4.0,none,0,both,0.0,1733,80.48038779402417,0.196581776812739,0.2741510163006251,1.0778114881683842,0.28332371609924983,0.00031581362838975795,0.2622270844508702,0.21727658892377244,1.1066190192432384,0.643677199440909,0.023346016188443564,16436.771994409108
H1,50,4.0,none,0,both,1.0,1669,77.5082326764145,0.1867292829698849,0.27415101630062455,1.0754771016659952,0.2852007189934092,0.000308519208459812,0.2318031564139179,0.2705667304208029,1.0953431360111032,0.5281824475278101,0.019889410584702505,15281.824475278192
H1,50,4.0,none,0,long,0.0,1643,76.31049720244151,0.6714367760139349,0.2856768099031356,1.2959569687468724,0.30310407790626903,0.0011525652936456693,0.708837526274857,0.21210450739201248,1.3258973656757411,2.7743858946765223,0.06363373843652664,37743.85894676503
H1,50,4.0,none,0,long,1.0,1581,73.43085579857579,0.6525394490823941,0.28567680990313626,1.2937660153201365,0.30487033523086654,0.0011511676889408647,0.6847108812113633,0.22148090958650501,1.31867731411708,2.665801273429422,0.06219265294947118,36658.012734293974
H1,50,4.0,none,0,short,0.0,1644,76.31812404677173,-0.2009916457935833,0.4828565264131327,0.925609623324368,0.26094890510948904,-0.00030168431828368,-0.23303829677930793,0.4107491195144265,0.9177040739337436,-0.39673777214440187,-0.0231888502361155,6032.622278556024
H1,50,4.0,none,0,short,1.0,1579,73.3006799694967,-0.20241066325964435,0.48083314337118477,0.9235741050967158,0.2615579480683977,-0.00031330592401650095,-0.2324526787645158,0.40758948786192384,0.9167923458312065,-0.3935867715181337,-0.022952585123924396,6064.132284818672
H1,50,4.0,H4,20,both,0.0,1189,55.33667813455657,-0.3567232122831236,0.5988471767562804,0.8666544822977583,0.26997476871320436,-0.0005670475857615531,-0.322955030007006,0.5469442798803129,0.877889342467975,-0.43817091920196183,-0.026476476420433603,5618.290807980376
H1,50,4.0,H4,20,both,1.0,1145,53.28889525993883,-0.3601596291386122,0.5988471767562809,0.8635855856905904,0.27161572052401745,-0.000584597389909941,-0.32338487099599694,0.5464561693612457,0.8767874413237237,-0.4318945496091171,-0.02597299940508835,5681.0545039088365
H1,50,4.0,H4,20,long,0.0,821,38.268281010719754,0.24753282121130757,0.41742317768017856,1.1462239240012273,0.2935444579780755,0.000632346049549502,0.2524799249209208,0.36176318679428676,1.1474413915740107,0.43096942508951996,0.016843717395418567,14309.694250895222
H1,50,4.0,H4,20,long,1.0,792,36.91653905053599,0.2373374009970417,0.41742317768017745,1.1430701599215323,0.29419191919191917,0.000621775316708467,0.253956480576505,0.36268206684054116,1.1509068697444422,0.43292381104699773,0.01690840892120149,14329.238110469989
H1,50,4.0,H4,20,short,0.0,817,38.02360474006116,-0.3169140227994226,0.4480942253706174,0.8467623932188203,0.25458996328029376,-0.000647415932470269,-0.31527467230357126,0.3846289335690696,0.8442277599368501,-0.3745781341126053,-0.021605982961550807,6254.218658873969
H1,50,4.0,H4,20,short,1.0,780,36.30160550458716,-0.2970908227968588,0.42619420372847605,0.8528009861398697,0.2551282051282051,-0.0006297832746523685,-0.31477915611080903,0.3904692692104629,0.8434694328376747,-0.3687924481513133,-0.02118659227513553,6312.07551848688
H1,50,4.0,H4,32,both,0.0,1097,51.02244365210748,-0.014559721178612494,0.29453735946813,0.9930356345710865,0.28076572470373745,-2.8103745986857538e-05,0.10654326297623107,0.17631188661645447,1.0506651142073602,0.12243407187846755,0.005386444176190608,11224.340718784706
H1,50,4.0,H4,32,both,1.0,1052,48.929453711957215,-0.017455706646014504,0.2945373594681302,0.9914827714966323,0.2813688212927757,-3.477288310431186e-05,0.11011973927072681,0.1764501641983499,1.0531591349905876,0.12891231010590598,0.0056555924307160055,11289.123101059075
H1,50,4.0,H4,32,long,0.0,624,29.037584405656773,0.24932586658567799,0.27253142346980175,1.1636747130382799,0.3141025641025641,0.000684826491011761,0.31361053994622773,0.20989092864694048,1.2056562036675427,0.45891050234117325,0.017731006515152137,14589.105023411717
H1,50,4.0,H4,32,long,1.0,598,27.827685055421075,0.26576268783365103,0.2725314234698032,1.1793477459895232,0.3193979933110368,0.0007548654501658513,0.3210888534203548,0.20902347399365162,1.214078791546799,0.46808043162912427,0.018027795818283954,14680.804316291156
H1,50,4.0,H4,32,short,0.0,767,35.664767663908336,-0.021014659426286005,0.2890111498982204,0.9876239867139802,0.2607561929595828,-4.845493564745403e-05,-0.01942138022619206,0.23836111767461865,0.9891736754255182,-0.06044156397509648,-0.0028947971726939192,9395.584360249053
H1,50,4.0,H4,32,short,1.0,734,34.13029917250159,-0.01436388376901239,0.2795960135776391,0.9913310069354586,0.26021798365122617,-3.432274953086406e-05,-0.015155313316202753,0.23238657301575294,0.9914314537926194,-0.05463527303338833,-0.0026091146072884097,9453.64726966615
H1,50,4.0,H4,50,both,0.0,1050,48.93613627663647,-0.14397763087236382,0.4352058346022831,0.9393948379117892,0.26285714285714284,-0.0002350354177948314,0.06222932567804343,0.20749109348073502,1.029048448195452,0.04300199990614906,0.001964176682172969,10430.019999061547
H1,50,4.0,H4,50,both,1.0,1005,46.83887329335205,-0.1555404689968423,0.43474988174052653,0.9334387160273516,0.2646766169154229,-0.0002600335117025425,0.06361828459753158,0.2111725023040787,1.0303163039655114,0.045194908423063174,0.0020622595259764953,10451.949084230651
H1,50,4.0,H4,50,long,0.0,547,25.54555044112006,0.39982941927679105,0.17504029840661517,1.28772725293815,0.3126142595978062,0.001116946110522403,0.3277679048458459,0.16269476182170917,1.2234804514832898,0.42141079096482437,0.01655805811393618,14214.107909648195
H1,50,4.0,H4,50,long,1.0,526,24.56482546988876,0.38718845505998445,0.17504029840661472,1.2837687257596004,0.3155893536121673,0.001110823187292611,0.32008209614892275,0.1605155232254054,1.2213761268293113,0.4083206450074117,0.01611892249139557,14083.206450074074
H1,50,4.0,H4,50,short,0.0,695,32.490560604121335,-0.6739684183146789,0.5778499924939946,0.704975386484479,0.23453237410071942,-0.001193806265164918,-0.38919935050776444,0.37430121707537056,0.8040097613746706,-0.3426406202482649,-0.0194212789947259,6573.593797517352
H1,50,4.0,H4,50,short,1.0,663,30.99459234608985,-0.6562878852020594,0.5610264451583973,0.7067770835703018,0.2368024132730015,-0.0011945714546213104,-0.38260974418419647,0.3677271294869401,0.8044862282254615,-0.33436126613748796,-0.01884735441278873,6656.387338625116
H1,50,4.0,H4,80,both,0.0,1117,52.165228231683926,0.14952658694172755,0.2787479823982718,1.0686579812863548,0.26230975828111014,0.00025540849248671796,0.2837007561040338,0.24496363079620997,1.1402542485573708,0.4726979478190496,0.018242239565829044,14726.97947819047
H1,50,4.0,H4,80,both,1.0,1069,49.92357115458381,0.15403041460703193,0.2787479823982697,1.0724035815874298,0.2637979420018709,0.0002708676696001891,0.2782563884426499,0.24778309075593052,1.1399097552296735,0.4566157230138659,0.017720225374334708,14566.157230138691
H1,50,4.0,H4,80,long,0.0,553,25.825757575757574,0.45266657652521775,0.1272257544221802,1.3348792097428734,0.298372513562387,0.0012267797406350942,0.5555918075334024,0.12088231906284774,1.4597975426101815,0.980282040708579,0.03242260766849747,19802.820407085732
H1,50,4.0,H4,80,long,1.0,525,24.51812428078251,0.49261463851696824,0.12722575442218054,1.3809354461507415,0.3047619047619048,0.00138919344722593,0.5695405231788991,0.11955886545280192,1.483209067512546,0.9950369090069662,0.032780585452239164,19950.36909006963
H1,50,4.0,H4,80,short,0.0,672,31.564814814814817,-0.32736932282054243,0.4030727757484377,0.8366518331131957,0.23809523809523808,-0.0006308261820964266,-0.28386003694033085,0.2733550554717069,0.8578445903745957,-0.2558957920778009,-0.013787616461193752,7441.042079221987
H1,50,4.0,H4,80,short,1.0,645,30.29658564814815,-0.36581453859101215,0.39078744347463656,0.8164039729424118,0.23410852713178296,-0.000721114407282562,-0.3001144838872446,0.26352302169941455,0.848466144829954,-0.2655904451433604,-0.014394931156300639,7344.095548566371
H1,50,4.0,H4,120,both,0.0,1220,57.07762264634303,0.3356516160709483,0.2680331860821852,1.168558059245864,0.2778688524590164,0.000645062350552043,0.3954806166702502,0.21242058168273803,1.1978646667491624,0.8586185117568252,0.02942343110366208,18586.185117568195
H1,50,4.0,H4,120,both,1.0,1174,54.92551556295632,0.3081141240032348,0.2680331860821864,1.1571531803458037,0.2776831345826235,0.0006078770692049152,0.3909281761430915,0.20918412068786985,1.199034998000071,0.8469123529388327,0.02911918058656382,18469.123529388326
H1,50,4.0,H4,120,long,0.0,585,27.369187908287437,0.42612779537770307,0.23631989984046742,1.3230865214196854,0.3076923076923077,0.0012663409074602742,0.4742627855570433,0.20462555836879814,1.4080306660170494,0.9823953445757421,0.03253320730225817,19823.953445757415
H1,50,4.0,H4,120,long,1.0,558,26.10599462021263,0.41885899262417337,0.2363198998404673,1.3267090528447603,0.3100358422939068,0.0012857437044915044,0.46189925768188905,0.20159306655682596,1.3826065316038794,0.8730111938451677,0.029795012364834284,18730.1119384517
H1,50,4.0,H4,120,short,0.0,701,32.94817269334706,0.055476382943376853,0.26432293172952626,1.035445453414768,0.25392296718972895,0.0001323044985757815,0.049081309683851826,0.20179510523773103,1.0276784860681878,0.0264104935952878,0.001225979131125099,10264.104935952902
H1,50,4.0,H4,120,short,1.0,677,31.82013254407412,0.04089623105386338,0.26432293172952526,1.0264948665492848,0.25258493353028066,0.00010009085048650799,0.027738793553424467,0.2072216632470223,1.0157722697801248,0.003198595690738548,0.00015011068791914717,10031.985956907418
H1,50,4.0,D1,20,both,0.0,1312,61.381836813116436,0.5135824409879839,0.21718222820219224,1.266637747778398,0.2820121951219512,0.0010050710062975607,0.5793785104851109,0.16451919106669455,1.3253048409974586,1.7845199519954922,0.04907760519065674,27845.19951995481
H1,50,4.0,D1,20,both,1.0,1262,59.04258998334828,0.49835883928737507,0.21718222820219302,1.2642544464882466,0.28288431061806657,0.0010046601337621972,0.5639626109385276,0.16705872197293115,1.3132127765340222,1.660691327345491,0.0468473076973821,26606.91327345485
H1,50,4.0,D1,20,long,0.0,722,33.77872422185219,0.6081485629541347,0.23455420381792613,1.4287270765928441,0.31024930747922436,0.0016080652052407616,0.5998599192309866,0.21147608782670646,1.4712548452035572,1.5100723510627385,0.04399710745310914,25100.723510627387
H1,50,4.0,D1,20,long,1.0,689,32.2348213142052,0.5905187442009231,0.23455420381792713,1.4271462461563567,0.31204644412191584,0.0016134509605564237,0.5966172651359526,0.2113893241054141,1.478482516940235,1.4957619151309451,0.043717882110825945,24957.61915130947
H1,50,4.0,D1,20,short,0.0,714,33.53761574074074,0.022959119179961792,0.3179944017060553,1.0152111468961496,0.24789915966386555,5.7486983665006896e-05,0.09960423408356495,0.22122028655036652,1.064676886695396,0.09233658445862503,0.004157091071900876,10923.36584458626
H1,50,4.0,D1,20,short,1.0,693,32.55121527777778,0.031802441871593916,0.31799440170605464,1.0214721248948555,0.24963924963924963,8.17783529632447e-05,0.10149297388330199,0.2221892204820497,1.0665684446139596,0.09454378037649769,0.004252305381664989,10945.437803764988
H1,50,4.0,D1,32,both,0.0,1377,64.75463499420626,0.385036689542511,0.26353232655302794,1.1772379887758326,0.2875816993464052,0.0006842439569550219,0.47754823374743954,0.153153146145943,1.234602013840347,1.2154648608543783,0.03811577105957853,22154.648608543597
H1,50,4.0,D1,32,both,1.0,1323,62.21523754345307,0.35725306113745237,0.2635323265530277,1.1677235415332023,0.28798185941043086,0.0006531004681365953,0.46054637947042293,0.15102638085203923,1.2309456701803945,1.1710916395681155,0.037128541471314724,21710.91639568107
H1,50,4.0,D1,32,long,0.0,769,36.16755730105588,0.5757815615722568,0.16515539341797403,1.3847182064625294,0.3107932379713914,0.0014621153128964999,0.5803024209673581,0.13024670167842656,1.4243671553819515,1.3598525434926865,0.04120800040035588,23598.525434926793
H1,50,4.0,D1,32,long,1.0,737,34.66253541076487,0.5388351607725527,0.16515539341797436,1.3669031797186753,0.310719131614654,0.0014074806001802074,0.5715127850206457,0.13146174450798354,1.4065057479554817,1.2635987695628046,0.039170726898684505,22635.98769562797
H1,50,4.0,D1,32,short,0.0,695,32.82668433984224,-0.16470701330525547,0.3422466023784314,0.9072382364997976,0.2517985611510791,-0.00036848632391919443,-0.007877976564669292,0.23960331410175395,0.9952037785214063,-0.04256593904522121,-0.0020524363398768397,9574.34060954777
H1,50,4.0,D1,32,short,1.0,668,31.551403077718867,-0.16896860144509052,0.34224660237843196,0.9029007610352716,0.25299401197604793,-0.00039012115204492185,-0.008539388700547497,0.23762088603818898,0.9947101043470676,-0.04318276723768655,-0.0020828129007768315,9568.172327623162
H1,50,4.0,D1,50,both,0.0,1424,67.32893203883495,0.37922602620781576,0.18442969409319732,1.1706088651567441,0.28441011235955055,0.0006770744227649205,0.5006131165273315,0.1321354548252368,1.2477369221604082,1.4661642884081072,0.04360321739023054,24661.642884081037
H1,50,4.0,D1,50,both,1.0,1372,64.87029126213592,0.3925233310625049,0.18442969409319765,1.1810944321854482,0.2879008746355685,0.0007208638880932687,0.5061875438597085,0.13151189759682458,1.2550291863790612,1.4756546795195988,0.043792754558966696,24756.54679519593
H1,50,4.0,D1,50,long,0.0,787,37.21058252427184,0.6307454219964566,0.13209694674561712,1.4292148426629503,0.30749682337992373,0.0016364583228509842,0.648830134285535,0.11637477609368285,1.4686614840904153,1.7234446754562374,0.04851121792869462,27234.446754562356
H1,50,4.0,D1,50,long,1.0,755,35.69757281553398,0.64066955781564,0.13209694674561623,1.4507769156152466,0.31125827814569534,0.0017159612799619365,0.6520516887282544,0.11612577503411703,1.4816166021962174,1.7245973413654094,0.048532195836139325,27245.973413654083
H1,50,4.0,D1,50,short,0.0,689,32.836280010438415,-0.19399743605679964,0.31780197019697143,0.8925796955089673,0.2539912917271408,-0.0004439245650786534,-0.07364124019036046,0.2205645979124239,0.9577074840964722,-0.11188558761739253,-0.005638873179714898,8881.14412382608
H1,50,4.0,D1,50,short,1.0,668,31.835464509394573,-0.18364855920342923,0.30244586668720896,0.8967048394942801,0.25748502994011974,-0.0004303174752613208,-0.05745350509376252,0.2288077752881501,0.9655403658237709,-0.09763869149979343,-0.00488441607161938,9023.613085002082
H1,50,4.0,D1,80,both,0.0,1431,68.67333464722113,0.3259572540440634,0.21548671617803716,1.1421939765938913,0.28441649196366176,0.000559098959155558,0.4838771867050609,0.14986305074533235,1.2375899339252516,1.3992907160466714,0.04289379310892505,23992.9071604667
H1,50,4.0,D1,80,both,1.0,1389,67.00993924184388,0.35145717090648915,0.21548671617803794,1.1562866033602233,0.2886969042476602,0.0006157785433390361,0.492867267950925,0.14891956211743673,1.2446071795804712,1.4137774674300765,0.04342821459680701,24137.774674300697
H1,50,4.0,D1,80,long,0.0,779,37.384016554986204,0.5479638367530077,0.2220564643504711,1.3527306574781546,0.30166880616174585,0.0013762475077663539,0.6461863241695646,0.16657723088273002,1.4595916968908975,1.6709341750576088,0.04827555935519445,26709.341750576063
H1,50,4.0,D1,80,long,1.0,752,36.27895918636904,0.5574622987838973,0.2220564643504711,1.3669997486961547,0.3058510638297872,0.0014344355503819407,0.6506841185714921,0.1652311889855086,1.469773563690676,1.6710445312907338,0.048538796723676114,26710.4453129073
H1,50,4.0,D1,80,short,0.0,708,34.969168356997976,-0.2565576280839172,0.3651760454084647,0.8647479606651628,0.2570621468926554,-0.000546198839107723,-0.09955194324523967,0.2914735053363354,0.9450036475985699,-0.14139617847682306,-0.007501339724411693,8586.038215231738
H1,50,4.0,D1,80,short,1.0,692,34.178904665314406,-0.23597384370379904,0.3648142631145469,0.8735435691744838,0.26011560693641617,-0.0005126774160750443,-0.06554221784737743,0.28812373810702785,0.962029251813178,-0.10911797733467232,-0.005690600054871653,8908.820226653295
H1,50,4.0,D1,120,both,0.0,1460,70.89404413719755,0.15057311451965566,0.25217986518606705,1.0598892370990363,0.28013698630136985,0.0002426361978310058,0.3046243106198782,0.19849351073495114,1.1286526549674014,0.664233360651225,0.02504191364224817,16642.333606512188
H1,50,4.0,D1,120,both,1.0,1425,70.35431873479318,0.1559894226990433,0.25217986518606694,1.0624076434793879,0.28210526315789475,0.0002538158044457702,0.3090455665046376,0.1985770369224129,1.1307281542425438,0.6670417107038098,0.025552314893320105,16670.417107038105
H1,50,4.0,D1,120,long,0.0,815,39.57441504918905,0.5095506389842628,0.17122985008999658,1.3092364339095666,0.3079754601226994,0.0012505841839382558,0.5935082898163632,0.13878761679926954,1.3921100335006547,1.476440600986019,0.045016925257559626,24764.406009860115
H1,50,4.0,D1,120,long,1.0,793,39.151561232765616,0.5060206103933228,0.1712298500899968,1.3099096984432885,0.308953341740227,0.0012557483572067396,0.5964715568023461,0.1385362128784965,1.3972621049175464,1.4659442403175782,0.04556920179814883,24659.442403175723
H1,50,4.0,D1,120,short,0.0,683,33.94091836734694,-0.47069628604582314,0.4678154542739156,0.7835007892292325,0.25329428989751096,-0.0008644202662451373,-0.2737182817480331,0.3036002489203843,0.8680694352770727,-0.26813646103628463,-0.015392801581356919,7318.635389637167
H1,50,4.0,D1,120,short,1.0,670,33.83814988938053,-0.4502543947953114,0.4496546477795914,0.7920106519840363,0.25671641791044775,-0.0008351383682070761,-0.2616615845942583,0.29886981105915145,0.873076612888046,-0.2583596378517702,-0.01498202832995732,7416.403621482304
H1,50,2.0,none,0,both,0.0,4411,204.76839730554144,0.15704941251286392,0.5861778351579633,1.0416517586293212,0.21378372251190206,9.39561059458704e-05,0.007191022333542275,0.6076541267206381,1.0020917626099248,-0.1345508028631014,-0.006685866329845358,8654.491971368961
H1,50,2.0,none,0,both,1.0,4269,198.17644255210982,0.09006582759182481,0.5861778351579664,1.0239332261622274,0.21152494729444835,5.459866876718963e-05,-0.02416104488634748,0.6344195084601383,0.992926118752623,-0.2197484292104509,-0.011453065569932752,7802.5157078955335
H1,50,2.0,none,0,long,0.0,4077,189.26337697000508,0.5389801689820353,0.3526611858901664,1.1800532473253156,0.19254353691439785,0.0004048771761770625,0.5048233628259898,0.2749807541813555,1.183715441903055,2.1610697806598176,0.05488084443072183,31610.697806598047
H1,50,2.0,none,0,long,1.0,3938,182.81068886629384,0.5028012190966992,0.3526611858901645,1.1706095602358222,0.1909598781107161,0.0003868916878453875,0.4902220221063494,0.28308060769221643,1.180426189716245,2.11611626700679,0.05417967824058012,31161.162670067803
H1,50,2.0,none,0,short,0.0,4078,189.30979918657854,-0.09884502768347524,0.4672077433912425,0.975108451340855,0.22167729279058362,-5.196953425386396e-05,-0.18199744787965302,0.6096197605512287,0.9546182444055672,-0.42281053783975253,-0.025190235534531036,5771.894621602527
H1,50,2.0,none,0,short,1.0,3939,182.8571110828673,-0.12001067921170652,0.46720774339124205,0.9692987882945383,0.22010662604722012,-6.473626982600866e-05,-0.18189089583936194,0.6075631133195862,0.9542154655987132,-0.4262204163851132,-0.025458332901731495,5737.795836148865
H1,50,2.0,H4,20,both,0.0,3150,146.36019590382904,0.008085160044484568,0.5128509093988239,1.00262812489441,0.20666666666666667,5.659770153030037e-06,-0.2000479563344016,0.6734063254209981,0.9389412140068326,-0.4212505616500365,-0.025090127572642396,5787.494383499637
H1,50,2.0,H4,20,both,1.0,3042,141.3421320442692,-0.0030839599181543566,0.5128509093988234,0.9989810614681053,0.205456936226167,-2.2136252114204904e-06,-0.2297943676998484,0.6783500281220907,0.9298825248905775,-0.45731881912726446,-0.02800057924458288,5426.811808727368
H1,50,2.0,H4,20,long,0.0,1277,59.43224388379205,0.2892731900395375,0.27264198317621113,1.1862191675334135,0.18715740015661708,0.0004181319724774003,0.25224843591966306,0.38489334179891943,1.1970430725379897,0.6428839261985813,0.023374182119484166,16428.839261985733
H1,50,2.0,H4,20,long,1.0,1229,57.19829892966361,0.28043645338413536,0.272641983176214,1.1844747957538717,0.1871440195280716,0.0004167073566542206,0.24468892612394474,0.3944295541642453,1.1813295772815569,0.5746474066735305,0.0213556938156525,15746.474066735298
H1,50,2.0,H4,20,short,0.0,2404,111.69838442946191,-0.08876853424392805,0.39748804820290295,0.970256170673211,0.21963394342762063,-6.158667071220016e-05,-0.2281325914092071,0.5470174689504251,0.9262643655806465,-0.3889436933541399,-0.022626468394650212,6110.563066458657
H1,50,2.0,H4,20,short,1.0,2321,107.84190942628165,-0.09396543356595399,0.3974880482029035,0.9679455682992766,0.21714778112882377,-6.707149561972944e-05,-0.22843799353880784,0.5468050254120606,0.9254865506463251,-0.389703568286612,-0.0226829739967096,6102.964317133911
H1,50,2.0,H4,32,both,0.0,3158,146.86268143621086,0.038674533563602266,0.3663692465358275,1.012248509776011,0.21405953134895503,2.5825412642014383e-05,-0.07857395696180816,0.5156321840840684,0.9751947860864488,-0.25728013509908665,-0.013737040433992043,7427.1986490091
H1,50,2.0,H4,32,both,1.0,3053,141.97966004583654,0.01072634828885498,0.3663692465358246,1.0034418814047785,0.2119226989846053,7.323967032892033e-06,-0.10352977179527892,0.5375320807693529,0.9671330646482497,-0.3053683722174747,-0.016802419933344526,6946.316277825255
H1,50,2.0,H4,32,long,0.0,1039,48.349439419034276,0.5039711342216823,0.20091383759375203,1.3799382104642919,0.21944177093359,0.0008136956399266318,0.4497772025239104,0.18180209688485938,1.3111465089549448,0.7929249654281143,0.02754159014169355,17929.24965428108
H1,50,2.0,H4,32,long,1.0,997,46.39498662249968,0.49543202297401157,0.20091383759375314,1.3829401693522876,0.2176529588766299,0.0008235897436778556,0.4368916474948108,0.18227610319925358,1.304530848584737,0.7585893097000456,0.026617412971213783,17585.893097000484
H1,50,2.0,H4,32,short,0.0,2475,115.0997899159664,-0.07723427150549589,0.3336454517639442,0.9743028588058682,0.21656565656565657,-5.261848989248229e-05,-0.1572872214181777,0.48321381762700255,0.9476908534601743,-0.3306647501567952,-0.01849714744100628,6693.352498432106
H1,50,2.0,H4,32,short,1.0,2391,111.19337280366693,-0.08833557003820017,0.33364545176394533,0.970131947680503,0.21455457967377667,-6.186161359946586e-05,-0.16546681098921115,0.48140496667502364,0.9445510924049824,-0.3424833717642377,-0.01930997209737606,6575.16628235763
H1,50,2.0,H4,50,both,0.0,3259,151.83032525510203,0.09912452174926809,0.3615645161521205,1.031668740328324,0.21325559987726297,6.521762503751034e-05,0.06867599813663973,0.35284124143379103,1.021841838050409,0.03581815260641186,0.0016408513483872067,10358.181526064136
H1,50,2.0,H4,50,both,1.0,3148,146.659056122449,0.08918957436979832,0.3615645161521206,1.0289349521645852,0.2128335451080051,6.014065598955992e-05,0.06610709032853461,0.35356098329747476,1.0212030819100186,0.02847770935530769,0.0013090360421923464,10284.777093552997
H1,50,2.0,H4,50,long,0.0,1101,51.4772465437788,0.35881108193737843,0.13782258324738283,1.2468718757132236,0.2098092643051771,0.0005052161479940771,0.32673754791657494,0.17401691462820945,1.2120387258619783,0.5445061635126347,0.0205325436373911,15445.061635126302
H1,50,2.0,H4,50,long,1.0,1057,49.420026881720425,0.3448712064119924,0.1378225832473826,1.2418132422279884,0.20908230842005676,0.000499181246391117,0.3185632954265544,0.17541126659586592,1.2089511255099794,0.5283152827573583,0.020029836530403466,15283.15282757358
H1,50,2.0,H4,50,short,0.0,2412,112.3702806122449,-0.1734773377274095,0.3679260975411409,0.9422909111121146,0.21102819237147596,-0.00011975680768977504,-0.16869098369938815,0.4115910104567202,0.9428642156945632,-0.3686696498815175,-0.021199109938481397,6313.303501184842
H1,50,2.0,H4,50,short,1.0,2332,108.64323979591836,-0.16274744690286405,0.36792609754114225,0.9448123880705679,0.2109777015437393,-0.0001155205299857386,-0.16835903844429795,0.4119464864409149,0.9425922242915783,-0.3666545627982416,-0.02105378313044426,6333.454372017597
H1,50,2.0,H4,80,both,0.0,3421,159.54037921348313,0.09343812101224547,0.3747783318972898,1.0284940410304215,0.2107570885705934,5.923459566589603e-05,0.07504875129145519,0.4934974058143453,1.0238938048930306,0.044414592356190497,0.0020286762168264527,10444.145923561899
H1,50,2.0,H4,80,both,1.0,3299,153.85083631256384,0.05816681486731671,0.3747783318972894,1.017981091950635,0.20824492270384964,3.777195157444718e-05,0.05866011665977454,0.50355471480898,1.018772537133552,-0.0038614163039404348,-0.0001804117590610277,9961.385836960588
H1,50,2.0,H4,80,long,0.0,1241,57.94135881375432,0.37887150999409275,0.25821684627099784,1.2275711030441252,0.21676067687348913,0.00046149002715831146,0.39137782912267743,0.3011828408695878,1.2475486643391192,0.7843575685243134,0.027404587600038388,17843.57568524311
H1,50,2.0,H4,80,long,1.0,1178,54.99993608590055,0.3798987306769032,0.2582168462709973,1.234699148506823,0.21477079796264856,0.000480410133335827,0.38315988483796504,0.3006330937202807,1.2445168888143092,0.7532167064172699,0.026560385971005518,17532.167064172623
H1,50,2.0,H4,80,short,0.0,2345,109.36047625127681,-0.13598530029237682,0.4780047413623162,0.954849048280246,0.20980810234541578,-9.459636051358466e-05,-0.2481402140350503,0.5411582989083941,0.9213865082307099,-0.42399748551990124,-0.02539811332742481,5760.02514480097
H1,50,2.0,H4,80,short,1.0,2281,106.3757980081716,-0.1827749092149474,0.4780047413623174,0.9388472153424142,0.20692678649715038,-0.00012945534037498932,-0.266389531317821,0.5466857200791612,0.9156543454743786,-0.44691653751714766,-0.027241824853775354,5530.8346248285325
H1,50,2.0,H4,120,both,0.0,3527,164.92596978619895,0.34345197744788764,0.36429506483509744,1.11193052283044,0.21519705131840092,0.00023240645307297508,0.32738197640459915,0.3634042118720737,1.1314050260611284,1.0306915377675971,0.03367909307233008,20306.915377675967
H1,50,2.0,H4,120,both,1.0,3405,159.22113045704776,0.29405159084610544,0.36429506483509644,1.0969371612515377,0.21292217327459617,0.00020309184935236098,0.2988871632812905,0.37772086708781083,1.1163516754374885,0.8830228027051414,0.030036265770556847,18830.228027051326
H1,50,2.0,H4,120,long,0.0,1361,63.73961405308373,0.42647837634014135,0.26012348898734794,1.2601865283382128,0.2049963262307127,0.0005556840406403195,0.34338393695642805,0.32562573655307125,1.2564486479887376,0.9455701382409039,0.03166075984696004,19455.701382409025
H1,50,2.0,H4,120,long,1.0,1298,60.78913963328632,0.3683969073896932,0.2601234889873494,1.2277306244791981,0.20030816640986132,0.0004929917075844706,0.3216959302027233,0.3407747786912868,1.2441110078697144,0.888721135747649,0.03022894705411927,18887.211357476506
H1,50,2.0,H4,120,short,0.0,2285,107.02696204154911,0.026641360065276568,0.32590750610801666,1.0093821280968736,0.21794310722100657,1.9061512003506367e-05,-0.024705487843567,0.4085787148367557,0.9914994629824567,-0.10381550555247565,-0.005120811306339568,8961.84494447527
H1,50,2.0,H4,120,short,1.0,2222,104.0761092587843,0.015856903079395048,0.3259075061080149,1.0056605061489414,0.21692169216921692,1.158353850487356e-05,-0.027029327986011636,0.4093303887947983,0.990626607656624,-0.10805079293103759,-0.00534153190388309,8919.49207068959
H1,50,2.0,D1,20,both,0.0,3709,173.43646780181797,0.4097374490409104,0.35945067310060186,1.134543193716406,0.21407387435966568,0.0002874934333633246,0.38780605232703436,0.2889211000318527,1.1558780832762465,1.4126200386255414,0.04204279839682612,24126.200386255296
H1,50,2.0,D1,20,both,1.0,3583,167.54458456023556,0.3805237126511896,0.3594506731006012,1.1268246783122036,0.21267094613452414,0.0002731849616256449,0.37416362849554313,0.2955029441918128,1.1519306031647376,1.370501616095542,0.04118498619998601,23705.016160955074
H1,50,2.0,D1,20,long,0.0,1940,90.72791293213828,0.42622294514087133,0.2706055058536272,1.213448710740046,0.19690721649484536,0.0004755270863696595,0.3648190261009452,0.26848444776026026,1.2366454957536523,1.2935161465862963,0.03958397260603097,22935.161465862875
H1,50,2.0,D1,20,long,1.0,1870,87.45422535211267,0.3789257765450589,0.2706055058536275,1.1921463895045081,0.193048128342246,0.00043218910059129536,0.3404769589007217,0.28309649965175565,1.2146388868470603,1.1432627307464758,0.03629497520836367,21432.627307464583
H1,50,2.0,D1,20,short,0.0,1957,91.68730759363777,0.06938942809132696,0.2275079884351301,1.026271012421396,0.22943280531425653,5.384251466919257e-05,0.11071763943295099,0.25949306206168143,1.0422626244397932,0.1269838159143546,0.005616504600827632,11269.83815914347
H1,50,2.0,D1,20,short,1.0,1898,88.92310159055927,0.06526319529403178,0.22750798843513187,1.0251123830544517,0.2297154899894626,5.1801645606992686e-05,0.10999332980588607,0.2590233385330716,1.0423566978900936,0.12571372810333292,0.005563379444726513,11257.137281033323
H1,50,2.0,D1,32,both,0.0,3788,177.92785493827162,0.09435580245726481,0.4898054345330143,1.0290870282642548,0.20248152059134109,6.445093291705241e-05,0.07098546395093591,0.5759890388940347,1.026910654372638,-0.014846520939323149,-0.000702344384934328,9851.534790606762
H1,50,2.0,D1,32,both,1.0,3654,171.63368055555557,0.025656056285404134,0.4898054345330154,1.00799208966293,0.19978106185002736,1.7916682962048303e-05,0.03652689859645865,0.5912891784742398,1.013288109294212,-0.13182076892117278,-0.006617753537997206,8681.792310788265
H1,50,2.0,D1,32,long,0.0,2065,97.14596213292117,0.24434997055857222,0.32147451937421945,1.1122402774461664,0.1864406779661017,0.0002561050932802601,0.2146905342857343,0.33146343965667346,1.1220368899837143,0.5612328063191716,0.021178123836843588,15612.328063191717
H1,50,2.0,D1,32,long,1.0,2002,94.18218701700155,0.17955695347694414,0.3214745193742189,1.083043250007958,0.18281718281718282,0.00019117785441712934,0.182843502396237,0.3437946465280717,1.1003297743616298,0.4207545060848399,0.016658540600084537,14207.545060848348
H1,50,2.0,D1,32,short,0.0,1850,86.89718364197532,-0.11468777748483666,0.3484475521912608,0.9563249166772748,0.21837837837837837,-9.234517265468933e-05,-0.11615975882157205,0.3669924538674999,0.9557220309417342,-0.23151000612719097,-0.012292705511755098,7684.899938728141
H1,50,2.0,D1,32,short,1.0,1777,83.46826774691358,-0.16417904618407556,0.34844755219126244,0.9367083517669907,0.2160945413618458,-0.0001357944721873746,-0.12283363226818984,0.3647993339789677,0.9525815981611109,-0.24459085754828014,-0.013088878774392021,7554.091424517185
H1,50,2.0,D1,50,both,0.0,3807,179.93099767080744,0.24660259157474265,0.3250210314985469,1.0780136275952708,0.20278434462831627,0.0001715029954573935,0.28888406007725576,0.34582575786135783,1.112406804095399,0.9750923116998276,0.03269103291838871,19750.923116998074
H1,50,2.0,D1,50,both,1.0,3688,174.30667701863354,0.23582746431256957,0.325021031498546,1.075822910305497,0.20281995661605207,0.00016789645458591848,0.2843014632345641,0.3482751740800517,1.1081293235205891,0.9184352494340018,0.0312714319297569,19184.352494340015
H1,50,2.0,D1,50,long,0.0,2084,98.49650621118012,0.34824328878836036,0.28626930511818327,1.1640611339422162,0.18953934740882916,0.000366631202220417,0.34167707586806456,0.319507107462373,1.2040447979456887,1.2045564087134797,0.03806956653058102,22045.56408713475
H1,50,2.0,D1,50,long,1.0,2012,95.09355590062111,0.3298545353070812,0.28626930511818083,1.1584243504424663,0.18886679920477137,0.0003559320702394157,0.3390615430100932,0.32221985537378317,1.2046649305748744,1.19861270385829,0.037937118961398175,21986.1270385828
H1,50,2.0,D1,50,short,0.0,1819,86.62187092568448,-0.06494882645073517,0.2762629614019734,0.9748431476568186,0.22100054975261132,-5.373971889369266e-05,-0.01767869615136551,0.32125205478835783,0.9930988242346217,-0.08874209906235653,-0.004415572768105003,9112.5790093765
H1,50,2.0,D1,50,short,1.0,1770,84.28846153846153,-0.06831698736210431,0.2762629614019739,0.9731965815677796,0.22090395480225988,-5.784307888122351e-05,-0.019166537049854222,0.32081672926745086,0.992467797704334,-0.09129405258397794,-0.004548521511179682,9087.05947416023
H1,50,2.0,D1,80,both,0.0,3803,181.8836912400157,0.19416725136741375,0.3356669018148434,1.0578927498429072,0.2048382855640284,0.0001274352692296963,0.24122322993960857,0.4031034770776668,1.0875256010487102,0.7172069379502424,0.026196938283201687,17172.069379502314
H1,50,2.0,D1,80,both,1.0,3706,178.74244024825035,0.19419753374824658,0.33566690181484515,1.058453261262313,0.20399352401511064,0.00012937180819521017,0.23467854291232754,0.4060120343123442,1.0819558892841963,0.6528448005488292,0.02453182717010227,16528.448005488222
H1,50,2.0,D1,80,long,0.0,2060,98.72916940034116,0.32770169405058985,0.2148062589601043,1.1468464489518961,0.1883495145631068,0.00033657787527700475,0.3513022801190561,0.22624819361364612,1.1917555041557855,1.1930715525166322,0.03835429351139452,21930.715525166263
H1,50,2.0,D1,80,long,1.0,2006,96.77605336151103,0.3168018106779588,0.2148062589601042,1.1435010530238883,0.18693918245264207,0.00033034122942745154,0.3442550609545568,0.23007520707406715,1.1885081931041155,1.1628045563683669,0.03791631306529086,21628.045563683616
H1,50,2.0,D1,80,short,0.0,1828,87.42660730653398,-0.10183534635942641,0.2702274281603535,0.9608330216210406,0.2210065645514223,-8.19707271828107e-05,-0.07341723373781159,0.3675096447850942,0.9718017992986313,-0.17643062155585076,-0.009240498445914458,8235.693784441506
H1,50,2.0,D1,80,short,1.0,1784,86.04331176548263,-0.08434084543586347,0.2702274281603545,0.9672049281649188,0.22085201793721973,-6.91101969407338e-05,-0.0696324827891967,0.3680620329841585,0.9732545763346998,-0.1688251096000436,-0.008878903239186164,8311.748903999602
H1,50,2.0,D1,120,both,0.0,3780,183.52319553369665,0.34721445131369455,0.32689937579710904,1.1078355882865416,0.20555555555555555,0.000241002478708169,0.37856911421567213,0.34832143325489695,1.141818427140639,1.4274106981224972,0.04399671668364946,24274.106981224922
H1,50,2.0,D1,120,both,1.0,3723,183.63615800135042,0.3331278568242245,0.3268993757971078,1.1033179845008605,0.2054794520547945,0.00023150202022464414,0.3749339198899273,0.35171901155813134,1.1401669864230348,1.4052454690214815,0.04424067087389272,24052.454690214818
H1,50,2.0,D1,120,long,0.0,2047,99.38412202578758,0.4151448917373435,0.21527912549826178,1.1875229740739246,0.189057156814851,0.000446213610543245,0.406513797064184,0.23230959974575238,1.2213808578098593,1.4938257642579473,0.0453658055716204,24938.257642579316
H1,50,2.0,D1,120,long,1.0,2009,99.09348413234301,0.3957805143305431,0.21527912549826034,1.178971728598735,0.18865107018417124,0.0004264548847457425,0.40243475695613956,0.23620310504560804,1.2186178336724296,1.473832207769458,0.045689869702758124,24738.322077694396
H1,50,2.0,D1,120,short,0.0,1793,89.07688384113166,0.007565992546170379,0.2973061369475297,1.0029502998615833,0.22253206915783602,6.060641379012126e-06,0.023868861031141875,0.3537596981132768,1.0092661215886245,-0.02084593770587051,-0.0010460329716817096,9791.540622941327
H1,50,2.0,D1,120,short,1.0,1774,89.60773060434241,0.012933517009746787,0.29730613694752983,1.0050286773785346,0.22266065388951523,1.0378116741750764e-05,0.025293838446105624,0.3543629783795812,1.0097604272794776,-0.018826331658849282,-0.0009595544892537777,9811.736683411502
H1,50,2.5,none,0,both,0.0,3804,176.5901118454499,-0.025233808005893917,0.5124892813374258,0.9930501307454488,0.2147739221871714,-1.7503365196502465e-05,0.15607809025638994,0.5374879371621618,1.0488758424184943,0.31975485335931686,0.012962958442967576,13197.548533593175
H1,50,2.5,none,0,both,1.0,3669,170.32311260803255,-0.09590131704374179,0.5314851596513663,0.9734934979640903,0.2120468792586536,-6.762196126851609e-05,0.14601092023630025,0.5329343585128918,1.046432010123339,0.27119606197225,0.011201667368017532,12711.96061972236
H1,50,2.5,none,0,long,0.0,3603,167.28050718189905,0.40758838765427197,0.3804458298948391,1.136835708000802,0.20371912295309463,0.0003364550803964018,0.43295479741628573,0.3796502417163595,1.1615849158759228,1.8635849380003768,0.05005845059397762,28635.84938000347
H1,50,2.5,none,0,long,1.0,3470,161.10556756069658,0.3824928986326303,0.3804458298948403,1.1307444201100436,0.2037463976945245,0.000324299133521066,0.42113988346757475,0.3876843335469562,1.158475405912204,1.817466431157703,0.04926719475640384,28174.66431157676
H1,50,2.5,none,0,short,0.0,3604,167.3056685307575,-0.35805800447189057,0.6188826729538066,0.9075342664937418,0.21032186459489458,-0.00022504511940064142,-0.3678426791207586,0.7134897253079653,0.9063789321284613,-0.6464107416451265,-0.04711536148850404,3535.8925835487385
H1,50,2.5,none,0,short,1.0,3468,160.99224707676666,-0.36373487203533333,0.6188826729538066,0.9043046795870102,0.20876585928489041,-0.00023446110910844736,-0.36699053320910635,0.7112804678655427,0.9055425419725234,-0.6439774486877674,-0.04681194400899158,3560.225513122341
H1,50,2.5,H4,20,both,0.0,2679,124.60266777027888,-0.18561609421092073,0.5177008609544309,0.938597747785613,0.2034341172079134,-0.00015273022387995254,-0.3232547847603822,0.6665224280718803,0.8991336740904443,-0.614561335246013,-0.043373488585247255,3854.3866475398704
H1,50,2.5,H4,20,both,1.0,2571,119.57949191391825,-0.18324371390945557,0.5177008609544286,0.9380706524533119,0.20186697782963828,-0.00015529425331880186,-0.3452325369991388,0.6752406968013474,0.8937437611812147,-0.6256815678550207,-0.044675160455309504,3743.1843214498167
H1,50,2.5,H4,20,long,0.0,1275,59.32404458598727,0.28779252618016804,0.18974432907343897,1.1714888643848937,0.21333333333333335,0.0004356909101827499,0.30789692282498504,0.26504641342324164,1.1961996742667134,0.7447941704618601,0.026237864076558592,17447.941704618643
H1,50,2.5,H4,20,long,1.0,1233,57.369840764331215,0.28914435845341396,0.18974432907343608,1.1757378653558672,0.21330089213300893,0.0004493159962221846,0.30832844706190876,0.26397508561818317,1.1986969891927037,0.7454219533060253,0.026255041552936564,17454.219533060263
H1,50,2.5,H4,20,short,0.0,1996,92.89487767584097,-0.4345503493455776,0.553040800007851,0.8531008782608716,0.19939879759519039,-0.00036096676747868585,-0.5740851213780305,0.6762709815690879,0.8193225668301589,-0.6657891771877835,-0.049728581574159825,3342.108228122171
H1,50,2.5,H4,20,short,1.0,1907,88.75277140672783,-0.4334050274151657,0.5485119830788889,0.8500205150995276,0.1966439433665443,-0.0003716487032642749,-0.5764119682587086,0.675781070824821,0.8168213286626954,-0.6643124951492217,-0.04953358263408281,3356.875048507793
H1,50,2.5,H4,32,both,0.0,2705,125.79593200916732,-0.16123702720092528,0.454869385718897,0.9497366978915921,0.2066543438077634,-0.00012141647352223767,-0.1263934140535857,0.5146061485518959,0.9600267753253967,-0.3591603896844512,-0.020480953731740303,6408.396103155493
H1,50,2.5,H4,32,both,1.0,2597,120.77339572192514,-0.12820435724593687,0.4548693857188991,0.9590321754999573,0.20754716981132076,-9.935800249983007e-05,-0.12394437882559255,0.5218720000417225,0.9604667194109642,-0.3491557062865964,-0.01977503542980763,6508.442937134037
H1,50,2.5,H4,32,long,0.0,1091,50.76923811950567,0.3028161466536703,0.2229790468323859,1.1822914175603356,0.23373052245646195,0.00043670863971617495,0.32835973989888256,0.24709103794972254,1.186174786192722,0.5614394596600973,0.020952680251779654,15614.394596600978
H1,50,2.5,H4,32,long,1.0,1050,48.86131991336476,0.33291200415886085,0.22297904683238556,1.2063913958300247,0.23714285714285716,0.000496543144490214,0.345857534848134,0.2436995111460405,1.1994903193466073,0.5953472512938736,0.021973853849243774,15953.472512938744
H1,50,2.5,H4,32,short,0.0,1995,92.7774064171123,-0.24086162280463283,0.42494223719335733,0.913685899441077,0.1974937343358396,-0.00020727011327832548,-0.2766484810759134,0.4799952208806617,0.9017927092686464,-0.4448723671970206,-0.026999646422067536,5551.276328029775
H1,50,2.5,H4,32,short,1.0,1913,88.96399923605807,-0.24666004890676702,0.4247219178879289,0.9098763638880826,0.19602718243596445,-0.0002176959151041596,-0.2777998182352394,0.47838525522888287,0.900216275147895,-0.44464470386927213,-0.026981092844635346,5553.552961307304
H1,50,2.5,H4,50,both,0.0,2785,129.74760841836735,-0.26776082803181855,0.5645729475570034,0.9185824001573979,0.20323159784560144,-0.00019535275924993873,-0.24759154881133108,0.6564868772556436,0.9239172995237915,-0.5484878146836036,-0.036366836185959706,4515.121853163994
H1,50,2.5,H4,50,both,1.0,2678,124.76269132653061,-0.24198530108598193,0.562953538482871,0.924624481004315,0.20388349514563106,-0.00018150896456943486,-0.2464046099955065,0.6575438009188567,0.9236058797321577,-0.5411201952885341,-0.03563991406296729,4588.798047114681
H1,50,2.5,H4,50,long,0.0,1061,49.53729387702928,0.17469398593772728,0.19945019896666127,1.1032643374929587,0.21866163996229973,0.00024199481614142003,0.13328615924507342,0.31333261601295814,1.0740598255690865,0.16420478072444578,0.007123806828597479,11642.047807244458
H1,50,2.5,H4,50,long,1.0,1018,47.52965614214496,0.17540897293153485,0.19945019896666194,1.1063212714108892,0.21905697445972494,0.00025125159946337805,0.13628278935506216,0.3106372921893843,1.0766875740032118,0.16917124051975319,0.0073239937775348984,11691.712405197548
H1,50,2.5,H4,50,short,0.0,1956,91.12614795918367,-0.564438739764216,0.6159478555494522,0.8137572591641128,0.1901840490797546,-0.0004580477849021567,-0.47595991789620173,0.6308919278150348,0.8369402129598221,-0.6276209150661223,-0.044978699932904265,3723.790849338771
H1,50,2.5,H4,50,short,1.0,1875,87.35251913265306,-0.539769631401008,0.6018838458751368,0.8176703144059013,0.18986666666666666,-0.0004500897985258958,-0.4642872119241863,0.6253800399094489,0.8394055369777929,-0.6148340789170526,-0.04347536855898437,3851.659210829459
H1,50,2.5,H4,80,both,0.0,2937,136.96875,0.003484465988003923,0.44342766218576224,1.0011057743317628,0.2070139598229486,2.610514790692363e-06,0.03671981330382278,0.5553076249077449,1.0120340524746454,-0.051455839503110834,-0.0024605833509555586,9485.441604968923
H1,50,2.5,H4,80,both,1.0,2822,131.60565628192032,-0.01651207984407157,0.4434276621857619,0.9946679239624073,0.20588235294117646,-1.267538110400285e-05,0.02795554243605867,0.5664084347882603,1.0092922143013725,-0.07467186156762662,-0.003612700732626428,9253.281384323798
H1,50,2.5,H4,80,long,0.0,1177,54.95324683625208,0.3083217714414246,0.22921009361605627,1.1764574785756339,0.23024638912489379,0.000407060745109693,0.3976660645255058,0.2917019062863203,1.2451147407932657,0.8661380742041105,0.029556444699106788,18661.380742041063
H1,50,2.5,H4,80,long,1.0,1112,51.91844560910137,0.321101694875293,0.22921009361605682,1.1894801533405361,0.2329136690647482,0.00044237187458425007,0.39997930620514954,0.29108282248510764,1.250624266800367,0.8684224761949226,0.029615253528354035,18684.22476194923
H1,50,2.5,H4,80,short,0.0,1926,89.8201608784474,-0.2497468208598196,0.48313483173761584,0.9084997833004705,0.19158878504672897,-0.00021848057418552577,-0.37040405306150653,0.5521660072874228,0.8734161524006023,-0.506974329798172,-0.0324424924287493,4930.256702018308
H1,50,2.5,H4,80,short,1.0,1867,87.06866062308478,-0.2933466617263244,0.4831348317376164,0.8914142894600069,0.18853776111408677,-0.0002606184030026397,-0.3735141553484449,0.5454618052761364,0.8708628799394904,-0.512411127721978,-0.03294271277512728,4875.888722780234
H1,50,2.5,H4,120,both,0.0,3048,142.52746127256435,0.18169275022192719,0.4571531983255044,1.060681185115591,0.21128608923884515,0.00014390773402728744,0.16969532745546112,0.5289508142048063,1.0614209754710777,0.3417133257220315,0.01384016837449753,13417.133257220288
H1,50,2.5,H4,120,both,1.0,2932,137.10318781205993,0.15005938104904312,0.4571531983255043,1.0509482734597957,0.21043656207366984,0.00012169419604001622,0.16482966203629548,0.5316599315755122,1.0601525926927025,0.3253759725275174,0.01325952662886487,13253.759725275188
H1,50,2.5,H4,120,long,0.0,1294,60.524202842873606,0.35748239350273164,0.2445069114238153,1.21006295698776,0.22256568778979907,0.0004910500520059112,0.3296480904178883,0.3003209886262542,1.2216702811519968,0.8415793581082585,0.028972434023509575,18415.79358108258
H1,50,2.5,H4,120,long,1.0,1226,57.343641951594314,0.3251163737673149,0.24450691142381675,1.1948333303786063,0.2226753670473083,0.00046250613028268867,0.3194100649335214,0.30099908533758724,1.2068906627761857,0.7632713883456899,0.026883261609832676,17632.713883456916
H1,50,2.5,H4,120,short,0.0,1871,87.63564375480892,-0.05723787730649407,0.4403422788865996,0.9776126355593872,0.20416889363976484,-5.304608678175691e-05,-0.0697538436207856,0.4626617145577977,0.9733123095384669,-0.1666289792418314,-0.008501286899845417,8333.710207581718
H1,50,2.5,H4,120,short,1.0,1818,85.1531803026417,-0.06231515559148905,0.44034227888659827,0.9751954232286069,0.20297029702970298,-5.8876506342749416e-05,-0.07259296050293565,0.46273329788804485,0.9719329052435353,-0.17072348153764727,-0.008729994635106042,8292.765184623588
H1,50,2.5,D1,20,both,0.0,3226,150.85091537575215,0.18846422257851622,0.46529425993858553,1.0612493690667062,0.2157470551766894,0.00014717065732621556,0.2450425203907804,0.48173025839439243,1.0902606067323664,0.6806695144242703,0.024575045339998214,16806.695144242858
H1,50,2.5,D1,20,both,1.0,3105,145.19283702470875,0.16858662263440286,0.4652942599385851,1.0557475258293336,0.2151368760064412,0.00013507565705036365,0.22788448307650294,0.5021244929858424,1.0847691191825792,0.6065707358679817,0.022417038756863406,16065.70735867992
H1,50,2.5,D1,20,long,0.0,1721,80.48594750320102,0.3866193043799928,0.20852466858626617,1.1917352621634554,0.2138291690877397,0.00046347548075290247,0.37271028128224015,0.2743216416641392,1.2231910934353012,1.1639340648177976,0.03676026892093409,21639.340648177957
H1,50,2.5,D1,20,long,1.0,1650,77.16549295774648,0.34615030938284713,0.2085246685862665,1.1741591878974111,0.21272727272727274,0.0004260416587578119,0.362669729705148,0.2767393908771497,1.2112532043673379,1.0804545629951359,0.034854506388166895,20804.545629951408
H1,50,2.5,D1,20,short,0.0,1691,79.22495510518215,-0.08855508957198112,0.35787805507547465,0.9648324067793311,0.21407451212300413,-8.267511132167016e-05,-0.0647885162697925,0.35327581684919773,0.9756302138995107,-0.1392450121613884,-0.0070004652597220884,8607.549878386153
H1,50,2.5,D1,20,short,1.0,1636,76.64815289892253,-0.09235016257168573,0.35787805507547565,0.9626615083740545,0.21332518337408313,-8.814078537509419e-05,-0.06453721218216231,0.35304675669498053,0.9754677128459751,-0.1383884063836922,-0.0069541884939436915,8616.115936163069
H1,50,2.5,D1,32,both,0.0,3301,155.05275848765433,-0.030603168348508875,0.569568164899376,0.9904737191642362,0.2023629203271736,-2.355879385359286e-05,-0.021775691881229495,0.6160588015030211,0.9925897987977892,-0.22811865133217268,-0.012088397385366823,7718.813486678194
H1,50,2.5,D1,32,both,1.0,3172,148.99344135802468,-0.09094866145755576,0.5695681648993762,0.9713344671931643,0.2001891551071879,-7.169938735722672e-05,-0.025449395016849157,0.6117130207419883,0.9912217199235085,-0.24355555503342063,-0.013025387567470181,7564.4444496658325
H1,50,2.5,D1,32,long,0.0,1819,85.52906153450051,0.17967985685513516,0.2815315968919365,1.0816142315351809,0.200109950522265,0.00020342796401422292,0.15340618652193963,0.32973536502976764,1.0783583876949263,0.2784657709862073,0.011617894647820926,12784.657709861995
H1,50,2.5,D1,32,long,1.0,1751,82.33171343975283,0.12362527661630847,0.28153159689193974,1.0567104329655261,0.1981724728726442,0.00014299657990466885,0.14954000167739326,0.32809225011899135,1.077506311198464,0.2688882975414775,0.011260280722914962,12688.882975414735
H1,50,2.5,D1,32,short,0.0,1615,75.85889274691358,-0.2003856872776232,0.4217124385108879,0.9194342991787665,0.20495356037151702,-0.00019424011232028327,-0.14828621652880783,0.42581361179604826,0.9393777901547751,-0.25748156759629615,-0.013886438495774645,7425.184324037064
H1,50,2.5,D1,32,short,1.0,1552,72.8996913580247,-0.2583227952270308,0.4217124385108879,0.8951807726103922,0.20167525773195877,-0.0002554914165039973,-0.17311113112418247,0.42990213466000204,0.9288224959355087,-0.28912090389462974,-0.01590136120069141,7108.790961053781
H1,50,2.5,D1,50,both,0.0,3323,157.0556094720497,0.07090330099654009,0.4533767650320979,1.022333448185078,0.20222690340054167,5.497555228822688e-05,0.13244999020398857,0.526412472870033,1.0469272531055565,0.21883700058421707,0.00939712954290206,12188.370005842069
H1,50,2.5,D1,50,both,1.0,3204,151.43128881987576,0.06513394072765702,0.45337676503209934,1.0208894300759042,0.20224719101123595,5.185139110642392e-05,0.13519278519794628,0.5247633732506848,1.04843725677507,0.22883540538317404,0.009786962777490471,12288.354053831661
H1,50,2.5,D1,50,long,0.0,1848,87.34239130434783,0.3023952454468247,0.22558915665382617,1.142285966624775,0.2002164502164502,0.0003431865938834849,0.3451575013256838,0.2837159704447767,1.1940905064714078,1.0894528366172285,0.03544196677728695,20894.528366172148
H1,50,2.5,D1,50,long,1.0,1776,83.93944099378882,0.29703589577063855,0.22558915665382673,1.1431631311088901,0.20157657657657657,0.00034675241142589664,0.340503928564175,0.2860901266350264,1.1880735647043326,1.021628000853823,0.03382830547712756,20216.28000853825
H1,50,2.5,D1,50,short,0.0,1573,74.93651362984218,-0.26910696992317984,0.4201348731615816,0.8945262877090555,0.20089001907183726,-0.00026291195964137825,-0.2646076531414089,0.459010179335525,0.9030266355531185,-0.3596377119637655,-0.021009965286232113,6403.622880362374
H1,50,2.5,D1,50,short,1.0,1522,72.50691274292421,-0.2862059157801546,0.4201348731615816,0.8868156770758081,0.19908015768725362,-0.0002859993784959691,-0.26705035197118676,0.45886562590426483,0.9013619846532763,-0.362986627892524,-0.021254480221099104,6370.133721074756
H1,50,2.5,D1,80,both,0.0,3330,159.26181746759198,0.07769746037882523,0.4216501045578427,1.0239533333724606,0.2051051051051051,5.8786860809619694e-05,0.17685278322983705,0.4755692292636883,1.0612339926552374,0.37948997730537215,0.015505386293257928,13794.899773053701
H1,50,2.5,D1,80,both,1.0,3230,155.784695629209,0.08947852698146894,0.42165010455784047,1.027938421798818,0.20557275541795667,6.901969092670898e-05,0.18046176101368283,0.47362670110656535,1.0627645495929683,0.38866823539590856,0.015962329038446743,13886.682353959055
H1,50,2.5,D1,80,long,0.0,1799,86.29954688731284,0.31200814687100464,0.17362646567485318,1.142276803687402,0.2045580878265703,0.0003519228806896204,0.4021495882233106,0.2181078140723256,1.216729599964142,1.2945811122723976,0.04064654558219116,22945.811122723935
H1,50,2.5,D1,80,long,1.0,1747,84.28103949280148,0.3210372804702318,0.17362646567485374,1.148657022058051,0.20606754436176303,0.00036900245797612426,0.4061701283242464,0.21735857420568272,1.2206086479298948,1.3014115540407025,0.04103132534557008,23014.115540407038
H1,50,2.5,D1,80,short,0.0,1613,77.14393740997774,-0.2534506581287169,0.37842252825353007,0.8987358431625339,0.20458772473651582,-0.00024597992273692307,-0.12743630573804354,0.4013065951670146,0.9479833481895138,-0.2425714432925522,-0.013199524453013756,7574.28556707445
H1,50,2.5,D1,80,short,1.0,1565,75.48082001848672,-0.2439334927134274,0.3773526789813484,0.9013801075288917,0.20383386581469648,-0.00024169848605690798,-0.12651779068152294,0.4002663654707649,0.9482720572905551,-0.23932812590395902,-0.01310696817058421,7606.718740960431
H1,50,2.5,D1,120,both,0.0,3327,161.5295427356108,0.09931078100156826,0.4434097673437659,1.0306454307941377,0.20318605350165314,7.619826836009587e-05,0.11583688112994249,0.524626081706826,1.037559890371073,0.1538294864089731,0.00697118986308265,11538.294864089698
H1,50,2.5,D1,120,both,1.0,3258,160.78698824483178,0.09405826879725636,0.4434097673437686,1.0290780672134239,0.20319214241866176,7.265406363524555e-05,0.11703046175283391,0.5251020295103517,1.037872128933535,0.15459002837695568,0.007119261045171799,11545.900283769439
H1,50,2.5,D1,120,long,0.0,1843,89.4796956001595,0.2783809256117909,0.2425972247224446,1.1254984514371276,0.19967444384156266,0.00031902411335208174,0.2737520573027304,0.32498287158119155,1.1348462981672056,0.6904257219624677,0.025815987543580166,16904.257219624793
H1,50,2.5,D1,120,long,1.0,1800,88.8325901905148,0.263429942823226,0.24259722472244716,1.1191020346015637,0.19944444444444445,0.0003040531310181892,0.27645043496368826,0.3244275155343661,1.136129783037687,0.6938550039085682,0.02634972756847498,16938.550039085687
H1,50,2.5,D1,120,short,0.0,1541,76.55743335146899,-0.2580439600359655,0.3794249719697683,0.9003625247091541,0.20506164828033743,-0.0002398495807792222,-0.1977608040909708,0.4258083055798092,0.9254049180624666,-0.30025667417394575,-0.01758156775111963,6997.433258260582
H1,50,2.5,D1,120,short,1.0,1515,77.64188999579065,-0.24543825096214306,0.3794249719697682,0.905722619497765,0.20528052805280528,-0.00022821590654524378,-0.1893340430090295,0.42771319493423765,0.9292135501471316,-0.28588695428290234,-0.017108144071580345,7141.130457170991
H1,50,3.0,none,0,both,0.0,3006,139.54518301982714,0.03428549965472268,0.5760122169087486,1.010651672040383,0.2328675981370592,3.145467502196735e-05,0.061311090967883654,0.6142952119574087,1.019286634274432,-0.014039330842320674,-0.0006561397534082802,9859.606691576802
H1,50,3.0,none,0,both,1.0,2903,134.76369471276055,-0.041872442237673974,0.5760122169087487,0.9868843880377277,0.23010678608336205,-3.922352038558511e-05,0.03148458088993268,0.6286411911994797,1.010066691711963,-0.10785464590328087,-0.0052839818769838676,8921.453540967208
H1,50,3.0,none,0,long,0.0,2860,132.78441591457988,0.45693616484944954,0.2855553506602405,1.1625385075808383,0.2332167832167832,0.00046067214647769187,0.4988568598706453,0.30267193785085944,1.1940338640337291,2.1011238398853007,0.05395072505805598,31011.238398852733
H1,50,3.0,none,0,long,1.0,2760,128.14160416931486,0.4245348087031914,0.2855553506602406,1.1535158651656137,0.23333333333333334,0.000438319961322442,0.4855955012469198,0.30795590161125463,1.1905414476907257,2.0663363671152277,0.05339885252685139,30663.363671151834
H1,50,3.0,none,0,short,0.0,2861,132.81396161667513,-0.3627113851997498,0.6381377216520125,0.8980402898575609,0.22195036700454387,-0.0002990550573867685,-0.30249092127757987,0.6295910371689162,0.9142722918664554,-0.5602981065637935,-0.037424909148617846,4397.018934362056
H1,50,3.0,none,0,short,1.0,2759,128.078895526182,-0.4024691915078602,0.6654758651677272,0.8854315796782293,0.21964479884015947,-0.0003397371518590968,-0.3458370870456829,0.6464391193938701,0.902193850583933,-0.600372561086858,-0.04168572802186088,3996.2743891314117
H1,50,3.0,H4,20,both,0.0,2062,95.90545014644086,-0.034923738392401926,0.5801786192319267,0.9866493249378503,0.22744907856450047,-4.0053127456638015e-05,-0.09564416565927071,0.6475846350513024,0.9654708243532076,-0.27732045253164184,-0.014992715486482289,7226.795474683567
H1,50,3.0,H4,20,both,1.0,1984,92.27760091684706,-0.03776778556400267,0.5801786192319268,0.9852438381134433,0.22379032258064516,-4.4746160873448936e-05,-0.09337697524251007,0.644637326424453,0.9658755282547589,-0.27320745590732387,-0.01473268094260205,7267.925440926743
H1,50,3.0,H4,20,long,0.0,1164,54.159363057324846,0.2791754340628841,0.29091495791625355,1.1586153863444733,0.23797250859106528,0.0004826405117351599,0.3002833258760189,0.33788915129767916,1.1743607099002706,0.6690472876621245,0.024120756414306888,16690.472876621247
H1,50,3.0,H4,20,long,1.0,1121,52.15863057324841,0.2856882146225102,0.2909149579162532,1.1661474203609676,0.23907225691347012,0.0005083748741577088,0.30260872087636564,0.33627715249846846,1.1780430275351093,0.6732064630071473,0.024239359206414957,16732.064630071458
H1,50,3.0,H4,20,short,0.0,1458,67.85607798165138,-0.46563678624430416,0.5727387485605326,0.8223294380995924,0.21330589849108367,-0.0005323454122306386,-0.5475766079589452,0.6049351271491992,0.8053976335634615,-0.5878314212144605,-0.04041072616344188,4121.685787855418
H1,50,3.0,H4,20,short,1.0,1400,65.15672782874617,-0.47926678654337634,0.5753911518553574,0.813743694163642,0.20857142857142857,-0.0005655412015559149,-0.5547368327885074,0.6070176264387972,0.800477410923539,-0.592764327522491,-0.04094829592965066,4072.3567247750975
H1,50,3.0,H4,32,both,0.0,2033,94.54459511077158,-0.3205226421147686,0.5973011179748167,0.8940489725159487,0.2218396458435809,-0.0003096399352398385,-0.30477718163938355,0.6102867755366506,0.898914194195677,-0.5216253267746285,-0.033709677283699,4783.746732253722
H1,50,3.0,H4,32,both,1.0,1961,91.19623758594348,-0.3427604962115353,0.5973011179748168,0.885185704195418,0.22080571137174912,-0.00033902497576486257,-0.3037408180320993,0.6041570603422204,0.8979130768837159,-0.5204942712435194,-0.033603548388342785,4795.057287564823
H1,50,3.0,H4,32,long,0.0,905,42.113804306281054,0.21004024750478292,0.18320897150618265,1.1235437191973288,0.261878453038674,0.00036181328799113387,0.19661671122823784,0.21953864436777293,1.1046213324791891,0.25711826229215173,0.01070503160450853,12571.182622921506
H1,50,3.0,H4,32,long,1.0,868,40.39202446171487,0.23477848830779513,0.18320897150618265,1.142131048945089,0.2672811059907834,0.0004195832193497315,0.20496079503634113,0.2165931563600494,1.1102977035970514,0.26832300285436883,0.0111224651728965,12683.230028543636
H1,50,3.0,H4,32,short,0.0,1496,69.57142857142857,-0.3784536264363601,0.5184343045665532,0.8525909458290093,0.2038770053475936,-0.00042635000309499977,-0.47390995323681706,0.5565277174427445,0.8288355290789705,-0.5380799367591337,-0.03528131143453672,4619.200632408672
H1,50,3.0,H4,32,short,1.0,1439,66.92064553093965,-0.42792552955046526,0.5510220589982009,0.8317156693568862,0.19944405837387075,-0.0004933134208793413,-0.48924566526312135,0.5613862648379132,0.8216106690325425,-0.5480115111492496,-0.03625594866776527,4519.8848885075
H1,50,3.0,H4,50,both,0.0,2065,96.20424107142857,-0.36225717338192,0.6368941922696933,0.8788608730132638,0.21501210653753028,-0.00034614766974448474,-0.24022705946621803,0.5745307640171897,0.9166521739045256,-0.4696184779245217,-0.029112027799578333,5303.815220754777
H1,50,3.0,H4,50,both,1.0,1990,92.71014030612244,-0.38127229147968256,0.636472581799574,0.8705413885148117,0.2135678391959799,-0.00037364326711115443,-0.23713923055988198,0.5632678675280276,0.9166563640371839,-0.4630634893323108,-0.028556275714160972,5369.36510667689
H1,50,3.0,H4,50,long,0.0,887,41.41336443819507,0.13255538320668378,0.274569155338369,1.0782572993070334,0.24577226606538896,0.00021364594519723533,0.07596764525628846,0.3414777556213484,1.0415650601616955,0.06254861378203302,0.0028366700367830067,10625.486137820311
H1,50,3.0,H4,50,long,1.0,854,39.87261919979548,0.13517998164380965,0.27456915533836934,1.0817732841046548,0.2459016393442623,0.0002243727354346172,0.06656063243320913,0.34054835605284206,1.0366510537145612,0.04922693183977911,0.00224610701037542,10492.269318397766
H1,50,3.0,H4,50,short,0.0,1398,65.13003826530613,-0.7498621779516716,0.7010126638961593,0.7264558488045929,0.18955650929899856,-0.000822065019512479,-0.5367793857070523,0.6024353075826381,0.7875628531537058,-0.5987824971086899,-0.04165417022928952,4012.1750289131132
H1,50,3.0,H4,50,short,1.0,1345,62.6608737244898,-0.7603910250666998,0.7011174407113934,0.7187326389929942,0.18810408921933086,-0.0008556951922188992,-0.5376571269974616,0.6016227269863508,0.7850233793727756,-0.5979721160834328,-0.04156407786198546,4020.2788391656554
H1,50,3.0,H4,80,both,0.0,2213,103.25731349003577,0.11859262923914421,0.44754106635891566,1.0423124320468649,0.22503389064618165,0.00011831720614211042,0.1819580938173052,0.48933130775583844,1.0685925250583723,0.33001024065692497,0.01339557291088389,13300.10240656921
H1,50,3.0,H4,80,both,1.0,2131,99.43124041900869,0.06105933939965743,0.447541066358915,1.0219918860847412,0.22243078366963867,6.218503349240568e-05,0.1621714219693278,0.4840411410168953,1.0616958080080738,0.2771892650651602,0.011481187142154958,12771.892650651542
H1,50,3.0,H4,80,long,0.0,984,45.95397008055236,0.3721206788786285,0.301889189002031,1.2210070053963655,0.2550813008130081,0.0005941168119569731,0.4351883768749397,0.35896987400992286,1.2831038019845034,0.8996250178195739,0.03041962470838211,18996.250178195703
H1,50,3.0,H4,80,long,1.0,937,43.759014192558496,0.37346083343843245,0.3018891890020309,1.2268001975023615,0.25827107790821774,0.0006166132841795508,0.4280975717420829,0.3598797928759505,1.2778901001670864,0.8534693578529298,0.02923663759612838,18534.69357852929
H1,50,3.0,H4,80,short,0.0,1372,64.01673479816044,-0.1923931851705303,0.44371772720319036,0.9181705436595252,0.20262390670553937,-0.00023369284094598193,-0.2670060786295225,0.44248943267068497,0.8941292825844661,-0.3553429555864276,-0.02027681024499195,6446.570444135742
H1,50,3.0,H4,80,short,1.0,1330,62.057038834951456,-0.2559712966118582,0.44371772720319114,0.89051082756005,0.19774436090225564,-0.0003152727225804096,-0.27196050125212984,0.4371075519650598,0.8900608358973054,-0.3652597768843934,-0.02098523135564745,6347.402231156112
H1,50,3.0,H4,120,both,0.0,2342,109.52823303457106,0.28032868587195003,0.34636620742434365,1.1040871561047412,0.22801024765157984,0.0002905557029075782,0.3612082972080516,0.3261181777949018,1.1447134512731107,1.0342673813390868,0.033768531660765655,20342.673813390822
H1,50,3.0,H4,120,both,1.0,2257,105.5530409731114,0.23456631058429211,0.3463662074243451,1.0882430141402497,0.2259636685866194,0.0002485153514650463,0.34402147205572176,0.3355912478368872,1.1393484024384601,0.9777502711893382,0.03240723670952783,19777.50271189339
H1,50,3.0,H4,120,long,0.0,1061,49.63881772768029,0.40633619675674454,0.26630761283444326,1.2483635442756515,0.2478793590951932,0.0006856692903073841,0.4426660579491063,0.2919935222865071,1.3005790024980675,1.0977439543123624,0.03526890359225354,20977.43954312362
H1,50,3.0,H4,120,long,1.0,1012,47.34635583450749,0.36903302209313277,0.2663076128344445,1.2294967714868252,0.24703557312252963,0.0006401968060839834,0.42857344430106237,0.2906281449458149,1.2949569137086838,1.0578341289927553,0.034338961694396986,20578.34128992747
H1,50,3.0,H4,120,short,0.0,1377,64.51375705489995,0.0289239421234167,0.3301401430227916,1.0131361914875532,0.21350762527233116,3.694076161247674e-05,0.05480255974091819,0.29023117471975135,1.0239984759675407,0.03075502042721201,0.001420196015597286,10307.550204272231
H1,50,3.0,H4,120,short,1.0,1338,62.68657003591586,0.013644725867532547,0.3301401430227917,1.0062875560140654,0.21150971599402094,1.778287960879913e-05,0.03722936897904815,0.2973422622830697,1.0163928048282524,0.00371582508404833,0.0001737823858216636,10037.158250840519
H1,50,3.0,D1,20,both,0.0,2495,116.69852093737994,0.4290850812737968,0.4092900581260296,1.1606460888577945,0.23366733466933867,0.00044412191958232084,0.5241801326913161,0.31347308967379484,1.2229078133074254,1.9337348749958236,0.05162924424003368,29337.348749958044
H1,50,3.0,D1,20,both,1.0,2408,112.62927391471379,0.4055200310635461,0.4092900581260275,1.1543075677136494,0.2329734219269103,0.0004298607729105693,0.5182841867742781,0.3167775697563995,1.2233350552967002,1.9183791368596284,0.05137114123111086,29183.79136859619
H1,50,3.0,D1,20,long,0.0,1358,63.51767191701882,0.5192556955725696,0.23352422824556895,1.2824157076118448,0.24374079528718703,0.0007776151966549899,0.5420031231726564,0.23047561784305293,1.3429396607324071,1.7167142471199344,0.047855792056879176,27167.142471199255
H1,50,3.0,D1,20,long,1.0,1302,60.898386477141756,0.4729480705637801,0.23352422824556884,1.26077772517437,0.24270353302611367,0.0007263311024898437,0.5237302846986912,0.24135718135799689,1.336071136209239,1.6604965810471826,0.04683144877030965,26604.965810471745
H1,50,3.0,D1,20,short,0.0,1307,61.40748006174427,0.1655412240878292,0.26030798275741496,1.0794060973360158,0.22647283856159142,0.00021792752391901036,0.24479857425097,0.19757065817322184,1.1235695218306072,0.37428994426873174,0.01504993996284787,13742.899442687327
H1,50,3.0,D1,20,short,1.0,1272,59.763056341651655,0.16340073652066012,0.2603079827574155,1.0797051089744545,0.22562893081761007,0.00021938750875359752,0.24558910731930284,0.19715402546480876,1.1254851715132632,0.3754991417413007,0.015091883972196296,13754.991417413039
H1,50,3.0,D1,32,both,0.0,2569,120.68517684887459,0.1669651510600327,0.4360771689640436,1.0583492574962416,0.22070844686648503,0.00016823559430537884,0.22115000574247426,0.37100814875973664,1.084492403749771,0.49518955094749795,0.019076511740339974,14951.895509474894
H1,50,3.0,D1,32,both,1.0,2477,116.36324758842444,0.12219107891310294,0.4360771689640438,1.0432961509176681,0.21921679450948728,0.000126011418482202,0.20724278716819514,0.3742724994189679,1.0805546371838244,0.45544682658954505,0.017787609333652865,14554.468265895417
H1,50,3.0,D1,32,long,0.0,1427,67.09729016477858,0.27501643134183423,0.2331529274358558,1.1352518579958557,0.2235459004905396,0.00039305724025857935,0.31109627160158804,0.22674924084916348,1.165809750707489,0.724520655713373,0.025954514312554355,17245.20655713371
H1,50,3.0,D1,32,long,1.0,1375,64.65225926879506,0.21535368295833376,0.23315292743585625,1.1069022908579162,0.2210909090909091,0.00031375230378676765,0.29718643710689735,0.22684992352478994,1.1607184633899885,0.6886502423297527,0.02494102575367796,16886.502423297447
H1,50,3.0,D1,32,short,0.0,1260,59.46698539863031,0.003706767025785604,0.3698606100039019,1.0017449428470693,0.21904761904761905,4.955610746542014e-06,0.06287576054580028,0.320546443936108,1.0303288951726264,0.04375435980694764,0.002023174451587728,10437.543598069466
H1,50,3.0,D1,32,short,1.0,1216,57.39036051169401,-0.05619473597141316,0.36986061000390125,0.9733323264843559,0.21628289473684212,-7.658127803272673e-05,0.040612471711117905,0.32020337809483346,1.0199100742155818,0.009164572975209895,0.00043065411981113577,10091.645729752114
H1,50,3.0,D1,50,both,0.0,2604,123.0892972693154,0.21155531259977509,0.34044069083495054,1.0740825703626953,0.22311827956989247,0.00021299438205614002,0.3187008335657445,0.32748215533867764,1.123428760411904,0.8952861327931163,0.030683911561416144,18952.86132793113
H1,50,3.0,D1,50,both,1.0,2518,119.02413614598163,0.20193475877071318,0.34044069083495265,1.0719987195215077,0.2227958697378872,0.00020824700241444313,0.3156499574734411,0.3311702764341553,1.1240894143032953,0.8864364905279554,0.030455917464540017,18864.364905279577
H1,50,3.0,D1,50,long,0.0,1445,68.30416073508478,0.414407585702441,0.17706264780766867,1.2142970955473107,0.22629757785467128,0.0006011945770476692,0.4739343160054316,0.19441173569877557,1.2835624777771868,1.5072503811578075,0.044407068069272304,25072.503811578055
H1,50,3.0,D1,50,long,1.0,1390,65.70434838876666,0.40666499741564516,0.17706264780766956,1.2155595289581718,0.2273381294964029,0.000606413014005782,0.47502916352671654,0.19404238851518507,1.2889886522648455,1.5115039999990425,0.044490755308819185,25115.039999990422
H1,50,3.0,D1,50,short,0.0,1242,59.16792748141385,-0.10742546605121418,0.33965706263350226,0.9509418581205887,0.21980676328502416,-0.00014359356982371178,-0.04315467258634411,0.3279955800666442,0.9801410865472951,-0.10973597126810775,-0.0055221475822117005,8902.640287318958
H1,50,3.0,D1,50,short,1.0,1208,57.54819355680188,-0.1221409573013497,0.33965706263350004,0.9436471528838418,0.21771523178807947,-0.00016642157148118015,-0.05411683469242475,0.3279743763755365,0.9749861682625773,-0.12410288354925969,-0.006292632734253734,8758.971164507444
H1,50,3.0,D1,80,both,0.0,2609,125.02456704277093,0.21156335330859466,0.3018289655166486,1.0723883514972696,0.22422384055193562,0.0002065639913604385,0.3828831528710822,0.2928438880914974,1.1495139331856163,1.2089066420088517,0.03870721650649123,22089.06642008847
H1,50,3.0,D1,80,both,1.0,2536,122.42585249801743,0.23337078405179976,0.3018289655166496,1.0809840517800495,0.22634069400630916,0.00023231470817600665,0.3889760066955261,0.291149919592363,1.1529005652996034,1.218893219817303,0.03922550460072505,22188.93219817282
H1,50,3.0,D1,80,long,0.0,1418,68.03159070011822,0.4156154156215334,0.175070813732225,1.2063331399168948,0.23342736248236953,0.000590688796840252,0.5336374636727772,0.1507215650864382,1.3058100317273544,1.6913087751848854,0.048644835267970254,26913.087751848798
H1,50,3.0,D1,80,long,1.0,1380,66.61974623314829,0.42274925874380354,0.1750708137322251,1.2130088808191508,0.23550724637681159,0.0006108684795988323,0.5385645666551628,0.15023004742036827,1.3114170986363693,1.6971952653787024,0.04906493855849048,26971.952653787022
H1,50,3.0,D1,80,short,0.0,1272,61.11523283346488,-0.15111734867707763,0.33772889329928923,0.9317796198223933,0.2130503144654088,-0.0001932186437969445,-0.0068842155263387035,0.3210038476110113,0.9967428499408685,-0.0656210526237655,-0.003255762597644374,9343.789473762354
H1,50,3.0,D1,80,short,1.0,1237,60.02580709445994,-0.12435055835233684,0.33772889329928946,0.9431455254183451,0.21503637833468067,-0.00016245049018727198,0.013086512360493607,0.321273499005184,1.006301405530561,-0.0358792805447542,-0.0017714839035809504,9641.207194552462
H1,50,3.0,D1,120,both,0.0,2625,127.54839031528536,0.205877615230135,0.3383613829340175,1.0694750161863362,0.22704761904761905,0.0001996659611843603,0.2727277781429167,0.3877384469144265,1.0970249938734449,0.6654766374883325,0.02509597326344104,16654.766374883257
H1,50,3.0,D1,120,both,1.0,2571,126.91684687119881,0.20050372854334497,0.3383613829340184,1.0678316691544876,0.22714896927265654,0.00019588659108714712,0.27536643905818475,0.38606572495105596,1.097943834694598,0.666840596533921,0.025542709727566892,16668.405965339207
H1,50,3.0,D1,120,long,0.0,1448,70.35812159106027,0.38614705090267154,0.17005496994481228,1.1892243979881105,0.23273480662983426,0.0005505765909602111,0.43019624513462723,0.20261545958213334,1.2358490209242492,1.2004811609811665,0.03906540595623298,22004.811609811575
H1,50,3.0,D1,120,long,1.0,1413,69.75243276118395,0.3743239217728309,0.1700549699448125,1.1842481118413035,0.23283793347487616,0.0005384222919364315,0.4266032193912543,0.20355717323694245,1.2249681795567513,1.1184993819982014,0.03775376345853809,21184.993819981963
H1,50,3.0,D1,120,short,0.0,1231,61.15652203482046,-0.22435407626620715,0.3879773838769901,0.9036907695905944,0.21608448415922016,-0.000272012440314202,-0.12072807984363977,0.3785442409298978,0.9482624317756481,-0.19995936288596328,-0.011022134441292075,8000.406371140409
H1,50,3.0,D1,120,short,1.0,1212,62.113511996632525,-0.21724907054380915,0.38797738387698966,0.907332882583963,0.21617161716171618,-0.0002631203228106147,-0.121006676572622,0.38006131208459715,0.9487631457870516,-0.19721118718995345,-0.01119436125299711,8027.888128100458
H1,50,1.5,none,0,both,0.0,5060,234.92627431041058,0.3028131550974461,0.32195726875927455,1.0783366538795542,0.20217391304347826,0.0001612826916228511,0.31570994089669346,0.2748192218511879,1.0869306060835302,0.833137548735946,0.02853636405423554,18331.37548735932
H1,50,1.5,none,0,both,1.0,4911,228.00848480996567,0.24094043497134823,0.3219572687592742,1.062549593886706,0.19833027896558747,0.00013029211292362738,0.29078762859819496,0.2806859420698292,1.080429867167231,0.7617394890151259,0.026641012631513306,17617.39489015119
H1,50,1.5,none,0,long,0.0,4473,207.67296936570483,0.652374725941215,0.3659823337021261,1.2214914552964427,0.17013190252626872,0.00046228851418313237,0.6569494104364776,0.25956862071415676,1.2342230423415907,3.055627766453182,0.06716357269728679,40556.277664531524
H1,50,1.5,none,0,long,1.0,4333,201.1730329223338,0.6248231175183153,0.3659823337021261,1.2147194912228276,0.16847449803831063,0.0004520183411197214,0.6416141507398161,0.2647576167400154,1.2309930502234567,3.0144521161937936,0.06665809082229757,40144.521161937795
H1,50,1.5,none,0,short,0.0,4474,207.71939748315748,-0.1398060376766212,0.4343893457370226,0.9663839696138674,0.2208314707197139,-6.259108376864265e-05,-0.17166037811907503,0.6002560023744347,0.9580291239460412,-0.4363067686520994,-0.026263640818237066,5636.932313479022
H1,50,1.5,none,0,short,1.0,4330,201.03374856997584,-0.16183513345124576,0.4343893457370185,0.9605554021071511,0.21755196304849886,-7.438056580094985e-05,-0.1771995295848688,0.604495603364019,0.956421699086664,-0.44800840827186306,-0.027211539904791526,5519.91591728141
H1,50,1.5,H4,20,both,0.0,3598,167.17586821015138,-0.05897629051739364,0.3614041561511715,0.9824884827924351,0.20705947748749307,-3.359848529974856e-05,-0.16120065196261132,0.5931994526640773,0.9517111166216748,-0.41950575558596925,-0.02495376034342056,5804.942444140307
H1,50,1.5,H4,20,both,1.0,3489,162.11134079633635,-0.10622524568979168,0.36252210868239565,0.968396084643392,0.20435654915448553,-6.134884358575287e-05,-0.18289551045008481,0.6060631863612478,0.9452742078639756,-0.46293780078161195,-0.028470521402982563,5370.621992183884
H1,50,1.5,H4,20,long,0.0,1129,52.56434034416826,0.24901441903846788,0.19993686528009158,1.158598532079999,0.17803365810451727,0.000329467353921174,0.19183746235111224,0.2530118827273976,1.1207102812138696,0.27227914032252976,0.011274790023048764,12722.791403225265
H1,50,1.5,H4,20,long,1.0,1093,50.88824091778203,0.20534463906795064,0.19993686528009258,1.1298929598863907,0.1756633119853614,0.0002731993671841636,0.17677767919392812,0.2562594323900569,1.1119443221866567,0.24678678314556035,0.010322263388662378,12467.867831455545
H1,50,1.5,H4,20,short,0.0,2901,134.79077089428827,-0.32426325535566014,0.5056075004979177,0.9056399298114937,0.21440882454326093,-0.00017426249386544938,-0.3956085130931858,0.681108728144489,0.8845837678922525,-0.6489973504941093,-0.04748131253507848,3510.026495058909
H1,50,1.5,H4,20,short,1.0,2809,130.51612390281136,-0.3252099085503001,0.5072470426984186,0.903872338795491,0.2114631541473834,-0.00017957342025835615,-0.39521685459147143,0.6808142423385399,0.8840499592246385,-0.6481113591562533,-0.04736973342109985,3518.886408437482
H1,50,1.5,H4,32,both,0.0,3648,169.65011459129107,0.06315618960032916,0.2709567943853538,1.0190172526029189,0.20614035087719298,3.591720132700605e-05,0.06431128224809235,0.33993427073524074,1.0199976807095297,0.023754741738289065,0.0010923927424131286,10237.5474173829
H1,50,1.5,H4,32,both,1.0,3532,164.255538579068,0.07881733872691271,0.2709567943853528,1.0241812395692942,0.20328425821064552,4.6105808596701206e-05,0.07013063954286652,0.337943628391554,1.02198422305274,0.039341319797924656,0.0017961059049858008,10393.413197979227
H1,50,1.5,H4,32,long,0.0,947,44.06825710281564,0.49299292594257527,0.21744104453902058,1.387694946988472,0.1921858500527983,0.000752321471800044,0.4524751627693925,0.22910476582692818,1.344135648951497,0.8259721712764168,0.02841528634744872,18259.72171276406
H1,50,1.5,H4,32,long,1.0,915,42.57915021021786,0.5145221661052881,0.2174410445390199,1.4157092723659184,0.18907103825136612,0.0008109825783001025,0.46012951927765167,0.22746975602402908,1.3537005409352934,0.8359842621608529,0.028677009632720907,18359.842621608484
H1,50,1.5,H4,32,short,0.0,3010,139.9799465240642,-0.22842067188933723,0.4031064837535343,0.9336759280887839,0.21096345514950166,-0.00012279478491472443,-0.2813764821832951,0.6054749430459925,0.9170609586968443,-0.529631442202989,-0.03446781829880541,4703.685577970122
H1,50,1.5,H4,32,short,1.0,2911,135.37595492742554,-0.2455972731919529,0.4031064837535364,0.9277389529923412,0.2074888354517348,-0.0001355067095475599,-0.2798203955118983,0.6066543257552304,0.9167058804600832,-0.5322597818015353,-0.0347193941248789,4677.402181984637
H1,50,1.5,H4,50,both,0.0,3701,172.4222257653061,0.15798600264024415,0.31496499569902037,1.048476611006577,0.20832207511483383,9.132759412969369e-05,0.22655203273074234,0.3036175941243898,1.0717414793608822,0.5142399073616537,0.019518033156793235,15142.39907361636
H1,50,1.5,H4,50,both,1.0,3588,167.1577806122449,0.15045794136547225,0.3149649956990196,1.046539192028951,0.205685618729097,8.858202501865606e-05,0.21851527815077906,0.3093846419458516,1.069390248748505,0.4879658578450168,0.01868699750728542,14879.658578450117
H1,50,1.5,H4,50,long,0.0,1077,50.419668033837475,0.4749328395438177,0.12417541087690043,1.3639830034012892,0.18570102135561745,0.0006950335950033796,0.49838943465499475,0.1314101891157643,1.3789527798386798,0.9933989365106792,0.032821997901411715,19933.989365106816
H1,50,1.5,H4,50,long,1.0,1037,48.54707126377852,0.47040118659330427,0.12417541087689998,1.3637632578544099,0.18322082931533268,0.0007012244798250583,0.4905191860159529,0.13222778502838162,1.3753478711341736,0.9707749956612781,0.032270245801992115,19707.749956612744
H1,50,1.5,H4,50,short,0.0,2862,133.33488520408162,-0.19636845545371354,0.3871866107183025,0.9404939474019702,0.2148846960167715,-0.00011125744769747371,-0.15345328397795427,0.4332300019963937,0.9524213292154949,-0.3744261698713768,-0.02161671594228054,6255.738301286226
H1,50,1.5,H4,50,short,1.0,2781,129.56125637755102,-0.18698728669824616,0.3871866107183024,0.9424740212655748,0.21287306724199928,-0.00010860280672856846,-0.15081227828936983,0.4323045227873531,0.9529096844955389,-0.36619353995034276,-0.02102059642494125,6338.064600496587
H1,50,1.5,H4,80,both,0.0,3846,179.36050817160367,0.19468063959671053,0.370908204638721,1.0580810082610401,0.20228809152366095,0.00011007719261372694,0.24370837806073292,0.4000980854872066,1.0798467738320972,0.6179131083438614,0.02269174478619762,16179.13108343843
H1,50,1.5,H4,80,both,1.0,3720,173.48442288049029,0.1847125109510228,0.37090820463872043,1.056066459185035,0.19865591397849464,0.00010742847943909213,0.24287840838360372,0.4005413078000586,1.0802316229267894,0.6169260852352292,0.022662640245519672,16169.26085235208
H1,50,1.5,H4,80,long,0.0,1253,58.501629809535984,0.4738507597274417,0.20827202091642416,1.3116668892087628,0.174780526735834,0.0006015707925370241,0.5162081115367075,0.21751089480595331,1.370683736670989,1.3212224358466074,0.04009986759335171,23212.224358465985
H1,50,1.5,H4,80,long,1.0,1199,55.980410328518474,0.5005944578502864,0.2082720209164235,1.339950732532252,0.17264386989157632,0.0006618189668962252,0.5260343938847328,0.21614740216848005,1.3833256321441538,1.3376666690774157,0.0404427352836636,23376.666690774004
H1,50,1.5,H4,80,short,0.0,2763,128.85415602655772,-0.09674758008005675,0.35909442278375403,0.9703986099538248,0.21715526601520088,-5.566608439353213e-05,-0.1403787114142002,0.41155024884094493,0.9566056754892085,-0.31535365625838074,-0.017512865061596883,6846.463437416183
H1,50,1.5,H4,80,short,1.0,2689,125.40312180796731,-0.13668648622411828,0.35909442278375414,0.9578095052403962,0.21309036816660468,-8.029505777866922e-05,-0.1448989068288394,0.4087796861902244,0.9549625174310583,-0.32783991111884503,-0.018355839870111135,6721.600888811543
H1,50,1.5,H4,120,both,0.0,3933,183.8873847926267,0.3264159091497892,0.363940632792807,1.1026141256556352,0.20035596236969236,0.00019746497951009622,0.375740693194047,0.3569382773020948,1.1393252496703554,1.2923951690472477,0.039549878720652076,22923.95169047236
H1,50,1.5,H4,120,both,1.0,3804,177.85599078341014,0.29311592429263367,0.36394063279280664,1.0934038964465103,0.19663512092534174,0.00018153123324694774,0.36622065429556444,0.36187294291354755,1.1369094878023218,1.2665118358868552,0.03899811623117122,22665.11835886843
H1,50,1.5,H4,120,long,0.0,1447,67.79332349923038,0.49255943199170715,0.23448491019428053,1.3094900303880102,0.1741534208707671,0.0006232352240286602,0.46898644389357014,0.26286522255259215,1.354218685439288,1.4682545720600366,0.04323906594537874,24682.545720600232
H1,50,1.5,H4,120,long,1.0,1383,64.79486275012827,0.46763582227676775,0.2344849101942802,1.3001058127181404,0.16775126536514823,0.000611382375262434,0.46089428634430457,0.2668249462945679,1.3524546143666736,1.4522645300141743,0.042921447055163764,24522.645300141583
H1,50,1.5,H4,120,short,0.0,2593,121.43778048467753,-0.10442404220140808,0.34742974974551966,0.9666388756815883,0.21326648669494794,-6.279548305984856e-05,-0.1445791984255695,0.47821500650980275,0.9544783314957044,-0.29773579296961117,-0.016416644955811965,7022.64207030385
H1,50,1.5,H4,120,short,1.0,2526,118.29997435568663,-0.1228558700210367,0.347429749745519,0.9603129679979634,0.2110055423594616,-7.541031870554179e-05,-0.14501906763111658,0.47984257885951176,0.9540363013717141,-0.3005586363906978,-0.01660216126162095,6994.41363609302
H1,50,1.5,D1,20,both,0.0,4134,193.28513824884791,0.39771325381073497,0.3758360198944324,1.1252235580548666,0.19811320754716982,0.0002474572237228904,0.4369346030236496,0.31722028331598395,1.160758416049173,1.7109473364319152,0.04773287913033242,27109.4733643189
H1,50,1.5,D1,20,both,1.0,4006,187.30049923195082,0.3714446223874211,0.37583601989443416,1.118568435547695,0.19545681477783325,0.00023642354477208225,0.43094517305591395,0.3192746376772069,1.1598789220711312,1.7024136019820761,0.04757844295119584,27024.136019820893
H1,50,1.5,D1,20,long,0.0,2178,101.8454103187812,0.4019944326122045,0.28177969014135873,1.1915340426108942,0.16942148760330578,0.00040365396171825144,0.4209115917720315,0.29873705154324015,1.2368811896131118,1.5754436225613078,0.04522994541892422,25754.43622561303
H1,50,1.5,D1,20,long,1.0,2101,98.24481500448087,0.38508188587365816,0.2817796901413574,1.1867577040699935,0.1661113755354593,0.00039697654429200725,0.40783688317790523,0.3043596736220029,1.23121653530441,1.5216555928976305,0.044198871499387726,25216.555928976122
H1,50,1.5,D1,20,short,0.0,2132,99.88622370446383,0.11169659006679021,0.25713400305513,1.0407652738232016,0.2303001876172608,7.426047083646626e-05,0.14743621848375982,0.2987807735447614,1.054357084918949,0.19063827021623414,0.008208506420464667,11906.382702162358
H1,50,1.5,D1,20,short,1.0,2076,97.26257054899949,0.09887699625496371,0.2571340030551307,1.0365249725204513,0.2288053949903661,6.711661605766301e-05,0.14205270078303545,0.3006808344666001,1.0526954940335895,0.1814919347424282,0.007844313875873032,11814.919347424346
H1,50,1.5,D1,32,both,0.0,4192,196.90432098765433,0.23679200018428365,0.3902224182183238,1.0724693999047097,0.18439885496183206,0.00014660223419895894,0.26823407576099195,0.3702332510678211,1.1047226530143623,0.8947635984502269,0.030474294186966233,18947.635984502074
H1,50,1.5,D1,32,both,1.0,4059,190.65711805555557,0.1816740298823377,0.39022241821832293,1.0561562844435899,0.18058635131805864,0.00011504052438983624,0.2528051206760765,0.38633863423418535,1.0995522756675042,0.8370175427896605,0.02897727865196109,18370.175427896444
H1,50,1.5,D1,32,long,0.0,2302,108.29540185471407,0.32610490708086537,0.27766872769653617,1.1466348149138337,0.16159860990443092,0.0003121435274283693,0.34973793200040426,0.21965469487256362,1.1890526919919846,1.220838808974102,0.03824910325683173,22208.388089740874
H1,50,1.5,D1,32,long,1.0,2237,105.23753863987635,0.28875999901820665,0.27766872769653606,1.1311598770430993,0.1586946803755029,0.00028164997746932204,0.3342427061880481,0.2247815935769354,1.1818967874576165,1.1682116655196477,0.037078387866104734,21682.11665519634
H1,50,1.5,D1,32,short,0.0,2025,95.1171875,0.008127657112947296,0.29472375903411585,1.0030699696564778,0.21679012345679013,5.733824545176473e-06,-0.024703042250853575,0.33530711688603665,0.9906888498027127,-0.09528842259377213,-0.004692633119843581,9047.115774062275
H1,50,1.5,D1,32,short,1.0,1954,91.78221450617285,-0.030565784723475018,0.29472375903411363,0.9883298487274864,0.2128966223132037,-2.2154688595907936e-05,-0.033625873888461645,0.3355946896554859,0.9872137339918106,-0.11093978802362303,-0.0055081618493192375,8890.602119763793
H1,50,1.5,D1,50,both,0.0,4210,198.97806677018633,0.36812781743445333,0.39119628352870595,1.115061326274289,0.1857482185273159,0.00023127504339710608,0.4048292950225778,0.3438023993871796,1.1484722606043438,1.427922692851077,0.042815388972135215,24279.22692851063
H1,50,1.5,D1,50,both,1.0,4095,193.54279891304347,0.345702348712305,0.39119628352870317,1.1092459368275152,0.18461538461538463,0.00022163612634600724,0.39661706305032474,0.3499086445441315,1.1463852863456003,1.4046281191595957,0.04234033462155318,24046.281191595936
H1,50,1.5,D1,50,long,0.0,2289,108.18546195652173,0.5388525553726438,0.23328941225003363,1.257919875579771,0.16601135867190914,0.0005378441679155424,0.5175433981036728,0.221993882186439,1.2765265241813701,1.8863695442824149,0.05137514269439625,28863.69544282395
H1,50,1.5,D1,50,long,1.0,2219,104.87703804347825,0.5189701887014921,0.23328941225003375,1.2518748181581973,0.16493916178458765,0.0005297282921676943,0.5103322006775288,0.22469122061050373,1.274920260230702,1.868557294648657,0.05106758426462177,28685.572946486398
H1,50,1.5,D1,50,short,0.0,2023,96.33647327249021,-0.09160444538016156,0.3225847260336283,0.96649717321088,0.21403855659911022,-6.385802335189912e-05,-0.06401875694442052,0.39890425689505393,0.9764520196298184,-0.15136068211221343,-0.00778507921555871,8486.393178877874
H1,50,1.5,D1,50,short,1.0,1976,94.09830508474576,-0.10016450463735786,0.32258472603362653,0.9630103070129186,0.2125506072874494,-7.124993295930178e-05,-0.0650193858456373,0.39841699037979394,0.975959760944173,-0.1533786925232753,-0.007897563829964982,8466.213074767287
H1,50,1.5,D1,80,both,0.0,4208,201.2270227808327,0.397959314295115,0.2208844344252553,1.1221752498638915,0.19106463878326996,0.00024553948394733313,0.4665059160198027,0.24616686945102317,1.161052820979336,1.9283496817165333,0.05272263289603085,29283.496817165058
H1,50,1.5,D1,80,both,1.0,4108,197.76551996836696,0.3912746336530832,0.22088443442525407,1.1210206863785719,0.190603700097371,0.00024501159145970294,0.465333192686396,0.24729375394461206,1.1611940437517114,1.9202593453106869,0.05294603216302596,29202.593453106718
H1,50,1.5,D1,80,long,0.0,2250,107.83525784017846,0.5224840464608091,0.22498412358980846,1.240705645843912,0.16755555555555557,0.0005175973662840831,0.5465974290108964,0.1722028686579985,1.2775094978878334,2.1673384369582958,0.05680941668478123,31673.384369582807
H1,50,1.5,D1,80,long,1.0,2192,105.54020564197205,0.5112820280357149,0.22498412358980813,1.2378231355328073,0.16697080291970803,0.0005150153415668126,0.5420897716819179,0.17491187589023294,1.2763654658050834,2.1522795376461312,0.05683633256792109,31522.79537646119
H1,50,1.5,D1,80,short,0.0,2031,97.12264336213669,-0.06857913282037338,0.26740147331628394,0.9745927668774051,0.2171344165435746,-4.713947756952978e-05,-0.05594171131295373,0.361419002574513,0.9790968063193143,-0.15266856445913035,-0.007890743226165897,8473.3143554087
H1,50,1.5,D1,80,short,1.0,1987,95.83411461772084,-0.0612868087221852,0.2674014733162834,0.9771323275456151,0.21640664318067437,-4.278396283476422e-05,-0.05328494368843754,0.3600524052156593,0.9800831315092313,-0.14750650879884286,-0.007667553363653434,8524.934912011602
H1,50,1.5,D1,120,both,0.0,4157,201.80013955342903,0.4325939751272587,0.3634058610292572,1.1340908381039987,0.19076256916045226,0.0002719992128145634,0.4816912227890505,0.3003437837863213,1.1701141493521716,1.9201217239044843,0.05339858290373445,29201.217239044803
H1,50,1.5,D1,120,both,1.0,4097,202.08362592842673,0.40946353302186506,0.36340586102925343,1.1263191577175193,0.19013912618989504,0.00025758771793834504,0.4764334342273259,0.3035265951696424,1.167357922736299,1.8948449932847002,0.05382759672486981,28948.44993284693
H1,50,1.5,D1,120,long,0.0,2247,109.07984449760765,0.48720274355310195,0.26127251275680285,1.2202482145608715,0.16510903426791276,0.00048693322846291205,0.49619901238810354,0.22472682075371986,1.2520890833597071,1.876631952574304,0.05263154570744022,28766.31952574274
H1,50,1.5,D1,120,long,1.0,2205,108.76114112086428,0.45979313556954665,0.26127251275680263,1.207136888614958,0.16462585034013605,0.0004608879559847301,0.4896066371303731,0.22888819171908248,1.2473863320778489,1.8505122432411762,0.05302570507300741,28505.12243241159
H1,50,1.5,D1,120,short,0.0,1974,98.05569155446757,-0.01401523712591491,0.3042325254590805,0.9947961589966428,0.2193515704154002,-9.425204585195126e-06,0.04458136385501334,0.3561406141850927,1.016932308859563,0.011252666985204884,0.0005559935120329484,10112.526669852077
H1,50,1.5,D1,120,short,1.0,1956,98.80085741944406,-0.01222737459786964,0.3042325254590813,0.9954796170642362,0.21830265848670757,-8.225040755665768e-06,0.04552970171607259,0.3558773092075359,1.0171784178992693,0.012186774079507412,0.0006120409888550338,10121.867740795095
H1,50,1.0,none,0,both,0.0,5725,266.0038481109274,0.5050864611580856,0.35926391663833035,1.139364735743618,0.20873362445414848,0.00025007974366957574,0.4544314931694385,0.23495420455049454,1.136938284809318,1.4312169141250095,0.04214162037189162,24312.169141249975
H1,50,1.0,none,0,both,1.0,5565,258.56967943009795,0.42611015800106217,0.3592639166383307,1.1183124886048317,0.2059299191374663,0.00021483825498235505,0.4176925027177096,0.2449893954058988,1.1268937508012518,1.3279185057700982,0.04004139952892749,23279.185057700826
H1,50,1.0,none,0,long,0.0,4569,212.2919793919349,0.5379545948937888,0.3977890086003414,1.1901341510464436,0.13941781571459838,0.0003668818461422917,0.5293699897356446,0.3159752775864635,1.1945032640683921,2.1878106724387045,0.055344016193188184,31878.106724386922
H1,50,1.0,none,0,long,1.0,4437,206.15879023025062,0.5161924260348116,0.3977890086003427,1.184822781893965,0.13815641199008338,0.00036001879883104676,0.5182835102592555,0.3207977038604922,1.1921807452999653,2.154811988843736,0.054833906996198944,31548.119888437195
H1,50,1.0,none,0,short,0.0,4569,212.31898854961833,-0.09065267456693464,0.398777923668983,0.9796430564140767,0.245786824250383,-3.214937538857342e-05,-0.06735691158096876,0.5017233406200292,0.9837661587929311,-0.20547970634069046,-0.01063183373417198,7945.202936593045
H1,50,1.0,none,0,short,1.0,4429,205.8132633587786,-0.11424384570025371,0.398777923668981,0.9740331580992911,0.24362158500790246,-4.149498486667229e-05,-0.07909632123569672,0.5069942023578695,0.9808314253840473,-0.22744001550328996,-0.011919633797349727,7725.599844967001
H1,50,1.0,H4,20,both,0.0,3903,181.3703244274809,-0.00014891052274984212,0.4986606155879427,0.9999580223963208,0.22418652318729182,-6.915899117446819e-08,-0.2730186069778127,0.6883141269021014,0.9264611021377367,-0.4369757266865083,-0.026340448676598904,5630.242733134861
H1,50,1.0,H4,20,both,1.0,3788,176.0263358778626,-0.03492843999938855,0.49866061558794217,0.9900567407207677,0.220960929250264,-1.659685199477329e-05,-0.2854895777817113,0.6946924792025091,0.922615525833564,-0.4567426654712359,-0.027956161469731455,5432.573345287593
H1,50,1.0,H4,20,long,0.0,921,42.86381880733945,0.20675887678663865,0.20394045842249264,1.1600655471421981,0.1498371335504886,0.000301976823995717,0.04660817879827278,0.3296256926410933,1.0320106938391815,0.023306670242401628,0.0010728322311064353,10233.066702423976
H1,50,1.0,H4,20,long,1.0,903,42.02608944954128,0.18988788782378085,0.2039404584224922,1.1480704632351404,0.14839424141749724,0.0002812545340179164,0.0391657719223047,0.33175241063274885,1.0270168788928216,0.013616291962937677,0.0006296318245564425,10136.16291962933
H1,50,1.0,H4,20,short,0.0,3264,151.67633587786258,-0.21170263911956194,0.3838133509175673,0.9456500247227811,0.24356617647058823,-8.54057117744376e-05,-0.3355966123496335,0.6076930460636556,0.9115438217957139,-0.4783525572284799,-0.02978795042927984,5216.47442771518
H1,50,1.0,H4,20,short,1.0,3158,146.75057251908396,-0.23609787651100755,0.38381335091756996,0.9387134499064368,0.24065864471184295,-9.771363923187763e-05,-0.34115216299449175,0.6107920755764296,0.9096504225421788,-0.4878094944959085,-0.03061244896899329,5121.905055040883
H1,50,1.0,H4,32,both,0.0,3925,182.5319900687548,0.262561277110077,0.2578669088675575,1.0785427705626234,0.23261146496815285,0.00012745408395627514,0.24045457185170926,0.26446962737904,1.0762399453720393,0.44676635092496575,0.017324074619430974,14467.663509249549
H1,50,1.0,H4,32,both,1.0,3806,176.9978991596639,0.2386837613410266,0.25786690886755603,1.0722921033860588,0.22963741460851286,0.00011870111022221391,0.23009782027304365,0.26571325636718124,1.0735537160591937,0.42410694110583935,0.01657750067537722,14241.069411058286
H1,50,1.0,H4,32,long,0.0,795,37.013862332695986,0.47895823796569903,0.15786077204126647,1.4675885003888276,0.1710691823899371,0.0008262317019843026,0.40241843768996083,0.1567758725131504,1.3868119807516417,0.6480524596092674,0.023532898030532712,16480.524596092673
H1,50,1.0,H4,32,long,1.0,769,35.80334608030593,0.47084637561607523,0.15786077204126736,1.4655559674282246,0.16644993498049415,0.0008355623624693053,0.39885565521707406,0.15735772023482542,1.3859734602681788,0.6425702962221926,0.02337412758173385,16425.70296222189
H1,50,1.0,H4,32,short,0.0,3329,154.81503055767763,-0.1057768949458979,0.3481995677598726,0.9718872184549808,0.24271553018924602,-4.446212465006272e-05,-0.08464775530865551,0.45345425706127773,0.9759166343143664,-0.20674412688072064,-0.010713189862765149,7932.558731192786
H1,50,1.0,H4,32,short,1.0,3227,150.07152406417114,-0.1319286608643988,0.3481995677598714,0.9645263330128991,0.2398512550356368,-5.677234193110226e-05,-0.09478704301498926,0.4611599087761268,0.9728632717760931,-0.22533249069534855,-0.011803496827544113,7746.675093046448
H1,50,1.0,H4,50,both,0.0,3922,182.71817602040815,-0.05832643785011227,0.3590392315492613,0.9835336410462399,0.21749107598164202,-2.7369535166691803e-05,-0.04799724455043211,0.4897021398828324,0.9857151465843306,-0.20547412772501394,-0.010658487075438927,7945.258722749822
H1,50,1.0,H4,50,both,1.0,3809,177.45373086734693,-0.05545099493545927,0.3590392315492591,0.9841281685881432,0.21554213704384353,-2.6650756009128483e-05,-0.04684216816979488,0.4887266976319401,0.9859729900164771,-0.20238891750458954,-0.01047984058866791,7976.110824954078
H1,50,1.0,H4,50,long,0.0,939,43.94794336237827,0.2549493314017448,0.15639304659173225,1.2004693332275378,0.15122470713525027,0.0003627168816771215,0.2260269453266741,0.20432335144525948,1.1779711542753193,0.33721180955741437,0.013693211737209499,13372.118095574118
H1,50,1.0,H4,50,long,1.0,913,42.73106740133265,0.25157732029408475,0.15639304659173192,1.2003148397415404,0.14676889375684557,0.00036621824199184504,0.22660574050791135,0.20422685897063786,1.1796289252466188,0.3378727759561828,0.01371665706948244,13378.727759561816
H1,50,1.0,H4,50,short,0.0,3186,148.4294005102041,-0.36483218315128596,0.4439915983095113,0.905691504465943,0.23414940364092907,-0.00015236902400818971,-0.3309476739384048,0.6087073270335066,0.9109115495134842,-0.5258714797712989,-0.034170106251493415,4741.285202287013
H1,50,1.0,H4,50,short,1.0,3091,144.00353954081632,-0.3524279787949245,0.44399159830951485,0.9075372925839275,0.23293432546101586,-0.0001509633300485019,-0.3309097295289221,0.6082555320070814,0.9105050167508569,-0.5227535025566094,-0.033875125374853376,4772.464974433907
H1,50,1.0,H4,80,both,0.0,4029,187.89482252298262,0.21059872147665376,0.3504732764469276,1.0616321562750266,0.21816827997021593,0.00010258943051006896,0.25067255802256855,0.371531566305768,1.0878986730575038,0.6454982218169387,0.02349837931627219,16454.98221816925
H1,50,1.0,H4,80,both,1.0,3909,182.29855081716036,0.19737873628772595,0.3504732764469274,1.0585700599712518,0.21591199795344077,9.864279607119037e-05,0.24709528395817573,0.37427058451893225,1.087260500149099,0.6357014174152826,0.02321339083777696,16357.014174152648
H1,50,1.0,H4,80,long,0.0,1127,52.625511378164155,0.3343738999426427,0.2443562507932826,1.2339367331247186,0.14729370008873113,0.0004369044160028536,0.3449219925767648,0.3175439224893648,1.283741454653414,0.8761301410174971,0.02981704006602004,18761.301410174925
H1,50,1.0,H4,80,long,1.0,1088,50.804397852211714,0.3523749035160412,0.24435625079328138,1.252278616018049,0.14613970588235295,0.00047602662334364824,0.35012869578385664,0.31543911695343185,1.2906030085912799,0.8869414136995046,0.030093388040827396,18869.41413699498
H1,50,1.0,H4,80,short,0.0,3031,141.35249616956077,-0.08311581373436057,0.3438968319925998,0.9771290609531077,0.2421643022104916,-3.631398014042513e-05,-0.10957510543401078,0.4317084156884484,0.9685969581067873,-0.2235870970378182,-0.011732736691142387,7764.129029621756
H1,50,1.0,H4,80,short,1.0,2945,137.34183478038815,-0.12705203567742232,0.3438968319926001,0.9647789037174229,0.23938879456706283,-5.6635965093813583e-05,-0.12838601769115734,0.43685708629731346,0.9630966065153337,-0.25301651381761814,-0.01351205424979851,7469.834861823767
H1,50,1.0,H4,120,both,0.0,4094,191.41493855606757,0.2691859773064369,0.46159485035580294,1.0767093541194022,0.21348314606741572,0.0001285619043795507,0.19788746165239726,0.4338427609343455,1.0577351933261983,0.34008611852228143,0.013780862910500069,13400.861185222675
H1,50,1.0,H4,120,both,1.0,3971,185.6878440660607,0.2178939858321053,0.4615948503558035,1.062529887263317,0.2115336187358348,0.00010587919819387533,0.1792248953027395,0.44367967730793934,1.0527064755765827,0.3004482325234099,0.012360294527179239,13004.482325233957
H1,50,1.0,H4,120,long,0.0,1327,62.13932692307693,0.3523892807688697,0.35423392405934406,1.2119365045994992,0.14996232102486812,0.0003926147690435785,0.2233378553348096,0.41898465380154204,1.1303026791946948,0.3438588082140559,0.01393568035856152,13438.588082140455
H1,50,1.0,H4,120,long,1.0,1277,59.80564816002052,0.3097812124335321,0.3542339240593434,1.1878081832139167,0.1456538762725137,0.0003528257864845064,0.20705571202358494,0.42683092403152245,1.1217639379653068,0.3160321467251139,0.012944379973550912,13160.321467251044
H1,50,1.0,H4,120,short,0.0,2874,134.59783305551994,-0.07891680191263556,0.32689958866433055,0.9778225229682364,0.24008350730688935,-3.536986531270538e-05,-0.010346310896348028,0.3612841422859504,0.9969151671540496,-0.0739923929950358,-0.0035937067568649894,9260.076070049556
H1,50,1.0,H4,120,short,1.0,2797,130.99169765354532,-0.10612993913516296,0.32689958866432955,0.9698994267256893,0.23846978905970684,-4.8452158716395213e-05,-0.01958902133592265,0.3627560338284751,0.9941304292494594,-0.08970446781905783,-0.004391965161224087,9102.955321809266
H1,50,1.0,D1,20,both,0.0,4316,201.79454685099844,0.4209164380369099,0.4012755593371824,1.1313293547024343,0.19833178869323448,0.0002288259825010794,0.43582911235392885,0.32997288087714116,1.1513037927841467,1.3195169286491324,0.04012170562450801,23195.16928649101
H1,50,1.0,D1,20,both,1.0,4188,195.83497631545256,0.39764544342814284,0.40127555933718306,1.125640648465366,0.197468958930277,0.00022074179361939082,0.4259997313532486,0.334279413059018,1.1492908244769975,1.295056303640843,0.039611439514647184,22950.563036408235
H1,50,1.0,D1,20,long,0.0,2278,106.52150812956089,0.3405865646630059,0.3760628468838382,1.161543617676309,0.14135206321334504,0.000306430742478684,0.32174132947389195,0.4290292031297325,1.172906541588053,0.9685592434602128,0.03217817315790095,19685.59243460193
H1,50,1.0,D1,20,long,1.0,2205,103.10795672769171,0.320108718861698,0.37606284688383773,1.1538975142037355,0.13968253968253969,0.0002947430292335152,0.3123820898101597,0.43480672770045214,1.1690634306287544,0.9372389141627191,0.031404368670579386,19372.38914162695
H1,50,1.0,D1,20,short,0.0,2172,101.7733162283515,0.2344455940750141,0.24511636680240056,1.0808544522286283,0.25920810313075504,0.00012638232881210842,0.2896472383813417,0.2724961634388833,1.1078230026129965,0.380097620221427,0.015209675509021192,13800.976202214224
H1,50,1.0,D1,20,short,1.0,2116,99.1493264913406,0.2254204814379984,0.24511636680240012,1.0786817069343009,0.2589792060491493,0.00012377258857694661,0.28198698139042816,0.27333249313838526,1.1055427798511617,0.36743171806796404,0.014771182263851879,13674.317180679678
H1,50,1.0,D1,32,both,0.0,4333,203.5534726688103,0.3258202176854608,0.3502137857701333,1.1011684498949073,0.18878375259635358,0.00017955728507980422,0.2745578031921037,0.31594653413813245,1.0922560152946212,0.663230744840505,0.02418826276520991,16632.30744840486
H1,50,1.0,D1,32,both,1.0,4202,197.39942122186494,0.27571703378339374,0.35021378577013385,1.086441900080605,0.1861018562589243,0.00015519174845634809,0.2548846320928869,0.32549760501635605,1.0864814690776046,0.6108167802526945,0.022648789497188293,16108.16780252666
H1,50,1.0,D1,32,long,0.0,2304,108.38948995363215,0.2939161659860916,0.3943525380184574,1.1369769503543186,0.1332465277777778,0.00026898773833112225,0.2592541147667818,0.35932736587916225,1.1307513266806513,0.6800350005108065,0.024707433345643626,16800.350005107834
H1,50,1.0,D1,32,long,1.0,2245,105.61389103554869,0.2542720004450935,0.39435253801845627,1.1193900528885314,0.13140311804008908,0.00023655219838431425,0.2463794279457603,0.3692783850438526,1.1251281876527512,0.6436824190945805,0.02365343577178569,16436.82419094566
H1,50,1.0,D1,32,short,0.0,2137,100.39090032154341,0.16738343897860475,0.2982136124720458,1.0579401458524733,0.24894712213383247,9.004484920654157e-05,0.14617392771007331,0.31150820487643116,1.0522981131414946,0.15126366837138772,0.006639200452524863,11512.63668371372
H1,50,1.0,D1,32,short,1.0,2065,97.00852090032154,0.13623113359357789,0.2982136124720466,1.0477402254358372,0.2460048426150121,7.516121901175924e-05,0.1358745206600216,0.31256097115706816,1.0490419109626412,0.1384698695029969,0.006110878371318185,11384.69869502983
H1,50,1.0,D1,50,both,0.0,4348,205.50038819875775,0.3264317134938977,0.3795211663417386,1.1023541746455978,0.1860625574977001,0.00018183652861812743,0.3039381373765391,0.32951905928204206,1.1069950485954578,0.8110743580934876,0.02846826108860312,18110.743580934646
H1,50,1.0,D1,50,both,1.0,4231,199.97059394409936,0.30164604138856244,0.3795211663417384,1.0954920503186205,0.18435358071377925,0.00017126481875147796,0.2948163106160941,0.3339020709668099,1.1046191649041865,0.7862082256060872,0.027796456872428044,17862.082256060585
H1,50,1.0,D1,50,long,0.0,2372,112.10830745341615,0.3398930108735027,0.34658731020162725,1.1597956709491597,0.13364249578414839,0.0003099689356174095,0.27413488593631086,0.39669272985071824,1.142097082263521,0.7338148689696893,0.02635129164814609,17338.14868969675
H1,50,1.0,D1,50,long,1.0,2304,108.8944099378882,0.3104459017579964,0.34658731020162625,1.1473294062424344,0.13194444444444445,0.000288775187362821,0.2657873673778245,0.40252639943248514,1.1388156774439404,0.71188021718785,0.025733875126911387,17118.802171878284
H1,50,1.0,D1,50,short,0.0,2052,97.73021254400835,0.017211660974928433,0.27205894459140434,1.0058382929196286,0.24561403508771928,9.251636297660693e-06,0.09693270649512946,0.29425637373772484,1.0353457679970317,0.08853202016575534,0.0040483556285260125,10885.320201657474
H1,50,1.0,D1,50,short,1.0,2002,95.34887208240971,0.016110777915387325,0.2720589445914018,1.0055300659940793,0.24325674325674326,8.841358172317753e-06,0.09648351240255093,0.2943735094883927,1.0353892679498062,0.08791827938183827,0.00402138652440609,10879.182793818292
H1,50,1.0,D1,80,both,0.0,4322,206.6785153181461,0.38299511090441735,0.2642036519387908,1.1193720694832112,0.19180934752429432,0.00021102900406739654,0.41768670298138305,0.19147867796068652,1.144969808409437,1.349786788170484,0.041699898026938964,23497.86788170477
H1,50,1.0,D1,80,both,1.0,4217,203.01294978252275,0.36630611554090103,0.26420365193879125,1.1147934653462357,0.1908940004742708,0.00020476244681381854,0.4112828628393071,0.19382067134336622,1.143173513124194,1.3288868258388615,0.041537941509877996,23288.868258388462
H1,50,1.0,D1,80,long,0.0,2295,109.99196299698202,0.3933596876671717,0.25383359556002427,1.1843717977242136,0.1363834422657952,0.0003644427000006224,0.40293184464533255,0.1989986707071737,1.2060546512521892,1.2842399197676233,0.040383212374125455,22842.399197676095
H1,50,1.0,D1,80,long,1.0,2236,107.65871341945689,0.37341087004015283,0.2538335955600244,1.176248801059128,0.13506261180679785,0.000351523696170684,0.3959929177978827,0.20257172559131353,1.2032259203350042,1.2647886777365378,0.0401448878312185,22647.886777365205
H1,50,1.0,D1,80,short,0.0,2092,100.03967007069915,0.048760627381215935,0.2659328525844097,1.0164402917110413,0.2519120458891013,2.5189959386188195e-05,0.09356980291019616,0.30225203303628445,1.0331513976160214,0.08429331260380435,0.003877505527249081,10842.933126037946
H1,50,1.0,D1,80,short,1.0,2045,98.77496032795557,0.05268146786628883,0.26593285258441024,1.017865639551138,0.25134474327628364,2.7621701865813436e-05,0.09481769267551751,0.3020439606818045,1.0335874558408213,0.08529998220911184,0.003961550303897443,10852.999822091062
H1,50,1.0,D1,120,both,0.0,4282,207.8682216905901,0.3235166469151029,0.40591560319264375,1.1008480361749586,0.18566090611863614,0.00018071921856489467,0.31919408765790586,0.35609322682614797,1.1129568935415775,0.9607429975355823,0.03322632141445925,19607.42997535555
H1,50,1.0,D1,120,both,1.0,4224,208.34787305874409,0.2877524952627952,0.4059156031926453,1.089026737588504,0.18371212121212122,0.00016050724337046495,0.3102307526647717,0.363272743610223,1.1092231134847508,0.9294126668052252,0.03294817261902816,19294.12666805203
H1,50,1.0,D1,120,long,0.0,2272,110.29346092503987,0.330834860551179,0.3414211548602919,1.153639359003599,0.13512323943661972,0.00031225228085099486,0.3041073122926479,0.3731073857417979,1.1586955331400308,0.9062565003627983,0.03181374039172158,19062.56500362775
H1,50,1.0,D1,120,long,1.0,2234,110.191559756921,0.29070772614603424,0.34142115486028923,1.1340010351498744,0.13249776186213072,0.0002744540026721964,0.2909170669665106,0.38290035786754817,1.1508871621182122,0.8555174279933244,0.03096038828706771,18555.17427993301
H1,50,1.0,D1,120,short,0.0,2056,102.12892696858425,0.035372848129690666,0.28202332458249413,1.011918364283874,0.24075875486381323,1.812283029500475e-05,0.042067149027727034,0.3356322268145173,1.0144095551568384,0.014703995891757637,0.0007253455476579074,10147.039958917489
H1,50,1.0,D1,120,short,1.0,2036,102.841792283225,0.03612992071295192,0.2820233245824959,1.0121237006740076,0.23919449901768172,1.8521798286968705e-05,0.04211936829093512,0.33572091518782854,1.014333832015407,0.014326269191390573,0.0007187676198088244,10143.262691913842
