n,ic,ic_p,spread_usd_per_oz,spread_atr,nw_t,monotonicity,net_usd_per_oz,pays_costs,decile_means_usd,timeframe,feature,horizon,fdr_significant,skipped
1443448,-0.020893119525996824,4.4457535282127665e-139,-0.022968997887007354,0.004996778258241718,-4.648845928777643,-0.17575757575757575,-0.3129689978870074,False,"[0.015117184523191137, 0.002615054210398471, 0.0025229138522293343, 0.0022722108296843084, -0.0015324782976498092, 0.008555931661292307, 0.003100440614088778, 0.0036135647234054324, 0.004975025113443161, -0.00785181336381622]",M5,ret_1,1,True,
1443446,-0.028873847228913254,8.66668467848725e-264,-0.0263047559666078,-0.008413184550401579,-4.799304718960923,-0.6727272727272726,-0.31630475596660784,False,"[0.019894419619661274, 0.008078284665211606, 0.0015257994790225436, -0.0020833419931423863, 0.0035144716120495707, 0.0033830080118791503, 0.0026004544698776063, 0.003467110048841641, -0.0028172282879792253, -0.006410336346946528]",M5,ret_3,1,True,
1443443,-0.02848220489211829,9.79303216337173e-257,-0.0232129273615297,-0.00694313970276093,-4.152723992027795,-0.28484848484848485,-0.3132129273615297,False,"[0.021362499567009714, 0.0033604444937096398, -0.00641723937260981, -0.0010335032976780513, 0.004472141934280799, 0.0007363482152523483, 0.0066933159674109595, 0.0020025771767447596, 0.0016933159674110522, -0.0018504277945199869]",M5,ret_6,1,True,
1443437,-0.026621782647167247,1.5076976318453301e-224,-0.01689373995455296,-0.010195450178761513,-2.683934169001217,-0.01818181818181818,-0.306893739954553,False,"[0.021694493709471845, 0.0038510779803801517, -0.0027109038886536326, -0.00607015185944699, -0.0010680042121599925, 0.005421807777308047, 0.0034931829518370823, 0.0023606271173526013, -0.000604943745496954, 0.004800753754918886]",M5,ret_12,1,True,
1443425,-0.02461857042412365,2.557958781514433e-192,-0.018330781541190035,-0.01438257663106925,-2.9156758456648224,-0.5393939393939393,-0.3083307815411901,False,"[0.01926764720145761, 0.004699879452965828, -0.0018521854194520797, 0.0019401837303071553, 0.003030420595387188, 0.0021826633966553276, -0.001200551468040998, 0.001268506266323633, 0.0009002923611977814, 0.0009368656602675738]",M5,ret_24,1,True,
1443449,-0.01079578025349436,1.7913159661272162e-38,0.004660847275624384,0.0020417992574847076,1.0188100386819514,0.7212121212121211,-0.28533915272437566,False,"[-0.00025383629498772935, 0.003961550452041952, -0.001379334233953222, -0.00297287748103519, 0.0014596279746443086, 0.0030579726209608534, 0.007325504866812002, 0.006303370397312191, 0.009255256503515882, 0.004407010980636655]",M5,intraday_ret,1,True,
1409255,-0.01947239902050835,3.0341063918448483e-118,-0.0036208698221500604,0.017634456351246282,-0.8951933594493141,-0.7333333333333332,-0.2936208698221501,False,"[0.002649721843778547, 0.013133772334416866, 0.006042352277932184, 0.002230928011770862, 0.0010374215354897623, 0.004929611132454954, 0.0018212794717095513, 0.0026485123550171593, -0.001667435571675505, -0.0009711479783715133]",M5,body_ratio,1,True,
1409255,-0.0012604537635903205,0.13457296179071476,-0.010186005964188904,-0.013779121200398708,-3.3289754645567897,0.06666666666666667,-0.30018600596418893,False,"[0.004275627902686263, -0.00020762375113590542, 0.007163730246546037, 0.002842570457753075, 0.00011767212299808933, 0.005370905143360264, 0.004596414783694863, 0.008676746033998314, -0.005910378061502641]",M5,upper_wick,1,False,
1409255,0.0019471002608729656,0.020808414209750187,0.007084758810500739,0.012441432059765271,1.426130296979051,0.049999999999999996,-0.2829152411894993,False,"[0.0008005364346256375, 0.003994536294614825, 0.003311768461374631, 0.006343178820093697, 0.0019618834080719068, 0.00500344081444426, 0.0004025183124184623, 0.0006797225217040837, 0.007885295245126376]",M5,lower_wick,1,True,
1409255,-0.01449551311886614,2.280740436247938e-66,0.014540912316010266,0.04243559412277246,2.840783347203133,-0.12727272727272726,-0.27545908768398975,False,"[-0.004702418954387164, 0.012987359560529951, 0.007667579727217747, 0.006024169913212862, 0.0002657200098418172, 0.0024329221997786937, 0.0032894503388807487, 0.0013045853852370845, -0.007874446525885608, 0.009838493361623103]",M5,close_pos,1,True,
1443354,-0.010005240511901135,2.7710986648476507e-33,-0.013336104644718443,-0.010028951077161556,-2.0256954729670418,-0.1515151515151515,-0.3033361046447185,False,"[0.018211257066844483, 0.0006572210482558463, 0.0019666747497139652, -0.000838183128256204, 0.0022661098171495556, 0.005178352387027123, 0.001546045338654288, -0.0033327328783729652, 0.0014924308033393582, 0.0048751524221260405]",M5,signed_vol,1,True,
1443354,0.0006199148429694111,0.45641496671186227,-0.012178601113595595,-0.010586176977746053,-1.9415842491317465,-0.09090909090909088,-0.3021786011135956,False,"[0.019429668068478755, 0.0005472722989731555, -0.0010730592025499344, -0.0005960397960315429, 0.004420687982818037, 0.00375134236325193, -0.00031925507149972927, 0.0009451622960474639, -0.0031907714691516652, 0.007251066954883159]",M5,vol_z,1,False,
1443449,0.0011479368336092836,0.1678416812105856,-0.005402057570404279,-0.008599784390639352,-0.7360451870612659,-0.34545454545454546,-0.29540205757040433,False,"[0.006232983477086205, 0.00199736741833805, 0.0028829540337385246, 0.0031897883542899843, 0.00279559388963952, 0.00349962589369837, 0.005170390384149082, 0.005274308081332979, -0.0007096885933008682, 0.0008309259066819257]",M5,atr_pct,1,False,
1443354,-0.001332712472139619,0.10935130139169394,0.004865799246203348,-0.005917766786022142,0.9996093095379964,-0.2727272727272727,-0.2851342007537967,False,"[0.006570155747699792, 0.008718952437038784, 0.002682994422697214, 0.00524789380334782, -0.0008963175944850127, 0.0012410711192710408, 0.0002097189890255808, -0.005845221186822383, 0.0018010184639901197, 0.01143595499390314]",M5,atr_ratio,1,False,
1290565,0.0014140238086100168,0.10819192764826273,0.001572420124934202,0.0007774778679720306,0.30174629729441427,0.18787878787878787,-0.28842757987506584,False,"[0.0018240635993116163, 0.005662546976096086, 0.0023280410981190575, -0.0007650167369201139, 0.0022725863939254136, 0.006476126272723411, 0.0065323311766298025, 0.0030904174124610955, 0.0016302225390525799, 0.0033964837242458183]",M5,range_expansion,1,False,
1443342,-0.0004652918637750524,0.5761635450527147,0.000643295112065503,-0.00829163509518899,0.1338896651085894,-0.06666666666666665,-0.2893567048879345,False,"[0.007888523227214544, 0.0017233638643700407, 0.004120581429185001, -0.0009543142987792461, 0.008918342178558084, 0.0018541022905207369, -0.005059376169163235, 0.003815247966522202, 0.0003316612856291787, 0.008531818339280047]",M5,rv_ratio,1,False,
1443449,-0.01743336402673797,2.0130967516781063e-97,-0.0017195607745332199,-0.008044325444727073,-0.36918080781288387,0.04242424242424241,-0.29171956077453326,False,"[0.004871592365513219, 0.007063978662232939, 0.0017157504589696056, -0.0031584744882051778, -0.0017578024870972618, 0.002179169206895127, 0.00480674772247026, 0.008617271121272032, 0.0036739755447018226, 0.003152031590979999]",M5,dist_vwap,1,True,
1443347,-0.008273541504459548,2.7898743622235746e-23,0.00414313922472018,0.0017452752841124472,1.0889293899951404,0.4424242424242424,-0.28585686077527983,False,"[0.0031934042332074832, 0.0017649218831190475, 0.0026346529577231685, -0.0023101118924725907, 0.0010122977794716178, 0.009252636246483776, -0.006166903384487468, 0.003372801973200991, 0.011074860567430065, 0.007336543457927663]",M5,dist_pdh,1,True,
1443347,-0.006924696357718677,8.842491382881314e-17,0.00903384487477038,0.007824724218462493,2.152649262438918,0.8424242424242423,-0.28096615512522966,False,"[-0.0025672220875046655, -0.00027200609692737377, 0.0018453032549503123, 0.005272664287941249, 0.000280389371947113, 0.003943838596588505, 0.004320573665431113, 0.0050764199703466255, 0.006798489624831132, 0.006466622787265714]",M5,dist_pdl,1,True,
1443262,0.0027850352903416365,0.0008203693457236593,0.013550946367957704,0.009558914205905069,3.015144660381831,0.7575757575757575,-0.2764490536320423,False,"[-0.00064088795892821, 0.0021441233087289985, -0.0015200615679013614, 0.0032198856746922275, -0.006399955655945535, 0.0024173243076581518, 0.004937225447944462, 0.0024352833688637476, 0.0116740998661336, 0.012910058409029495]",M5,efficiency_ratio,1,True,
1443449,-0.024209890985814244,4.682514127627346e-186,-0.025013414705654068,-0.013004399439015948,-6.152382666017793,-0.7500000000000002,-0.3150134147056541,False,"[0.013602730970181163, -0.00201885080672944, 0.001397305230071895, 0.00602607080474028, 0.0012632757367591933, -0.009816829706527554, -0.011410683735472906]",M5,streak,1,True,
1443449,-0.00019443129051462913,0.8152981711153442,0.0034668282064201318,-0.002837634878511599,-0.32401660645232366,0.34545454545454546,-0.2865331717935799,False,"[0.007708748202971099, -0.0009034683964926491, 0.0027147723463795386, -0.003181100078214436, 0.0004715555521113521, -0.0049161206765199585, 0.0026501438640827344, 0.0010547562853823942, 0.019453863479170823, 0.01117557640939123]",M5,hour,1,False,
1443449,,,,,,,,,,M5,dow,1,,insufficient data
1443446,-0.022973781964935807,9.657660408681282e-168,-0.038225016453635664,-0.007828963176509145,-3.90632544780258,-0.9030303030303028,-0.3282250164536357,False,"[0.027236343482628107, 0.018798018635907177, 0.017381602283433932, 0.020291593058297492, 0.007437107186046984, 0.018381960979424492, -0.0008012109959539799, 0.0029640791160068817, -0.005065745718561062, -0.010988672971007559]",M5,ret_1,3,True,
1443444,-0.03182651535039417,0.0,-0.03240340850046803,-0.01451744183430763,-2.7907124033960273,-0.8303030303030302,-0.32240340850046806,False,"[0.03545851951920752, 0.02026769384248742, 0.009738125588871417, 0.009937025875506284, 0.010998117706111518, 0.01265281343768378, 0.004869098340781048, -0.012268192650889702, -0.0013097184503689796, 0.0030551110187394875]",M5,ret_3,3,True,
1443441,-0.03182770185421157,0.0,-0.030332697080054732,-0.01343911738647025,-2.4212331882502474,-0.18787878787878787,-0.32033269708005474,False,"[0.037172676573487044, 0.008841586764950381, -0.002404256498364931, 0.0017515795599402, 0.013123926102534822, 0.006210316600979254, 0.013835905891481107, 0.004188189325500435, 0.0033916200188434803, 0.00683997949343231]",M5,ret_6,3,True,
1443435,-0.03174764626141279,0.0,-0.03456354264811789,-0.03199603629720548,-2.1079757135422827,-0.06666666666666665,-0.32456354264811793,False,"[0.04589037299783822, 0.009689905295026847, -0.0011241894363457564, -0.004068572774571925, 0.002288422102754435, 0.01148292608578161, 0.009371150661964724, 0.009346006761624828, -0.0009705354606737643, 0.011326830349720332]",M5,ret_12,3,True,
1443423,-0.03135362793173062,1.12704149144075e-310,-0.04403455657704205,-0.04581940998736149,-2.639701687109214,-0.38181818181818183,-0.33403455657704206,False,"[0.046273875421738324, 0.009613418131936695, 0.0019130260076764241, -0.00188295852904907, 0.010229869131166877, 0.007505369192611967, 0.006644427817267049, 0.006200551468040877, 0.0045079048371233655, 0.002239318844696277]",M5,ret_24,3,True,
1443447,-0.013989176417021895,2.1360740017846042e-63,0.018293879247635883,0.0064985730543181235,1.4723594743632837,0.8060606060606059,-0.27170612075236417,False,"[-0.004650871176694772, 0.007852713983858034, -0.0012947541983040112, -0.005181128546191501, 0.0010388998579794228, 0.009618896524967816, 0.019067996813190664, 0.02169906611982517, 0.031428868336277574, 0.01364300807094111]",M5,intraday_ret,3,True,
1409253,-0.02113266125978179,6.430543733925567e-139,-0.019815182093621424,0.0058373846794751655,-2.4454248392561064,-0.8909090909090909,-0.30981518209362147,False,"[0.017824137148047356, 0.025796375402693326, 0.022111483034424097, 0.022560621102929387, 0.008492757122162804, 0.010421650232638427, 0.0016971740752740585, 0.0007617661678995598, -0.014343083048839, -0.001991044945574067]",M5,body_ratio,3,True,
1409253,-0.002743467383646695,0.00112664994597777,-0.0067491468093079715,-0.017012394982454795,-1.4694962701205792,0.03333333333333333,-0.29674914680930803,False,"[0.005109650134290755, 0.009935072768170515, 0.00787570573382162, 0.01609345184470528, 0.0035129780208074993, 0.01816195774028288, 0.015737410582491305, 0.013172091835286823, -0.0016394966750172167]",M5,upper_wick,3,True,
1409253,0.0037652374550786027,7.82930852299557e-06,0.012351940004119367,0.016133360735064984,1.3635182574750049,0.19999999999999998,-0.27764805999588066,False,"[0.0008276065152680642, 0.015957070886256006, 0.010931120096474518, 0.012860246760301348, 0.003879423609722414, 0.013570597499893101, 0.008707900657974308, 0.01228032968280069, 0.013179546519387431]",M5,lower_wick,3,True,
1409253,-0.014986476562272318,8.19207012935278e-71,0.008209151915868467,0.04212047371570146,1.1456750429363018,-0.41818181818181815,-0.2817908480841316,False,"[-0.0001603887351920857, 0.03357069348531224, 0.01600576221632445, 0.021420177548804525, 0.009918175108081148, 0.018420717120059032, 0.006939121671492358, -5.0523328011443945e-05, -0.020948021997516032, 0.008048763180676382]",M5,close_pos,3,True,
1443352,-0.006465926616221595,7.960181497879956e-15,-0.011939571555260261,-0.01018266527354883,-0.8011351215935587,0.33333333333333326,-0.3019395715552603,False,"[0.03669167775191242, -0.0037664461149409492, 0.0003719125645199091, -5.715869331769214e-05, 0.004895857874108208, 0.011758090789551345, 0.0020832784840823506, 0.0008124155610214589, 0.017700557730280182, 0.02475210619665216]",M5,signed_vol,3,True,
1443352,0.0005285940969647093,0.5253956415779872,-0.03629662731404527,-0.031374588123931665,-2.188535032503671,-0.33333333333333326,-0.3262966273140453,False,"[0.05287454273362189, 0.006106834794055326, 0.00330467315619915, 0.0007719541344785438, 0.0029838916409742487, 0.011039733952263696, -0.00033990369626179417, -0.0009670558076697419, 0.0008724148681883056, 0.016577915419576622]",M5,vol_z,3,False,
1443447,0.0012418955801929527,0.1356843117669615,-0.01887173092244275,-0.029565765617038928,-0.9230402269922755,-0.406060606060606,-0.3088717309224428,False,"[0.019507153001489533, 0.004004295264816799, 0.010175552845979216, 0.009161661297585428, 0.012189753715058125, 0.011472177575790955, 0.016522913852228947, 0.010659327717120163, -0.0011055457411063962, 0.0006354220790467848]",M5,atr_pct,3,False,
1443352,-0.0025768369549889467,0.001962802592301451,0.0063255182352289566,-0.023223173229005366,0.4948538708468421,-0.34545454545454546,-0.28367448176477106,False,"[0.021438449174149235, 0.025153289222988096, 0.008980288911213651, 0.011411854366577903, 0.005701874112307989, -0.0008742855163335587, -0.00021512453666799894, -0.011544531818339504, 0.005409360169051125, 0.02776396740937819]",M5,atr_ratio,3,True,
1290563,0.0014113079805570434,0.10887136496173087,-0.00286199121318469,-0.0014671936295356826,-0.25158521973711584,-0.22424242424242422,-0.29286199121318474,False,"[0.016852476037719347, 0.011460683734193622, 0.008329252417555047, 0.005431575521842535, 0.0036927463910174877, 0.0037516853410207887, 0.025136452392759762, 0.006292152243986338, 0.0028681347632034727, 0.013990484824534657]",M5,range_expansion,3,False,
1443340,-0.001076395413198995,0.19595196943479948,0.001907935760111737,-0.025276443661646823,0.15083890124081104,-0.12727272727272726,-0.2880920642398883,False,"[0.023379522496431993, 0.008120609142682618, 0.005477572851857837, 0.005720550944337552, 0.020471060179860293, 0.002107126525974642, -0.0033780675377943735, 0.00850277827816047, -0.002455554477808389, 0.02528745825654373]",M5,rv_ratio,3,False,
1443447,-0.021708775760452166,5.431741398553705e-150,-0.0013898645606012644,-0.022907823296985475,-0.10696228370972855,0.1515151515151515,-0.2913898645606013,False,"[0.015462052720911628, 0.01656739062662378, -0.005789225738513531, -0.006817901555301529, -0.007661643977969676, 0.00873732195311225, 0.024911912432020518, 0.019040140220584142, 0.014700405279019006, 0.014072188160310363]",M5,dist_vwap,3,True,
1443345,-0.012493475080940378,6.300931251869582e-51,0.014497523123289509,0.0073854067160226845,1.399687187631149,0.5030303030303029,-0.27550247687671053,False,"[0.009612567984203377, 0.0030477226433134465, 0.0017491252987842727, -0.0011577313730655825, 0.0008864793709079256, 0.01732883450884771, -0.012062299943187513, 0.02116562164409193, 0.028540468635249037, 0.024110091107492886]",M5,dist_pdh,3,True,
1443345,-0.00961900163144977,6.847537582707381e-31,0.03066511934042322,0.026902120257291284,2.655364617557607,0.8545454545454544,-0.2593348806595768,False,"[-0.011384972459902266, 0.0035967963196472173, -7.946790452734371e-05, 0.014693003727465464, 0.004974053417396697, 0.011800268820929556, 0.00991394958914718, 0.021144074548792687, 0.019283190377873783, 0.019280146880520953]",M5,dist_pdl,3,True,
1443260,0.0033074416254494847,7.084574568682731e-05,0.023017497116288362,0.014691744397729458,2.1825725075693057,0.5151515151515151,-0.26698250288371167,False,"[0.004429601812525309, 0.002305806755390679, 0.005472609910490833, 0.006820225731131653, 0.002909555781902565, 0.0012661437836041078, 0.015255394038496498, 0.0030619618483348674, 0.024301052894419584, 0.02744709892881367]",M5,efficiency_ratio,3,True,
1443447,-0.02647019131719853,5.054544242565142e-222,-0.05185757768602054,-0.037029351331702064,-5.85100579686079,-1.0,-0.3418575776860206,False,"[0.031958456690209025, 0.009949177827965635, 0.00615059280316117, 0.004517918537506645, -0.0009519901999287393, -0.010659562786983098, -0.019899120995811516]",M5,streak,3,True,
1443447,-0.0003937598030923021,0.636158550684922,0.010195665569178534,-0.009992148572677963,-0.3587557235018728,0.38181818181818183,-0.2798043344308215,False,"[0.022909003780416364, -0.003331186949989114, 0.011260065322284962, -0.011391180934325739, -0.0008927395168977521, -0.008029178729239717, 0.002570371610821044, 0.005454970747938194, 0.056338340397609446, 0.0331046693495949]",M5,hour,3,False,
1443447,,,,,,,,,,M5,dow,3,,insufficient data
1443443,-0.01834190261551321,1.2338117325129559e-107,-0.04045924694308846,-0.008619906700894353,-2.683594548453805,-0.7454545454545454,-0.3304592469430885,False,"[0.03642606255845377, 0.0193730948290195, 0.02161988028598347, 0.02966732250734319, 0.013326520300000696, 0.036607555350226195, 0.016604015407637496, 0.012390954940974669, 0.009571786842542769, -0.004033184384634686]",M5,ret_1,6,True,
1443441,-0.02695048677650563,4.4559269685720935e-230,-0.021038136939588867,-0.008996433178056342,-1.1375281897843417,-0.8424242424242423,-0.3110381369395889,False,"[0.04116159201912079, 0.02845404034805722, 0.02645852962367704, 0.022394626725045465, 0.016784791065378484, 0.022120595786804323, 0.010432577730976004, -0.005313071551293841, 0.004367067560826374, 0.020123455079531925]",M5,ret_3,6,True,
1443438,-0.02967635702273677,1.5389617279712578e-278,-0.030877972066729206,-0.018107563074243865,-1.448659106514285,-0.24848484848484845,-0.32087797206672924,False,"[0.055789295017458086, 0.01955044892756214, 0.008374231003713336, 0.012384389960025602, 0.02419217347292145, 0.004892227066670917, 0.022542624166048856, 0.005324086903508279, 0.0076903092612092, 0.02491132295072888]",M5,ret_6,6,True,
1443432,-0.0323637204321551,0.0,-0.04389617857340742,-0.0520701895707507,-1.5843634145555237,-0.309090909090909,-0.3338961785734075,False,"[0.06477976223466148, 0.025580180542180916, 0.013959388401239016, -0.0014297887670337627, 0.009465786356110239, 0.016755921658826643, 0.017329555295372442, 0.013527569747060632, 0.005588494073144592, 0.020883583661254056]",M5,ret_12,6,True,
1443420,-0.03277177632154459,0.0,-0.06203447368056382,-0.06648204648658104,-1.9965551377760218,-0.32121212121212117,-0.35203447368056384,False,"[0.07926521733106084, 0.019484488229344114, 0.0027269956076544236, 0.008868104917487577, 0.014749414584805396, 0.019734173005778115, 0.012197142896731185, 0.006828365964168331, 0.005375704923029859, 0.017230743650497028]",M5,ret_24,6,True,
1443444,-0.014270859065424786,6.691996095061335e-66,0.0513378364335447,0.02406878347366985,2.1173036109821974,0.8424242424242423,-0.23866216356645534,False,"[-0.011637950743011521, 0.0088700604112396, 0.0030376738901512924, -0.0008618241019777567, -0.001525314526408879, 0.01773714182785545, 0.02773126883508251, 0.04553275508507474, 0.05783766557667781, 0.039699885690533177]",M5,intraday_ret,6,True,
1409250,-0.01691868885788679,9.801923944101789e-90,-0.015401530437813088,0.010866462852664967,-1.2463501862345217,-0.7575757575757575,-0.30540153043781315,False,"[0.02190375158770175, 0.033113761832451065, 0.02054360311475945, 0.03163904919718879, 0.018895762916465123, 0.020423873512388523, 0.0233813942355079, 0.0072682607035567505, 0.002930213412253497, 0.006502221149888664]",M5,body_ratio,6,True,
1409250,-0.003567183281065352,2.2887893967224204e-05,0.007522686024291179,-0.014758875860417497,-0.28267327761494865,-0.06666666666666667,-0.28247731397570885,False,"[0.012001312755011621, 0.021085526549206302, 0.02174121201804388, 0.03434018344198373, 0.005648728109421344, 0.025895996821297364, 0.014628103865505414, 0.019601904275396233, 0.0195239987793028]",M5,upper_wick,6,True,
1409250,0.0025837784914713234,0.0021603571656060565,0.019981438858898234,0.018363339758393667,0.9228493334970812,0.19999999999999998,-0.2700185611411018,False,"[0.007680097636778352, 0.030156744483077192, 0.023561183230474708, 0.023534383024351447, 0.013102025077833344, 0.012752245413397117, 0.026601436622517675, 0.01370094266684566, 0.027661536495676587]",M5,lower_wick,6,True,
1409250,-0.011727559268153179,4.626528732978298e-44,0.012273140052189178,0.047242888625141456,1.2260764030278386,-0.41818181818181815,-0.2777268599478109,False,"[0.005738384053344631, 0.04376369960249877, 0.028074985454184586, 0.023187788729696027, 0.016702307140748527, 0.020774354823690593, 0.01909984458054448, 0.016058004129973484, -0.004874474909173621, 0.01801152410553381]",M5,close_pos,6,True,
1443349,-0.0034914383703827153,2.7334825978781465e-05,0.0028478193092452003,-0.00042451284202068423,0.12198567608346234,0.41818181818181815,-0.2871521806907548,False,"[0.05376097273703564, -0.0009188346554891423, 0.00860089375411376, 0.004559808778189599, 0.012216701291469333, 0.011436141504342419, 0.0032192468909132263, 0.014144940589600688, 0.022561471576541182, 0.05660879204628084]",M5,signed_vol,6,True,
1443349,-0.0011863104992774572,0.15409179557463404,-0.07080611078394003,-0.06200393742102953,-2.5386731586381175,-0.34545454545454546,-0.3608061107839401,False,"[0.10058315723836912, 0.012392420410850084, 0.00973741642706177, 0.006927495063567144, 0.0052797311809334516, 0.01752636246483829, 0.002329164790244964, 0.008436484567153194, -0.006569647001767164, 0.029777046454429097]",M5,vol_z,6,False,
1443444,0.0007308786121524016,0.37988843507098313,-0.04121784613252973,-0.06605934791166708,-1.0328131653613952,-0.5878787878787878,-0.33121784613252975,False,"[0.04193432401537989, 0.008679889707920073, 0.020510793659590996, 0.012167376770930376, 0.027519536662417788, 0.02828687025439227, 0.03230724999133997, 0.007152704650002794, 0.007145915313418087, 0.0007164778828501532]",M5,atr_pct,6,False,
1443349,-0.004943094531171348,2.8739925207379113e-09,0.008701908753940786,-0.050497358774207135,0.38643795017028265,-0.29696969696969694,-0.28129809124605926,False,"[0.043781272733571255, 0.04876641147330865, 0.023180309696192943, 0.029371046523712207, 0.0012443274327085775, 0.005787686892901023, -0.005039318252675925, -0.02344081477119216, 0.010285447050264726, 0.05248318148751204]",M5,atr_ratio,6,True,
1290560,0.001692527184317074,0.054510439922038925,-0.0037432587403911782,-0.0066005736163984655,-0.20168826463479606,-0.01818181818181818,-0.2937432587403912,False,"[0.031893519092486375, 0.013862509298289907, 0.03285519464418515, 0.004871147200570448, 0.005511534020906424, 0.013199823329769397, 0.036766417418929546, 0.010938042400197951, 0.01965759050334737, 0.028150260352095197]",M5,range_expansion,6,False,
1443337,-0.0015592551566359684,0.061030770268892434,0.01911988859173827,-0.04442499036391114,0.853016597741832,-0.23636363636363633,-0.27088011140826174,False,"[0.041818351878282645, 0.019657530450205334, 0.014296314772089543, 0.007652597447587039, 0.03670167805229509, -0.000515474631580928, -0.0014225338451091057, 0.01774680772934797, -0.010426164313328816, 0.060938240470020916]",M5,rv_ratio,6,False,
1443444,-0.02225614062194233,1.5064066259233355e-157,0.011994734836676332,-0.01872569968474757,0.5149526225304859,0.5272727272727272,-0.2780052651633237,False,"[0.024777858602653136, 0.03290105581111802, -0.021200396275563867, -0.01081589247982269, -0.0017343983816439825, 0.017885052374882384, 0.03680113616682231, 0.040200008313473645, 0.030834118494706995, 0.03677259343932947]",M5,dist_vwap,6,True,
1443342,-0.01446446471573526,1.2030051924877307e-67,0.039241833235182044,0.023651846598579915,1.9663362956846235,0.5393939393939393,-0.250758166764818,False,"[0.016371566148196876, 0.006709229980462033, 6.117754652396786e-05, -0.0009571549323098829, 0.001333642800726133, 0.029233513932961107, -0.015931450663045566, 0.04626574473097125, 0.047717862735045295, 0.05561339938337892]",M5,dist_pdh,6,True,
1443342,-0.009601341765094857,8.765452064639546e-31,0.061412339349430134,0.05953166994819119,2.7679594317082756,0.8666666666666665,-0.2285876606505699,False,"[-0.0216139536494959, 0.014537669571964822, -0.011168401069740994, 0.020760804799977946, 0.018228622500588862, 0.02088419914919566, 0.018156705973644268, 0.041374520210068336, 0.045459351227015235, 0.039798385699934234]",M5,dist_pdl,6,True,
1443257,0.0020784862866155044,0.012524783914909809,0.028560223685695278,0.011949071356036591,1.687809313781964,0.5393939393939393,-0.26143977631430476,False,"[0.01142183082977653, 0.008220500356606571, 0.010959773143269408, 0.016347373015817495, 0.0083635431390482, 0.019749592932617445, 0.025391266992780197, 0.007516611755585626, 0.03849223854509159, 0.03998205451547181]",M5,efficiency_ratio,6,True,
1443444,-0.020994925433768387,2.0369821166904747e-140,-0.02722455833889463,-0.026920005341688855,-3.256129450591215,-0.8214285714285715,-0.3172245583388947,False,"[0.03896590103254042, 0.015287134446482149, 0.012251265340081585, 0.01350764716466677, 0.00870600371605603, 0.011111249750449654, 0.01174134269364579]",M5,streak,6,True,
1443444,-0.0012350096291575071,0.13786675956303376,0.015266626821485246,-0.023204147431563252,-0.5588118423969914,0.35757575757575755,-0.27473337317851476,False,"[0.04538054416697725, -0.004503827716963391, 0.021283138587697554, -0.02417354280297723, 0.007341232631489184, -0.018816623495352756, 0.0003984806734970504, 0.011860147285314043, 0.1170581871708019, 0.0606471709884625]",M5,hour,6,False,
1443444,,,,,,,,,,M5,dow,6,,insufficient data
1443437,-0.013450225090787981,9.619053015874224e-59,-0.05989719004600122,-0.02436158455872294,-2.2505791459682136,-0.5272727272727272,-0.3498971900460013,False,"[0.07420703319847022, 0.02203943357534804, 0.04046250943932165, 0.04518081804577908, 0.039540120250038446, 0.051740142509373824, 0.026241547968741067, 0.027837234919601207, 0.03342847641744729, 0.014309843152468995]",M5,ret_1,12,True,
1443435,-0.021203798362181645,3.4805028628474563e-143,-0.04620621570692257,-0.03749700162624231,-1.3780843137581151,-0.8545454545454544,-0.3362062157069226,False,"[0.07682009643629104, 0.045758713619642, 0.05545045169872017, 0.03849393458636671, 0.03613468524711574, 0.02172448727070256, 0.02629943952945415, 0.020398561769107156, 0.01911086786335326, 0.030613880729368468]",M5,ret_3,12,True,
1443432,-0.026184118878398933,2.724170651113763e-217,-0.04792966801529626,-0.04927778642199017,-1.4285256518735532,-0.6606060606060605,-0.3379296680152963,False,"[0.08322368785678627, 0.06300825117948239, 0.03460749741934183, 0.030111054917799546, 0.04468428869220074, 0.026264644525131664, 0.02863831290744962, 0.009201416071440737, 0.016541224721669426, 0.03529401984149001]",M5,ret_6,12,True,
1443426,-0.03207554563638441,0.0,-0.05933921284717568,-0.0801603927390986,-1.2725472184531263,-0.6606060606060605,-0.34933921284717573,False,"[0.10635978190837082, 0.08189846407515408, 0.047283465657951745, 0.022569158185710432, 0.029095343004807914, 0.022455539929196442, 0.03145044408418867, -0.005907525823905763, -0.009900306217178736, 0.047020569061195144]",M5,ret_12,12,True,
1443414,-0.03206347576553709,0.0,-0.08330285017527769,-0.09657326660284823,-1.6745647248622526,-0.4666666666666666,-0.37330285017527776,False,"[0.12862229981571527, 0.0775167831731802, 0.021716837211880585, 0.019980740186501426, 0.008078092849571231, 0.02618355145107771, 0.019928018179046828, 0.009583209205977194, 0.015423892033448855, 0.04531944964043757]",M5,ret_24,12,True,
1443438,-0.013449652781745603,9.726072205422796e-59,0.13590027988693718,0.07642826458637654,2.800764985740427,0.8666666666666665,-0.15409972011306286,False,"[-0.020646441833398064, 0.029441611705370335, 0.005349581555174019, -0.0027981266843562125, 0.007259463503852202, 0.024671617801917248, 0.041626888730316114, 0.07839383694507558, 0.09374404201075198, 0.1152538380535391]",M5,intraday_ret,12,True,
1409244,-0.013022504751479402,6.473573269623478e-54,-0.028055200508625887,-0.004154070193813447,-1.402193023155496,-0.8303030303030302,-0.3180552005086259,False,"[0.055434160948576706, 0.05156933426053367, 0.036646394745743424, 0.04666202404165515, 0.03373503138580362, 0.039950740177916465, 0.036796558740082114, 0.01792194974353045, 0.028573091445929746, 0.02737896043995082]",M5,body_ratio,12,True,
1409244,-0.00436396805116732,2.212259301692847e-07,0.0026645403892656613,-0.022838945168869397,-1.3305650293713385,0.0,-0.28733545961073437,False,"[0.038715203122228356, 0.03289137561557103, 0.042160837524027175, 0.056924053685942215, 0.01998700422540234, 0.027632755293182893, 0.040499244214515444, 0.034893505314091605, 0.04137974351149402]",M5,upper_wick,12,True,
1409244,0.0007418882421486737,0.3784766337147381,0.00889181411570674,-0.0004097375471277531,-0.898555852929946,-0.3,-0.2811081858842933,False,"[0.0307753139856667, 0.05236308805790157, 0.04492764417961275, 0.0423688053331453, 0.03417583045328614, 0.03857485420775532, 0.03428909094780799, 0.025854110070008134, 0.03966712810137344]",M5,lower_wick,12,False,
1409244,-0.008963813654404391,1.9146119091509158e-26,0.01896902871494127,0.04618083148064495,1.2079580936157222,-0.28484848484848485,-0.27103097128505876,False,"[0.029238845144356988, 0.06588363063338047, 0.047333238727073124, 0.05463936473693902, 0.030492924578040852, 0.03914592480642871, 0.025372987090409683, 0.03184070846697497, 0.0017552349798122143, 0.048207873859298256]",M5,close_pos,12,True,
1443343,-0.0011031328557917321,0.18507353766118137,0.022340388679114684,0.013447766736856173,0.6202754610129148,0.2606060606060606,-0.26765961132088534,False,"[0.07817258461218696, 0.021226252996521762, 0.01967679133121762, 0.01017764352127705, 0.028754517757800177, 0.010043373304810262, 0.012767608463701768, 0.029885612537586603, 0.055561198331647806, 0.10051297329130164]",M5,signed_vol,12,False,
1443343,-0.005057411750685539,1.2324186335264377e-09,-0.13118855440468347,-0.1084391912401349,-2.944816139142609,-0.6121212121212121,-0.4211885544046835,False,"[0.17296442304361392, 0.046494727507032284, 0.03419547715714948, 0.03363386312303371, 0.01309377489867353, 0.03052302298834648, -0.009161181703548724, 0.011233319938475836, -0.0024746075075866673, 0.041775868638930444]",M5,vol_z,12,True,
1443438,-0.001310635132878178,0.11534006383105752,-0.0946191043618025,-0.12740111510435606,-1.2265071147485154,-0.4545454545454545,-0.3846191043618025,False,"[0.08207081693731656, 0.027223161336806467, 0.041728717508174896, 0.02117303921908208, 0.05405745995677008, 0.06389735631546838, 0.06480064845541533, 0.0007026270575843789, 0.029191099041179825, -0.012548287424485941]",M5,atr_pct,12,False,
1443343,-0.009491353338172921,4.035651784723441e-30,-0.0059194235632382824,-0.1111864599999052,-0.14474172789983777,-0.5030303030303029,-0.2959194235632383,False,"[0.08795482731146306, 0.09659013122341245, 0.04144318040101433, 0.069559078249061, 0.008656597498874164, 0.014134438178114604, -0.021613479845359093, -0.023082364515637204, 0.016601216622556106, 0.08203540374822478]",M5,atr_ratio,12,True,
1290554,0.002123343555231247,0.015857760947839184,0.0014733321067223679,-0.016931449287610492,0.047056249677226894,0.23636363636363633,-0.2885266678932777,False,"[0.055587091275375325, 0.027629541809052693, 0.04030320406028421, 0.02918093629418444, 0.017972197038379944, 0.03099253794952561, 0.06246203198611451, 0.02741102630661288, 0.0467219402580293, 0.05706042338209769]",M5,range_expansion,12,True,
1443331,-0.004059564703510719,1.0764344603146105e-06,0.04463692206461185,-0.07580777047332107,1.1433402176504883,-0.35757575757575755,-0.2453630779353882,False,"[0.06087235162886109, 0.06336922256171457, 0.02898450111894028, 0.03228270735036362, 0.053052940076073876, 0.012386702971600421, 0.005140958755100986, 0.01595421698433481, -0.005175531583213943, 0.10550927369347295]",M5,rv_ratio,12,True,
1443438,-0.021128915226976595,3.442917272870315e-142,0.052374951504739184,0.007600377428077079,1.2429599713109463,0.4545454545454545,-0.23762504849526084,False,"[0.03902302832123235, 0.0657094856731142, -0.026600967134068416, -0.008043202649245044, 0.004899684088011556, 0.033058873247243, 0.05558184324837343, 0.06425483567034336, 0.05301481183838586, 0.09139797982597153]",M5,dist_vwap,12,True,
1443336,-0.015797089474194528,2.5140598221053877e-80,0.09321483503540409,0.06344595112068913,2.374286729124332,0.5151515151515151,-0.19678516496459594,False,"[0.0243591253620076, 0.014560741058932744, 0.017501818710897794, -0.00509658154003926, 0.009750715359619513, 0.032727493175551445, -0.007405167217476706, 0.08786231934263611, 0.08048325746710741, 0.11757396039741169]",M5,dist_pdh,12,True,
1443336,-0.007659885497244291,3.492916470301992e-20,0.10673909127440522,0.13208190905650136,2.513918446708204,0.8060606060606059,-0.1832609087255948,False,"[-0.029655382654121695, 0.04538216913547721, -0.040726445095716046, 0.013828204026771542, 0.03608294707378054, 0.03578727119043315, 0.04611530280670394, 0.09066671747474615, 0.09775345901491701, 0.07708370862028352]",M5,dist_pdl,12,True,
1443251,0.0030114986279261703,0.0002970255310393482,0.03451030957614497,0.0156143485578654,1.2327364706358674,0.6484848484848483,-0.25548969042385505,False,"[0.0234765256914803, 0.018348670862848807, 0.033269685435169935, 0.039601466094824574, 0.015215595789940396, 0.03204977551133564, 0.04489312315953556, 0.03081466818018196, 0.07668060844413972, 0.05798683526762527]",M5,efficiency_ratio,12,True,
1443438,-0.015597896504703963,2.2957879444868104e-78,-0.01676151347676863,-0.023759039717876317,-2.823347641205853,-0.3571428571428572,-0.30676151347676867,False,"[0.060364840714099394, 0.03442953501326409, 0.023026531697057526, 0.0308264243182568, 0.029710390424889557, 0.013935541026153542, 0.04360332723733076]",M5,streak,12,True,
1443438,-0.003424099067956815,3.891489509097361e-05,0.02132769538002703,-0.05937267436403908,-0.7022395105285049,0.32121212121212117,-0.268672304619973,False,"[0.08699723124434247, 0.007098964171297507, 0.026666069048305638, -0.04626383644378137, 0.03846668888182805, -0.058136522931586124, 0.007227761962032078, 0.02558448931103911, 0.23534658118521298, 0.1083249266243695]",M5,hour,12,True,
1443438,,,,,,,,,,M5,dow,12,,insufficient data
492961,-0.03418768928065469,2.1583179861275628e-127,-0.04541642788255278,-0.009299589787747652,-3.4820989089897565,-0.8787878787878788,-0.3354164278825528,False,"[0.04177110168975785, 0.023374107432651867, 0.015257221681273244, 0.0024588201882498883, 0.007894503860047078, 0.004361050432139475, 0.002935532294709544, -0.00829073352807489, -0.006880679974034795, -0.003645326192794931]",M15,ret_1,1,True,
492959,-0.034502240379153316,1.0353278263294117e-129,-0.022495334307043417,-0.0024754143780203915,-1.663729499787432,-0.5515151515151515,-0.31249533430704346,False,"[0.03254401979876658, 0.017816455696202382, 0.010979592664719515, -0.010998661148977467, 0.008218179663426958, 0.010783103642391023, 0.0007674050632910801, 0.008298239208049764, -0.008642486205777225, 0.010048685491723164]",M15,ret_3,1,True,
492956,-0.03348172306718285,2.9107170268037204e-122,-0.04126217137293121,-0.01615640587316991,-2.369514361137237,-0.33333333333333326,-0.33126217137293124,False,"[0.047295520934761255, 0.019317388834794176, 0.0026442844101834426, -0.005168370658877181, -0.0017711735470127155, -0.0021646786757547986, 0.01723318795009704, -0.0017664719246997633, -0.0018975555330154282, 0.00603334956183005]",M15,ret_6,1,True,
492950,-0.02793859615642125,1.0522032280281649e-85,-0.03202758900497024,-0.009731274670206125,-1.8831992859067384,-0.34545454545454546,-0.3220275890049703,False,"[0.036906785678060716, 0.022596003651485962, -0.003355309869154871, 0.008211177604219811, -0.010036109138858433, -0.004604118064712748, 0.018776752206106213, 0.00037711735470130956, 0.005995131352064301, 0.004879196673090472]",M15,ret_12,1,True,
492938,-0.020063760170231655,4.49768799389754e-45,-0.009225260680813158,-0.0018571887858437443,-0.7615463633594362,0.07878787878787878,-0.2992252606808132,False,"[0.020660932364993546, 0.007462571509717391, 0.011556376029537038, -0.007689327084981188, -0.0080299833651161, 0.001715624619629618, 0.016378187572271906, 0.005174666287986548, 0.02108370187041005, 0.011435671684180387]",M15,ret_24,1,True,
492962,-0.015560852628554564,8.648290718164096e-28,0.017299835689798704,0.006632365562845745,1.4089564921520976,0.6363636363636362,-0.27270016431020133,False,"[-0.004939245795890372, 0.013995253164557046, 0.001327693930542261, -0.013788542680948018, -0.00020204479065228024, 0.010706345342421068, 0.014968354430380127, 0.019665287244401093, 0.025647111327491024, 0.012360589893908331]",M15,intraday_ret,1,True,
487771,-0.03129057022101504,6.408022774904685e-106,-0.04752652994939618,-0.006067474724443447,-4.3540206537450645,-0.8545454545454544,-0.3375265299493962,False,"[0.0401285310155381, 0.03057859881491839, 0.016965764657646595, -0.001132570631893309, 0.005623842214231062, -0.0019777840534692527, 0.004347300233692938, 0.00035307143442869386, -0.00829868798687935, -0.0073979989338580745]",M15,body_ratio,1,True,
487771,-0.001999009781391574,0.16267886579507035,-0.002207211133000554,-0.005020374821963571,-0.6225176894859742,-0.2333333333333333,-0.2922072111330006,False,"[0.005436112961918941, 0.014000966125234562, 0.002972572120908411, 0.013933001209586342, 0.01287966379663825, -0.00261084349697682, 0.011855185990239192, 0.012837317043170855, 0.0032289018289183872]",M15,upper_wick,1,False,
487771,-0.0004739682246909149,0.7406282891360272,-0.017565410865352366,0.0012017004721031625,-1.9842325471362767,-0.5,-0.3075654108653524,False,"[0.007270928790348085, 0.028179674846751213, 0.01178211935464062, 0.018503741670938316, 0.008743003587903702, -0.004198864451595702, -0.00012590481268084347, 0.012874821901078979, -0.010294482075004281]",M15,lower_wick,1,False,
487771,-0.026305904844251427,2.0702429904098982e-75,-0.028170081557813583,0.008792337015945015,-2.866910715637266,-0.8303030303030302,-0.3181700815578136,False,"[0.01793185452458098, 0.03161251306861268, 0.035081089947307166, 0.004775415650177509, 0.0020482223130356535, 0.018876325960036043, -0.004738947584367358, -0.0026205794369545047, -0.01251969311561515, -0.010238227033232603]",M15,close_pos,1,True,
492867,-0.009334201790006918,5.633413702739972e-11,-0.008303406577800834,0.005312939214236718,-0.4488700209663419,-0.11515151515151514,-0.29830340657780086,False,"[0.031379268366912856, 0.0119556881124853, -0.0023487400073043513, 0.009203035283137373, -0.0002601979730534749, -0.0011254838052547175, 0.004794570576419711, -0.000226636367325692, 0.003146468642846443, 0.023075861789112022]",M15,signed_vol,1,True,
492867,0.000556339276870773,0.6961120175816329,-0.03271471179012684,-0.01040364879489181,-1.8534823806183185,-0.32121212121212117,-0.3227147117901269,False,"[0.04328605920425256, 0.016067725769473306, 0.0005307795317131693, 0.00377503195568734, 0.0061241300951569155, -0.009414438177170113, 0.005206038103353428, 0.0023290589619774406, 0.0012938503053541185, 0.010571347414125723]",M15,vol_z,1,False,
492962,0.003080663011906322,0.030543353395154377,-0.013431446132624668,-0.005683927242776071,-0.9088431743075549,-0.05454545454545454,-0.3034314461326247,False,"[0.0022204190924396327, 0.01832968192145423, 0.006348993833171026, 0.014706467056150712, 0.004471965271015616, 0.0074466488153198535, 0.008453829925348686, 0.015848953261928207, 0.01312520285621548, -0.011211027040185034]",M15,atr_pct,1,True,
492867,0.002341075814481486,0.10027159741248635,0.0011899689573314281,-0.0006772777255797694,0.09933802929570554,0.09090909090909088,-0.2888100310426686,False,"[0.004790715604520547, 0.011157708929332507, 0.004178062735868145, 0.007796173433156521, 0.01756629537200506, 0.002551840279186327, 0.007335605737821422, 0.008028649109280594, 0.010384279830381335, 0.0059806845618519755]",M15,atr_ratio,1,False,
447675,0.0035468774131245974,0.017636430775640484,0.0008544049320934402,0.0014718094908083984,0.06509999488224696,0.12727272727272726,-0.2891455950679066,False,"[0.015619639027877923, 0.014230348247592858, 5.739938357076761e-05, 0.009465606219700122, 0.014162571479627389, -0.01242589407375935, -0.004922152478388127, 0.0016900464617585886, 0.02349185784171374, 0.016474043959971364]",M15,range_expansion,1,True,
492855,0.0017604886098811798,0.21648652695277398,-0.00734934869942756,-0.011492758562314753,-0.4506806759461251,0.18787878787878787,-0.2973493486994276,False,"[0.027723897252769324, -0.0004956883433086948, -0.00126141297731618, 0.005921477122856721, 0.010565069188004404, 0.00881606979811308, -0.01408927665618313, 0.00774662175871432, 0.014460180582327143, 0.020374548553341764]",M15,rv_ratio,1,False,
492962,-0.023773291377260503,1.4531010521299554e-62,-0.004321155445564854,-0.003205036003321126,-0.33331640936505097,0.05454545454545454,-0.29432115544556486,False,"[0.019932653102622808, 0.017323312236287296, -0.002314589419019865, -0.008616317753976203, -0.017188209996754685, 0.010926850048685618, 0.017353132099967566, 0.02098831548198639, 0.005723588120740501, 0.015611497657057953]",M15,dist_vwap,1,True,
492919,-0.01354754379229319,1.8721559863582215e-21,0.0094325651221293,0.009116372649862666,0.8385610595137989,0.4545454545454545,-0.2805674348778707,False,"[0.005279152803700315, -0.0006319483891907841, 0.005244055830560816, 0.012113730422786224, 0.0043962509129272, 0.0001107707289365495, -0.0008682950580215478, 0.015267791933782159, 0.024114055019070223, 0.014711717925829615]",M15,dist_pdh,1,True,
492919,-0.010624645815751177,8.680980247843444e-14,0.016484419378398084,0.013609305002006338,1.4195732097872196,0.6848484848484848,-0.273515580621602,False,"[-0.0058433417187372435, 0.0007997240931587347, -0.006134666883063729, 0.020200032459628453, 0.004057250669479657, 0.004389239414903105, 0.015335145662582221, 0.011843706889555933, 0.024449200681652423, 0.01064107765966084]",M15,dist_pdl,1,True,
492928,0.0049523787348724445,0.0005070204941842118,0.0326783908104256,0.012667459494535164,2.040740828569475,0.8787878787878788,-0.2573216091895744,False,"[-0.016009086852460493, -0.00289201363525724, 0.01126224818939787, 0.006168546620141868, 0.0036645433521313915, 0.007830073845654617, 0.013804674186480981, 0.02303714523360391, 0.016205140689347343, 0.016669303957965113]",M15,efficiency_ratio,1,True,
492962,-0.031951636676019204,1.627272482724157e-111,-0.06436052227795046,-0.02711820980236237,-5.218154129922596,-0.8571428571428572,-0.3543605222779505,False,"[0.044452446388092016, 0.0062710011604244255, 0.014234217051306683, 0.008476261127596458, -0.0036708790291155023, 0.00552817430503336, -0.0005554371002129306, -0.019908075889858445]",M15,streak,1,True,
492962,-0.0014429776390358453,0.31099776748788815,-0.004154118684964205,-0.00856680113658489,-1.5198321626581275,0.24848484848484845,-0.2941541186849642,False,"[0.023482022419647582, -0.00301490043169478, 0.01289367274732321, -0.009911345082780148, -0.0025842234064450908, -0.009954356657081517, 0.0008703095042454095, 0.008176220905825803, 0.0460131787429893, 0.019327903734683377]",M15,hour,1,False,
492962,,,,,,,,,,M15,dow,1,,insufficient data
492959,-0.025567574890319706,4.4535393410801256e-72,-0.04145731905225588,-0.005891241158995687,-1.665343181410052,-0.8666666666666665,-0.3314573190522559,False,"[0.055029211295034214, 0.03851732392080554, 0.04979328951639077, 0.026080412203829378, 0.029622310756972477, 0.01162622281318286, 0.021936871145731823, -0.011932814021421973, 0.002243184031158351, 0.013571892242778336]",M15,ret_1,3,True,
492957,-0.03162000117003439,2.993163671183299e-109,-0.04286088120740006,-0.017329544195219905,-1.3559647941489683,-0.8303030303030302,-0.3328608812074001,False,"[0.06444904251866242, 0.04470666991236629, 0.0416423572370432, 0.02257830249918958, 0.04148734864795385, 0.010790384455007358, -0.00947683382018852, 0.01726239983771213, -0.016736652061019427, 0.02158816131126236]",M15,ret_3,3,True,
492954,-0.03482237539830623,4.304111386719254e-132,-0.08176140051931104,-0.02655656063619581,-1.831452564874234,-0.7696969696969697,-0.37176140051931106,False,"[0.10383053391755859, 0.0449100314433512, 0.023828785880921056, 0.013760548523206862, 0.02347580890556829, 0.01745694289481705, 0.012364086335605531, -0.0033599756567596574, -0.019211481894715984, 0.022069133398247554]",M15,ret_6,3,True,
492948,-0.02875702669335211,1.0941374827941484e-90,-0.03625154681002133,-0.003261041328697468,-0.9398146603767715,-0.4545454545454545,-0.3262515468100214,False,"[0.057783345166852525, 0.07455867735064377, 0.01946850593366485, 0.034082849839737, -0.021953544984278008, -0.004749568921796813, 0.03841542581247127, 0.006429658180342807, 0.01354559285931682, 0.021531798356831194]",M15,ret_12,3,True,
492936,-0.020469887538998637,7.61658590623199e-47,0.009073518075222359,0.009981733623908178,0.29513675274872303,0.1515151515151515,-0.28092648192477765,False,"[0.03063841441148997, 0.04525682638860738, 0.02241758464690699, -0.006986651519454866, -0.014304059399914637, 0.01686168702073295, 0.022419207595398935, 0.020643486022639716, 0.062445377639827264, 0.03971193248671233]",M15,ret_24,3,True,
492960,-0.014709284437537423,5.260051124590191e-25,0.07662650113599462,0.0336318266466666,2.366422626992698,0.8545454545454544,-0.21337349886400542,False,"[-0.01673989776046745, 0.02705736773774757, -0.003241033755274372, -0.012544425511197667, -0.0014642161635830702, 0.026459753326841876, 0.034690644271340235, 0.052463688737423124, 0.07253590555014633, 0.05988660337552716]",M15,intraday_ret,3,True,
487769,-0.02414213638548468,8.36452019267717e-64,-0.043124078868280125,-0.004525307905646071,-2.199225059670103,-0.9393939393939393,-0.33312407886828016,False,"[0.04952215981304614, 0.06698659066677613, 0.038276137761377046, 0.022786525607906213, 0.0202996676413434, 0.008366986726913786, 0.014527489647820411, 0.003253301074386847, 0.007713407134070721, 0.006398080944766017]",M15,body_ratio,3,True,
487769,-0.00483313801329089,0.0007368251310310484,-0.015065670829106339,-0.01697909215808751,-2.0860521973610813,-0.31666666666666665,-0.30506567082910635,False,"[0.033420464563216366, 0.026004669605297723, 0.01909214346890615, 0.027298111814994475, 0.016726732267322564, 0.010158248606099965, 0.013731493253496162, 0.041330613750973896, 0.018354793734110027]",M15,upper_wick,3,True,
487769,0.0005054604420081075,0.7240771794662055,-0.012570967639120497,-0.0029204814254010832,-1.4773250480748958,-0.5166666666666667,-0.30257096763912056,False,"[0.023111206781676403, 0.04820058634192368, 0.022903298550605716, 0.024976114812916166, 0.04320751235314624, 0.01582795302219811, 0.004118648238526346, 0.023576226338286512, 0.010540239142555906]",M15,lower_wick,3,False,
487769,-0.018763463643143432,3.057954011128489e-39,-0.023307296471698196,0.013734554829724742,-1.3225154284765508,-0.8060606060606059,-0.31330729647169825,False,"[0.03329950591467359, 0.05834303636587255, 0.05932544645603112, 0.025030238422272175, 0.01612313287970714, 0.032799991776822766, -0.0034879474817933387, 0.006262549686513841, 0.002009313202592627, 0.009992209442975391]",M15,close_pos,3,True,
492865,-0.0036729756946776537,0.009920426118018388,0.02674843264958287,0.02727121198228818,0.8129848472920455,-0.06666666666666665,-0.26325156735041716,False,"[0.04121269300221158, 0.03488718905977432, 0.018898492503094024, 0.024701537962099094, -0.007297055748541988, 0.007136563876652341, 0.008889542669317985, 0.012501673869377419, 0.033183256908654944, 0.06796112565179445]",M15,signed_vol,3,True,
492865,-0.001442543257656173,0.3111910563432972,-0.07633797958893779,-0.03083946296977951,-2.1646116555211243,-0.49090909090909085,-0.3663379795889378,False,"[0.09865238298131343, 0.03695309012701392, 0.03741595146793315, 0.005368664529480499, 0.014260961308256024, -0.0034403278821573216, 0.00160451243760862, 0.004944508693976488, 0.021067037292536926, 0.02231440339237564]",M15,vol_z,3,False,
492960,0.00289523798803678,0.04207497287575098,-0.043509615384615424,-0.023675027656100186,-1.0872708064943515,-0.11515151515151514,-0.33350961538461543,False,"[0.013155428432327178, 0.05154130152547861, 0.02453728497241189, 0.04171088932164864, 0.02183240019474153, 0.017932692307692774, 0.013511238234339277, 0.05239431191171714, 0.03284302986043495, -0.030354186952288243]",M15,atr_pct,3,False,
492865,0.0013850778536702993,0.33086013081513266,-0.0223596485888775,-0.014238119790570963,-0.7151696592964405,-0.16363636363636364,-0.31235964858887755,False,"[0.022670278166656354, 0.020657996185529593, 0.019916407977762632, 0.04216410339650191, 0.03645362874591706, 0.010315302519985052, 0.008019924522177, 0.04345811268691564, 0.03517591202369853, 0.0003106295777788525]",M15,atr_ratio,3,False,
447673,0.003159736859214667,0.034504352667663836,-0.004414090421730313,-0.0008777873752665137,-0.1604044603729925,-0.0303030303030303,-0.29441409042173033,False,"[0.05801353645461104, 0.044799294122902594, -0.0038585754807583376, 0.022024530283058938, 0.005688311108132498, -0.013569896796676603, 0.0033075703084858962, 0.030938861214734326, 0.03244242410704366, 0.05359944603288073]",M15,range_expansion,3,True,
492853,0.0003847894403904103,0.7870564420074327,-0.007774215801646757,-0.027616288463718677,-0.23686573098539532,-0.16363636363636364,-0.2977742158016468,False,"[0.05944406119384742, 0.03259003753677687, 0.009375063406715725, 0.017909505934868387, 0.018070243071054697, 0.03329694633255556, -0.01137729532312036, 0.004898447803591133, 0.023298569544486336, 0.05166984539220066]",M15,rv_ratio,3,False,
492960,-0.023284250052208886,4.3280487656845907e-60,0.03395813047711795,0.01280886785513494,1.0380444688204105,0.406060606060606,-0.2560418695228821,False,"[0.026011643946770302, 0.053849805258033005, -0.008002271989613357, -0.014293248945147904, -0.011580858487503946, 0.020912852969815, 0.04349500973709799, 0.04116378610840677, 0.027577896786757625, 0.059969774423888254]",M15,dist_vwap,3,True,
492917,-0.015278840395513055,7.555327266736737e-27,0.06215389921285439,0.04032114119153294,2.1036553989488174,0.6969696969696969,-0.22784610078714565,False,"[0.001505923882171222, 0.011080702750953492, 0.017462822827697094, 0.00809259108983206, 0.022855027184938828, -0.005573837008784372, 0.013668343747463771, 0.054451319713537755, 0.051881846952852514, 0.06365982309502562]",M15,dist_pdh,3,True,
492917,-0.0096560262252613,1.206356032237251e-11,0.057025277935567456,0.044055321829064256,1.844694988080485,0.7575757575757575,-0.2329747220644326,False,"[-0.01784792664123988, 0.02571816927696151, -0.038871193524172426, 0.03114521626227375, 0.003748478454921895, 0.022497616197682223, 0.0519242473423685, 0.039945020389117646, 0.0816467175200846, 0.039177351294327575]",M15,dist_pdl,3,True,
492926,0.007102915091687742,6.135141651800667e-07,0.05903898236804031,0.025861621846454318,1.7587840462851754,0.7454545454545454,-0.23096101763195973,False,"[-0.026826903573891246, -0.005437870302735084, 0.0273314128053231, 0.03250136936279066, 0.023646488416439432, 0.021800328660404742, 0.033266047228759275, 0.042691457204877346, 0.05789255863020306, 0.032212078794149064]",M15,efficiency_ratio,3,True,
492960,-0.027244427195807584,1.3641923678308345e-81,-0.11718777258823895,-0.06525865558428834,-4.0619925682450395,-0.9047619047619048,-0.407187772588239,False,"[0.08137136896164333, 0.028147830474268838, 0.031089627439760903, 0.011560336300692664, 0.016873414399440033, 0.016366808581684645, -0.011992892679459792, -0.03581640362659562]",M15,streak,3,True,
492960,-0.0035032455380081193,0.013906524674729111,-0.01960323982104501,-0.031453861082131426,-1.9245637153518715,0.309090909090909,-0.30960323982104504,False,"[0.06989503387754478, -0.0006299029847280462, 0.020318889858934642, -0.030016327153429407, 0.0033993550305325996, -0.03728216714592143, 0.008006253994339548, 0.02762939813735077, 0.14309851361887316, 0.05029179405649977]",M15,hour,3,True,
492960,,,,,,,,,,M15,dow,3,,insufficient data
492956,-0.019774239148430114,7.812349455906433e-44,-0.05888652223304114,-0.014696048270431826,-1.4867964543710575,-0.8909090909090909,-0.3488865222330412,False,"[0.09016593638429059, 0.06992433463161357, 0.08554985292626059, 0.06156584712755589, 0.059946879150066516, 0.016825434514198618, 0.04669297088954258, 0.011993873742291643, -0.00174804746931781, 0.03127941415124945]",M15,ret_1,6,True,
492954,-0.027480503251562923,5.599710172964111e-83,-0.07904880720545154,-0.025625884659317213,-1.5841209675352084,-0.7818181818181817,-0.3690488072054516,False,"[0.10700523369035958, 0.13342915102951639, 0.05412901917030147, 0.05786635832521921, 0.08577853714421078, 0.020553134708003774, -0.01406787568971139, 0.015211076174054478, -0.011140075058321687, 0.02795642648490803]",M15,ret_3,6,True,
492951,-0.02885298134279841,2.785319762083265e-91,-0.08571061471782887,-0.022640343546921952,-1.338718022207714,-0.709090909090909,-0.3757106147178289,False,"[0.13524748458292732, 0.0991193833045945, 0.07005781519423841, 0.03500334719545642, 0.047557764479156245, 0.045070899685566074, 0.029661020387463335, -0.01614788518105274, -0.016610203874632384, 0.04953686986509844]",M15,ret_6,6,True,
492945,-0.022047622109961737,4.626529714822521e-54,-0.02884876762349116,0.02240471691829674,-0.48031973937554545,-0.35757575757575755,-0.3188487676234912,False,"[0.08077634648544464, 0.13552582464397298, 0.02094431483923257, 0.0638566559824723, -0.0029893498326398053, 0.009996145575526026, 0.055422972369862454, 0.023695709504007043, 0.03930863796811009, 0.05192757886195348]",M15,ret_12,6,True,
492933,-0.01482602184311845,2.237494995631776e-25,0.062132713920558906,0.04778750117601383,1.0981314537180868,0.4787878787878787,-0.22786728607944112,False,"[0.03430762364587942, 0.0372355101129982, 0.043932809932444694, 0.02834905564684622, 0.019830608187608522, 0.03571034426794918, 0.021068711581766396, 0.056991256365001054, 0.1045763090093928, 0.09644033756643833]",M15,ret_24,6,True,
492957,-0.010947062873380313,1.5152003209059647e-14,0.1953136157091857,0.08931780178160938,3.0276426381506787,0.8787878787878788,-0.09468638429081433,False,"[-0.02963648166179828, 0.048603334956182936, -0.02729708895425472, 0.005293532943849152, 0.02551931191171677, 0.0429812354194138, 0.049330777345018166, 0.0964537985596911, 0.10153582440766022, 0.16567713404738743]",M15,intraday_ret,6,True,
487766,-0.018482571689550312,3.98687706152698e-38,-0.0521111114411814,-0.012911340118009693,-1.7196471224294823,-0.8060606060606059,-0.34211111144118145,False,"[0.07658132097904978, 0.09575145575330088, 0.08351729227741472, 0.06118054701275311, 0.04670995277878632, 0.0062702092109290205, 0.05609602099177942, 0.000750840646272237, 0.024514852703007694, 0.02447020953786838]",M15,body_ratio,6,True,
487766,-0.004606435893750262,0.0012946863509272115,-0.01921134080407605,-0.02034183832406767,-1.8977558633726879,-0.21666666666666667,-0.3092113408040761,False,"[0.05394960739692843, 0.06733947908699356, 0.034256856969773125, 0.03712399540757708, 0.05464504622701427, 0.04128671873398569, 0.05690255505885266, 0.046251691197573275, 0.03473826659285238]",M15,upper_wick,6,True,
487766,1.610460981037506e-06,0.9991025818968193,-0.026599115461412637,-0.017783699861178944,-1.803155897208014,-0.43333333333333335,-0.3165991154614127,False,"[0.04651485798046294, 0.0748441856650809, 0.05908300703171498, 0.05206314710405011, 0.05340352244069425, 0.02482557186193337, 0.029485696708704448, 0.07401607978831651, 0.019915742519050303]",M15,lower_wick,6,False,
487766,-0.014139641550996764,5.309887056747301e-23,-0.04326690858396427,-0.0007855129317403536,-1.4368551373569323,-0.7575757575757575,-0.3332669085839643,False,"[0.07655759886831935, 0.09090832684186795, 0.0904906403132882, 0.025989790479315104, 0.05043994441946961, 0.07229817239890587, 0.011642323787643048, 0.019428097209130482, 0.010040411914334286, 0.03329069028435508]",M15,close_pos,6,True,
492862,-0.001011632007542954,0.4775765001363563,0.037911416803620014,0.03905940543465096,0.7137617375311914,0.4424242424242424,-0.25208858319638,False,"[0.04354860307991953, 0.056153065779329506, 0.03900823763340442, 0.03229395771618678, 0.03567562098446821, 0.05248809554123976, 0.037120277563608896, 0.04569674958406061, 0.058482733433429177, 0.08146001988353954]",M15,signed_vol,6,False,
492862,-0.0046464322693507,0.0011063042082023215,-0.1389041735143135,-0.06267524274894277,-2.2540917677242147,-0.7696969696969697,-0.42890417351431354,False,"[0.15210055389859364, 0.057226798685225726, 0.07778598384936955, 0.016274804204032826, 0.036553990991356276, 0.032615347157407666, 0.057325609706610284, 0.020170027999838074, 0.015260723126242343, 0.013196380384280155]",M15,vol_z,6,True,
492957,0.0005915319761550261,0.677908476537273,-0.10366459753326782,-0.04959908189162965,-1.3565225677830175,-0.10303030303030303,-0.3936645975332679,False,"[0.03130882830249885, 0.10414455533917626, 0.05913175778476521, 0.07191252839986986, 0.053525641025640704, 0.040972715285526554, -0.006888185654009046, 0.08876011765899186, 0.107950746510873, -0.07235576923076897]",M15,atr_pct,6,False,
492862,-0.0005296348909944752,0.7100234053842119,-0.027752754275975604,-0.016509757227829467,-0.48983389459675963,-0.5030303030303029,-0.31775275427597566,False,"[0.050942439182745866, 0.08364525423041051, 0.039542872215233234, 0.056523150590431115, 0.04533031692569935, 0.023539544698291687, 0.0345394229598667, 0.077292334537191, 0.04396704946638039, 0.02318968490677026]",M15,atr_ratio,6,False,
447670,-0.0002461557217876363,0.8691818704698775,-0.019789800522707207,-0.011335182859577748,-0.448387311424741,-0.23636363636363633,-0.3097898005227072,False,"[0.09062769450711519, 0.08683784930864233, 0.03057802693587636, 0.06101583968186642, -0.0062695735698173145, 0.0058199119887416455, 0.015985659079231853, 0.07076909330533733, 0.03862711372216109, 0.07083789398440798]",M15,range_expansion,6,False,
492850,-0.0031986834284036224,0.024730883421497513,0.000348990565081142,-0.0373999216552413,0.00615923784365376,-0.49090909090909085,-0.2896510094349189,False,"[0.09639504920361117, 0.10355260221162678, 0.03846484731662736, 0.043357816779953276, 0.033953535558486514, 0.028780562037131783, -0.0046535457035611775, 0.027687734604848777, 0.014325859795069742, 0.09674403976869231]",M15,rv_ratio,6,True,
492957,-0.01899772084347045,1.3611515782679845e-40,0.07753265985069792,0.032506584687012424,1.299488734353687,0.5151515151515151,-0.21246734014930213,False,"[0.04740019474196677, 0.06039151249594334, 0.011708286844507303, 0.017914840960726517, -0.011455493346316611, 0.0426759306217671, 0.053850616682894786, 0.07144091692869546, 0.05960199610516091, 0.12493285459266469]",M15,dist_vwap,6,True,
492914,-0.013971842380245288,1.021892381312015e-22,0.14407145175687783,0.09059776888953304,2.532220122192986,0.709090909090909,-0.1459285482431222,False,"[-0.00882577294490004, 0.035380698301921205, 0.040875007607880154, 0.0052448673212687836, 0.02917327706883638, -0.011991844352924637, 0.052776312586220286, 0.11238217930251058, 0.08819885983242333, 0.1352456788119778]",M15,dist_pdh,6,True,
492914,-0.005529575482156761,0.00010350928620456317,0.09827213340907237,0.09385276272703853,1.6978605515708614,0.7939393939393938,-0.19172786659092766,False,"[-0.013753550271849274, 0.04521535371568802, -0.06468401939502107, 0.00869471719548817, 0.016956645229352085, 0.03312896877726114, 0.1126919175525444, 0.0832068734657442, 0.17248361769897155, 0.0845185831372231]",M15,dist_pdl,6,True,
492923,0.009334671019486783,5.6069907204104035e-11,0.10453313944609381,0.04138165747779388,2.1541084365237113,0.9272727272727272,-0.1854668605539062,False,"[-0.02421747596446383, 0.022582432075969355, 0.04191450945386637, 0.03711312180475598, 0.03728927028178377, 0.04394465633368528, 0.04528077578511678, 0.08810821228596985, 0.10614501338959698, 0.08031566348162998]",M15,efficiency_ratio,6,True,
492957,-0.022241562428560607,5.4993441408209915e-55,-0.16813572777698124,-0.08649865348906763,-2.810529725244674,-0.9523809523809524,-0.4581357277769813,False,"[0.14234492858289205, 0.07770669357551296, 0.04683217966955683, 0.027119541025767736, 0.03383736281215174, 0.019871608648467706, 0.021262260127933256, -0.0257907991940892]",M15,streak,6,True,
492957,-0.003856517117836971,0.006775155177544359,-0.0352417631031466,-0.05222136242196403,-1.8172637168660495,0.33333333333333326,-0.3252417631031466,False,"[0.11321999472843704, 0.022561853038109845, 0.008047603731103383, -0.05189105058365779, 0.021505614893762546, -0.08197658496508216, 0.023144115767369598, 0.06468243232737832, 0.31821318979827967, 0.07797823162529044]",M15,hour,6,True,
492957,,,,,,,,,,M15,dow,6,,insufficient data
492950,-0.012867797430320434,1.6417809984208828e-19,-0.02680515265239858,0.0033553115726287497,-0.4202218186561667,-0.5636363636363636,-0.3168051526523986,False,"[0.08701896744091654, 0.12055320012171666, 0.13047550461507318, 0.12387199513135182, 0.12399351914155207, 0.12801381897616076, 0.09373729587179226, 0.07550988944111998, 0.014268992798457761, 0.060213814788517964]",M15,ret_1,12,True,
492948,-0.01622995244393878,4.387169761010798e-30,-0.07421746627447003,-0.007816424857032045,-1.003057469515728,-0.6484848484848483,-0.36421746627447005,False,"[0.1376094938634747, 0.13742793386753188, 0.07755735875849501, 0.13956647867894725, 0.15255135903919023, 0.1115112788224992, 0.02384428125126766, 0.10221239476620403, 0.010293741758799648, 0.06339202758900468]",M15,ret_3,12,True,
492945,-0.016381238522249802,1.2886830551307356e-30,-0.0828647935896132,0.01250451750865783,-0.9233304220584362,-0.6121212121212121,-0.3728647935896132,False,"[0.17494431483923292, 0.10491297115267517, 0.12660127802008245, 0.050860348115389864, 0.0937015924535963, 0.14084979916419835, 0.1149807278776322, 0.028121919058728198, 0.030013794782326755, 0.09207952124961973]",M15,ret_6,12,True,
492939,-0.011852135366919262,8.677663004497947e-17,-0.017068405891184038,0.07329948653448445,-0.18053585514542025,-0.01818181818181818,-0.30706840589118406,False,"[0.13978192072057424, 0.12655739035176708, 0.005537387917393132, 0.10234531585994254, 0.05502718383576078, 0.034468788671819774, 0.15114111250862156, 0.10110804560392823, 0.11835010346086804, 0.1227135148293902]",M15,ret_12,12,True,
492927,-0.008663152739479568,1.1840351732859414e-09,0.16901426165987068,0.11028881961684044,1.6633346631014787,0.9030303030303028,-0.12098573834012935,False,"[0.030003448765544283, 0.019062747246059226, 0.07140773350645169, 0.09673604771468536, 0.0582435639948875, 0.10676844112634963, 0.07237457651187791, 0.13007201980037383, 0.17325178017162687, 0.19901771042541497]",M15,ret_24,12,True,
492951,-0.003794149461394361,0.007724213327479824,0.3689765355995353,0.18629711795172998,2.8592445203427577,0.9030303030303028,0.07897653559953527,True,"[-0.03167762090230418, 0.02971437265442746, -0.03244527842580408, 0.026857896338370046, 0.028152956689319827, 0.08218379145958023, 0.09878182371437315, 0.20520620752611793, 0.21299502992189884, 0.3372989146972311]",M15,intraday_ret,12,True,
487760,-0.012628923745111514,1.1410627475128625e-18,-0.05969840954469534,-0.009799290497239398,-1.1785821802006475,-0.7454545454545454,-0.3496984095446954,False,"[0.1124716083801407, 0.1555782243182282, 0.12648065766005848, 0.1339538269124319, 0.07010279881581559, 0.07761466594497896, 0.11041001250538102, 0.03491214401410611, 0.08709520685554939, 0.05277319883544536]",M15,body_ratio,12,True,
487760,-0.0016200886196820832,0.2578595253496442,0.00581776255084504,-0.007204304794518522,-0.8857574269623026,0.3666666666666667,-0.284182237449155,False,"[0.06954660078727265, 0.08548499426340034, 0.08618641766413951, 0.0850977939970476, 0.14969247170739697, 0.08891366729523636, 0.13873679893366125, 0.11187552530698423, 0.07536436333811769]",M15,upper_wick,12,False,
487760,-0.0020864007228548038,0.14507876202454517,-0.05577760078862956,-0.046217455344416285,-2.2907933613803357,-0.35,-0.3457776007886296,False,"[0.10252529290568596, 0.13098685694367568, 0.10973187930469014, 0.06517049765219751, 0.1481221937467965, 0.03937198958781625, 0.10020855549175571, 0.11455505800936373, 0.0467476921170564]",M15,lower_wick,12,False,
487760,-0.010949638799310962,2.050560380984596e-14,-0.10619443988847005,-0.0250305651760879,-2.242752688337389,-0.8181818181818182,-0.3961944398884701,False,"[0.1407454485812703, 0.14209089231904562, 0.14983473107916911, 0.05420262818015912, 0.12233499530017575, 0.10601426779877036, 0.07434889636497893, 0.09018175484611263, 0.0460262985148105, 0.03455100869280025]",M15,close_pos,12,True,
492856,0.0008204217187143746,0.564638793194153,0.09343789311366286,0.061799500069452284,1.0902196971567393,0.0303030303030303,-0.19656210688633718,False,"[0.11111025443330759, 0.11822606825467767, 0.08760474789489717, 0.0394840319766264, 0.0690782617493794, 0.05048866819455062, 0.08145541239728163, 0.08089071947409023, 0.11044313685705531, 0.20454814754697045]",M15,signed_vol,12,False,
492856,-0.008981732701948669,2.8704215894098235e-10,-0.24710992979750823,-0.12245906512288454,-2.484591927505837,-0.5757575757575757,-0.5371099297975083,False,"[0.3149648987542099, 0.1287911374426816, 0.13047722430759953, 0.02888162967171165, 0.04953109465354587, 0.041621352919692566, 0.09655574718474155, 0.0804262873838419, 0.018001826113421663, 0.06785496895670169]",M15,vol_z,12,True,
492951,-0.0006580674330533848,0.6440590099506397,-0.21182113458643842,-0.08084574452209553,-1.4788862625837782,-0.17575757575757575,-0.5018211345864385,False,"[0.05717056150600454, 0.19827873009433022, 0.16466964195151673, 0.10970118673293408, 0.0996027994725626, 0.045211481894715924, -0.016869053656557595, 0.1942434323967949, 0.25970808398417655, -0.15465057308043387]",M15,atr_pct,12,False,
492856,-0.0010659764192274648,0.45424711891657943,-0.04474901594773362,-0.02306890973403175,-0.4559462798055269,-0.32121212121212117,-0.33474901594773365,False,"[0.12011423122184804, 0.12325203911861386, 0.08757045754286277, 0.09495637706448071, 0.059503297149233914, 0.03032707056770667, 0.11780237394744869, 0.16802296798279437, 0.08019316221974242, 0.07536521527411442]",M15,atr_ratio,12,False,
447664,-0.0059066696288564945,7.748775482542615e-05,-0.16420577657649726,-0.07633623247528881,-2.089562262388693,-0.7212121212121211,-0.4542057765764973,False,"[0.22558670449214901, 0.171731447973909, 0.11370136251954438, 0.111226235953801, 0.0220709451158219, 0.04788562493019077, 0.07412536019835984, 0.07360094714738984, 0.022312692668542605, 0.06138092791565175]",M15,range_expansion,12,True,
492844,-0.0052305948735828665,0.00024061972824901127,-0.06780521456832646,-0.0766621516488241,-0.728634642267618,-0.4545454545454545,-0.3578052145683265,False,"[0.18571370599573836, 0.142095609122637, 0.06937444200957707, 0.07710703053667471, 0.09732428374320257, 0.08767896274653078, 0.04538277366338673, 0.0717451911370824, 0.06300482915347758, 0.1179084914274119]",M15,rv_ratio,12,True,
492951,-0.011270509423439516,2.506366460427469e-15,0.1589310757829503,0.08369973740919254,1.478087947298684,0.7818181818181817,-0.13106892421704974,False,"[0.08738072054527744, 0.03647266457044297, 0.0030126787706665527, 0.015500557865909136, 0.028868242215234406, 0.12549954356425655, 0.11494188051526538, 0.17167298914697246, 0.1274046049295063, 0.24631179632822772]",M15,dist_vwap,12,True,
492908,-0.010046996126302898,1.7397694499428382e-12,0.2864449899575996,0.1843648762620806,2.6142228403483947,0.9030303030303028,-0.0035550100424004416,False,"[-0.005498366841817472, 0.015247814002556311, 0.06767746647461031, 0.030449786975045554, 0.04417114686251076, 0.03458237812176696, 0.07894948265368196, 0.24796068247753153, 0.16269684120833358, 0.2809466231157821]",M15,dist_pdh,12,True,
492908,0.0015201237541564738,0.2858646564262918,0.1522024304639789,0.1864961665703324,1.394309692960387,0.7818181818181817,-0.13779756953602113,False,"[0.012644701872553121, 0.05092714694366024, -0.12086608102899059, -0.05170419963481479, 0.04543851818790446, 0.0920717778093359, 0.19564719009941248, 0.19445334848146714, 0.3737250207948714, 0.16484713233653203]",M15,dist_pdl,12,False,
492917,0.009218124093809935,9.6723044426171e-11,0.1518408666720763,0.05090386844223912,2.04033816956818,0.9030303030303028,-0.13815913332792373,False,"[0.017291446887933087, 0.05929807477735182, 0.07880543720835874, 0.08665280370039824, 0.02978069463604556, 0.09917652309752345, 0.0968426818135717, 0.12606171887680565, 0.19397873894343878, 0.16913231356000938]",M15,efficiency_ratio,12,True,
492951,-0.01383910556676593,2.553355597419836e-22,-0.17188901605723184,-0.08217358045424791,-2.2906045523070513,-0.8333333333333335,-0.46188901605723187,False,"[0.18498505366636625, 0.12360315511528956, 0.09661633460752923, 0.06145605618477636, 0.08133530567286176, 0.07472334457541638, 0.07797903340440637, 0.013096037609134411]",M15,streak,12,True,
492951,0.003657307211267609,0.010234186685059451,0.11388120511178959,0.029344512838098927,0.4149620695025459,0.5030303030303029,-0.17611879488821044,False,"[0.1287062964168878, 0.062407974748178004, -0.05512567201213042, -0.05569710841535135, -0.04326761658623594, -0.059625724588067766, 0.06391605039715119, 0.24358122395671375, 0.4617988579478282, 0.2425875015286774]",M15,hour,12,True,
492951,,,,,,,,,,M15,dow,12,,insufficient data
124884,-0.0343329577091551,6.777762183828637e-34,-0.058489871086556997,-0.003720577591215749,-1.07884508312361,-0.7575757575757575,-0.34848987108655705,False,"[0.08515333493474374, 0.09681213965406714, 0.058923766816145036, 0.04273280486828484, 0.0031282651072129237, 0.01990700353880382, 0.04403875410360799, -0.021898622677770763, -0.04030669442665021, 0.02666346384818674]",H1,ret_1,1,True,
124882,-0.028337084247257255,1.2983676048429762e-23,-0.04085675394347006,0.003368682979713832,-0.7926912068920605,-0.5151515151515151,-0.3308567539434701,False,"[0.07764833053086671, 0.08594971172325444, 0.07908872517616955, 0.005849615631005412, -0.012749839846252045, 0.031198750800768966, 0.016958680333119678, 0.019449071108263077, -0.02551649583600166, 0.03679157658739665]",H1,ret_3,1,True,
124879,-0.020131740701867365,1.1203528624436522e-12,0.019577194106340616,0.012438073339498652,0.38247072865268017,0.19999999999999998,-0.2704228058936594,False,"[0.013512972453556238, 0.055861627162076134, 0.035368353619473526, 0.03926409352978823, -0.053322389493914255, 0.04647633538880306, 0.032764253683537845, 0.039903106982703794, 0.07174647661755301, 0.033090166559896855]",H1,ret_6,1,True,
124873,-0.021751656193137636,1.502765292273979e-14,0.057138853299165814,0.018086442138896975,1.2027545321711917,0.09090909090909088,-0.23286114670083422,False,"[0.023282351057015795, 0.019514695283094092, 0.02927684792183779, 0.0717129815007607, -0.009722133247916724, 0.014847441338991808, 0.008797949867862438, 0.05913510050452484, 0.017372467366060785, 0.08042120435618161]",H1,ret_12,1,True,
124861,-0.006991085057711441,0.013497992547623742,0.039624427344532184,0.02007874689855928,0.850220759290665,0.709090909090909,-0.25037557265546784,False,"[-0.009400176183231052, -0.021106038763414707, -0.055693576806022355, 0.0408897965721604, 0.02118212397885629, 0.04927598910780121, 0.10564071760371571, 0.07582892839980773, 0.07793448662501981, 0.030224251161301133]",H1,ret_24,1,True,
124885,-0.01520792493723894,7.675436366908238e-08,0.11698534710545148,0.0297031772295152,2.353189422819973,0.6484848484848483,-0.17301465289454854,False,"[-0.028318520297861, 0.05907190903267075, -0.022811273921051388, 0.00014093529788646595, 0.03455120506045368, 0.026719250480460324, 0.012861947469571202, 0.031052926575385977, 0.1127178090967333, 0.08866682680759048]",H1,intraday_ret,1,True,
124694,-0.034456719102497244,4.443680584892829e-34,-0.17040096230954482,-0.025949130888218756,-2.6371102781021367,-0.6606060606060605,-0.46040096230954486,False,"[0.12266238973536611, 0.10738551607987842, 0.02115406207394413, 0.05728949478749085, -0.01107212022619853, 0.02561642696815986, 0.027437048917399256, -0.03808966236266003, 0.053256075066164886, -0.0477385725741787]",H1,body_ratio,1,True,
124694,0.0015645918728532946,0.5806167454809295,-0.07662790697674414,-0.009400525802319567,-1.3104113802192545,-0.12727272727272726,-0.3666279069767442,False,"[0.07724538893343977, -0.036185550477106004, 0.0025130344108442865, 0.024071371291098074, 0.05277737838485466, 0.06375120772947027, 0.052248776966876416, 0.05760044911380181, 0.022016200176439106, 0.0006174819566956229]",H1,upper_wick,1,False,
124694,-0.008636937554152449,0.0022891380563572327,-0.02811627906976817,-0.01434834831857475,-0.7314159403813191,-0.35757575757575755,-0.3181162790697682,False,"[0.042639935846031034, 0.11497113071371343, 0.05803897978825815, -0.01114514835605368, 0.012357045472771522, -0.0005188868393614321, 0.03181555733761015, 0.05392109694491238, -4.010587953448569e-06, 0.014523656776262864]",H1,lower_wick,1,True,
124694,-0.033456483063437154,3.175232327629671e-32,-0.18092922934432457,-0.038216629060928514,-4.264231479330479,-0.7818181818181817,-0.4709292293443246,False,"[0.13145617833373677, 0.062191209496311343, 0.0052020850040085794, 0.07164715316760187, 0.04278152069297408, 0.024450857784190743, 0.03143281187324396, 0.023638623786992486, -0.026726806190362096, -0.049473051010587805]",H1,close_pos,1,True,
124790,-0.000924898505575463,0.7438774000761942,0.06657985415498067,0.01381469279609902,1.2071331795879916,0.8909090909090909,-0.22342014584501935,False,"[-0.006637551085824334, 0.03390255629457504, -0.0023407324304850095, -0.00476881160349448, 0.017514693534844937, 0.04036564785299217, 0.05450917541469622, 0.0522293453001045, 0.07333119640996968, 0.05994230306915634]",H1,signed_vol,1,False,
124790,0.0017196161235408397,0.5435459720368613,-0.12540027245772956,-0.01298079883567202,-1.8687386450159702,-0.5878787878787878,-0.4154002724577296,False,"[0.11528007051847133, 0.04572642038624889, 0.010902315890695916, 0.05099927878836424, -0.012738200176296613, 0.050714800865454594, 0.0359363731068201, 0.035328952640435264, -0.007301867136789325, -0.010120201939258229]",H1,vol_z,1,False,
124885,0.006136627979712086,0.030111083358954127,-0.07982704780206618,-0.012084088877809124,-1.3890101803504828,-0.01818181818181818,-0.3698270478020662,False,"[0.016271919288974722, 0.055705477258167546, 0.03379213708063053, 0.06418081358103807, 0.0162102650332292, 0.022254163997437515, 0.020253843689942437, 0.08827768436223864, 0.061262812299807866, -0.06355512851309146]",H1,atr_pct,1,True,
124790,0.00785272373397676,0.005536504724609953,-0.07972113150092154,-0.008927411080887253,-1.1964114833895227,-0.05454545454545454,-0.36972113150092156,False,"[0.07918983892940133, -0.006929241125090081, 0.037068675374629295, 0.015761679621763693, 0.04463017870021697, 0.012989822902476458, 0.028567994230306516, 0.05468707428479918, 0.04929321259716301, -0.0005312925715202127]",H1,atr_ratio,1,True,
121872,0.005693633663885834,0.046850087173773564,0.007847062684607865,0.004738500376266622,0.1607710312710987,0.06666666666666665,-0.28215293731539215,False,"[0.037846242205447744, 0.050417658160335055, 0.007026339542134866, 0.028751948797899184, 0.04360548125051298, -0.008599327151883938, 0.016978747846066566, 0.07562238450808283, 0.02451136456880253, 0.04569330489005561]",H1,range_expansion,1,False,
124778,0.009707030277857664,0.0006059189882073789,0.04505209168135923,0.01657244829560752,0.9960995323288635,0.33333333333333326,-0.2449479083186408,False,"[0.03025885558583121, 0.017651867286424223, -0.02376743067799391, 0.023825438807406594, 0.04509296361596434, 0.09152748837954694, 0.04933317303839118, 0.02796441737457985, -0.02259897419458357, 0.07531094726719044]",H1,rv_ratio,1,True,
124885,-0.02351478696702767,9.492024113495337e-17,0.0364424693730476,0.007870094244869955,0.7242115340826784,0.43030303030303024,-0.2535575306269524,False,"[0.03414845063656077, 0.042818705957720506, 0.04705180558891691, -0.03789477898782828, -0.0071038513892230145, 0.04718289557975706, 0.04335922485586101, 0.05728641204259778, 0.017205317104420255, 0.07059092000960837]",H1,dist_vwap,1,True,
124873,-0.01387869256772619,9.364053031469135e-07,0.0691455797565659,0.01880546240693311,1.4783304196174267,0.6363636363636362,-0.22085442024343413,False,"[0.01356422165278672, -0.0038439977576678747, 0.012220709537919771, 0.012500200208216808, 0.048359224855861235, -0.02705693921678561, 0.03294065828461482, 0.10565067670377278, 0.03759029390566236, 0.08270980140935262]",H1,dist_pdh,1,True,
124873,-0.009779604800757118,0.000548451506529904,0.043488148622677705,0.02002594265858925,0.901249929321513,0.5878787878787878,-0.24651185137732234,False,"[-0.0025672645739907994, 0.030787218707455516, -0.04062384880275383, -0.007699207175463973, 0.06525544522741886, -0.021066709377753127, 0.04902698806759051, 0.12070953791943652, 0.07989509089452983, 0.040920884048686906]",H1,dist_pdl,1,True,
124873,0.0038803437238404573,0.17031168047171147,0.02187540038436849,0.0049077820141922674,0.47928730880038584,0.06666666666666665,-0.26812459961563156,False,"[0.02587443946188389, 0.058137262753264134, -0.01463842396091978, 0.02902376570376809, 0.05867606988299438, 0.028130856090332394, 0.021696164010570625, 0.005657884199569324, 0.0543517257948265, 0.04774983984625238]",H1,efficiency_ratio,1,False,
124885,-0.032944099587559506,2.427994319909823e-31,-0.1900280271505517,-0.03855141146619714,-2.774373440861654,-0.7619047619047621,-0.4800280271505517,False,"[0.12959131247080813, 0.10557555133826368, 0.010216784518050939, 0.029896432681242566, 0.012140511740287614, 0.006092474489795739, 0.02035988677719394, -0.06043671467974356]",H1,streak,1,True,
124885,0.00018117676870105598,0.9489498840500744,-0.018808640950109548,-0.011604454271109342,-1.4250990838383433,0.2121212121212121,-0.30880864095010957,False,"[0.07525319161932634, 0.030933552992860623, -0.013264692482914753, -0.04386833020410645, 0.019586131784351837, -0.0700236063192291, 0.06854391861204423, 0.02732475490196099, 0.19394222351911286, 0.05644455066921679]",H1,hour,1,False,
124885,,,,,,,,,,H1,dow,1,,insufficient data
124882,-0.0199116430296378,1.9623626224539373e-12,-0.1483393386179842,0.0016109818523821831,-1.5280340067320444,-0.7333333333333332,-0.43833933861798424,False,"[0.1783065097285616, 0.05229340166559889, 0.18478219090326756, 0.12790358744394736, 0.1627035246412966, 0.07321675444371337, 0.10324471492632707, 0.020265054452274823, 0.009374599615631165, 0.029967171110577385]",H1,ret_1,3,True,
124880,-0.01486142761427192,1.504377593340262e-07,0.03340326713644923,0.041783689499482274,0.3108939500082001,-0.05454545454545454,-0.2565967328635508,False,"[0.11006005765534935, 0.1773774823830885, -0.016897021140294722, 0.09552610506085876, 0.0691463805253038, 0.14367793081358207, 0.10939942344650773, 0.01261611146700847, 0.10003203074952015, 0.14346332479179857]",H1,ret_3,3,True,
124877,-0.011724474669840501,3.423604532029259e-05,0.18108103779628315,0.055668353539526115,1.558629507335837,0.7454545454545454,-0.10891896220371688,False,"[-0.014413036515053948, 0.09282270980140918, 0.021731400656681873, 0.13729099935938474, 0.03674327354260089, 0.09080964202770955, 0.08856342088404996, 0.1442035717145832, 0.17990631005765514, 0.16666800128122922]",H1,ret_6,3,True,
124871,-0.01424017013472592,4.847144659002151e-07,0.1479111674604097,0.05289727109543702,1.310378617384523,0.6848484848484848,-0.14208883253959034,False,"[0.006748078155029654, 0.03821174020981772, -0.027352446544406838, 0.2140562184672057, 0.07189156722992068, 0.09136461920397107, 0.08029150316328927, 0.1520453271402262, 0.16264114679266528, 0.15465924561543934]",H1,ret_12,3,True,
124859,-0.0017068338645871135,0.5464349452884407,0.1277454749319249,0.05605136387431057,1.1145766458905895,0.7696969696969697,-0.16225452506807514,False,"[0.005325965080889778, -0.09656735543809032, -0.09275748838699278, 0.10121656255005608, 0.059229537081532314, 0.1604317180616739, 0.33642319397725384, 0.1576397565273106, 0.18049655614287932, 0.13307144001281468]",H1,ret_24,3,False,
124883,-0.006643802528595906,0.018882541541505253,0.3187204740171342,0.0778819219011646,2.6290196454927868,0.8666666666666665,0.02872047401713418,True,"[-0.05973816958923756, 0.07934176809737359, -0.033372837924409336, 0.04865951313260815, 0.07986628232844958, 0.019196828955796812, 0.08234224855861641, 0.16187379884689243, 0.30729180012812346, 0.25898230442789666]",H1,intraday_ret,3,True,
124692,-0.02001223211995854,1.5796911163611797e-12,-0.0952574178027268,0.0052329621971310865,-1.0043375328273085,-0.8181818181818182,-0.3852574178027268,False,"[0.14589013632718584, 0.17977544309888543, 0.07967038254872182, 0.16257278049562937, 0.14117988844127602, 0.07896093100581944, 0.10869035207313911, -0.06990616729489078, 0.06611195765498389, 0.05063271852445904]",H1,body_ratio,3,True,
124692,0.0034116620572017496,0.22831560026485845,0.020252606255010866,0.009732063721966892,0.24603970059989838,0.5515151515151515,-0.2697473937449892,False,"[0.07684763432237453, 0.03302782455296219, 0.035786476297425256, 0.010576630042505404, 0.11217669142902818, 0.19654428341384933, 0.12603144048764778, 0.1530098644638691, 0.105002806961265, 0.0971002405773854]",H1,upper_wick,3,False,
124692,-0.009829902810274854,0.0005182147432049792,-0.09466399358460334,-0.03520853107115372,-1.1210331966359592,-0.38181818181818183,-0.38466399358460335,False,"[0.19554691259021698, 0.14270328789093908, 0.12577799165864698, -0.004287432833426578, 0.04007779292645694, 0.03328013473414062, 0.10115005212927967, 0.1884548151711961, 0.02214646667201432, 0.10088291900561364]",H1,lower_wick,3,True,
124692,-0.022024543087310177,7.361140039518686e-15,-0.29829397252636936,-0.060892128659998095,-3.885029517683652,-0.6,-0.5882939725263694,True,"[0.2602501804185733, 0.054383221045878206, 0.07363381185339493, 0.21140829256556107, 0.05091506937204209, 0.11290387236430781, 0.1564476534296027, 0.05930467559547766, 0.004554566594498427, -0.03804379210779605]",H1,close_pos,3,True,
124788,0.002300708983029426,0.4163749872663513,0.02473034698293125,0.00034742144240769435,0.2166436055289992,0.6121212121212121,-0.2652696530170688,False,"[0.14905280871864698, 0.04676576648769942, -0.023829633784759302, 0.034907837794517504, 0.09006156860001406, 0.06976558837318407, 0.11559945504087232, 0.13183107620803028, 0.15356599086465317, 0.17378315570157823]",H1,signed_vol,3,False,
124788,-0.0017162040413142433,0.5443491720400648,-0.264586104655822,-0.02381941355703697,-1.9365411812578661,-0.35757575757575755,-0.554586104655822,False,"[0.32001121884766415, 0.11575126212036274, 0.04519592916099031, 0.09688571886520307, 0.007956567032615323, 0.06728824425034066, 0.1041328738579908, 0.11666639955124512, 0.015144643000239393, 0.05542511419184216]",H1,vol_z,3,False,
124883,0.00523288778877631,0.06442412964995362,-0.2609624469533192,-0.039460278777887554,-1.6607754271505237,0.22424242424242422,-0.5509624469533192,False,"[0.05810713427816519, 0.08472293401665539, 0.19007847533632324, 0.13584160794362557, 0.07198014252542283, 0.08773222293401661, 0.08807014734144747, 0.21195067264574027, 0.2188436899423442, -0.20285531267515403]",H1,atr_pct,3,False,
124788,0.007764119303202841,0.006093339874073025,-0.1697307476560631,-0.01588471307885227,-1.0719987348513276,-0.1515151515151515,-0.45973074765606314,False,"[0.17533616475679137, 0.030255629457488185, 0.07597804311243019, 0.09685847090879922, 0.0970213959451867, 0.06759836525362714, 0.08690334989581654, 0.22105537302668485, 0.08784437855597466, 0.005605417100728267]",H1,atr_ratio,3,True,
121870,0.003403867119668,0.23472417147660338,-0.07220973168130043,-0.007768093560191654,-0.6882604069841394,-0.1515151515151515,-0.36220973168130044,False,"[0.2246639862148196, 0.12285304012472369, 0.07036596373184484, 0.030338885697873946, 0.08368671535242428, 0.048994830557150794, 0.07964224173299651, 0.15224337408714128, -0.0005300730286374811, 0.15245425453351916]",H1,range_expansion,3,False,
124776,0.010897802471788216,0.00011832200636980294,0.030935246033017894,0.0257272172872512,0.2717158910917703,0.07878787878787878,-0.25906475396698214,False,"[0.15553454079179374, -0.01679996794358071, 0.013863108118938285, 0.04979243468504583, 0.07594533942454221, 0.2857597371373625, 0.20630199567203666, 0.008712934765185965, -0.02121663861505257, 0.18646978682481163]",H1,rv_ratio,3,True,
124883,-0.015263783580596007,6.87925493654152e-08,0.1324581631836013,0.03175170409402313,1.143418096296322,0.8424242424242423,-0.15754183681639874,False,"[0.06180799103210888, 0.09028187059577236, 0.023681934657269733, -0.06983023702754615, 0.09040675794699261, 0.09489429852658615, 0.18247357463164748, 0.15013372837924296, 0.1263220691864187, 0.19426615421571017]",H1,dist_vwap,3,True,
124871,-0.009165357881291592,0.0012003099603585473,0.20169073652101094,0.05708806525053353,1.6898789068008013,0.7939393939393938,-0.0883092634789891,False,"[0.052226937860345615, 0.017221109954352325, -0.02969968767518108, 0.013606150396412213, 0.033899255225433404, 0.09293505245455354, 0.07867942660366745, 0.2928429566749423, 0.13892448146071892, 0.25391767438135654]",H1,dist_pdh,3,True,
124871,-0.0012288991963223237,0.6641046977712989,0.14506469328998806,0.058879116996718925,1.2365396602006606,0.8303030303030302,-0.14493530671001198,False,"[0.022825112107624206, 0.031490349963961585, -0.07048210138544078, -0.1232970289100665, 0.11625610635060445, 0.04763674221190031, 0.13093216945623454, 0.3207255545767607, 0.3005790021622493, 0.16788980539761225]",H1,dist_pdl,3,False,
124871,0.002246442075401904,0.42730003245371384,0.049525563985646726,-0.0009512917750840767,0.5058513174082949,-0.16363636363636364,-0.2404744360143533,False,"[0.1157174887892381, 0.18629935132537837, 0.09185552975094029, 0.07251700680272144, 0.0956254507572724, 0.04533354688876291, -0.0024161127572671316, 0.07735004404580872, 0.09703771922799787, 0.16524305277488482]",H1,efficiency_ratio,3,False,
124883,-0.018921883096983408,2.2733173282507856e-11,-0.24386701093477295,-0.04176691494955313,-2.329935916541362,-0.5952380952380953,-0.533867010934773,False,"[0.21611647461849914, 0.12162162162162192, 0.1240209031137579, 0.1043421557345602, 0.03484883216653217, 0.06400956632653036, 0.12692815743361638, -0.02775053631627381]",H1,streak,3,True,
124883,0.01041208162704451,0.00023363081214975033,0.11497037210671938,0.019346934875244817,0.47888414161369114,0.5757575757575757,-0.17502962789328064,False,"[0.1213584997862057, 0.056520226981513016, -0.10574669703872325, -0.066574404942161, -0.09432292612089259, 0.02200290539313725, 0.11348896357525577, 0.28271095042588457, 0.38053696498054546, 0.2363288718929251]",H1,hour,3,True,
124883,,,,,,,,,,H1,dow,3,,insufficient data
124879,-0.008928918789156096,0.001603042793415078,0.08897741832158859,0.03873236509066206,0.6107725360715827,-0.1515151515151515,-0.20102258167841144,False,"[0.15981021780909782, 0.12661835361947565, 0.2665614990390785, 0.27090887251761764, 0.23949929808142156, 0.24530074878630667, 0.22403747597693652, 0.05018017296604688, 0.060370755925688115, 0.2487876361306864]",H1,ret_1,6,True,
124877,-0.006034998015464214,0.032954101406295414,0.297812299807815,0.091488801861457,1.76688980215038,0.6484848484848483,0.007812299807814949,True,"[0.05388452914798236, 0.21157831518257572, -0.00889965564186742, 0.17734224855861638, 0.27043481742472664, 0.253573316248899, 0.2177210121716845, 0.10256987266757417, 0.2618665919282518, 0.35169682895579735]",H1,ret_3,6,True,
124874,-0.010761828176728928,0.00014293429847671884,0.3486955477258154,0.08834645414317485,1.812599741428884,0.6484848484848483,0.05869554772581537,True,"[-0.08664638052530373, 0.20585889324897874, 0.05257147433330528, 0.28987508007687435, 0.23499079042203852, 0.10822935853287352, 0.10041800128123177, 0.3294690478097223, 0.3948706654921121, 0.2620491672005117]",H1,ret_6,6,True,
124868,-0.0020384595196698135,0.47132972945686014,0.43821254104268287,0.1277597519725206,2.2390812255683543,0.9151515151515152,0.14821254104268283,True,"[-0.10530391607271483, 0.0655313526067109, 0.04175622647553427, 0.27899487425917, 0.176288139665252, 0.2159950348362289, 0.2699919910299531, 0.29936013453992094, 0.3167494193961741, 0.33290862496996804]",H1,ret_12,6,False,
124856,0.0010563886199794817,0.7089467926046755,0.2759867051097238,0.10264530434830668,1.3329477626054325,0.8424242424242423,-0.014013294890276251,False,"[0.011590581451225393, -0.14854156655454034, -0.0917436924309167, 0.27019782156014666, 0.15124309171005287, 0.280973890757649, 0.548649579495393, 0.29544930321960455, 0.2867665198237889, 0.28757728656094916]",H1,ret_24,6,False,
124880,0.0035512527297753547,0.20949835407368947,0.7629916720051252,0.1749228142728744,3.5783502904026463,0.7333333333333332,0.47299167200512515,True,"[-0.1769322549647655, 0.16106181934657282, 0.06473734785393871, 0.06951153106982695, 0.07670964125560462, 0.025984144778987774, 0.14606902626521506, 0.2847533632286998, 0.6539461883408068, 0.5860594170403597]",H1,intraday_ret,6,False,
124689,-0.007899118672939718,0.005282221122781147,0.08531478065602677,0.04773241072272162,0.6415920686400063,-0.07878787878787878,-0.20468521934397327,False,"[0.13894137460903094, 0.246077472130886, 0.1323546395059762, 0.29019647153167666, 0.2560666408368838, 0.2620154587765943, 0.1907836060314387, -0.012120458737669674, 0.16443660277488192, 0.2242561552650577]",H1,body_ratio,6,True,
124689,0.0026779322131140933,0.3443497427673737,0.1175202502205449,0.019893470062564415,1.0092870173879351,0.5636363636363636,-0.17247974977945513,False,"[0.08508059988772136, 0.20626573650870028, 0.11429935028475145, 0.04956452000962423, 0.14716807796772752, 0.3555024154589385, 0.17964068014116094, 0.2699999999999992, 0.2834830379340776, 0.20260085010826626]",H1,upper_wick,6,False,
124689,-0.00854627647142664,0.0025459276524357494,-0.17935167711272046,-0.06539715249534694,-1.5612654587131478,-0.32121212121212117,-0.4693516771127205,False,"[0.35328975860133194, 0.1970141952041067, 0.20319351992942583, 0.02175234581762858, 0.1554695645200091, 0.18369746551170948, 0.13562996230651908, 0.35663699783497693, 0.11214549246069823, 0.17393808148861148]",H1,lower_wick,6,True,
124689,-0.010783919000578148,0.000140085233906912,-0.15176148262513242,-0.02740883507168801,-1.222280657951573,-0.3939393939393939,-0.4417614826251325,False,"[0.2978346298821098, 0.10322239153099759, 0.21720426658112035, 0.33428663084449284, 0.13670222150934308, 0.20988773955576875, 0.22105326488047486, 0.1677953324244132, 0.058753809141940685, 0.14607314725697737]",H1,close_pos,6,True,
124785,-0.002646463426813887,0.34986387046679845,0.049962336725699,-0.0030877831592104887,0.31990195114028525,0.1515151515151515,-0.24003766327430104,False,"[0.2148737879637787, 0.26099695464016587, 0.05193765526083766, 0.22838275364641614, 0.12648170177034584, 0.13768891805737957, 0.23190575412726452, 0.2116403557977411, 0.16445904792434754, 0.2648361246894777]",H1,signed_vol,6,False,
124785,0.0010752011839022385,0.7040862603352792,-0.2696209632182054,-0.009510159090719464,-1.4587205215925,0.006060606060606061,-0.5596209632182054,False,"[0.4329201057777053, 0.19384596890527275, 0.07565109383764704, 0.11554015066517094, 0.1213558778748291, 0.14703718544638655, 0.12610274082385114, 0.3841686032534652, 0.13163006892130263, 0.16329914255949987]",H1,vol_z,6,False,
124880,0.002778198235665529,0.326217170065956,-0.4499463484945547,-0.06698020814025496,-1.4641441654603802,0.16363636363636364,-0.7399463484945548,True,"[0.09329115951313294, 0.14088885329916703, 0.3752922805893651, 0.2704836643177456, 0.2007463164638054, 0.1868409673286358, 0.2294626841768098, 0.43956998718770035, 0.31197950032030636, -0.3566551889814218]",H1,atr_pct,6,False,
124785,0.005861949727672506,0.03838439782745447,-0.2811290968827638,-0.023369131376221687,-1.0638947333964959,0.006060606060606061,-0.5711290968827638,False,"[0.24440019232310256, 0.26692178233691355, 0.0957039826909214, 0.14673986215739657, 0.17251462456927683, 0.26511380028850723, 0.14205401506651666, 0.31920105777706614, 0.275661163648021, -0.03672890455966124]",H1,atr_ratio,6,False,
121867,0.005109701672333162,0.07446229515467057,-0.04469270534175668,0.014492418921244456,-0.2989944413367579,-0.1515151515151515,-0.3346927053417567,False,"[0.27140887831295607, 0.1102330352014442, 0.1617979648777283, 0.10727742676622534, 0.24422745548535343, 0.23436648613162536, 0.25445556740789577, 0.23968570490727045, 0.08903257569541312, 0.2267161729711994]",H1,range_expansion,6,False,
124773,0.009395038283174085,0.0009044718383182769,-0.05339958326654903,0.022528191021823567,-0.24790025101207952,0.11515151515151514,-0.34339958326654907,False,"[0.36253806699791563, -0.05532018914803269, -0.03334214955518014, 0.19035906067163635, 0.19357108510979404, 0.5060310972188832, 0.34482808367396106, 0.08223691592530163, -0.008168630279716212, 0.3091384837313666]",H1,rv_ratio,6,True,
124880,-0.006184375170464097,0.028855424616884937,0.24930653427290278,0.06650001736576203,1.2699312637733315,0.7333333333333332,-0.040693465727097256,False,"[0.09759769378603461, 0.08214606021780982, 0.07504724535554083, 0.0038404868673924267, 0.06663757206918589, 0.1903547405509292, 0.33810858424087076, 0.3478090967328636, 0.34345451633568197, 0.3469042280589374]",H1,dist_vwap,6,True,
124868,-0.003236457298501777,0.25276978427683133,0.48100824857852187,0.12704040576483142,2.218254926964588,0.8909090909090909,0.19100824857852183,True,"[0.07300792824537493, -0.026441899575558533, -0.07765035637062406, 0.03916146083613502, 0.13350684712100563, 0.29324897893809615, 0.20654012493993176, 0.4018523264194769, 0.29500600624649675, 0.5540161768238968]",H1,dist_pdh,6,False,
124868,0.009730132021440631,0.0005852679499741701,0.415363177704812,0.1488146301162724,1.9562341589109369,0.8060606060606059,0.12536317770481198,True,"[-0.035178185312724805, 0.1434083446784658, -0.11293184912308835, -0.13407976934166346, 0.06618483222551476, 0.19699927925042132, 0.2206511292647754, 0.6498478417554273, 0.5171482341635296, 0.3801849923920872]",H1,dist_pdl,6,True,
124868,0.00033417971853895483,0.9059988872204395,0.03436373828782005,0.007720582150942137,0.19468921515195262,-0.2121212121212121,-0.25563626171218,False,"[0.24364939537118532, 0.2587579082245536, 0.24529350524545518, 0.2653817832559632, 0.15621604295215957, 0.1308496836710172, 0.02394201505686337, 0.08596940818451329, 0.20410827260350778, 0.2780131336590054]",H1,efficiency_ratio,6,False,
124880,-0.006213069463829253,0.028120848397700987,0.09345226393224706,0.02775600430671195,-0.34300005438810344,0.2142857142857143,-0.19654773606775297,False,"[0.19187105816398162, 0.2209947643979058, 0.21908290171510159, 0.18965093977752195, 0.11833684406170512, 0.19265369897959228, 0.20538617064294445, 0.2853233220962287]",H1,streak,6,True,
124880,0.0211334910156679,8.081305842524702e-14,0.1724415570460881,0.04887770846333201,0.6943709823340511,0.6848484848484848,-0.11755844295391193,False,"[0.1276769897990344, -0.07631155043016517, -0.13659043280182293, -0.15275028768699658, 0.03328280994735905, 0.10772289812965403, 0.48790425145348815, 0.6152301280872718, 0.6117509727626452, 0.3001185468451225]",H1,hour,6,True,
124880,,,,,,,,,,H1,dow,6,,insufficient data
124873,-0.006377020869781614,0.024229400070753995,0.1830429212043554,0.09321228973846514,0.8126610537134068,0.12727272727272726,-0.10695707879564464,False,"[0.3115190582959649, 0.33519019780571874, 0.4376119163930497, 0.48614639224793815, 0.3406534622582658, 0.5256258744136284, 0.3398854809001333, 0.20485705133338694, 0.31434611996476325, 0.49456197950032027]",H1,ret_1,12,True,
124871,-0.0023202114632630095,0.4122798829695282,0.31313701887374695,0.1272707491229822,1.211760090408497,0.7212121212121211,0.023137018873746917,True,"[0.22195467648942974, 0.3667606310562989, 0.1787907423720669, 0.33514775366381006, 0.46225995034836154, 0.4316417073756724, 0.4372010891326978, 0.39623768719468155, 0.42046448306238615, 0.5350916953631767]",H1,ret_3,12,False,
124868,0.004266701852740925,0.1316308202333103,0.6479146312164635,0.19422292523737097,2.2192953182788115,0.7575757575757575,0.3579146312164635,True,"[-0.07416353007127394, 0.37166653319452214, 0.25977576679746767, 0.4745691174115011, 0.373426763834388, 0.40055497717626326, 0.307369854236746, 0.4021462320813651, 0.6966941619284067, 0.5737511011451896]",H1,ret_6,12,False,
124862,0.02470874915302375,2.495802299511738e-18,1.3475894930727956,0.37607000266334556,4.115533028478361,0.9636363636363635,1.0575894930727956,True,"[-0.517221109954353, 0.1619413743392602, 0.1368797052699023, 0.3465785679961558, 0.3300232260131351, 0.5441894922312974, 0.4464576325484538, 0.6944489828608049, 0.8131651449623596, 0.8303683831184425]",H1,ret_12,12,True,
124850,0.003522267542568098,0.21329587729410907,0.42968602322787397,0.17009336054315444,1.14348351601434,0.6606060606060605,0.13968602322787393,True,"[0.16725350420504612, -0.17226431718061702, -0.033589106928313066, 0.6712470965158193, 0.38116459751702103, 0.4106607929515419, 0.7832438926712042, 0.5067945534641559, 0.4751565879054866, 0.5969395274329201]",H1,ret_24,12,False,
124874,0.023686015271683687,5.706354774872525e-17,1.4296933055733514,0.3369350672336997,4.347615959361131,0.7333333333333332,1.1396933055733514,True,"[-0.3447045163356826, 0.33553135260671163, 0.17865460078481654, 0.05891415759128773, 0.10544246015856448, 0.13157764074637543, 0.21349375400384302, 0.5119244013774324, 1.5096484343717476, 1.0849887892376688]",H1,intraday_ret,12,True,
124683,-0.006089037644022155,0.03154993164701177,-0.016004491138023935,0.040097717555622664,-0.06977845855566392,-0.01818181818181818,-0.30600449113802397,False,"[0.3512735584248956, 0.44140840551812727, 0.09272858517805638, 0.5269169072826438, 0.4870607375271151, 0.5223283458021607, 0.5290270313627959, 0.06701395572665955, 0.44803657362848837, 0.33526906728687167]",H1,body_ratio,12,True,
124683,0.0011619124103410842,0.6816057877392999,0.2156299623065185,-0.0020262514563524625,1.1823961501438063,0.49090909090909085,-0.07437003769348152,False,"[0.1796968481834956, 0.48632718524458673, 0.3152671265843106, 0.09278553095925489, 0.344787123572171, 0.6380272163620272, 0.3091946739391998, 0.4978152069297384, 0.5417356432467113, 0.3953268104900141]",H1,upper_wick,12,False,
124683,-0.0035536225233182175,0.20955407670327453,-0.10279573341887849,-0.05562692838330463,-0.517992323177402,-0.18787878787878787,-0.3927957334188785,False,"[0.5146066244285831, 0.5248403914019898, 0.4128232274623042, 0.2819449791466156, 0.16184056460020863, 0.18008662175168372, 0.37892043631697014, 0.5779587744626236, 0.3549951876804621, 0.4118108910097046]",H1,lower_wick,12,False,
124683,-0.006327101559053056,0.025474527572390607,-0.15796790607161432,-0.017513333970895356,-0.7140705556977118,-0.33333333333333326,-0.44796790607161435,False,"[0.49705750260646664, 0.3591690728264372, 0.279492300288738, 0.4754158312615265, 0.2952005133140844, 0.4723099743425259, 0.481665596919127, 0.3627350016041068, 0.23769366479550882, 0.3390895965348523]",H1,close_pos,12,True,
124779,-0.0006381650047666492,0.8216497346394167,0.12301009777207922,0.011712620137569074,0.4912936907001776,0.07878787878787878,-0.16698990222792082,False,"[0.4465924026286255, 0.31190575412726307, 0.313836351979482, 0.5382953999038311, 0.3101028619410822, 0.38568079519880205, 0.37566757493188097, 0.2068616765507291, 0.3370628305818247, 0.5696025004007047]",H1,signed_vol,12,False,
124779,0.012966141176228373,4.642748757416678e-06,0.015920019233849503,0.09749729481797006,0.0607521712265817,0.6969696969696969,-0.27407998076615053,False,"[0.41471149222631837, 0.2663327456323123, 0.0842226318320238, 0.15227760859112052, 0.2786464176951445, 0.3834655766610577, 0.44562429876582954, 0.7924835710851084, 0.5362309665010423, 0.43063151146016787]",H1,vol_z,12,True,
124874,-0.005020899534003788,0.07602105122930061,-0.9083912556053821,-0.14372257344214726,-1.528730072496726,-0.006060606060606061,-1.1983912556053822,True,"[0.17735746316463905, 0.30058300632657875, 0.6601361415872505, 0.6238364830237038, 0.5322431328581724, 0.531179626811884, 0.5829236066623963, 0.6818178906062305, 0.42645631456714866, -0.7310337924407431]",H1,atr_pct,12,False,
124779,-0.0033699676267546098,0.23388873555291098,-0.6700216380830255,-0.09631216141039656,-1.3813564440622428,-0.406060606060606,-0.9600216380830255,True,"[0.6042594967142161, 0.7788147138964596, 0.25547523641609327, 0.2499791633274562, 0.28038788267350556, 0.484645347439289, 0.3337241545119402, 0.5302484372495597, 0.33286263824330625, -0.06576214136880948]",H1,atr_ratio,12,False,
121861,0.008435949793269336,0.003230656056528154,0.036814996503080344,0.040643213764979216,0.1563454825617074,0.5636363636363636,-0.2531850034969197,False,"[0.4075473865594491, 0.12646561628097822, 0.2708132282947636, 0.3435499753815858, 0.47422780239619167, 0.42697603807648105, 0.5191490234695583, 0.5104800590841947, 0.3475307730182173, 0.44436238306252945]",H1,range_expansion,12,True,
124767,-0.0022588721239383703,0.42493998539342154,-0.7484042638454762,-0.10235326922487234,-1.8086492275323676,-0.13939393939393938,-1.0384042638454762,True,"[0.7824877775106197, 0.1949290694878584, -0.034797210644437075, 0.2875819507894528, 0.6649715476476736, 0.601191086886822, 0.5438278432315465, 0.3099110291760179, 0.39937244529934807, 0.03408351366514353]",H1,rv_ratio,12,False,
124874,0.011793616840014298,3.077230820918127e-05,0.6830509288917364,0.18449318103516785,2.406199497343493,0.8060606060606059,0.3930509288917363,True,"[0.04618834080717472, 0.296486746216065, 0.28311443901657685, 0.13090486867392706, 0.17725314326899966, 0.2548946904780977, 0.5004612427930808, 0.6652854969167936, 0.701611275726756, 0.7292392696989111]",H1,dist_vwap,12,True,
124862,0.008800048331615656,0.0018734206569479951,0.9452838952510618,0.2589553719225492,2.586053003627952,0.9272727272727272,0.6552838952510618,True,"[0.20298550492512193, -0.0650256287041484, -0.06018260451705847, 0.1782500400448494, 0.20934486625020005, 0.44175636713118716, 0.48349831811628924, 0.5537810347589295, 0.6940709594746127, 1.1482694001761837]",H1,dist_pdh,12,True,
124862,0.024720034573540394,2.4092574556602893e-18,1.049489869464242,0.3275455531027539,3.0374715023641428,0.8303030303030302,0.759489869464242,True,"[-0.2935765195803634, 0.4011989428159535, -0.05023386192535573, -0.05578327727054417, 0.21485263495114512, 0.3530169790164991, 0.48560067275348406, 1.2303628063431047, 0.7454677238507128, 0.7559133498838787]",H1,dist_pdl,12,True,
124862,0.005799784115038259,0.04042322739793287,0.07887242732441674,0.013122921450027983,0.2692454683160178,-0.18787878787878787,-0.2111275726755833,False,"[0.4262472971890768, 0.5288467083133099, 0.36206534796187984, 0.3692737609096004, 0.3550721038295165, 0.38950264296011505, 0.2217771904533066, 0.22990309146243937, 0.39897004645202644, 0.5051197245134935]",H1,efficiency_ratio,12,False,
124874,-0.003265434074300181,0.24853510228724401,0.3555627522842161,0.12487263569680809,0.1234520871269396,0.38095238095238104,0.06556275228421604,True,"[0.3114303511640586, 0.4273239528795808, 0.38923608957260863, 0.2723897199846563, 0.3194972118959097, 0.4042802474647621, 0.3339040172553239, 0.6669931034482747]",H1,streak,12,False,
124874,0.010965738270045716,0.00010658216230432303,0.25157464372071486,0.05260098829026348,1.0682040830559607,0.5393939393939393,-0.03842535627928517,False,"[-0.04880886934213048, -0.10774116785648774, -0.12064054669703796, 0.23471471835251353, 0.6012863108206261, 0.8284998183799502, 0.8907186335968004, 0.816229699086842, 0.5549231517509723, 0.20276577437858437]",H1,hour,12,True,
124874,,,,,,,,,,H1,dow,12,,insufficient data
